TimestampMarket,TotalEquity,TotalContributions,IncomeValue,SwingEquity,SwingCash,SwingMarketValue,TaxReserve,IncomeWeight,TargetIncomeWeight,OpenPositions,PendingEntries,ActiveRisk
2024-03-07T09:30:00-05:00,1298.17316514,1300.00000000,162.27164564,1135.90151950,1135.90151950,0.00000000,0.00000000,0.1250000000,0.1250000000,0,0,0.00000000
2024-03-07T09:45:00-05:00,1298.66682073,1300.00000000,162.76530124,1135.90151950,1135.90151950,0.00000000,0.00000000,0.1253326093,0.1250000000,0,0,0.00000000
2024-03-07T10:00:00-05:00,1298.50955616,1300.00000000,162.60803667,1135.90151950,1135.90151950,0.00000000,0.00000000,0.1252266769,0.1250000000,0,0,0.00000000
2024-03-07T10:15:00-05:00,1298.77260407,1300.00000000,162.87108458,1135.90151950,1135.90151950,0.00000000,0.00000000,0.1254038498,0.1250000000,0,0,0.00000000
2024-03-07T10:30:00-05:00,1298.77260407,1300.00000000,162.87108458,1135.90151950,1135.90151950,0.00000000,0.00000000,0.1254038498,0.1250000000,0,0,0.00000000
2024-03-07T10:45:00-05:00,1298.77260407,1300.00000000,162.87108458,1135.90151950,1135.90151950,0.00000000,0.00000000,0.1254038498,0.1250000000,0,0,0.00000000
2024-03-07T11:00:00-05:00,1299.16047632,1300.00000000,163.25895683,1135.90151950,1135.90151950,0.00000000,0.00000000,0.1256649658,0.1250000000,0,0,0.00000000
2024-03-07T11:15:00-05:00,1299.16047632,1300.00000000,163.25895683,1135.90151950,1135.90151950,0.00000000,0.00000000,0.1256649658,0.1250000000,0,0,0.00000000
2024-03-07T11:30:00-05:00,1299.23099855,1300.00000000,163.32947906,1135.90151950,1135.90151950,0.00000000,0.00000000,0.1257124247,0.1250000000,0,0,0.00000000
2024-03-07T11:45:00-05:00,1299.26625967,1300.00000000,163.36474017,1135.90151950,1135.90151950,0.00000000,0.00000000,0.1257361522,0.1250000000,0,0,0.00000000
2024-03-07T12:00:00-05:00,1299.54834858,1300.00000000,163.64682908,1135.90151950,1135.90151950,0.00000000,0.00000000,0.1259259259,0.1250000000,0,0,0.00000000
2024-03-07T12:15:00-05:00,1299.54834858,1300.00000000,163.64682908,1135.90151950,1135.90151950,0.00000000,0.00000000,0.1259259259,0.1250000000,0,0,0.00000000
2024-03-07T12:30:00-05:00,1299.37204301,1300.00000000,163.47052351,1135.90151950,1135.90151950,0.00000000,0.00000000,0.1258073270,0.1250000000,0,0,0.00000000
2024-03-07T12:45:00-05:00,1299.37204301,1300.00000000,163.47052351,1135.90151950,1135.90151950,0.00000000,0.00000000,0.1258073270,0.1250000000,0,0,0.00000000
2024-03-07T13:00:00-05:00,1299.30152078,1300.00000000,163.40000128,1135.90151950,1135.90151950,0.00000000,0.00000000,0.1257598784,0.1250000000,0,0,0.00000000
2024-03-07T13:15:00-05:00,1299.30152078,1300.00000000,163.40000128,1135.90151950,1135.90151950,0.00000000,0.00000000,0.1257598784,0.1250000000,0,0,0.00000000
2024-03-07T13:30:00-05:00,1299.30152078,1300.00000000,163.40000128,1135.90151950,1135.90151950,0.00000000,0.00000000,0.1257598784,0.1250000000,0,0,0.00000000
2024-03-07T13:45:00-05:00,1299.30152078,1300.00000000,163.40000128,1135.90151950,1135.90151950,0.00000000,0.00000000,0.1257598784,0.1250000000,0,0,0.00000000
2024-03-07T14:00:00-05:00,1299.30152078,1300.00000000,163.40000128,1135.90151950,1135.90151950,0.00000000,0.00000000,0.1257598784,0.1250000000,0,0,0.00000000
2024-03-07T14:15:00-05:00,1299.30152078,1300.00000000,163.40000128,1135.90151950,1135.90151950,0.00000000,0.00000000,0.1257598784,0.1250000000,0,0,0.00000000
2024-03-07T14:30:00-05:00,1299.30152078,1300.00000000,163.40000128,1135.90151950,1135.90151950,0.00000000,0.00000000,0.1257598784,0.1250000000,0,0,0.00000000
2024-03-07T14:45:00-05:00,1299.30152078,1300.00000000,163.40000128,1135.90151950,1135.90151950,0.00000000,0.00000000,0.1257598784,0.1250000000,0,0,0.00000000
2024-03-07T15:00:00-05:00,1299.30152078,1300.00000000,163.40000128,1135.90151950,1135.90151950,0.00000000,0.00000000,0.1257598784,0.1250000000,0,0,0.00000000
2024-03-07T15:15:00-05:00,1299.37204301,1300.00000000,163.47052351,1135.90151950,1135.90151950,0.00000000,0.00000000,0.1258073270,0.1250000000,0,0,0.00000000
2024-03-07T15:30:00-05:00,1299.33678189,1300.00000000,163.43526240,1135.90151950,1135.90151950,0.00000000,0.00000000,0.1257836034,0.1250000000,0,0,0.00000000
2024-03-07T15:45:00-05:00,1299.65413192,1300.00000000,163.75261242,1135.90151950,1135.90151950,0.00000000,0.00000000,0.1259970698,0.1250000000,0,0,0.00000000
2024-03-08T09:30:00-05:00,1298.98417076,1300.00000000,163.08265126,1135.90151950,1135.90151950,0.00000000,0.00000000,0.1255462960,0.1250000000,0,0,0.00000000
2024-03-08T09:45:00-05:00,1298.52824455,1300.00000000,162.62672506,1135.90151950,1135.90151950,0.00000000,0.00000000,0.1252392666,0.1250000000,0,0,0.00000000
2024-03-08T10:00:00-05:00,1299.33678189,1300.00000000,163.43526240,1135.90151950,1135.90151950,0.00000000,0.00000000,0.1257836034,0.1250000000,0,0,0.00000000
2024-03-08T10:15:00-05:00,1299.40730412,1300.00000000,163.50578462,1135.90151950,1135.90151950,0.00000000,0.00000000,0.1258310494,0.1250000000,0,0,0.00000000
2024-03-08T10:30:00-05:00,1298.49051516,1300.00000000,162.58899567,1135.90151950,1135.90151950,0.00000000,0.00000000,0.1252138493,0.1250000000,0,0,0.00000000
2024-03-08T10:45:00-05:00,1298.34100804,1300.00000000,162.43948854,1135.90151950,1135.90151950,0.00000000,0.00000000,0.1251131155,0.1250000000,0,0,0.00000000
2024-03-08T11:00:00-05:00,1298.10264291,1300.00000000,162.20112341,1135.90151950,1135.90151950,0.00000000,0.00000000,0.1249524637,0.1250000000,0,0,0.00000000
2024-03-08T11:15:00-05:00,1298.10264291,1300.00000000,162.20112341,1135.90151950,1135.90151950,0.00000000,0.00000000,0.1249524637,0.1250000000,0,0,0.00000000
2024-03-08T11:30:00-05:00,1297.34452896,1300.00000000,161.44300947,1135.90151950,1135.90151950,0.00000000,0.00000000,0.1244411225,0.1250000000,0,0,0.00000000
2024-03-08T11:45:00-05:00,1297.34452896,1300.00000000,161.44300947,1135.90151950,1135.90151950,0.00000000,0.00000000,0.1244411225,0.1250000000,0,0,0.00000000
2024-03-08T12:00:00-05:00,1297.75003177,1300.00000000,161.84851228,1135.90151950,1135.90151950,0.00000000,0.00000000,0.1247147049,0.1250000000,0,0,0.00000000
2024-03-08T12:15:00-05:00,1297.04480950,1300.00000000,161.14329000,1135.90151950,1135.90151950,0.00000000,0.00000000,0.1242387995,0.1250000000,0,0,0.00000000
2024-03-08T12:30:00-05:00,1297.52083453,1300.00000000,161.61931504,1135.90151950,1135.90151950,0.00000000,0.00000000,0.1245600924,0.1250000000,0,0,0.00000000
2024-03-08T12:45:00-05:00,1297.39742063,1300.00000000,161.49590114,1135.90151950,1135.90151950,0.00000000,0.00000000,0.1244768169,0.1250000000,0,0,0.00000000
2024-03-08T13:00:00-05:00,1297.39742063,1300.00000000,161.49590114,1135.90151950,1135.90151950,0.00000000,0.00000000,0.1244768169,0.1250000000,0,0,0.00000000
2024-03-08T13:15:00-05:00,1297.39742063,1300.00000000,161.49590114,1135.90151950,1135.90151950,0.00000000,0.00000000,0.1244768169,0.1250000000,0,0,0.00000000
2024-03-08T13:30:00-05:00,1297.39742063,1300.00000000,161.49590114,1135.90151950,1135.90151950,0.00000000,0.00000000,0.1244768169,0.1250000000,0,0,0.00000000
2024-03-08T13:45:00-05:00,1297.39742063,1300.00000000,161.49590114,1135.90151950,1135.90151950,0.00000000,0.00000000,0.1244768169,0.1250000000,0,0,0.00000000
2024-03-08T14:00:00-05:00,1297.39742063,1300.00000000,161.49590114,1135.90151950,1135.90151950,0.00000000,0.00000000,0.1244768169,0.1250000000,0,0,0.00000000
2024-03-08T14:15:00-05:00,1297.39742063,1300.00000000,161.49590114,1135.90151950,1135.90151950,0.00000000,0.00000000,0.1244768169,0.1250000000,0,0,0.00000000
2024-03-08T14:30:00-05:00,1297.39742063,1300.00000000,161.49590114,1135.90151950,1135.90151950,0.00000000,0.00000000,0.1244768169,0.1250000000,0,0,0.00000000
2024-03-08T14:45:00-05:00,1297.75003177,1300.00000000,161.84851228,1135.90151950,1135.90151950,0.00000000,0.00000000,0.1247147049,0.1250000000,0,0,0.00000000
2024-03-08T15:00:00-05:00,1297.75003177,1300.00000000,161.84851228,1135.90151950,1135.90151950,0.00000000,0.00000000,0.1247147049,0.1250000000,0,0,0.00000000
2024-03-08T15:15:00-05:00,1297.08007061,1300.00000000,161.17855111,1135.90151950,1135.90151950,0.00000000,0.00000000,0.1242626070,0.1250000000,0,0,0.00000000
2024-03-08T15:30:00-05:00,1297.08007061,1300.00000000,161.17855111,1135.90151950,1135.90151950,0.00000000,0.00000000,0.1242626070,0.1250000000,0,0,0.00000000
2024-03-08T15:45:00-05:00,1296.62167613,1300.00000000,160.72015664,1135.90151950,1135.90151950,0.00000000,0.00000000,0.1239530077,0.1250000000,0,0,0.00000000
2024-03-11T09:30:00-04:00,1296.78458248,1300.00000000,160.88306298,1135.90151950,1135.90151950,0.00000000,0.00000000,0.1240630596,0.1250000000,0,0,0.00000000
2024-03-11T09:45:00-04:00,1296.21617332,1300.00000000,160.31465383,1135.90151950,1135.90151950,0.00000000,0.00000000,0.1236789489,0.1250000000,0,0,0.00000000
2024-03-11T10:00:00-04:00,1296.21617332,1300.00000000,160.31465383,1135.90151950,1135.90151950,0.00000000,0.00000000,0.1236789489,0.1250000000,0,0,0.00000000
2024-03-11T10:15:00-04:00,1296.21617332,1300.00000000,160.31465383,1135.90151950,1135.90151950,0.00000000,0.00000000,0.1236789489,0.1250000000,0,0,0.00000000
2024-03-11T10:30:00-04:00,1295.98697608,1300.00000000,160.08545659,1135.90151950,1135.90151950,0.00000000,0.00000000,0.1235239702,0.1250000000,0,0,0.00000000
2024-03-11T10:45:00-04:00,1296.09275942,1300.00000000,160.19123993,1135.90151950,1135.90151950,0.00000000,0.00000000,0.1235955056,0.1250000000,0,0,0.00000000
2024-03-11T11:00:00-04:00,1296.05749831,1300.00000000,160.15597882,1135.90151950,1135.90151950,0.00000000,0.00000000,0.1235716618,0.1250000000,0,0,0.00000000
2024-03-11T11:15:00-04:00,1296.05749831,1300.00000000,160.15597882,1135.90151950,1135.90151950,0.00000000,0.00000000,0.1235716618,0.1250000000,0,0,0.00000000
2024-03-11T11:30:00-04:00,1295.81067051,1300.00000000,159.90915102,1135.90151950,1135.90151950,0.00000000,0.00000000,0.1234047185,0.1250000000,0,0,0.00000000
2024-03-11T11:45:00-04:00,1296.61039258,1300.00000000,160.70887308,1135.90151950,1135.90151950,0.00000000,0.00000000,0.1239453841,0.1250000000,0,0,0.00000000
2024-03-11T12:00:00-04:00,1296.61039258,1300.00000000,160.70887308,1135.90151950,1135.90151950,0.00000000,0.00000000,0.1239453841,0.1250000000,0,0,0.00000000
2024-03-11T12:15:00-04:00,1296.36779611,1300.00000000,160.46627662,1135.90151950,1135.90151950,0.00000000,0.00000000,0.1237814431,0.1250000000,0,0,0.00000000
2024-03-11T12:30:00-04:00,1296.36779611,1300.00000000,160.46627662,1135.90151950,1135.90151950,0.00000000,0.00000000,0.1237814431,0.1250000000,0,0,0.00000000
2024-03-11T12:45:00-04:00,1296.36779611,1300.00000000,160.46627662,1135.90151950,1135.90151950,0.00000000,0.00000000,0.1237814431,0.1250000000,0,0,0.00000000
2024-03-11T13:00:00-04:00,1296.36779611,1300.00000000,160.46627662,1135.90151950,1135.90151950,0.00000000,0.00000000,0.1237814431,0.1250000000,0,0,0.00000000
2024-03-11T13:15:00-04:00,1296.46335373,1300.00000000,160.56183423,1135.90151950,1135.90151950,0.00000000,0.00000000,0.1238460260,0.1250000000,0,0,0.00000000
2024-03-11T13:30:00-04:00,1296.37379050,1300.00000000,160.47227101,1135.90151950,1135.90151950,0.00000000,0.00000000,0.1237854947,0.1250000000,0,0,0.00000000
2024-03-11T13:45:00-04:00,1296.37379050,1300.00000000,160.47227101,1135.90151950,1135.90151950,0.00000000,0.00000000,0.1237854947,0.1250000000,0,0,0.00000000
2024-03-11T14:00:00-04:00,1296.37379050,1300.00000000,160.47227101,1135.90151950,1135.90151950,0.00000000,0.00000000,0.1237854947,0.1250000000,0,0,0.00000000
2024-03-11T14:15:00-04:00,1296.37379050,1300.00000000,160.47227101,1135.90151950,1135.90151950,0.00000000,0.00000000,0.1237854947,0.1250000000,0,0,0.00000000
2024-03-11T14:30:00-04:00,1296.71229719,1300.00000000,160.81077770,1135.90151950,1135.90151950,0.00000000,0.00000000,0.1240142305,0.1250000000,0,0,0.00000000
2024-03-11T14:45:00-04:00,1296.71229719,1300.00000000,160.81077770,1135.90151950,1135.90151950,0.00000000,0.00000000,0.1240142305,0.1250000000,0,0,0.00000000
2024-03-11T15:00:00-04:00,1296.71229719,1300.00000000,160.81077770,1135.90151950,1135.90151950,0.00000000,0.00000000,0.1240142305,0.1250000000,0,0,0.00000000
2024-03-11T15:15:00-04:00,1296.71229719,1300.00000000,160.81077770,1135.90151950,1135.90151950,0.00000000,0.00000000,0.1240142305,0.1250000000,0,0,0.00000000
2024-03-11T15:30:00-04:00,1296.71229719,1300.00000000,160.81077770,1135.90151950,1135.90151950,0.00000000,0.00000000,0.1240142305,0.1250000000,0,0,0.00000000
2024-03-11T15:45:00-04:00,1296.76272059,1300.00000000,160.86120109,1135.90151950,1135.90151950,0.00000000,0.00000000,0.1240482924,0.1250000000,0,0,0.00000000
2024-03-12T09:30:00-04:00,1296.59135157,1300.00000000,160.68983208,1135.90151950,1135.90151950,0.00000000,0.00000000,0.1239325188,0.1250000000,0,0,0.00000000
2024-03-12T09:45:00-04:00,1296.33429805,1300.00000000,160.43277856,1135.90151950,1135.90151950,0.00000000,0.00000000,0.1237588011,0.1250000000,0,0,0.00000000
2024-03-12T10:00:00-04:00,1297.22111507,1300.00000000,161.31959557,1135.90151950,1135.90151950,0.00000000,0.00000000,0.1243578243,0.1250000000,0,0,0.00000000
2024-03-12T10:15:00-04:00,1297.22111507,1300.00000000,161.31959557,1135.90151950,1135.90151950,0.00000000,0.00000000,0.1243578243,0.1250000000,0,0,0.00000000
2024-03-12T10:30:00-04:00,1298.34947071,1300.00000000,162.44795121,1135.90151950,1135.90151950,0.00000000,0.00000000,0.1251188181,0.1250000000,0,0,0.00000000
2024-03-12T10:45:00-04:00,1298.12838352,1300.00000000,162.22686403,1135.90151950,1135.90151950,0.00000000,0.00000000,0.1249698151,0.1250000000,0,0,0.00000000
2024-03-12T11:00:00-04:00,1298.12838352,1300.00000000,162.22686403,1135.90151950,1135.90151950,0.00000000,0.00000000,0.1249698151,0.1250000000,0,0,0.00000000
2024-03-12T11:15:00-04:00,1298.12838352,1300.00000000,162.22686403,1135.90151950,1135.90151950,0.00000000,0.00000000,0.1249698151,0.1250000000,0,0,0.00000000
2024-03-12T11:30:00-04:00,1298.12838352,1300.00000000,162.22686403,1135.90151950,1135.90151950,0.00000000,0.00000000,0.1249698151,0.1250000000,0,0,0.00000000
2024-03-12T11:45:00-04:00,1298.12838352,1300.00000000,162.22686403,1135.90151950,1135.90151950,0.00000000,0.00000000,0.1249698151,0.1250000000,0,0,0.00000000
2024-03-12T12:00:00-04:00,1298.12838352,1300.00000000,162.22686403,1135.90151950,1135.90151950,0.00000000,0.00000000,0.1249698151,0.1250000000,0,0,0.00000000
2024-03-12T12:15:00-04:00,1297.96159846,1300.00000000,162.06007896,1135.90151950,1135.90151950,0.00000000,0.00000000,0.1248573757,0.1250000000,0,0,0.00000000
2024-03-12T12:30:00-04:00,1298.03176807,1300.00000000,162.13024858,1135.90151950,1135.90151950,0.00000000,0.00000000,0.1249046846,0.1250000000,0,0,0.00000000
2024-03-12T12:45:00-04:00,1298.03176807,1300.00000000,162.13024858,1135.90151950,1135.90151950,0.00000000,0.00000000,0.1249046846,0.1250000000,0,0,0.00000000
2024-03-12T13:00:00-04:00,1297.85581511,1300.00000000,161.95429562,1135.90151950,1135.90151950,0.00000000,0.00000000,0.1247860461,0.1250000000,0,0,0.00000000
2024-03-12T13:15:00-04:00,1298.06738180,1300.00000000,162.16586230,1135.90151950,1135.90151950,0.00000000,0.00000000,0.1249286937,0.1250000000,0,0,0.00000000
2024-03-12T13:30:00-04:00,1298.06738180,1300.00000000,162.16586230,1135.90151950,1135.90151950,0.00000000,0.00000000,0.1249286937,0.1250000000,0,0,0.00000000
2024-03-12T13:45:00-04:00,1298.06738180,1300.00000000,162.16586230,1135.90151950,1135.90151950,0.00000000,0.00000000,0.1249286937,0.1250000000,0,0,0.00000000
2024-03-12T14:00:00-04:00,1298.06738180,1300.00000000,162.16586230,1135.90151950,1135.90151950,0.00000000,0.00000000,0.1249286937,0.1250000000,0,0,0.00000000
2024-03-12T14:15:00-04:00,1298.06738180,1300.00000000,162.16586230,1135.90151950,1135.90151950,0.00000000,0.00000000,0.1249286937,0.1250000000,0,0,0.00000000
2024-03-12T14:30:00-04:00,1297.92633734,1300.00000000,162.02481785,1135.90151950,1135.90151950,0.00000000,0.00000000,0.1248336005,0.1250000000,0,0,0.00000000
2024-03-12T14:45:00-04:00,1297.92633734,1300.00000000,162.02481785,1135.90151950,1135.90151950,0.00000000,0.00000000,0.1248336005,0.1250000000,0,0,0.00000000
2024-03-12T15:00:00-04:00,1297.92633734,1300.00000000,162.02481785,1135.90151950,1135.90151950,0.00000000,0.00000000,0.1248336005,0.1250000000,0,0,0.00000000
2024-03-12T15:15:00-04:00,1297.92633734,1300.00000000,162.02481785,1135.90151950,1135.90151950,0.00000000,0.00000000,0.1248336005,0.1250000000,0,0,0.00000000
2024-03-12T15:30:00-04:00,1297.92633734,1300.00000000,162.02481785,1135.90151950,1135.90151950,0.00000000,0.00000000,0.1248336005,0.1250000000,0,0,0.00000000
2024-03-12T15:45:00-04:00,1298.56103739,1300.00000000,162.65951789,1135.90151950,1135.90151950,0.00000000,0.00000000,0.1252613572,0.1250000000,0,0,0.00000000
2024-03-13T09:30:00-04:00,1298.34947071,1300.00000000,162.44795121,1135.90151950,1135.90151950,0.00000000,0.00000000,0.1251188181,0.1250000000,0,0,0.00000000
2024-03-13T09:45:00-04:00,1297.32689841,1300.00000000,161.42537891,1135.90151950,1135.90151950,0.00000000,0.00000000,0.1244292237,0.1250000000,0,0,0.00000000
2024-03-13T10:00:00-04:00,1297.16822340,1300.00000000,161.26670390,1135.90151950,1135.90151950,0.00000000,0.00000000,0.1243221203,0.1250000000,0,0,0.00000000
2024-03-13T10:15:00-04:00,1297.15376634,1300.00000000,161.25224684,1135.90151950,1135.90151950,0.00000000,0.00000000,0.1243123607,0.1250000000,0,0,0.00000000
2024-03-13T10:30:00-04:00,1297.29163729,1300.00000000,161.39011780,1135.90151950,1135.90151950,0.00000000,0.00000000,0.1244054252,0.1250000000,0,0,0.00000000
2024-03-13T10:45:00-04:00,1297.08007061,1300.00000000,161.17855111,1135.90151950,1135.90151950,0.00000000,0.00000000,0.1242626070,0.1250000000,0,0,0.00000000
2024-03-13T11:00:00-04:00,1297.36215952,1300.00000000,161.46064003,1135.90151950,1135.90151950,0.00000000,0.00000000,0.1244530210,0.1250000000,0,0,0.00000000
2024-03-13T11:15:00-04:00,1297.00954838,1300.00000000,161.10802889,1135.90151950,1135.90151950,0.00000000,0.00000000,0.1242149906,0.1250000000,0,0,0.00000000
2024-03-13T11:30:00-04:00,1297.00954838,1300.00000000,161.10802889,1135.90151950,1135.90151950,0.00000000,0.00000000,0.1242149906,0.1250000000,0,0,0.00000000
2024-03-13T11:45:00-04:00,1297.00954838,1300.00000000,161.10802889,1135.90151950,1135.90151950,0.00000000,0.00000000,0.1242149906,0.1250000000,0,0,0.00000000
2024-03-13T12:00:00-04:00,1297.04480950,1300.00000000,161.14329000,1135.90151950,1135.90151950,0.00000000,0.00000000,0.1242387995,0.1250000000,0,0,0.00000000
2024-03-13T12:15:00-04:00,1296.97322944,1300.00000000,161.07170994,1135.90151950,1135.90151950,0.00000000,0.00000000,0.1241904661,0.1250000000,0,0,0.00000000
2024-03-13T12:30:00-04:00,1296.97322944,1300.00000000,161.07170994,1135.90151950,1135.90151950,0.00000000,0.00000000,0.1241904661,0.1250000000,0,0,0.00000000
2024-03-13T12:45:00-04:00,1296.97322944,1300.00000000,161.07170994,1135.90151950,1135.90151950,0.00000000,0.00000000,0.1241904661,0.1250000000,0,0,0.00000000
2024-03-13T13:00:00-04:00,1296.97322944,1300.00000000,161.07170994,1135.90151950,1135.90151950,0.00000000,0.00000000,0.1241904661,0.1250000000,0,0,0.00000000
2024-03-13T13:15:00-04:00,1296.97322944,1300.00000000,161.07170994,1135.90151950,1135.90151950,0.00000000,0.00000000,0.1241904661,0.1250000000,0,0,0.00000000
2024-03-13T13:30:00-04:00,1297.22111507,1300.00000000,161.31959557,1135.90151950,1135.90151950,0.00000000,0.00000000,0.1243578243,0.1250000000,0,0,0.00000000
2024-03-13T13:45:00-04:00,1297.64424843,1300.00000000,161.74272894,1135.90151950,1135.90151950,0.00000000,0.00000000,0.1246433521,0.1250000000,0,0,0.00000000
2024-03-13T14:00:00-04:00,1297.64424843,1300.00000000,161.74272894,1135.90151950,1135.90151950,0.00000000,0.00000000,0.1246433521,0.1250000000,0,0,0.00000000
2024-03-13T14:15:00-04:00,1297.64424843,1300.00000000,161.74272894,1135.90151950,1135.90151950,0.00000000,0.00000000,0.1246433521,0.1250000000,0,0,0.00000000
2024-03-13T14:30:00-04:00,1297.64424843,1300.00000000,161.74272894,1135.90151950,1135.90151950,0.00000000,0.00000000,0.1246433521,0.1250000000,0,0,0.00000000
2024-03-13T14:45:00-04:00,1297.64424843,1300.00000000,161.74272894,1135.90151950,1135.90151950,0.00000000,0.00000000,0.1246433521,0.1250000000,0,0,0.00000000
2024-03-13T15:00:00-04:00,1297.64424843,1300.00000000,161.74272894,1135.90151950,1135.90151950,0.00000000,0.00000000,0.1246433521,0.1250000000,0,0,0.00000000
2024-03-13T15:15:00-04:00,1296.97428727,1300.00000000,161.07276777,1135.90151950,1135.90151950,0.00000000,0.00000000,0.1241911805,0.1250000000,0,0,0.00000000
2024-03-13T15:30:00-04:00,1296.97428727,1300.00000000,161.07276777,1135.90151950,1135.90151950,0.00000000,0.00000000,0.1241911805,0.1250000000,0,0,0.00000000
2024-03-13T15:45:00-04:00,1296.97428727,1300.00000000,161.07276777,1135.90151950,1135.90151950,0.00000000,0.00000000,0.1241911805,0.1250000000,0,0,0.00000000
2024-03-14T09:30:00-04:00,1297.60898732,1300.00000000,161.70746782,1135.90151950,1135.90151950,0.00000000,0.00000000,0.1246195652,0.1250000000,0,0,0.00000000
2024-03-14T09:45:00-04:00,1296.76272059,1300.00000000,160.86120109,1135.90151950,1135.90151950,0.00000000,0.00000000,0.1240482924,0.1250000000,0,0,0.00000000
2024-03-14T10:00:00-04:00,1296.76272059,1300.00000000,160.86120109,1135.90151950,1135.90151950,0.00000000,0.00000000,0.1240482924,0.1250000000,0,0,0.00000000
2024-03-14T10:15:00-04:00,1296.58641502,1300.00000000,160.68489552,1135.90151950,1135.90151950,0.00000000,0.00000000,0.1239291833,0.1250000000,0,0,0.00000000
2024-03-14T10:30:00-04:00,1296.58641502,1300.00000000,160.68489552,1135.90151950,1135.90151950,0.00000000,0.00000000,0.1239291833,0.1250000000,0,0,0.00000000
2024-03-14T10:45:00-04:00,1296.63472274,1300.00000000,160.73320325,1135.90151950,1135.90151950,0.00000000,0.00000000,0.1239618224,0.1250000000,0,0,0.00000000
2024-03-14T11:00:00-04:00,1296.63472274,1300.00000000,160.73320325,1135.90151950,1135.90151950,0.00000000,0.00000000,0.1239618224,0.1250000000,0,0,0.00000000
2024-03-14T11:15:00-04:00,1296.63472274,1300.00000000,160.73320325,1135.90151950,1135.90151950,0.00000000,0.00000000,0.1239618224,0.1250000000,0,0,0.00000000
2024-03-14T11:30:00-04:00,1296.63472274,1300.00000000,160.73320325,1135.90151950,1135.90151950,0.00000000,0.00000000,0.1239618224,0.1250000000,0,0,0.00000000
2024-03-14T11:45:00-04:00,1296.63472274,1300.00000000,160.73320325,1135.90151950,1135.90151950,0.00000000,0.00000000,0.1239618224,0.1250000000,0,0,0.00000000
2024-03-14T12:00:00-04:00,1296.63472274,1300.00000000,160.73320325,1135.90151950,1135.90151950,0.00000000,0.00000000,0.1239618224,0.1250000000,0,0,0.00000000
2024-03-14T12:15:00-04:00,1296.65693725,1300.00000000,160.75541775,1135.90151950,1135.90151950,0.00000000,0.00000000,0.1239768308,0.1250000000,0,0,0.00000000
2024-03-14T12:30:00-04:00,1296.65693725,1300.00000000,160.75541775,1135.90151950,1135.90151950,0.00000000,0.00000000,0.1239768308,0.1250000000,0,0,0.00000000
2024-03-14T12:45:00-04:00,1296.65693725,1300.00000000,160.75541775,1135.90151950,1135.90151950,0.00000000,0.00000000,0.1239768308,0.1250000000,0,0,0.00000000
2024-03-14T13:00:00-04:00,1296.65693725,1300.00000000,160.75541775,1135.90151950,1135.90151950,0.00000000,0.00000000,0.1239768308,0.1250000000,0,0,0.00000000
2024-03-14T13:15:00-04:00,1296.65693725,1300.00000000,160.75541775,1135.90151950,1135.90151950,0.00000000,0.00000000,0.1239768308,0.1250000000,0,0,0.00000000
2024-03-14T13:30:00-04:00,1296.65693725,1300.00000000,160.75541775,1135.90151950,1135.90151950,0.00000000,0.00000000,0.1239768308,0.1250000000,0,0,0.00000000
2024-03-14T13:45:00-04:00,1296.65693725,1300.00000000,160.75541775,1135.90151950,1135.90151950,0.00000000,0.00000000,0.1239768308,0.1250000000,0,0,0.00000000
2024-03-14T14:00:00-04:00,1296.65693725,1300.00000000,160.75541775,1135.90151950,1135.90151950,0.00000000,0.00000000,0.1239768308,0.1250000000,0,0,0.00000000
2024-03-14T14:15:00-04:00,1296.65693725,1300.00000000,160.75541775,1135.90151950,1135.90151950,0.00000000,0.00000000,0.1239768308,0.1250000000,0,0,0.00000000
2024-03-14T14:30:00-04:00,1296.65693725,1300.00000000,160.75541775,1135.90151950,1135.90151950,0.00000000,0.00000000,0.1239768308,0.1250000000,0,0,0.00000000
2024-03-14T14:45:00-04:00,1296.65693725,1300.00000000,160.75541775,1135.90151950,1135.90151950,0.00000000,0.00000000,0.1239768308,0.1250000000,0,0,0.00000000
2024-03-14T15:00:00-04:00,1296.33958722,1300.00000000,160.43806773,1135.90151950,1135.90151950,0.00000000,0.00000000,0.1237623762,0.1250000000,0,0,0.00000000
2024-03-14T15:15:00-04:00,1296.33958722,1300.00000000,160.43806773,1135.90151950,1135.90151950,0.00000000,0.00000000,0.1237623762,0.1250000000,0,0,0.00000000
2024-03-14T15:30:00-04:00,1296.33958722,1300.00000000,160.43806773,1135.90151950,1135.90151950,0.00000000,0.00000000,0.1237623762,0.1250000000,0,0,0.00000000
2024-03-14T15:45:00-04:00,1296.33958722,1300.00000000,160.43806773,1135.90151950,1135.90151950,0.00000000,0.00000000,0.1237623762,0.1250000000,0,0,0.00000000
2024-03-15T09:30:00-04:00,1296.33958722,1300.00000000,160.43806773,1135.90151950,1135.90151950,0.00000000,0.00000000,0.1237623762,0.1250000000,0,0,0.00000000
2024-03-15T09:45:00-04:00,1296.33958722,1300.00000000,160.43806773,1135.90151950,1135.90151950,0.00000000,0.00000000,0.1237623762,0.1250000000,0,0,0.00000000
2024-03-15T10:00:00-04:00,1294.85862044,1300.00000000,158.95710095,1135.90151950,1135.90151950,0.00000000,0.00000000,0.1227601982,0.1250000000,0,0,0.00000000
2024-03-15T10:15:00-04:00,1294.85862044,1300.00000000,158.95710095,1135.90151950,1135.90151950,0.00000000,0.00000000,0.1227601982,0.1250000000,0,0,0.00000000
2024-03-15T10:30:00-04:00,1294.85862044,1300.00000000,158.95710095,1135.90151950,1135.90151950,0.00000000,0.00000000,0.1227601982,0.1250000000,0,0,0.00000000
2024-03-15T10:45:00-04:00,1294.85862044,1300.00000000,158.95710095,1135.90151950,1135.90151950,0.00000000,0.00000000,0.1227601982,0.1250000000,0,0,0.00000000
2024-03-15T11:00:00-04:00,1295.42279826,1300.00000000,159.52127877,1135.90151950,1135.90151950,0.00000000,0.00000000,0.1231422505,0.1250000000,0,0,0.00000000
2024-03-15T11:15:00-04:00,1295.42279826,1300.00000000,159.52127877,1135.90151950,1135.90151950,0.00000000,0.00000000,0.1231422505,0.1250000000,0,0,0.00000000
2024-03-15T11:30:00-04:00,1295.10544824,1300.00000000,159.20392874,1135.90151950,1135.90151950,0.00000000,0.00000000,0.1229273871,0.1250000000,0,0,0.00000000
2024-03-15T11:45:00-04:00,1295.10544824,1300.00000000,159.20392874,1135.90151950,1135.90151950,0.00000000,0.00000000,0.1229273871,0.1250000000,0,0,0.00000000
2024-03-15T12:00:00-04:00,1294.71757599,1300.00000000,158.81605649,1135.90151950,1135.90151950,0.00000000,0.00000000,0.1226646331,0.1250000000,0,0,0.00000000
2024-03-15T12:15:00-04:00,1294.71757599,1300.00000000,158.81605649,1135.90151950,1135.90151950,0.00000000,0.00000000,0.1226646331,0.1250000000,0,0,0.00000000
2024-03-15T12:30:00-04:00,1294.71757599,1300.00000000,158.81605649,1135.90151950,1135.90151950,0.00000000,0.00000000,0.1226646331,0.1250000000,0,0,0.00000000
2024-03-15T12:45:00-04:00,1294.64705376,1300.00000000,158.74553426,1135.90151950,1135.90151950,0.00000000,0.00000000,0.1226168428,0.1250000000,0,0,0.00000000
2024-03-15T13:00:00-04:00,1294.57653153,1300.00000000,158.67501204,1135.90151950,1135.90151950,0.00000000,0.00000000,0.1225690472,0.1250000000,0,0,0.00000000
2024-03-15T13:15:00-04:00,1294.57653153,1300.00000000,158.67501204,1135.90151950,1135.90151950,0.00000000,0.00000000,0.1225690472,0.1250000000,0,0,0.00000000
2024-03-15T13:30:00-04:00,1294.57653153,1300.00000000,158.67501204,1135.90151950,1135.90151950,0.00000000,0.00000000,0.1225690472,0.1250000000,0,0,0.00000000
2024-03-15T13:45:00-04:00,1294.57653153,1300.00000000,158.67501204,1135.90151950,1135.90151950,0.00000000,0.00000000,0.1225690472,0.1250000000,0,0,0.00000000
2024-03-15T14:00:00-04:00,1294.57653153,1300.00000000,158.67501204,1135.90151950,1135.90151950,0.00000000,0.00000000,0.1225690472,0.1250000000,0,0,0.00000000
2024-03-15T14:15:00-04:00,1294.57653153,1300.00000000,158.67501204,1135.90151950,1135.90151950,0.00000000,0.00000000,0.1225690472,0.1250000000,0,0,0.00000000
2024-03-15T14:30:00-04:00,1294.57653153,1300.00000000,158.67501204,1135.90151950,1135.90151950,0.00000000,0.00000000,0.1225690472,0.1250000000,0,0,0.00000000
2024-03-15T14:45:00-04:00,1294.57653153,1300.00000000,158.67501204,1135.90151950,1135.90151950,0.00000000,0.00000000,0.1225690472,0.1250000000,0,0,0.00000000
2024-03-15T15:00:00-04:00,1294.57653153,1300.00000000,158.67501204,1135.90151950,1135.90151950,0.00000000,0.00000000,0.1225690472,0.1250000000,0,0,0.00000000
2024-03-15T15:15:00-04:00,1294.57653153,1300.00000000,158.67501204,1135.90151950,1135.90151950,0.00000000,0.00000000,0.1225690472,0.1250000000,0,0,0.00000000
2024-03-15T15:30:00-04:00,1295.21123158,1300.00000000,159.30971208,1135.90151950,1135.90151950,0.00000000,0.00000000,0.1229990199,0.1250000000,0,0,0.00000000
2024-03-15T15:45:00-04:00,1295.10544824,1300.00000000,159.20392874,1135.90151950,1135.90151950,0.00000000,0.00000000,0.1229273871,0.1250000000,0,0,0.00000000
2024-03-18T09:30:00-04:00,1297.46794286,1300.00000000,161.56642337,1135.90151950,1135.90151950,0.00000000,0.00000000,0.1245244048,0.1250000000,0,0,0.00000000
2024-03-18T09:45:00-04:00,1297.75003177,1300.00000000,161.84851228,1135.90151950,1135.90151950,0.00000000,0.00000000,0.1247147049,0.1250000000,0,0,0.00000000
2024-03-18T10:00:00-04:00,1297.71477066,1300.00000000,161.81325116,1135.90151950,1135.90151950,0.00000000,0.00000000,0.1246909219,0.1250000000,0,0,0.00000000
2024-03-18T10:15:00-04:00,1297.82055400,1300.00000000,161.91903450,1135.90151950,1135.90151950,0.00000000,0.00000000,0.1247622670,0.1250000000,0,0,0.00000000
2024-03-18T10:30:00-04:00,1297.39742063,1300.00000000,161.49590114,1135.90151950,1135.90151950,0.00000000,0.00000000,0.1244768169,0.1250000000,0,0,0.00000000
2024-03-18T10:45:00-04:00,1297.39742063,1300.00000000,161.49590114,1135.90151950,1135.90151950,0.00000000,0.00000000,0.1244768169,0.1250000000,0,0,0.00000000
2024-03-18T11:00:00-04:00,1297.39742063,1300.00000000,161.49590114,1135.90151950,1135.90151950,0.00000000,0.00000000,0.1244768169,0.1250000000,0,0,0.00000000
2024-03-18T11:15:00-04:00,1297.25637618,1300.00000000,161.35485668,1135.90151950,1135.90151950,0.00000000,0.00000000,0.1243816254,0.1250000000,0,0,0.00000000
2024-03-18T11:30:00-04:00,1297.25637618,1300.00000000,161.35485668,1135.90151950,1135.90151950,0.00000000,0.00000000,0.1243816254,0.1250000000,0,0,0.00000000
2024-03-18T11:45:00-04:00,1297.34452896,1300.00000000,161.44300947,1135.90151950,1135.90151950,0.00000000,0.00000000,0.1244411225,0.1250000000,0,0,0.00000000
2024-03-18T12:00:00-04:00,1297.22111507,1300.00000000,161.31959557,1135.90151950,1135.90151950,0.00000000,0.00000000,0.1243578243,0.1250000000,0,0,0.00000000
2024-03-18T12:15:00-04:00,1297.22111507,1300.00000000,161.31959557,1135.90151950,1135.90151950,0.00000000,0.00000000,0.1243578243,0.1250000000,0,0,0.00000000
2024-03-18T12:30:00-04:00,1297.14918239,1300.00000000,161.24766290,1135.90151950,1135.90151950,0.00000000,0.00000000,0.1243092661,0.1250000000,0,0,0.00000000
2024-03-18T12:45:00-04:00,1297.14918239,1300.00000000,161.24766290,1135.90151950,1135.90151950,0.00000000,0.00000000,0.1243092661,0.1250000000,0,0,0.00000000
2024-03-18T13:00:00-04:00,1296.65305852,1300.00000000,160.75153903,1135.90151950,1135.90151950,0.00000000,0.00000000,0.1239742103,0.1250000000,0,0,0.00000000
2024-03-18T13:15:00-04:00,1296.65305852,1300.00000000,160.75153903,1135.90151950,1135.90151950,0.00000000,0.00000000,0.1239742103,0.1250000000,0,0,0.00000000
2024-03-18T13:30:00-04:00,1296.65305852,1300.00000000,160.75153903,1135.90151950,1135.90151950,0.00000000,0.00000000,0.1239742103,0.1250000000,0,0,0.00000000
2024-03-18T13:45:00-04:00,1296.65305852,1300.00000000,160.75153903,1135.90151950,1135.90151950,0.00000000,0.00000000,0.1239742103,0.1250000000,0,0,0.00000000
2024-03-18T14:00:00-04:00,1296.65305852,1300.00000000,160.75153903,1135.90151950,1135.90151950,0.00000000,0.00000000,0.1239742103,0.1250000000,0,0,0.00000000
2024-03-18T14:15:00-04:00,1296.65305852,1300.00000000,160.75153903,1135.90151950,1135.90151950,0.00000000,0.00000000,0.1239742103,0.1250000000,0,0,0.00000000
2024-03-18T14:30:00-04:00,1297.04480950,1300.00000000,161.14329000,1135.90151950,1135.90151950,0.00000000,0.00000000,0.1242387995,0.1250000000,0,0,0.00000000
2024-03-18T14:45:00-04:00,1297.21335762,1300.00000000,161.31183813,1135.90151950,1135.90151950,0.00000000,0.00000000,0.1243525879,0.1250000000,0,0,0.00000000
2024-03-18T15:00:00-04:00,1297.46794286,1300.00000000,161.56642337,1135.90151950,1135.90151950,0.00000000,0.00000000,0.1245244048,0.1250000000,0,1,0.00000000
2024-03-18T15:15:00-04:00,1296.23876313,1300.00000000,161.49590114,1134.74286200,617.30286200,517.44000000,0.00000000,0.1245880819,0.1250000000,1,0,6.55651889
2024-03-18T15:30:00-04:00,1296.65615200,1300.00000000,161.14329000,1135.51286200,617.30286200,518.21000000,0.00000000,0.1242760386,0.1250000000,1,0,6.55651889
2024-03-18T15:45:00-04:00,1298.30193534,1300.00000000,161.24907334,1137.05286200,617.30286200,519.75000000,0.00000000,0.1241999792,0.1250000000,1,0,6.55651889
2024-03-19T09:30:00-04:00,1309.04092972,1300.00000000,160.43806773,1148.60286200,617.30286200,531.30000000,0.00000000,0.1225615365,0.1250000000,1,1,0.00000000
2024-03-19T09:45:00-04:00,1309.02747124,1300.00000000,160.43806773,1148.58940351,628.99602804,515.52000000,4.07337547,0.1229453727,0.1250000000,1,0,6.93451245
2024-03-19T10:00:00-04:00,1311.18747124,1300.00000000,160.43806773,1150.74940351,628.99602804,517.68000000,4.07337547,0.1227422061,0.1250000000,1,0,6.93451245
2024-03-19T10:15:00-04:00,1308.12747124,1300.00000000,160.43806773,1147.68940351,628.99602804,514.62000000,4.07337547,0.1230302242,0.1250000000,1,0,6.93451245
2024-03-19T10:30:00-04:00,1307.58747124,1300.00000000,160.43806773,1147.14940351,628.99602804,514.08000000,4.07337547,0.1230811913,0.1250000000,1,0,6.93451245
2024-03-19T10:45:00-04:00,1306.55012121,1300.00000000,160.12071770,1146.42940351,628.99602804,513.36000000,4.07337547,0.1229355674,0.1250000000,1,0,6.93451245
2024-03-19T11:00:00-04:00,1304.53116567,1300.00000000,160.26176216,1144.26940351,628.99602804,511.20000000,4.07337547,0.1232348819,0.1250000000,1,0,6.93451245
2024-03-19T11:15:00-04:00,1306.69116567,1300.00000000,160.26176216,1146.42940351,628.99602804,513.36000000,4.07337547,0.1230305339,0.1250000000,1,0,6.93451245
2024-03-19T11:30:00-04:00,1307.12168790,1300.00000000,160.33228438,1146.78940351,628.99602804,513.72000000,4.07337547,0.1230440060,0.1250000000,1,0,6.93451245
2024-03-19T11:45:00-04:00,1306.23402929,1300.00000000,160.34462577,1145.88940351,628.99602804,512.82000000,4.07337547,0.1231373604,0.1250000000,1,0,6.93451245
2024-03-19T12:00:00-04:00,1303.56848790,1300.00000000,160.33228438,1143.23620351,628.99602804,510.16680000,4.07337547,0.1233804443,0.1250000000,1,0,6.93451245
2024-03-19T12:15:00-04:00,1306.04168790,1300.00000000,160.33228438,1145.70940351,628.99602804,512.64000000,4.07337547,0.1231460726,0.1250000000,1,0,6.93451245
2024-03-19T12:30:00-04:00,1306.50711863,1300.00000000,160.43771511,1146.06940351,628.99602804,513.00000000,4.07337547,0.1231830148,0.1250000000,1,0,6.93451245
2024-03-19T12:45:00-04:00,1308.39847686,1300.00000000,161.24907334,1147.14940351,628.99602804,514.08000000,4.07337547,0.1236264434,0.1250000000,1,0,6.93451245
2024-03-19T13:00:00-04:00,1307.90164776,1300.00000000,160.75224425,1147.14940351,628.99602804,514.08000000,4.07337547,0.1232924977,0.1250000000,1,0,6.93451245
2024-03-19T13:15:00-04:00,1307.96582299,1300.00000000,160.81641948,1147.14940351,628.99602804,514.08000000,4.07337547,0.1233356476,0.1250000000,1,0,6.93451245
2024-03-19T13:30:00-04:00,1309.58582299,1300.00000000,160.81641948,1148.76940351,628.99602804,515.70000000,4.07337547,0.1231826014,0.1250000000,1,0,6.93451245
2024-03-19T13:45:00-04:00,1309.40582299,1300.00000000,160.81641948,1148.58940351,628.99602804,515.52000000,4.07337547,0.1231995878,0.1250000000,1,0,6.93451245
2024-03-19T14:00:00-04:00,1310.84582299,1300.00000000,160.81641948,1150.02940351,628.99602804,516.96000000,4.07337547,0.1230638278,0.1250000000,1,0,6.93451245
2024-03-19T14:15:00-04:00,1310.74217129,1300.00000000,161.07276777,1149.66940351,628.99602804,516.60000000,4.07337547,0.1232697745,0.1250000000,1,0,6.93451245
2024-03-19T14:30:00-04:00,1311.53269351,1300.00000000,161.14329000,1150.38940351,628.99602804,517.32000000,4.07337547,0.1232491809,0.1250000000,1,0,6.93451245
2024-03-19T14:45:00-04:00,1310.81269351,1300.00000000,161.14329000,1149.66940351,628.99602804,516.60000000,4.07337547,0.1233170899,0.1250000000,1,0,6.93451245
2024-03-19T15:00:00-04:00,1311.53269351,1300.00000000,161.14329000,1150.38940351,628.99602804,517.32000000,4.07337547,0.1232491809,0.1250000000,1,0,6.93451245
2024-03-19T15:15:00-04:00,1311.53269351,1300.00000000,161.14329000,1150.38940351,628.99602804,517.32000000,4.07337547,0.1232491809,0.1250000000,1,0,6.93451245
2024-03-19T15:30:00-04:00,1306.85269351,1300.00000000,161.14329000,1145.70940351,628.99602804,512.64000000,4.07337547,0.1236919314,0.1250000000,1,0,6.93451245
2024-03-19T15:45:00-04:00,1304.33269351,1300.00000000,161.14329000,1143.18940351,628.99602804,510.12000000,4.07337547,0.1239316556,0.1250000000,1,0,6.93451245
2024-03-20T09:30:00-04:00,1302.67331800,1300.00000000,161.66515449,1141.00816351,1139.74960374,0.00000000,1.25855977,0.1242226227,0.1250000000,0,0,0.00000000
2024-03-20T09:45:00-04:00,1302.28932447,1300.00000000,161.28116096,1141.00816351,1139.74960374,0.00000000,1.25855977,0.1239641408,0.1250000000,0,0,0.00000000
2024-03-20T10:00:00-04:00,1302.28932447,1300.00000000,161.28116096,1141.00816351,1139.74960374,0.00000000,1.25855977,0.1239641408,0.1250000000,0,0,0.00000000
2024-03-20T10:15:00-04:00,1302.28932447,1300.00000000,161.28116096,1141.00816351,1139.74960374,0.00000000,1.25855977,0.1239641408,0.1250000000,0,1,0.00000000
2024-03-20T10:30:00-04:00,1307.59595671,1300.00000000,161.31959557,1146.27636114,619.62330137,525.39450000,1.25855977,0.1234899927,0.1250000000,1,0,13.06538407
2024-03-20T10:45:00-04:00,1305.38849555,1300.00000000,160.64963441,1144.73886114,619.62330137,523.85700000,1.25855977,0.1231852977,0.1250000000,1,0,13.06538407
2024-03-20T11:00:00-04:00,1309.01699555,1300.00000000,160.64963441,1148.36736114,619.62330137,527.48550000,1.25855977,0.1228435084,0.1250000000,1,0,13.06538407
2024-03-20T11:15:00-04:00,1312.27161230,1300.00000000,161.81325116,1150.45836114,619.62330137,529.57650000,1.25855977,0.1234261176,0.1250000000,1,0,13.06538407
2024-03-20T11:30:00-04:00,1307.10561230,1300.00000000,161.81325116,1145.29236114,619.62330137,524.41050000,1.25855977,0.1239143978,0.1250000000,1,0,13.06538407
2024-03-20T11:45:00-04:00,1308.15111230,1300.00000000,161.81325116,1146.33786114,619.62330137,525.45600000,1.25855977,0.1238152676,0.1250000000,1,0,13.06538407
2024-03-20T12:00:00-04:00,1308.84400116,1300.00000000,161.46064003,1147.38336114,619.62330137,526.50150000,1.25855977,0.1234799921,0.1250000000,1,0,13.06538407
2024-03-20T12:15:00-04:00,1313.94850116,1300.00000000,161.46064003,1152.48786114,619.62330137,531.60600000,1.25855977,0.1229998303,0.1250000000,1,0,13.06538407
2024-03-20T12:30:00-04:00,1311.98050116,1300.00000000,161.46064003,1150.51986114,619.62330137,529.63800000,1.25855977,0.1231845099,0.1250000000,1,0,13.06538407
2024-03-20T12:45:00-04:00,1315.85500116,1300.00000000,161.46064003,1154.39436114,619.62330137,533.51250000,1.25855977,0.1228214492,0.1250000000,1,0,13.06538407
2024-03-20T13:00:00-04:00,1314.25600116,1300.00000000,161.46064003,1152.79536114,619.62330137,531.91350000,1.25855977,0.1229710241,0.1250000000,1,1,13.06538407
2024-03-20T13:15:00-04:00,1320.85907066,1300.00000000,161.46064003,1159.39843064,94.65587087,1063.48400000,1.25855977,0.1223556968,0.1250000000,2,0,20.87246902
2024-03-20T13:30:00-04:00,1311.51557066,1300.00000000,161.46064003,1150.05493064,94.65587087,1054.14050000,1.25855977,0.1232282206,0.1250000000,2,0,20.87246902
2024-03-20T13:45:00-04:00,1315.41757066,1300.00000000,161.46064003,1153.95693064,94.65587087,1058.04250000,1.25855977,0.1228623315,0.1250000000,2,0,20.87246902
2024-03-20T14:00:00-04:00,1323.72657066,1300.00000000,161.46064003,1162.26593064,94.65587087,1066.35150000,1.25855977,0.1220903936,0.1250000000,2,3,7.80708495
2024-03-20T14:15:00-04:00,1323.10255066,1300.00000000,161.46064003,1161.64191064,0.02495087,1160.35840000,1.25855977,0.1221480304,0.1250000000,4,0,9.42696034
2024-03-20T14:30:00-04:00,1329.64755066,1300.00000000,161.46064003,1168.18691064,0.02495087,1166.90340000,1.25855977,0.1215462046,0.1250000000,4,0,1.61987538
2024-03-20T14:45:00-04:00,1337.52055066,1300.00000000,161.46064003,1176.05991064,0.02495087,1174.77640000,1.25855977,0.1208300776,0.1250000000,4,0,1.61987538
2024-03-20T15:00:00-04:00,1336.66345066,1300.00000000,161.46064003,1175.20281064,0.02495087,1173.91930000,1.25855977,0.1209076297,0.1250000000,4,2,1.61987538
2024-03-20T15:15:00-04:00,1341.40326742,1300.00000000,162.62425678,1178.77901064,0.02495087,1177.49550000,1.25855977,0.1213482812,0.1250000000,4,1,0.13515618
2024-03-20T15:30:00-04:00,1339.89390877,1300.00000000,161.70782043,1178.18608834,536.35553070,631.05520000,10.77535764,0.1216654604,0.1250000000,3,0,0.13515618
2024-03-20T15:45:00-04:00,1340.64671180,1300.00000000,162.83582346,1177.81088834,536.35553070,630.68000000,10.77535764,0.1224447936,0.1250000000,3,0,0.13515618
2024-03-21T09:30:00-04:00,1349.26924071,1300.00000000,164.31502719,1184.95421352,1162.31861665,5.16000000,17.47559687,0.1233787441,0.1250000000,1,4,0.13515618
2024-03-21T09:45:00-04:00,1349.26996711,1300.00000000,164.42257358,1184.84739352,0.48789665,1166.88390000,17.47559687,0.1234594298,0.1250000000,4,0,23.16376398
2024-03-21T10:00:00-04:00,1344.45606711,1300.00000000,164.42257358,1180.03349352,0.48789665,1162.07000000,17.47559687,0.1239073048,0.1250000000,4,0,23.16376398
2024-03-21T10:15:00-04:00,1345.00696007,1300.00000000,163.90846654,1181.09849352,0.48789665,1163.13500000,17.47559687,0.1234686208,0.1250000000,4,0,23.16376398
2024-03-21T10:30:00-04:00,1339.46696007,1300.00000000,163.90846654,1175.55849352,0.48789665,1157.59500000,17.47559687,0.1239860343,0.1250000000,4,0,23.16376398
2024-03-21T10:45:00-04:00,1338.09196007,1300.00000000,163.90846654,1174.18349352,0.48789665,1156.22000000,17.47559687,0.1241151262,0.1250000000,4,0,23.16376398
2024-03-21T11:00:00-04:00,1336.95899353,1300.00000000,163.90846654,1173.05052698,530.86897123,628.82980000,13.35175575,0.1238346708,0.1250000000,3,0,12.41323661
2024-03-21T11:15:00-04:00,1335.09919353,1300.00000000,163.90846654,1171.19072698,530.86897123,626.97000000,13.35175575,0.1240089157,0.1250000000,3,1,12.41323661
2024-03-21T11:30:00-04:00,1337.12150603,1300.00000000,163.90846654,1173.21303948,0.22128373,1159.64000000,13.35175575,0.1238194682,0.1250000000,4,1,40.21296339
2024-03-21T11:45:00-04:00,1334.90031418,1300.00000000,163.90846654,1170.99184764,526.04796614,634.40000000,10.54388150,0.1237646169,0.1250000000,3,0,33.01667257
2024-03-21T12:00:00-04:00,1329.30031418,1300.00000000,163.90846654,1165.39184764,526.04796614,628.80000000,10.54388150,0.1242901740,0.1250000000,3,0,33.01667257
2024-03-21T12:15:00-04:00,1339.13281418,1300.00000000,163.90846654,1175.22434764,526.04796614,638.63250000,10.54388150,0.1233703386,0.1250000000,3,0,33.01667257
2024-03-21T12:30:00-04:00,1331.06281418,1300.00000000,163.90846654,1167.15434764,526.04796614,630.56250000,10.54388150,0.1241242836,0.1250000000,3,1,33.01667257
2024-03-21T12:45:00-04:00,1336.09523497,1300.00000000,164.42257358,1171.67266139,6.74377989,1154.38500000,10.54388150,0.1240408930,0.1250000000,4,0,42.58390476
2024-03-21T13:00:00-04:00,1340.30023497,1300.00000000,164.42257358,1175.87766139,6.74377989,1158.59000000,10.54388150,0.1236486467,0.1250000000,4,0,42.58390476
2024-03-21T13:15:00-04:00,1339.79430165,1300.00000000,164.63414027,1175.16016139,6.74377989,1157.87250000,10.54388150,0.1238548717,0.1250000000,4,0,42.58390476
2024-03-21T13:30:00-04:00,1322.51180165,1300.00000000,164.63414027,1157.87766139,6.74377989,1140.59000000,10.54388150,0.1254864069,0.1250000000,4,0,42.58390476
2024-03-21T13:45:00-04:00,1324.29180165,1300.00000000,164.63414027,1159.65766139,6.74377989,1142.37000000,10.54388150,0.1253163851,0.1250000000,4,0,42.58390476
2024-03-21T14:00:00-04:00,1315.33773514,1300.00000000,163.69337375,1151.64436139,6.74377989,1134.35670000,10.54388150,0.1254553532,0.1250000000,4,1,42.58390476
2024-03-21T14:15:00-04:00,1327.81498521,1300.00000000,163.69337375,1164.12161146,0.53922997,1153.03850000,10.54388150,0.1242670345,0.1250000000,5,0,42.73512714
2024-03-21T14:30:00-04:00,1326.21258521,1300.00000000,163.69337375,1162.51921146,0.53922997,1151.43610000,10.54388150,0.1244183838,0.1250000000,5,0,42.73512714
2024-03-21T14:45:00-04:00,1332.19528521,1300.00000000,163.69337375,1168.50191146,0.53922997,1157.41880000,10.54388150,0.1238551809,0.1250000000,5,0,42.73512714
2024-03-21T15:00:00-04:00,1334.59061275,1300.00000000,163.40000128,1171.19061146,0.53922997,1160.10750000,10.54388150,0.1234095424,0.1250000000,5,0,42.73512714
2024-03-21T15:15:00-04:00,1337.34805409,1300.00000000,163.59464263,1173.75341146,0.53922997,1162.67030000,10.54388150,0.1232997650,0.1250000000,5,0,42.73512714
2024-03-21T15:30:00-04:00,1334.45097943,1300.00000000,163.61156797,1170.83941146,0.53922997,1159.75630000,10.54388150,0.1235823633,0.1250000000,5,0,42.73512714
2024-03-21T15:45:00-04:00,1322.12356514,1300.00000000,163.49485368,1158.62871146,0.53922997,1147.54560000,10.54388150,0.1246549148,0.1250000000,5,0,42.73512714
2024-03-22T09:30:00-04:00,1314.18332071,1300.00000000,163.49485368,1150.68846703,97.20020308,1044.92000000,8.56826396,0.1252243935,0.1250000000,3,1,37.50211515
2024-03-22T09:45:00-04:00,1313.81116071,1300.00000000,163.49485368,1150.31630703,11.05564308,1130.69240000,8.56826396,0.1252600984,0.1250000000,4,1,38.67427028
2024-03-22T10:00:00-04:00,1318.61944986,1300.00000000,163.25895683,1155.36049303,2.49722908,1144.29500000,8.56826396,0.1246202886,0.1250000000,5,0,38.94508398
2024-03-22T10:15:00-04:00,1307.34444986,1300.00000000,163.25895683,1144.08549303,2.49722908,1133.02000000,8.56826396,0.1257021484,0.1250000000,5,0,38.94508398
2024-03-22T10:30:00-04:00,1306.35152884,1300.00000000,162.98603581,1143.36549303,2.49722908,1132.30000000,8.56826396,0.1255880240,0.1250000000,5,0,38.94508398
2024-03-22T10:45:00-04:00,1299.61514677,1300.00000000,162.98603581,1136.62911096,92.81949417,1035.75000000,8.05961679,0.1261935953,0.1250000000,3,0,37.63777268
2024-03-22T11:00:00-04:00,1298.71541781,1300.00000000,163.57630685,1135.13911096,92.81949417,1034.26000000,8.05961679,0.1267389080,0.1250000000,3,0,37.36695897
2024-03-22T11:15:00-04:00,1298.92306779,1300.00000000,163.25895683,1135.66411096,92.81949417,1034.78500000,8.05961679,0.1264726774,0.1250000000,3,0,37.36695897
2024-03-22T11:30:00-04:00,1301.77334189,1300.00000000,163.16093093,1138.61241096,92.81949417,1037.73330000,8.05961679,0.1261182654,0.1250000000,3,0,37.36695897
2024-03-22T11:45:00-04:00,1308.97394004,1300.00000000,163.64682908,1145.32711096,92.81949417,1044.44800000,8.05961679,0.1257937023,0.1250000000,3,0,37.36695897
2024-03-22T12:00:00-04:00,1308.11437336,1300.00000000,163.43526240,1144.67911096,92.81949417,1043.80000000,8.05961679,0.1257141375,0.1250000000,3,0,37.36695897
2024-03-22T12:15:00-04:00,1308.80963447,1300.00000000,163.47052351,1145.33911096,92.81949417,1044.46000000,8.05961679,0.1256740506,0.1250000000,3,0,37.36695897
2024-03-22T12:30:00-04:00,1306.58963447,1300.00000000,163.47052351,1143.11911096,92.81949417,1042.24000000,8.05961679,0.1258889061,0.1250000000,3,0,37.36695897
2024-03-22T12:45:00-04:00,1309.65567893,1300.00000000,163.61156797,1146.04411096,92.81949417,1045.16500000,8.05961679,0.1257007245,0.1250000000,3,0,37.36695897
2024-03-22T13:00:00-04:00,1312.27840961,1300.00000000,163.89929865,1148.37911096,92.81949417,1047.50000000,8.05961679,0.1256685608,0.1250000000,3,0,37.36695897
2024-03-22T13:15:00-04:00,1301.18340961,1300.00000000,163.89929865,1137.28411096,92.81949417,1036.40500000,8.05961679,0.1267467968,0.1250000000,3,0,37.36695897
2024-03-22T13:30:00-04:00,1306.24840961,1300.00000000,163.89929865,1142.34911096,92.81949417,1041.47000000,8.05961679,0.1262522828,0.1250000000,3,0,37.36695897
2024-03-22T13:45:00-04:00,1298.72340961,1300.00000000,163.89929865,1134.82411096,92.81949417,1033.94500000,8.05961679,0.1269883757,0.1250000000,3,0,37.36695897
2024-03-22T14:00:00-04:00,1300.51840961,1300.00000000,163.89929865,1136.61911096,92.81949417,1035.74000000,8.05961679,0.1268120110,0.1250000000,3,0,37.36695897
2024-03-22T14:15:00-04:00,1298.29340961,1300.00000000,163.89929865,1134.39411096,92.81949417,1033.51500000,8.05961679,0.1270306975,0.1250000000,3,1,37.36695897
2024-03-22T14:30:00-04:00,1298.59975461,1300.00000000,163.89929865,1134.70045596,21.22583917,1105.41500000,8.05961679,0.1270005433,0.1250000000,4,0,38.34628827
2024-03-22T14:45:00-04:00,1304.67975461,1300.00000000,163.89929865,1140.78045596,21.22583917,1111.49500000,8.05961679,0.1264050232,0.1250000000,4,0,38.34628827
2024-03-22T15:00:00-04:00,1301.61751175,1300.00000000,163.89365688,1137.72385487,29.85039366,1099.77500000,8.09846121,0.1267037055,0.1250000000,3,0,38.34628827
2024-03-22T15:15:00-04:00,1293.79042284,1300.00000000,163.61156797,1130.17885487,29.85039366,1092.23000000,8.09846121,0.1272556513,0.1250000000,3,1,38.34628827
2024-03-22T15:30:00-04:00,1289.94272584,1300.00000000,163.61156797,1126.33115787,22.70315787,1103.62800000,0.00000000,0.1268363042,0.1250000000,3,0,16.70613791
2024-03-22T15:45:00-04:00,1288.97472584,1300.00000000,163.61156797,1125.36315787,22.70315787,1102.66000000,0.00000000,0.1269315563,0.1250000000,3,0,16.70613791
2024-03-25T09:30:00-04:00,1310.20671147,1300.00000000,162.64188734,1147.56482413,619.75610102,526.95500000,0.85372311,0.1242154627,0.1250000000,1,4,0.00000000
2024-03-25T09:45:00-04:00,1303.89376894,1300.00000000,163.04739015,1140.84637879,523.17981462,614.87700000,2.78956417,0.1253146286,0.1250000000,3,1,8.53170822
2024-03-25T10:00:00-04:00,1304.38704646,1300.00000000,163.36474017,1141.02230629,15.36924212,1122.86350000,2.78956417,0.1255109528,0.1250000000,4,0,18.14052266
2024-03-25T10:15:00-04:00,1304.95806312,1300.00000000,163.25895683,1141.69910629,15.36924212,1123.54030000,2.78956417,0.1253746784,0.1250000000,4,0,18.14052266
2024-03-25T10:30:00-04:00,1306.57027840,1300.00000000,163.26777211,1143.30250629,15.36924212,1125.14370000,2.78956417,0.1252264053,0.1250000000,4,0,18.14052266
2024-03-25T10:45:00-04:00,1303.58481554,1300.00000000,163.29421794,1140.29059760,492.79713952,647.16060000,0.33285808,0.1252975045,0.1250000000,3,0,11.85727223
2024-03-25T11:00:00-04:00,1301.74482158,1300.00000000,163.09922398,1138.64559760,492.79713952,645.51560000,0.33285808,0.1253248230,0.1250000000,3,0,11.85727223
2024-03-25T11:15:00-04:00,1297.64900449,1300.00000000,163.39400689,1134.25499760,492.79713952,641.12500000,0.33285808,0.1259477170,0.1250000000,3,0,11.85727223
2024-03-25T11:30:00-04:00,1296.91477108,1300.00000000,163.15317349,1133.76159760,492.79713952,640.63160000,0.33285808,0.1258332943,0.1250000000,3,0,11.85727223
2024-03-25T11:45:00-04:00,1298.23475982,1300.00000000,163.34746222,1134.88729760,492.79713952,641.75730000,0.33285808,0.1258550142,0.1250000000,3,0,11.85727223
2024-03-25T12:00:00-04:00,1296.72044886,1300.00000000,163.08265126,1133.63779760,492.79713952,640.50780000,0.33285808,0.1257977571,0.1250000000,3,0,11.85727223
2024-03-25T12:15:00-04:00,1300.70217665,1300.00000000,163.32947906,1137.37269760,492.79713952,644.24270000,0.33285808,0.1256023783,0.1250000000,3,1,11.85727223
2024-03-25T12:30:00-04:00,1282.97832876,1300.00000000,163.25684116,1119.72148760,50.98602952,1068.40260000,0.33285808,0.1272813454,0.1250000000,4,0,50.53470231
2024-03-25T12:45:00-04:00,1291.10910865,1300.00000000,163.24062105,1127.86848760,50.98602952,1076.54960000,0.33285808,0.1264670162,0.1250000000,4,1,50.53470231
2024-03-25T13:00:00-04:00,1279.75708449,1300.00000000,163.32912644,1116.42795805,5.71269997,1110.38240000,0.33285808,0.1276583037,0.1250000000,5,0,51.25448713
2024-03-25T13:15:00-04:00,1291.28759325,1300.00000000,163.08723520,1128.20035805,5.71269997,1122.15480000,0.33285808,0.1263307154,0.1250000000,5,0,51.16287782
2024-03-25T13:30:00-04:00,1291.74971259,1300.00000000,163.11685454,1128.63285805,5.71269997,1122.58730000,0.33285808,0.1263084448,0.1250000000,5,0,51.16287782
2024-03-25T13:45:00-04:00,1281.70971259,1300.00000000,163.11685454,1118.59285805,5.71269997,1112.54730000,0.33285808,0.1272981122,0.1250000000,5,1,51.16287782
2024-03-25T14:00:00-04:00,1301.71059822,1300.00000000,163.36474017,1138.34585805,5.71269997,1132.30030000,0.33285808,0.1255321458,0.1250000000,5,1,51.16287782
2024-03-25T14:15:00-04:00,1287.13145933,1300.00000000,163.40000128,1123.73145805,5.71269997,1117.68590000,0.33285808,0.1269817990,0.1250000000,5,0,51.16287782
2024-03-25T14:30:00-04:00,1274.59446783,1300.00000000,163.43490979,1111.15955805,5.71269997,1105.11400000,0.33285808,0.1282585213,0.1250000000,5,0,51.16287782
2024-03-25T14:45:00-04:00,1275.92360379,1300.00000000,163.54104574,1112.38255805,5.71269997,1106.33700000,0.33285808,0.1282080842,0.1250000000,5,0,51.16287782
2024-03-25T15:00:00-04:00,1264.72878900,1300.00000000,163.40000128,1101.32878772,408.87688772,692.45190000,0.00000000,0.1291976610,0.1250000000,4,0,12.48544775
2024-03-25T15:15:00-04:00,1265.77614454,1300.00000000,163.25895683,1102.51718772,408.87688772,693.64030000,0.00000000,0.1289793282,0.1250000000,4,0,12.48544775
2024-03-25T15:30:00-04:00,1265.66429691,1300.00000000,163.47052351,1102.19377339,411.18377339,691.01000000,0.00000000,0.1291578848,0.1250000000,3,1,12.48544775
2024-03-25T15:45:00-04:00,1266.03929995,1300.00000000,163.32947906,1102.70982089,5.60982089,1097.10000000,0.00000000,0.1290082220,0.1250000000,4,0,23.50108109
2024-03-26T09:30:00-04:00,1270.93618045,1300.00000000,162.55373455,1108.38244589,49.67674589,1058.70570000,0.00000000,0.1279007845,0.1250000000,3,3,11.76566293
2024-03-26T09:45:00-04:00,1274.03062072,1300.00000000,162.48321232,1111.54740839,8.74740839,1102.80000000,0.00000000,0.1275347780,0.1250000000,4,0,22.28485321
2024-03-26T10:00:00-04:00,1275.69262417,1300.00000000,162.60521578,1113.08740839,8.74740839,1104.34000000,0.00000000,0.1274642596,0.1250000000,4,2,20.01663282
2024-03-26T10:15:00-04:00,1270.67378038,1300.00000000,162.37742898,1108.29635139,0.66535139,1107.63100000,0.00000000,0.1277884470,0.1250000000,5,0,10.74469635
2024-03-26T10:30:00-04:00,1268.30868504,1300.00000000,162.29703364,1106.01165139,0.66535139,1105.34630000,0.00000000,0.1279633543,0.1250000000,5,0,10.74469635
2024-03-26T10:45:00-04:00,1268.91530261,1300.00000000,162.44795121,1106.46735139,0.66535139,1105.80200000,0.00000000,0.1280211145,0.1250000000,5,1,10.74469635
2024-03-26T11:00:00-04:00,1269.77509199,1300.00000000,162.35874059,1107.41635139,0.66535139,1106.75100000,0.00000000,0.1278641719,0.1250000000,5,0,10.74469635
2024-03-26T11:15:00-04:00,1268.32638038,1300.00000000,162.37742898,1105.94895139,0.66535139,1105.28360000,0.00000000,0.1280249560,0.1250000000,5,1,10.74469635
2024-03-26T11:30:00-04:00,1266.84213705,1300.00000000,162.39858565,1104.44355139,0.66535139,1103.77820000,0.00000000,0.1281916514,0.1250000000,5,0,10.74469635
2024-03-26T11:45:00-04:00,1270.30092852,1300.00000000,162.39858565,1107.90234287,88.71834287,1019.18400000,0.00000000,0.1278426096,0.1250000000,4,0,10.74469635
2024-03-26T12:00:00-04:00,1271.37760107,1300.00000000,162.57136511,1108.80623596,221.78223596,887.02400000,0.00000000,0.1278702448,0.1250000000,3,1,8.58784786
2024-03-26T12:15:00-04:00,1270.26884689,1300.00000000,162.51847344,1107.75037346,32.49037346,1075.26000000,0.00000000,0.1279402182,0.1250000000,4,0,12.72941527
2024-03-26T12:30:00-04:00,1267.24904689,1300.00000000,162.51847344,1104.73057346,32.49037346,1072.24020000,0.00000000,0.1282450942,0.1250000000,4,0,12.72941527
2024-03-26T12:45:00-04:00,1266.95039933,1300.00000000,162.43102588,1104.51937346,32.49037346,1072.02900000,0.00000000,0.1282063023,0.1250000000,4,0,12.72941527
2024-03-26T13:00:00-04:00,1271.36789933,1300.00000000,162.43102588,1108.93687346,32.49037346,1076.44650000,0.00000000,0.1277608362,0.1250000000,4,0,12.39253730
2024-03-26T13:15:00-04:00,1272.21839933,1300.00000000,162.43102588,1109.78737346,32.49037346,1077.29700000,0.00000000,0.1276754258,0.1250000000,4,0,12.39253730
2024-03-26T13:30:00-04:00,1271.80439933,1300.00000000,162.43102588,1109.37337346,32.49037346,1076.88300000,0.00000000,0.1277169870,0.1250000000,4,0,12.39253730
2024-03-26T13:45:00-04:00,1271.01391077,1300.00000000,162.32453731,1108.68937346,32.49037346,1076.19900000,0.00000000,0.1277126363,0.1250000000,4,0,12.39253730
2024-03-26T14:00:00-04:00,1273.14157075,1300.00000000,162.44795121,1110.69361954,41.23961954,1069.45400000,0.00000000,0.1275961409,0.1250000000,3,0,12.39253730
2024-03-26T14:15:00-04:00,1275.00399298,1300.00000000,162.51847344,1112.48551954,41.23961954,1071.24590000,0.00000000,0.1274650702,0.1250000000,3,0,12.39253730
2024-03-26T14:30:00-04:00,1275.76157075,1300.00000000,162.44795121,1113.31361954,41.23961954,1072.07400000,0.00000000,0.1273340998,0.1250000000,3,0,12.39253730
2024-03-26T14:45:00-04:00,1275.62809298,1300.00000000,162.51847344,1113.10961954,41.23961954,1071.87000000,0.00000000,0.1274027080,0.1250000000,3,0,12.39253730
2024-03-26T15:00:00-04:00,1269.30974295,1300.00000000,162.20112341,1107.10861954,41.23961954,1065.86900000,0.00000000,0.1277868734,0.1250000000,3,0,12.39253730
2024-03-26T15:15:00-04:00,1265.21517072,1300.00000000,161.84886489,1103.36630583,556.80630583,546.56000000,0.00000000,0.1279220078,0.1250000000,2,0,12.39253730
2024-03-26T15:30:00-04:00,1264.14955700,1300.00000000,161.81325116,1102.33630583,556.80630583,545.53000000,0.00000000,0.1280016674,0.1250000000,2,0,12.39253730
2024-03-26T15:45:00-04:00,1261.29799031,1300.00000000,161.60168448,1099.69630583,556.80630583,542.89000000,0.00000000,0.1281233188,0.1250000000,2,1,12.39253730
2024-03-27T09:30:00-04:00,1258.62387585,1300.00000000,162.20112341,1096.42275243,1096.42275243,0.00000000,0.00000000,0.1288717992,0.1250000000,0,0,0.00000000
2024-03-27T09:45:00-04:00,1258.16548137,1300.00000000,161.74272894,1096.42275243,1096.42275243,0.00000000,0.00000000,0.1285544162,0.1250000000,0,1,0.00000000
2024-03-27T10:00:00-04:00,1257.65116191,1300.00000000,161.60168448,1096.04947743,598.34947743,497.70000000,0.00000000,0.1284948397,0.1250000000,1,0,11.33081373
2024-03-27T10:15:00-04:00,1265.21116191,1300.00000000,161.60168448,1103.60947743,598.34947743,505.26000000,0.00000000,0.1277270462,0.1250000000,1,0,11.33081373
2024-03-27T10:30:00-04:00,1280.29551320,1300.00000000,161.60168448,1118.69382872,1118.69382872,0.00000000,0.00000000,0.1262221751,0.1250000000,0,0,0.00000000
2024-03-27T10:45:00-04:00,1279.89177345,1300.00000000,161.19794473,1118.69382872,1118.69382872,0.00000000,0.00000000,0.1259465433,0.1250000000,0,0,0.00000000
2024-03-27T11:00:00-04:00,1279.89177345,1300.00000000,161.19794473,1118.69382872,1118.69382872,0.00000000,0.00000000,0.1259465433,0.1250000000,0,1,0.00000000
2024-03-27T11:15:00-04:00,1282.46993345,1300.00000000,161.19794473,1121.27198872,609.19198872,512.08000000,0.00000000,0.1256933520,0.1250000000,1,0,17.16290923
2024-03-27T11:30:00-04:00,1284.70580095,1300.00000000,161.21381223,1123.49198872,609.19198872,514.30000000,0.00000000,0.1254869497,0.1250000000,1,1,17.16290923
2024-03-27T11:45:00-04:00,1285.78713095,1300.00000000,161.21381223,1124.57331872,97.24831872,1027.32500000,0.00000000,0.1253814168,0.1250000000,2,0,26.31655046
2024-03-27T12:00:00-04:00,1288.00713095,1300.00000000,161.21381223,1126.79331872,97.24831872,1029.54500000,0.00000000,0.1251653103,0.1250000000,2,0,26.31655046
2024-03-27T12:15:00-04:00,1294.41078654,1300.00000000,161.70746782,1132.70331872,97.24831872,1035.45500000,0.00000000,0.1249274724,0.1250000000,2,0,26.31655046
2024-03-27T12:30:00-04:00,1285.54078654,1300.00000000,161.70746782,1123.83331872,97.24831872,1026.58500000,0.00000000,0.1257894495,0.1250000000,2,3,26.31655046
2024-03-27T12:45:00-04:00,1281.90979132,1300.00000000,161.70676260,1120.20302872,3.45802872,1116.74500000,0.00000000,0.1261451966,0.1250000000,3,1,28.58464514
2024-03-27T13:00:00-04:00,1278.71309825,1300.00000000,161.56219203,1117.15090622,0.22560622,1116.92530000,0.00000000,0.1263474913,0.1250000000,4,0,28.68322460
2024-03-27T13:15:00-04:00,1277.71504883,1300.00000000,161.14364261,1116.57140622,0.22560622,1116.34580000,0.00000000,0.1261186074,0.1250000000,4,0,28.68322460
2024-03-27T13:30:00-04:00,1275.91983420,1300.00000000,161.66832799,1114.25150622,0.22560622,1114.02590000,0.00000000,0.1267072771,0.1250000000,4,0,28.68322460
2024-03-27T13:45:00-04:00,1271.51555181,1300.00000000,161.63694559,1109.87860622,0.22560622,1109.65300000,0.00000000,0.1271214854,0.1250000000,4,1,28.68322460
2024-03-27T14:00:00-04:00,1275.38755181,1300.00000000,161.63694559,1113.75060622,0.22560622,1113.52500000,0.00000000,0.1267355522,0.1250000000,4,1,28.68322460
2024-03-27T14:15:00-04:00,1272.79505181,1300.00000000,161.63694559,1111.15810622,0.22560622,1110.93250000,0.00000000,0.1269936942,0.1250000000,4,0,28.68322460
2024-03-27T14:30:00-04:00,1276.21145181,1300.00000000,161.63694559,1114.57450622,0.22560622,1114.34890000,0.00000000,0.1266537339,0.1250000000,4,0,28.68322460
2024-03-27T14:45:00-04:00,1284.27355181,1300.00000000,161.63694559,1122.63660622,0.22560622,1122.41100000,0.00000000,0.1258586579,0.1250000000,4,1,28.68322460
2024-03-27T15:00:00-04:00,1284.80696847,1300.00000000,161.53116225,1123.27580622,0.22560622,1123.05020000,0.00000000,0.1257240708,0.1250000000,4,0,28.68322460
2024-03-27T15:15:00-04:00,1282.37650736,1300.00000000,161.49590114,1120.88060622,0.22560622,1120.65500000,0.00000000,0.1259348563,0.1250000000,4,1,28.68322460
2024-03-27T15:30:00-04:00,1282.36373908,1300.00000000,161.49343286,1120.87030622,0.22560622,1120.64470000,0.00000000,0.1259341854,0.1250000000,4,2,28.68322460
2024-03-27T15:45:00-04:00,1280.88620741,1300.00000000,162.13060119,1118.75560622,0.22560622,1118.53000000,0.00000000,0.1265768967,0.1250000000,4,2,28.68322460
2024-03-28T09:30:00-04:00,1289.63096487,1300.00000000,162.37742898,1127.25353589,4.38653589,1122.86700000,0.00000000,0.1259099955,0.1250000000,4,2,18.11206445
2024-03-28T09:45:00-04:00,1285.46978705,1300.00000000,161.81325116,1123.65653589,4.38653589,1119.27000000,0.00000000,0.1258786887,0.1250000000,4,0,18.11206445
2024-03-28T10:00:00-04:00,1293.44039241,1300.00000000,162.08405652,1131.35633589,4.38653589,1126.96980000,0.00000000,0.1253123511,0.1250000000,4,0,17.16290923
2024-03-28T10:15:00-04:00,1294.86705741,1300.00000000,161.84851228,1133.01854514,7.81354514,1125.20500000,0.00000000,0.1249923777,0.1250000000,3,3,17.16290923
2024-03-28T10:30:00-04:00,1295.38284075,1300.00000000,161.95429562,1133.42854514,7.81354514,1125.61500000,0.00000000,0.1250242712,0.1250000000,3,1,17.16290923
2024-03-28T10:45:00-04:00,1295.53505189,1300.00000000,162.30690676,1133.22814514,7.81354514,1125.41460000,0.00000000,0.1252817564,0.1250000000,3,0,17.16290923
2024-03-28T11:00:00-04:00,1291.96966855,1300.00000000,162.20112341,1129.76854514,7.81354514,1121.95500000,0.00000000,0.1255456125,0.1250000000,3,0,17.16290923
2024-03-28T11:15:00-04:00,1291.25417964,1300.00000000,161.91903450,1129.33514514,7.81354514,1121.52160000,0.00000000,0.1253967167,0.1250000000,3,0,17.16290923
2024-03-28T11:30:00-04:00,1285.18105698,1300.00000000,162.03751185,1123.14354514,7.81354514,1115.33000000,0.00000000,0.1260814661,0.1250000000,3,0,17.16290923
2024-03-28T11:45:00-04:00,1289.76605698,1300.00000000,162.03751185,1127.72854514,7.81354514,1119.91500000,0.00000000,0.1256332580,0.1250000000,3,0,17.16290923
2024-03-28T12:00:00-04:00,1289.70966855,1300.00000000,162.20112341,1127.50854514,7.81354514,1119.69500000,0.00000000,0.1257656102,0.1250000000,3,0,17.16290923
2024-03-28T12:15:00-04:00,1297.13966855,1300.00000000,162.20112341,1134.93854514,7.81354514,1127.12500000,0.00000000,0.1250452263,0.1250000000,3,0,17.16290923
2024-03-28T12:30:00-04:00,1301.16102084,1300.00000000,162.04421146,1139.11680938,537.66680938,601.45000000,0.00000000,0.1245381693,0.1250000000,2,0,17.16290923
2024-03-28T12:45:00-04:00,1298.46544093,1300.00000000,162.04421146,1136.42122947,625.82122947,510.60000000,0.00000000,0.1247967072,0.1250000000,1,0,17.16290923
2024-03-28T13:00:00-04:00,1300.67648063,1300.00000000,161.81325116,1138.86322947,625.82122947,513.04200000,0.00000000,0.1244069940,0.1250000000,1,0,17.16290923
2024-03-28T13:15:00-04:00,1300.45448063,1300.00000000,161.81325116,1138.64122947,625.82122947,512.82000000,0.00000000,0.1244282315,0.1250000000,1,0,17.16290923
2024-03-28T13:30:00-04:00,1301.93448063,1300.00000000,161.81325116,1140.12122947,625.82122947,514.30000000,0.00000000,0.1242867852,0.1250000000,1,0,17.16290923
2024-03-28T13:45:00-04:00,1300.73656954,1300.00000000,162.09534007,1138.64122947,625.82122947,512.82000000,0.00000000,0.1246181155,0.1250000000,1,0,17.16290923
2024-03-28T14:00:00-04:00,1301.93448063,1300.00000000,161.81325116,1140.12122947,625.82122947,514.30000000,0.00000000,0.1242867852,0.1250000000,1,0,17.16290923
2024-03-28T14:15:00-04:00,1299.70425491,1300.00000000,161.80302544,1137.90122947,625.82122947,512.08000000,0.00000000,0.1244921872,0.1250000000,1,0,17.16290923
2024-03-28T14:30:00-04:00,1300.48974174,1300.00000000,161.84851228,1138.64122947,625.82122947,512.82000000,0.00000000,0.1244519715,0.1250000000,1,0,17.16290923
2024-03-28T14:45:00-04:00,1300.45448063,1300.00000000,161.81325116,1138.64122947,625.82122947,512.82000000,0.00000000,0.1244282315,0.1250000000,1,0,17.16290923
2024-03-28T15:00:00-04:00,1299.22518715,1300.00000000,162.06395768,1137.16122947,625.82122947,511.34000000,0.00000000,0.1247389285,0.1250000000,1,0,17.16290923
2024-03-28T15:15:00-04:00,1299.27420010,1300.00000000,162.11297063,1137.16122947,625.82122947,511.34000000,0.00000000,0.1247719462,0.1250000000,1,1,17.16290923
2024-03-28T15:30:00-04:00,1297.51774731,1300.00000000,162.02481785,1135.49292947,161.07292947,974.42000000,0.00000000,0.1248729107,0.1250000000,2,0,22.31276772
2024-03-28T15:45:00-04:00,1296.62196397,1300.00000000,161.91903450,1134.70292947,161.07292947,973.63000000,0.00000000,0.1248775966,0.1250000000,2,2,22.31276772
2024-04-01T09:30:00-04:00,1298.30583405,1300.00000000,163.36474017,1134.94109388,158.38109388,976.56000000,0.00000000,0.1258291659,0.1250000000,2,3,17.16290923
2024-04-01T09:45:00-04:00,1304.15799478,1300.00000000,163.08265126,1141.07534352,9.98754352,1131.08780000,0.00000000,0.1250482318,0.1250000000,3,0,20.88620739
2024-04-01T10:00:00-04:00,1285.79143642,1300.00000000,162.81819291,1122.97324352,9.98754352,1112.98570000,0.00000000,0.1266287738,0.1250000000,3,0,20.88620739
2024-04-01T10:15:00-04:00,1274.91871188,1300.00000000,162.87108458,1112.04762730,966.77262730,145.27500000,0.00000000,0.1277501719,0.1250000000,1,0,3.72329817
2024-04-01T10:30:00-04:00,1272.78142558,1300.00000000,161.91938712,1110.86203846,1110.86203846,0.00000000,0.00000000,0.1272169627,0.1250000000,0,0,0.00000000
2024-04-01T10:45:00-04:00,1273.16365605,1300.00000000,162.30161759,1110.86203846,1110.86203846,0.00000000,0.00000000,0.1274789905,0.1250000000,0,0,0.00000000
2024-04-01T11:00:00-04:00,1272.71055074,1300.00000000,161.84851228,1110.86203846,1110.86203846,0.00000000,0.00000000,0.1271683590,0.1250000000,0,0,0.00000000
2024-04-01T11:15:00-04:00,1272.71055074,1300.00000000,161.84851228,1110.86203846,1110.86203846,0.00000000,0.00000000,0.1271683590,0.1250000000,0,0,0.00000000
2024-04-01T11:30:00-04:00,1272.71055074,1300.00000000,161.84851228,1110.86203846,1110.86203846,0.00000000,0.00000000,0.1271683590,0.1250000000,0,0,0.00000000
2024-04-01T11:45:00-04:00,1272.71055074,1300.00000000,161.84851228,1110.86203846,1110.86203846,0.00000000,0.00000000,0.1271683590,0.1250000000,0,0,0.00000000
2024-04-01T12:00:00-04:00,1272.88685631,1300.00000000,162.02481785,1110.86203846,1110.86203846,0.00000000,0.00000000,0.1272892536,0.1250000000,0,0,0.00000000
2024-04-01T12:15:00-04:00,1272.88685631,1300.00000000,162.02481785,1110.86203846,1110.86203846,0.00000000,0.00000000,0.1272892536,0.1250000000,0,0,0.00000000
2024-04-01T12:30:00-04:00,1272.88685631,1300.00000000,162.02481785,1110.86203846,1110.86203846,0.00000000,0.00000000,0.1272892536,0.1250000000,0,0,0.00000000
2024-04-01T12:45:00-04:00,1272.95737854,1300.00000000,162.09534007,1110.86203846,1110.86203846,0.00000000,0.00000000,0.1273376020,0.1250000000,0,0,0.00000000
2024-04-01T13:00:00-04:00,1272.67528962,1300.00000000,161.81325116,1110.86203846,1110.86203846,0.00000000,0.00000000,0.1271441761,0.1250000000,0,0,0.00000000
2024-04-01T13:15:00-04:00,1272.60159390,1300.00000000,161.73955544,1110.86203846,1110.86203846,0.00000000,0.00000000,0.1270936295,0.1250000000,0,1,0.00000000
2024-04-01T13:30:00-04:00,1277.24910405,1300.00000000,161.73955544,1115.50954861,602.36114861,513.14840000,0.00000000,0.1266311755,0.1250000000,1,0,23.88459738
2024-04-01T13:45:00-04:00,1278.02350845,1300.00000000,161.93595984,1116.08754861,602.36114861,513.72640000,0.00000000,0.1267081229,0.1250000000,1,2,23.88459738
2024-04-01T14:00:00-04:00,1269.50404628,1300.00000000,162.02481785,1107.47922844,0.28302844,1107.19620000,0.00000000,0.1276284375,0.1250000000,3,0,40.09241865
2024-04-01T14:15:00-04:00,1287.81564628,1300.00000000,162.02481785,1125.79082844,0.28302844,1125.50780000,0.00000000,0.1258136740,0.1250000000,3,0,40.09241865
2024-04-01T14:30:00-04:00,1277.32814628,1300.00000000,162.02481785,1115.30332844,0.28302844,1115.02030000,0.00000000,0.1268466669,0.1250000000,3,0,40.09241865
2024-04-01T14:45:00-04:00,1277.31294628,1300.00000000,162.02481785,1115.28812844,0.28302844,1115.00510000,0.00000000,0.1268481763,0.1250000000,3,0,40.09241865
2024-04-01T15:00:00-04:00,1279.30374628,1300.00000000,162.02481785,1117.27892844,0.28302844,1116.99590000,0.00000000,0.1266507804,0.1250000000,3,0,40.09241865
2024-04-01T15:15:00-04:00,1277.93984628,1300.00000000,162.02481785,1115.91502844,0.28302844,1115.63200000,0.00000000,0.1267859503,0.1250000000,3,1,40.09241865
2024-04-01T15:30:00-04:00,1279.65109074,1300.00000000,162.16586230,1117.48522844,0.28302844,1117.20220000,0.00000000,0.1267266237,0.1250000000,3,2,40.09241865
2024-04-01T15:45:00-04:00,1282.05469350,1300.00000000,161.93666506,1120.11802844,0.28302844,1119.83500000,0.00000000,0.1263102626,0.1250000000,3,3,40.09241865
2024-04-02T09:30:00-04:00,1120.47417450,1300.00000000,160.26176216,960.21241235,510.21241235,450.00000000,0.00000000,0.1430303043,0.1250000000,1,1,22.39643965
2024-04-02T09:45:00-04:00,1122.24303853,1300.00000000,160.19123993,962.05179860,62.39179860,899.66000000,0.00000000,0.1427420215,0.1250000000,2,0,27.86609795
2024-04-02T10:00:00-04:00,1114.09277741,1300.00000000,160.15597882,953.93679860,62.39179860,891.54500000,0.00000000,0.1437546155,0.1250000000,2,0,27.86609795
2024-04-02T10:15:00-04:00,1118.79594962,1300.00000000,159.90915102,958.88679860,62.39179860,896.49500000,0.00000000,0.1429296835,0.1250000000,2,0,27.86609795
2024-04-02T10:30:00-04:00,1113.11356075,1300.00000000,160.26176216,952.85179860,62.39179860,890.46000000,0.00000000,0.1439761115,0.1250000000,2,0,27.86609795
2024-04-02T10:45:00-04:00,1109.69647184,1300.00000000,159.97967325,949.71679860,62.39179860,887.32500000,0.00000000,0.1441652536,0.1250000000,2,0,27.86609795
2024-04-02T11:00:00-04:00,1109.23147184,1300.00000000,159.97967325,949.25179860,62.39179860,886.86000000,0.00000000,0.1442256890,0.1250000000,2,0,27.86609795
2024-04-02T11:15:00-04:00,1111.44934410,1300.00000000,160.36754550,951.08179860,62.39179860,888.69000000,0.00000000,0.1442868686,0.1250000000,2,0,27.86609795
2024-04-02T11:30:00-04:00,1112.68599796,1300.00000000,159.98319936,952.70279860,62.39179860,890.31100000,0.00000000,0.1437810844,0.1250000000,2,0,27.86609795
2024-04-02T11:45:00-04:00,1113.37925260,1300.00000000,160.40245400,952.97679860,62.39179860,890.58500000,0.00000000,0.1440681184,0.1250000000,2,0,27.86609795
2024-04-02T12:00:00-04:00,1115.74687582,1300.00000000,160.36507722,955.38179860,62.39179860,892.99000000,0.00000000,0.1437289054,0.1250000000,2,0,27.86609795
2024-04-02T12:15:00-04:00,1115.10733330,1300.00000000,160.19053471,954.91679860,62.39179860,892.52500000,0.00000000,0.1436548123,0.1250000000,2,0,27.86609795
2024-04-02T12:30:00-04:00,1117.07733330,1300.00000000,160.19053471,956.88679860,62.39179860,894.49500000,0.00000000,0.1434014727,0.1250000000,2,0,27.86609795
2024-04-02T12:45:00-04:00,1117.16460521,1300.00000000,160.40280661,956.76179860,62.39179860,894.37000000,0.00000000,0.1435802798,0.1250000000,2,0,27.86609795
2024-04-02T13:00:00-04:00,1120.19976145,1300.00000000,160.61296285,959.58679860,62.39179860,897.19500000,0.00000000,0.1433788583,0.1250000000,2,1,27.86609795
2024-04-02T13:15:00-04:00,1127.53674869,1300.00000000,160.61296285,966.92378584,445.42678584,521.49700000,0.00000000,0.1424458786,0.1250000000,2,0,23.42641010
2024-04-02T13:30:00-04:00,1131.32063690,1300.00000000,160.54385107,970.77678584,445.42678584,525.35000000,0.00000000,0.1419083554,0.1250000000,2,0,23.42641010
2024-04-02T13:45:00-04:00,1132.18563690,1300.00000000,160.54385107,971.64178584,445.42678584,526.21500000,0.00000000,0.1417999362,0.1250000000,2,0,23.42641010
2024-04-02T14:00:00-04:00,1134.26063690,1300.00000000,160.54385107,973.71678584,445.42678584,528.29000000,0.00000000,0.1415405294,0.1250000000,2,0,23.42641010
2024-04-02T14:15:00-04:00,1134.47063690,1300.00000000,160.54385107,973.92678584,445.42678584,528.50000000,0.00000000,0.1415143291,0.1250000000,2,2,1.02997045
2024-04-02T14:30:00-04:00,1129.96577627,1300.00000000,160.60626324,969.35951304,9.26951304,960.09000000,0.00000000,0.1421337412,0.1250000000,3,0,9.45921871
2024-04-02T14:45:00-04:00,1122.73958673,1300.00000000,160.08580920,962.65377753,466.86877753,495.78500000,0.00000000,0.1425849868,0.1250000000,2,0,9.45921871
2024-04-02T15:00:00-04:00,1119.04888673,1300.00000000,160.08580920,958.96307753,466.86877753,492.09430000,0.00000000,0.1430552419,0.1250000000,2,0,9.45921871
2024-04-02T15:15:00-04:00,1119.33958673,1300.00000000,160.08580920,959.25377753,466.86877753,492.38500000,0.00000000,0.1430180895,0.1250000000,2,1,9.45921871
2024-04-02T15:30:00-04:00,1120.20027798,1300.00000000,160.08580920,960.11446878,40.80446878,919.31000000,0.00000000,0.1429082034,0.1250000000,3,2,15.32116062
2024-04-02T15:45:00-04:00,1124.60120025,1300.00000000,160.79103147,963.81016878,40.80446878,923.00570000,0.00000000,0.1429760447,0.1250000000,3,0,15.32116062
2024-04-03T09:30:00-04:00,1124.93295981,1300.00000000,159.38023431,965.55272550,965.55272550,0.00000000,0.00000000,0.1416797623,0.1250000000,0,2,0.00000000
2024-04-03T09:45:00-04:00,1124.88731768,1300.00000000,159.44088343,965.44643425,69.82643425,895.62000000,0.00000000,0.1417394266,0.1250000000,2,1,23.40261921
2024-04-03T10:00:00-04:00,1121.51215195,1300.00000000,160.12071770,961.39143425,69.82643425,891.56500000,0.00000000,0.1427721647,0.1250000000,2,0,23.40261921
2024-04-03T10:15:00-04:00,1126.10080608,1300.00000000,160.27657182,965.82423425,69.82643425,895.99780000,0.00000000,0.1423287959,0.1250000000,2,0,23.40261921
2024-04-03T10:30:00-04:00,1127.24030603,1300.00000000,160.45887178,966.78143425,69.82643425,896.95500000,0.00000000,0.1423466415,0.1250000000,2,0,23.40261921
2024-04-03T10:45:00-04:00,1126.80157142,1300.00000000,160.42043717,966.38113425,69.82643425,896.55470000,0.00000000,0.1423679566,0.1250000000,2,0,23.40261921
2024-04-03T11:00:00-04:00,1123.14976309,1300.00000000,160.47332884,962.67643425,69.82643425,892.85000000,0.00000000,0.1428779439,0.1250000000,2,0,23.40261921
2024-04-03T11:15:00-04:00,1122.09028532,1300.00000000,160.54385107,961.54643425,69.82643425,891.72000000,0.00000000,0.1430756982,0.1250000000,2,0,23.40261921
2024-04-03T11:30:00-04:00,1120.80528532,1300.00000000,160.54385107,960.26143425,69.82643425,890.43500000,0.00000000,0.1432397341,0.1250000000,2,0,23.40261921
2024-04-03T11:45:00-04:00,1119.86187142,1300.00000000,160.42043717,959.44143425,69.82643425,889.61500000,0.00000000,0.1432502001,0.1250000000,2,0,23.40261921
2024-04-03T12:00:00-04:00,1123.11409641,1300.00000000,160.26176216,962.85233425,69.82643425,893.02590000,0.00000000,0.1426941062,0.1250000000,2,0,23.40261921
2024-04-03T12:15:00-04:00,1127.80332330,1300.00000000,160.25188904,967.55143425,69.82643425,897.72500000,0.00000000,0.1420920525,0.1250000000,2,0,23.40261921
2024-04-03T12:30:00-04:00,1128.50478381,1300.00000000,160.38834955,968.11643425,69.82643425,898.29000000,0.00000000,0.1421246519,0.1250000000,2,0,23.40261921
2024-04-03T12:45:00-04:00,1126.55478381,1300.00000000,160.38834955,966.16643425,69.82643425,896.34000000,0.00000000,0.1423706613,0.1250000000,2,0,23.40261921
2024-04-03T13:00:00-04:00,1127.11978381,1300.00000000,160.38834955,966.73143425,69.82643425,896.90500000,0.00000000,0.1422992941,0.1250000000,2,0,23.40261921
2024-04-03T13:15:00-04:00,1130.35478381,1300.00000000,160.38834955,969.96643425,69.82643425,900.14000000,0.00000000,0.1418920430,0.1250000000,2,0,23.40261921
2024-04-03T13:30:00-04:00,1133.18028532,1300.00000000,160.54385107,972.63643425,69.82643425,902.81000000,0.00000000,0.1416754714,0.1250000000,2,1,23.40261921
2024-04-03T13:45:00-04:00,1135.55842411,1300.00000000,160.34568361,975.21274050,0.84974050,974.36300000,0.00000000,0.1412042570,0.1250000000,3,0,24.94346477
2024-04-03T14:00:00-04:00,1136.11162351,1300.00000000,160.44688300,975.66474050,0.84974050,974.81500000,0.00000000,0.1412245766,0.1250000000,3,0,24.94346477
2024-04-03T14:15:00-04:00,1133.51726528,1300.00000000,160.45252478,973.06474050,0.84974050,972.21500000,0.00000000,0.1415527841,0.1250000000,3,0,24.94346477
2024-04-03T14:30:00-04:00,1134.27471889,1300.00000000,160.34497839,973.92974050,0.84974050,973.08000000,0.00000000,0.1413634420,0.1250000000,3,1,24.94346477
2024-04-03T14:45:00-04:00,1137.29794849,1300.00000000,160.28820799,977.00974050,0.84974050,976.16000000,0.00000000,0.1409377448,0.1250000000,3,1,24.94346477
2024-04-03T15:00:00-04:00,1134.51294849,1300.00000000,160.28820799,974.22474050,0.84974050,973.37500000,0.00000000,0.1412837184,0.1250000000,3,0,24.94346477
2024-04-03T15:15:00-04:00,1131.73758595,1300.00000000,159.73284545,972.00474050,0.84974050,971.15500000,0.00000000,0.1411394721,0.1250000000,3,0,24.94346477
2024-04-03T15:30:00-04:00,1133.55298043,1300.00000000,160.19123993,973.36174050,0.84974050,972.51200000,0.00000000,0.1413178234,0.1250000000,3,2,24.94346477
2024-04-03T15:45:00-04:00,1136.78784374,1300.00000000,159.91620324,976.87164050,0.84974050,976.02190000,0.00000000,0.1406737450,0.1250000000,3,2,24.94346477
2024-04-04T09:30:00-04:00,1138.45695768,1300.00000000,143.65064609,994.80631159,91.02131159,903.78500000,0.00000000,0.1261801293,0.1250000000,2,4,23.40261921
2024-04-04T09:45:00-04:00,1139.88003552,1300.00000000,143.46263643,996.41739909,2.80519909,993.61220000,0.00000000,0.1258576622,0.1250000000,5,0,25.07325615
2024-04-04T10:00:00-04:00,1138.30784706,1300.00000000,142.98494798,995.32289909,2.80519909,992.51770000,0.00000000,0.1256118442,0.1250000000,5,0,25.07325615
2024-04-04T10:15:00-04:00,1141.38359412,1300.00000000,142.61393390,998.76966022,37.35956022,961.41010000,0.00000000,0.1249482949,0.1250000000,4,0,24.34709251
2024-04-04T10:30:00-04:00,1142.99521465,1300.00000000,143.14605443,999.84916022,37.35956022,962.48960000,0.00000000,0.1252376673,0.1250000000,4,1,24.34709251
2024-04-04T10:45:00-04:00,1144.29782774,1300.00000000,142.77472752,1001.52310022,2.05310022,999.47000000,0.00000000,0.1247706009,0.1250000000,5,0,25.56392874
2024-04-04T11:00:00-04:00,1142.88282774,1300.00000000,142.77472752,1000.10810022,2.05310022,998.05500000,0.00000000,0.1249250790,0.1250000000,5,0,25.56392874
2024-04-04T11:15:00-04:00,1142.20210106,1300.00000000,143.36910084,998.83300022,2.05310022,996.77990000,0.00000000,0.1255199064,0.1250000000,5,0,25.56392874
2024-04-04T11:30:00-04:00,1142.29220106,1300.00000000,143.36910084,998.92310022,2.05310022,996.87000000,0.00000000,0.1255100059,0.1250000000,5,0,25.56392874
2024-04-04T11:45:00-04:00,1139.85921941,1300.00000000,143.27931918,996.57990022,2.05310022,994.52680000,0.00000000,0.1256991361,0.1250000000,5,0,25.56392874
2024-04-04T12:00:00-04:00,1137.98088070,1300.00000000,143.58808048,994.39280022,2.05310022,992.33970000,0.00000000,0.1261779375,0.1250000000,5,0,25.56392874
2024-04-04T12:15:00-04:00,1141.95512998,1300.00000000,143.61122976,998.34390022,2.05310022,996.29080000,0.00000000,0.1257590828,0.1250000000,5,0,25.56392874
2024-04-04T12:30:00-04:00,1134.68284246,1300.00000000,143.38474224,991.29810022,2.05310022,989.24500000,0.00000000,0.1263654802,0.1250000000,5,0,25.56392874
2024-04-04T12:45:00-04:00,1131.38232492,1300.00000000,143.18922470,988.19310022,2.05310022,986.14000000,0.00000000,0.1265613061,0.1250000000,5,0,25.56392874
2024-04-04T13:00:00-04:00,1133.31652492,1300.00000000,143.18922470,990.12730022,2.05310022,988.07420000,0.00000000,0.1263453074,0.1250000000,5,0,25.56392874
2024-04-04T13:15:00-04:00,1135.41361509,1300.00000000,143.52551487,991.88810022,2.05310022,989.83500000,0.00000000,0.1264081326,0.1250000000,5,0,25.56392874
2024-04-04T13:30:00-04:00,1135.20233228,1300.00000000,143.49423206,991.70810022,2.05310022,989.65500000,0.00000000,0.1264041026,0.1250000000,5,0,25.56392874
2024-04-04T13:45:00-04:00,1137.23835264,1300.00000000,143.27525242,993.96310022,2.05310022,991.91000000,0.00000000,0.1259852449,0.1250000000,5,0,25.56392874
2024-04-04T14:00:00-04:00,1135.59892142,1300.00000000,143.15012119,992.44880022,2.05310022,990.39570000,0.00000000,0.1260569366,0.1250000000,5,0,17.35215265
2024-04-04T14:15:00-04:00,1133.07013090,1300.00000000,142.58703068,990.48310022,2.05310022,988.43000000,0.00000000,0.1258413110,0.1250000000,5,0,17.35215265
2024-04-04T14:30:00-04:00,1128.65245836,1300.00000000,141.27315282,987.37930554,53.97930554,933.40000000,0.00000000,0.1251697560,0.1250000000,3,0,16.40767935
2024-04-04T14:45:00-04:00,1125.99887239,1300.00000000,141.42956685,984.56930554,53.97930554,930.59000000,0.00000000,0.1256036487,0.1250000000,3,0,16.40767935
2024-04-04T15:00:00-04:00,1122.40021738,1300.00000000,140.63185529,981.76836209,88.04336209,893.72500000,0.00000000,0.1252956415,0.1250000000,2,0,15.19084312
2024-04-04T15:15:00-04:00,1114.53089427,1300.00000000,140.39723425,974.13366002,521.00366002,453.13000000,0.00000000,0.1259698004,0.1250000000,1,0,0.00000000
2024-04-04T15:30:00-04:00,1115.09589427,1300.00000000,140.39723425,974.69866002,521.00366002,453.69500000,0.00000000,0.1259059736,0.1250000000,1,0,0.00000000
2024-04-04T15:45:00-04:00,1115.69408656,1300.00000000,139.86542654,975.82866002,521.00366002,454.82500000,0.00000000,0.1253618068,0.1250000000,1,0,0.00000000
2024-04-05T09:30:00-04:00,1114.09462360,1300.00000000,140.30182169,973.79280191,973.79280191,0.00000000,0.00000000,0.1259334878,0.1250000000,0,0,0.00000000
2024-04-05T09:45:00-04:00,1114.37773299,1300.00000000,140.58493109,973.79280191,973.79280191,0.00000000,0.00000000,0.1261555458,0.1250000000,0,0,0.00000000
2024-04-05T10:00:00-04:00,1114.94082351,1300.00000000,141.14802160,973.79280191,973.79280191,0.00000000,0.00000000,0.1265968728,0.1250000000,0,0,0.00000000
2024-04-05T10:15:00-04:00,1114.56542983,1300.00000000,140.77262792,973.79280191,973.79280191,0.00000000,0.00000000,0.1263027043,0.1250000000,0,0,0.00000000
2024-04-05T10:30:00-04:00,1114.56542983,1300.00000000,140.77262792,973.79280191,973.79280191,0.00000000,0.00000000,0.1263027043,0.1250000000,0,2,0.00000000
2024-04-05T10:45:00-04:00,1111.43063093,1300.00000000,141.42925402,970.00137691,131.26137691,838.74000000,0.00000000,0.1272497357,0.1250000000,2,0,16.23233841
2024-04-05T11:00:00-04:00,1107.11337815,1300.00000000,141.36700124,965.74637691,131.26137691,834.48500000,0.00000000,0.1276897236,0.1250000000,2,0,16.23233841
2024-04-05T11:15:00-04:00,1107.75337815,1300.00000000,141.36700124,966.38637691,131.26137691,835.12500000,0.00000000,0.1276159514,0.1250000000,2,0,16.23233841
2024-04-05T11:30:00-04:00,1108.51931926,1300.00000000,141.37044235,967.14887691,131.26137691,835.88750000,0.00000000,0.1275308783,0.1250000000,2,0,16.23233841
2024-04-05T11:45:00-04:00,1109.38275460,1300.00000000,141.66637770,967.71637691,131.26137691,836.45500000,0.00000000,0.1276983774,0.1250000000,2,0,16.23233841
2024-04-05T12:00:00-04:00,1111.00329775,1300.00000000,141.64792084,969.35537691,131.26137691,838.09400000,0.00000000,0.1274954999,0.1250000000,2,0,16.23233841
2024-04-05T12:15:00-04:00,1108.46530236,1300.00000000,141.41392545,967.05137691,131.26137691,835.79000000,0.00000000,0.1275763212,0.1250000000,2,0,16.23233841
2024-04-05T12:30:00-04:00,1109.99594376,1300.00000000,141.42956685,968.56637691,131.26137691,837.30500000,0.00000000,0.1274144898,0.1250000000,2,0,16.23233841
2024-04-05T12:45:00-04:00,1108.89094376,1300.00000000,141.42956685,967.46137691,131.26137691,836.20000000,0.00000000,0.1275414572,0.1250000000,2,0,16.23233841
2024-04-05T13:00:00-04:00,1108.81094376,1300.00000000,141.42956685,967.38137691,131.26137691,836.12000000,0.00000000,0.1275506592,0.1250000000,2,0,16.23233841
2024-04-05T13:15:00-04:00,1110.20581254,1300.00000000,141.30443563,968.90137691,131.26137691,837.64000000,0.00000000,0.1272776939,0.1250000000,2,0,16.23233841
2024-04-05T13:30:00-04:00,1107.91581254,1300.00000000,141.30443563,966.61137691,131.26137691,835.35000000,0.00000000,0.1275407698,0.1250000000,2,0,16.23233841
2024-04-05T13:45:00-04:00,1106.33422657,1300.00000000,141.46084966,964.87337691,131.26137691,833.61200000,0.00000000,0.1278644792,0.1250000000,2,0,16.23233841
2024-04-05T14:00:00-04:00,1104.50957724,1300.00000000,141.22310033,963.28647691,131.26137691,832.02510000,0.00000000,0.1278604579,0.1250000000,2,0,16.23233841
2024-04-05T14:15:00-04:00,1102.92311570,1300.00000000,141.11673879,961.80637691,131.26137691,830.54500000,0.00000000,0.1279479383,0.1250000000,2,0,16.23233841
2024-04-05T14:30:00-04:00,1102.46811570,1300.00000000,141.11673879,961.35137691,131.26137691,830.09000000,0.00000000,0.1280007438,0.1250000000,2,0,16.23233841
2024-04-05T14:45:00-04:00,1101.04466096,1300.00000000,141.39828405,959.64637691,131.26137691,828.38500000,0.00000000,0.1284219333,0.1250000000,2,0,16.23233841
2024-04-05T15:00:00-04:00,1098.33902323,1300.00000000,141.39828405,956.94073918,956.94073918,0.00000000,0.00000000,0.1287382867,0.1250000000,0,1,0.00000000
2024-04-05T15:15:00-04:00,1093.78251157,1300.00000000,141.10109739,952.68141418,577.55641418,375.12500000,0.00000000,0.1290028830,0.1250000000,1,0,6.61805662
2024-04-05T15:30:00-04:00,1092.83251157,1300.00000000,141.10109739,951.73141418,577.55641418,374.17500000,0.00000000,0.1291150253,0.1250000000,1,0,6.61805662
2024-04-05T15:45:00-04:00,1092.70751157,1300.00000000,141.10109739,951.60641418,577.55641418,374.05000000,0.00000000,0.1291297954,0.1250000000,1,1,6.61805662
2024-04-08T09:30:00-04:00,1099.50469823,1300.00000000,141.39828405,958.10641418,577.55641418,380.55000000,0.00000000,0.1286018007,0.1250000000,1,5,0.66942437
2024-04-08T09:45:00-04:00,1097.60249440,1300.00000000,141.52341527,956.07907913,379.28907913,576.79000000,0.00000000,0.1289386786,0.1250000000,2,0,14.97661648
2024-04-08T10:00:00-04:00,1091.11351476,1300.00000000,141.30443563,949.80907913,379.28907913,570.52000000,0.00000000,0.1295047983,0.1250000000,2,0,14.97661648
2024-04-08T10:15:00-04:00,1090.01851476,1300.00000000,141.30443563,948.71407913,379.28907913,569.42500000,0.00000000,0.1296348949,0.1250000000,2,0,14.97661648
2024-04-08T10:30:00-04:00,1095.88242246,1300.00000000,141.83624333,954.04617913,379.28907913,574.75710000,0.00000000,0.1294265155,0.1250000000,2,1,14.97661648
2024-04-08T10:45:00-04:00,1097.45250400,1300.00000000,141.99265736,955.45984663,6.69984663,948.76000000,0.00000000,0.1293838748,0.1250000000,3,0,25.07153470
2024-04-08T11:00:00-04:00,1095.93898996,1300.00000000,141.83624333,954.10274663,6.69984663,947.40290000,0.00000000,0.1294198351,0.1250000000,3,0,25.07153470
2024-04-08T11:15:00-04:00,1096.84808996,1300.00000000,141.83624333,955.01184663,6.69984663,948.31200000,0.00000000,0.1293125681,0.1250000000,3,1,25.07153470
2024-04-08T11:30:00-04:00,1092.07700590,1300.00000000,141.43425927,950.64274663,6.69984663,943.94290000,0.00000000,0.1295094197,0.1250000000,3,0,25.07153470
2024-04-08T11:45:00-04:00,1089.24056507,1300.00000000,141.33571843,947.90484663,6.69984663,941.20500000,0.00000000,0.1297562017,0.1250000000,3,0,25.07153470
2024-04-08T12:00:00-04:00,1087.59513384,1300.00000000,141.21058721,946.38454663,6.69984663,939.68470000,0.00000000,0.1298374577,0.1250000000,3,0,25.07153470
2024-04-08T12:15:00-04:00,1090.00813068,1300.00000000,141.39828405,948.60984663,6.69984663,941.91000000,0.00000000,0.1297222287,0.1250000000,3,0,25.07153470
2024-04-08T12:30:00-04:00,1089.94016512,1300.00000000,141.55031848,948.38984663,6.69984663,941.69000000,0.00000000,0.1298698066,0.1250000000,3,0,25.07153470
2024-04-08T12:45:00-04:00,1089.80056507,1300.00000000,141.33571843,948.46484663,6.69984663,941.76500000,0.00000000,0.1296895257,0.1250000000,3,1,25.07153470
2024-04-08T13:00:00-04:00,1086.03137910,1300.00000000,141.49213247,944.53924663,6.69984663,937.83940000,0.00000000,0.1302836504,0.1250000000,3,0,25.07153470
2024-04-08T13:15:00-04:00,1086.28019661,1300.00000000,141.58034998,944.69984663,6.69984663,938.00000000,0.00000000,0.1303350189,0.1250000000,3,1,25.07153470
2024-04-08T13:30:00-04:00,1087.93240694,1300.00000000,141.48650156,946.44590538,1.44090538,945.00500000,0.00000000,0.1300508199,0.1250000000,4,0,25.24020666
2024-04-08T13:45:00-04:00,1087.98945501,1300.00000000,141.35354963,946.63590538,1.44090538,945.19500000,0.00000000,0.1299218012,0.1250000000,4,1,25.24020666
2024-04-08T14:00:00-04:00,1089.05550491,1300.00000000,141.50839952,947.54710538,1.44090538,946.10620000,0.00000000,0.1299368112,0.1250000000,4,0,25.24020666
2024-04-08T14:15:00-04:00,1088.99560346,1300.00000000,141.55469808,947.44090538,1.44090538,946.00000000,0.00000000,0.1299864734,0.1250000000,4,0,25.24020666
2024-04-08T14:30:00-04:00,1089.66918943,1300.00000000,141.39828405,948.27090538,1.44090538,946.83000000,0.00000000,0.1297625788,0.1250000000,4,0,25.24020666
2024-04-08T14:45:00-04:00,1085.74005536,1300.00000000,141.58034998,944.15970538,1.44090538,942.71880000,0.00000000,0.1303998589,0.1250000000,4,1,25.24020666
2024-04-08T15:00:00-04:00,1085.18880346,1300.00000000,141.55469808,943.63410538,1.44090538,942.19320000,0.00000000,0.1304424609,0.1250000000,4,1,25.24020666
2024-04-08T15:15:00-04:00,1084.87073233,1300.00000000,141.58222695,943.28850538,1.44090538,941.84760000,0.00000000,0.1305060803,0.1250000000,4,0,25.24020666
2024-04-08T15:30:00-04:00,1080.86803785,1300.00000000,141.49213247,939.37590538,1.44090538,937.93500000,0.00000000,0.1309060195,0.1250000000,4,1,25.24020666
2024-04-08T15:45:00-04:00,1081.52539859,1300.00000000,141.46084966,940.06454893,363.66334893,576.40120000,0.00000000,0.1307975290,0.1250000000,3,3,15.14528844
2024-04-09T09:30:00-04:00,1104.22061960,1300.00000000,141.78931912,962.43130047,360.98060047,601.45070000,0.00000000,0.1284066939,0.1250000000,4,2,5.86452384
2024-04-09T09:45:00-04:00,1099.99830736,1300.00000000,141.58598088,958.41232647,0.07812647,958.33420000,0.00000000,0.1287147261,0.1250000000,6,0,13.07046743
2024-04-09T10:00:00-04:00,1097.72172731,1300.00000000,141.61726369,956.10446362,446.11466362,509.98980000,0.00000000,0.1290101673,0.1250000000,5,0,13.07046743
2024-04-09T10:15:00-04:00,1093.71551209,1300.00000000,141.55469808,952.16081402,692.32611402,259.83470000,0.00000000,0.1294255193,0.1250000000,4,0,8.98699601
2024-04-09T10:30:00-04:00,1089.34611221,1300.00000000,140.81579820,948.53031402,692.32611402,256.20420000,0.00000000,0.1292663522,0.1250000000,4,0,8.98699601
2024-04-09T10:45:00-04:00,1088.71756230,1300.00000000,140.55364828,948.16391402,692.32611402,255.83780000,0.00000000,0.1291001938,0.1250000000,4,0,8.98699601
2024-04-09T11:00:00-04:00,1085.95797762,1300.00000000,141.08545598,944.87252164,799.54592164,145.32660000,0.00000000,0.1299179700,0.1250000000,3,0,5.86452384
2024-04-09T11:15:00-04:00,1085.94937762,1300.00000000,141.08545598,944.86392164,799.54592164,145.31800000,0.00000000,0.1299189989,0.1250000000,3,0,5.86452384
2024-04-09T11:30:00-04:00,1086.27617762,1300.00000000,141.08545598,945.19072164,799.54592164,145.64480000,0.00000000,0.1298799135,0.1250000000,3,0,5.86452384
2024-04-09T11:45:00-04:00,1087.62297762,1300.00000000,141.08545598,946.53752164,799.54592164,146.99160000,0.00000000,0.1297190836,0.1250000000,3,0,5.86452384
2024-04-09T12:00:00-04:00,1087.24804615,1300.00000000,141.16272452,946.08532164,799.54592164,146.53940000,0.00000000,0.1298348845,0.1250000000,3,0,5.86452384
2024-04-09T12:15:00-04:00,1086.92144615,1300.00000000,141.16272452,945.75872164,799.54592164,146.21280000,0.00000000,0.1298738975,0.1250000000,3,0,5.86452384
2024-04-09T12:30:00-04:00,1086.38088582,1300.00000000,141.30631260,945.07457322,804.63237322,140.44220000,0.00000000,0.1300706911,0.1250000000,2,0,5.69585188
2024-04-09T12:45:00-04:00,1085.86624324,1300.00000000,141.24187002,944.62437322,804.63237322,139.99200000,0.00000000,0.1300729909,0.1250000000,2,0,5.69585188
2024-04-09T13:00:00-04:00,1085.28849001,1300.00000000,141.02289037,944.26559964,936.44559964,7.82000000,0.00000000,0.1299404644,0.1250000000,1,0,0.10416182
2024-04-09T13:15:00-04:00,1085.78273210,1300.00000000,141.49213247,944.29059964,936.44559964,7.84500000,0.00000000,0.1303134856,0.1250000000,1,0,0.10416182
2024-04-09T13:30:00-04:00,1085.47348626,1300.00000000,141.18618662,944.28729964,936.44559964,7.84170000,0.00000000,0.1300687565,0.1250000000,1,0,0.10416182
2024-04-09T13:45:00-04:00,1085.51148626,1300.00000000,141.18618662,944.32529964,936.44559964,7.87970000,0.00000000,0.1300642033,0.1250000000,1,0,0.10416182
2024-04-09T14:00:00-04:00,1085.50778626,1300.00000000,141.18618662,944.32159964,936.44559964,7.87600000,0.00000000,0.1300646466,0.1250000000,1,1,0.10416182
2024-04-09T14:15:00-04:00,1084.16798876,1300.00000000,141.18618662,942.98180214,504.39180214,438.59000000,0.00000000,0.1302253784,0.1250000000,2,0,7.17291863
2024-04-09T14:30:00-04:00,1083.80798876,1300.00000000,141.18618662,942.62180214,504.39180214,438.23000000,0.00000000,0.1302686344,0.1250000000,2,0,7.17291863
2024-04-09T14:45:00-04:00,1083.34298876,1300.00000000,141.18618662,942.15680214,504.39180214,437.76500000,0.00000000,0.1303245492,0.1250000000,2,0,7.17291863
2024-04-09T15:00:00-04:00,1082.91943006,1300.00000000,140.77262792,942.14680214,504.39180214,437.75500000,0.00000000,0.1299936302,0.1250000000,2,0,7.17291863
2024-04-09T15:15:00-04:00,1084.42495496,1300.00000000,141.27315282,943.15180214,504.39180214,438.76000000,0.00000000,0.1302747158,0.1250000000,2,0,7.17291863
2024-04-09T15:30:00-04:00,1083.92995496,1300.00000000,141.27315282,942.65680214,504.39180214,438.26500000,0.00000000,0.1303342086,0.1250000000,2,0,7.17291863
2024-04-09T15:45:00-04:00,1085.09021741,1300.00000000,141.52341527,943.56680214,504.39180214,439.17500000,0.00000000,0.1304254826,0.1250000000,2,3,7.17291863
2024-04-10T09:30:00-04:00,1085.78131323,1300.00000000,140.42851705,945.35279618,858.23279618,87.12000000,0.00000000,0.1293340706,0.1250000000,1,1,2.13380571
2024-04-10T09:45:00-04:00,1082.58130032,1300.00000000,140.13133040,942.44996993,467.50496993,474.94500000,0.00000000,0.1294418538,0.1250000000,2,0,9.34804741
2024-04-10T10:00:00-04:00,1076.64789108,1300.00000000,140.14697180,936.50091929,850.73091929,85.77000000,0.00000000,0.1301697360,0.1250000000,1,1,2.13380571
2024-04-10T10:15:00-04:00,1080.68851108,1300.00000000,140.14697180,940.54153929,464.60153929,475.94000000,0.00000000,0.1296830404,0.1250000000,2,0,9.15568111
2024-04-10T10:30:00-04:00,1082.33851108,1300.00000000,140.14697180,942.19153929,464.60153929,477.59000000,0.00000000,0.1294853416,0.1250000000,2,0,9.15568111
2024-04-10T10:45:00-04:00,1079.32235950,1300.00000000,140.24082022,939.08153929,464.60153929,474.48000000,0.00000000,0.1299341378,0.1250000000,2,0,9.15568111
2024-04-10T11:00:00-04:00,1079.51056652,1300.00000000,140.31902723,939.19153929,464.60153929,474.59000000,0.00000000,0.1299839312,0.1250000000,2,0,9.15568111
2024-04-10T11:15:00-04:00,1079.12056652,1300.00000000,140.31902723,938.80153929,464.60153929,474.20000000,0.00000000,0.1300309081,0.1250000000,2,0,9.15568111
2024-04-10T11:30:00-04:00,1077.57705928,1300.00000000,140.55052000,937.02653929,464.60153929,472.42500000,0.00000000,0.1304319898,0.1250000000,2,0,9.15568111
2024-04-10T11:45:00-04:00,1079.53851108,1300.00000000,140.14697180,939.39153929,464.60153929,474.79000000,0.00000000,0.1298211878,0.1250000000,2,0,9.15568111
2024-04-10T12:00:00-04:00,1079.14492512,1300.00000000,140.30338583,938.84153929,464.60153929,474.24000000,0.00000000,0.1300134788,0.1250000000,2,0,9.15568111
2024-04-10T12:15:00-04:00,1079.46974351,1300.00000000,140.42820423,939.04153929,464.60153929,474.44000000,0.00000000,0.1300899864,0.1250000000,2,0,9.15568111
2024-04-10T12:30:00-04:00,1080.59285634,1300.00000000,140.42851705,940.16433929,464.60153929,475.56280000,0.00000000,0.1299550670,0.1250000000,2,0,9.15568111
2024-04-10T12:45:00-04:00,1082.02094547,1300.00000000,140.08440619,941.93653929,464.60153929,477.33500000,0.00000000,0.1294655217,0.1250000000,2,0,9.15568111
2024-04-10T13:00:00-04:00,1079.81607670,1300.00000000,140.20953741,939.60653929,464.60153929,475.00500000,0.00000000,0.1298457584,0.1250000000,2,0,9.15568111
2024-04-10T13:15:00-04:00,1081.61787670,1300.00000000,140.20953741,941.40833929,464.60153929,476.80680000,0.00000000,0.1296294564,0.1250000000,2,0,9.15568111
2024-04-10T13:30:00-04:00,1079.73607670,1300.00000000,140.20953741,939.52653929,464.60153929,474.92500000,0.00000000,0.1298553790,0.1250000000,2,0,9.15568111
2024-04-10T13:45:00-04:00,1082.82107670,1300.00000000,140.20953741,942.61153929,464.60153929,478.01000000,0.00000000,0.1294854159,0.1250000000,2,1,9.15568111
2024-04-10T14:00:00-04:00,1091.29113420,1300.00000000,140.20953741,951.08159679,32.48769679,918.59390000,0.00000000,0.1284804146,0.1250000000,3,0,10.58705932
2024-04-10T14:15:00-04:00,1087.19223420,1300.00000000,140.20953741,946.98269679,32.48769679,914.49500000,0.00000000,0.1289648077,0.1250000000,3,0,10.58705932
2024-04-10T14:30:00-04:00,1088.24223420,1300.00000000,140.20953741,948.03269679,32.48769679,915.54500000,0.00000000,0.1288403749,0.1250000000,3,0,10.58705932
2024-04-10T14:45:00-04:00,1084.20603420,1300.00000000,140.20953741,943.99649679,32.48769679,911.50880000,0.00000000,0.1293200121,0.1250000000,3,0,10.58705932
2024-04-10T15:00:00-04:00,1084.74338578,1300.00000000,140.11568899,944.62769679,32.48769679,912.14000000,0.00000000,0.1291694338,0.1250000000,3,0,10.58705932
2024-04-10T15:15:00-04:00,1087.23121384,1300.00000000,140.42851705,946.80269679,32.48769679,914.31500000,0.00000000,0.1291615944,0.1250000000,3,0,10.58705932
2024-04-10T15:30:00-04:00,1085.04749665,1300.00000000,140.45979986,944.58769679,32.48769679,912.10000000,0.00000000,0.1294503700,0.1250000000,3,0,10.58705932
2024-04-10T15:45:00-04:00,1086.21873221,1300.00000000,140.44603543,945.77269679,32.48769679,913.28500000,0.00000000,0.1292981158,0.1250000000,3,0,10.58705932
2024-04-11T09:30:00-04:00,1084.81009138,1300.00000000,136.02757173,948.78251965,37.57191965,911.21060000,0.00000000,0.1253929815,0.1250000000,3,0,10.58705932
2024-04-11T09:45:00-04:00,1084.03430942,1300.00000000,136.01158977,948.02271965,37.57191965,910.45080000,0.00000000,0.1254679751,0.1250000000,3,1,8.45325362
2024-04-11T10:00:00-04:00,1084.30935592,1300.00000000,135.72059752,948.58875840,18.54265840,930.04610000,0.00000000,0.1251677824,0.1250000000,4,0,8.87358213
2024-04-11T10:15:00-04:00,1076.76957273,1300.00000000,135.96726245,940.80231027,407.50231027,533.30000000,0.00000000,0.1262733141,0.1250000000,3,0,8.87358213
2024-04-11T10:30:00-04:00,1073.79302635,1300.00000000,135.66571608,938.12731027,407.50231027,530.62500000,0.00000000,0.1263425192,0.1250000000,3,0,8.87358213
2024-04-11T10:45:00-04:00,1072.94164298,1300.00000000,135.81648927,937.12515372,830.84515372,106.28000000,0.00000000,0.1265832957,0.1250000000,2,0,0.42032852
2024-04-11T11:00:00-04:00,1072.81737907,1300.00000000,135.72602535,937.09135372,830.84515372,106.24620000,0.00000000,0.1265136341,0.1250000000,2,0,0.42032852
2024-04-11T11:15:00-04:00,1073.59702958,1300.00000000,135.89187586,937.70515372,830.84515372,106.86000000,0.00000000,0.1265762405,0.1250000000,2,0,0.42032852
2024-04-11T11:30:00-04:00,1074.12210690,1300.00000000,135.90695318,938.21515372,830.84515372,107.37000000,0.00000000,0.1265284015,0.1250000000,2,0,0.42032852
2024-04-11T11:45:00-04:00,1074.68365328,1300.00000000,136.20849956,938.47515372,830.84515372,107.63000000,0.00000000,0.1267428784,0.1250000000,2,1,0.42032852
2024-04-11T12:00:00-04:00,1079.99849728,1300.00000000,136.20849956,943.78999772,434.33999772,509.45000000,0.00000000,0.1261191566,0.1250000000,3,0,7.48238805
2024-04-11T12:15:00-04:00,1077.77589676,1300.00000000,136.30589904,941.46999772,434.33999772,507.13000000,0.00000000,0.1264696116,0.1250000000,3,0,7.48238805
2024-04-11T12:30:00-04:00,1075.99589676,1300.00000000,136.30589904,939.68999772,434.33999772,505.35000000,0.00000000,0.1266788279,0.1250000000,3,0,7.48238805
2024-04-11T12:45:00-04:00,1079.18896119,1300.00000000,136.29896347,942.88999772,434.33999772,508.55000000,0.00000000,0.1262975886,0.1250000000,3,0,7.48238805
2024-04-11T13:00:00-04:00,1080.93973438,1300.00000000,136.44973666,944.48999772,434.33999772,510.15000000,0.00000000,0.1262325108,0.1250000000,3,0,7.48238805
2024-04-11T13:15:00-04:00,1081.15913438,1300.00000000,136.44973666,944.70939772,434.33999772,510.36940000,0.00000000,0.1262068944,0.1250000000,3,0,7.48238805
2024-04-11T13:30:00-04:00,1081.53893438,1300.00000000,136.44973666,945.08919772,434.33999772,510.74920000,0.00000000,0.1261625748,0.1250000000,3,0,7.48238805
2024-04-11T13:45:00-04:00,1080.54733438,1300.00000000,136.44973666,944.09759772,434.33999772,509.75760000,0.00000000,0.1262783520,0.1250000000,3,0,7.48238805
2024-04-11T14:00:00-04:00,1083.66220086,1300.00000000,136.87220314,946.78999772,434.33999772,512.45000000,0.00000000,0.1263052296,0.1250000000,3,0,0.42032852
2024-04-11T14:15:00-04:00,1085.95952815,1300.00000000,137.38453044,948.57499772,434.33999772,514.23500000,0.00000000,0.1265098071,0.1250000000,3,0,0.42032852
2024-04-11T14:30:00-04:00,1085.65514671,1300.00000000,137.50514899,948.14999772,434.33999772,513.81000000,0.00000000,0.1266563783,0.1250000000,3,0,0.42032852
2024-04-11T14:45:00-04:00,1085.03514671,1300.00000000,137.50514899,947.52999772,434.33999772,513.19000000,0.00000000,0.1267287511,0.1250000000,3,0,0.42032852
2024-04-11T15:00:00-04:00,1084.66514671,1300.00000000,137.50514899,947.15999772,434.33999772,512.82000000,0.00000000,0.1267719806,0.1250000000,3,0,0.42032852
2024-04-11T15:15:00-04:00,1085.10374724,1300.00000000,137.17374952,947.92999772,434.33999772,513.59000000,0.00000000,0.1264153311,0.1250000000,3,0,0.42032852
2024-04-11T15:30:00-04:00,1084.77874724,1300.00000000,137.17374952,947.60499772,434.33999772,513.26500000,0.00000000,0.1264532052,0.1250000000,3,3,0.42032852
2024-04-11T15:45:00-04:00,1080.34997116,1300.00000000,137.52113095,942.82884022,5.80884022,937.02000000,0.00000000,0.1272931315,0.1250000000,5,1,6.76145272
2024-04-12T09:30:00-04:00,1077.13330977,1300.00000000,135.43050990,941.70279987,429.64779987,512.05500000,0.00000000,0.1257323571,0.1250000000,2,2,5.91813043
2024-04-12T09:45:00-04:00,1076.42427397,1300.00000000,136.02757173,940.39670224,92.23170224,848.16500000,0.00000000,0.1263698479,0.1250000000,2,0,13.84618721
2024-04-12T10:00:00-04:00,1069.50991574,1300.00000000,135.74321349,933.76670224,92.23170224,841.53500000,0.00000000,0.1269209490,0.1250000000,2,1,13.84618721
2024-04-12T10:15:00-04:00,1073.33388013,1300.00000000,135.54419288,937.78968724,0.14268724,937.64700000,0.00000000,0.1262833452,0.1250000000,3,0,15.19264342
2024-04-12T10:30:00-04:00,1072.36688013,1300.00000000,135.54419288,936.82268724,0.14268724,936.68000000,0.00000000,0.1263972204,0.1250000000,3,0,15.19264342
2024-04-12T10:45:00-04:00,1066.61833522,1300.00000000,135.09277795,931.52555727,417.58875727,513.93680000,0.00000000,0.1266552182,0.1250000000,2,1,9.27451299
2024-04-12T11:00:00-04:00,1091.53978872,1300.00000000,134.92692745,956.61286127,206.90286127,749.71000000,0.00000000,0.1236115521,0.1250000000,3,0,40.36326337
2024-04-12T11:15:00-04:00,1126.03141880,1300.00000000,134.97215940,991.05925940,898.91925940,92.14000000,0.00000000,0.1198653582,0.1250000000,1,0,1.34645620
2024-04-12T11:30:00-04:00,1125.49141880,1300.00000000,134.97215940,990.51925940,898.91925940,91.60000000,0.00000000,0.1199228685,0.1250000000,1,0,1.34645620
2024-04-12T11:45:00-04:00,1125.27141880,1300.00000000,134.97215940,990.29925940,898.91925940,91.38000000,0.00000000,0.1199463144,0.1250000000,1,0,1.34645620
2024-04-12T12:00:00-04:00,1125.17141880,1300.00000000,134.97215940,990.19925940,898.91925940,91.28000000,0.00000000,0.1199569747,0.1250000000,1,0,1.34645620
2024-04-12T12:15:00-04:00,1125.14219199,1300.00000000,135.12293259,990.01925940,898.91925940,91.10000000,0.00000000,0.1200940944,0.1250000000,1,0,1.34645620
2024-04-12T12:30:00-04:00,1124.82649612,1300.00000000,134.98723672,989.83925940,898.91925940,90.92000000,0.00000000,0.1200071630,0.1250000000,1,0,1.34645620
2024-04-12T12:45:00-04:00,1124.54033634,1300.00000000,134.76107694,989.77925940,898.91925940,90.86000000,0.00000000,0.1198365880,0.1250000000,1,0,1.34645620
2024-04-12T13:00:00-04:00,1124.38499285,1300.00000000,134.79123158,989.59376127,989.59376127,0.00000000,0.00000000,0.1198799632,0.1250000000,0,0,0.00000000
2024-04-12T13:15:00-04:00,1124.29452894,1300.00000000,134.70076766,989.59376127,989.59376127,0.00000000,0.00000000,0.1198091463,0.1250000000,0,0,0.00000000
2024-04-12T13:30:00-04:00,1124.20406502,1300.00000000,134.61030375,989.59376127,989.59376127,0.00000000,0.00000000,0.1197383179,0.1250000000,0,0,0.00000000
2024-04-12T13:45:00-04:00,1124.53576604,1300.00000000,134.94200476,989.59376127,989.59376127,0.00000000,0.00000000,0.1199979661,0.1250000000,0,0,0.00000000
2024-04-12T14:00:00-04:00,1124.71669387,1300.00000000,135.12293259,989.59376127,989.59376127,0.00000000,0.00000000,0.1201395279,0.1250000000,0,0,0.00000000
2024-04-12T14:15:00-04:00,1124.08344647,1300.00000000,134.48968520,989.59376127,989.59376127,0.00000000,0.00000000,0.1196438624,0.1250000000,0,0,0.00000000
2024-04-12T14:30:00-04:00,1124.08344647,1300.00000000,134.48968520,989.59376127,989.59376127,0.00000000,0.00000000,0.1196438624,0.1250000000,0,0,0.00000000
2024-04-12T14:45:00-04:00,1124.41514749,1300.00000000,134.82138621,989.59376127,989.59376127,0.00000000,0.00000000,0.1199035663,0.1250000000,0,0,0.00000000
2024-04-12T15:00:00-04:00,1124.41514749,1300.00000000,134.82138621,989.59376127,989.59376127,0.00000000,0.00000000,0.1199035663,0.1250000000,0,0,0.00000000
2024-04-12T15:15:00-04:00,1124.24356760,1300.00000000,134.64980632,989.59376127,989.59376127,0.00000000,0.00000000,0.1197692477,0.1250000000,0,0,0.00000000
2024-04-12T15:30:00-04:00,1124.24356760,1300.00000000,134.64980632,989.59376127,989.59376127,0.00000000,0.00000000,0.1197692477,0.1250000000,0,0,0.00000000
2024-04-12T15:45:00-04:00,1124.38499285,1300.00000000,134.79123158,989.59376127,989.59376127,0.00000000,0.00000000,0.1198799632,0.1250000000,0,0,0.00000000
2024-04-15T09:30:00-04:00,1125.16931498,1300.00000000,135.57555371,989.59376127,989.59376127,0.00000000,0.00000000,0.1204934688,0.1250000000,0,0,0.00000000
2024-04-15T09:45:00-04:00,1125.13343096,1300.00000000,135.53966969,989.59376127,989.59376127,0.00000000,0.00000000,0.1204654186,0.1250000000,0,0,0.00000000
2024-04-15T10:00:00-04:00,1125.04839488,1300.00000000,135.45463361,989.59376127,989.59376127,0.00000000,0.00000000,0.1203989395,0.1250000000,0,0,0.00000000
2024-04-15T10:15:00-04:00,1124.77700314,1300.00000000,135.18324187,989.59376127,989.59376127,0.00000000,0.00000000,0.1201867050,0.1250000000,0,0,0.00000000
2024-04-15T10:30:00-04:00,1124.83731242,1300.00000000,135.24355114,989.59376127,989.59376127,0.00000000,0.00000000,0.1202338771,0.1250000000,0,0,0.00000000
2024-04-15T10:45:00-04:00,1124.83731242,1300.00000000,135.24355114,989.59376127,989.59376127,0.00000000,0.00000000,0.1202338771,0.1250000000,0,0,0.00000000
2024-04-15T11:00:00-04:00,1124.83731242,1300.00000000,135.24355114,989.59376127,989.59376127,0.00000000,0.00000000,0.1202338771,0.1250000000,0,0,0.00000000
2024-04-15T11:15:00-04:00,1124.38529440,1300.00000000,134.79153312,989.59376127,989.59376127,0.00000000,0.00000000,0.1198801992,0.1250000000,0,0,0.00000000
2024-04-15T11:30:00-04:00,1124.38529440,1300.00000000,134.79153312,989.59376127,989.59376127,0.00000000,0.00000000,0.1198801992,0.1250000000,0,0,0.00000000
2024-04-15T11:45:00-04:00,1124.53576604,1300.00000000,134.94200476,989.59376127,989.59376127,0.00000000,0.00000000,0.1199979661,0.1250000000,0,0,0.00000000
2024-04-15T12:00:00-04:00,1124.53576604,1300.00000000,134.94200476,989.59376127,989.59376127,0.00000000,0.00000000,0.1199979661,0.1250000000,0,0,0.00000000
2024-04-15T12:15:00-04:00,1124.44530213,1300.00000000,134.85154085,989.59376127,989.59376127,0.00000000,0.00000000,0.1199271682,0.1250000000,0,0,0.00000000
2024-04-15T12:30:00-04:00,1124.29452894,1300.00000000,134.70076766,989.59376127,989.59376127,0.00000000,0.00000000,0.1198091463,0.1250000000,0,0,0.00000000
2024-04-15T12:45:00-04:00,1124.08344647,1300.00000000,134.48968520,989.59376127,989.59376127,0.00000000,0.00000000,0.1196438624,0.1250000000,0,0,0.00000000
2024-04-15T13:00:00-04:00,1124.02313719,1300.00000000,134.42937592,989.59376127,989.59376127,0.00000000,0.00000000,0.1195966270,0.1250000000,0,0,0.00000000
2024-04-15T13:15:00-04:00,1123.78190009,1300.00000000,134.18813882,989.59376127,989.59376127,0.00000000,0.00000000,0.1194076349,0.1250000000,0,0,0.00000000
2024-04-15T13:30:00-04:00,1123.78190009,1300.00000000,134.18813882,989.59376127,989.59376127,0.00000000,0.00000000,0.1194076349,0.1250000000,0,1,0.00000000
2024-04-15T13:45:00-04:00,1120.98118349,1300.00000000,133.07241721,987.90876627,822.80876627,165.10000000,0.00000000,0.1187106610,0.1250000000,1,0,33.48484154
2024-04-15T14:00:00-04:00,1129.94180204,1300.00000000,133.19303576,996.74876627,822.80876627,173.94000000,0.00000000,0.1178760141,0.1250000000,1,0,33.48484154
2024-04-15T14:15:00-04:00,1127.02149276,1300.00000000,133.13272649,993.88876627,822.80876627,171.08000000,0.00000000,0.1181279393,0.1250000000,1,0,33.48484154
2024-04-15T14:30:00-04:00,1129.23149276,1300.00000000,133.13272649,996.09876627,822.80876627,173.29000000,0.00000000,0.1178967531,0.1250000000,1,0,33.48484154
2024-04-15T14:45:00-04:00,1118.68071957,1300.00000000,132.98195330,985.69876627,822.80876627,162.89000000,0.00000000,0.1188739119,0.1250000000,1,0,33.48484154
2024-04-15T15:00:00-04:00,1122.66947474,1300.00000000,132.68070847,989.98876627,822.80876627,167.18000000,0.00000000,0.1181832333,0.1250000000,1,0,33.48484154
2024-04-15T15:15:00-04:00,1120.60994638,1300.00000000,132.83118011,987.77876627,822.80876627,164.97000000,0.00000000,0.1185347145,0.1250000000,1,0,33.48484154
2024-04-15T15:30:00-04:00,1121.12994638,1300.00000000,132.83118011,988.29876627,822.80876627,165.49000000,0.00000000,0.1184797360,0.1250000000,1,0,33.48484154
2024-04-15T15:45:00-04:00,1119.21010102,1300.00000000,132.86133475,986.34876627,822.80876627,163.54000000,0.00000000,0.1187099139,0.1250000000,1,0,33.48484154
2024-04-16T09:30:00-04:00,1089.04246235,1300.00000000,133.03351773,956.00894462,956.00894462,0.00000000,0.00000000,0.1221564102,0.1250000000,0,0,0.00000000
2024-04-16T09:45:00-04:00,1089.04246235,1300.00000000,133.03351773,956.00894462,956.00894462,0.00000000,0.00000000,0.1221564102,0.1250000000,0,0,0.00000000
2024-04-16T10:00:00-04:00,1089.04246235,1300.00000000,133.03351773,956.00894462,956.00894462,0.00000000,0.00000000,0.1221564102,0.1250000000,0,0,0.00000000
2024-04-16T10:15:00-04:00,1089.04246235,1300.00000000,133.03351773,956.00894462,956.00894462,0.00000000,0.00000000,0.1221564102,0.1250000000,0,0,0.00000000
2024-04-16T10:30:00-04:00,1089.04246235,1300.00000000,133.03351773,956.00894462,956.00894462,0.00000000,0.00000000,0.1221564102,0.1250000000,0,0,0.00000000
2024-04-16T10:45:00-04:00,1088.73398040,1300.00000000,132.72503578,956.00894462,956.00894462,0.00000000,0.00000000,0.1219076819,0.1250000000,0,0,0.00000000
2024-04-16T11:00:00-04:00,1088.73398040,1300.00000000,132.72503578,956.00894462,956.00894462,0.00000000,0.00000000,0.1219076819,0.1250000000,0,0,0.00000000
2024-04-16T11:15:00-04:00,1088.68935154,1300.00000000,132.68040692,956.00894462,956.00894462,0.00000000,0.00000000,0.1218716861,0.1250000000,0,0,0.00000000
2024-04-16T11:30:00-04:00,1088.68935154,1300.00000000,132.68040692,956.00894462,956.00894462,0.00000000,0.00000000,0.1218716861,0.1250000000,0,0,0.00000000
2024-04-16T11:45:00-04:00,1088.99089791,1300.00000000,132.98195330,956.00894462,956.00894462,0.00000000,0.00000000,0.1221148437,0.1250000000,0,0,0.00000000
2024-04-16T12:00:00-04:00,1088.99089791,1300.00000000,132.98195330,956.00894462,956.00894462,0.00000000,0.00000000,0.1221148437,0.1250000000,0,0,0.00000000
2024-04-16T12:15:00-04:00,1088.99089791,1300.00000000,132.98195330,956.00894462,956.00894462,0.00000000,0.00000000,0.1221148437,0.1250000000,0,0,0.00000000
2024-04-16T12:30:00-04:00,1088.99089791,1300.00000000,132.98195330,956.00894462,956.00894462,0.00000000,0.00000000,0.1221148437,0.1250000000,0,0,0.00000000
2024-04-16T12:45:00-04:00,1089.14167110,1300.00000000,133.13272649,956.00894462,956.00894462,0.00000000,0.00000000,0.1222363720,0.1250000000,0,0,0.00000000
2024-04-16T13:00:00-04:00,1088.94566596,1300.00000000,132.93672134,956.00894462,956.00894462,0.00000000,0.00000000,0.1220783787,0.1250000000,0,0,0.00000000
2024-04-16T13:15:00-04:00,1088.94566596,1300.00000000,132.93672134,956.00894462,956.00894462,0.00000000,0.00000000,0.1220783787,0.1250000000,0,0,0.00000000
2024-04-16T13:30:00-04:00,1088.94566596,1300.00000000,132.93672134,956.00894462,956.00894462,0.00000000,0.00000000,0.1220783787,0.1250000000,0,0,0.00000000
2024-04-16T13:45:00-04:00,1088.87721493,1300.00000000,132.86827031,956.00894462,956.00894462,0.00000000,0.00000000,0.1220231891,0.1250000000,0,0,0.00000000
2024-04-16T14:00:00-04:00,1088.87721493,1300.00000000,132.86827031,956.00894462,956.00894462,0.00000000,0.00000000,0.1220231891,0.1250000000,0,0,0.00000000
2024-04-16T14:15:00-04:00,1088.99089791,1300.00000000,132.98195330,956.00894462,956.00894462,0.00000000,0.00000000,0.1221148437,0.1250000000,0,0,0.00000000
2024-04-16T14:30:00-04:00,1089.05120719,1300.00000000,133.04226257,956.00894462,956.00894462,0.00000000,0.00000000,0.1221634591,0.1250000000,0,0,0.00000000
2024-04-16T14:45:00-04:00,1089.17182574,1300.00000000,133.16288113,956.00894462,956.00894462,0.00000000,0.00000000,0.1222606736,0.1250000000,0,0,0.00000000
2024-04-16T15:00:00-04:00,1089.17182574,1300.00000000,133.16288113,956.00894462,956.00894462,0.00000000,0.00000000,0.1222606736,0.1250000000,0,0,0.00000000
2024-04-16T15:15:00-04:00,1089.29244429,1300.00000000,133.28349968,956.00894462,956.00894462,0.00000000,0.00000000,0.1223578667,0.1250000000,0,0,0.00000000
2024-04-16T15:30:00-04:00,1089.59097521,1300.00000000,133.58203059,956.00894462,956.00894462,0.00000000,0.00000000,0.1225983269,0.1250000000,0,0,0.00000000
2024-04-16T15:45:00-04:00,1089.59097521,1300.00000000,133.58203059,956.00894462,956.00894462,0.00000000,0.00000000,0.1225983269,0.1250000000,0,0,0.00000000
2024-04-17T09:30:00-04:00,1088.96074328,1300.00000000,132.95179866,956.00894462,956.00894462,0.00000000,0.00000000,0.1220905340,0.1250000000,0,0,0.00000000
2024-04-17T09:45:00-04:00,1088.74966081,1300.00000000,132.74071620,956.00894462,956.00894462,0.00000000,0.00000000,0.1219203284,0.1250000000,0,0,0.00000000
2024-04-17T10:00:00-04:00,1088.23703197,1300.00000000,132.22808735,956.00894462,956.00894462,0.00000000,0.00000000,0.1215066970,0.1250000000,0,0,0.00000000
2024-04-17T10:15:00-04:00,1088.23703197,1300.00000000,132.22808735,956.00894462,956.00894462,0.00000000,0.00000000,0.1215066970,0.1250000000,0,0,0.00000000
2024-04-17T10:30:00-04:00,1088.50299587,1300.00000000,132.49405126,956.00894462,956.00894462,0.00000000,0.00000000,0.1217213474,0.1250000000,0,0,0.00000000
2024-04-17T10:45:00-04:00,1087.87517631,1300.00000000,131.86623170,956.00894462,956.00894462,0.00000000,0.00000000,0.1212144873,0.1250000000,0,0,0.00000000
2024-04-17T11:00:00-04:00,1087.87517631,1300.00000000,131.86623170,956.00894462,956.00894462,0.00000000,0.00000000,0.1212144873,0.1250000000,0,1,0.00000000
2024-04-17T11:15:00-04:00,1095.11457636,1300.00000000,131.89518015,963.21939622,521.35199622,441.86740000,0.00000000,0.1204396170,0.1250000000,1,0,22.94350441
2024-04-17T11:30:00-04:00,1102.92494443,1300.00000000,131.32344821,971.60149622,521.35199622,450.24950000,0.00000000,0.1190683454,0.1250000000,1,0,22.94350441
2024-04-17T11:45:00-04:00,1105.56664956,1300.00000000,131.81195335,973.75469622,521.35199622,452.40270000,0.00000000,0.1192256961,0.1250000000,1,0,22.94350441
2024-04-17T12:00:00-04:00,1096.77597124,1300.00000000,131.17267502,965.60329622,521.35199622,444.25130000,0.00000000,0.1195984216,0.1250000000,1,0,22.94350441
2024-04-17T12:15:00-04:00,1104.92737124,1300.00000000,131.17267502,973.75469622,521.35199622,452.40270000,0.00000000,0.1187161061,0.1250000000,1,0,22.94350441
2024-04-17T12:30:00-04:00,1095.83658051,1300.00000000,131.23298430,964.60359622,521.35199622,443.25160000,0.00000000,0.1197559806,0.1250000000,1,0,22.94350441
2024-04-17T12:45:00-04:00,1101.71113515,1300.00000000,131.26313894,970.44799622,521.35199622,449.09600000,0.00000000,0.1191447874,0.1250000000,1,0,22.94350441
2024-04-17T13:00:00-04:00,1106.20300320,1300.00000000,131.21790698,974.98509622,521.35199622,453.63310000,0.00000000,0.1186200965,0.1250000000,1,0,22.94350441
2024-04-17T13:15:00-04:00,1107.12428979,1300.00000000,131.29329357,975.83099622,521.35199622,454.47900000,0.00000000,0.1185894798,0.1250000000,1,0,22.94350441
2024-04-17T13:30:00-04:00,1106.27838979,1300.00000000,131.29329357,974.98509622,521.35199622,453.63310000,0.00000000,0.1186801575,0.1250000000,1,0,22.94350441
2024-04-17T13:45:00-04:00,1079.82478979,1300.00000000,131.29329357,948.53149622,521.35199622,427.17950000,0.00000000,0.1215875898,0.1250000000,1,0,22.94350441
2024-04-17T14:00:00-04:00,1064.04994870,1300.00000000,131.29329357,932.75665512,932.75665512,0.00000000,0.00000000,0.1233901601,0.1250000000,0,0,0.00000000
2024-04-17T14:15:00-04:00,1064.04994870,1300.00000000,131.29329357,932.75665512,932.75665512,0.00000000,0.00000000,0.1233901601,0.1250000000,0,0,0.00000000
2024-04-17T14:30:00-04:00,1064.04994870,1300.00000000,131.29329357,932.75665512,932.75665512,0.00000000,0.00000000,0.1233901601,0.1250000000,0,0,0.00000000
2024-04-17T14:45:00-04:00,1064.68319610,1300.00000000,131.92654097,932.75665512,932.75665512,0.00000000,0.00000000,0.1239115461,0.1250000000,0,0,0.00000000
2024-04-17T15:00:00-04:00,1064.68319610,1300.00000000,131.92654097,932.75665512,932.75665512,0.00000000,0.00000000,0.1239115461,0.1250000000,0,0,0.00000000
2024-04-17T15:15:00-04:00,1063.74840232,1300.00000000,130.99174720,932.75665512,932.75665512,0.00000000,0.00000000,0.1231416629,0.1250000000,0,0,0.00000000
2024-04-17T15:30:00-04:00,1063.80871160,1300.00000000,131.05205647,932.75665512,932.75665512,0.00000000,0.00000000,0.1231913736,0.1250000000,0,0,0.00000000
2024-04-17T15:45:00-04:00,1063.95948479,1300.00000000,131.20282966,932.75665512,932.75665512,0.00000000,0.00000000,0.1233156258,0.1250000000,0,0,0.00000000
2024-04-18T09:30:00-04:00,1063.47701058,1300.00000000,130.72035545,932.75665512,932.75665512,0.00000000,0.00000000,0.1229178949,0.1250000000,0,0,0.00000000
2024-04-18T09:45:00-04:00,1063.65793841,1300.00000000,130.90128328,932.75665512,932.75665512,0.00000000,0.00000000,0.1230670863,0.1250000000,0,0,0.00000000
2024-04-18T10:00:00-04:00,1063.53731985,1300.00000000,130.78066473,932.75665512,932.75665512,0.00000000,0.00000000,0.1229676310,0.1250000000,0,0,0.00000000
2024-04-18T10:15:00-04:00,1063.86660850,1300.00000000,131.10995338,932.75665512,932.75665512,0.00000000,0.00000000,0.1232390906,0.1250000000,0,0,0.00000000
2024-04-18T10:30:00-04:00,1063.86660850,1300.00000000,131.10995338,932.75665512,932.75665512,0.00000000,0.00000000,0.1232390906,0.1250000000,0,0,0.00000000
2024-04-18T10:45:00-04:00,1064.04994870,1300.00000000,131.29329357,932.75665512,932.75665512,0.00000000,0.00000000,0.1233901601,0.1250000000,0,1,0.00000000
2024-04-18T11:00:00-04:00,1064.07032620,1300.00000000,131.29329357,932.77703262,519.61703262,413.16000000,0.00000000,0.1233877972,0.1250000000,1,0,16.05905979
2024-04-18T11:15:00-04:00,1060.60532620,1300.00000000,131.29329357,929.31203262,519.61703262,409.69500000,0.00000000,0.1237909054,0.1250000000,1,0,16.05905979
2024-04-18T11:30:00-04:00,1057.96532620,1300.00000000,131.29329357,926.67203262,519.61703262,407.05500000,0.00000000,0.1240998077,0.1250000000,1,0,16.05905979
2024-04-18T11:45:00-04:00,1058.49048084,1300.00000000,131.32344821,927.16703262,519.61703262,407.55000000,0.00000000,0.1240667258,0.1250000000,1,0,16.05905979
2024-04-18T12:00:00-04:00,1054.20048084,1300.00000000,131.32344821,922.87703262,519.61703262,403.26000000,0.00000000,0.1245716072,0.1250000000,1,0,16.05905979
2024-04-18T12:15:00-04:00,1047.61166096,1300.00000000,131.21187605,916.39978491,916.39978491,0.00000000,0.00000000,0.1252485830,0.1250000000,0,0,0.00000000
2024-04-18T12:30:00-04:00,1047.61166096,1300.00000000,131.21187605,916.39978491,916.39978491,0.00000000,0.00000000,0.1252485830,0.1250000000,0,0,0.00000000
2024-04-18T12:45:00-04:00,1047.61166096,1300.00000000,131.21187605,916.39978491,916.39978491,0.00000000,0.00000000,0.1252485830,0.1250000000,0,0,0.00000000
2024-04-18T13:00:00-04:00,1047.61166096,1300.00000000,131.21187605,916.39978491,916.39978491,0.00000000,0.00000000,0.1252485830,0.1250000000,0,0,0.00000000
2024-04-18T13:15:00-04:00,1047.61166096,1300.00000000,131.21187605,916.39978491,916.39978491,0.00000000,0.00000000,0.1252485830,0.1250000000,0,0,0.00000000
2024-04-18T13:30:00-04:00,1047.61166096,1300.00000000,131.21187605,916.39978491,916.39978491,0.00000000,0.00000000,0.1252485830,0.1250000000,0,0,0.00000000
2024-04-18T13:45:00-04:00,1047.61166096,1300.00000000,131.21187605,916.39978491,916.39978491,0.00000000,0.00000000,0.1252485830,0.1250000000,0,0,0.00000000
2024-04-18T14:00:00-04:00,1047.61166096,1300.00000000,131.21187605,916.39978491,916.39978491,0.00000000,0.00000000,0.1252485830,0.1250000000,0,0,0.00000000
2024-04-18T14:15:00-04:00,1047.05500635,1300.00000000,130.65522144,916.39978491,916.39978491,0.00000000,0.00000000,0.1247835316,0.1250000000,0,0,0.00000000
2024-04-18T14:30:00-04:00,1046.87890326,1300.00000000,130.47911835,916.39978491,916.39978491,0.00000000,0.00000000,0.1246363051,0.1250000000,0,0,0.00000000
2024-04-18T14:45:00-04:00,1046.72813007,1300.00000000,130.32834516,916.39978491,916.39978491,0.00000000,0.00000000,0.1245102156,0.1250000000,0,0,0.00000000
2024-04-18T15:00:00-04:00,1046.57735688,1300.00000000,130.17757197,916.39978491,916.39978491,0.00000000,0.00000000,0.1243840898,0.1250000000,0,0,0.00000000
2024-04-18T15:15:00-04:00,1046.57735688,1300.00000000,130.17757197,916.39978491,916.39978491,0.00000000,0.00000000,0.1243840898,0.1250000000,0,0,0.00000000
2024-04-18T15:30:00-04:00,1046.57735688,1300.00000000,130.17757197,916.39978491,916.39978491,0.00000000,0.00000000,0.1243840898,0.1250000000,0,0,0.00000000
2024-04-18T15:45:00-04:00,1046.81859399,1300.00000000,130.41880907,916.39978491,916.39978491,0.00000000,0.00000000,0.1245858736,0.1250000000,0,0,0.00000000
2024-04-19T09:30:00-04:00,1047.62414197,1300.00000000,130.41880907,917.20533289,917.20533289,0.00000000,0.00000000,0.1244900760,0.1250000000,0,1,0.00000000
2024-04-19T09:45:00-04:00,1049.62876187,1300.00000000,130.41880907,919.20995279,498.78495279,420.42500000,0.00000000,0.1242523203,0.1250000000,1,0,8.22929142
2024-04-19T10:00:00-04:00,1047.96035983,1300.00000000,129.75540704,918.20495279,498.78495279,419.42000000,0.00000000,0.1238170946,0.1250000000,1,0,8.22929142
2024-04-19T10:15:00-04:00,1042.24510214,1300.00000000,128.73014935,913.51495279,498.78495279,414.73000000,0.00000000,0.1235123572,0.1250000000,1,0,8.22929142
2024-04-19T10:30:00-04:00,1041.54524905,1300.00000000,128.70029626,912.84495279,498.78495279,414.06000000,0.00000000,0.1235666875,0.1250000000,1,0,8.22929142
2024-04-19T10:45:00-04:00,1042.97512790,1300.00000000,129.12517511,913.84995279,498.78495279,415.06500000,0.00000000,0.1238046543,0.1250000000,1,0,8.22929142
2024-04-19T11:00:00-04:00,1041.30012790,1300.00000000,129.12517511,912.17495279,498.78495279,413.39000000,0.00000000,0.1240038022,0.1250000000,1,0,8.22929142
2024-04-19T11:15:00-04:00,1041.63512790,1300.00000000,129.12517511,912.50995279,498.78495279,413.72500000,0.00000000,0.1239639214,0.1250000000,1,0,8.22929142
2024-04-19T11:30:00-04:00,1039.14114596,1300.00000000,128.64119317,910.49995279,498.78495279,411.71500000,0.00000000,0.1237956881,0.1250000000,1,0,8.22929142
2024-04-19T11:45:00-04:00,1039.81114596,1300.00000000,128.64119317,911.16995279,498.78495279,412.38500000,0.00000000,0.1237159206,0.1250000000,1,0,8.22929142
2024-04-19T12:00:00-04:00,1037.03639030,1300.00000000,128.36799215,908.66839815,908.66839815,0.00000000,0.00000000,0.1237834982,0.1250000000,0,0,0.00000000
2024-04-19T12:15:00-04:00,1037.03639030,1300.00000000,128.36799215,908.66839815,908.66839815,0.00000000,0.00000000,0.1237834982,0.1250000000,0,0,0.00000000
2024-04-19T12:30:00-04:00,1036.72760681,1300.00000000,128.05920866,908.66839815,908.66839815,0.00000000,0.00000000,0.1235225220,0.1250000000,0,1,0.00000000
2024-04-19T12:45:00-04:00,1037.94694076,1300.00000000,128.45875761,909.48818315,494.33788315,415.15030000,0.00000000,0.1237623549,0.1250000000,1,0,22.76776402
2024-04-19T13:00:00-04:00,1033.64164076,1300.00000000,128.45875761,905.18288315,494.33788315,410.84500000,0.00000000,0.1242778469,0.1250000000,1,0,22.76776402
2024-04-19T13:15:00-04:00,1032.99394076,1300.00000000,128.45875761,904.53518315,494.33788315,410.19730000,0.00000000,0.1243557707,0.1250000000,1,0,22.76776402
2024-04-19T13:30:00-04:00,1036.18164076,1300.00000000,128.45875761,907.72288315,494.33788315,413.38500000,0.00000000,0.1239732037,0.1250000000,1,0,22.76776402
2024-04-19T13:45:00-04:00,1032.37164076,1300.00000000,128.45875761,903.91288315,494.33788315,409.57500000,0.00000000,0.1244307307,0.1250000000,1,0,22.76776402
2024-04-19T14:00:00-04:00,1030.04447583,1300.00000000,128.03659268,902.00788315,494.33788315,407.67000000,0.00000000,0.1243020041,0.1250000000,1,0,22.76776402
2024-04-19T14:15:00-04:00,1025.90102221,1300.00000000,128.33813906,897.56288315,494.33788315,403.22500000,0.00000000,0.1250979737,0.1250000000,1,0,22.76776402
2024-04-19T14:30:00-04:00,1025.26602221,1300.00000000,128.33813906,896.92788315,494.33788315,402.59000000,0.00000000,0.1251754533,0.1250000000,1,0,22.76776402
2024-04-19T14:45:00-04:00,1024.72323873,1300.00000000,127.79535557,896.92788315,494.33788315,402.59000000,0.00000000,0.1247120693,0.1250000000,1,0,22.76776402
2024-04-19T15:00:00-04:00,1030.43823873,1300.00000000,127.79535557,902.64288315,494.33788315,408.30500000,0.00000000,0.1240203932,0.1250000000,1,0,22.76776402
2024-04-19T15:15:00-04:00,1024.74863873,1300.00000000,127.79535557,896.95328315,494.33788315,402.61540000,0.00000000,0.1247089781,0.1250000000,1,0,22.76776402
2024-04-19T15:30:00-04:00,1018.38593873,1300.00000000,127.79535557,890.59058315,494.33788315,396.25270000,0.00000000,0.1254881384,0.1250000000,1,0,22.76776402
2024-04-19T15:45:00-04:00,1023.13209183,1300.00000000,127.47420868,895.65788315,494.33788315,401.32000000,0.00000000,0.1245921320,0.1250000000,1,1,22.76776402
2024-04-22T09:30:00-04:00,1014.24323167,1300.00000000,128.29290710,885.95032457,476.45032457,409.50000000,0.00000000,0.1264912627,0.1250000000,1,0,7.00963227
2024-04-22T09:45:00-04:00,1013.91823167,1300.00000000,128.29290710,885.62532457,476.45032457,409.17500000,0.00000000,0.1265318081,0.1250000000,1,0,7.00963227
2024-04-22T10:00:00-04:00,1013.98721879,1300.00000000,128.03689422,885.95032457,476.45032457,409.50000000,0.00000000,0.1262707181,0.1250000000,1,0,7.00963227
2024-04-22T10:15:00-04:00,1013.70889145,1300.00000000,128.51906688,885.18982457,476.45032457,408.73950000,0.00000000,0.1267810394,0.1250000000,1,1,7.00963227
2024-04-22T10:30:00-04:00,1011.04550740,1300.00000000,128.51906688,882.52644052,71.50144052,811.02500000,0.00000000,0.1271150170,0.1250000000,2,0,32.98149258
2024-04-22T10:45:00-04:00,1012.26476774,1300.00000000,127.94582722,884.31894052,71.50144052,812.81750000,0.00000000,0.1263956144,0.1250000000,2,0,32.98149258
2024-04-22T11:00:00-04:00,1010.74314146,1300.00000000,127.70670094,883.03644052,71.50144052,811.53500000,0.00000000,0.1263493124,0.1250000000,2,0,32.98149258
2024-04-22T11:15:00-04:00,1022.39784146,1300.00000000,127.70670094,894.69114052,71.50144052,823.18970000,0.00000000,0.1249090088,0.1250000000,2,0,32.98149258
2024-04-22T11:30:00-04:00,1021.30314146,1300.00000000,127.70670094,893.59644052,71.50144052,822.09500000,0.00000000,0.1250428945,0.1250000000,2,0,32.98149258
2024-04-22T11:45:00-04:00,1032.88966465,1300.00000000,127.82822413,905.06144052,71.50144052,833.56000000,0.00000000,0.1237578693,0.1250000000,2,0,32.98149258
2024-04-22T12:00:00-04:00,1032.26227958,1300.00000000,128.33813906,903.92414052,71.50144052,832.42270000,0.00000000,0.1243270645,0.1250000000,2,0,32.98149258
2024-04-22T12:15:00-04:00,1031.49399813,1300.00000000,128.45875761,903.03524052,71.50144052,831.53380000,0.00000000,0.1245366021,0.1250000000,2,0,32.98149258
2024-04-22T12:30:00-04:00,1017.67095175,1300.00000000,128.15721123,889.51374052,71.50144052,818.01230000,0.00000000,0.1259318751,0.1250000000,2,0,32.98149258
2024-04-22T12:45:00-04:00,1025.59355175,1300.00000000,128.15721123,897.43634052,71.50144052,825.93490000,0.00000000,0.1249590649,0.1250000000,2,0,32.98149258
2024-04-22T13:00:00-04:00,1023.50747958,1300.00000000,128.33813906,895.16934052,71.50144052,823.66790000,0.00000000,0.1253905239,0.1250000000,2,0,32.98149258
2024-04-22T13:15:00-04:00,1026.36957958,1300.00000000,128.33813906,898.03144052,71.50144052,826.53000000,0.00000000,0.1250408640,0.1250000000,2,0,32.98149258
2024-04-22T13:30:00-04:00,1025.74751770,1300.00000000,128.91107718,896.83644052,71.50144052,825.33500000,0.00000000,0.1256752514,0.1250000000,2,0,25.97186031
2024-04-22T13:45:00-04:00,1033.30251770,1300.00000000,128.91107718,904.39144052,71.50144052,832.89000000,0.00000000,0.1247563758,0.1250000000,2,0,25.97186031
2024-04-22T14:00:00-04:00,1035.70406408,1300.00000000,129.21262356,906.49144052,71.50144052,834.99000000,0.00000000,0.1247582471,0.1250000000,2,0,25.97186031
2024-04-22T14:15:00-04:00,1036.27347437,1300.00000000,129.60463385,906.66884052,71.50144052,835.16740000,0.00000000,0.1250679836,0.1250000000,2,0,25.97186031
2024-04-22T14:30:00-04:00,1034.30210065,1300.00000000,129.78526013,904.51684052,71.50144052,833.01540000,0.00000000,0.1254809983,0.1250000000,2,0,25.97186031
2024-04-22T14:45:00-04:00,1035.73407687,1300.00000000,129.78526013,905.94881674,486.50651674,419.44230000,0.00000000,0.1253075119,0.1250000000,1,0,25.97186031
2024-04-22T15:00:00-04:00,1035.95547687,1300.00000000,129.78526013,906.17021674,486.50651674,419.66370000,0.00000000,0.1252807317,0.1250000000,1,1,25.97186031
2024-04-22T15:15:00-04:00,1032.56112687,1300.00000000,129.78526013,902.77586674,71.99586674,830.78000000,0.00000000,0.1256925685,0.1250000000,2,0,36.69246144
2024-04-22T15:30:00-04:00,1032.56803411,1300.00000000,129.18216737,903.38586674,71.99586674,831.39000000,0.00000000,0.1251076569,0.1250000000,2,0,36.69246144
2024-04-22T15:45:00-04:00,1031.08183411,1300.00000000,129.18216737,901.89966674,71.99586674,829.90380000,0.00000000,0.1252879869,0.1250000000,2,0,36.69246144
2024-04-23T09:30:00-04:00,1034.80353356,1300.00000000,129.98156682,904.82196674,71.99586674,832.82610000,0.00000000,0.1256098985,0.1250000000,2,0,36.69246144
2024-04-23T09:45:00-04:00,1046.55034798,1300.00000000,130.23788125,916.31246674,71.99586674,844.31660000,0.00000000,0.1244449266,0.1250000000,2,0,36.69246144
2024-04-23T10:00:00-04:00,1043.46013972,1300.00000000,130.50927299,912.95086674,71.99586674,840.95500000,0.00000000,0.1250735587,0.1250000000,2,0,10.72060114
2024-04-23T10:15:00-04:00,1034.03501447,1300.00000000,130.42634773,903.60866674,71.99586674,831.61280000,0.00000000,0.1261333958,0.1250000000,2,0,10.72060114
2024-04-23T10:30:00-04:00,1038.54013972,1300.00000000,130.50927299,908.03086674,71.99586674,836.03500000,0.00000000,0.1256660845,0.1250000000,2,1,10.72060114
2024-04-23T10:45:00-04:00,1038.85185489,1300.00000000,130.59973690,908.25211799,0.27711799,907.97500000,0.00000000,0.1257154582,0.1250000000,3,0,12.29475205
2024-04-23T11:00:00-04:00,1036.36108943,1300.00000000,130.50897144,905.85211799,0.27711799,905.57500000,0.00000000,0.1259300188,0.1250000000,3,0,12.29475205
2024-04-23T11:15:00-04:00,1038.49234561,1300.00000000,130.53942763,907.95291799,0.27711799,907.67580000,0.00000000,0.1257009049,0.1250000000,3,0,12.29475205
2024-04-23T11:30:00-04:00,1035.11154561,1300.00000000,130.53942763,904.57211799,0.27711799,904.29500000,0.00000000,0.1261114594,0.1250000000,3,0,12.29475205
2024-04-23T11:45:00-04:00,1037.57654561,1300.00000000,130.53942763,907.03711799,0.27711799,906.76000000,0.00000000,0.1258118528,0.1250000000,3,0,12.29475205
2024-04-23T12:00:00-04:00,1046.95434561,1300.00000000,130.53942763,916.41491799,0.27711799,916.13780000,0.00000000,0.1246849284,0.1250000000,3,0,12.29475205
2024-04-23T12:15:00-04:00,1042.20654561,1300.00000000,130.53942763,911.66711799,0.27711799,911.39000000,0.00000000,0.1252529340,0.1250000000,3,0,12.29475205
2024-04-23T12:30:00-04:00,1044.41578995,1300.00000000,130.41157196,914.00421799,0.27711799,913.72710000,0.00000000,0.1248655691,0.1250000000,3,0,12.29475205
2024-04-23T12:45:00-04:00,1038.99368995,1300.00000000,130.41157196,908.58211799,0.27711799,908.30500000,0.00000000,0.1255171934,0.1250000000,3,0,12.29475205
2024-04-23T13:00:00-04:00,1041.01983687,1300.00000000,130.14771888,910.87211799,0.27711799,910.59500000,0.00000000,0.1250194418,0.1250000000,3,0,12.29475205
2024-04-23T13:15:00-04:00,1042.57900798,1300.00000000,130.62958999,911.94941799,0.27711799,911.67230000,0.00000000,0.1252946674,0.1250000000,3,0,12.29475205
2024-04-23T13:30:00-04:00,1040.66170798,1300.00000000,130.62958999,910.03211799,0.27711799,909.75500000,0.00000000,0.1255255084,0.1250000000,3,0,12.29475205
2024-04-23T13:45:00-04:00,1038.81170798,1300.00000000,130.62958999,908.18211799,0.27711799,907.90500000,0.00000000,0.1257490544,0.1250000000,3,0,12.29475205
2024-04-23T14:00:00-04:00,1034.80334973,1300.00000000,130.69623174,904.10711799,0.27711799,903.83000000,0.00000000,0.1263005495,0.1250000000,3,0,12.29475205
2024-04-23T14:15:00-04:00,1035.14334973,1300.00000000,130.69623174,904.44711799,0.27711799,904.17000000,0.00000000,0.1262590653,0.1250000000,3,0,12.29475205
2024-04-23T14:30:00-04:00,1035.72216416,1300.00000000,130.66004618,905.06211799,0.27711799,904.78500000,0.00000000,0.1261535677,0.1250000000,3,0,12.29475205
2024-04-23T14:45:00-04:00,1034.49216416,1300.00000000,130.66004618,903.83211799,0.27711799,903.55500000,0.00000000,0.1263035630,0.1250000000,3,0,12.29475205
2024-04-23T15:00:00-04:00,1028.54043774,1300.00000000,130.66004618,897.88039156,825.61149156,72.26890000,0.00000000,0.1270344280,0.1250000000,1,0,1.57415092
2024-04-23T15:15:00-04:00,1028.44323362,1300.00000000,130.56174206,897.88149156,825.61149156,72.27000000,0.00000000,0.1269508494,0.1250000000,1,0,1.57415092
2024-04-23T15:30:00-04:00,1028.42888310,1300.00000000,130.62989154,897.79899156,825.61149156,72.18750000,0.00000000,0.1270188865,0.1250000000,1,0,1.57415092
2024-04-23T15:45:00-04:00,1028.12638310,1300.00000000,130.62989154,897.49649156,825.61149156,71.88500000,0.00000000,0.1270562585,0.1250000000,1,0,1.57415092
2024-04-24T09:30:00-04:00,1027.74138310,1300.00000000,130.62989154,897.11149156,825.61149156,71.50000000,0.00000000,0.1271038548,0.1250000000,1,0,1.57415092
2024-04-24T09:45:00-04:00,1027.73607382,1300.00000000,130.56958226,897.16649156,825.61149156,71.55500000,0.00000000,0.1270458298,0.1250000000,1,0,1.57415092
2024-04-24T10:00:00-04:00,1028.07138310,1300.00000000,130.62989154,897.44149156,825.61149156,71.83000000,0.00000000,0.1270630558,0.1250000000,1,2,1.57415092
2024-04-24T10:15:00-04:00,1013.00297915,1300.00000000,130.62989154,882.37308761,5.25808761,877.11500000,0.00000000,0.1289531169,0.1250000000,3,0,25.84913125
2024-04-24T10:30:00-04:00,1008.65486699,1300.00000000,130.54937866,878.10548833,404.13548833,473.97000000,0.00000000,0.1294291863,0.1250000000,2,0,14.19802456
2024-04-24T10:45:00-04:00,1009.58486699,1300.00000000,130.54937866,879.03548833,404.13548833,474.90000000,0.00000000,0.1293099599,0.1250000000,2,0,14.19802456
2024-04-24T11:00:00-04:00,1008.14814175,1300.00000000,130.05695342,878.09118833,404.13548833,473.95570000,0.00000000,0.1290057959,0.1250000000,2,0,14.19802456
2024-04-24T11:15:00-04:00,1007.99264175,1300.00000000,130.05695342,877.93568833,404.13548833,473.80020000,0.00000000,0.1290256972,0.1250000000,2,0,14.19802456
2024-04-24T11:30:00-04:00,1006.34767371,1300.00000000,130.10218538,876.24548833,404.13548833,472.11000000,0.00000000,0.1292815483,0.1250000000,2,0,14.19802456
2024-04-24T11:45:00-04:00,1007.06207371,1300.00000000,130.10218538,876.95988833,404.13548833,472.82440000,0.00000000,0.1291898372,0.1250000000,2,0,14.19802456
2024-04-24T12:00:00-04:00,1005.99567371,1300.00000000,130.10218538,875.89348833,404.13548833,471.75800000,0.00000000,0.1293267842,0.1250000000,2,0,14.19802456
2024-04-24T12:15:00-04:00,1006.83767371,1300.00000000,130.10218538,876.73548833,404.13548833,472.60000000,0.00000000,0.1292186305,0.1250000000,2,0,14.19802456
2024-04-24T12:30:00-04:00,1007.78566341,1300.00000000,129.71017508,878.07548833,404.13548833,473.94000000,0.00000000,0.1287080972,0.1250000000,2,0,14.19802456
2024-04-24T12:45:00-04:00,1007.39965827,1300.00000000,129.51416994,877.88548833,404.13548833,473.75000000,0.00000000,0.1285628488,0.1250000000,2,0,14.19802456
2024-04-24T13:00:00-04:00,1010.24465827,1300.00000000,129.51416994,880.73048833,404.13548833,476.59500000,0.00000000,0.1282007966,0.1250000000,2,0,14.19802456
2024-04-24T13:15:00-04:00,1007.07806030,1300.00000000,130.17757197,876.90048833,404.13548833,472.76500000,0.00000000,0.1292626432,0.1250000000,2,0,14.19802456
2024-04-24T13:30:00-04:00,1007.52867885,1300.00000000,130.29819052,877.23048833,404.13548833,473.09500000,0.00000000,0.1293245475,0.1250000000,2,0,14.19802456
2024-04-24T13:45:00-04:00,1008.50267885,1300.00000000,130.29819052,878.20448833,404.13548833,474.06900000,0.00000000,0.1291996474,0.1250000000,2,0,14.19802456
2024-04-24T14:00:00-04:00,1006.03275102,1300.00000000,130.11726270,875.91548833,404.13548833,471.78000000,0.00000000,0.1293370047,0.1250000000,2,0,14.19802456
2024-04-24T14:15:00-04:00,1006.03275102,1300.00000000,130.11726270,875.91548833,404.13548833,471.78000000,0.00000000,0.1293370047,0.1250000000,2,0,14.19802456
2024-04-24T14:30:00-04:00,1003.45505102,1300.00000000,130.11726270,873.33778833,404.13548833,469.20230000,0.00000000,0.1296692488,0.1250000000,2,1,14.19802456
2024-04-24T14:45:00-04:00,1001.29276135,1300.00000000,130.11726270,871.17549866,401.83549866,469.34000000,0.00000000,0.1299492693,0.1250000000,2,0,5.57603977
2024-04-24T15:00:00-04:00,1001.80760671,1300.00000000,130.08710806,871.72049866,401.83549866,469.88500000,0.00000000,0.1298523860,0.1250000000,2,0,5.57603977
2024-04-24T15:15:00-04:00,1001.87276135,1300.00000000,130.11726270,871.75549866,401.83549866,469.92000000,0.00000000,0.1298740396,0.1250000000,2,0,5.57603977
2024-04-24T15:30:00-04:00,1001.52776135,1300.00000000,130.11726270,871.41049866,401.83549866,469.57500000,0.00000000,0.1299187778,0.1250000000,2,0,5.57603977
2024-04-24T15:45:00-04:00,1001.03776135,1300.00000000,130.11726270,870.92049866,401.83549866,469.08500000,0.00000000,0.1299823720,0.1250000000,2,2,5.57603977
2024-04-25T09:30:00-04:00,982.19282583,1300.00000000,123.38260288,858.81022295,124.49302295,734.31720000,0.00000000,0.1256195318,0.1250000000,2,1,16.84436056
2024-04-25T09:45:00-04:00,977.44627742,1300.00000000,123.49886446,853.94741296,122.71241296,731.23500000,0.00000000,0.1263484933,0.1250000000,2,0,16.84436056
2024-04-25T10:00:00-04:00,981.43287742,1300.00000000,123.49886446,857.93401296,122.71241296,735.22160000,0.00000000,0.1258352632,0.1250000000,2,0,16.84436056
2024-04-25T10:15:00-04:00,988.10507742,1300.00000000,123.49886446,864.60621296,122.71241296,741.89380000,0.00000000,0.1249855580,0.1250000000,2,2,16.84436056
2024-04-25T10:30:00-04:00,986.39247616,1300.00000000,123.22274320,863.16973296,12.38973296,850.78000000,0.00000000,0.1249226309,0.1250000000,3,1,18.60121532
2024-04-25T10:45:00-04:00,986.31714735,1300.00000000,123.03381813,863.28332921,1.17632921,862.10700000,0.00000000,0.1247406257,0.1250000000,4,0,18.95480605
2024-04-25T11:00:00-04:00,990.35330683,1300.00000000,123.41137762,866.94192921,1.17632921,865.76560000,0.00000000,0.1246134857,0.1250000000,4,0,18.95480605
2024-04-25T11:15:00-04:00,991.14247814,1300.00000000,123.09194893,868.05052921,1.17632921,866.87420000,0.00000000,0.1241919821,0.1250000000,4,0,18.95480605
2024-04-25T11:30:00-04:00,992.18007814,1300.00000000,123.09194893,869.08812921,1.17632921,867.91180000,0.00000000,0.1240621049,0.1250000000,4,1,18.95480605
2024-04-25T11:45:00-04:00,991.24427814,1300.00000000,123.09194893,868.15232921,1.17632921,866.97600000,0.00000000,0.1241792277,0.1250000000,4,0,18.95480605
2024-04-25T12:00:00-04:00,995.13094697,1300.00000000,123.46921776,871.66172921,1.17632921,870.48540000,0.00000000,0.1240733374,0.1250000000,4,0,18.95480605
2024-04-25T12:15:00-04:00,997.09994697,1300.00000000,123.46921776,873.63072921,1.17632921,872.45440000,0.00000000,0.1238283265,0.1250000000,4,0,18.95480605
2024-04-25T12:30:00-04:00,997.91994697,1300.00000000,123.46921776,874.45072921,1.17632921,873.27440000,0.00000000,0.1237265756,0.1250000000,4,0,18.95480605
2024-04-25T12:45:00-04:00,999.85134697,1300.00000000,123.46921776,876.38212921,1.17632921,875.20580000,0.00000000,0.1234875746,0.1250000000,4,0,18.95480605
2024-04-25T13:00:00-04:00,997.63654697,1300.00000000,123.46921776,874.16732921,1.17632921,872.99100000,0.00000000,0.1237617228,0.1250000000,4,0,18.95480605
2024-04-25T13:15:00-04:00,997.17854697,1300.00000000,123.46921776,873.70932921,1.17632921,872.53300000,0.00000000,0.1238185660,0.1250000000,4,0,18.95480605
2024-04-25T13:30:00-04:00,1000.08134697,1300.00000000,123.46921776,876.61212921,1.17632921,875.43580000,0.00000000,0.1234591747,0.1250000000,4,1,18.95480605
2024-04-25T13:45:00-04:00,1002.80214697,1300.00000000,123.46921776,879.33292921,1.17632921,878.15660000,0.00000000,0.1231242056,0.1250000000,4,2,12.39493050
2024-04-25T14:00:00-04:00,1006.72694697,1300.00000000,123.46921776,883.25772921,1.17632921,882.08140000,0.00000000,0.1226441967,0.1250000000,4,0,2.11044549
2024-04-25T14:15:00-04:00,1001.31689776,1300.00000000,124.16736855,877.14952921,1.17632921,875.97320000,0.00000000,0.1240040679,0.1250000000,4,0,2.11044549
2024-04-25T14:30:00-04:00,998.47289776,1300.00000000,124.16736855,874.30552921,1.17632921,873.12920000,0.00000000,0.1243572748,0.1250000000,4,0,2.11044549
2024-04-25T14:45:00-04:00,1002.96297841,1300.00000000,123.84764920,879.11532921,1.17632921,877.93900000,0.00000000,0.1234817754,0.1250000000,4,2,2.11044549
2024-04-25T15:00:00-04:00,1007.81689882,1300.00000000,124.02116961,883.79572921,1.17632921,882.61940000,0.00000000,0.1230592281,0.1250000000,4,2,2.11044549
2024-04-25T15:15:00-04:00,1009.88304762,1300.00000000,123.78951841,886.09352921,1.17632921,884.91720000,0.00000000,0.1225780735,0.1250000000,4,2,1.75685476
2024-04-25T15:30:00-04:00,1005.66931683,1300.00000000,123.73138762,881.93792921,1.17632921,880.76160000,0.00000000,0.1230338696,0.1250000000,4,0,1.75685476
2024-04-25T15:45:00-04:00,1004.67411683,1300.00000000,123.73138762,880.94272921,1.17632921,879.76640000,0.00000000,0.1231557433,0.1250000000,4,1,1.75685476
2024-04-26T09:30:00-04:00,1003.74807240,1300.00000000,125.03555191,878.71252049,878.71252049,0.00000000,0.00000000,0.1245686596,0.1250000000,0,4,0.00000000
2024-04-26T09:45:00-04:00,1016.08044613,1300.00000000,125.18465738,890.89578874,0.54538874,890.35040000,0.00000000,0.1232034903,0.1250000000,4,1,24.75245234
2024-04-26T10:00:00-04:00,1024.44961152,1300.00000000,125.21372278,899.23588874,0.54538874,898.69050000,0.00000000,0.1222253602,0.1250000000,4,1,14.67610669
2024-04-26T10:15:00-04:00,1016.88911152,1300.00000000,125.21372278,891.67538874,0.54538874,891.13000000,0.00000000,0.1231340973,0.1250000000,4,0,14.67610669
2024-04-26T10:30:00-04:00,1015.98971152,1300.00000000,125.21372278,890.77598874,0.54538874,890.23060000,0.00000000,0.1232431011,0.1250000000,4,0,14.67610669
2024-04-26T10:45:00-04:00,1013.57931152,1300.00000000,125.21372278,888.36558874,0.54538874,887.82020000,0.00000000,0.1235361864,0.1250000000,4,0,14.67610669
2024-04-26T11:00:00-04:00,1017.66511268,1300.00000000,125.21372278,892.45138990,394.68958990,497.76180000,0.00000000,0.1230402037,0.1250000000,3,0,14.67610669
2024-04-26T11:15:00-04:00,1020.72331268,1300.00000000,125.21372278,895.50958990,394.68958990,500.82000000,0.00000000,0.1226715617,0.1250000000,3,0,12.42193516
2024-04-26T11:30:00-04:00,1025.38351268,1300.00000000,125.21372278,900.16978990,394.68958990,505.48020000,0.00000000,0.1221140395,0.1250000000,3,0,0.12857373
2024-04-26T11:45:00-04:00,1029.46591268,1300.00000000,125.21372278,904.25218990,394.68958990,509.56260000,0.00000000,0.1216297900,0.1250000000,3,0,0.12857373
2024-04-26T12:00:00-04:00,1028.61663007,1300.00000000,125.21372278,903.40290729,478.15450729,425.24840000,0.00000000,0.1217302143,0.1250000000,2,0,0.12857373
2024-04-26T12:15:00-04:00,1028.83458503,1300.00000000,125.42037774,903.41420729,478.15450729,425.25970000,0.00000000,0.1219052893,0.1250000000,2,0,0.12857373
2024-04-26T12:30:00-04:00,1028.85538503,1300.00000000,125.42037774,903.43500729,478.15450729,425.28050000,0.00000000,0.1219028248,0.1250000000,2,1,0.12857373
2024-04-26T12:45:00-04:00,1029.41027503,1300.00000000,125.42037774,903.98989729,68.76769729,835.22220000,0.00000000,0.1218371147,0.1250000000,3,0,11.41583014
2024-04-26T13:00:00-04:00,1031.19307503,1300.00000000,125.42037774,905.77269729,68.76769729,837.00500000,0.00000000,0.1216264740,0.1250000000,3,2,11.41583014
2024-04-26T13:15:00-04:00,1033.25272878,1300.00000000,125.42037774,907.83235104,0.12125104,907.71110000,0.00000000,0.1213840276,0.1250000000,4,0,12.77653669
2024-04-26T13:30:00-04:00,1027.10162878,1300.00000000,125.42037774,901.68125104,0.12125104,901.56000000,0.00000000,0.1221109715,0.1250000000,4,0,12.77653669
2024-04-26T13:45:00-04:00,1024.34262878,1300.00000000,125.42037774,898.92225104,0.12125104,898.80100000,0.00000000,0.1224398694,0.1250000000,4,0,12.64796296
2024-04-26T14:00:00-04:00,1021.60729489,1300.00000000,125.56279818,896.04449671,409.43449671,486.61000000,0.00000000,0.1229071080,0.1250000000,3,1,12.64796296
2024-04-26T14:15:00-04:00,1014.33690642,1300.00000000,125.56454210,888.77236431,3.88736431,884.88500000,0.00000000,0.1237897796,0.1250000000,4,0,17.72884904
2024-04-26T14:30:00-04:00,1012.14923723,1300.00000000,125.59157292,886.55766431,3.88736431,882.67030000,0.00000000,0.1240840464,0.1250000000,4,0,17.72884904
2024-04-26T14:45:00-04:00,1014.33373723,1300.00000000,125.59157292,888.74216431,3.88736431,884.85480000,0.00000000,0.1238168152,0.1250000000,4,0,17.72884904
2024-04-26T15:00:00-04:00,1013.48584276,1300.00000000,125.67847845,887.80736431,3.88736431,883.92000000,0.00000000,0.1240061510,0.1250000000,4,1,17.72884904
2024-04-26T15:15:00-04:00,1011.97637742,1300.00000000,125.58721311,886.38916431,3.88736431,882.50180000,0.00000000,0.1241009335,0.1250000000,4,2,17.72884904
2024-04-26T15:30:00-04:00,1012.24457742,1300.00000000,125.58721311,886.65736431,3.88736431,882.77000000,0.00000000,0.1240680522,0.1250000000,4,1,17.72884904
2024-04-26T15:45:00-04:00,1017.01778992,1300.00000000,125.58721311,891.43057681,1.23537681,890.19520000,0.00000000,0.1234857584,0.1250000000,5,1,17.80406990
2024-04-29T09:30:00-04:00,1019.02431791,1300.00000000,125.61337196,893.41094595,408.76574595,484.64520000,0.00000000,0.1232682771,0.1250000000,3,1,1.43592741
2024-04-29T09:45:00-04:00,1015.64144775,1300.00000000,125.57704022,890.06440753,415.82610753,474.23830000,0.00000000,0.1236430834,0.1250000000,3,0,12.19445831
2024-04-29T10:00:00-04:00,1015.58316971,1300.00000000,126.11126218,889.47190753,415.82610753,473.64580000,0.00000000,0.1241762033,0.1250000000,3,0,12.19445831
2024-04-29T10:15:00-04:00,1015.50236421,1300.00000000,125.99325668,889.50910753,415.82610753,473.68300000,0.00000000,0.1240698802,0.1250000000,3,0,12.19445831
2024-04-29T10:30:00-04:00,1016.21186421,1300.00000000,125.99325668,890.21860753,415.82610753,474.39250000,0.00000000,0.1239832570,0.1250000000,3,0,12.19445831
2024-04-29T10:45:00-04:00,1013.67866137,1300.00000000,126.02755385,887.65110753,415.82610753,471.82500000,0.00000000,0.1243269279,0.1250000000,3,0,12.19445831
2024-04-29T11:00:00-04:00,1015.53972127,1300.00000000,125.93861374,889.60110753,415.82610753,473.77500000,0.00000000,0.1240115094,0.1250000000,3,0,12.19445831
2024-04-29T11:15:00-04:00,1012.99824358,1300.00000000,125.47560199,887.52264159,418.40094159,469.12170000,0.00000000,0.1238655672,0.1250000000,2,0,12.11923745
2024-04-29T11:30:00-04:00,1013.25154358,1300.00000000,125.47560199,887.77594159,418.40094159,469.37500000,0.00000000,0.1238346024,0.1250000000,2,0,12.11923745
2024-04-29T11:45:00-04:00,1015.61143958,1300.00000000,125.78049799,889.83094159,418.40094159,471.43000000,0.00000000,0.1238470670,0.1250000000,2,0,12.11923745
2024-04-29T12:00:00-04:00,1017.41143958,1300.00000000,125.78049799,891.63094159,418.40094159,473.23000000,0.00000000,0.1236279573,0.1250000000,2,0,12.11923745
2024-04-29T12:15:00-04:00,1018.31653958,1300.00000000,125.78049799,892.53604159,418.40094159,474.13510000,0.00000000,0.1235180743,0.1250000000,2,0,12.11923745
2024-04-29T12:30:00-04:00,1014.88143958,1300.00000000,125.78049799,889.10094159,418.40094159,470.70000000,0.00000000,0.1239361497,0.1250000000,2,0,12.11923745
2024-04-29T12:45:00-04:00,1012.07258263,1300.00000000,125.71074104,886.36184159,418.40094159,467.96090000,0.00000000,0.1242111912,0.1250000000,2,0,12.11923745
2024-04-29T13:00:00-04:00,1013.29943004,1300.00000000,125.99848845,887.30094159,418.40094159,468.90000000,0.00000000,0.1243447738,0.1250000000,2,0,12.11923745
2024-04-29T13:15:00-04:00,1016.42443004,1300.00000000,125.99848845,890.42594159,418.40094159,472.02500000,0.00000000,0.1239624754,0.1250000000,2,0,12.11923745
2024-04-29T13:30:00-04:00,1016.89943004,1300.00000000,125.99848845,890.90094159,418.40094159,472.50000000,0.00000000,0.1239045718,0.1250000000,2,1,12.11923745
2024-04-29T13:45:00-04:00,1015.00457004,1300.00000000,125.99848845,889.00608159,51.64608159,837.36000000,0.00000000,0.1241358829,0.1250000000,3,0,20.23495293
2024-04-29T14:00:00-04:00,1013.72989702,1300.00000000,126.14381543,887.58608159,51.64608159,835.94000000,0.00000000,0.1244353311,0.1250000000,3,0,20.23495293
2024-04-29T14:15:00-04:00,1014.69099702,1300.00000000,126.14381543,888.54718159,51.64608159,836.90110000,0.00000000,0.1243174679,0.1250000000,3,0,20.23495293
2024-04-29T14:30:00-04:00,1013.53347767,1300.00000000,125.82409608,887.70938159,51.64608159,836.06330000,0.00000000,0.1241439961,0.1250000000,3,0,20.23495293
2024-04-29T14:45:00-04:00,1012.61643925,1300.00000000,125.94035766,886.67608159,51.64608159,835.03000000,0.00000000,0.1243712355,0.1250000000,3,1,20.23495293
2024-04-29T15:00:00-04:00,1003.24537456,1300.00000000,125.60930281,877.63607175,363.08107175,514.55500000,0.00000000,0.1252029723,0.1250000000,3,0,13.12278637
2024-04-29T15:15:00-04:00,1001.72037456,1300.00000000,125.60930281,876.11107175,363.08107175,513.03000000,0.00000000,0.1253935789,0.1250000000,3,1,13.12278637
2024-04-29T15:30:00-04:00,1004.74855888,1300.00000000,125.53344213,879.21511675,2.47081675,876.74430000,0.00000000,0.1249401564,0.1250000000,4,1,20.15695227
2024-04-29T15:45:00-04:00,1008.92425888,1300.00000000,125.53344213,883.39081675,2.47081675,880.92000000,0.00000000,0.1244230585,0.1250000000,4,2,20.15695227
2024-04-30T09:30:00-04:00,990.73807304,1300.00000000,126.02755385,864.71051919,476.85551919,387.85500000,0.00000000,0.1272057240,0.1250000000,1,1,4.47916508
2024-04-30T09:45:00-04:00,990.41901475,1300.00000000,125.96942306,864.44959169,106.40789169,758.04170000,0.00000000,0.1271880095,0.1250000000,2,0,13.60033189
2024-04-30T10:00:00-04:00,986.05731475,1300.00000000,125.96942306,860.08789169,106.40789169,753.68000000,0.00000000,0.1277506096,0.1250000000,2,0,13.60033189
2024-04-30T10:15:00-04:00,981.84885698,1300.00000000,125.76596529,856.08289169,106.40789169,749.67500000,0.00000000,0.1280909627,0.1250000000,2,1,13.60033189
2024-04-30T10:30:00-04:00,985.75729421,1300.00000000,125.56250752,860.19478669,2.18978669,858.00500000,0.00000000,0.1273766963,0.1250000000,3,1,17.01446138
2024-04-30T10:45:00-04:00,980.13037077,1300.00000000,125.56250752,854.56786325,384.80376325,469.76410000,0.00000000,0.1281079653,0.1250000000,2,1,12.53529630
2024-04-30T11:00:00-04:00,973.90759767,1300.00000000,125.27185357,848.63574410,407.62574410,441.01000000,0.00000000,0.1286280689,0.1250000000,2,0,8.52497712
2024-04-30T11:15:00-04:00,974.53418246,1300.00000000,125.55843837,848.97574410,407.62574410,441.35000000,0.00000000,0.1288394400,0.1250000000,2,0,8.52497712
2024-04-30T11:30:00-04:00,972.23077069,1300.00000000,125.12652659,847.10424410,407.62574410,439.47850000,0.00000000,0.1287004386,0.1250000000,2,0,8.52497712
2024-04-30T11:45:00-04:00,971.32417069,1300.00000000,125.12652659,846.19764410,407.62574410,438.57190000,0.00000000,0.1288205631,0.1250000000,2,0,8.52497712
2024-04-30T12:00:00-04:00,971.36205268,1300.00000000,125.41630858,845.94574410,407.62574410,438.32000000,0.00000000,0.1291138646,0.1250000000,2,0,8.52497712
2024-04-30T12:15:00-04:00,971.99759767,1300.00000000,125.27185357,846.72574410,407.62574410,439.10000000,0.00000000,0.1288808263,0.1250000000,2,0,8.52497712
2024-04-30T12:30:00-04:00,970.83520529,1300.00000000,125.09746120,845.73774410,407.62574410,438.11200000,0.00000000,0.1288555056,0.1250000000,2,0,8.52497712
2024-04-30T12:45:00-04:00,970.88568213,1300.00000000,124.86493804,846.02074410,407.62574410,438.39500000,0.00000000,0.1286093104,0.1250000000,2,0,8.52497712
2024-04-30T13:00:00-04:00,972.12128213,1300.00000000,124.86493804,847.25634410,407.62574410,439.63060000,0.00000000,0.1284458435,0.1250000000,2,0,8.52497712
2024-04-30T13:15:00-04:00,971.53785328,1300.00000000,124.73210918,846.80574410,407.62574410,439.18000000,0.00000000,0.1283862577,0.1250000000,2,0,8.52497712
2024-04-30T13:30:00-04:00,971.68661674,1300.00000000,124.83587264,846.85074410,407.62574410,439.22500000,0.00000000,0.1284733889,0.1250000000,2,0,8.52497712
2024-04-30T13:45:00-04:00,972.01194371,1300.00000000,124.98119962,847.03074410,407.62574410,439.40500000,0.00000000,0.1285799011,0.1250000000,2,0,8.52497712
2024-04-30T14:00:00-04:00,971.89194371,1300.00000000,124.98119962,846.91074410,407.62574410,439.28500000,0.00000000,0.1285957770,0.1250000000,2,0,8.52497712
2024-04-30T14:15:00-04:00,969.84694371,1300.00000000,124.98119962,844.86574410,407.62574410,437.24000000,0.00000000,0.1288669315,0.1250000000,2,0,8.52497712
2024-04-30T14:30:00-04:00,970.52694371,1300.00000000,124.98119962,845.54574410,407.62574410,437.92000000,0.00000000,0.1287766408,0.1250000000,2,0,8.52497712
2024-04-30T14:45:00-04:00,970.57161674,1300.00000000,124.83587264,845.73574410,407.62574410,438.11000000,0.00000000,0.1286209801,0.1250000000,2,0,8.52497712
2024-04-30T15:00:00-04:00,969.97344753,1300.00000000,124.89400343,845.07944410,407.62574410,437.45370000,0.00000000,0.1287602292,0.1250000000,2,0,8.52497712
2024-04-30T15:15:00-04:00,969.12408515,1300.00000000,124.69054566,844.43353949,740.49853949,103.93500000,0.00000000,0.1286631377,0.1250000000,1,0,3.41412950
2024-04-30T15:30:00-04:00,969.47060278,1300.00000000,124.83616329,844.63443949,740.49853949,104.13590000,0.00000000,0.1287673530,0.1250000000,1,0,3.41412950
2024-04-30T15:45:00-04:00,969.12408515,1300.00000000,124.69054566,844.43353949,740.49853949,103.93500000,0.00000000,0.1286631377,0.1250000000,1,1,3.41412950
2024-05-01T09:30:00-04:00,980.91976618,1300.00000000,122.97539669,857.94436949,354.64936949,503.29500000,0.00000000,0.1253674367,0.1250000000,2,2,3.41412950
2024-05-01T09:45:00-04:00,986.80657883,1300.00000000,122.65596800,864.15061084,404.36161084,459.78900000,0.00000000,0.1242958556,0.1250000000,2,1,14.78625139
2024-05-01T10:00:00-04:00,981.10968449,1300.00000000,122.33624865,858.77343584,44.39183584,814.38160000,0.00000000,0.1246917145,0.1250000000,3,0,21.51441683
2024-05-01T10:15:00-04:00,977.01322061,1300.00000000,122.53970642,854.47351419,397.36851419,457.10500000,0.00000000,0.1254227720,0.1250000000,2,1,14.78625139
2024-05-01T10:30:00-04:00,975.63256330,1300.00000000,122.55423911,853.07832419,10.15832419,842.92000000,0.00000000,0.1256151585,0.1250000000,3,0,21.23389964
2024-05-01T10:45:00-04:00,979.02756330,1300.00000000,122.55423911,856.47332419,10.15832419,846.31500000,0.00000000,0.1251795595,0.1250000000,3,1,21.23389964
2024-05-01T11:00:00-04:00,975.77256330,1300.00000000,122.55423911,853.21832419,10.15832419,843.06000000,0.00000000,0.1255971358,0.1250000000,3,0,21.23389964
2024-05-01T11:15:00-04:00,976.18050744,1300.00000000,122.30718325,853.87332419,10.15832419,843.71500000,0.00000000,0.1252915647,0.1250000000,3,0,21.23389964
2024-05-01T11:30:00-04:00,978.89550744,1300.00000000,122.30718325,856.58832419,10.15832419,846.43000000,0.00000000,0.1249440643,0.1250000000,3,0,17.81977015
2024-05-01T11:45:00-04:00,973.52288028,1300.00000000,122.37955609,851.14332419,10.15832419,840.98500000,0.00000000,0.1257079403,0.1250000000,3,0,17.81977015
2024-05-01T12:00:00-04:00,972.06892683,1300.00000000,122.21998707,849.84893976,115.38893976,734.46000000,0.00000000,0.1257318115,0.1250000000,2,0,17.81977015
2024-05-01T12:15:00-04:00,971.05345552,1300.00000000,122.53941576,848.51403976,115.38893976,733.12510000,0.00000000,0.1261922452,0.1250000000,2,0,17.81977015
2024-05-01T12:30:00-04:00,969.44295590,1300.00000000,122.10401614,847.33893976,115.38893976,731.95000000,0.00000000,0.1259527602,0.1250000000,2,0,17.81977015
2024-05-01T12:45:00-04:00,967.53295590,1300.00000000,122.10401614,845.42893976,115.38893976,730.04000000,0.00000000,0.1262014026,0.1250000000,2,0,17.81977015
2024-05-01T13:00:00-04:00,965.15795590,1300.00000000,122.10401614,843.05393976,115.38893976,727.66500000,0.00000000,0.1265119511,0.1250000000,2,0,17.81977015
2024-05-01T13:15:00-04:00,966.64144999,1300.00000000,122.45251023,844.18893976,115.38893976,728.80000000,0.00000000,0.1266783151,0.1250000000,2,0,17.81977015
2024-05-01T13:30:00-04:00,966.20144999,1300.00000000,122.45251023,843.74893976,115.38893976,728.36000000,0.00000000,0.1267360034,0.1250000000,2,0,17.81977015
2024-05-01T13:45:00-04:00,968.13515209,1300.00000000,122.19121233,845.94393976,115.38893976,730.55500000,0.00000000,0.1262129694,0.1250000000,2,1,17.81977015
2024-05-01T14:00:00-04:00,970.89466209,1300.00000000,122.19121233,848.70344976,3.58514976,845.11830000,0.00000000,0.1258542426,0.1250000000,3,1,20.17853360
2024-05-01T14:15:00-04:00,974.47636209,1300.00000000,122.19121233,852.28514976,3.58514976,848.70000000,0.00000000,0.1253916637,0.1250000000,3,0,20.17853360
2024-05-01T14:30:00-04:00,985.23472157,1300.00000000,122.56877181,862.66594976,3.58514976,859.08080000,0.00000000,0.1244056560,0.1250000000,3,3,11.37212189
2024-05-01T14:45:00-04:00,985.97157593,1300.00000000,123.55699525,862.41458068,117.35708068,745.05750000,0.00000000,0.1253149667,0.1250000000,3,3,11.46318240
2024-05-01T15:00:00-04:00,984.92997547,1300.00000000,123.61512604,861.31484943,3.89704943,857.41780000,0.00000000,0.1255065123,0.1250000000,4,0,13.66559253
2024-05-01T15:15:00-04:00,981.79440798,1300.00000000,123.84735855,857.94704943,3.89704943,854.05000000,0.00000000,0.1261438826,0.1250000000,4,0,13.66559253
2024-05-01T15:30:00-04:00,972.91297086,1300.00000000,122.91755655,849.99541431,503.52541431,346.47000000,0.00000000,0.1263397243,0.1250000000,2,0,11.46318240
2024-05-01T15:45:00-04:00,971.83605533,1300.00000000,122.51064102,849.32541431,503.52541431,345.80000000,0.00000000,0.1260610165,0.1250000000,2,0,11.46318240
2024-05-02T09:30:00-04:00,968.99613266,1300.00000000,123.46950841,845.52662425,842.84162425,2.68500000,0.00000000,0.1274200219,0.1250000000,1,1,0.00623132
2024-05-02T09:45:00-04:00,955.39957547,1300.00000000,123.46950841,831.93006706,829.24006706,2.69000000,0.00000000,0.1292333716,0.1250000000,1,0,0.00539301
2024-05-02T10:00:00-04:00,954.55064460,1300.00000000,122.65596800,831.89467660,831.89467660,0.00000000,0.00000000,0.1284960297,0.1250000000,0,0,0.00000000
2024-05-02T10:15:00-04:00,955.07004321,1300.00000000,123.17536661,831.89467660,831.89467660,0.00000000,0.00000000,0.1289699823,0.1250000000,0,2,0.00000000
2024-05-02T10:30:00-04:00,953.12073822,1300.00000000,122.69956609,830.42117213,132.43117213,697.99000000,0.00000000,0.1287345466,0.1250000000,2,1,22.26663194
2024-05-02T10:45:00-04:00,957.57619822,1300.00000000,122.69956609,834.87663213,3.21433213,831.66230000,0.00000000,0.1281355639,0.1250000000,3,0,25.80775006
2024-05-02T11:00:00-04:00,956.65693500,1300.00000000,123.38260288,833.27433213,3.21433213,830.06000000,0.00000000,0.1289726739,0.1250000000,3,0,25.80775006
2024-05-02T11:15:00-04:00,952.33693500,1300.00000000,123.38260288,828.95433213,3.21433213,825.74000000,0.00000000,0.1295577210,0.1250000000,3,0,25.80775006
2024-05-02T11:30:00-04:00,954.07880421,1300.00000000,123.32447209,830.75433213,3.21433213,827.54000000,0.00000000,0.1292602577,0.1250000000,3,0,25.80775006
2024-05-02T11:45:00-04:00,957.88080421,1300.00000000,123.32447209,834.55633213,3.21433213,831.34200000,0.00000000,0.1287472006,0.1250000000,3,0,25.80775006
2024-05-02T12:00:00-04:00,957.97614073,1300.00000000,123.25180860,834.72433213,3.21433213,831.51000000,0.00000000,0.1286585368,0.1250000000,3,0,25.80775006
2024-05-02T12:15:00-04:00,957.99114073,1300.00000000,123.25180860,834.73933213,3.21433213,831.52500000,0.00000000,0.1286565223,0.1250000000,3,1,25.80775006
2024-05-02T12:30:00-04:00,961.24407823,1300.00000000,123.25180860,837.99226963,0.46226963,837.53000000,0.00000000,0.1282211370,0.1250000000,4,0,25.90346944
2024-05-02T12:45:00-04:00,957.19197823,1300.00000000,123.25180860,833.94016963,0.46226963,833.47790000,0.00000000,0.1287639381,0.1250000000,4,1,25.90346944
2024-05-02T13:00:00-04:00,963.02067599,1300.00000000,123.66860637,839.35206963,0.46226963,838.88980000,0.00000000,0.1284173948,0.1250000000,4,0,25.90346944
2024-05-02T13:15:00-04:00,967.19712757,1300.00000000,123.46485795,843.73226963,0.46226963,843.27000000,0.00000000,0.1276522173,0.1250000000,4,0,25.90346944
2024-05-02T13:30:00-04:00,968.19712757,1300.00000000,123.46485795,844.73226963,0.46226963,844.27000000,0.00000000,0.1275203721,0.1250000000,4,0,25.90346944
2024-05-02T13:45:00-04:00,967.26712646,1300.00000000,123.67325683,843.59386963,0.46226963,843.13160000,0.00000000,0.1278584307,0.1250000000,4,0,25.90346944
2024-05-02T14:00:00-04:00,970.33672646,1300.00000000,123.67325683,846.66346963,0.46226963,846.20120000,0.00000000,0.1274539585,0.1250000000,4,0,25.90346944
2024-05-02T14:15:00-04:00,970.75052646,1300.00000000,123.67325683,847.07726963,0.46226963,846.61500000,0.00000000,0.1273996289,0.1250000000,4,2,25.90346944
2024-05-02T14:30:00-04:00,973.49725534,1300.00000000,123.77498571,849.72226963,0.46226963,849.26000000,0.00000000,0.1271446684,0.1250000000,4,2,12.11735566
2024-05-02T14:45:00-04:00,980.78475534,1300.00000000,123.77498571,857.00976963,0.46226963,856.54750000,0.00000000,0.1261999486,0.1250000000,4,2,12.11735566
2024-05-02T15:00:00-04:00,978.61337660,1300.00000000,124.05110697,854.56226963,0.46226963,854.10000000,0.00000000,0.1267621207,0.1250000000,4,2,12.02163629
2024-05-02T15:15:00-04:00,975.30357660,1300.00000000,124.05110697,851.25246963,0.46226963,850.79020000,0.00000000,0.1271923019,0.1250000000,4,0,12.02163629
2024-05-02T15:30:00-04:00,971.16669251,1300.00000000,124.05110697,847.11558554,375.67058554,471.44500000,0.00000000,0.1277341037,0.1250000000,3,0,12.02163629
2024-05-02T15:45:00-04:00,972.18957400,1300.00000000,123.83398847,848.35558554,375.67058554,472.68500000,0.00000000,0.1273763799,0.1250000000,3,2,12.02163629
2024-05-03T09:30:00-04:00,981.95481507,1300.00000000,126.32954330,855.62527177,517.00027177,338.62500000,0.00000000,0.1286510758,0.1250000000,1,5,8.48051817
2024-05-03T09:45:00-04:00,989.27270203,1300.00000000,126.98671189,862.28599014,3.43989014,858.84610000,0.00000000,0.1283637076,0.1250000000,5,1,22.58926401
2024-05-03T10:00:00-04:00,981.93754543,1300.00000000,126.51265529,855.42489014,3.43989014,851.98500000,0.00000000,0.1288398187,0.1250000000,5,0,22.58926401
2024-05-03T10:15:00-04:00,976.91662873,1300.00000000,126.37633859,850.54029014,3.43989014,847.10040000,0.00000000,0.1293624603,0.1250000000,5,0,22.58926401
2024-05-03T10:30:00-04:00,979.15762873,1300.00000000,126.37633859,852.78129014,3.43989014,849.34140000,0.00000000,0.1290663882,0.1250000000,5,0,22.58926401
2024-05-03T10:45:00-04:00,980.22822873,1300.00000000,126.37633859,853.85189014,3.43989014,850.41200000,0.00000000,0.1289254226,0.1250000000,5,1,22.58926401
2024-05-03T11:00:00-04:00,976.16442701,1300.00000000,126.20223687,849.96219014,3.43989014,846.52230000,0.00000000,0.1292837901,0.1250000000,5,0,22.58926401
2024-05-03T11:15:00-04:00,980.80525571,1300.00000000,126.52166557,854.28359014,3.43989014,850.84370000,0.00000000,0.1289977443,0.1250000000,5,0,22.58926401
2024-05-03T11:30:00-04:00,977.02621729,1300.00000000,126.63792715,850.38829014,3.43989014,846.94840000,0.00000000,0.1296156898,0.1250000000,5,0,22.58926401
2024-05-03T11:45:00-04:00,980.79420966,1300.00000000,126.81231952,853.98189014,3.43989014,850.54200000,0.00000000,0.1292955426,0.1250000000,5,0,22.58926401
2024-05-03T12:00:00-04:00,986.62458737,1300.00000000,126.65129723,859.97329014,3.43989014,856.53340000,0.00000000,0.1283682759,0.1250000000,5,0,22.58926401
2024-05-03T12:15:00-04:00,988.15018737,1300.00000000,126.65129723,861.49889014,3.43989014,858.05900000,0.00000000,0.1281700888,0.1250000000,5,0,22.58926401
2024-05-03T12:30:00-04:00,988.92927505,1300.00000000,126.84138491,862.08789014,3.43989014,858.64800000,0.00000000,0.1282613308,0.1250000000,5,0,22.58926401
2024-05-03T12:45:00-04:00,985.72693222,1300.00000000,126.66234208,859.06459014,3.43989014,855.62470000,0.00000000,0.1284963796,0.1250000000,5,0,22.58926401
2024-05-03T13:00:00-04:00,985.46180966,1300.00000000,126.81231952,858.64949014,3.43989014,855.20960000,0.00000000,0.1286831395,0.1250000000,5,0,22.58926401
2024-05-03T13:15:00-04:00,985.77481729,1300.00000000,126.63792715,859.13689014,3.43989014,855.69700000,0.00000000,0.1284653705,0.1250000000,5,0,22.58926401
2024-05-03T13:30:00-04:00,982.73901729,1300.00000000,126.63792715,856.10109014,3.43989014,852.66120000,0.00000000,0.1288622156,0.1250000000,5,0,22.58926401
2024-05-03T13:45:00-04:00,985.54831729,1300.00000000,126.63792715,858.91039014,3.43989014,855.47050000,0.00000000,0.1284948946,0.1250000000,5,0,22.58926401
2024-05-03T14:00:00-04:00,986.88081729,1300.00000000,126.63792715,860.24289014,3.43989014,856.80300000,0.00000000,0.1283213990,0.1250000000,5,1,22.58926401
2024-05-03T14:15:00-04:00,989.85536354,1300.00000000,126.63792715,863.21743639,0.43263639,862.78480000,0.00000000,0.1279357892,0.1250000000,6,0,22.68276468
2024-05-03T14:30:00-04:00,985.07269978,1300.00000000,126.87626339,858.19643639,0.43263639,857.76380000,0.00000000,0.1287988830,0.1250000000,6,0,22.68276468
2024-05-03T14:45:00-04:00,986.47401749,1300.00000000,126.92858110,859.54543639,0.43263639,859.11280000,0.00000000,0.1286689551,0.1250000000,6,0,22.68276468
2024-05-03T15:00:00-04:00,988.49428951,1300.00000000,126.86725312,861.62703639,0.43263639,861.19440000,0.00000000,0.1283439413,0.1250000000,6,0,22.68276468
2024-05-03T15:15:00-04:00,990.59954828,1300.00000000,126.98671189,863.61283639,0.43263639,863.18020000,0.00000000,0.1281917725,0.1250000000,6,0,22.68276468
2024-05-03T15:30:00-04:00,993.58434828,1300.00000000,126.98671189,866.59763639,0.43263639,866.16500000,0.00000000,0.1278066750,0.1250000000,6,0,22.68276468
2024-05-03T15:45:00-04:00,1005.29867742,1300.00000000,126.78325412,878.51542330,414.35042330,464.16500000,0.00000000,0.1261150114,0.1250000000,5,1,11.84523275
2024-05-06T09:30:00-04:00,1022.54377893,1300.00000000,127.73950563,894.80427330,16.25207330,878.55220000,0.00000000,0.1249232632,0.1250000000,6,0,10.30629931
2024-05-06T09:45:00-04:00,1017.04932179,1300.00000000,127.88744849,889.16187330,16.25207330,872.90980000,0.00000000,0.1257436053,0.1250000000,6,0,8.70356452
2024-05-06T10:00:00-04:00,1017.01796018,1300.00000000,127.78601026,889.23194992,490.86694992,398.36500000,0.00000000,0.1256477420,0.1250000000,4,1,8.70356452
2024-05-06T10:15:00-04:00,1020.21667544,1300.00000000,127.88279803,892.33387742,93.13887742,799.19500000,0.00000000,0.1253486648,0.1250000000,5,1,9.11212746
2024-05-06T10:30:00-04:00,1020.65790861,1300.00000000,127.88773914,892.77016947,2.26016947,890.51000000,0.00000000,0.1252993173,0.1250000000,6,0,13.06581694
2024-05-06T10:45:00-04:00,1023.09009115,1300.00000000,127.80286819,895.28722296,10.94222296,884.34500000,0.00000000,0.1249184889,0.1250000000,5,0,13.06581694
2024-05-06T11:00:00-04:00,1020.68430052,1300.00000000,127.77147756,892.91282296,10.94222296,881.97060000,0.00000000,0.1251821719,0.1250000000,5,0,13.06581694
2024-05-06T11:15:00-04:00,1023.82933131,1300.00000000,127.82960835,895.99972296,10.94222296,885.05750000,0.00000000,0.1248544112,0.1250000000,5,0,13.06581694
2024-05-06T11:30:00-04:00,1023.73838688,1300.00000000,127.91680454,895.82158234,14.13408234,881.68750000,0.00000000,0.1249506770,0.1250000000,4,0,13.06581694
2024-05-06T11:45:00-04:00,1023.37466162,1300.00000000,127.94557928,895.42908234,14.13408234,881.29500000,0.00000000,0.1250232042,0.1250000000,4,0,13.06581694
2024-05-06T12:00:00-04:00,1025.60872468,1300.00000000,127.88221672,897.72650796,368.76150796,528.96500000,0.00000000,0.1246890882,0.1250000000,3,0,13.06581694
2024-05-06T12:15:00-04:00,1024.51440999,1300.00000000,127.57790203,896.93650796,368.76150796,528.17500000,0.00000000,0.1245252393,0.1250000000,3,0,13.06581694
2024-05-06T12:30:00-04:00,1025.95250999,1300.00000000,127.57790203,898.37460796,368.76150796,529.61310000,0.00000000,0.1243506895,0.1250000000,3,0,13.06581694
2024-05-06T12:45:00-04:00,1024.49110999,1300.00000000,127.57790203,896.91320796,368.76150796,528.15170000,0.00000000,0.1245280713,0.1250000000,3,0,13.06581694
2024-05-06T13:00:00-04:00,1023.87280999,1300.00000000,127.57790203,896.29490796,368.76150796,527.53340000,0.00000000,0.1246032718,0.1250000000,3,0,13.06581694
2024-05-06T13:15:00-04:00,1024.19298552,1300.00000000,127.77147756,896.42150796,368.76150796,527.66000000,0.00000000,0.1247533222,0.1250000000,3,1,13.06581694
2024-05-06T13:30:00-04:00,1023.60038888,1300.00000000,127.97464468,895.62574421,0.80074421,894.82500000,0.00000000,0.1250240290,0.1250000000,4,0,21.01016251
2024-05-06T13:45:00-04:00,1025.95038888,1300.00000000,127.97464468,897.97574421,0.80074421,897.17500000,0.00000000,0.1247376540,0.1250000000,4,0,21.01016251
2024-05-06T14:00:00-04:00,1022.50538888,1300.00000000,127.97464468,894.53074421,0.80074421,893.73000000,0.00000000,0.1251579171,0.1250000000,4,2,21.01016251
2024-05-06T14:15:00-04:00,1022.61514112,1300.00000000,128.09119691,894.52394421,0.80074421,893.72320000,0.00000000,0.1252584592,0.1250000000,4,0,21.01016251
2024-05-06T14:30:00-04:00,1020.87165046,1300.00000000,128.09090626,892.78074421,0.80074421,891.98000000,0.00000000,0.1254720965,0.1250000000,4,0,21.01016251
2024-05-06T14:45:00-04:00,1022.25555046,1300.00000000,128.09090626,894.16464421,0.80074421,893.36390000,0.00000000,0.1253022360,0.1250000000,4,0,21.01016251
2024-05-06T15:00:00-04:00,1018.92945046,1300.00000000,128.09090626,890.83854421,0.80074421,890.03780000,0.00000000,0.1257112612,0.1250000000,4,0,21.01016251
2024-05-06T15:15:00-04:00,1020.71555046,1300.00000000,128.09090626,892.62464421,0.80074421,891.82390000,0.00000000,0.1254912852,0.1250000000,4,0,21.01016251
2024-05-06T15:30:00-04:00,1020.47610651,1300.00000000,128.12026231,892.35584421,0.80074421,891.55510000,0.00000000,0.1255494974,0.1250000000,4,1,21.01016251
2024-05-06T15:45:00-04:00,1022.58633349,1300.00000000,128.26558928,894.32074421,0.80074421,893.52000000,0.00000000,0.1254325284,0.1250000000,4,2,21.01016251
2024-05-07T09:30:00-04:00,1020.59611245,1300.00000000,128.55420866,892.04190379,748.16240379,143.87950000,0.00000000,0.1259599239,0.1250000000,2,3,3.34045269
2024-05-07T09:45:00-04:00,1010.02461782,1300.00000000,128.38185086,881.64276696,711.69276696,169.95000000,0.00000000,0.1271076453,0.1250000000,2,0,5.86264366
2024-05-07T10:00:00-04:00,1010.81461782,1300.00000000,128.38185086,882.43276696,711.69276696,170.74000000,0.00000000,0.1270083046,0.1250000000,2,1,5.86264366
2024-05-07T10:15:00-04:00,1007.43472131,1300.00000000,128.17839310,879.25632821,312.80882821,566.44750000,0.00000000,0.1272324552,0.1250000000,3,0,14.57358450
2024-05-07T10:30:00-04:00,1007.57704828,1300.00000000,128.32372007,879.25332821,312.80882821,566.44450000,0.00000000,0.1273587169,0.1250000000,3,0,14.57358450
2024-05-07T10:45:00-04:00,1010.02600605,1300.00000000,128.52717784,881.49882821,312.80882821,568.69000000,0.00000000,0.1272513550,0.1250000000,3,1,14.57358450
2024-05-07T11:00:00-04:00,1012.42655605,1300.00000000,128.52717784,883.89937821,58.01787821,825.88150000,0.00000000,0.1269496311,0.1250000000,4,0,17.13805477
2024-05-07T11:15:00-04:00,1012.95621763,1300.00000000,128.64343942,884.31277821,58.01787821,826.29490000,0.00000000,0.1269980254,0.1250000000,4,0,17.13805477
2024-05-07T11:30:00-04:00,1013.30081763,1300.00000000,128.64343942,884.65737821,58.01787821,826.63950000,0.00000000,0.1269548363,0.1250000000,4,1,17.13805477
2024-05-07T11:45:00-04:00,1012.05442526,1300.00000000,128.46904705,883.58537821,58.01787821,825.56750000,0.00000000,0.1269388719,0.1250000000,4,1,17.13805477
2024-05-07T12:00:00-04:00,1012.36342526,1300.00000000,128.46904705,883.89437821,58.01787821,825.87650000,0.00000000,0.1269001268,0.1250000000,4,0,17.13805477
2024-05-07T12:15:00-04:00,1011.63538303,1300.00000000,128.67250482,882.96287821,58.01787821,824.94500000,0.00000000,0.1271925705,0.1250000000,4,0,17.13805477
2024-05-07T12:30:00-04:00,1011.43805780,1300.00000000,128.67017958,882.76787821,58.01787821,824.75000000,0.00000000,0.1272150861,0.1250000000,4,0,17.13805477
2024-05-07T12:45:00-04:00,1011.29365224,1300.00000000,128.61437402,882.67927821,58.01787821,824.66140000,0.00000000,0.1271780691,0.1250000000,4,0,17.13805477
2024-05-07T13:00:00-04:00,1010.50518684,1300.00000000,128.58530863,881.91987821,58.01787821,823.90200000,0.00000000,0.1272485390,0.1250000000,4,1,17.13805477
2024-05-07T13:15:00-04:00,1010.19306510,1300.00000000,128.52717784,881.66588726,0.92048726,880.74540000,0.00000000,0.1272303110,0.1250000000,5,1,19.06492135
2024-05-07T13:30:00-04:00,1007.57796129,1300.00000000,128.61437402,878.96358726,0.92048726,878.04310000,0.00000000,0.1276470695,0.1250000000,5,0,19.06492135
2024-05-07T13:45:00-04:00,1006.18423812,1300.00000000,128.38185086,877.80238726,0.92048726,876.88190000,0.00000000,0.1275927867,0.1250000000,5,0,19.06492135
2024-05-07T14:00:00-04:00,1005.09353812,1300.00000000,128.38185086,876.71168726,0.92048726,875.79120000,0.00000000,0.1277312469,0.1250000000,5,1,19.06492135
2024-05-07T14:15:00-04:00,1002.88437931,1300.00000000,128.23652389,874.64785542,390.80085542,483.84700000,0.00000000,0.1278677049,0.1250000000,4,1,10.35398051
2024-05-07T14:30:00-04:00,1004.93561386,1300.00000000,128.07666421,876.85894965,2.50214965,874.35680000,0.00000000,0.1274476319,0.1250000000,5,0,35.71974390
2024-05-07T14:45:00-04:00,1008.36331386,1300.00000000,128.07666421,880.28664965,2.50214965,877.78450000,0.00000000,0.1270144029,0.1250000000,5,0,35.71974390
2024-05-07T15:00:00-04:00,1003.35329781,1300.00000000,128.26064816,875.09264965,2.50214965,872.59050000,0.00000000,0.1278319894,0.1250000000,5,0,32.37929121
2024-05-07T15:15:00-04:00,1005.12015937,1300.00000000,128.40800972,876.71214965,2.50214965,874.21000000,0.00000000,0.1277538894,0.1250000000,5,0,32.37929121
2024-05-07T15:30:00-04:00,995.46607470,1300.00000000,128.26558928,867.20048542,113.94048542,753.26000000,0.00000000,0.1288497846,0.1250000000,4,0,32.37929121
2024-05-07T15:45:00-04:00,993.40487470,1300.00000000,128.26558928,865.13928542,113.94048542,751.19880000,0.00000000,0.1291171330,0.1250000000,4,0,32.37929121
2024-05-08T09:30:00-04:00,965.91048025,1300.00000000,126.63792715,839.27255310,781.27255310,58.00000000,0.00000000,0.1311073125,0.1250000000,1,1,0.00000000
2024-05-08T09:45:00-04:00,953.62318995,1300.00000000,126.89980636,826.72338360,826.72338360,0.00000000,0.00000000,0.1330712253,0.1250000000,0,0,0.00000000
2024-05-08T10:00:00-04:00,953.73916088,1300.00000000,127.01577729,826.72338360,826.72338360,0.00000000,0.00000000,0.1331766404,0.1250000000,0,0,0.00000000
2024-05-08T10:15:00-04:00,953.88012805,1300.00000000,127.15674445,826.72338360,826.72338360,0.00000000,0.00000000,0.1333047421,0.1250000000,0,1,0.00000000
2024-05-08T10:30:00-04:00,952.16523805,1300.00000000,127.15674445,825.00849360,460.32879360,364.67970000,0.00000000,0.1335448296,0.1250000000,1,0,5.98132419
2024-05-08T10:45:00-04:00,953.31608679,1300.00000000,126.98729320,826.32879360,460.32879360,366.00000000,0.00000000,0.1332058642,0.1250000000,1,0,5.98132419
2024-05-08T11:00:00-04:00,952.75583246,1300.00000000,127.13203887,825.62379360,460.32879360,365.29500000,0.00000000,0.1334361171,0.1250000000,1,0,5.98132419
2024-05-08T11:15:00-04:00,953.40550549,1300.00000000,126.98671189,826.41879360,460.32879360,366.09000000,0.00000000,0.1331927613,0.1250000000,1,0,5.98132419
2024-05-08T11:30:00-04:00,954.22910358,1300.00000000,127.03030998,827.19879360,460.32879360,366.87000000,0.00000000,0.1331234915,0.1250000000,1,1,5.98132419
2024-05-08T11:45:00-04:00,938.63332647,1300.00000000,127.05530622,811.57802025,82.74802025,728.83000000,0.00000000,0.1353620233,0.1250000000,2,0,34.19440067
2024-05-08T12:00:00-04:00,930.63332647,1300.00000000,127.05530622,803.57802025,82.74802025,720.83000000,0.00000000,0.1365256354,0.1250000000,2,0,34.19440067
2024-05-08T12:15:00-04:00,934.72099372,1300.00000000,127.10297347,807.61802025,82.74802025,724.87000000,0.00000000,0.1359795857,0.1250000000,2,0,34.19440067
2024-05-08T12:30:00-04:00,940.56439372,1300.00000000,127.10297347,813.46142025,82.74802025,730.71340000,0.00000000,0.1351347917,0.1250000000,2,0,34.19440067
2024-05-08T12:45:00-04:00,942.11239753,1300.00000000,127.01577729,815.09662025,82.74802025,732.34860000,0.00000000,0.1348201951,0.1250000000,2,0,34.19440067
2024-05-08T13:00:00-04:00,935.83159753,1300.00000000,127.01577729,808.81582025,82.74802025,726.06780000,0.00000000,0.1357250360,0.1250000000,2,0,34.19440067
2024-05-08T13:15:00-04:00,938.96228167,1300.00000000,126.98206143,811.98022025,82.74802025,729.23220000,0.00000000,0.1352365946,0.1250000000,2,0,34.19440067
2024-05-08T13:30:00-04:00,936.95988167,1300.00000000,126.98206143,809.97782025,82.74802025,727.22980000,0.00000000,0.1355256120,0.1250000000,2,0,34.19440067
2024-05-08T13:45:00-04:00,937.94728167,1300.00000000,126.98206143,810.96522025,82.74802025,728.21720000,0.00000000,0.1353829409,0.1250000000,2,0,34.19440067
2024-05-08T14:00:00-04:00,939.02070306,1300.00000000,127.10268282,811.91802025,82.74802025,729.17000000,0.00000000,0.1353566353,0.1250000000,2,0,34.19440067
2024-05-08T14:15:00-04:00,948.49530306,1300.00000000,127.10268282,821.39262025,82.74802025,738.64460000,0.00000000,0.1340045464,0.1250000000,2,0,34.19440067
2024-05-08T14:30:00-04:00,934.88474516,1300.00000000,127.05472492,807.83002025,82.74802025,725.08200000,0.00000000,0.1359041589,0.1250000000,2,0,34.19440067
2024-05-08T14:45:00-04:00,925.41841626,1300.00000000,127.05472492,798.36369135,431.85369135,366.51000000,0.00000000,0.1372943554,0.1250000000,1,0,5.98132419
2024-05-08T15:00:00-04:00,924.74585550,1300.00000000,127.07216415,797.67369135,431.85369135,365.82000000,0.00000000,0.1374130669,0.1250000000,1,1,5.98132419
2024-05-08T15:15:00-04:00,925.52124300,1300.00000000,127.07216415,798.44907885,65.82937885,732.61970000,0.00000000,0.1372979444,0.1250000000,2,0,20.64391684
2024-05-08T15:30:00-04:00,921.43141771,1300.00000000,127.13203887,794.29937885,65.82937885,728.47000000,0.00000000,0.1379723292,0.1250000000,2,1,20.64391684
2024-05-08T15:45:00-04:00,917.53718811,1300.00000000,127.16110426,790.37608385,14.73108385,775.64500000,0.00000000,0.1385895917,0.1250000000,3,3,21.12230430
2024-05-09T09:30:00-04:00,916.24030268,1300.00000000,114.82178411,801.41851856,360.53351856,440.88500000,0.00000000,0.1253184168,0.1250000000,3,3,6.59222961
2024-05-09T09:45:00-04:00,913.54310775,1300.00000000,115.05825918,798.48484856,0.30354856,798.18130000,0.00000000,0.1259472686,0.1250000000,5,0,13.11565396
2024-05-09T10:00:00-04:00,914.73657226,1300.00000000,115.08453419,799.65203806,52.35983806,747.29220000,0.00000000,0.1258116683,0.1250000000,4,0,13.11565396
2024-05-09T10:15:00-04:00,912.93473711,1300.00000000,114.90034639,798.03439072,400.83939072,397.19500000,0.00000000,0.1258582259,0.1250000000,3,0,6.84069994
2024-05-09T10:30:00-04:00,916.24279643,1300.00000000,115.13340571,801.10939072,400.83939072,400.27000000,0.00000000,0.1256581838,0.1250000000,3,0,0.85937575
2024-05-09T10:45:00-04:00,916.18402501,1300.00000000,115.39983429,800.78419072,400.83939072,399.94480000,0.00000000,0.1259570470,0.1250000000,3,0,0.85937575
2024-05-09T11:00:00-04:00,914.47902501,1300.00000000,115.39983429,799.07919072,400.83939072,398.23980000,0.00000000,0.1261918875,0.1250000000,3,0,0.85937575
2024-05-09T11:15:00-04:00,913.78511253,1300.00000000,115.46552181,798.31959072,400.83939072,397.48020000,0.00000000,0.1263596005,0.1250000000,3,1,0.85937575
2024-05-09T11:30:00-04:00,911.37913753,1300.00000000,115.46552181,795.91361572,40.86961572,755.04400000,0.00000000,0.1266931808,0.1250000000,4,0,9.41885516
2024-05-09T11:45:00-04:00,913.03273762,1300.00000000,114.95342190,798.07931572,40.86961572,757.20970000,0.00000000,0.1259028479,0.1250000000,4,0,9.41885516
2024-05-09T12:00:00-04:00,915.63503724,1300.00000000,115.34702152,800.28801572,40.86961572,759.41840000,0.00000000,0.1259748883,0.1250000000,4,0,9.17038483
2024-05-09T12:15:00-04:00,913.61445775,1300.00000000,115.39484203,798.21961572,40.86961572,757.35000000,0.00000000,0.1263058406,0.1250000000,4,0,9.17038483
2024-05-09T12:30:00-04:00,909.14215775,1300.00000000,115.39484203,793.74731572,40.86961572,752.87770000,0.00000000,0.1269271709,0.1250000000,4,0,9.17038483
2024-05-09T12:45:00-04:00,911.71505775,1300.00000000,115.39484203,796.32021572,40.86961572,755.45060000,0.00000000,0.1265689768,0.1250000000,4,0,9.17038483
2024-05-09T13:00:00-04:00,909.82542498,1300.00000000,115.32100926,794.50441572,40.86961572,753.63480000,0.00000000,0.1267506997,0.1250000000,4,0,9.17038483
2024-05-09T13:15:00-04:00,909.56562498,1300.00000000,115.32100926,794.24461572,40.86961572,753.37500000,0.00000000,0.1267869037,0.1250000000,4,1,9.17038483
2024-05-09T13:30:00-04:00,910.03071703,1300.00000000,115.32100926,794.70970777,0.42870777,794.28100000,0.00000000,0.1267221063,0.1250000000,5,0,11.30261792
2024-05-09T13:45:00-04:00,908.72321771,1300.00000000,115.42610929,793.29710842,372.29090842,421.00620000,0.00000000,0.1270200948,0.1250000000,4,0,11.30261792
2024-05-09T14:00:00-04:00,909.36021771,1300.00000000,115.42610929,793.93410842,372.29090842,421.64320000,0.00000000,0.1269311182,0.1250000000,4,0,11.30261792
2024-05-09T14:15:00-04:00,908.74381771,1300.00000000,115.42610929,793.31770842,372.29090842,421.02680000,0.00000000,0.1270172155,0.1250000000,4,0,11.30261792
2024-05-09T14:30:00-04:00,908.05579269,1300.00000000,115.34728427,792.70850842,372.29090842,420.41760000,0.00000000,0.1270266488,0.1250000000,4,2,11.30261792
2024-05-09T14:45:00-04:00,903.59645394,1300.00000000,115.34728427,788.24916967,10.23456967,778.01460000,0.00000000,0.1276535380,0.1250000000,5,1,21.60503017
2024-05-09T15:00:00-04:00,907.78645394,1300.00000000,115.34728427,792.43916967,10.23456967,782.20460000,0.00000000,0.1270643374,0.1250000000,5,1,21.60503017
2024-05-09T15:15:00-04:00,903.34735391,1300.00000000,115.24218424,788.10516967,10.23456967,777.87060000,0.00000000,0.1275723937,0.1250000000,5,1,21.60503017
2024-05-09T15:30:00-04:00,901.89649177,1300.00000000,115.24218424,786.65430753,361.38130753,425.27300000,0.00000000,0.1277776167,0.1250000000,4,0,13.04555076
2024-05-09T15:45:00-04:00,901.42709177,1300.00000000,115.24218424,786.18490753,361.38130753,424.80360000,0.00000000,0.1278441543,0.1250000000,4,1,13.04555076
2024-05-10T09:30:00-04:00,904.02833522,1300.00000000,116.00258297,788.02575225,413.71075225,374.31500000,0.00000000,0.1283174193,0.1250000000,2,2,10.91331767
2024-05-10T09:45:00-04:00,896.88447239,1300.00000000,115.87278443,781.01168796,160.58668796,620.42500000,0.00000000,0.1291947714,0.1250000000,3,1,14.15012092
2024-05-10T10:00:00-04:00,893.56614989,1300.00000000,115.87278443,777.69336546,0.83696546,776.85640000,0.00000000,0.1296745456,0.1250000000,4,0,20.92814099
2024-05-10T10:15:00-04:00,880.70175298,1300.00000000,115.87278443,764.82896855,412.38896855,352.44000000,0.00000000,0.1315686997,0.1250000000,1,0,10.30241225
2024-05-10T10:30:00-04:00,880.43900290,1300.00000000,115.61003435,764.82896855,412.38896855,352.44000000,0.00000000,0.1313095330,0.1250000000,1,0,10.30241225
2024-05-10T10:45:00-04:00,882.89880284,1300.00000000,115.39983429,767.49896855,412.38896855,355.11000000,0.00000000,0.1307056187,0.1250000000,1,0,10.30241225
2024-05-10T11:00:00-04:00,881.56380284,1300.00000000,115.39983429,766.16396855,412.38896855,353.77500000,0.00000000,0.1309035533,0.1250000000,1,0,10.30241225
2024-05-10T11:15:00-04:00,879.49804746,1300.00000000,115.61896785,763.87907961,763.87907961,0.00000000,0.00000000,0.1314601757,0.1250000000,0,0,0.00000000
2024-05-10T11:30:00-04:00,879.30518890,1300.00000000,115.42610929,763.87907961,763.87907961,0.00000000,0.00000000,0.1312696783,0.1250000000,0,0,0.00000000
2024-05-10T11:45:00-04:00,879.30518890,1300.00000000,115.42610929,763.87907961,763.87907961,0.00000000,0.00000000,0.1312696783,0.1250000000,0,0,0.00000000
2024-05-10T12:00:00-04:00,879.30518890,1300.00000000,115.42610929,763.87907961,763.87907961,0.00000000,0.00000000,0.1312696783,0.1250000000,0,0,0.00000000
2024-05-10T12:15:00-04:00,879.54481697,1300.00000000,115.66573737,763.87907961,763.87907961,0.00000000,0.00000000,0.1315063600,0.1250000000,0,0,0.00000000
2024-05-10T12:30:00-04:00,879.48911396,1300.00000000,115.61003435,763.87907961,763.87907961,0.00000000,0.00000000,0.1314513534,0.1250000000,0,0,0.00000000
2024-05-10T12:45:00-04:00,879.48911396,1300.00000000,115.61003435,763.87907961,763.87907961,0.00000000,0.00000000,0.1314513534,0.1250000000,0,1,0.00000000
2024-05-10T13:00:00-04:00,875.09157146,1300.00000000,115.61003435,759.48153711,412.22553711,347.25600000,0.00000000,0.1321119276,0.1250000000,1,0,25.09825061
2024-05-10T13:15:00-04:00,877.63557146,1300.00000000,115.61003435,762.02553711,412.22553711,349.80000000,0.00000000,0.1317289751,0.1250000000,1,0,25.09825061
2024-05-10T13:30:00-04:00,879.47788394,1300.00000000,115.54434683,763.93353711,412.22553711,351.70800000,0.00000000,0.1313783427,0.1250000000,1,0,25.09825061
2024-05-10T13:45:00-04:00,878.68288394,1300.00000000,115.54434683,763.13853711,412.22553711,350.91300000,0.00000000,0.1314972090,0.1250000000,1,0,25.09825061
2024-05-10T14:00:00-04:00,878.20588394,1300.00000000,115.54434683,762.66153711,412.22553711,350.43600000,0.00000000,0.1315686321,0.1250000000,1,1,25.09825061
2024-05-10T14:15:00-04:00,873.82453394,1300.00000000,115.54434683,758.28018711,170.24418711,588.03600000,0.00000000,0.1322283163,0.1250000000,2,0,27.65930356
2024-05-10T14:30:00-04:00,880.55053394,1300.00000000,115.54434683,765.00618711,170.24418711,594.76200000,0.00000000,0.1312183031,0.1250000000,2,0,27.65930356
2024-05-10T14:45:00-04:00,875.62153394,1300.00000000,115.54434683,760.07718711,170.24418711,589.83300000,0.00000000,0.1319569498,0.1250000000,2,0,27.65930356
2024-05-10T15:00:00-04:00,875.74337150,1300.00000000,115.76768440,759.97568711,170.24418711,589.73150000,0.00000000,0.1321936176,0.1250000000,2,0,27.65930356
2024-05-10T15:15:00-04:00,872.56829656,1300.00000000,115.95160945,756.61668711,170.24418711,586.37250000,0.00000000,0.1328854256,0.1250000000,2,0,27.65930356
2024-05-10T15:30:00-04:00,866.19064651,1300.00000000,115.79395940,750.39668711,170.24418711,580.15250000,0.00000000,0.1336818400,0.1250000000,2,0,27.65930356
2024-05-10T15:45:00-04:00,864.42564651,1300.00000000,115.79395940,748.63168711,170.24418711,578.38750000,0.00000000,0.1339547940,0.1250000000,2,1,27.65930356
2024-05-13T09:30:00-04:00,865.63819583,1300.00000000,116.01650872,749.62168711,170.24418711,579.37750000,0.00000000,0.1340242486,0.1250000000,2,4,25.09825061
2024-05-13T09:45:00-04:00,882.71538482,1300.00000000,115.84650942,766.86887540,247.11487540,519.75400000,0.00000000,0.1312388018,0.1250000000,2,4,31.41916195
2024-05-13T10:00:00-04:00,886.52851990,1300.00000000,116.10925950,770.41926040,2.11126040,768.30800000,0.00000000,0.1309706985,0.1250000000,4,2,34.17173314
2024-05-13T10:15:00-04:00,874.21229567,1300.00000000,116.18808452,758.02421115,0.31091115,757.71330000,0.00000000,0.1329060288,0.1250000000,5,1,34.25137474
2024-05-13T10:30:00-04:00,877.18649055,1300.00000000,116.16180951,761.02468104,122.37168104,638.65300000,0.00000000,0.1324254429,0.1250000000,4,1,31.28999392
2024-05-13T10:45:00-04:00,872.67841555,1300.00000000,116.16180951,756.51660604,1.38100604,755.13560000,0.00000000,0.1331095252,0.1250000000,5,0,36.64668951
2024-05-13T11:00:00-04:00,879.85014054,1300.00000000,116.13553450,763.71460604,1.38100604,762.33360000,0.00000000,0.1319946763,0.1250000000,5,1,36.64668951
2024-05-13T11:15:00-04:00,880.64938627,1300.00000000,116.13553450,764.51385177,183.93325177,580.58060000,0.00000000,0.1318748827,0.1250000000,4,0,36.64668951
2024-05-13T11:30:00-04:00,875.10620977,1300.00000000,116.13395800,758.97225177,183.93325177,575.03900000,0.00000000,0.1327084149,0.1250000000,4,0,36.64668951
2024-05-13T11:45:00-04:00,878.65115877,1300.00000000,116.13290700,762.51825177,183.93325177,578.58500000,0.00000000,0.1321718020,0.1250000000,4,0,36.64668951
2024-05-13T12:00:00-04:00,876.74213629,1300.00000000,116.18808452,760.55405177,183.93325177,576.62080000,0.00000000,0.1325225282,0.1250000000,4,0,36.64668951
2024-05-13T12:15:00-04:00,868.88181170,1300.00000000,116.18808452,752.69372718,510.24362718,242.45010000,0.00000000,0.1337213911,0.1250000000,3,0,11.54843890
2024-05-13T12:30:00-04:00,867.35476169,1300.00000000,116.13553450,751.21922718,510.24362718,240.97560000,0.00000000,0.1338962321,0.1250000000,3,1,11.54843890
2024-05-13T12:45:00-04:00,870.63451549,1300.00000000,116.31945956,754.31505593,164.28935593,590.02570000,0.00000000,0.1336030877,0.1250000000,4,1,27.43891370
2024-05-13T13:00:00-04:00,862.94920540,1300.00000000,116.00415947,746.94504593,39.51584593,707.42920000,0.00000000,0.1344275639,0.1250000000,5,0,30.00576050
2024-05-13T13:15:00-04:00,866.76090540,1300.00000000,116.00415947,750.75674593,39.51584593,711.24090000,0.00000000,0.1338364003,0.1250000000,5,0,30.00576050
2024-05-13T13:30:00-04:00,865.79880546,1300.00000000,116.21435953,749.58444593,39.51584593,710.06860000,0.00000000,0.1342279047,0.1250000000,5,0,30.00576050
2024-05-13T13:45:00-04:00,866.39356469,1300.00000000,116.13211875,750.26144593,39.51584593,710.74560000,0.00000000,0.1340408372,0.1250000000,5,1,30.00576050
2024-05-13T14:00:00-04:00,863.74117019,1300.00000000,116.13211875,747.60905143,0.16035143,747.44870000,0.00000000,0.1344524526,0.1250000000,6,0,32.13691988
2024-05-13T14:15:00-04:00,867.92267019,1300.00000000,116.13211875,751.79055143,0.16035143,751.63020000,0.00000000,0.1338046842,0.1250000000,6,0,32.13691988
2024-05-13T14:30:00-04:00,861.83513195,1300.00000000,116.18388052,745.65125143,0.16035143,745.49090000,0.00000000,0.1348098682,0.1250000000,6,0,32.13691988
2024-05-13T14:45:00-04:00,861.87903319,1300.00000000,116.14578176,745.73325143,0.16035143,745.57290000,0.00000000,0.1347587971,0.1250000000,6,0,32.13691988
2024-05-13T15:00:00-04:00,856.86913319,1300.00000000,116.14578176,740.72335143,0.16035143,740.56300000,0.00000000,0.1355466982,0.1250000000,6,0,32.13691988
2024-05-13T15:15:00-04:00,853.33103319,1300.00000000,116.14578176,737.18525143,0.16035143,737.02490000,0.00000000,0.1361087049,0.1250000000,6,0,32.13691988
2024-05-13T15:30:00-04:00,857.75733319,1300.00000000,116.14578176,741.61155143,0.16035143,741.45120000,0.00000000,0.1354063408,0.1250000000,6,0,32.13691988
2024-05-13T15:45:00-04:00,860.72625847,1300.00000000,116.23800704,744.48825143,0.16035143,744.32790000,0.00000000,0.1350464284,0.1250000000,6,0,32.13691988
2024-05-14T09:30:00-04:00,1128.97938665,1300.00000000,116.37200958,1012.60737707,715.27767707,297.32970000,0.00000000,0.1030771783,0.1250000000,3,3,6.11210170
2024-05-14T09:45:00-04:00,1130.75124649,1300.00000000,116.13553450,1014.61571198,48.91071198,965.70500000,0.00000000,0.1027065280,0.1250000000,5,1,22.82855976
2024-05-14T10:00:00-04:00,1148.90450221,1300.00000000,116.24063454,1032.66386768,143.20386768,889.46000000,0.00000000,0.1011751928,0.1250000000,5,0,23.28087001
2024-05-14T10:15:00-04:00,1147.21701279,1300.00000000,116.48814511,1030.72886768,143.20386768,887.52500000,0.00000000,0.1015397643,0.1250000000,5,1,18.75658266
2024-05-14T10:30:00-04:00,1136.49633473,1300.00000000,116.31945956,1020.17687518,47.14187518,973.03500000,0.00000000,0.1023491726,0.1250000000,6,0,20.00781787
2024-05-14T10:45:00-04:00,1141.97209169,1300.00000000,116.55567188,1025.41641981,171.88441981,853.53200000,0.00000000,0.1020652542,0.1250000000,5,1,20.00781787
2024-05-14T11:00:00-04:00,1143.29414811,1300.00000000,116.60717089,1026.68697721,0.09887721,1026.58810000,0.00000000,0.1019922748,0.1250000000,6,0,32.22589920
2024-05-14T11:15:00-04:00,1145.44638285,1300.00000000,116.57800564,1028.86837721,0.09887721,1028.76950000,0.00000000,0.1017751746,0.1250000000,6,0,32.22589920
2024-05-14T11:30:00-04:00,1135.95936179,1300.00000000,116.39828458,1019.56107721,0.09887721,1019.46220000,0.00000000,0.1024669442,0.1250000000,6,0,32.22589920
2024-05-14T11:45:00-04:00,1130.25156179,1300.00000000,116.39828458,1013.85327721,0.09887721,1013.75440000,0.00000000,0.1029844050,0.1250000000,6,0,32.22589920
2024-05-14T12:00:00-04:00,1130.22006179,1300.00000000,116.39828458,1013.82177721,0.09887721,1013.72290000,0.00000000,0.1029872752,0.1250000000,6,0,32.22589920
2024-05-14T12:15:00-04:00,1132.40611178,1300.00000000,116.34573457,1016.06037721,0.09887721,1015.96150000,0.00000000,0.1027420581,0.1250000000,6,0,32.22589920
2024-05-14T12:30:00-04:00,1136.11112245,1300.00000000,116.31945956,1019.79166289,159.54666289,860.24500000,0.00000000,0.1023838754,0.1250000000,5,0,20.00781787
2024-05-14T12:45:00-04:00,1135.48995522,1300.00000000,116.39329233,1019.09666289,159.54666289,859.55000000,0.00000000,0.1025049071,0.1250000000,5,0,20.00781787
2024-05-14T13:00:00-04:00,1130.51612245,1300.00000000,116.31945956,1014.19666289,159.54666289,854.65000000,0.00000000,0.1028905800,0.1250000000,5,0,20.00781787
2024-05-14T13:15:00-04:00,1131.26867246,1300.00000000,116.37200958,1014.89666289,159.54666289,855.35000000,0.00000000,0.1028685868,0.1250000000,5,0,20.00781787
2024-05-14T13:30:00-04:00,1128.76632294,1300.00000000,116.39828458,1012.36803835,168.48803835,843.88000000,0.00000000,0.1031199126,0.1250000000,4,0,20.00781787
2024-05-14T13:45:00-04:00,1132.00378543,1300.00000000,116.38514708,1015.61863835,168.48803835,847.13060000,0.00000000,0.1028133904,0.1250000000,4,0,20.00781787
2024-05-14T14:00:00-04:00,1134.12461065,1300.00000000,116.26717229,1017.85743835,168.48803835,849.36940000,0.00000000,0.1025171054,0.1250000000,4,0,20.00781787
2024-05-14T14:15:00-04:00,1133.74521065,1300.00000000,116.26717229,1017.47803835,168.48803835,848.99000000,0.00000000,0.1025514121,0.1250000000,4,0,20.00781787
2024-05-14T14:30:00-04:00,1134.59521065,1300.00000000,116.26717229,1018.32803835,168.48803835,849.84000000,0.00000000,0.1024745841,0.1250000000,4,0,20.00781787
2024-05-14T14:45:00-04:00,1133.03534802,1300.00000000,116.68730967,1016.34803835,168.48803835,847.86000000,0.00000000,0.1029864689,0.1250000000,4,1,20.00781787
2024-05-14T15:00:00-04:00,1130.99555413,1300.00000000,116.66103466,1014.33451947,303.30451947,711.03000000,0.00000000,0.1031489772,0.1250000000,4,1,21.17664321
2024-05-14T15:15:00-04:00,1124.38848539,1300.00000000,116.71358468,1007.67490072,52.69170072,954.98320000,0.00000000,0.1038018320,0.1250000000,5,0,25.48318466
2024-05-14T15:30:00-04:00,1125.13528539,1300.00000000,116.71358468,1008.42170072,52.69170072,955.73000000,0.00000000,0.1037329343,0.1250000000,5,1,25.48318466
2024-05-14T15:45:00-04:00,1124.97746791,1300.00000000,116.76350719,1008.21396072,2.33396072,1005.88000000,0.00000000,0.1037918630,0.1250000000,6,0,26.65300927
2024-05-15T09:30:00-04:00,1129.42840492,1300.00000000,116.13579725,1013.29260767,214.53260767,798.76000000,0.00000000,0.1028270555,0.1250000000,3,3,22.61081386
2024-05-15T09:45:00-04:00,1125.29017839,1300.00000000,116.01335572,1009.27682267,10.39962267,998.87720000,0.00000000,0.1030963906,0.1250000000,4,0,25.63566204
2024-05-15T10:00:00-04:00,1125.28297839,1300.00000000,116.01335572,1009.26962267,10.39962267,998.87000000,0.00000000,0.1030970502,0.1250000000,4,0,25.63566204
2024-05-15T10:15:00-04:00,1121.25948375,1300.00000000,116.39986108,1004.85962267,10.39962267,994.46000000,0.00000000,0.1038117071,0.1250000000,4,0,25.63566204
2024-05-15T10:30:00-04:00,1122.89404209,1300.00000000,116.68441942,1006.20962267,10.39962267,995.81000000,0.00000000,0.1039140071,0.1250000000,4,0,25.63566204
2024-05-15T10:45:00-04:00,1125.60741980,1300.00000000,116.54279713,1009.06462267,10.39962267,998.66500000,0.00000000,0.1035376945,0.1250000000,4,0,25.63566204
2024-05-15T11:00:00-04:00,1130.49065733,1300.00000000,116.66103466,1013.82962267,10.39962267,1003.43000000,0.00000000,0.1031950454,0.1250000000,4,0,22.61081386
2024-05-15T11:15:00-04:00,1123.98869483,1300.00000000,116.67417216,1007.31452267,10.39962267,996.91490000,0.00000000,0.1038036883,0.1250000000,4,0,22.61081386
2024-05-15T11:30:00-04:00,1125.05729483,1300.00000000,116.67417216,1008.38312267,10.39962267,997.98350000,0.00000000,0.1037050937,0.1250000000,4,0,22.61081386
2024-05-15T11:45:00-04:00,1126.89294460,1300.00000000,116.71332193,1010.17962267,10.39962267,999.78000000,0.00000000,0.1035709048,0.1250000000,4,1,22.61081386
2024-05-15T12:00:00-04:00,1125.14843603,1300.00000000,116.66103466,1008.48740137,3.96640137,1004.52100000,0.00000000,0.1036850169,0.1250000000,5,0,22.88424652
2024-05-15T12:15:00-04:00,1125.94536779,1300.00000000,116.68126642,1009.26410137,3.96640137,1005.29770000,0.00000000,0.1036295985,0.1250000000,5,0,22.88424652
2024-05-15T12:30:00-04:00,1125.84235855,1300.00000000,116.71095718,1009.13140137,3.96640137,1005.16500000,0.00000000,0.1036654522,0.1250000000,5,0,22.88424652
2024-05-15T12:45:00-04:00,1126.08289813,1300.00000000,116.71095718,1009.37194095,102.45694095,906.91500000,0.00000000,0.1036433085,0.1250000000,4,1,22.88424652
2024-05-15T13:00:00-04:00,1122.99653064,1300.00000000,116.76613469,1006.23039595,0.32039595,1005.91000000,0.00000000,0.1039772889,0.1250000000,5,0,26.47112303
2024-05-15T13:15:00-04:00,1125.01796837,1300.00000000,116.68757242,1008.33039595,0.32039595,1008.01000000,0.00000000,0.1037206300,0.1250000000,5,0,26.47112303
2024-05-15T13:30:00-04:00,1117.47802030,1300.00000000,116.81842196,1000.65959834,432.52959834,568.13000000,0.00000000,0.1045375567,0.1250000000,4,0,8.16685062
2024-05-15T13:45:00-04:00,1118.26768305,1300.00000000,116.81868471,1001.44899834,432.52959834,568.91940000,0.00000000,0.1044639727,0.1250000000,4,1,8.16685062
2024-05-15T14:00:00-04:00,1109.78560807,1300.00000000,116.89750973,992.88809834,276.41259834,716.47550000,0.00000000,0.1053334165,0.1250000000,5,0,38.39451931
2024-05-15T14:15:00-04:00,1111.26623313,1300.00000000,117.08143479,994.18479834,276.41259834,717.77220000,0.00000000,0.1053585822,0.1250000000,5,0,38.39451931
2024-05-15T14:30:00-04:00,1111.66203313,1300.00000000,117.08143479,994.58059834,276.41259834,718.16800000,0.00000000,0.1053210700,0.1250000000,5,0,38.39451931
2024-05-15T14:45:00-04:00,1114.53383313,1300.00000000,117.08143479,997.45239834,276.41259834,721.03980000,0.00000000,0.1050496910,0.1250000000,5,0,38.39451931
2024-05-15T15:00:00-04:00,1117.98275812,1300.00000000,117.05515978,1000.92759834,276.41259834,724.51500000,0.00000000,0.1047021154,0.1250000000,5,1,38.39451931
2024-05-15T15:15:00-04:00,1120.17744562,1300.00000000,117.05515978,1003.12228584,2.45728584,1000.66500000,0.00000000,0.1044969797,0.1250000000,6,0,41.17206352
2024-05-15T15:30:00-04:00,1122.63754565,1300.00000000,117.16025981,1005.47728584,2.45728584,1003.02000000,0.00000000,0.1043616083,0.1250000000,6,0,41.17206352
2024-05-15T15:45:00-04:00,1118.43892069,1300.00000000,117.29163485,1001.14728584,2.45728584,998.69000000,0.00000000,0.1048708451,0.1250000000,6,0,41.17206352
2024-05-16T09:30:00-04:00,1101.98394581,1300.00000000,138.51727197,963.46667384,576.12227384,387.34440000,0.00000000,0.1256980853,0.1250000000,3,1,34.53421014
2024-05-16T09:45:00-04:00,1105.47153631,1300.00000000,138.51727197,966.95426434,143.63426434,823.32000000,0.00000000,0.1253015274,0.1250000000,3,1,50.66044999
2024-05-16T10:00:00-04:00,1112.95786935,1300.00000000,138.36215501,974.59571434,3.32911434,971.26660000,0.00000000,0.1243193106,0.1250000000,4,0,58.09186635
2024-05-16T10:15:00-04:00,1114.41826935,1300.00000000,138.36215501,976.05611434,3.32911434,972.72700000,0.00000000,0.1241563951,0.1250000000,4,1,58.09186635
2024-05-16T10:30:00-04:00,1110.42619830,1300.00000000,138.63788396,971.78831434,3.32911434,968.45920000,0.00000000,0.1248510564,0.1250000000,4,1,58.09186635
2024-05-16T10:45:00-04:00,1103.21128948,1300.00000000,138.68917514,964.52211434,3.32911434,961.19300000,0.00000000,0.1257140644,0.1250000000,4,1,58.09186635
2024-05-16T11:00:00-04:00,1092.13290610,1300.00000000,138.68637744,953.44652866,129.12402866,824.32250000,0.00000000,0.1269867217,0.1250000000,3,1,27.86419766
2024-05-16T11:15:00-04:00,1094.80830845,1300.00000000,138.68420145,956.12410700,261.89810700,694.22600000,0.00000000,0.1266744145,0.1250000000,2,0,20.43278130
2024-05-16T11:30:00-04:00,1098.46859235,1300.00000000,138.70378535,959.76480700,261.89810700,697.86670000,0.00000000,0.1262701422,0.1250000000,2,0,20.43278130
2024-05-16T11:45:00-04:00,1101.95375262,1300.00000000,138.76564562,963.18810700,261.89810700,701.29000000,0.00000000,0.1259269232,0.1250000000,2,0,20.43278130
2024-05-16T12:00:00-04:00,1099.46863566,1300.00000000,138.61052866,960.85810700,261.89810700,698.96000000,0.00000000,0.1260704709,0.1250000000,2,0,20.43278130
2024-05-16T12:15:00-04:00,1096.53863566,1300.00000000,138.61052866,957.92810700,261.89810700,696.03000000,0.00000000,0.1264073368,0.1250000000,2,0,20.43278130
2024-05-16T12:30:00-04:00,1096.46363566,1300.00000000,138.61052866,957.85310700,261.89810700,695.95500000,0.00000000,0.1264159833,0.1250000000,2,0,20.43278130
2024-05-16T12:45:00-04:00,1100.32863566,1300.00000000,138.61052866,961.71810700,261.89810700,699.82000000,0.00000000,0.1259719362,0.1250000000,2,0,20.43278130
2024-05-16T13:00:00-04:00,1099.48689235,1300.00000000,138.70378535,960.78310700,261.89810700,698.88500000,0.00000000,0.1261531959,0.1250000000,2,0,20.43278130
2024-05-16T13:15:00-04:00,1094.22133672,1300.00000000,138.39292971,955.82840700,261.89810700,693.93030000,0.00000000,0.1264761754,0.1250000000,2,0,20.43278130
2024-05-16T13:30:00-04:00,1093.01320784,1300.00000000,138.45510084,954.55810700,261.89810700,692.66000000,0.00000000,0.1266728525,0.1250000000,2,0,20.43278130
2024-05-16T13:45:00-04:00,1094.13212228,1300.00000000,138.42401528,955.70810700,261.89810700,693.81000000,0.00000000,0.1265148993,0.1250000000,2,0,20.43278130
2024-05-16T14:00:00-04:00,1091.60103672,1300.00000000,138.39292971,953.20810700,261.89810700,691.31000000,0.00000000,0.1267797712,0.1250000000,2,0,20.43278130
2024-05-16T14:15:00-04:00,1087.17103672,1300.00000000,138.39292971,948.77810700,261.89810700,686.88000000,0.00000000,0.1272963729,0.1250000000,2,0,20.43278130
2024-05-16T14:30:00-04:00,1087.72503672,1300.00000000,138.39292971,949.33210700,261.89810700,687.43400000,0.00000000,0.1272315383,0.1250000000,2,0,20.43278130
2024-05-16T14:45:00-04:00,1090.14103672,1300.00000000,138.39292971,951.74810700,261.89810700,689.85000000,0.00000000,0.1269495644,0.1250000000,2,1,20.43278130
2024-05-16T15:00:00-04:00,1087.23639922,1300.00000000,138.39292971,948.84346950,128.94846950,819.89500000,0.00000000,0.1272887201,0.1250000000,3,0,21.98847025
2024-05-16T15:15:00-04:00,1085.88839922,1300.00000000,138.39292971,947.49546950,128.94846950,818.54700000,0.00000000,0.1274467338,0.1250000000,3,0,21.98847025
2024-05-16T15:30:00-04:00,1084.10031365,1300.00000000,138.36184415,945.73846950,128.94846950,816.79000000,0.00000000,0.1276282669,0.1250000000,3,0,21.98847025
2024-05-16T15:45:00-04:00,1082.82945801,1300.00000000,138.05098851,944.77846950,128.94846950,815.83000000,0.00000000,0.1274909798,0.1250000000,3,0,21.98847025
2024-05-17T09:30:00-04:00,1071.71020471,1300.00000000,138.48618641,933.22401831,683.86401831,249.36000000,0.00000000,0.1292198076,0.1250000000,1,1,4.30654145
2024-05-17T09:45:00-04:00,1069.08250471,1300.00000000,138.48618641,930.59631831,349.21321831,581.38310000,0.00000000,0.1295374172,0.1250000000,2,2,10.98816581
2024-05-17T10:00:00-04:00,1069.06024802,1300.00000000,138.39292971,930.66731831,2.15311831,928.51420000,0.00000000,0.1294528816,0.1250000000,3,1,15.42242835
2024-05-17T10:15:00-04:00,1076.19737385,1300.00000000,138.63570797,937.56166588,0.88226588,936.67940000,0.00000000,0.1288199649,0.1250000000,4,1,15.46555425
2024-05-17T10:30:00-04:00,1076.87765229,1300.00000000,138.48618641,938.39146588,0.88226588,937.50920000,0.00000000,0.1285997403,0.1250000000,4,1,15.46555425
2024-05-17T10:45:00-04:00,1077.69286672,1300.00000000,138.45510084,939.23776588,0.88226588,938.35550000,0.00000000,0.1284736172,0.1250000000,4,1,15.46555425
2024-05-17T11:00:00-04:00,1079.63202447,1300.00000000,138.33075859,941.30126588,0.88226588,940.41900000,0.00000000,0.1281276912,0.1250000000,4,0,11.03129172
2024-05-17T11:15:00-04:00,1081.20993699,1300.00000000,138.64099251,942.56894448,356.54394448,586.02500000,0.00000000,0.1282276344,0.1250000000,3,0,11.03129172
2024-05-17T11:30:00-04:00,1079.01410306,1300.00000000,138.33075859,940.68334448,356.54394448,584.13940000,0.00000000,0.1282010663,0.1250000000,3,0,11.03129172
2024-05-17T11:45:00-04:00,1080.35970306,1300.00000000,138.33075859,942.02894448,356.54394448,585.48500000,0.00000000,0.1280413905,0.1250000000,3,2,11.03129172
2024-05-17T12:00:00-04:00,1079.48547344,1300.00000000,138.39261886,941.09285458,0.42385458,940.66900000,0.00000000,0.1282023911,0.1250000000,5,0,18.68076056
2024-05-17T12:15:00-04:00,1079.51082885,1300.00000000,138.51447427,940.99635458,0.42385458,940.57250000,0.00000000,0.1283122601,0.1250000000,5,0,18.68076056
2024-05-17T12:30:00-04:00,1079.11141889,1300.00000000,138.33075859,940.78066030,1.65066030,939.13000000,0.00000000,0.1281895050,0.1250000000,4,0,18.63763465
2024-05-17T12:45:00-04:00,1078.68141889,1300.00000000,138.33075859,940.35066030,1.65066030,938.70000000,0.00000000,0.1282406058,0.1250000000,4,0,18.63763465
2024-05-17T13:00:00-04:00,1077.20576114,1300.00000000,138.45510084,938.75066030,1.65066030,937.10000000,0.00000000,0.1285317122,0.1250000000,4,0,18.63763465
2024-05-17T13:15:00-04:00,1075.28481889,1300.00000000,138.33075859,936.95406030,1.65066030,935.30340000,0.00000000,0.1286456910,0.1250000000,4,0,18.63763465
2024-05-17T13:30:00-04:00,1075.36741764,1300.00000000,138.33075859,937.03665906,329.37385906,607.66280000,0.00000000,0.1286358098,0.1250000000,3,0,11.95601029
2024-05-17T13:45:00-04:00,1074.86570321,1300.00000000,138.36184415,936.50385906,329.37385906,607.13000000,0.00000000,0.1287247735,0.1250000000,3,0,11.95601029
2024-05-17T14:00:00-04:00,1069.94376201,1300.00000000,138.01990295,931.92385906,329.37385906,602.55000000,0.00000000,0.1289973435,0.1250000000,3,0,11.95601029
2024-05-17T14:15:00-04:00,1070.50196787,1300.00000000,137.78676122,932.71520665,575.49540665,357.21980000,0.00000000,0.1287122914,0.1250000000,2,0,7.64946883
2024-05-17T14:30:00-04:00,1069.13205291,1300.00000000,137.92664626,931.20540665,575.49540665,355.71000000,0.00000000,0.1290080546,0.1250000000,2,0,7.64946883
2024-05-17T14:45:00-04:00,1068.68205291,1300.00000000,137.92664626,930.75540665,575.49540665,355.26000000,0.00000000,0.1290623772,0.1250000000,2,1,7.64946883
2024-05-17T15:00:00-04:00,1069.76845923,1300.00000000,138.20641633,931.56204290,148.29024290,783.27180000,0.00000000,0.1291928315,0.1250000000,3,0,23.79775121
2024-05-17T15:15:00-04:00,1084.27235923,1300.00000000,138.20641633,946.06594290,148.29024290,797.77570000,0.00000000,0.1274646680,0.1250000000,3,1,23.79775121
2024-05-17T15:30:00-04:00,1066.76724458,1300.00000000,137.83960668,928.92763790,1.24003790,927.68760000,0.00000000,0.1292124476,0.1250000000,4,0,10.33704575
2024-05-17T15:45:00-04:00,1072.61369676,1300.00000000,137.83338957,934.78030720,425.62910720,509.15120000,0.00000000,0.1285023583,0.1250000000,3,3,6.20555287
2024-05-20T09:30:00-04:00,1072.22814368,1300.00000000,138.70378535,933.52435833,152.57435833,780.95000000,0.00000000,0.1293603289,0.1250000000,3,3,15.36229364
2024-05-20T09:45:00-04:00,1083.86488801,1300.00000000,138.79890718,945.06598083,1.69128083,943.37470000,0.00000000,0.1280592339,0.1250000000,5,1,18.48332980
2024-05-20T10:00:00-04:00,1075.88289400,1300.00000000,138.85921317,937.02368083,1.69128083,935.33240000,0.00000000,0.1290653601,0.1250000000,5,1,14.66139654
2024-05-20T10:15:00-04:00,1079.58643984,1300.00000000,138.95215901,940.63428083,1.69128083,938.94300000,0.00000000,0.1287086924,0.1250000000,5,1,14.66139654
2024-05-20T10:30:00-04:00,1079.77019740,1300.00000000,138.83745328,940.93274413,372.83174413,568.10100000,0.00000000,0.1285805569,0.1250000000,3,0,14.66139654
2024-05-20T10:45:00-04:00,1085.37666201,1300.00000000,138.94811788,946.42854413,372.83174413,573.59680000,0.00000000,0.1280183394,0.1250000000,3,2,14.66139654
2024-05-20T11:00:00-04:00,1086.09730217,1300.00000000,138.92138430,947.17591788,2.91951788,944.25640000,0.00000000,0.1279087831,0.1250000000,5,0,25.88162577
2024-05-20T11:15:00-04:00,1089.49140217,1300.00000000,138.92138430,950.57001788,2.91951788,947.65050000,0.00000000,0.1275103080,0.1250000000,5,0,25.88162577
2024-05-20T11:30:00-04:00,1091.96130217,1300.00000000,138.92138430,953.03991788,2.91951788,950.12040000,0.00000000,0.1272218933,0.1250000000,5,0,25.88162577
2024-05-20T11:45:00-04:00,1093.16501661,1300.00000000,138.89029873,954.27471788,2.91951788,951.35520000,0.00000000,0.1270533695,0.1250000000,5,0,25.88162577
2024-05-20T12:00:00-04:00,1094.10181661,1300.00000000,138.89029873,955.21151788,2.91951788,952.29200000,0.00000000,0.1269445829,0.1250000000,5,0,25.88162577
2024-05-20T12:15:00-04:00,1094.90678774,1300.00000000,138.95246986,955.95431788,2.91951788,953.03480000,0.00000000,0.1269080358,0.1250000000,5,0,25.88162577
2024-05-20T12:30:00-04:00,1096.37445887,1300.00000000,139.01464099,957.35981788,2.91951788,954.44030000,0.00000000,0.1267948554,0.1250000000,5,0,25.88162577
2024-05-20T12:45:00-04:00,1100.51156716,1300.00000000,139.07214928,961.43941788,2.91951788,958.51990000,0.00000000,0.1263704566,0.1250000000,5,0,25.88162577
2024-05-20T13:00:00-04:00,1093.36845887,1300.00000000,139.01464099,954.35381788,2.91951788,951.43430000,0.00000000,0.1271434528,0.1250000000,5,0,25.46149399
2024-05-20T13:15:00-04:00,1088.44098774,1300.00000000,138.95246986,949.48851788,2.91951788,946.56900000,0.00000000,0.1276619233,0.1250000000,5,0,25.46149399
2024-05-20T13:30:00-04:00,1091.03378774,1300.00000000,138.95246986,952.08131788,2.91951788,949.16180000,0.00000000,0.1273585396,0.1250000000,5,0,25.46149399
2024-05-20T13:45:00-04:00,1083.18740217,1300.00000000,138.92138430,944.26601788,2.91951788,941.34650000,0.00000000,0.1282524003,0.1250000000,5,0,25.46149399
2024-05-20T14:00:00-04:00,1084.75201405,1300.00000000,138.94749617,945.80451788,2.91951788,942.88500000,0.00000000,0.1280914848,0.1250000000,5,0,25.46149399
2024-05-20T14:15:00-04:00,1083.33711062,1300.00000000,138.82999274,944.50711788,2.91951788,941.58760000,0.00000000,0.1281503157,0.1250000000,5,0,25.46149399
2024-05-20T14:30:00-04:00,1086.92761062,1300.00000000,138.82999274,948.09761788,2.91951788,945.17810000,0.00000000,0.1277269906,0.1250000000,5,1,25.46149399
2024-05-20T14:45:00-04:00,1086.10904801,1300.00000000,139.01433013,947.09471788,2.91951788,944.17520000,0.00000000,0.1279929768,0.1250000000,5,1,25.46149399
2024-05-20T15:00:00-04:00,1088.53224467,1300.00000000,139.01433013,949.51791454,8.25861454,941.25930000,0.00000000,0.1277080498,0.1250000000,4,0,25.46149399
2024-05-20T15:15:00-04:00,1090.09108440,1300.00000000,138.95246986,951.13861454,8.25861454,942.88000000,0.00000000,0.1274686784,0.1250000000,4,0,25.46149399
2024-05-20T15:30:00-04:00,1088.05135553,1300.00000000,139.01464099,949.03671454,8.25861454,940.77810000,0.00000000,0.1277647790,0.1250000000,4,0,25.46149399
2024-05-20T15:45:00-04:00,1087.25932771,1300.00000000,138.85921317,948.40011454,8.25861454,940.14150000,0.00000000,0.1277148971,0.1250000000,4,1,25.46149399
2024-05-21T09:30:00-04:00,1069.56692683,1300.00000000,138.67269979,930.89422704,333.86422704,597.03000000,0.00000000,0.1296531300,0.1250000000,3,3,17.03743410
2024-05-21T09:45:00-04:00,1060.98548297,1300.00000000,138.67269979,922.31278318,418.12598318,504.18680000,0.00000000,0.1307017881,0.1250000000,4,1,10.70888440
2024-05-21T10:00:00-04:00,1061.97949969,1300.00000000,138.73145150,923.24804818,36.05964818,887.18840000,0.00000000,0.1306347736,0.1250000000,5,0,17.12264022
2024-05-21T10:15:00-04:00,1059.42126241,1300.00000000,138.64161422,920.77964818,36.05964818,884.72000000,0.00000000,0.1308654254,0.1250000000,5,0,17.12264022
2024-05-21T10:30:00-04:00,1056.66656030,1300.00000000,139.07681212,917.58974818,36.05964818,881.53010000,0.00000000,0.1316184474,0.1250000000,5,0,17.12264022
2024-05-21T10:45:00-04:00,1059.01092898,1300.00000000,139.07681212,919.93411687,182.90411687,737.03000000,0.00000000,0.1313270792,0.1250000000,4,0,14.20500492
2024-05-21T11:00:00-04:00,1060.73588914,1300.00000000,139.04417227,921.69171687,182.90411687,738.78760000,0.00000000,0.1310827452,0.1250000000,4,0,14.20500492
2024-05-21T11:15:00-04:00,1060.86866257,1300.00000000,139.10354570,921.76511687,182.90411687,738.86100000,0.00000000,0.1311223063,0.1250000000,4,0,14.20500492
2024-05-21T11:30:00-04:00,1060.25911673,1300.00000000,139.01059987,921.24851687,182.90411687,738.34440000,0.00000000,0.1311100255,0.1250000000,4,0,14.20500492
2024-05-21T11:45:00-04:00,1059.73484342,1300.00000000,139.04572655,920.68911687,182.90411687,737.78500000,0.00000000,0.1312080351,0.1250000000,4,1,14.20500492
2024-05-21T12:00:00-04:00,1061.26027562,1300.00000000,138.87475595,922.38551967,9.84481967,912.54070000,0.00000000,0.1308583381,0.1250000000,5,0,16.26432388
2024-05-21T12:15:00-04:00,1060.98728953,1300.00000000,138.95246986,922.03481967,9.84481967,912.19000000,0.00000000,0.1309652540,0.1250000000,5,0,16.26432388
2024-05-21T12:30:00-04:00,1058.72594075,1300.00000000,138.87662109,919.84931967,9.84481967,910.00450000,0.00000000,0.1311733431,0.1250000000,5,0,16.26432388
2024-05-21T12:45:00-04:00,1060.17337509,1300.00000000,138.98355543,921.18981967,9.84481967,911.34500000,0.00000000,0.1310951196,0.1250000000,5,0,16.26432388
2024-05-21T13:00:00-04:00,1060.48336066,1300.00000000,139.01464099,921.46871967,9.84481967,911.62390000,0.00000000,0.1310861124,0.1250000000,5,1,16.26432388
2024-05-21T13:15:00-04:00,1063.78767509,1300.00000000,138.98355543,924.80411967,9.84481967,914.95930000,0.00000000,0.1306497139,0.1250000000,5,0,16.26432388
2024-05-21T13:30:00-04:00,1067.95005521,1300.00000000,139.04572655,928.90432866,193.06962866,735.83470000,0.00000000,0.1301987166,0.1250000000,4,0,11.91082955
2024-05-21T13:45:00-04:00,1069.88144077,1300.00000000,139.07681212,930.80462866,193.06962866,737.73500000,0.00000000,0.1299927327,0.1250000000,4,0,11.91082955
2024-05-21T14:00:00-04:00,1072.18519957,1300.00000000,138.73487092,933.45032866,193.06962866,740.38070000,0.00000000,0.1293945029,0.1250000000,4,0,11.91082955
2024-05-21T14:15:00-04:00,1072.29446073,1300.00000000,138.73487092,933.55958981,374.69958981,558.86000000,0.00000000,0.1293813183,0.1250000000,3,0,11.91082955
2024-05-21T14:30:00-04:00,1069.34748750,1300.00000000,139.10789768,930.23958981,374.69958981,555.54000000,0.00000000,0.1300867111,0.1250000000,3,0,11.91082955
2024-05-21T14:45:00-04:00,1068.97523808,1300.00000000,139.04634826,929.92888981,374.69958981,555.22930000,0.00000000,0.1300744333,0.1250000000,3,0,11.91082955
2024-05-21T15:00:00-04:00,1068.62257551,1300.00000000,138.98728569,929.63528981,374.69958981,554.93570000,0.00000000,0.1300620901,0.1250000000,3,1,11.91082955
2024-05-21T15:15:00-04:00,1071.85314905,1300.00000000,139.13898324,932.71416581,375.70486581,557.00930000,0.00000000,0.1298116103,0.1250000000,3,0,19.33502738
2024-05-21T15:30:00-04:00,1076.12717845,1300.00000000,138.96801264,937.15916581,375.70486581,561.45430000,0.00000000,0.1291371647,0.1250000000,3,2,19.33502738
2024-05-21T15:45:00-04:00,1076.68035264,1300.00000000,139.06126933,937.61908331,3.71608331,933.90300000,0.00000000,0.1291574319,0.1250000000,5,0,24.05256690
2024-05-22T09:30:00-04:00,1078.85002797,1300.00000000,138.45510084,940.39492713,439.50402713,500.89090000,0.00000000,0.1283358180,0.1250000000,3,3,4.04757662
2024-05-22T09:45:00-04:00,1100.17585688,1300.00000000,138.67269979,961.50315709,419.84815709,541.65500000,0.00000000,0.1260459398,0.1250000000,3,1,9.27840243
2024-05-22T10:00:00-04:00,1094.71088961,1300.00000000,138.70378535,956.00710426,5.60060426,950.40650000,0.00000000,0.1267035769,0.1250000000,4,1,17.39041379
2024-05-22T10:15:00-04:00,1097.76328965,1300.00000000,138.67269979,959.09058986,2.37898986,956.71160000,0.00000000,0.1263229524,0.1250000000,5,0,17.39041379
2024-05-22T10:30:00-04:00,1097.59808965,1300.00000000,138.67269979,958.92538986,2.37898986,956.54640000,0.00000000,0.1263419653,0.1250000000,5,0,17.39041379
2024-05-22T10:45:00-04:00,1100.05195340,1300.00000000,138.67269979,961.37925362,421.65455362,539.72470000,0.00000000,0.1260601369,0.1250000000,3,0,12.15958799
2024-05-22T11:00:00-04:00,1102.69750757,1300.00000000,138.57975395,964.11775362,421.65455362,542.46320000,0.00000000,0.1256734082,0.1250000000,3,1,12.15958799
2024-05-22T11:15:00-04:00,1105.15718838,1300.00000000,138.61052866,966.54665972,109.66705972,856.87960000,0.00000000,0.1254215510,0.1250000000,3,2,11.55261381
2024-05-22T11:30:00-04:00,1100.33839233,1300.00000000,138.82812761,961.51026472,0.52526472,960.98500000,0.00000000,0.1261685756,0.1250000000,4,0,16.40316376
2024-05-22T11:45:00-04:00,1097.21137103,1300.00000000,138.62420631,958.58716472,0.52526472,958.06190000,0.00000000,0.1263422983,0.1250000000,4,0,16.40316376
2024-05-22T12:00:00-04:00,1100.63817103,1300.00000000,138.62420631,962.01396472,0.52526472,961.48870000,0.00000000,0.1259489358,0.1250000000,4,0,16.40316376
2024-05-22T12:15:00-04:00,1102.64517103,1300.00000000,138.62420631,964.02096472,0.52526472,963.49570000,0.00000000,0.1257196875,0.1250000000,4,0,16.40316376
2024-05-22T12:30:00-04:00,1100.65853564,1300.00000000,138.73487092,961.92366472,0.52526472,961.39840000,0.00000000,0.1260471494,0.1250000000,4,0,16.40316376
2024-05-22T12:45:00-04:00,1098.20730677,1300.00000000,138.79704204,959.41026472,0.52526472,958.88500000,0.00000000,0.1263851016,0.1250000000,4,0,16.40316376
2024-05-22T13:00:00-04:00,1097.33916206,1300.00000000,138.82439734,958.51476472,0.52526472,957.98950000,0.00000000,0.1265100182,0.1250000000,4,0,16.40316376
2024-05-22T13:15:00-04:00,1095.78867096,1300.00000000,138.82439734,956.96427362,419.01727362,537.94700000,0.00000000,0.1266890241,0.1250000000,3,1,16.40316376
2024-05-22T13:30:00-04:00,1087.75134228,1300.00000000,138.48618641,949.26515587,0.14635587,949.11880000,0.00000000,0.1273141949,0.1250000000,4,0,30.83181955
2024-05-22T13:45:00-04:00,1084.93124228,1300.00000000,138.48618641,946.44505587,0.14635587,946.29870000,0.00000000,0.1276451272,0.1250000000,4,0,30.83181955
2024-05-22T14:00:00-04:00,1078.11438448,1300.00000000,138.39292971,939.72145477,389.55625477,550.16520000,0.00000000,0.1283657205,0.1250000000,3,1,22.07537508
2024-05-22T14:15:00-04:00,1079.59728928,1300.00000000,138.05098851,941.54630077,0.79290077,940.75340000,0.00000000,0.1278726706,0.1250000000,4,0,35.29587063
2024-05-22T14:30:00-04:00,1073.07431955,1300.00000000,138.05098851,935.02333103,404.93183103,530.09150000,0.00000000,0.1286499788,0.1250000000,3,0,20.86721484
2024-05-22T14:45:00-04:00,1080.00571955,1300.00000000,138.05098851,941.95473103,404.93183103,537.02290000,0.00000000,0.1278243124,0.1250000000,3,0,20.86721484
2024-05-22T15:00:00-04:00,1083.56741902,1300.00000000,138.15978799,945.40763103,404.93183103,540.47580000,0.00000000,0.1275045609,0.1250000000,3,0,20.86721484
2024-05-22T15:15:00-04:00,1084.08933293,1300.00000000,138.23750190,945.85183103,404.93183103,540.92000000,0.00000000,0.1275148622,0.1250000000,3,0,20.86721484
2024-05-22T15:30:00-04:00,1080.77314989,1300.00000000,138.39261886,942.38053103,404.93183103,537.44870000,0.00000000,0.1280496456,0.1250000000,3,0,20.86721484
2024-05-22T15:45:00-04:00,1083.47467624,1300.00000000,138.14424521,945.33043103,404.93183103,540.39860000,0.00000000,0.1275011297,0.1250000000,3,2,20.86721484
2024-05-23T09:30:00-04:00,1067.09299511,1300.00000000,134.71989415,932.37310095,394.87100095,537.50210000,0.00000000,0.1262494410,0.1250000000,3,2,20.86721484
2024-05-23T09:45:00-04:00,1074.04383493,1300.00000000,134.64758397,939.39625095,1.57625095,937.82000000,0.00000000,0.1253650732,0.1250000000,4,0,42.79472193
2024-05-23T10:00:00-04:00,1070.07234104,1300.00000000,134.94586347,935.12647757,105.78927757,829.33720000,0.00000000,0.1261091034,0.1250000000,3,0,37.94417198
2024-05-23T10:15:00-04:00,1065.01915349,1300.00000000,135.15857592,929.86057757,105.78927757,824.07130000,0.00000000,0.1269071786,0.1250000000,3,0,37.94417198
2024-05-23T10:30:00-04:00,1071.07053556,1300.00000000,135.08445799,935.98607757,105.78927757,830.19680000,0.00000000,0.1261209729,0.1250000000,3,0,37.94417198
2024-05-23T10:45:00-04:00,1081.50669548,1300.00000000,134.88861791,946.61807757,105.78927757,840.82880000,0.00000000,0.1247228690,0.1250000000,3,0,17.28242714
2024-05-23T11:00:00-04:00,1103.35739734,1300.00000000,134.88861791,968.46877942,542.61117942,425.85760000,0.00000000,0.1222528786,0.1250000000,2,0,16.01666489
2024-05-23T11:15:00-04:00,1108.45479734,1300.00000000,134.88861791,973.56617942,542.61117942,430.95500000,0.00000000,0.1216906799,0.1250000000,2,0,16.01666489
2024-05-23T11:30:00-04:00,1106.22734954,1300.00000000,135.25047011,970.97687942,542.61117942,428.36570000,0.00000000,0.1222628153,0.1250000000,2,0,16.01666489
2024-05-23T11:45:00-04:00,1106.94034824,1300.00000000,135.25016882,971.69017942,542.61117942,429.07900000,0.00000000,0.1221837916,0.1250000000,2,0,16.01666489
2024-05-23T12:00:00-04:00,1104.80474484,1300.00000000,135.03956542,969.76517942,542.61117942,427.15400000,0.00000000,0.1222293496,0.1250000000,2,0,16.01666489
2024-05-23T12:15:00-04:00,1104.93074484,1300.00000000,135.03956542,969.89117942,542.61117942,427.28000000,0.00000000,0.1222154113,0.1250000000,2,0,16.01666489
2024-05-23T12:30:00-04:00,1099.26394355,1300.00000000,135.03926412,964.22467942,542.61117942,421.61350000,0.00000000,0.1228451683,0.1250000000,2,0,16.01666489
2024-05-23T12:45:00-04:00,1098.34831430,1300.00000000,135.00913488,963.33917942,542.61117942,420.72800000,0.00000000,0.1229201458,0.1250000000,2,0,16.01666489
2024-05-23T13:00:00-04:00,1097.57551430,1300.00000000,135.00913488,962.56637942,542.61117942,419.95520000,0.00000000,0.1230066935,0.1250000000,2,0,16.01666489
2024-05-23T13:15:00-04:00,1099.71168037,1300.00000000,134.76810094,964.94357942,542.61117942,422.33240000,0.00000000,0.1225485765,0.1250000000,2,0,16.01666489
2024-05-23T13:30:00-04:00,1097.16905530,1300.00000000,134.22607587,962.94297942,542.61117942,420.33180000,0.00000000,0.1223385541,0.1250000000,2,0,16.01666489
2024-05-23T13:45:00-04:00,1096.00494771,1300.00000000,134.34086829,961.66407942,542.61117942,419.05290000,0.00000000,0.1225732316,0.1250000000,2,0,16.01666489
2024-05-23T14:00:00-04:00,1096.24364771,1300.00000000,134.34086829,961.90277942,542.61117942,419.29160000,0.00000000,0.1225465421,0.1250000000,2,0,16.01666489
2024-05-23T14:15:00-04:00,1096.79451537,1300.00000000,133.77383595,963.02067942,542.61117942,420.40950000,0.00000000,0.1219680023,0.1250000000,2,0,16.01666489
2024-05-23T14:30:00-04:00,1096.35896916,1300.00000000,133.62318973,962.73577942,542.61117942,420.12460000,0.00000000,0.1218790501,0.1250000000,2,0,16.01666489
2024-05-23T14:45:00-04:00,1093.66452295,1300.00000000,133.47254352,960.19197942,542.61117942,417.58080000,0.00000000,0.1220415774,0.1250000000,2,0,16.01666489
2024-05-23T15:00:00-04:00,1097.68239711,1300.00000000,133.65301768,964.02937942,542.61117942,421.41820000,0.00000000,0.1217592794,0.1250000000,2,0,16.01666489
2024-05-23T15:15:00-04:00,1096.23938613,1300.00000000,133.74370670,962.49567942,542.61117942,419.88450000,0.00000000,0.1220022820,0.1250000000,2,0,16.01666489
2024-05-23T15:30:00-04:00,1095.45261537,1300.00000000,133.77383595,961.67877942,542.61117942,419.06760000,0.00000000,0.1221174098,0.1250000000,2,0,16.01666489
2024-05-23T15:45:00-04:00,1096.14141537,1300.00000000,133.77383595,962.36757942,542.61117942,419.75640000,0.00000000,0.1220406729,0.1250000000,2,0,16.01666489
2024-05-24T09:30:00-04:00,1106.33191285,1300.00000000,134.13659202,972.19532083,543.27032083,428.92500000,0.00000000,0.1212444389,0.1250000000,2,2,16.01666489
2024-05-24T09:45:00-04:00,1079.30749122,1300.00000000,134.01517118,945.29232004,331.91732004,613.37500000,0.00000000,0.1241677393,0.1250000000,3,0,25.99807091
2024-05-24T10:00:00-04:00,1081.40545911,1300.00000000,134.49693776,946.90852135,707.17852135,239.73000000,0.00000000,0.1243723495,0.1250000000,2,3,12.77757535
2024-05-24T10:15:00-04:00,1086.99641206,1300.00000000,134.67771322,952.31869885,29.04029885,923.27840000,0.00000000,0.1238989492,0.1250000000,5,1,32.53654859
2024-05-24T10:30:00-04:00,1094.29469979,1300.00000000,134.76810094,959.52659885,29.04029885,930.48630000,0.00000000,0.1231552168,0.1250000000,5,0,21.09909338
2024-05-24T10:45:00-04:00,1095.58679979,1300.00000000,134.76810094,960.81869885,29.04029885,931.77840000,0.00000000,0.1230099714,0.1250000000,5,0,21.09909338
2024-05-24T11:00:00-04:00,1100.25759979,1300.00000000,134.76810094,965.48949885,29.04029885,936.44920000,0.00000000,0.1224877710,0.1250000000,5,1,21.09909338
2024-05-24T11:15:00-04:00,1102.95017994,1300.00000000,135.15978109,967.79039885,29.04029885,938.75010000,0.00000000,0.1225438678,0.1250000000,5,1,21.09909338
2024-05-24T11:30:00-04:00,1102.72243721,1300.00000000,135.06939337,967.65304385,12.68804385,954.96500000,0.00000000,0.1224872088,0.1250000000,6,0,21.77273614
2024-05-24T11:45:00-04:00,1094.40086176,1300.00000000,134.88861791,959.51224385,12.68804385,946.82420000,0.00000000,0.1232533915,0.1250000000,6,0,21.77273614
2024-05-24T12:00:00-04:00,1096.82526176,1300.00000000,134.88861791,961.93664385,12.68804385,949.24860000,0.00000000,0.1229809548,0.1250000000,6,0,21.77273614
2024-05-24T12:15:00-04:00,1097.65950685,1300.00000000,135.15556300,962.50394385,12.68804385,949.81590000,0.00000000,0.1231306814,0.1250000000,6,0,21.77273614
2024-05-24T12:30:00-04:00,1097.32252365,1300.00000000,135.15947980,962.16304385,12.68804385,949.47500000,0.00000000,0.1231720637,0.1250000000,6,0,21.77273614
2024-05-24T12:45:00-04:00,1092.14273463,1300.00000000,135.06879078,957.07394385,12.68804385,944.38590000,0.00000000,0.1236732036,0.1250000000,6,0,21.77273614
2024-05-24T13:00:00-04:00,1092.01093075,1300.00000000,135.06788690,956.94304385,12.68804385,944.25500000,0.00000000,0.1236873030,0.1250000000,6,0,21.77273614
2024-05-24T13:15:00-04:00,1094.84935858,1300.00000000,135.06788690,959.78147167,118.92367167,840.85780000,0.00000000,0.1233666402,0.1250000000,5,0,21.77273614
2024-05-24T13:30:00-04:00,1094.71049039,1300.00000000,134.91211872,959.79837167,118.92367167,840.87470000,0.00000000,0.1232399981,0.1250000000,5,0,21.77273614
2024-05-24T13:45:00-04:00,1097.55579039,1300.00000000,134.91211872,962.64367167,118.92367167,843.72000000,0.00000000,0.1229205111,0.1250000000,5,0,21.77273614
2024-05-24T14:00:00-04:00,1096.89069039,1300.00000000,134.91211872,961.97857167,118.92367167,843.05490000,0.00000000,0.1229950440,0.1250000000,5,0,21.77273614
2024-05-24T14:15:00-04:00,1096.13699039,1300.00000000,134.91211872,961.22487167,118.92367167,842.30120000,0.00000000,0.1230796150,0.1250000000,5,0,21.77273614
2024-05-24T14:30:00-04:00,1094.44406504,1300.00000000,135.06939337,959.37467167,118.92367167,840.45100000,0.00000000,0.1234137017,0.1250000000,5,0,21.77273614
2024-05-24T14:45:00-04:00,1095.31717731,1300.00000000,134.97900564,960.33817167,118.92367167,841.41450000,0.00000000,0.1232328027,0.1250000000,5,0,21.77273614
2024-05-24T15:00:00-04:00,1097.25676956,1300.00000000,134.97719788,962.27957167,118.92367167,843.35590000,0.00000000,0.1230133198,0.1250000000,5,0,21.77273614
2024-05-24T15:15:00-04:00,1098.12976956,1300.00000000,134.97719788,963.15257167,118.92367167,844.22890000,0.00000000,0.1229155257,0.1250000000,5,0,21.77273614
2024-05-24T15:30:00-04:00,1103.30376387,1300.00000000,134.78316556,968.52059831,340.26639831,628.25420000,0.00000000,0.1221632428,0.1250000000,4,2,21.77273614
2024-05-24T15:45:00-04:00,1103.93177810,1300.00000000,134.75303632,969.17874178,4.20584178,964.97290000,0.00000000,0.1220664528,0.1250000000,5,1,33.37133935
2024-05-28T09:30:00-04:00,1113.20337004,1300.00000000,135.07752826,978.12584178,4.20584178,973.92000000,0.00000000,0.1213412858,0.1250000000,5,1,2.79616934
2024-05-28T09:45:00-04:00,1109.96177056,1300.00000000,134.97900564,974.98276492,499.26776492,475.71500000,0.00000000,0.1216068960,0.1250000000,2,0,11.06780169
2024-05-28T10:00:00-04:00,1112.38291677,1300.00000000,135.12965185,977.25326492,499.26776492,477.98550000,0.00000000,0.1214776403,0.1250000000,2,0,11.06780169
2024-05-28T10:15:00-04:00,1115.96293374,1300.00000000,135.25016882,980.71276492,499.26776492,481.44500000,0.00000000,0.1211959329,0.1250000000,2,0,11.06780169
2024-05-28T10:30:00-04:00,1115.85979157,1300.00000000,135.21702665,980.64276492,499.26776492,481.37500000,0.00000000,0.1211774344,0.1250000000,2,0,11.06780169
2024-05-28T10:45:00-04:00,1116.28000790,1300.00000000,135.43064298,980.84936492,499.26776492,481.58160000,0.00000000,0.1213231824,0.1250000000,2,0,11.06780169
2024-05-28T11:00:00-04:00,1119.38103229,1300.00000000,135.31976737,984.06126492,499.26776492,484.79350000,0.00000000,0.1208880296,0.1250000000,2,0,11.06780169
2024-05-28T11:15:00-04:00,1120.40408883,1300.00000000,135.28632391,985.11776492,499.26776492,485.85000000,0.00000000,0.1207477956,0.1250000000,2,0,11.06780169
2024-05-28T11:30:00-04:00,1125.41430661,1300.00000000,135.43034169,989.98396492,499.26776492,490.71620000,0.00000000,0.1203382087,0.1250000000,2,0,2.79616934
2024-05-28T11:45:00-04:00,1124.63062438,1300.00000000,135.38785946,989.24276492,499.26776492,489.97500000,0.00000000,0.1203842902,0.1250000000,2,0,2.79616934
2024-05-28T12:00:00-04:00,1125.66486298,1300.00000000,135.28029806,990.38456492,499.26776492,491.11680000,0.00000000,0.1201781298,0.1250000000,2,1,0.00000000
2024-05-28T12:15:00-04:00,1129.93787898,1300.00000000,135.28029806,994.65758092,52.42088092,942.23670000,0.00000000,0.1197236597,0.1250000000,3,0,24.35041254
2024-05-28T12:30:00-04:00,1136.08450209,1300.00000000,135.35562117,1000.72888092,52.42088092,948.30800000,0.00000000,0.1191422125,0.1250000000,3,0,24.35041254
2024-05-28T12:45:00-04:00,1132.24408185,1300.00000000,135.43094427,996.81313757,87.87313757,908.94000000,0.00000000,0.1196128524,0.1250000000,2,0,24.35041254
2024-05-28T13:00:00-04:00,1129.57822336,1300.00000000,135.37068579,994.20753757,87.87313757,906.33440000,0.00000000,0.1198417985,0.1250000000,2,0,24.35041254
2024-05-28T13:15:00-04:00,1127.43390980,1300.00000000,135.46077222,991.97313757,87.87313757,904.10000000,0.00000000,0.1201496345,0.1250000000,2,0,24.35041254
2024-05-28T13:30:00-04:00,1124.98895260,1300.00000000,135.40081503,989.58813757,87.87313757,901.71500000,0.00000000,0.1203574619,0.1250000000,2,0,24.35041254
2024-05-28T13:45:00-04:00,1121.74878378,1300.00000000,135.33814621,986.41063757,87.87313757,898.53750000,0.00000000,0.1206492471,0.1250000000,2,0,24.35041254
2024-05-28T14:00:00-04:00,1123.45011415,1300.00000000,135.25197657,988.19813757,87.87313757,900.32500000,0.00000000,0.1203898374,0.1250000000,2,0,24.35041254
2024-05-28T14:15:00-04:00,1113.90278942,1300.00000000,135.12965185,978.77313757,87.87313757,890.90000000,0.00000000,0.1213118893,0.1250000000,2,0,24.35041254
2024-05-28T14:30:00-04:00,1108.98149700,1300.00000000,134.82835943,974.15313757,87.87313757,886.28000000,0.00000000,0.1215785473,0.1250000000,2,0,24.35041254
2024-05-28T14:45:00-04:00,1115.98649700,1300.00000000,134.82835943,981.15813757,87.87313757,893.28500000,0.00000000,0.1208154039,0.1250000000,2,0,24.35041254
2024-05-28T15:00:00-04:00,1122.63949700,1300.00000000,134.82835943,987.81113757,87.87313757,899.93800000,0.00000000,0.1200994262,0.1250000000,2,0,24.35041254
2024-05-28T15:15:00-04:00,1128.89386818,1300.00000000,135.09952261,993.79434557,547.52874557,446.26560000,0.00000000,0.1196742461,0.1250000000,1,0,24.35041254
2024-05-28T15:30:00-04:00,1149.96852666,1300.00000000,135.15978109,1014.80874557,547.52874557,467.28000000,0.00000000,0.1175334611,0.1250000000,1,1,24.35041254
2024-05-28T15:45:00-04:00,1144.46516060,1300.00000000,135.40081503,1009.06434557,87.98434557,921.08000000,0.00000000,0.1183092502,0.1250000000,2,1,12.96626293
2024-05-29T09:30:00-04:00,1211.19953336,1300.00000000,134.41920432,1076.78032904,1076.78032904,0.00000000,0.00000000,0.1109802313,0.1250000000,0,0,0.00000000
2024-05-29T09:45:00-04:00,1211.44177247,1300.00000000,134.66144342,1076.78032904,1076.78032904,0.00000000,0.00000000,0.1111579991,0.1250000000,0,0,0.00000000
2024-05-29T10:00:00-04:00,1211.45804226,1300.00000000,134.67771322,1076.78032904,1076.78032904,0.00000000,0.00000000,0.1111699362,0.1250000000,0,0,0.00000000
2024-05-29T10:15:00-04:00,1211.60416908,1300.00000000,134.82384004,1076.78032904,1076.78032904,0.00000000,0.00000000,0.1112771345,0.1250000000,0,1,0.00000000
2024-05-29T10:30:00-04:00,1209.00427875,1300.00000000,134.87475846,1074.12952029,593.07282029,481.05670000,0.00000000,0.1115585452,0.1250000000,1,0,19.12034594
2024-05-29T10:45:00-04:00,1209.11846891,1300.00000000,135.03564861,1074.08282029,593.07282029,481.01000000,0.00000000,0.1116810735,0.1250000000,1,0,19.12034594
2024-05-29T11:00:00-04:00,1211.27630896,1300.00000000,134.85848867,1076.41782029,593.07282029,483.34500000,0.00000000,0.1113358593,0.1250000000,1,0,19.12034594
2024-05-29T11:15:00-04:00,1211.24617972,1300.00000000,134.82835943,1076.41782029,593.07282029,483.34500000,0.00000000,0.1113137541,0.1250000000,1,0,19.12034594
2024-05-29T11:30:00-04:00,1211.24617972,1300.00000000,134.82835943,1076.41782029,593.07282029,483.34500000,0.00000000,0.1113137541,0.1250000000,1,0,19.12034594
2024-05-29T11:45:00-04:00,1212.78275935,1300.00000000,134.68373906,1078.09902029,593.07282029,485.02620000,0.00000000,0.1110534744,0.1250000000,1,0,19.12034594
2024-05-29T12:00:00-04:00,1211.14072737,1300.00000000,134.72290708,1076.41782029,593.07282029,483.34500000,0.00000000,0.1112363774,0.1250000000,1,0,19.12034594
2024-05-29T12:15:00-04:00,1208.94130896,1300.00000000,134.85848867,1074.08282029,593.07282029,481.01000000,0.00000000,0.1115508980,0.1250000000,1,0,19.12034594
2024-05-29T12:30:00-04:00,1204.28787972,1300.00000000,134.82835943,1069.45952029,593.07282029,476.38670000,0.00000000,0.1119569180,0.1250000000,1,0,19.12034594
2024-05-29T12:45:00-04:00,1209.12178247,1300.00000000,134.94556218,1074.17622029,593.07282029,481.10340000,0.00000000,0.1116062618,0.1250000000,1,0,19.12034594
2024-05-29T13:00:00-04:00,1211.27630896,1300.00000000,134.85848867,1076.41782029,593.07282029,483.34500000,0.00000000,0.1113358593,0.1250000000,1,0,19.12034594
2024-05-29T13:15:00-04:00,1204.32915711,1300.00000000,134.91633681,1069.41282029,593.07282029,476.34000000,0.00000000,0.1120261317,0.1250000000,1,0,19.12034594
2024-05-29T13:30:00-04:00,1206.93622091,1300.00000000,134.72140062,1072.21482029,593.07282029,479.14200000,0.00000000,0.1116226345,0.1250000000,1,0,19.12034594
2024-05-29T13:45:00-04:00,1206.46922091,1300.00000000,134.72140062,1071.74782029,593.07282029,478.67500000,0.00000000,0.1116658414,0.1250000000,1,0,19.12034594
2024-05-29T14:00:00-04:00,1204.24117972,1300.00000000,134.82835943,1069.41282029,593.07282029,476.34000000,0.00000000,0.1119612597,0.1250000000,1,0,19.12034594
2024-05-29T14:15:00-04:00,1204.24117972,1300.00000000,134.82835943,1069.41282029,593.07282029,476.34000000,0.00000000,0.1119612597,0.1250000000,1,0,19.12034594
2024-05-29T14:30:00-04:00,1208.91117972,1300.00000000,134.82835943,1074.08282029,593.07282029,481.01000000,0.00000000,0.1115287555,0.1250000000,1,0,19.12034594
2024-05-29T14:45:00-04:00,1208.80572737,1300.00000000,134.72290708,1074.08282029,593.07282029,481.01000000,0.00000000,0.1114512481,0.1250000000,1,0,19.12034594
2024-05-29T15:00:00-04:00,1206.57617972,1300.00000000,134.82835943,1071.74782029,593.07282029,478.67500000,0.00000000,0.1117445891,0.1250000000,1,1,19.12034594
2024-05-29T15:15:00-04:00,1207.98586873,1300.00000000,134.76810094,1073.21776779,112.64276779,960.57500000,0.00000000,0.1115643026,0.1250000000,2,3,26.86488075
2024-05-29T15:30:00-04:00,1210.51263093,1300.00000000,134.97900564,1075.53362529,0.36862529,1075.16500000,0.00000000,0.1115056565,0.1250000000,3,0,37.70622790
2024-05-29T15:45:00-04:00,1211.76503851,1300.00000000,134.67771322,1077.08732529,0.36862529,1076.71870000,0.00000000,0.1111417717,0.1250000000,3,0,37.70622790
2024-05-30T09:30:00-04:00,1237.00510320,1300.00000000,133.65301768,1103.35208552,623.28208552,480.07000000,0.00000000,0.1080456478,0.1250000000,1,4,7.74453481
2024-05-30T09:45:00-04:00,1249.20136320,1300.00000000,133.65301768,1115.54834552,2.09654552,1113.45180000,0.00000000,0.1069907716,0.1250000000,3,1,10.10142532
2024-05-30T10:00:00-04:00,1237.65279511,1300.00000000,133.53219942,1104.12059569,490.34059569,613.78000000,0.00000000,0.1078914862,0.1250000000,2,1,10.10142532
2024-05-30T10:15:00-04:00,1238.09099881,1300.00000000,133.65331898,1104.43767984,127.38077984,977.05690000,0.00000000,0.1079511273,0.1250000000,3,0,15.96747878
2024-05-30T10:30:00-04:00,1228.34348997,1300.00000000,133.29176807,1095.05172190,484.20672190,610.84500000,0.00000000,0.1085134322,0.1250000000,2,0,10.10142532
2024-05-30T10:45:00-04:00,1232.25604845,1300.00000000,133.35202655,1098.90402190,484.20672190,614.69730000,0.00000000,0.1082177902,0.1250000000,2,1,10.10142532
2024-05-30T11:00:00-04:00,1227.48141300,1300.00000000,133.17125110,1094.31016190,1.76516190,1092.54500000,0.00000000,0.1084914604,0.1250000000,3,1,19.04212477
2024-05-30T11:15:00-04:00,1231.57641300,1300.00000000,133.17125110,1098.40516190,1.76516190,1096.64000000,0.00000000,0.1081307255,0.1250000000,3,1,19.04212477
2024-05-30T11:30:00-04:00,1231.74241300,1300.00000000,133.17125110,1098.57116190,1.76516190,1096.80600000,0.00000000,0.1081161529,0.1250000000,3,0,19.04212477
2024-05-30T11:45:00-04:00,1232.77744694,1300.00000000,133.41228504,1099.36516190,1.76516190,1097.60000000,0.00000000,0.1082209002,0.1250000000,3,0,16.68523426
2024-05-30T12:00:00-04:00,1237.47775550,1300.00000000,133.43759360,1104.04016190,1.76516190,1102.27500000,0.00000000,0.1078302968,0.1250000000,3,1,16.68523426
2024-05-30T12:15:00-04:00,1236.23228216,1300.00000000,133.46712026,1102.76516190,1.76516190,1101.00000000,0.00000000,0.1079628175,0.1250000000,3,1,16.68523426
2024-05-30T12:30:00-04:00,1237.18366390,1300.00000000,133.53280201,1103.65086190,1.76516190,1101.88570000,0.00000000,0.1079328849,0.1250000000,3,1,16.68523426
2024-05-30T12:45:00-04:00,1239.01211378,1300.00000000,133.47224223,1105.53987155,0.31027155,1105.22960000,0.00000000,0.1077247274,0.1250000000,4,0,16.72761840
2024-05-30T13:00:00-04:00,1237.70254420,1300.00000000,133.53280201,1104.16974219,138.42044219,965.74930000,0.00000000,0.1078876364,0.1250000000,3,2,16.72761840
2024-05-30T13:15:00-04:00,1236.37892670,1300.00000000,133.53280201,1102.84612469,2.82882469,1100.01730000,0.00000000,0.1080031365,0.1250000000,4,2,21.37586419
2024-05-30T13:30:00-04:00,1234.91422670,1300.00000000,133.53280201,1101.38142469,2.82882469,1098.55260000,0.00000000,0.1081312363,0.1250000000,4,0,21.37586419
2024-05-30T13:45:00-04:00,1233.01006822,1300.00000000,133.47254352,1099.53752469,2.82882469,1096.70870000,0.00000000,0.1082493541,0.1250000000,4,2,21.37586419
2024-05-30T14:00:00-04:00,1235.94743284,1300.00000000,133.48760814,1102.45982469,2.82882469,1099.63100000,0.00000000,0.1080042764,0.1250000000,4,0,21.37586419
2024-05-30T14:15:00-04:00,1234.81259276,1300.00000000,133.29176807,1101.52082469,2.82882469,1098.69200000,0.00000000,0.1079449374,0.1250000000,4,1,21.37586419
2024-05-30T14:30:00-04:00,1233.42797774,1300.00000000,133.26495304,1100.16302469,2.82882469,1097.33420000,0.00000000,0.1080443734,0.1250000000,4,1,21.37586419
2024-05-30T14:45:00-04:00,1233.01397774,1300.00000000,133.26495304,1099.74902469,2.82882469,1096.92020000,0.00000000,0.1080806507,0.1250000000,4,1,21.37586419
2024-05-30T15:00:00-04:00,1231.50331101,1300.00000000,133.22608632,1098.27722469,2.82882469,1095.44840000,0.00000000,0.1081816712,0.1250000000,4,0,21.37586419
2024-05-30T15:15:00-04:00,1226.66268807,1300.00000000,133.08086337,1093.58182469,2.82882469,1090.75300000,0.00000000,0.1084901862,0.1250000000,4,0,21.37586419
2024-05-30T15:30:00-04:00,1224.29411827,1300.00000000,132.86995868,1091.42415959,475.97455959,615.44960000,0.00000000,0.1085278094,0.1250000000,3,0,12.43516474
2024-05-30T15:45:00-04:00,1223.45815509,1300.00000000,132.59879549,1090.85935959,475.97455959,614.88480000,0.00000000,0.1083803275,0.1250000000,3,1,12.43516474
2024-05-31T09:30:00-04:00,1246.53689872,1300.00000000,132.86995868,1113.66694005,2.92854005,1110.73840000,0.00000000,0.1065912760,0.1250000000,4,2,25.41297681
2024-05-31T09:45:00-04:00,1232.43392615,1300.00000000,132.17698610,1100.25694005,2.92854005,1097.32840000,0.00000000,0.1072487403,0.1250000000,4,0,17.66844200
2024-05-31T10:00:00-04:00,1217.92318526,1300.00000000,132.08659837,1085.83658688,4.33998688,1081.49660000,0.00000000,0.1084523228,0.1250000000,3,0,17.62605787
2024-05-31T10:15:00-04:00,1218.06852931,1300.00000000,131.84556444,1086.22296488,617.89796488,468.32500000,0.00000000,0.1082414998,0.1250000000,1,0,12.97781207
2024-05-31T10:30:00-04:00,1214.63637500,1300.00000000,131.27341012,1083.36296488,617.89796488,465.46500000,0.00000000,0.1080763040,0.1250000000,1,0,12.97781207
2024-05-31T10:45:00-04:00,1218.63288310,1300.00000000,131.69491822,1086.93796488,617.89796488,469.04000000,0.00000000,0.1080677537,0.1250000000,1,0,12.97781207
2024-05-31T11:00:00-04:00,1221.05677371,1300.00000000,131.27310883,1089.78366488,617.89796488,471.88570000,0.00000000,0.1075077848,0.1250000000,1,0,12.97781207
2024-05-31T11:15:00-04:00,1219.58081522,1300.00000000,131.21285035,1088.36796488,617.89796488,470.47000000,0.00000000,0.1075884834,0.1250000000,1,0,12.97781207
2024-05-31T11:30:00-04:00,1215.20042750,1300.00000000,131.12246262,1084.07796488,617.89796488,466.18000000,0.00000000,0.1079019227,0.1250000000,1,0,12.97781207
2024-05-31T11:45:00-04:00,1222.37844769,1300.00000000,131.15048282,1091.22796488,617.89796488,473.33000000,0.00000000,0.1072912264,0.1250000000,1,0,12.97781207
2024-05-31T12:00:00-04:00,1218.02777659,1300.00000000,130.76091171,1087.26686488,617.89796488,469.36890000,0.00000000,0.1073546221,0.1250000000,1,1,12.97781207
2024-05-31T12:15:00-04:00,1220.12150462,1300.00000000,130.64039474,1089.48110988,148.40610988,941.07500000,0.00000000,0.1070716271,0.1250000000,2,0,22.19659523
2024-05-31T12:30:00-04:00,1214.81285083,1300.00000000,130.79104095,1084.02180988,148.40610988,935.61570000,0.00000000,0.1076635309,0.1250000000,2,0,22.19659523
2024-05-31T12:45:00-04:00,1212.95996905,1300.00000000,131.06220414,1081.89776491,608.76776491,473.13000000,0.00000000,0.1080515495,0.1250000000,1,0,9.21878315
2024-05-31T13:00:00-04:00,1215.18620975,1300.00000000,130.97844484,1084.20776491,608.76776491,475.44000000,0.00000000,0.1077846702,0.1250000000,1,1,9.21878315
2024-05-31T13:15:00-04:00,1214.71989636,1300.00000000,131.48341094,1083.23648541,122.69748541,960.53900000,0.00000000,0.1082417530,0.1250000000,2,1,23.75323753
2024-05-31T13:30:00-04:00,1218.38133697,1300.00000000,131.36349656,1087.01784041,2.54744041,1084.47040000,0.00000000,0.1078180473,0.1250000000,3,1,28.06986247
2024-05-31T13:45:00-04:00,1221.23044067,1300.00000000,131.17669526,1090.05374541,0.28574541,1089.76800000,0.00000000,0.1074135486,0.1250000000,4,1,28.16492506
2024-05-31T14:00:00-04:00,1223.90284197,1300.00000000,131.36349656,1092.53934541,0.28574541,1092.25360000,0.00000000,0.1073316378,0.1250000000,4,0,28.16492506
2024-05-31T14:15:00-04:00,1223.42344197,1300.00000000,131.36349656,1092.05994541,0.28574541,1091.77420000,0.00000000,0.1073736959,0.1250000000,4,2,28.16492506
2024-05-31T14:30:00-04:00,1219.22567879,1300.00000000,131.09233338,1088.13334541,0.28574541,1087.84760000,0.00000000,0.1075209747,0.1250000000,4,0,28.16492506
2024-05-31T14:45:00-04:00,1227.12432500,1300.00000000,131.24297959,1095.88134541,0.28574541,1095.59560000,0.00000000,0.1069516567,0.1250000000,4,2,28.16492506
2024-05-31T15:00:00-04:00,1226.14706364,1300.00000000,131.69491822,1094.45214541,0.28574541,1094.16640000,0.00000000,0.1074054835,0.1250000000,4,0,18.94614191
2024-05-31T15:15:00-04:00,1222.94667591,1300.00000000,131.60453050,1091.34214541,0.28574541,1091.05640000,0.00000000,0.1076126483,0.1250000000,4,0,18.94614191
2024-05-31T15:30:00-04:00,1223.66426076,1300.00000000,132.20711534,1091.45714541,0.28574541,1091.17140000,0.00000000,0.1080419847,0.1250000000,4,0,18.94614191
2024-05-31T15:45:00-04:00,1214.93092863,1300.00000000,132.68918322,1082.24174541,0.28574541,1081.95600000,0.00000000,0.1092154131,0.1250000000,4,2,18.94614191
2024-06-03T09:30:00-04:00,1263.04267718,1300.00000000,133.86422367,1129.17845351,1002.60205351,126.57640000,0.00000000,0.1059855111,0.1250000000,2,4,0.00000000
2024-06-03T09:45:00-04:00,1248.76138196,1300.00000000,133.17125110,1115.59013086,126.58013086,989.01000000,0.00000000,0.1066426725,0.1250000000,3,0,25.07288910
2024-06-03T10:00:00-04:00,1250.17344984,1300.00000000,133.65331898,1116.52013086,126.58013086,989.94000000,0.00000000,0.1069078207,0.1250000000,3,0,25.07288910
2024-06-03T10:15:00-04:00,1242.47092474,1300.00000000,133.74370670,1108.72721803,616.68981803,492.03740000,0.00000000,0.1076433291,0.1250000000,2,0,11.13660758
2024-06-03T10:30:00-04:00,1243.67205945,1300.00000000,133.26224141,1110.40981803,616.68981803,493.72000000,0.00000000,0.1071522355,0.1250000000,2,0,11.13660758
2024-06-03T10:45:00-04:00,1242.17891482,1300.00000000,132.59909679,1109.57981803,616.68981803,492.89000000,0.00000000,0.1067471805,0.1250000000,2,0,11.13660758
2024-06-03T11:00:00-04:00,1242.35619838,1300.00000000,133.20138034,1109.15481803,616.68981803,492.46500000,0.00000000,0.1072167391,0.1250000000,2,0,11.13660758
2024-06-03T11:15:00-04:00,1238.41531065,1300.00000000,133.11099261,1105.30431803,616.68981803,488.61450000,0.00000000,0.1074849378,0.1250000000,2,0,11.13660758
2024-06-03T11:30:00-04:00,1240.24640516,1300.00000000,133.24958713,1106.99681803,616.68981803,490.30700000,0.00000000,0.1074379950,0.1250000000,2,0,11.13660758
2024-06-03T11:45:00-04:00,1237.79289838,1300.00000000,133.20138034,1104.59151803,616.68981803,487.90170000,0.00000000,0.1076120089,0.1250000000,2,0,11.13660758
2024-06-03T12:00:00-04:00,1234.61054654,1300.00000000,132.86995868,1101.74058787,1101.74058787,0.00000000,0.00000000,0.1076209490,0.1250000000,0,0,0.00000000
2024-06-03T12:15:00-04:00,1234.40416123,1300.00000000,132.66357337,1101.74058787,1101.74058787,0.00000000,0.00000000,0.1074717483,0.1250000000,0,0,0.00000000
2024-06-03T12:30:00-04:00,1234.52015882,1300.00000000,132.77957095,1101.74058787,1101.74058787,0.00000000,0.00000000,0.1075556118,0.1250000000,0,0,0.00000000
2024-06-03T12:45:00-04:00,1234.15860791,1300.00000000,132.41802004,1101.74058787,1101.74058787,0.00000000,0.00000000,0.1072941672,0.1250000000,0,0,0.00000000
2024-06-03T13:00:00-04:00,1234.09834942,1300.00000000,132.35776156,1101.74058787,1101.74058787,0.00000000,0.00000000,0.1072505782,0.1250000000,0,0,0.00000000
2024-06-03T13:15:00-04:00,1234.64067579,1300.00000000,132.90008792,1101.74058787,1101.74058787,0.00000000,0.00000000,0.1076427260,0.1250000000,0,0,0.00000000
2024-06-03T13:30:00-04:00,1234.96637290,1300.00000000,133.22578503,1101.74058787,1101.74058787,0.00000000,0.00000000,0.1078780669,0.1250000000,0,1,0.00000000
2024-06-03T13:45:00-04:00,1233.98029397,1300.00000000,133.17125110,1100.80904287,819.46904287,281.34000000,0.00000000,0.1079200792,0.1250000000,1,0,35.83615985
2024-06-03T14:00:00-04:00,1230.43029073,1300.00000000,133.07724786,1097.35304287,819.46904287,277.88400000,0.00000000,0.1081550486,0.1250000000,1,0,35.83615985
2024-06-03T14:15:00-04:00,1235.14719073,1300.00000000,133.07724786,1102.06994287,819.46904287,282.60090000,0.00000000,0.1077420156,0.1250000000,1,0,35.83615985
2024-06-03T14:30:00-04:00,1232.82516472,1300.00000000,133.14112186,1099.68404287,819.46904287,280.21500000,0.00000000,0.1079967587,0.1250000000,1,1,35.83615985
2024-06-03T14:45:00-04:00,1228.93941003,1300.00000000,132.93021716,1096.00919287,340.51009287,755.49910000,0.00000000,0.1081666159,0.1250000000,2,1,46.43783044
2024-06-03T15:00:00-04:00,1218.58877677,1300.00000000,132.96034640,1085.62843037,4.70843037,1080.92000000,0.00000000,0.1091101026,0.1250000000,3,0,54.68955522
2024-06-03T15:15:00-04:00,1215.60345222,1300.00000000,133.14112186,1082.46233037,4.70843037,1077.75390000,0.00000000,0.1095267718,0.1250000000,3,1,54.68955522
2024-06-03T15:30:00-04:00,1191.01998159,1300.00000000,133.11099261,1057.90898898,250.95898898,806.95000000,0.00000000,0.1117621826,0.1250000000,2,2,18.85339537
2024-06-03T15:45:00-04:00,1192.22399262,1300.00000000,133.38215579,1058.84183683,468.69263683,590.14920000,0.00000000,0.1118767586,0.1250000000,2,1,16.14141350
2024-06-04T09:30:00-04:00,1181.54888450,1300.00000000,133.32189731,1048.22698719,328.55698719,719.67000000,0.00000000,0.1128365479,0.1250000000,2,3,5.66100215
2024-06-04T09:45:00-04:00,1174.03172028,1300.00000000,133.29176807,1040.73995221,337.16995221,703.57000000,0.00000000,0.1135333618,0.1250000000,3,0,17.79054583
2024-06-04T10:00:00-04:00,1176.30410277,1300.00000000,133.14112186,1043.16298091,713.56298091,329.60000000,0.00000000,0.1131859708,0.1250000000,2,0,12.12954368
2024-06-04T10:15:00-04:00,1174.21016497,1300.00000000,133.27218406,1040.93798091,713.56298091,327.37500000,0.00000000,0.1134994297,0.1250000000,2,1,12.12954368
2024-06-04T10:30:00-04:00,1179.85387220,1300.00000000,133.41228504,1046.44158716,250.69108716,795.75050000,0.00000000,0.1130752614,0.1250000000,3,0,43.36021739
2024-06-04T10:45:00-04:00,1186.11672598,1300.00000000,133.26163883,1052.85508716,250.69108716,802.16400000,0.00000000,0.1123512011,0.1250000000,3,1,43.36021739
2024-06-04T11:00:00-04:00,1180.06907553,1300.00000000,133.08086337,1046.98821216,0.00321216,1046.98500000,0.00000000,0.1127737911,0.1250000000,4,0,47.90838902
2024-06-04T11:15:00-04:00,1196.03383402,1300.00000000,133.14112186,1062.89271216,0.00321216,1062.88950000,0.00000000,0.1113188591,0.1250000000,4,1,47.90838902
2024-06-04T11:30:00-04:00,1203.34881705,1300.00000000,133.02060489,1070.32821216,0.00321216,1070.32500000,0.00000000,0.1105420166,0.1250000000,4,1,47.90838902
2024-06-04T11:45:00-04:00,1211.57368780,1300.00000000,132.99047564,1078.58321216,0.00321216,1078.58000000,0.00000000,0.1097667249,0.1250000000,4,0,16.67771532
2024-06-04T12:00:00-04:00,1213.61881705,1300.00000000,133.02060489,1080.59821216,0.00321216,1080.59500000,0.00000000,0.1096065775,0.1250000000,4,0,16.67771532
2024-06-04T12:15:00-04:00,1230.46231705,1300.00000000,133.02060489,1097.44171216,0.00321216,1097.43850000,0.00000000,0.1081061996,0.1250000000,4,0,16.67771532
2024-06-04T12:30:00-04:00,1238.06870449,1300.00000000,133.17125110,1104.89745339,524.94245339,579.95500000,0.00000000,0.1075637003,0.1250000000,3,0,16.67771532
2024-06-04T12:45:00-04:00,1236.12370449,1300.00000000,133.17125110,1102.95245339,524.94245339,578.01000000,0.00000000,0.1077329483,0.1250000000,3,0,16.67771532
2024-06-04T13:00:00-04:00,1236.13844600,1300.00000000,133.11099261,1103.02745339,524.94245339,578.08500000,0.00000000,0.1076829161,0.1250000000,3,1,16.67771532
2024-06-04T13:15:00-04:00,1229.49271798,1300.00000000,133.24717679,1096.24554119,38.82854119,1057.41700000,0.00000000,0.1083757348,0.1250000000,4,0,41.37465766
2024-06-04T13:30:00-04:00,1228.63031798,1300.00000000,133.24717679,1095.38314119,38.82854119,1056.55460000,0.00000000,0.1084518059,0.1250000000,4,0,41.37465766
2024-06-04T13:45:00-04:00,1228.99056774,1300.00000000,133.35202655,1095.63854119,38.82854119,1056.81000000,0.00000000,0.1085053295,0.1250000000,4,0,41.37465766
2024-06-04T14:00:00-04:00,1230.42860168,1300.00000000,133.59306049,1096.83554119,38.82854119,1058.00700000,0.00000000,0.1085744108,0.1250000000,4,0,41.37465766
2024-06-04T14:15:00-04:00,1232.46263562,1300.00000000,133.83409443,1098.62854119,38.82854119,1059.80000000,0.00000000,0.1085907926,0.1250000000,4,0,41.37465766
2024-06-04T14:30:00-04:00,1233.20566954,1300.00000000,133.70212835,1099.50354119,38.82854119,1060.67500000,0.00000000,0.1084183536,0.1250000000,4,0,41.37465766
2024-06-04T14:45:00-04:00,1228.84366956,1300.00000000,134.07512837,1094.76854119,38.82854119,1055.94000000,0.00000000,0.1091067413,0.1250000000,4,1,41.37465766
2024-06-04T15:00:00-04:00,1222.47331141,1300.00000000,133.65331898,1088.81999244,2.33619244,1086.48380000,0.00000000,0.1093302551,0.1250000000,5,0,42.48214870
2024-06-04T15:15:00-04:00,1223.69275762,1300.00000000,133.80396519,1089.88879244,2.33619244,1087.55260000,0.00000000,0.1093444121,0.1250000000,5,0,42.48214870
2024-06-04T15:30:00-04:00,1228.34981141,1300.00000000,133.65331898,1094.69649244,2.33619244,1092.36030000,0.00000000,0.1088072125,0.1250000000,5,0,42.48214870
2024-06-04T15:45:00-04:00,1239.15580384,1300.00000000,133.95461140,1105.20119244,2.33619244,1102.86500000,0.00000000,0.1081015083,0.1250000000,5,0,42.48214870
2024-06-05T09:30:00-04:00,1278.17245204,1300.00000000,135.13145960,1143.04099244,2.33619244,1140.70480000,0.00000000,0.1057224003,0.1250000000,5,1,17.78520635
2024-06-05T09:45:00-04:00,1298.57028578,1300.00000000,135.31042730,1163.25985847,537.44235847,625.81750000,0.00000000,0.1041995407,0.1250000000,4,2,13.23703472
2024-06-05T10:00:00-04:00,1285.54374997,1300.00000000,135.05432874,1150.48942123,290.24442123,860.24500000,0.00000000,0.1050561902,0.1250000000,4,1,23.74565170
2024-06-05T10:15:00-04:00,1289.73612222,1300.00000000,135.31886349,1154.41725873,20.49225873,1133.92500000,0.00000000,0.1049198058,0.1250000000,5,1,47.02339174
2024-06-05T10:30:00-04:00,1286.82067376,1300.00000000,135.40081503,1151.41985873,20.49225873,1130.92760000,0.00000000,0.1052211997,0.1250000000,5,1,47.02339174
2024-06-05T10:45:00-04:00,1289.71066728,1300.00000000,135.31042730,1154.40023998,3.25433998,1151.14590000,0.00000000,0.1049153355,0.1250000000,6,0,47.57711128
2024-06-05T11:00:00-04:00,1304.05362917,1300.00000000,135.58128919,1168.47233998,3.25433998,1165.21800000,0.00000000,0.1039691054,0.1250000000,6,0,47.57711128
2024-06-05T11:15:00-04:00,1298.34448895,1300.00000000,135.64184897,1162.70263998,3.25433998,1159.44830000,0.00000000,0.1044729270,0.1250000000,6,0,35.51524642
2024-06-05T11:30:00-04:00,1304.64157668,1300.00000000,135.73223670,1168.90933998,3.25433998,1165.65500000,0.00000000,0.1040379512,0.1250000000,6,0,35.51524642
2024-06-05T11:45:00-04:00,1299.87227668,1300.00000000,135.73223670,1164.14003998,3.25433998,1160.88570000,0.00000000,0.1044196719,0.1250000000,6,0,35.44756760
2024-06-05T12:00:00-04:00,1306.28308572,1300.00000000,135.58159049,1170.70149524,4.92459524,1165.77690000,0.00000000,0.1037918901,0.1250000000,5,1,35.44756760
2024-06-05T12:15:00-04:00,1313.96375566,1300.00000000,135.88258162,1178.08117404,1.56047404,1176.52070000,0.00000000,0.1034142540,0.1250000000,6,0,35.57649509
2024-06-05T12:30:00-04:00,1316.55708149,1300.00000000,135.70210745,1180.85497404,1.56047404,1179.29450000,0.00000000,0.1030734705,0.1250000000,6,0,35.57649509
2024-06-05T12:45:00-04:00,1313.91729846,1300.00000000,135.82262442,1178.09467404,1.56047404,1176.53420000,0.00000000,0.1033722781,0.1250000000,6,0,35.57649509
2024-06-05T13:00:00-04:00,1316.48209846,1300.00000000,135.82262442,1180.65947404,1.56047404,1179.09900000,0.00000000,0.1031708859,0.1250000000,6,0,35.57649509
2024-06-05T13:15:00-04:00,1315.15869168,1300.00000000,135.77441764,1179.38427404,1.56047404,1177.82380000,0.00000000,0.1032380491,0.1250000000,6,0,35.57649509
2024-06-05T13:30:00-04:00,1305.31309846,1300.00000000,135.82262442,1169.49047404,1.56047404,1167.93000000,0.00000000,0.1040536746,0.1250000000,6,0,35.57649509
2024-06-05T13:45:00-04:00,1307.35331011,1300.00000000,135.88288291,1171.47042720,349.74399928,819.10450000,2.62192792,0.1041462517,0.1250000000,5,0,35.57649509
2024-06-05T14:00:00-04:00,1306.79505567,1300.00000000,135.94012847,1170.85492720,349.74399928,818.48900000,2.62192792,0.1042347259,0.1250000000,5,0,35.57649509
2024-06-05T14:15:00-04:00,1311.59881011,1300.00000000,135.88288291,1175.71592720,349.74399928,823.35000000,2.62192792,0.1038084666,0.1250000000,5,0,35.57649509
2024-06-05T14:30:00-04:00,1311.31143935,1300.00000000,135.91301215,1175.39842720,349.74399928,823.03250000,2.62192792,0.1038542840,0.1250000000,5,1,35.57649509
2024-06-05T14:45:00-04:00,1313.45610587,1300.00000000,135.85275367,1177.60335220,2.98412428,1171.99730000,2.62192792,0.1036383976,0.1250000000,6,0,41.12087901
2024-06-05T15:00:00-04:00,1315.14906435,1300.00000000,135.91301215,1179.23605220,2.98412428,1173.63000000,2.62192792,0.1035506302,0.1250000000,6,0,41.12087901
2024-06-05T15:15:00-04:00,1319.01828890,1300.00000000,135.73223670,1183.28605220,2.98412428,1177.68000000,2.62192792,0.1031089425,0.1250000000,6,0,41.12087901
2024-06-05T15:30:00-04:00,1323.75380587,1300.00000000,135.85275367,1187.90105220,2.98412428,1182.29500000,2.62192792,0.1028305773,0.1250000000,6,0,41.12087901
2024-06-05T15:45:00-04:00,1329.79751344,1300.00000000,135.55146124,1194.24605220,2.98412428,1188.64000000,2.62192792,0.1021352884,0.1250000000,6,0,41.12087901
2024-06-06T09:30:00-04:00,1336.27794039,1300.00000000,163.27110222,1173.00683817,322.31183817,850.69500000,0.00000000,0.1221834899,0.1250000000,4,2,0.90411051
2024-06-06T09:45:00-04:00,1317.24564162,1300.00000000,163.27146586,1153.97417577,511.92067577,642.05350000,0.00000000,0.1239491411,0.1250000000,4,1,19.01191202
2024-06-06T10:00:00-04:00,1323.99485370,1300.00000000,163.30455651,1160.69029719,285.32676932,871.50100000,3.86252787,0.1237031723,0.1250000000,4,0,44.21022629
2024-06-06T10:15:00-04:00,1307.59912839,1300.00000000,163.41328294,1144.18584545,319.10212268,821.56500000,3.51872277,0.1253092081,0.1250000000,3,1,43.30611577
2024-06-06T10:30:00-04:00,1326.23398624,1300.00000000,163.16237579,1163.07161045,1.88438768,1157.66850000,3.51872277,0.1233541188,0.1250000000,4,1,54.15536915
2024-06-06T10:45:00-04:00,1349.99284931,1300.00000000,163.23473887,1186.75811045,1.88438768,1181.35500000,3.51872277,0.1212312481,0.1250000000,4,0,54.15536915
2024-06-06T11:00:00-04:00,1354.20093966,1300.00000000,163.30782921,1190.89311045,1.88438768,1185.49000000,3.51872277,0.1209076622,0.1250000000,4,0,30.61889321
2024-06-06T11:15:00-04:00,1356.01886637,1300.00000000,163.38055592,1192.63831045,1.88438768,1187.23520000,3.51872277,0.1207989195,0.1250000000,4,1,30.05301502
2024-06-06T11:30:00-04:00,1349.79093966,1300.00000000,163.30782921,1186.48311045,1.88438768,1181.08000000,3.51872277,0.1213037209,0.1250000000,4,0,29.59121743
2024-06-06T11:45:00-04:00,1358.31612094,1300.00000000,163.37801049,1194.93811045,1.88438768,1189.53500000,3.51872277,0.1205922086,0.1250000000,4,0,29.38829823
2024-06-06T12:00:00-04:00,1344.89875240,1300.00000000,163.33401083,1181.56474157,5.30805014,1172.70300000,3.55369144,0.1217688241,0.1250000000,3,0,29.38829823
2024-06-06T12:15:00-04:00,1335.18184407,1300.00000000,163.23510250,1171.94674157,5.30805014,1163.08500000,3.55369144,0.1225830966,0.1250000000,3,0,28.95705489
2024-06-06T12:30:00-04:00,1327.61315401,1300.00000000,163.12601243,1164.48714157,5.30805014,1155.62540000,3.55369144,0.1232014249,0.1250000000,3,2,28.95705489
2024-06-06T12:45:00-04:00,1332.96437901,1300.00000000,163.12601243,1169.83836657,0.80467514,1165.48000000,3.55369144,0.1227055070,0.1250000000,4,1,29.09472128
2024-06-06T13:00:00-04:00,1330.44394032,1300.00000000,163.12601243,1167.31792788,509.89173645,653.29620000,4.12999144,0.1229920055,0.1250000000,3,1,29.09472128
2024-06-06T13:15:00-04:00,1340.93416216,1300.00000000,163.41691928,1177.51724288,1.53075145,1171.85650000,4.12999144,0.1222444714,0.1250000000,4,2,40.81550698
2024-06-06T13:30:00-04:00,1347.89364269,1300.00000000,163.59873605,1184.29490663,0.41491520,1179.75000000,4.12999144,0.1217466598,0.1250000000,5,1,40.85487047
2024-06-06T13:45:00-04:00,1342.11491598,1300.00000000,163.52600934,1178.58890663,0.41491520,1174.04400000,4.12999144,0.1222181254,0.1250000000,5,0,40.85487047
2024-06-06T14:00:00-04:00,1335.42137249,1300.00000000,163.27146586,1172.14990663,0.41491520,1167.60500000,4.12999144,0.1226414203,0.1250000000,5,0,40.85487047
2024-06-06T14:15:00-04:00,1337.82227249,1300.00000000,163.27146586,1174.55080663,0.41491520,1170.00590000,4.12999144,0.1224206424,0.1250000000,5,0,40.85487047
2024-06-06T14:30:00-04:00,1342.55137249,1300.00000000,163.27146586,1179.27990663,0.41491520,1174.73500000,4.12999144,0.1219880885,0.1250000000,5,0,40.85487047
2024-06-06T14:45:00-04:00,1340.73408899,1300.00000000,163.48928235,1177.24480663,0.41491520,1172.69990000,4.12999144,0.1223169094,0.1250000000,5,0,40.85487047
2024-06-06T15:00:00-04:00,1343.53358927,1300.00000000,163.45328263,1180.08030663,0.41491520,1175.53540000,4.12999144,0.1220343763,0.1250000000,5,0,40.85487047
2024-06-06T15:15:00-04:00,1345.76637249,1300.00000000,163.27146586,1182.49490663,0.41491520,1177.95000000,4.12999144,0.1216957651,0.1250000000,5,0,40.85487047
2024-06-06T15:30:00-04:00,1341.60637249,1300.00000000,163.27146586,1178.33490663,0.41491520,1173.79000000,4.12999144,0.1220742797,0.1250000000,5,0,40.85487047
2024-06-06T15:45:00-04:00,1335.64355336,1300.00000000,163.39364673,1172.24990663,0.41491520,1167.70500000,4.12999144,0.1227127169,0.1250000000,5,1,40.85487047
2024-06-07T09:30:00-04:00,1336.38609593,1300.00000000,162.39910896,1173.98698697,5.25914358,1164.65000000,4.07784339,0.1218930444,0.1250000000,4,1,29.86795070
2024-06-07T09:45:00-04:00,1335.44573604,1300.00000000,163.08964908,1172.35608697,5.25914358,1163.01910000,4.07784339,0.1224978084,0.1250000000,4,1,29.86795070
2024-06-07T10:00:00-04:00,1331.51172583,1300.00000000,163.23473887,1168.27698697,5.25914358,1158.94000000,4.07784339,0.1229701464,0.1250000000,4,0,18.14716500
2024-06-07T10:15:00-04:00,1337.73946276,1300.00000000,163.16237579,1174.57708697,5.25914358,1165.24010000,4.07784339,0.1223416595,0.1250000000,4,0,18.14716500
2024-06-07T10:30:00-04:00,1335.01544375,1300.00000000,163.26855679,1171.74688697,5.25914358,1162.40990000,4.07784339,0.1226718343,0.1250000000,4,0,18.14716500
2024-06-07T10:45:00-04:00,1336.73518290,1300.00000000,162.90819593,1173.82698697,5.25914358,1164.49000000,4.07784339,0.1222431236,0.1250000000,4,0,18.14716500
2024-06-07T11:00:00-04:00,1330.65500008,1300.00000000,163.03801311,1167.61698697,5.25914358,1158.28000000,4.07784339,0.1229012668,0.1250000000,4,0,18.14716500
2024-06-07T11:15:00-04:00,1324.23773145,1300.00000000,163.16237579,1161.07535567,326.10708581,828.75840000,6.20986985,0.1237928124,0.1250000000,3,0,18.14716500
2024-06-07T11:30:00-04:00,1326.21842152,1300.00000000,163.27146586,1162.94695567,326.10708581,830.63000000,6.20986985,0.1236897031,0.1250000000,3,0,18.14716500
2024-06-07T11:45:00-04:00,1322.45182152,1300.00000000,163.27146586,1159.18035567,326.10708581,826.86340000,6.20986985,0.1240436575,0.1250000000,3,0,18.14716500
2024-06-07T12:00:00-04:00,1319.07871159,1300.00000000,163.38055592,1155.69815567,326.10708581,823.38120000,6.20986985,0.1244454516,0.1250000000,3,0,18.14716500
2024-06-07T12:15:00-04:00,1322.39478528,1300.00000000,163.25582961,1159.13895567,326.10708581,826.82200000,6.20986985,0.1240371529,0.1250000000,3,0,18.14716500
2024-06-07T12:30:00-04:00,1315.23015532,1300.00000000,163.60309966,1151.62705567,326.10708581,819.31010000,6.20986985,0.1249813326,0.1250000000,3,0,18.14716500
2024-06-07T12:45:00-04:00,1311.85130779,1300.00000000,163.27146586,1148.57984193,836.34666861,304.92000000,7.31317332,0.1251565298,0.1250000000,2,0,18.14716500
2024-06-07T13:00:00-04:00,1312.75144107,1300.00000000,163.67109913,1149.08034193,836.34666861,305.42050000,7.31317332,0.1253763607,0.1250000000,2,0,18.14716500
2024-06-07T13:15:00-04:00,1318.77903141,1300.00000000,163.74418948,1155.03484193,836.34666861,311.37500000,7.31317332,0.1248558538,0.1250000000,2,0,18.14716500
2024-06-07T13:30:00-04:00,1319.30189508,1300.00000000,163.74055314,1155.56134193,836.34666861,311.90150000,7.31317332,0.1248033237,0.1250000000,2,0,18.14716500
2024-06-07T13:45:00-04:00,1318.82175967,1300.00000000,163.61691773,1155.20484193,836.34666861,311.54500000,7.31317332,0.1247547438,0.1250000000,2,0,18.14716500
2024-06-07T14:00:00-04:00,1314.30803756,1300.00000000,162.94819563,1151.35984193,836.34666861,307.70000000,7.31317332,0.1246739372,0.1250000000,2,0,18.14716500
2024-06-07T14:15:00-04:00,1317.21312766,1300.00000000,163.05328572,1154.15984193,836.34666861,310.50000000,7.31317332,0.1244776635,0.1250000000,2,0,18.14716500
2024-06-07T14:30:00-04:00,1319.91267115,1300.00000000,163.30782921,1156.60484193,836.34666861,312.94500000,7.31317332,0.1244155811,0.1250000000,2,0,18.14716500
2024-06-07T14:45:00-04:00,1321.42463450,1300.00000000,163.34419257,1158.08044193,836.34666861,314.42060000,7.31317332,0.1243001050,0.1250000000,2,0,18.14716500
2024-06-07T15:00:00-04:00,1319.58117087,1300.00000000,163.34382893,1156.23734193,836.34666861,312.57750000,7.31317332,0.1244744437,0.1250000000,2,0,18.14716500
2024-06-07T15:15:00-04:00,1316.26721772,1300.00000000,163.16237579,1153.10484193,836.34666861,309.44500000,7.31317332,0.1246509581,0.1250000000,2,0,18.14716500
2024-06-07T15:30:00-04:00,1311.50585437,1300.00000000,163.12601243,1148.37984193,836.34666861,304.72000000,7.31317332,0.1250781536,0.1250000000,2,0,18.14716500
2024-06-07T15:45:00-04:00,1310.07094416,1300.00000000,163.27110222,1146.79984193,836.34666861,303.14000000,7.31317332,0.1253272910,0.1250000000,2,2,18.14716500
2024-06-10T09:30:00-04:00,1307.82510029,1300.00000000,163.26492045,1144.56017984,623.08780686,521.20860000,0.26377299,0.1248621514,0.1250000000,1,0,11.82077173
2024-06-10T09:45:00-04:00,1302.34986402,1300.00000000,163.25328418,1139.09657984,623.08780686,515.74500000,0.26377299,0.1253782567,0.1250000000,1,0,11.82077173
2024-06-10T10:00:00-04:00,1310.39986247,1300.00000000,163.45328263,1146.94657984,623.08780686,523.59500000,0.26377299,0.1247605374,0.1250000000,1,1,11.82077173
2024-06-10T10:15:00-04:00,1315.16155457,1300.00000000,163.45328263,1151.70827194,106.02309896,1045.42140000,0.26377299,0.1243087371,0.1250000000,2,2,32.68305949
2024-06-10T10:30:00-04:00,1323.15310607,1300.00000000,163.45328263,1159.69982344,0.54605046,1158.89000000,0.26377299,0.1235577902,0.1250000000,3,0,36.16012036
2024-06-10T10:45:00-04:00,1329.22355950,1300.00000000,163.59873605,1165.62482344,0.54605046,1164.81500000,0.26377299,0.1231028491,0.1250000000,3,1,36.16012036
2024-06-10T11:00:00-04:00,1344.78264956,1300.00000000,163.70782612,1181.07482344,0.54605046,1180.26500000,0.26377299,0.1217594107,0.1250000000,3,1,15.29783261
2024-06-10T11:15:00-04:00,1350.91784101,1300.00000000,163.70782612,1187.21001489,543.63321299,628.03000000,15.54680190,0.1225935125,0.1250000000,2,2,15.29783261
2024-06-10T11:30:00-04:00,1358.33606416,1300.00000000,163.54419102,1194.79187314,3.03907124,1176.20600000,15.54680190,0.1217943840,0.1250000000,3,0,36.21517810
2024-06-10T11:45:00-04:00,1361.33737255,1300.00000000,163.63509941,1197.70227314,3.03907124,1179.11640000,15.54680190,0.1215903150,0.1250000000,3,0,36.21517810
2024-06-10T12:00:00-04:00,1360.88587255,1300.00000000,163.63509941,1197.25077314,3.03907124,1178.66490000,15.54680190,0.1216311211,0.1250000000,3,0,36.21517810
2024-06-10T12:15:00-04:00,1370.97941690,1300.00000000,163.77764376,1207.20177314,3.03907124,1188.61590000,15.54680190,0.1208305319,0.1250000000,3,1,36.21517810
2024-06-10T12:30:00-04:00,1375.99684584,1300.00000000,163.56237270,1212.43447314,3.03907124,1193.84860000,15.54680190,0.1202266657,0.1250000000,3,0,36.21517810
2024-06-10T12:45:00-04:00,1380.18592597,1300.00000000,163.78055283,1216.40537314,3.03907124,1197.81950000,15.54680190,0.1200174830,0.1250000000,3,0,36.21517810
2024-06-10T13:00:00-04:00,1377.97007184,1300.00000000,163.72709870,1214.24297314,3.03907124,1195.65710000,15.54680190,0.1201734456,0.1250000000,3,0,36.21517810
2024-06-10T13:15:00-04:00,1379.39613618,1300.00000000,163.63546304,1215.76067314,3.03907124,1197.17480000,15.54680190,0.1199806012,0.1250000000,3,1,36.21517810
2024-06-10T13:30:00-04:00,1385.95307227,1300.00000000,163.67109913,1222.28197314,3.03907124,1203.69610000,15.54680190,0.1194325381,0.1250000000,3,1,15.29783261
2024-06-10T13:45:00-04:00,1401.12123764,1300.00000000,163.74055314,1237.38068450,566.77867094,639.73800000,30.86401356,0.1194962159,0.1250000000,3,2,15.45114238
2024-06-10T14:00:00-04:00,1399.44121975,1300.00000000,163.74418948,1235.69703027,1.08241671,1203.75060000,30.86401356,0.1196455624,0.1250000000,5,0,28.58191997
2024-06-10T14:15:00-04:00,1393.10276633,1300.00000000,163.59873605,1229.50403027,1.08241671,1197.55760000,30.86401356,0.1200954941,0.1250000000,5,1,28.58191997
2024-06-10T14:30:00-04:00,1396.78016633,1300.00000000,163.59873605,1233.18143027,1.08241671,1201.23500000,30.86401356,0.1197721659,0.1250000000,5,1,28.58191997
2024-06-10T14:45:00-04:00,1396.59495639,1300.00000000,163.70782612,1232.88713027,1.08241671,1200.94070000,30.86401356,0.1198682852,0.1250000000,5,0,28.58191997
2024-06-10T15:00:00-04:00,1397.32045639,1300.00000000,163.70782612,1233.61263027,1.08241671,1201.66620000,30.86401356,0.1198046429,0.1250000000,5,1,28.58191997
2024-06-10T15:15:00-04:00,1404.65778310,1300.00000000,163.78055283,1240.87723027,1.08241671,1208.93080000,30.86401356,0.1192177141,0.1250000000,5,1,28.58191997
2024-06-10T15:30:00-04:00,1404.08620297,1300.00000000,163.56237270,1240.52383027,1.08241671,1208.57740000,30.86401356,0.1191084545,0.1250000000,5,1,28.58191997
2024-06-10T15:45:00-04:00,1397.68860653,1300.00000000,163.56237270,1234.12623384,3.91971686,1199.40000000,30.80651697,0.1196609232,0.1250000000,4,1,28.42861020
2024-06-11T09:30:00-04:00,1375.12936277,1300.00000000,163.34382893,1211.78553384,3.91971686,1177.05930000,30.80651697,0.1215063996,0.1250000000,4,1,28.42861020
2024-06-11T09:45:00-04:00,1367.70678515,1300.00000000,162.87146895,1204.83531620,554.10885313,624.90000000,25.82646307,0.1213755551,0.1250000000,3,1,15.37821880
2024-06-11T10:00:00-04:00,1381.33112172,1300.00000000,163.19837551,1218.13274620,9.34058313,1182.96570000,25.82646307,0.1203967648,0.1250000000,4,2,39.70607422
2024-06-11T10:15:00-04:00,1380.72061456,1300.00000000,163.27146586,1217.44914870,4.40688563,1187.21580000,25.82646307,0.1205049602,0.1250000000,5,1,39.94416824
2024-06-11T10:30:00-04:00,1382.99090638,1300.00000000,163.59873605,1219.39217033,0.29930726,1193.26640000,25.82646307,0.1205445198,0.1250000000,6,0,40.13114409
2024-06-11T10:45:00-04:00,1390.55336004,1300.00000000,163.38091956,1227.17244048,7.27294814,1194.10470000,25.79479234,0.1197141556,0.1250000000,5,0,40.05075790
2024-06-11T11:00:00-04:00,1388.18716004,1300.00000000,163.38091956,1224.80624048,7.27294814,1191.73850000,25.79479234,0.1199220749,0.1250000000,5,0,40.05075790
2024-06-11T11:15:00-04:00,1385.21616004,1300.00000000,163.38091956,1221.83524048,7.27294814,1188.76750000,25.79479234,0.1201841632,0.1250000000,5,0,40.05075790
2024-06-11T11:30:00-04:00,1379.15381318,1300.00000000,163.56237270,1215.59144048,7.27294814,1182.52370000,25.79479234,0.1208566021,0.1250000000,5,0,40.05075790
2024-06-11T11:45:00-04:00,1380.01781318,1300.00000000,163.56237270,1216.45544048,7.27294814,1183.38770000,25.79479234,0.1207794951,0.1250000000,5,0,40.05075790
2024-06-11T12:00:00-04:00,1381.18591318,1300.00000000,163.56237270,1217.62354048,7.27294814,1184.55580000,25.79479234,0.1206754052,0.1250000000,5,0,40.05075790
2024-06-11T12:15:00-04:00,1384.05547654,1300.00000000,163.59873605,1220.45674048,7.27294814,1187.38900000,25.79479234,0.1204472293,0.1250000000,5,0,40.05075790
2024-06-11T12:30:00-04:00,1389.45266660,1300.00000000,163.70782612,1225.74484048,7.27294814,1192.67710000,25.79479234,0.1200505121,0.1250000000,5,1,40.05075790
2024-06-11T12:45:00-04:00,1385.63576632,1300.00000000,163.74382584,1221.89194048,7.27294814,1188.82420000,25.79479234,0.1204139521,0.1250000000,5,1,40.05075790
2024-06-11T13:00:00-04:00,1396.41202089,1300.00000000,163.74128041,1232.67074048,7.27294814,1199.60300000,25.79479234,0.1194653598,0.1250000000,5,1,39.86378205
2024-06-11T13:15:00-04:00,1396.59911288,1300.00000000,163.70782612,1232.89128676,0.12929442,1206.96720000,25.79479234,0.1194246499,0.1250000000,6,0,15.62787458
2024-06-11T13:30:00-04:00,1403.47171972,1300.00000000,163.99873296,1239.47298676,0.12929442,1213.54890000,25.79479234,0.1190400519,0.1250000000,6,0,15.62787458
2024-06-11T13:45:00-04:00,1405.81788012,1300.00000000,164.03509632,1241.78278380,9.70148463,1205.97470000,26.10659918,0.1188908858,0.1250000000,4,1,15.62787458
2024-06-11T14:00:00-04:00,1411.18454445,1300.00000000,163.88964290,1247.29490155,3.05350238,1218.13480000,26.10659918,0.1183252130,0.1250000000,5,0,15.80710388
2024-06-11T14:15:00-04:00,1424.27929743,1300.00000000,164.58018302,1259.69911442,578.19447738,637.56010000,43.94453703,0.1192320789,0.1250000000,4,0,15.80710388
2024-06-11T14:30:00-04:00,1424.71887784,1300.00000000,164.76236343,1259.95651442,578.19447738,637.81750000,43.94453703,0.1193260612,0.1250000000,4,1,15.80710388
2024-06-11T14:45:00-04:00,1418.82347092,1300.00000000,164.48818373,1254.33528719,10.13245016,1200.25830000,43.94453703,0.1196383039,0.1250000000,5,0,37.83924337
2024-06-11T15:00:00-04:00,1421.14836364,1300.00000000,164.25327645,1256.89508719,10.13245016,1202.81810000,43.94453703,0.1192657712,0.1250000000,5,0,37.83924337
2024-06-11T15:15:00-04:00,1416.91662700,1300.00000000,164.28963981,1252.62698719,10.13245016,1198.55000000,43.94453703,0.1196598540,0.1250000000,5,0,37.83924337
2024-06-11T15:30:00-04:00,1422.53944659,1300.00000000,164.10745940,1258.43198719,10.13245016,1204.35500000,43.94453703,0.1190396528,0.1250000000,5,1,37.83924337
2024-06-11T15:45:00-04:00,1424.89944659,1300.00000000,164.10745940,1260.79198719,10.13245016,1206.71500000,43.94453703,0.1188362185,0.1250000000,5,1,37.83924337
2024-06-12T09:30:00-04:00,1510.34460120,1300.00000000,166.13798916,1344.20661204,1149.12269087,122.73320000,72.35072118,0.1155345593,0.1250000000,1,2,11.78667138
2024-06-12T09:45:00-04:00,1483.52484719,1300.00000000,165.92599080,1317.59885639,536.20279822,714.77920000,66.61685816,0.1171042806,0.1250000000,2,0,48.61277381
2024-06-12T10:00:00-04:00,1469.85464034,1300.00000000,165.63508396,1304.21955639,536.20279822,701.39990000,66.61685816,0.1180377881,0.1250000000,2,0,48.61277381
2024-06-12T10:15:00-04:00,1454.49194810,1300.00000000,166.50671359,1287.98523451,1115.89159102,119.25960000,52.83404349,0.1187926905,0.1250000000,1,1,11.78667138
2024-06-12T10:30:00-04:00,1437.37473222,1300.00000000,166.32598771,1271.04874451,534.53590102,683.67880000,52.83404349,0.1201308052,0.1250000000,2,0,45.94924322
2024-06-12T10:45:00-04:00,1453.73902538,1300.00000000,166.03508087,1287.70394451,534.53590102,700.33400000,52.83404349,0.1185198732,0.1250000000,2,0,45.94924322
2024-06-12T11:00:00-04:00,1458.35266202,1300.00000000,165.99871751,1292.35394451,534.53590102,704.98400000,52.83404349,0.1181049581,0.1250000000,2,0,34.16257184
2024-06-12T11:15:00-04:00,1450.43113222,1300.00000000,166.32598771,1284.10514451,534.53590102,696.73520000,52.83404349,0.1190085391,0.1250000000,2,0,34.16257184
2024-06-12T11:30:00-04:00,1452.65938873,1300.00000000,166.07144422,1286.58794451,534.53590102,699.21800000,52.83404349,0.1186372606,0.1250000000,2,0,34.16257184
2024-06-12T11:45:00-04:00,1449.86898873,1300.00000000,166.07144422,1283.79754451,534.53590102,696.42760000,52.83404349,0.1188742234,0.1250000000,2,0,34.16257184
2024-06-12T12:00:00-04:00,1436.65029331,1300.00000000,165.85326409,1270.79702922,653.61020309,562.99800000,54.18882613,0.1199695384,0.1250000000,1,0,34.16257184
2024-06-12T12:15:00-04:00,1434.50905821,1300.00000000,165.68962899,1268.81942922,653.61020309,561.02040000,54.18882613,0.1200370937,0.1250000000,1,0,34.16257184
2024-06-12T12:30:00-04:00,1433.27672996,1300.00000000,165.81690074,1267.45982922,653.61020309,559.66080000,54.18882613,0.1202366436,0.1250000000,1,0,34.16257184
2024-06-12T12:45:00-04:00,1443.49225756,1300.00000000,165.77362834,1277.71862922,653.61020309,569.91960000,54.18882613,0.1193213985,0.1250000000,1,0,34.16257184
2024-06-12T13:00:00-04:00,1442.52931095,1300.00000000,165.92308173,1276.60622922,653.61020309,568.80720000,54.18882613,0.1195118082,0.1250000000,1,0,34.16257184
2024-06-12T13:15:00-04:00,1437.55549300,1300.00000000,165.89326378,1271.66222922,653.61020309,563.86320000,54.18882613,0.1199199516,0.1250000000,1,1,34.16257184
2024-06-12T13:30:00-04:00,1438.63245453,1300.00000000,165.67217458,1272.96027995,84.31785381,1134.45360000,54.18882613,0.1196669703,0.1250000000,2,0,59.19297007
2024-06-12T13:45:00-04:00,1434.33201733,1300.00000000,165.78053738,1268.55147995,84.31785381,1130.04480000,54.18882613,0.1201183605,0.1250000000,2,1,59.19297007
2024-06-12T14:00:00-04:00,1435.23611983,1300.00000000,165.78053738,1269.45558245,11.33315631,1203.93360000,54.18882613,0.1200397250,0.1250000000,3,1,60.95989765
2024-06-12T14:15:00-04:00,1442.23315606,1300.00000000,165.85326409,1276.37989197,0.93806584,1221.25300000,54.18882613,0.1194870081,0.1250000000,4,1,61.56168905
2024-06-12T14:30:00-04:00,1436.88595606,1300.00000000,165.85326409,1271.03269197,0.93806584,1215.90580000,54.18882613,0.1199490912,0.1250000000,4,0,61.56168905
2024-06-12T14:45:00-04:00,1437.33919271,1300.00000000,165.81690074,1271.52229197,0.93806584,1216.39540000,54.18882613,0.1198834955,0.1250000000,4,0,61.56168905
2024-06-12T15:00:00-04:00,1444.65008249,1300.00000000,165.96199052,1278.68809197,0.93806584,1223.56120000,54.18882613,0.1193575080,0.1250000000,4,0,61.56168905
2024-06-12T15:15:00-04:00,1430.51032943,1300.00000000,166.03508087,1264.47524857,72.77594857,1138.18400000,53.51530000,0.1205778360,0.1250000000,3,0,59.79476148
2024-06-12T15:30:00-04:00,1434.71169124,1300.00000000,166.27144268,1268.44024857,72.77594857,1142.14900000,53.51530000,0.1203821873,0.1250000000,3,0,59.79476148
2024-06-12T15:45:00-04:00,1444.71127447,1300.00000000,166.08962590,1278.62164857,72.77594857,1152.33040000,53.51530000,0.1193862180,0.1250000000,3,0,59.79476148
2024-06-13T09:30:00-04:00,1441.47293680,1300.00000000,175.25077039,1266.22216640,74.19224687,1138.74000000,53.28991954,0.1262447157,0.1250000000,2,2,34.16257184
2024-06-13T09:45:00-04:00,1454.30034765,1300.00000000,175.32152625,1278.97882140,13.68690187,1212.00200000,53.28991954,0.1251393442,0.1250000000,3,1,36.34951446
2024-06-13T10:00:00-04:00,1432.89616644,1300.00000000,175.13029421,1257.76587223,563.02395036,654.24400000,40.49792187,0.1257760091,0.1250000000,3,0,2.71250547
2024-06-13T10:15:00-04:00,1418.52006544,1300.00000000,174.74706522,1243.77300021,1193.13874487,9.95010000,40.68415534,0.1268271961,0.1250000000,1,0,0.52556285
2024-06-13T10:30:00-04:00,1418.69892084,1300.00000000,174.79602062,1243.90290021,1193.13874487,10.08000000,40.68415534,0.1268462610,0.1250000000,1,1,0.52556285
2024-06-13T10:45:00-04:00,1405.21608522,1300.00000000,174.74936001,1230.46672521,627.81506987,561.96750000,40.68415534,0.1280654239,0.1250000000,2,0,33.04078963
2024-06-13T11:00:00-04:00,1399.44856974,1300.00000000,174.59484453,1224.85372521,627.81506987,556.35450000,40.68415534,0.1284953026,0.1250000000,2,0,33.04078963
2024-06-13T11:15:00-04:00,1403.26943479,1300.00000000,174.94020958,1228.32922521,627.81506987,559.83000000,40.68415534,0.1283884482,0.1250000000,2,0,33.04078963
2024-06-13T11:30:00-04:00,1391.28276583,1300.00000000,175.16854062,1216.11422521,627.81506987,547.61500000,40.68415534,0.1296969649,0.1250000000,2,1,33.04078963
2024-06-13T11:45:00-04:00,1386.90639161,1300.00000000,175.05380140,1211.85259021,195.31093487,975.85750000,40.68415534,0.1300333605,0.1250000000,3,0,40.79695725
2024-06-13T12:00:00-04:00,1387.19106677,1300.00000000,174.78607656,1212.40499021,195.31093487,976.40990000,40.68415534,0.1298070400,0.1250000000,3,0,40.79695725
2024-06-13T12:15:00-04:00,1379.61766677,1300.00000000,174.78607656,1204.83159021,195.31093487,968.83650000,40.68415534,0.1305412667,0.1250000000,3,0,40.79695725
2024-06-13T12:30:00-04:00,1377.46931507,1300.00000000,174.78607656,1202.68323851,1167.31532100,9.84990000,25.51801751,0.1292842996,0.1250000000,1,0,0.52556285
2024-06-13T12:45:00-04:00,1377.38405983,1300.00000000,174.57572132,1202.80833851,1167.31532100,9.97500000,25.51801751,0.1291368493,0.1250000000,1,0,0.52556285
2024-06-13T13:00:00-04:00,1377.81624710,1300.00000000,174.97730859,1202.83893851,1167.31532100,10.00560000,25.51801751,0.1293925443,0.1250000000,1,0,0.52556285
2024-06-13T13:15:00-04:00,1377.80114710,1300.00000000,174.97730859,1202.82383851,1167.31532100,9.99050000,25.51801751,0.1293939891,0.1250000000,1,0,0.52556285
2024-06-13T13:30:00-04:00,1377.62935913,1300.00000000,174.79602062,1202.83333851,1167.31532100,10.00000000,25.51801751,0.1292763512,0.1250000000,1,0,0.52556285
2024-06-13T13:45:00-04:00,1377.81415429,1300.00000000,174.90081578,1202.91333851,1167.31532100,10.08000000,25.51801751,0.1293361794,0.1250000000,1,1,0.52556285
2024-06-13T14:00:00-04:00,1381.77175319,1300.00000000,174.93906218,1206.83269101,617.77347350,563.54120000,25.51801751,0.1289869717,0.1250000000,2,0,22.42962789
2024-06-13T14:15:00-04:00,1380.75555319,1300.00000000,174.93906218,1205.81649101,617.77347350,562.52500000,25.51801751,0.1290836902,0.1250000000,2,1,22.42962789
2024-06-13T14:30:00-04:00,1380.79420123,1300.00000000,175.16854062,1205.62566061,65.85264310,1114.25500000,25.51801751,0.1292493314,0.1250000000,3,0,46.74184625
2024-06-13T14:45:00-04:00,1376.74320123,1300.00000000,175.16854062,1201.57466061,65.85264310,1110.20400000,25.51801751,0.1296368235,0.1250000000,3,0,46.74184625
2024-06-13T15:00:00-04:00,1381.85287047,1300.00000000,175.12340986,1206.72946061,65.85264310,1115.35880000,25.51801751,0.1291151735,0.1250000000,3,0,46.74184625
2024-06-13T15:15:00-04:00,1382.68009404,1300.00000000,175.24503343,1207.43506061,65.85264310,1116.06440000,25.51801751,0.1291260907,0.1250000000,3,0,46.74184625
2024-06-13T15:30:00-04:00,1384.34296920,1300.00000000,174.97730859,1209.36566061,65.85264310,1117.99500000,25.51801751,0.1287710447,0.1250000000,3,0,46.74184625
2024-06-13T15:45:00-04:00,1400.18749404,1300.00000000,175.24503343,1224.94246061,65.85264310,1133.57180000,25.51801751,0.1274815775,0.1250000000,3,0,46.74184625
2024-06-14T09:30:00-04:00,1377.33155220,1300.00000000,175.09166534,1202.23988686,76.60702272,1100.31200000,25.32086414,0.1295046459,0.1250000000,2,2,46.21628339
2024-06-14T09:45:00-04:00,1366.49384504,1300.00000000,175.55100468,1190.94284036,0.48797622,1165.13400000,25.32086414,0.1308936335,0.1250000000,3,0,49.44616817
2024-06-14T10:00:00-04:00,1366.71275103,1300.00000000,175.22591023,1191.48684080,610.89259295,565.63060000,14.96364785,0.1296290190,0.1250000000,1,1,21.90406504
2024-06-14T10:15:00-04:00,1363.69928084,1300.00000000,175.17466005,1188.52462080,72.32897295,1101.23200000,14.96364785,0.1298806495,0.1250000000,2,0,46.08940961
2024-06-14T10:30:00-04:00,1347.60016142,1300.00000000,175.16854062,1172.43162080,72.32897295,1085.13900000,14.96364785,0.1314451006,0.1250000000,2,0,46.08940961
2024-06-14T10:45:00-04:00,1347.53063986,1300.00000000,175.39801906,1172.13262080,72.32897295,1084.84000000,14.96364785,0.1316241661,0.1250000000,2,0,46.08940961
2024-06-14T11:00:00-04:00,1344.50063986,1300.00000000,175.39801906,1169.10262080,72.32897295,1081.81000000,14.96364785,0.1319241361,0.1250000000,2,0,46.08940961
2024-06-14T11:15:00-04:00,1336.87025739,1300.00000000,175.39763659,1161.47262080,72.32897295,1074.18000000,14.96364785,0.1326853466,0.1250000000,2,0,46.08940961
2024-06-14T11:30:00-04:00,1326.88405423,1300.00000000,175.24503343,1151.63902080,72.32897295,1064.34640000,14.96364785,0.1335790133,0.1250000000,2,0,46.08940961
2024-06-14T11:45:00-04:00,1324.29377155,1300.00000000,174.78645902,1149.50731252,595.41278213,548.22220000,5.87233039,0.1325725247,0.1250000000,1,0,21.90406504
2024-06-14T12:00:00-04:00,1318.98937155,1300.00000000,174.78645902,1144.20291252,595.41278213,542.91780000,5.87233039,0.1331080578,0.1250000000,1,0,21.90406504
2024-06-14T12:15:00-04:00,1303.99555909,1300.00000000,175.46839245,1128.52716665,1128.52716665,0.00000000,0.00000000,0.1345621089,0.1250000000,0,0,0.00000000
2024-06-14T12:30:00-04:00,1304.00320837,1300.00000000,175.47604173,1128.52716665,1128.52716665,0.00000000,0.00000000,0.1345671856,0.1250000000,0,0,0.00000000
2024-06-14T12:45:00-04:00,1304.09729453,1300.00000000,175.57012789,1128.52716665,1128.52716665,0.00000000,0.00000000,0.1346296236,0.1250000000,0,0,0.00000000
2024-06-14T13:00:00-04:00,1304.11641773,1300.00000000,175.58925109,1128.52716665,1128.52716665,0.00000000,0.00000000,0.1346423131,0.1250000000,0,1,0.00000000
2024-06-14T13:15:00-04:00,1303.98158652,1300.00000000,175.89483988,1128.08674665,647.60674665,480.48000000,0.00000000,0.1348905856,0.1250000000,1,0,12.43989175
2024-06-14T13:30:00-04:00,1304.85066016,1300.00000000,175.72311351,1129.12754665,647.60674665,481.52080000,0.00000000,0.1346691379,0.1250000000,1,0,12.43989175
2024-06-14T13:45:00-04:00,1305.87249055,1300.00000000,175.66574390,1130.20674665,647.60674665,482.60000000,0.00000000,0.1345198288,0.1250000000,1,0,12.43989175
2024-06-14T14:00:00-04:00,1304.83073695,1300.00000000,175.70399031,1129.12674665,647.60674665,481.52000000,0.00000000,0.1346565385,0.1250000000,1,0,12.43989175
2024-06-14T14:15:00-04:00,1304.88335827,1300.00000000,175.71661162,1129.16674665,647.60674665,481.56000000,0.00000000,0.1346607806,0.1250000000,1,0,12.43989175
2024-06-14T14:30:00-04:00,1304.85824414,1300.00000000,175.62749750,1129.23074665,647.60674665,481.62400000,0.00000000,0.1345950783,0.1250000000,1,0,12.43989175
2024-06-14T14:45:00-04:00,1307.18196898,1300.00000000,175.89522234,1131.28674665,647.60674665,483.68000000,0.00000000,0.1345606247,0.1250000000,1,1,12.43989175
2024-06-14T15:00:00-04:00,1303.15689156,1300.00000000,175.76135992,1127.39553165,125.59553165,1001.80000000,0.00000000,0.1348735222,0.1250000000,2,2,18.64163519
2024-06-14T15:15:00-04:00,1303.31686836,1300.00000000,175.74223671,1127.57463165,4.30463165,1123.27000000,0.00000000,0.1348422943,0.1250000000,3,0,22.70306590
2024-06-14T15:30:00-04:00,1303.13838914,1300.00000000,175.81375749,1127.32463165,4.30463165,1123.02000000,0.00000000,0.1349156459,0.1250000000,3,0,22.70306590
2024-06-14T15:45:00-04:00,1301.92160758,1300.00000000,175.85697593,1126.06463165,4.30463165,1121.76000000,0.00000000,0.1350749345,0.1250000000,3,0,22.70306590
2024-06-17T09:30:00-04:00,1312.91529858,1300.00000000,175.84626694,1137.06903165,4.30463165,1132.76440000,0.00000000,0.1339357285,0.1250000000,3,3,22.70306590
2024-06-17T09:45:00-04:00,1310.80704140,1300.00000000,175.82790866,1134.97913274,133.03037949,1001.35780000,0.59095324,0.1341976413,0.1250000000,2,1,18.64163519
2024-06-17T10:00:00-04:00,1311.31455334,1300.00000000,176.06006435,1135.25448899,3.80853574,1130.85500000,0.59095324,0.1343228003,0.1250000000,3,2,23.66462561
2024-06-17T10:15:00-04:00,1303.15298163,1300.00000000,175.74223671,1127.41074491,0.41389167,1126.40590000,0.59095324,0.1349204359,0.1250000000,4,2,23.82706773
2024-06-17T10:30:00-04:00,1305.03440183,1300.00000000,175.83785273,1129.19654910,125.11054910,1004.08600000,0.00000000,0.1347380977,0.1250000000,3,0,18.80407731
2024-06-17T10:45:00-04:00,1305.79159608,1300.00000000,175.89904698,1129.89254910,125.11054910,1004.78200000,0.00000000,0.1347068303,0.1250000000,3,0,18.80407731
2024-06-17T11:00:00-04:00,1311.12315706,1300.00000000,176.04820796,1135.07494910,125.11054910,1009.96440000,0.00000000,0.1342728233,0.1250000000,3,0,18.80407731
2024-06-17T11:15:00-04:00,1313.40972831,1300.00000000,176.35417921,1137.05554910,125.11054910,1011.94500000,0.00000000,0.1342720215,0.1250000000,3,0,18.80407731
2024-06-17T11:30:00-04:00,1313.31162112,1300.00000000,176.43067203,1136.88094910,125.11054910,1011.77040000,0.00000000,0.1343402961,0.1250000000,3,0,18.80407731
2024-06-17T11:45:00-04:00,1311.98686437,1300.00000000,176.31631527,1135.67054910,125.11054910,1010.56000000,0.00000000,0.1343887809,0.1250000000,3,0,18.80407731
2024-06-17T12:00:00-04:00,1319.49946753,1300.00000000,176.46891843,1143.03054910,125.11054910,1017.92000000,0.00000000,0.1337392873,0.1250000000,3,0,12.60233387
2024-06-17T12:15:00-04:00,1329.53608322,1300.00000000,176.73664328,1152.79943995,655.98546828,493.67500000,3.13897167,0.1332456485,0.1250000000,2,1,12.60233387
2024-06-17T12:30:00-04:00,1327.11944400,1300.00000000,176.62190406,1150.49753995,126.38856828,1020.97000000,3.13897167,0.1334021972,0.1250000000,3,0,33.95666968
2024-06-17T12:45:00-04:00,1326.99418322,1300.00000000,176.73664328,1150.25753995,126.38856828,1020.73000000,3.13897167,0.1335014900,0.1250000000,3,0,33.95666968
2024-06-17T13:00:00-04:00,1342.51517189,1300.00000000,176.69763194,1165.81753995,126.38856828,1036.29000000,3.13897167,0.1319253186,0.1250000000,3,0,33.95666968
2024-06-17T13:15:00-04:00,1348.49652244,1300.00000000,176.85138250,1171.64513995,126.38856828,1042.11760000,3.13897167,0.1314530716,0.1250000000,3,0,33.95666968
2024-06-17T13:30:00-04:00,1359.44675447,1300.00000000,177.04261453,1182.40413995,126.38856828,1052.87660000,3.13897167,0.1305327720,0.1250000000,3,0,0.16244212
2024-06-17T13:45:00-04:00,1365.10463291,1300.00000000,177.27209296,1187.83253995,126.38856828,1058.30500000,3.13897167,0.1301590033,0.1250000000,3,0,0.16244212
2024-06-17T14:00:00-04:00,1366.86592736,1300.00000000,177.59718742,1189.26873995,126.38856828,1059.74120000,3.13897167,0.1302292858,0.1250000000,3,0,0.16244212
2024-06-17T14:15:00-04:00,1362.62238979,1300.00000000,177.73104984,1184.89133995,126.38856828,1055.36380000,3.13897167,0.1307342535,0.1250000000,3,0,0.16244212
2024-06-17T14:30:00-04:00,1355.65138650,1300.00000000,177.23384656,1178.41753995,126.38856828,1048.89000000,3.13897167,0.1310404582,0.1250000000,3,0,0.16244212
2024-06-17T14:45:00-04:00,1364.22667932,1300.00000000,177.31033937,1186.91633995,126.38856828,1057.38880000,3.13897167,0.1302710607,0.1250000000,3,0,0.16244212
2024-06-17T15:00:00-04:00,1358.66587932,1300.00000000,177.31033937,1181.35553995,126.38856828,1051.82800000,3.13897167,0.1308054738,0.1250000000,3,0,0.16244212
2024-06-17T15:15:00-04:00,1360.88437213,1300.00000000,177.38683218,1183.49753995,126.38856828,1053.97000000,3.13897167,0.1306480818,0.1250000000,3,1,0.16244212
2024-06-17T15:30:00-04:00,1361.31678932,1300.00000000,177.31033937,1184.00644995,2.97607828,1177.89140000,3.13897167,0.1305501659,0.1250000000,4,0,1.20958326
2024-06-17T15:45:00-04:00,1362.69837494,1300.00000000,177.46332500,1185.23504995,2.97607828,1179.12000000,3.13897167,0.1305300265,0.1250000000,4,0,1.20958326
2024-06-18T09:30:00-04:00,1354.61758590,1300.00000000,177.15735375,1177.46023216,1158.31352277,3.43500000,15.71170939,0.1323150169,0.1250000000,1,0,0.16244212
2024-06-18T09:45:00-04:00,1354.44960028,1300.00000000,177.00436812,1177.44523216,1158.31352277,3.42000000,15.71170939,0.1322173439,0.1250000000,1,0,0.16244212
2024-06-18T10:00:00-04:00,1354.27486106,1300.00000000,176.88962890,1177.38523216,1158.31352277,3.36000000,15.71170939,0.1321488857,0.1250000000,1,0,0.16244212
2024-06-18T10:15:00-04:00,1354.51933950,1300.00000000,177.11910734,1177.40023216,1158.31352277,3.37500000,15.71170939,0.1322961592,0.1250000000,1,0,0.16244212
2024-06-18T10:30:00-04:00,1354.36635387,1300.00000000,176.96612171,1177.40023216,1158.31352277,3.37500000,15.71170939,0.1321969953,0.1250000000,1,0,0.16244212
2024-06-18T10:45:00-04:00,1354.34310747,1300.00000000,176.92787531,1177.41523216,1158.31352277,3.39000000,15.71170939,0.1321707197,0.1250000000,1,0,0.16244212
2024-06-18T11:00:00-04:00,1354.21336825,1300.00000000,176.81313609,1177.40023216,1158.31352277,3.37500000,15.71170939,0.1320978087,0.1250000000,1,0,0.16244212
2024-06-18T11:15:00-04:00,1354.23909145,1300.00000000,176.83225929,1177.40683216,1158.31352277,3.38160000,15.71170939,0.1321095569,0.1250000000,1,0,0.16244212
2024-06-18T11:30:00-04:00,1354.22904927,1300.00000000,176.82881712,1177.40023216,1158.31352277,3.37500000,15.71170939,0.1321079764,0.1250000000,1,1,0.16244212
2024-06-18T11:45:00-04:00,1346.95652668,1300.00000000,177.04261453,1169.91391216,616.94780277,537.25440000,15.71170939,0.1329902751,0.1250000000,2,0,24.84567951
2024-06-18T12:00:00-04:00,1348.72968028,1300.00000000,177.00436812,1171.72531216,616.94780277,539.06580000,15.71170939,0.1327846826,0.1250000000,2,0,24.84567951
2024-06-18T12:15:00-04:00,1353.30911067,1300.00000000,176.94699851,1176.36211216,616.94780277,543.70260000,15.71170939,0.1322871877,0.1250000000,2,0,24.84567951
2024-06-18T12:30:00-04:00,1336.70020348,1300.00000000,177.02349132,1159.67671216,616.94780277,527.01720000,15.71170939,0.1340083522,0.1250000000,2,0,24.84567951
2024-06-18T12:45:00-04:00,1345.77646590,1300.00000000,177.15735375,1168.61911216,616.94780277,535.95960000,15.71170939,0.1331945327,0.1250000000,2,0,24.84567951
2024-06-18T13:00:00-04:00,1349.62486590,1300.00000000,177.15735375,1172.46751216,616.94780277,539.80800000,15.71170939,0.1328102605,0.1250000000,2,0,24.84567951
2024-06-18T13:15:00-04:00,1338.99315872,1300.00000000,177.23384656,1161.75931216,616.94780277,529.09980000,15.71170939,0.1339351101,0.1250000000,2,0,24.84567951
2024-06-18T13:30:00-04:00,1342.39613695,1300.00000000,177.19942479,1165.19671216,616.94780277,532.53720000,15.71170939,0.1335656175,0.1250000000,2,0,24.84567951
2024-06-18T13:45:00-04:00,1337.33715872,1300.00000000,177.23384656,1160.10331216,616.94780277,527.44380000,15.71170939,0.1341029311,0.1250000000,2,0,24.84567951
2024-06-18T14:00:00-04:00,1342.82039260,1300.00000000,177.00628044,1165.81411216,616.94780277,533.15460000,15.71170939,0.1333773810,0.1250000000,2,0,24.84567951
2024-06-18T14:15:00-04:00,1347.93512668,1300.00000000,177.04261453,1170.89251216,616.94780277,538.23300000,15.71170939,0.1328925856,0.1250000000,2,0,24.84567951
2024-06-18T14:30:00-04:00,1342.94388028,1300.00000000,177.00436812,1165.93951216,616.94780277,533.28000000,15.71170939,0.1333635305,0.1250000000,2,0,24.84567951
2024-06-18T14:45:00-04:00,1342.92888028,1300.00000000,177.00436812,1165.92451216,616.94780277,533.26500000,15.71170939,0.1333650378,0.1250000000,2,0,24.84567951
2024-06-18T15:00:00-04:00,1344.71852668,1300.00000000,177.04261453,1167.67591216,616.94780277,535.01640000,15.71170939,0.1332142260,0.1250000000,2,0,24.84567951
2024-06-18T15:15:00-04:00,1345.74774270,1300.00000000,177.13823054,1168.60951216,616.94780277,535.95000000,15.71170939,0.1331830312,0.1250000000,2,0,24.84567951
2024-06-18T15:30:00-04:00,1348.49537309,1300.00000000,177.08086093,1171.41451216,616.94780277,538.75500000,15.71170939,0.1328654198,0.1250000000,2,0,24.84567951
2024-06-18T15:45:00-04:00,1338.70126590,1300.00000000,177.15735375,1161.54391216,616.94780277,528.88440000,15.71170939,0.1339068422,0.1250000000,2,0,24.84567951
2024-06-20T09:30:00-04:00,1328.68771263,1300.00000000,164.79283496,1163.89487767,1157.47968427,0.00000000,6.41519340,0.1246284957,0.1250000000,0,1,0.00000000
2024-06-20T09:45:00-04:00,1326.50746836,1300.00000000,164.68571069,1161.82175767,632.92656427,522.48000000,6.41519340,0.1247531811,0.1250000000,1,2,9.17552396
2024-06-20T10:00:00-04:00,1320.53525003,1300.00000000,164.25721361,1156.27803642,0.55764302,1149.30520000,6.41519340,0.1249940694,0.1250000000,3,0,19.52089832
2024-06-20T10:15:00-04:00,1322.59631767,1300.00000000,164.11438125,1158.48193642,0.55764302,1151.50910000,6.41519340,0.1246898153,0.1250000000,3,0,19.52089832
2024-06-20T10:30:00-04:00,1319.48790958,1300.00000000,164.07867316,1155.40923642,0.55764302,1148.43640000,6.41519340,0.1249577964,0.1250000000,3,0,19.52089832
2024-06-20T10:45:00-04:00,1324.68009048,1300.00000000,164.43575406,1160.24433642,0.55764302,1153.27150000,6.41519340,0.1247365036,0.1250000000,3,0,19.52089832
2024-06-20T11:00:00-04:00,1330.19144453,1300.00000000,164.45360810,1165.73783642,0.55764302,1158.76500000,6.41519340,0.1242306681,0.1250000000,3,0,19.52089832
2024-06-20T11:15:00-04:00,1323.69110913,1300.00000000,164.32827271,1159.36283642,0.55764302,1152.39000000,6.41519340,0.1247485593,0.1250000000,3,0,19.52089832
2024-06-20T11:30:00-04:00,1327.95968168,1300.00000000,164.32184525,1163.63783642,0.55764302,1156.66500000,6.41519340,0.1243407594,0.1250000000,3,0,19.52089832
2024-06-20T11:45:00-04:00,1324.22632576,1300.00000000,164.15008934,1160.07623642,0.55764302,1153.10340000,6.41519340,0.1245626822,0.1250000000,3,0,19.52089832
2024-06-20T12:00:00-04:00,1326.63648790,1300.00000000,164.20365148,1162.43283642,0.55764302,1155.46000000,6.41519340,0.1243758544,0.1250000000,3,0,19.52089832
2024-06-20T12:15:00-04:00,1322.78088823,1300.00000000,163.54305181,1159.23783642,0.55764302,1152.26500000,6.41519340,0.1242383119,0.1250000000,3,1,19.52089832
2024-06-20T12:30:00-04:00,1316.85076689,1300.00000000,163.00743046,1153.84333642,0.55764302,1146.87050000,6.41519340,0.1243917929,0.1250000000,3,0,19.52089832
2024-06-20T12:45:00-04:00,1316.99093160,1300.00000000,163.29309518,1153.69783642,0.55764302,1146.72500000,6.41519340,0.1245964582,0.1250000000,3,0,19.52089832
2024-06-20T13:00:00-04:00,1315.33604778,1300.00000000,163.36451136,1151.97153642,0.55764302,1144.99870000,6.41519340,0.1248085481,0.1250000000,3,0,19.52089832
2024-06-20T13:15:00-04:00,1316.66908146,1300.00000000,163.25274504,1153.41633642,0.55764302,1146.44350000,6.41519340,0.1245962683,0.1250000000,3,0,19.52089832
2024-06-20T13:30:00-04:00,1314.65464554,1300.00000000,162.47180911,1152.18283642,0.55764302,1145.21000000,6.41519340,0.1241911860,0.1250000000,3,0,19.52089832
2024-06-20T13:45:00-04:00,1315.95854914,1300.00000000,162.61571272,1153.34283642,0.55764302,1146.37000000,6.41519340,0.1241774180,0.1250000000,3,1,19.52089832
2024-06-20T14:00:00-04:00,1317.29451976,1300.00000000,163.19668334,1154.09783642,0.55764302,1147.12500000,6.41519340,0.1244940553,0.1250000000,3,0,19.52089832
2024-06-20T14:15:00-04:00,1319.33880734,1300.00000000,163.18597091,1156.15283642,0.55764302,1149.18000000,6.41519340,0.1242920526,0.1250000000,3,0,19.52089832
2024-06-20T14:30:00-04:00,1318.16524520,1300.00000000,163.13240878,1155.03283642,0.55764302,1148.06000000,6.41519340,0.1243624184,0.1250000000,3,0,19.52089832
2024-06-20T14:45:00-04:00,1313.76314262,1300.00000000,162.90030619,1150.86283642,0.55764302,1143.89000000,6.41519340,0.1246036346,0.1250000000,3,1,19.52089832
2024-06-20T15:00:00-04:00,1312.62505159,1300.00000000,163.11455473,1149.51049686,523.40289930,621.91500000,4.19259755,0.1246641003,0.1250000000,2,0,13.90464257
2024-06-20T15:15:00-04:00,1309.98832777,1300.00000000,162.75783091,1147.23049686,523.40289930,619.63500000,4.19259755,0.1246426429,0.1250000000,2,0,13.90464257
2024-06-20T15:30:00-04:00,1309.49538959,1300.00000000,163.22489273,1146.27049686,523.40289930,618.67500000,4.19259755,0.1250475321,0.1250000000,2,0,13.90464257
2024-06-20T15:45:00-04:00,1306.84973177,1300.00000000,163.32880327,1143.52092850,1143.52092850,0.00000000,0.00000000,0.1249790234,0.1250000000,0,0,0.00000000
2024-06-21T09:30:00-04:00,1307.68408184,1300.00000000,163.02528451,1144.65879733,1144.65879733,0.00000000,0.00000000,0.1246671782,0.1250000000,0,6,0.00000000
2024-06-21T09:45:00-04:00,1287.42636938,1300.00000000,162.75747383,1124.66889555,361.60539555,763.06350000,0.00000000,0.1264208018,0.1250000000,3,0,20.78905224
2024-06-21T10:00:00-04:00,1290.71403410,1300.00000000,163.04313855,1127.67089555,361.60539555,766.06550000,0.00000000,0.1263201098,0.1250000000,3,0,20.78905224
2024-06-21T10:15:00-04:00,1290.98818556,1300.00000000,162.82889001,1128.15929555,361.60539555,766.55390000,0.00000000,0.1261273278,0.1250000000,3,1,20.78905224
2024-06-21T10:30:00-04:00,1286.01399067,1300.00000000,163.12419592,1122.88979475,0.40029475,1122.48950000,0.00000000,0.1268448066,0.1250000000,4,0,37.38650612
2024-06-21T10:45:00-04:00,1294.30118184,1300.00000000,163.25738709,1131.04379475,0.40029475,1130.64350000,0.00000000,0.1261355466,0.1250000000,4,0,37.38650612
2024-06-21T11:00:00-04:00,1285.55749038,1300.00000000,163.04349563,1122.51399475,0.40029475,1122.11370000,0.00000000,0.1268270745,0.1250000000,4,0,37.38650612
2024-06-21T11:15:00-04:00,1285.22434139,1300.00000000,163.07884664,1122.14549475,0.40029475,1121.74520000,0.00000000,0.1268874557,0.1250000000,4,0,37.38650612
2024-06-21T11:30:00-04:00,1282.53727375,1300.00000000,163.22167900,1119.31559475,0.40029475,1118.91530000,0.00000000,0.1272646670,0.1250000000,4,0,37.38650612
2024-06-21T11:45:00-04:00,1289.83530888,1300.00000000,163.01921413,1126.81609475,0.40029475,1126.41580000,0.00000000,0.1263876194,0.1250000000,4,0,37.38650612
2024-06-21T12:00:00-04:00,1286.20855757,1300.00000000,163.15026282,1123.05829475,0.40029475,1122.65800000,0.00000000,0.1268458850,0.1250000000,4,0,37.38650612
2024-06-21T12:15:00-04:00,1287.18992520,1300.00000000,163.25453045,1123.93539475,0.40029475,1123.53510000,0.00000000,0.1268301804,0.1250000000,4,0,37.38650612
2024-06-21T12:30:00-04:00,1290.21023589,1300.00000000,163.27524114,1126.93499475,0.40029475,1126.53470000,0.00000000,0.1265493302,0.1250000000,4,0,37.38650612
2024-06-21T12:45:00-04:00,1281.14293213,1300.00000000,163.32844619,1117.81448594,344.74948594,773.06500000,0.00000000,0.1274865139,0.1250000000,3,1,20.78905224
2024-06-21T13:00:00-04:00,1278.02313935,1300.00000000,163.18597091,1114.83716844,1.40216844,1113.43500000,0.00000000,0.1276862413,0.1250000000,4,0,24.48725211
2024-06-21T13:15:00-04:00,1272.71026362,1300.00000000,163.29309518,1109.41716844,1.40216844,1108.01500000,0.00000000,0.1283034323,0.1250000000,4,0,24.48725211
2024-06-21T13:30:00-04:00,1270.09701508,1300.00000000,163.07884664,1107.01816844,1.40216844,1105.61600000,0.00000000,0.1283987323,0.1250000000,4,0,24.48725211
2024-06-21T13:45:00-04:00,1269.43747463,1300.00000000,162.90030619,1106.53716844,1.40216844,1105.13500000,0.00000000,0.1283247970,0.1250000000,4,1,24.48725211
2024-06-21T14:00:00-04:00,1273.28573763,1300.00000000,163.08777367,1110.19796396,0.46216396,1109.73580000,0.00000000,0.1280841910,0.1250000000,5,0,24.52301590
2024-06-21T14:15:00-04:00,1275.50255914,1300.00000000,163.29309518,1112.20946396,0.46216396,1111.74730000,0.00000000,0.1280225539,0.1250000000,5,0,24.52301590
2024-06-21T14:30:00-04:00,1273.73245914,1300.00000000,163.29309518,1110.43936396,0.46216396,1109.97720000,0.00000000,0.1282004663,0.1250000000,5,0,24.52301590
2024-06-21T14:45:00-04:00,1271.22835914,1300.00000000,163.29309518,1107.93526396,0.46216396,1107.47310000,0.00000000,0.1284529990,0.1250000000,5,0,24.52301590
2024-06-21T15:00:00-04:00,1274.06181870,1300.00000000,163.11455473,1110.94726396,0.46216396,1110.48510000,0.00000000,0.1280271902,0.1250000000,5,0,24.52301590
2024-06-21T15:15:00-04:00,1275.97441015,1300.00000000,163.32844619,1112.64596396,0.46216396,1112.18380000,0.00000000,0.1280029167,0.1250000000,5,1,24.52301590
2024-06-21T15:30:00-04:00,1279.87687266,1300.00000000,163.32844619,1116.54842647,1.36572647,1115.18270000,0.00000000,0.1276126241,0.1250000000,4,0,24.48725211
2024-06-21T15:45:00-04:00,1283.33457311,1300.00000000,163.07884664,1120.25572647,1.36572647,1118.89000000,0.00000000,0.1270743032,0.1250000000,4,2,24.48725211
2024-06-24T09:30:00-04:00,1322.91183179,1300.00000000,162.25720349,1160.65462830,805.51734876,349.41890000,5.71837954,0.1231840344,0.1250000000,2,2,3.89158825
2024-06-24T09:45:00-04:00,1331.45448622,1300.00000000,162.57893338,1168.87555284,341.69625988,822.92350000,4.25579296,0.1224978100,0.1250000000,3,1,33.34876744
2024-06-24T10:00:00-04:00,1339.90439332,1300.00000000,162.77532788,1177.12906544,15.06827248,1157.80500000,4.25579296,0.1218698749,0.1250000000,4,0,39.18421208
2024-06-24T10:15:00-04:00,1322.61560174,1300.00000000,162.15043631,1160.46516544,15.06827248,1141.14110000,4.25579296,0.1229940683,0.1250000000,4,0,39.18421208
2024-06-24T10:30:00-04:00,1321.00759858,1300.00000000,162.00403314,1159.00356544,15.06827248,1139.67950000,4.25579296,0.1230330822,0.1250000000,4,0,39.18421208
2024-06-24T10:45:00-04:00,1313.24408781,1300.00000000,162.97172237,1150.27236544,15.06827248,1130.94830000,4.25579296,0.1245020471,0.1250000000,4,0,39.18421208
2024-06-24T11:00:00-04:00,1316.18361497,1300.00000000,163.14454953,1153.03906544,15.06827248,1133.71500000,4.25579296,0.1243548210,0.1250000000,4,0,39.18421208
2024-06-24T11:15:00-04:00,1315.42295545,1300.00000000,162.82889001,1152.59406544,15.06827248,1133.27000000,4.25579296,0.1241862172,0.1250000000,4,0,39.18421208
2024-06-24T11:30:00-04:00,1298.67866354,1300.00000000,162.86459810,1135.81406544,15.06827248,1116.49000000,4.25579296,0.1258202414,0.1250000000,4,1,39.18421208
2024-06-24T11:45:00-04:00,1307.82635804,1300.00000000,163.06099260,1144.76536544,15.06827248,1125.44130000,4.25579296,0.1250879676,0.1250000000,4,1,39.18421208
2024-06-24T12:00:00-04:00,1297.13293377,1300.00000000,162.95386833,1134.17906544,15.06827248,1114.85500000,4.25579296,0.1260397165,0.1250000000,4,0,39.18421208
2024-06-24T12:15:00-04:00,1302.04234186,1300.00000000,162.98957642,1139.05276544,15.06827248,1119.72870000,4.25579296,0.1255904344,0.1250000000,4,0,39.18421208
2024-06-24T12:30:00-04:00,1302.71567163,1300.00000000,162.90030619,1139.81536544,15.06827248,1120.49130000,4.25579296,0.1254565573,0.1250000000,4,1,39.18421208
2024-06-24T12:45:00-04:00,1298.90365623,1300.00000000,162.65034956,1136.25330666,0.04531370,1131.95220000,4.25579296,0.1256328877,0.1250000000,5,0,39.97277051
2024-06-24T13:00:00-04:00,1298.08322368,1300.00000000,162.29326866,1135.78995501,322.84539650,810.93690000,2.00765851,0.1252189865,0.1250000000,4,0,34.13732586
2024-06-24T13:15:00-04:00,1298.86272368,1300.00000000,162.29326866,1136.56945501,322.84539650,811.71640000,2.00765851,0.1251437212,0.1250000000,4,0,34.13732586
2024-06-24T13:30:00-04:00,1296.01417916,1300.00000000,162.46752414,1133.54665501,322.84539650,808.69360000,2.00765851,0.1255538682,0.1250000000,4,0,34.13732586
2024-06-24T13:45:00-04:00,1303.90020750,1300.00000000,162.22185248,1141.67835501,322.84539650,816.82530000,2.00765851,0.1246046401,0.1250000000,4,0,34.13732586
2024-06-24T14:00:00-04:00,1312.26597514,1300.00000000,162.07902013,1150.18695501,322.84539650,825.33390000,2.00765851,0.1237000506,0.1250000000,4,0,34.13732586
2024-06-24T14:15:00-04:00,1313.32569975,1300.00000000,161.52554473,1151.80015501,322.84539650,826.94710000,2.00765851,0.1231780084,0.1250000000,4,1,34.13732586
2024-06-24T14:30:00-04:00,1309.54179181,1300.00000000,161.65052305,1147.89126876,1.28941025,1144.59420000,2.00765851,0.1236300598,0.1250000000,5,0,39.08903340
2024-06-24T14:45:00-04:00,1310.66963226,1300.00000000,161.82906350,1148.84056876,1.28941025,1145.54350000,2.00765851,0.1236599418,0.1250000000,5,0,39.08903340
2024-06-24T15:00:00-04:00,1314.38474844,1300.00000000,161.90047968,1152.48426876,1.28941025,1149.18720000,2.00765851,0.1233642990,0.1250000000,5,0,39.08903340
2024-06-24T15:15:00-04:00,1310.05093977,1300.00000000,161.95047100,1148.10046876,1.28941025,1144.80340000,2.00765851,0.1238112479,0.1250000000,5,0,39.08903340
2024-06-24T15:30:00-04:00,1305.76232417,1300.00000000,161.79335541,1143.96896876,1.28941025,1140.67190000,2.00765851,0.1240980068,0.1250000000,5,0,39.08903340
2024-06-24T15:45:00-04:00,1297.92242192,1300.00000000,160.90065316,1137.02176876,1.28941025,1133.72470000,2.00765851,0.1241599044,0.1250000000,5,0,39.08903340
2024-06-25T09:30:00-04:00,1291.99356397,1300.00000000,161.93618777,1130.05737621,328.06998226,801.94240000,0.04499395,0.1253425961,0.1250000000,3,2,33.94393748
2024-06-25T09:45:00-04:00,1286.95723067,1300.00000000,161.99332071,1124.96390996,0.26931601,1124.64960000,0.04499395,0.1258775199,0.1250000000,4,0,46.94295736
2024-06-25T10:00:00-04:00,1296.39519105,1300.00000000,162.30398109,1134.09120996,0.26931601,1133.77690000,0.04499395,0.1252007223,0.1250000000,4,2,46.94295736
2024-06-25T10:15:00-04:00,1316.22123817,1300.00000000,162.11472822,1154.10650996,0.26931601,1153.79220000,0.04499395,0.1231709879,0.1250000000,4,1,46.94295736
2024-06-25T10:30:00-04:00,1302.70969222,1300.00000000,162.13258226,1140.57710996,0.26931601,1140.26280000,0.04499395,0.1244622522,0.1250000000,4,1,46.94295736
2024-06-25T10:45:00-04:00,1313.60523817,1300.00000000,162.11472822,1151.49050996,0.26931601,1151.17620000,0.04499395,0.1234162871,0.1250000000,4,1,46.94295736
2024-06-25T11:00:00-04:00,1310.20365435,1300.00000000,162.18614439,1148.01750996,0.26931601,1147.70320000,0.04499395,0.1237912241,0.1250000000,4,1,46.94295736
2024-06-25T11:15:00-04:00,1307.73171098,1300.00000000,162.43610102,1145.29560996,0.26931601,1144.98130000,0.04499395,0.1242163730,0.1250000000,4,0,46.94295736
2024-06-25T11:30:00-04:00,1306.76660491,1300.00000000,162.47109495,1144.29550996,0.26931601,1143.98120000,0.04499395,0.1243348955,0.1250000000,4,0,46.94295736
2024-06-25T11:45:00-04:00,1307.21328626,1300.00000000,162.57857630,1144.63470996,0.26931601,1144.32040000,0.04499395,0.1243746328,0.1250000000,4,2,46.94295736
2024-06-25T12:00:00-04:00,1302.37874378,1300.00000000,162.57643382,1139.80230996,0.26931601,1139.48800000,0.04499395,0.1248346930,0.1250000000,4,0,46.94295736
2024-06-25T12:15:00-04:00,1301.93181098,1300.00000000,162.43610102,1139.49570996,0.26931601,1139.18140000,0.04499395,0.1247697564,0.1250000000,4,0,46.94295736
2024-06-25T12:30:00-04:00,1292.86460578,1300.00000000,162.46609582,1130.39850996,0.26931601,1130.08420000,0.04499395,0.1256680316,0.1250000000,4,0,46.94295736
2024-06-25T12:45:00-04:00,1295.34721907,1300.00000000,162.47180911,1132.87540996,0.26931601,1132.56110000,0.04499395,0.1254315834,0.1250000000,4,0,46.94295736
2024-06-25T13:00:00-04:00,1297.57440840,1300.00000000,162.20399844,1135.37040996,0.26931601,1135.05610000,0.04499395,0.1250098816,0.1250000000,4,0,46.94295736
2024-06-25T13:15:00-04:00,1310.88197862,1300.00000000,162.29326866,1148.58870996,0.26931601,1148.27440000,0.04499395,0.1238088874,0.1250000000,4,1,46.94295736
2024-06-25T13:30:00-04:00,1306.62229480,1300.00000000,162.36468484,1144.25760996,0.26931601,1143.94330000,0.04499395,0.1242671863,0.1250000000,4,1,46.94295736
2024-06-25T13:45:00-04:00,1305.88470289,1300.00000000,162.40039293,1143.48430996,0.26931601,1143.17000000,0.04499395,0.1243647224,0.1250000000,4,1,46.94295736
2024-06-25T14:00:00-04:00,1305.23728626,1300.00000000,162.57857630,1142.65870996,0.26931601,1142.34440000,0.04499395,0.1245629301,0.1250000000,4,0,46.94295736
2024-06-25T14:15:00-04:00,1303.01311907,1300.00000000,162.47180911,1140.54130996,0.26931601,1140.22700000,0.04499395,0.1246936176,0.1250000000,4,0,46.94295736
2024-06-25T14:30:00-04:00,1298.10071907,1300.00000000,162.47180911,1135.62890996,0.26931601,1135.31460000,0.04499395,0.1251655117,0.1250000000,4,0,46.94295736
2024-06-25T14:45:00-04:00,1294.42482716,1300.00000000,162.50751720,1131.91730996,0.26931601,1131.60300000,0.04499395,0.1255485546,0.1250000000,4,0,46.94295736
2024-06-25T15:00:00-04:00,1287.94628626,1300.00000000,162.57857630,1125.36770996,0.26931601,1125.05340000,0.04499395,0.1262352769,0.1250000000,4,0,46.94295736
2024-06-25T15:15:00-04:00,1284.91407036,1300.00000000,162.50073267,1122.41333769,499.02593769,623.38740000,0.00000000,0.1264681712,0.1250000000,3,1,18.18331205
2024-06-25T15:30:00-04:00,1279.08097584,1300.00000000,162.61428439,1116.46669144,6.86209144,1109.60460000,0.00000000,0.1271336901,0.1250000000,4,0,29.75447040
2024-06-25T15:45:00-04:00,1280.86559247,1300.00000000,162.43610102,1118.42949144,6.86209144,1111.56740000,0.00000000,0.1268174444,0.1250000000,4,2,29.75447040
2024-06-26T09:30:00-04:00,1456.99943714,1300.00000000,162.72176574,1294.27767140,282.42008292,958.85450000,53.00308847,0.1158989950,0.1250000000,4,1,18.73401028
2024-06-26T09:45:00-04:00,1468.79538389,1300.00000000,162.79318192,1306.00220197,18.75918678,1233.66100000,53.58201519,0.1150308395,0.1250000000,4,0,28.91347225
2024-06-26T10:00:00-04:00,1479.24895670,1300.00000000,163.11455473,1316.13440197,18.75918678,1243.79320000,53.58201519,0.1144128057,0.1250000000,4,0,18.73401028
2024-06-26T10:15:00-04:00,1479.56824187,1300.00000000,162.70569710,1316.86254477,925.81796650,328.83510000,62.20947827,0.1147949985,0.1250000000,1,0,12.99901988
2024-06-26T10:30:00-04:00,1479.55921051,1300.00000000,162.72176574,1316.83744477,925.81796650,328.81000000,62.20947827,0.1148070671,0.1250000000,1,0,12.99901988
2024-06-26T10:45:00-04:00,1479.63062669,1300.00000000,162.79318192,1316.83744477,925.81796650,328.81000000,62.20947827,0.1148516671,0.1250000000,1,0,12.99901988
2024-06-26T11:00:00-04:00,1476.76354579,1300.00000000,162.43610102,1314.32744477,925.81796650,326.30000000,62.20947827,0.1148320200,0.1250000000,1,0,12.99901988
2024-06-26T11:15:00-04:00,1476.97136688,1300.00000000,162.64392211,1314.32744477,925.81796650,326.30000000,62.20947827,0.1149620466,0.1250000000,1,0,12.99901988
2024-06-26T11:30:00-04:00,1476.97779433,1300.00000000,162.65034956,1314.32744477,925.81796650,326.30000000,62.20947827,0.1149660674,0.1250000000,1,3,12.99901988
2024-06-26T11:45:00-04:00,1488.45337317,1300.00000000,162.88245215,1325.57092102,9.76644275,1253.59500000,62.20947827,0.1142037857,0.1250000000,4,0,42.50606361
2024-06-26T12:00:00-04:00,1475.46020294,1300.00000000,162.79318192,1312.66702102,9.76644275,1240.69110000,62.20947827,0.1151905880,0.1250000000,4,0,42.50606361
2024-06-26T12:15:00-04:00,1478.55899672,1300.00000000,162.91137570,1315.64762102,9.76644275,1243.67170000,62.20947827,0.1150220151,0.1250000000,4,0,42.50606361
2024-06-26T12:30:00-04:00,1472.43127058,1300.00000000,162.65034956,1309.78092102,9.76644275,1237.80500000,62.20947827,0.1153367154,0.1250000000,4,0,42.50606361
2024-06-26T12:45:00-04:00,1481.62233662,1300.00000000,162.68141560,1318.94092102,9.76644275,1246.96500000,62.20947827,0.1146117669,0.1250000000,4,0,42.50606361
2024-06-26T13:00:00-04:00,1480.64438301,1300.00000000,162.66106199,1317.98332102,9.76644275,1246.00740000,62.20947827,0.1146764377,0.1250000000,4,0,42.50606361
2024-06-26T13:15:00-04:00,1480.08446610,1300.00000000,162.75854508,1317.32592102,9.76644275,1245.35000000,62.20947827,0.1147904762,0.1250000000,4,1,42.50606361
2024-06-26T13:30:00-04:00,1480.80562854,1300.00000000,162.97172237,1317.83390617,2.94152790,1252.68290000,62.20947827,0.1148823944,0.1250000000,5,0,42.61786802
2024-06-26T13:45:00-04:00,1487.81957090,1300.00000000,162.80996473,1325.00960617,2.94152790,1259.85860000,62.20947827,0.1142037122,0.1250000000,5,0,42.61786802
2024-06-26T14:00:00-04:00,1480.76506569,1300.00000000,162.83995952,1317.92510617,2.94152790,1252.77410000,62.20947827,0.1147927941,0.1250000000,5,0,42.61786802
2024-06-26T14:15:00-04:00,1489.65392854,1300.00000000,162.97172237,1326.68220617,2.94152790,1261.53120000,62.20947827,0.1141702729,0.1250000000,5,0,42.61786802
2024-06-26T14:30:00-04:00,1489.23025326,1300.00000000,162.82924709,1326.40100617,2.94152790,1261.25000000,62.20947827,0.1141043284,0.1250000000,5,0,42.61786802
2024-06-26T14:45:00-04:00,1492.78376641,1300.00000000,162.91816024,1329.86560617,2.94152790,1264.71460000,62.20947827,0.1138830479,0.1250000000,5,0,42.61786802
2024-06-26T15:00:00-04:00,1491.03083405,1300.00000000,162.77532788,1328.25550617,2.94152790,1263.10450000,62.20947827,0.1139227988,0.1250000000,5,0,42.61786802
2024-06-26T15:15:00-04:00,1491.61202045,1300.00000000,162.93601428,1328.67600617,2.94152790,1263.52500000,62.20947827,0.1139888936,0.1250000000,5,0,42.61786802
2024-06-26T15:30:00-04:00,1499.29825281,1300.00000000,163.07884664,1336.21940617,2.94152790,1271.06840000,62.20947827,0.1134786170,0.1250000000,5,1,42.61786802
2024-06-26T15:45:00-04:00,1487.81697708,1300.00000000,163.18597091,1324.63100617,2.94152790,1259.48000000,62.20947827,0.1144676715,0.1250000000,5,1,42.61786802
2024-06-27T09:30:00-04:00,1494.37968278,1300.00000000,165.42020450,1328.95947827,0.00000000,1266.75000000,62.20947827,0.1155031741,0.1250000000,5,1,42.50606361
2024-06-27T09:45:00-04:00,1496.69037060,1300.00000000,165.34749232,1331.34287827,0.00000000,1269.13340000,62.20947827,0.1152664307,0.1250000000,5,1,42.50606361
2024-06-27T10:00:00-04:00,1498.57818278,1300.00000000,165.42020450,1333.15797827,0.00000000,1270.94850000,62.20947827,0.1151655588,0.1250000000,5,1,37.86587650
2024-06-27T10:15:00-04:00,1491.93678835,1300.00000000,165.49655229,1326.44023606,6.84396790,1257.37560000,62.22066816,0.1157548341,0.1250000000,4,2,37.86587650
2024-06-27T10:30:00-04:00,1494.52201249,1300.00000000,165.42020450,1329.10180798,0.13483982,1266.74630000,62.22066816,0.1154925988,0.1250000000,5,0,38.19438204
2024-06-27T10:45:00-04:00,1480.54561835,1300.00000000,165.05664361,1315.48897474,135.24237595,1117.74600000,62.50059878,0.1163973226,0.1250000000,4,0,38.19438204
2024-06-27T11:00:00-04:00,1481.80623053,1300.00000000,165.12935579,1316.67687474,135.24237595,1118.93390000,62.50059878,0.1163451706,0.1250000000,4,0,38.19438204
2024-06-27T11:15:00-04:00,1473.63428182,1300.00000000,164.83850708,1308.79577474,135.24237595,1111.05280000,62.50059878,0.1168128215,0.1250000000,4,0,38.19438204
2024-06-27T11:30:00-04:00,1474.07100138,1300.00000000,164.65672664,1309.41427474,135.24237595,1111.67130000,62.50059878,0.1166479025,0.1250000000,4,0,38.19438204
2024-06-27T11:45:00-04:00,1479.28636226,1300.00000000,165.02028752,1314.26607474,135.24237595,1116.52310000,62.50059878,0.1164751170,0.1250000000,4,0,38.19438204
2024-06-27T12:00:00-04:00,1482.77625489,1300.00000000,165.27478015,1317.50147474,135.24237595,1119.75850000,62.50059878,0.1163681004,0.1250000000,4,0,38.19438204
2024-06-27T12:15:00-04:00,1485.51440350,1300.00000000,165.34712876,1320.16727474,135.24237595,1122.42430000,62.50059878,0.1161950279,0.1250000000,4,0,38.19438204
2024-06-27T12:30:00-04:00,1492.02728662,1300.00000000,165.16571188,1326.86157474,135.24237595,1129.11860000,62.50059878,0.1155387397,0.1250000000,4,0,38.19438204
2024-06-27T12:45:00-04:00,1489.61888662,1300.00000000,165.16571188,1324.45317474,135.24237595,1126.71020000,62.50059878,0.1157337225,0.1250000000,4,1,37.86587650
2024-06-27T13:00:00-04:00,1491.36811127,1300.00000000,165.20243153,1326.16567974,3.28348095,1260.38160000,62.50059878,0.1156177393,0.1250000000,5,0,39.98306154
2024-06-27T13:15:00-04:00,1495.56289879,1300.00000000,165.42020450,1330.14269429,10.40304551,1256.99800000,62.74164878,0.1154506918,0.1250000000,4,0,39.98306154
2024-06-27T13:30:00-04:00,1490.63643053,1300.00000000,165.31113624,1325.32529429,10.40304551,1252.18060000,62.74164878,0.1157726314,0.1250000000,4,1,39.98306154
2024-06-27T13:45:00-04:00,1490.26612835,1300.00000000,165.23842406,1325.02770429,0.27545551,1262.01060000,62.74164878,0.1157517271,0.1250000000,5,0,40.66279281
2024-06-27T14:00:00-04:00,1486.23011617,1300.00000000,165.16571188,1321.06440429,0.27545551,1258.04730000,62.74164878,0.1160288374,0.1250000000,5,0,40.66279281
2024-06-27T14:15:00-04:00,1484.79801617,1300.00000000,165.16571188,1319.63230429,0.27545551,1256.61520000,62.74164878,0.1161456857,0.1250000000,5,1,40.66279281
2024-06-27T14:30:00-04:00,1483.56921617,1300.00000000,165.16571188,1318.40350429,0.27545551,1255.38640000,62.74164878,0.1162461341,0.1250000000,5,1,40.66279281
2024-06-27T14:45:00-04:00,1489.30688444,1300.00000000,165.27478015,1324.03210429,0.27545551,1261.01500000,62.74164878,0.1158550454,0.1250000000,5,0,40.66279281
2024-06-27T15:00:00-04:00,1492.11985898,1300.00000000,165.26605469,1326.85380429,0.27545551,1263.83670000,62.74164878,0.1156209417,0.1250000000,5,0,39.98306154
2024-06-27T15:15:00-04:00,1494.13324053,1300.00000000,165.31113624,1328.82210429,0.27545551,1265.80500000,62.74164878,0.1154898053,0.1250000000,5,0,39.98306154
2024-06-27T15:30:00-04:00,1499.22851340,1300.00000000,165.31040911,1333.91810429,0.27545551,1270.90100000,62.74164878,0.1150796524,0.1250000000,5,0,39.98306154
2024-06-27T15:45:00-04:00,1498.74824053,1300.00000000,165.31113624,1333.43710429,0.27545551,1270.42000000,62.74164878,0.1151186472,0.1250000000,5,1,39.98306154
2024-06-28T09:30:00-04:00,1530.33739713,1300.00000000,165.56235681,1364.77504032,813.90256298,469.96000000,80.91247735,0.1142262387,0.1250000000,3,3,15.11620492
2024-06-28T09:45:00-04:00,1514.09131959,1300.00000000,166.03825801,1348.05306157,3.99058423,1263.15000000,80.91247735,0.1158531323,0.1250000000,6,0,40.01784155
2024-06-28T10:00:00-04:00,1509.90997850,1300.00000000,166.32910673,1343.58087177,43.33788810,1219.71970000,80.52328367,0.1163639674,0.1250000000,4,0,38.69772733
2024-06-28T10:15:00-04:00,1514.46062241,1300.00000000,166.29275064,1348.16787177,43.33788810,1224.30670000,80.52328367,0.1159693287,0.1250000000,4,0,38.69772733
2024-06-28T10:30:00-04:00,1500.44807370,1300.00000000,166.00190193,1334.44617177,43.33788810,1210.58500000,80.52328367,0.1169089399,0.1250000000,4,0,38.69772733
2024-06-28T10:45:00-04:00,1502.36307370,1300.00000000,166.00190193,1336.36117177,43.33788810,1212.50000000,80.52328367,0.1167514815,0.1250000000,4,0,38.69772733
2024-06-28T11:00:00-04:00,1500.97048230,1300.00000000,165.78376539,1335.18671691,362.80042805,896.76000000,75.62628886,0.1163113907,0.1250000000,3,0,25.69870744
2024-06-28T11:15:00-04:00,1498.15490186,1300.00000000,165.60198495,1332.55291691,362.80042805,894.12620000,75.62628886,0.1164138165,0.1250000000,3,0,25.69870744
2024-06-28T11:30:00-04:00,1504.28819448,1300.00000000,165.85647757,1338.43171691,362.80042805,900.00500000,75.62628886,0.1160921817,0.1250000000,3,2,25.69870744
2024-06-28T11:45:00-04:00,1507.21210432,1300.00000000,165.89283366,1341.31927066,5.53768180,1260.15530000,75.62628886,0.1158804676,0.1250000000,5,0,31.84426727
2024-06-28T12:00:00-04:00,1505.70357249,1300.00000000,165.78340183,1339.92017066,5.53768180,1258.75620000,75.62628886,0.1159261837,0.1250000000,5,0,31.84426727
2024-06-28T12:15:00-04:00,1507.77565265,1300.00000000,165.64015884,1342.13549381,339.01843419,929.77660000,73.34045962,0.1154741320,0.1250000000,4,1,25.91493305
2024-06-28T12:30:00-04:00,1503.19613649,1300.00000000,165.49291668,1337.70321981,0.53276019,1263.83000000,73.34045962,0.1157409936,0.1250000000,5,0,41.10754793
2024-06-28T12:45:00-04:00,1495.43249258,1300.00000000,165.52927277,1329.90321981,0.53276019,1256.03000000,73.34045962,0.1163984249,0.1250000000,5,0,41.10754793
2024-06-28T13:00:00-04:00,1505.35045717,1300.00000000,165.77831198,1339.57214519,20.27714849,1246.04000000,73.25499670,0.1157592609,0.1250000000,4,0,40.89132232
2024-06-28T13:15:00-04:00,1507.70742276,1300.00000000,165.85647757,1341.85094519,20.27714849,1248.31880000,73.25499670,0.1156235470,0.1250000000,4,0,40.89132232
2024-06-28T13:30:00-04:00,1503.42672399,1300.00000000,165.66778947,1337.75893452,349.03871915,921.17620000,67.54401537,0.1153769653,0.1250000000,3,0,25.69870744
2024-06-28T13:45:00-04:00,1495.29070784,1300.00000000,165.65797332,1329.63273452,349.03871915,913.05000000,67.54401537,0.1160275658,0.1250000000,3,1,25.69870744
2024-06-28T14:00:00-04:00,1495.26159116,1300.00000000,165.78376539,1329.47782577,2.23381040,1259.70000000,67.54401537,0.1161180392,0.1250000000,4,0,36.91346636
2024-06-28T14:15:00-04:00,1495.80981072,1300.00000000,165.60198495,1330.20782577,2.23381040,1260.43000000,67.54401537,0.1159461954,0.1250000000,4,1,36.91346636
2024-06-28T14:30:00-04:00,1503.85025556,1300.00000000,165.63834104,1338.21191452,1.01789915,1269.65000000,67.54401537,0.1153224406,0.1250000000,5,0,36.96012575
2024-06-28T14:45:00-04:00,1510.09754338,1300.00000000,165.56562886,1344.53191452,1.01789915,1275.97000000,67.54401537,0.1147726068,0.1250000000,5,0,36.96012575
2024-06-28T15:00:00-04:00,1510.94847511,1300.00000000,165.45656059,1345.49191452,1.01789915,1276.93000000,67.54401537,0.1146293816,0.1250000000,5,1,36.96012575
2024-06-28T15:15:00-04:00,1510.74983120,1300.00000000,165.49291668,1345.25691452,1.01789915,1276.69500000,67.54401537,0.1146703505,0.1250000000,5,1,36.96012575
2024-06-28T15:30:00-04:00,1514.45084596,1300.00000000,164.98393144,1349.46691452,1.01789915,1280.90500000,67.54401537,0.1140252627,0.1250000000,5,1,36.96012575
2024-06-28T15:45:00-04:00,1508.40991422,1300.00000000,165.09299970,1343.31691452,1.01789915,1274.75500000,67.54401537,0.1145790180,0.1250000000,5,1,24.29788524
2024-07-01T09:30:00-04:00,1528.50183492,1300.00000000,165.14753384,1363.35430109,530.79496142,756.64880000,75.91053967,0.1136916725,0.1250000000,3,3,24.25122586
2024-07-01T09:45:00-04:00,1524.71425679,1300.00000000,164.86759195,1359.84666484,0.11925088,1283.81570000,75.91171395,0.1137957638,0.1250000000,4,0,47.12588124
2024-07-01T10:00:00-04:00,1514.52726712,1300.00000000,164.51130228,1350.01596484,0.11925088,1273.98500000,75.91171395,0.1143539022,0.1250000000,4,1,47.12588124
2024-07-01T10:15:00-04:00,1516.71148890,1300.00000000,165.23842406,1351.47306484,0.11925088,1275.44210000,75.91171395,0.1146852095,0.1250000000,4,1,47.12588124
2024-07-01T10:30:00-04:00,1512.09549618,1300.00000000,165.15953135,1346.93596484,0.11925088,1270.90500000,75.91171395,0.1149988834,0.1250000000,4,0,47.12588124
2024-07-01T10:45:00-04:00,1497.28635707,1300.00000000,165.12899223,1332.15736484,0.11925088,1256.12640000,75.91171395,0.1161755580,0.1250000000,4,0,47.12588124
2024-07-01T11:00:00-04:00,1502.03960715,1300.00000000,165.27478015,1336.76482700,507.86727527,761.34500000,67.55255173,0.1152152468,0.1250000000,3,1,24.90837367
2024-07-01T11:15:00-04:00,1500.12196509,1300.00000000,165.45656059,1334.66540450,8.26285277,1258.85000000,67.55255173,0.1154963655,0.1250000000,4,0,36.20447642
2024-07-01T11:30:00-04:00,1493.29840420,1300.00000000,165.09299970,1328.20540450,8.26285277,1252.39000000,67.55255173,0.1157941294,0.1250000000,4,0,36.20447642
2024-07-01T11:45:00-04:00,1495.91382856,1300.00000000,165.23842406,1330.67540450,8.26285277,1254.86000000,67.55255173,0.1156839147,0.1250000000,4,0,36.20447642
2024-07-01T12:00:00-04:00,1496.16916989,1300.00000000,165.78376539,1330.38540450,8.26285277,1254.57000000,67.55255173,0.1160449650,0.1250000000,4,0,36.20447642
2024-07-01T12:15:00-04:00,1498.76366252,1300.00000000,166.03825801,1332.72540450,8.26285277,1256.91000000,67.55255173,0.1160124155,0.1250000000,4,1,36.20447642
2024-07-01T12:30:00-04:00,1498.87141620,1300.00000000,165.91101170,1332.96040450,8.26285277,1257.14500000,67.55255173,0.1159147803,0.1250000000,4,0,36.20447642
2024-07-01T12:45:00-04:00,1495.20867082,1300.00000000,165.99826632,1329.21040450,8.26285277,1253.39500000,67.55255173,0.1162732846,0.1250000000,4,0,36.20447642
2024-07-01T13:00:00-04:00,1494.81694287,1300.00000000,166.00153836,1328.81540450,8.26285277,1253.00000000,67.55255173,0.1163074896,0.1250000000,4,0,36.20447642
2024-07-01T13:15:00-04:00,1495.26176989,1300.00000000,165.78376539,1329.47800450,8.26285277,1253.66260000,67.55255173,0.1161187189,0.1250000000,4,0,36.20447642
2024-07-01T13:30:00-04:00,1498.12168576,1300.00000000,165.92628126,1332.19540450,8.26285277,1256.38000000,67.55255173,0.1159862025,0.1250000000,4,0,36.20447642
2024-07-01T13:45:00-04:00,1495.16465504,1300.00000000,165.68015054,1329.48450450,8.26285277,1253.66910000,67.55255173,0.1160540389,0.1250000000,4,0,36.20447642
2024-07-01T14:00:00-04:00,1499.75688207,1300.00000000,165.85647757,1333.90040450,8.26285277,1258.08500000,67.55255173,0.1158050385,0.1250000000,4,1,36.20447642
2024-07-01T14:15:00-04:00,1500.36916989,1300.00000000,165.78376539,1334.58540450,8.26285277,1258.77000000,67.55255173,0.1157048036,0.1250000000,4,0,36.20447642
2024-07-01T14:30:00-04:00,1502.27194287,1300.00000000,166.00153836,1336.27040450,8.26285277,1260.45500000,67.55255173,0.1157031399,0.1250000000,4,0,36.20447642
2024-07-01T14:45:00-04:00,1499.64896989,1300.00000000,165.78376539,1333.86520450,8.26285277,1258.04980000,67.55255173,0.1157629914,0.1250000000,4,0,36.20447642
2024-07-01T15:00:00-04:00,1499.25866252,1300.00000000,166.03825801,1333.22040450,8.26285277,1257.40500000,67.55255173,0.1159723052,0.1250000000,4,0,36.20447642
2024-07-01T15:15:00-04:00,1496.00645772,1300.00000000,165.71105321,1330.29540450,8.26285277,1254.48000000,67.55255173,0.1160072807,0.1250000000,4,0,36.20447642
2024-07-01T15:30:00-04:00,1495.09003576,1300.00000000,165.72923126,1329.36080450,8.26285277,1253.54540000,67.55255173,0.1160944866,0.1250000000,4,1,36.20447642
2024-07-01T15:45:00-04:00,1494.83234794,1300.00000000,165.80194344,1329.03040450,8.26285277,1253.21500000,67.55255173,0.1161663914,0.1250000000,4,0,36.20447642
2024-07-02T09:30:00-04:00,1490.90767451,1300.00000000,165.67397000,1325.23370450,8.26285277,1249.41830000,67.55255173,0.1163967919,0.1250000000,4,1,33.43014357
2024-07-02T09:45:00-04:00,1484.97805083,1300.00000000,165.60198495,1319.37606588,152.81976423,1097.42650000,69.12980165,0.1169630891,0.1250000000,2,0,33.43014357
2024-07-02T10:00:00-04:00,1472.79190194,1300.00000000,165.66233605,1307.12956588,152.81976423,1085.18000000,69.12980165,0.1180215210,0.1250000000,2,1,33.43014357
2024-07-02T10:15:00-04:00,1475.10556954,1300.00000000,165.55399491,1309.55157463,2.05177298,1238.37000000,69.12980165,0.1177502477,0.1250000000,3,0,38.09734856
2024-07-02T10:30:00-04:00,1464.39174447,1300.00000000,165.74086521,1298.65087926,1091.38923071,150.80000000,56.46164855,0.1177195272,0.1250000000,1,0,4.66720499
2024-07-02T10:45:00-04:00,1465.37735683,1300.00000000,165.85647757,1299.52087926,1091.38923071,151.67000000,56.46164855,0.1177192337,0.1250000000,1,0,4.66720499
2024-07-02T11:00:00-04:00,1464.92490591,1300.00000000,165.83902665,1299.08587926,1091.38923071,151.23500000,56.46164855,0.1177446595,0.1250000000,1,0,4.66720499
2024-07-02T11:15:00-04:00,1466.08417878,1300.00000000,165.83829953,1300.24587926,1091.38923071,152.39500000,56.46164855,0.1176473105,0.1250000000,1,0,4.66720499
2024-07-02T11:30:00-04:00,1467.29871292,1300.00000000,165.89283366,1301.40587926,1091.38923071,153.55500000,56.46164855,0.1175846863,0.1250000000,1,0,4.66720499
2024-07-02T11:45:00-04:00,1466.86371292,1300.00000000,165.89283366,1300.97087926,1091.38923071,153.12000000,56.46164855,0.1176209521,0.1250000000,1,0,4.66720499
2024-07-02T12:00:00-04:00,1467.80776901,1300.00000000,165.92918975,1301.87857926,1091.38923071,154.02770000,56.46164855,0.1175680348,0.1250000000,1,0,4.66720499
2024-07-02T12:15:00-04:00,1467.58551015,1300.00000000,166.03753089,1301.54797926,1091.38923071,153.69710000,56.46164855,0.1176633288,0.1250000000,1,0,4.66720499
2024-07-02T12:30:00-04:00,1467.78097583,1300.00000000,165.94009657,1301.84087926,1091.38923071,153.99000000,56.46164855,0.1175779948,0.1250000000,1,0,4.66720499
2024-07-02T12:45:00-04:00,1467.44413727,1300.00000000,166.03825801,1301.40587926,1091.38923071,153.55500000,56.46164855,0.1176756334,0.1250000000,1,0,4.66720499
2024-07-02T13:00:00-04:00,1465.80956993,1300.00000000,166.14369067,1299.66587926,1091.38923071,151.81500000,56.46164855,0.1178869236,0.1250000000,1,0,4.66720499
2024-07-02T13:15:00-04:00,1466.53820554,1300.00000000,166.14732628,1300.39087926,1091.38923071,152.54000000,56.46164855,0.1178285856,0.1250000000,1,0,4.66720499
2024-07-02T13:30:00-04:00,1466.13956163,1300.00000000,166.18368237,1299.95587926,1091.38923071,152.10500000,56.46164855,0.1178876968,0.1250000000,1,0,4.66720499
2024-07-02T13:45:00-04:00,1465.81569816,1300.00000000,166.00771890,1299.80797926,1091.38923071,151.95710000,56.46164855,0.1177899329,0.1250000000,1,1,4.66720499
2024-07-02T14:00:00-04:00,1468.29576365,1300.00000000,166.10588034,1302.18988331,511.35993476,734.36830000,56.46164855,0.1176525475,0.1250000000,2,1,25.56472730
2024-07-02T14:15:00-04:00,1466.19405943,1300.00000000,166.18368237,1300.01037706,2.70372851,1240.84500000,56.46164855,0.1178831394,0.1250000000,3,0,44.29591495
2024-07-02T14:30:00-04:00,1463.15611100,1300.00000000,166.15423394,1297.00187706,2.70372851,1237.83650000,56.46164855,0.1181167897,0.1250000000,3,0,44.29591495
2024-07-02T14:45:00-04:00,1460.69715943,1300.00000000,166.18368237,1294.51347706,2.70372851,1235.34810000,56.46164855,0.1183445947,0.1250000000,3,1,44.29591495
2024-07-02T15:00:00-04:00,1465.86405943,1300.00000000,166.18368237,1299.68037706,2.70372851,1240.51500000,56.46164855,0.1179107408,0.1250000000,3,1,44.29591495
2024-07-02T15:15:00-04:00,1466.19323830,1300.00000000,166.19786124,1299.99537706,2.70372851,1240.83000000,56.46164855,0.1178932660,0.1250000000,3,1,44.29591495
2024-07-02T15:30:00-04:00,1462.34295943,1300.00000000,166.18368237,1296.15927706,2.70372851,1236.99390000,56.46164855,0.1182060542,0.1250000000,3,1,44.29591495
2024-07-02T15:45:00-04:00,1459.74270334,1300.00000000,166.14732628,1293.59537706,2.70372851,1234.43000000,56.46164855,0.1183991801,0.1250000000,3,3,44.29591495
2024-07-03T09:30:00-04:00,1505.98348156,1300.00000000,165.42020450,1340.56327706,2.70372851,1281.39790000,56.46164855,0.1141205332,0.1250000000,3,3,25.56472730
2024-07-03T09:45:00-04:00,1489.35657313,1300.00000000,165.34749232,1324.00908081,1.10753226,1266.43990000,56.46164855,0.1153940107,0.1250000000,4,0,25.65894590
2024-07-03T10:00:00-04:00,1516.94682848,1300.00000000,165.74595506,1351.20087342,533.10699391,747.92270000,70.17117951,0.1145623063,0.1250000000,3,3,25.65894590
2024-07-03T10:15:00-04:00,1513.77796837,1300.00000000,165.60198495,1348.17598342,0.58790391,1277.41690000,70.17117951,0.1147140525,0.1250000000,5,1,33.29238387
2024-07-03T10:30:00-04:00,1506.20597963,1300.00000000,165.85429620,1340.35168342,0.58790391,1269.59260000,70.17117951,0.1154946219,0.1250000000,5,1,33.19816527
2024-07-03T10:45:00-04:00,1498.80206099,1300.00000000,165.85647757,1332.94558342,0.58790391,1262.18650000,70.17117951,0.1160947028,0.1250000000,5,1,33.19816527
2024-07-03T11:00:00-04:00,1498.73296099,1300.00000000,165.85647757,1332.87648342,0.58790391,1262.11740000,70.17117951,0.1161003183,0.1250000000,5,0,33.19816527
2024-07-03T11:15:00-04:00,1500.47954463,1300.00000000,166.07425054,1334.40529409,148.34652340,1117.65500000,68.40377069,0.1159675023,0.1250000000,4,0,28.53096028
2024-07-03T11:30:00-04:00,1493.49539897,1300.00000000,165.90010488,1327.59529409,148.34652340,1110.84500000,68.40377069,0.1164136408,0.1250000000,4,0,28.53096028
2024-07-03T11:45:00-04:00,1487.77857166,1300.00000000,165.85647757,1321.92209409,148.34652340,1105.17180000,68.40377069,0.1168517839,0.1250000000,4,0,28.53096028
2024-07-03T12:00:00-04:00,1489.87812775,1300.00000000,165.89283366,1323.98529409,148.34652340,1107.23500000,68.40377069,0.1167047670,0.1250000000,4,1,28.53096028
2024-07-03T12:15:00-04:00,1480.29286166,1300.00000000,165.85647757,1314.43638409,10.36311340,1235.66950000,68.40377069,0.1174713217,0.1250000000,5,1,33.71558063
2024-07-03T12:30:00-04:00,1482.15525664,1300.00000000,165.85647757,1316.29877907,12.07718185,1235.74860000,68.47299722,0.1173223166,0.1250000000,4,2,33.71558063
2024-07-03T12:45:00-04:00,1483.88924023,1300.00000000,165.56562886,1318.32361137,1.44561415,1248.40500000,68.47299722,0.1169731022,0.1250000000,5,0,34.37853385
2024-07-03T13:00:00-04:00,1482.92524503,1300.00000000,165.89283366,1317.03241137,1.44561415,1247.11380000,68.47299722,0.1172841529,0.1250000000,5,0,34.37853385
2024-07-05T09:30:00-04:00,1464.31225242,1300.00000000,166.18368237,1298.12857005,1228.13965665,14.30000000,55.68891340,0.1179759541,0.1250000000,2,3,0.07458052
2024-07-05T09:45:00-04:00,1470.58674463,1300.00000000,166.32547112,1304.26127351,22.52862146,1225.88270000,55.84995205,0.1175663713,0.1250000000,4,0,49.66501191
2024-07-05T10:00:00-04:00,1475.41192655,1300.00000000,166.45635304,1308.95557351,22.52862146,1230.57700000,55.84995205,0.1172589545,0.1250000000,4,0,49.66501191
2024-07-05T10:15:00-04:00,1468.85852895,1300.00000000,166.61995544,1302.23857351,22.52862146,1223.86000000,55.84995205,0.1179185733,0.1250000000,4,0,49.66501191
2024-07-05T10:30:00-04:00,1472.74958504,1300.00000000,166.65631153,1306.09327351,22.52862146,1227.71470000,55.84995205,0.1176204070,0.1250000000,4,0,38.12079029
2024-07-05T10:45:00-04:00,1468.05477286,1300.00000000,166.58359935,1301.47117351,22.52862146,1223.09260000,55.84995205,0.1179599424,0.1250000000,4,0,38.12079029
2024-07-05T11:00:00-04:00,1476.04039241,1300.00000000,166.40181890,1309.63857351,22.52862146,1231.26000000,55.84995205,0.1171686657,0.1250000000,4,0,38.12079029
2024-07-05T11:15:00-04:00,1466.89879481,1300.00000000,166.56542130,1300.33337351,22.52862146,1221.95480000,55.84995205,0.1180436965,0.1250000000,4,1,38.12079029
2024-07-05T11:30:00-04:00,1469.50766551,1300.00000000,166.67448957,1302.83317594,10.78972389,1236.19350000,55.84995205,0.1179030030,0.1250000000,5,0,38.60309376
2024-07-05T11:45:00-04:00,1472.06490923,1300.00000000,166.59523330,1305.46967594,10.78972389,1238.83000000,55.84995205,0.1176341434,0.1250000000,5,0,38.60309376
2024-07-05T12:00:00-04:00,1479.30996791,1300.00000000,166.83809197,1312.47187594,10.78972389,1245.83220000,55.84995205,0.1172060262,0.1250000000,5,0,38.60309376
2024-07-05T12:15:00-04:00,1478.97532909,1300.00000000,166.87444806,1312.10088103,523.76250390,725.74800000,62.59037713,0.1178171569,0.1250000000,4,0,38.60309376
2024-07-05T12:30:00-04:00,1479.92169495,1300.00000000,166.81991393,1313.10178103,523.76250390,726.74890000,62.59037713,0.1177000126,0.1250000000,4,0,38.60309376
2024-07-05T12:45:00-04:00,1484.81097300,1300.00000000,166.83809197,1317.97288103,523.76250390,731.62000000,62.59037713,0.1173081676,0.1250000000,4,0,38.12079029
2024-07-05T13:00:00-04:00,1483.87770261,1300.00000000,166.82682158,1317.05088103,523.76250390,730.69800000,62.59037713,0.1173772668,0.1250000000,4,0,38.12079029
2024-07-05T13:15:00-04:00,1481.65646553,1300.00000000,166.87408450,1314.78238103,523.76250390,728.42950000,62.59037713,0.1175943008,0.1250000000,4,0,38.12079029
2024-07-05T13:30:00-04:00,1487.34449929,1300.00000000,166.84281826,1320.50168103,523.76250390,734.14880000,62.59037713,0.1171028851,0.1250000000,4,0,38.12079029
2024-07-05T13:45:00-04:00,1491.73700713,1300.00000000,166.89262610,1324.84438103,523.76250390,738.49150000,62.59037713,0.1167778187,0.1250000000,4,1,38.12079029
2024-07-05T14:00:00-04:00,1484.74308053,1300.00000000,166.87408450,1317.86899603,0.19011890,1255.08850000,62.59037713,0.1173390762,0.1250000000,5,0,55.59391715
2024-07-05T14:15:00-04:00,1488.55794409,1300.00000000,166.87444806,1321.68349603,0.19011890,1258.90300000,62.59037713,0.1170254162,0.1250000000,5,1,55.59391715
2024-07-05T14:30:00-04:00,1482.27639049,1300.00000000,166.82609446,1315.45029603,0.19011890,1252.66980000,62.59037713,0.1175091484,0.1250000000,5,0,55.59391715
2024-07-05T14:45:00-04:00,1484.78494409,1300.00000000,166.87444806,1317.91049603,0.19011890,1255.13000000,62.59037713,0.1173358779,0.1250000000,5,0,55.59391715
2024-07-05T15:00:00-04:00,1488.87653283,1300.00000000,167.01623681,1321.86029603,0.19011890,1259.07980000,62.59037713,0.1170986875,0.1250000000,5,0,55.59391715
2024-07-05T15:15:00-04:00,1493.71075627,1300.00000000,166.94716024,1326.76359603,0.19011890,1263.98310000,62.59037713,0.1166548689,0.1250000000,5,1,55.59391715
2024-07-05T15:30:00-04:00,1499.15150571,1300.00000000,167.01550968,1332.13599603,0.19011890,1269.35550000,62.59037713,0.1162606355,0.1250000000,5,1,55.59391715
2024-07-05T15:45:00-04:00,1496.26265627,1300.00000000,166.94716024,1329.31549603,0.19011890,1266.53500000,62.59037713,0.1164472262,0.1250000000,5,1,55.59391715
2024-07-08T09:30:00-04:00,1513.60235045,1300.00000000,167.27436504,1346.32798542,20.57161725,1260.40500000,65.35136817,0.1155009505,0.1250000000,4,2,59.79546460
2024-07-08T09:45:00-04:00,1515.64670253,1300.00000000,167.33762463,1348.30907790,4.16333495,1278.74000000,65.40574295,0.1153860836,0.1250000000,4,1,60.32850528
2024-07-08T10:00:00-04:00,1529.33615512,1300.00000000,167.34707721,1361.98907790,4.16333495,1292.42000000,65.40574295,0.1143135465,0.1250000000,4,2,59.79546460
2024-07-08T10:15:00-04:00,1516.15979903,1300.00000000,167.31072113,1348.84907790,4.16333495,1279.28000000,65.40574295,0.1153267299,0.1250000000,4,1,59.79546460
2024-07-08T10:30:00-04:00,1519.57708205,1300.00000000,166.91080415,1352.66627790,4.16333495,1283.09720000,65.40574295,0.1147806999,0.1250000000,4,1,59.79546460
2024-07-08T10:45:00-04:00,1524.45942449,1300.00000000,166.92534658,1357.53407790,4.16333495,1287.96500000,65.40574295,0.1144065833,0.1250000000,4,2,42.32233774
2024-07-08T11:00:00-04:00,1525.36388358,1300.00000000,167.12894068,1358.23494290,1.18109995,1291.64810000,65.40574295,0.1144751593,0.1250000000,5,1,42.40801341
2024-07-08T11:15:00-04:00,1515.92620794,1300.00000000,167.27436504,1348.65184290,1.18109995,1282.06500000,65.40574295,0.1153202379,0.1250000000,5,1,42.40801341
2024-07-08T11:30:00-04:00,1505.21763270,1300.00000000,167.20783339,1338.00979930,529.24761688,742.46850000,66.29368242,0.1162033847,0.1250000000,3,3,42.32233774
2024-07-08T11:45:00-04:00,1513.10014152,1300.00000000,167.34707721,1345.75306430,6.27568188,1273.18370000,66.29368242,0.1156665262,0.1250000000,4,2,67.45738436
2024-07-08T12:00:00-04:00,1498.45032057,1300.00000000,167.09258459,1331.35773598,152.11119694,1114.45000000,64.79653904,0.1165501649,0.1250000000,2,0,63.18125639
2024-07-08T12:15:00-04:00,1499.43583727,1300.00000000,167.23110129,1332.20473598,152.11119694,1115.29700000,64.79653904,0.1165666530,0.1250000000,2,0,63.18125639
2024-07-08T12:30:00-04:00,1489.73140840,1300.00000000,167.01987241,1322.71153598,152.11119694,1105.80380000,64.79653904,0.1172122853,0.1250000000,2,0,63.18125639
2024-07-08T12:45:00-04:00,1490.49736448,1300.00000000,167.05622850,1323.44113598,152.11119694,1106.53340000,64.79653904,0.1171748136,0.1250000000,2,0,63.18125639
2024-07-08T13:00:00-04:00,1484.60925564,1300.00000000,167.23800895,1317.37124669,659.01282464,603.00000000,55.35842206,0.1170109578,0.1250000000,1,0,38.04620977
2024-07-08T13:15:00-04:00,1484.56417409,1300.00000000,167.19292740,1317.37124669,659.01282464,603.00000000,55.35842206,0.1169831056,0.1250000000,1,1,38.04620977
2024-07-08T13:30:00-04:00,1486.28327391,1300.00000000,167.34707721,1318.93619669,65.16777464,1198.41000000,55.35842206,0.1169502906,0.1250000000,2,0,60.11685910
2024-07-08T13:45:00-04:00,1481.48128055,1300.00000000,167.31508386,1314.16619669,65.16777464,1193.64000000,55.35842206,0.1173216479,0.1250000000,2,0,60.11685910
2024-07-08T14:00:00-04:00,1484.83384208,1300.00000000,167.23764539,1317.59619669,65.16777464,1197.07000000,55.35842206,0.1169923197,0.1250000000,2,0,60.11685910
2024-07-08T14:15:00-04:00,1471.82056173,1300.00000000,167.27436504,1304.54619669,65.16777464,1184.02000000,55.35842206,0.1180930717,0.1250000000,2,0,60.11685910
2024-07-08T14:30:00-04:00,1472.42513738,1300.00000000,167.12894068,1305.29619669,65.16777464,1184.77000000,55.35842206,0.1179400651,0.1250000000,2,0,60.11685910
2024-07-08T14:45:00-04:00,1467.05056173,1300.00000000,167.27436504,1299.77619669,65.16777464,1179.25000000,55.35842206,0.1184920992,0.1250000000,2,0,60.11685910
2024-07-08T15:00:00-04:00,1460.11784955,1300.00000000,167.20165286,1292.91619669,65.16777464,1172.39000000,55.35842206,0.1190251153,0.1250000000,2,1,60.11685910
2024-07-08T15:15:00-04:00,1459.84804870,1300.00000000,167.11076264,1292.73728606,610.83867165,634.86500000,47.03361441,0.1182821739,0.1250000000,2,1,38.56857448
2024-07-08T15:30:00-04:00,1459.14122065,1300.00000000,167.09258459,1292.04863606,52.22002165,1192.79500000,47.03361441,0.1183285069,0.1250000000,3,3,47.06754098
2024-07-08T15:45:00-04:00,1459.24343827,1300.00000000,167.34707721,1291.89636106,2.48274665,1242.38000000,47.03361441,0.1185001509,0.1250000000,4,2,47.77147328
2024-07-09T09:30:00-04:00,1408.06344069,1300.00000000,168.11055508,1239.95288561,594.88048609,611.89000000,33.18239952,0.1222728004,0.1250000000,2,4,9.20289880
2024-07-09T09:45:00-04:00,1408.50915189,1300.00000000,168.25597944,1240.25317246,0.95117294,1206.11960000,33.18239952,0.1223389127,0.1250000000,4,0,23.48378174
2024-07-09T10:00:00-04:00,1414.06037514,1300.00000000,168.14400268,1245.91637246,0.95117294,1211.78280000,33.18239952,0.1217660109,0.1250000000,4,2,23.48378174
2024-07-09T10:15:00-04:00,1398.45926113,1300.00000000,167.91859493,1230.54066620,553.95554249,646.70000000,29.88512371,0.1226960165,0.1250000000,3,0,14.98481524
2024-07-09T10:30:00-04:00,1402.55079692,1300.00000000,167.96513073,1234.58566620,553.95554249,650.74500000,29.88512371,0.1223641955,0.1250000000,3,1,14.98481524
2024-07-09T10:45:00-04:00,1409.89909152,1300.00000000,167.92877464,1241.97031689,560.32777243,648.01500000,33.62754446,0.1220171811,0.1250000000,3,1,14.98481524
2024-07-09T11:00:00-04:00,1410.19848543,1300.00000000,167.89241855,1242.30606689,0.90852243,1207.77000000,33.62754446,0.1219642327,0.1250000000,4,0,38.40068173
2024-07-09T11:15:00-04:00,1404.17820970,1300.00000000,167.81934281,1236.35886689,0.90852243,1201.82280000,33.62754446,0.1224466538,0.1250000000,4,0,38.40068173
2024-07-09T11:30:00-04:00,1409.85040970,1300.00000000,167.81934281,1242.03106689,0.90852243,1207.49500000,33.62754446,0.1219419812,0.1250000000,4,0,38.40068173
2024-07-09T11:45:00-04:00,1415.27848543,1300.00000000,167.89241855,1247.38606689,0.90852243,1212.85000000,33.62754446,0.1215157994,0.1250000000,4,1,38.40068173
2024-07-09T12:00:00-04:00,1416.52947796,1300.00000000,167.92841108,1248.60106689,0.90852243,1214.06500000,33.62754446,0.1214319013,0.1250000000,4,2,25.75252066
2024-07-09T12:15:00-04:00,1423.18168543,1300.00000000,167.89241855,1255.28926689,0.90852243,1220.75320000,33.62754446,0.1208246686,0.1250000000,4,2,25.75252066
2024-07-09T12:30:00-04:00,1418.11757326,1300.00000000,167.81970637,1250.29786689,0.90852243,1215.76180000,33.62754446,0.1212140954,0.1250000000,4,0,25.75252066
2024-07-09T12:45:00-04:00,1413.69509752,1300.00000000,167.74663063,1245.94846689,0.90852243,1211.41240000,33.62754446,0.1215495794,0.1250000000,4,0,25.75252066
2024-07-09T13:00:00-04:00,1430.95219521,1300.00000000,167.80152833,1263.15066689,0.90852243,1228.61460000,33.62754446,0.1200877178,0.1250000000,4,1,25.75252066
2024-07-09T13:15:00-04:00,1415.63085628,1300.00000000,167.41978939,1248.21106689,0.90852243,1213.67500000,33.62754446,0.1211428279,0.1250000000,4,0,25.75252066
2024-07-09T13:30:00-04:00,1419.54241237,1300.00000000,167.45614548,1252.08626689,0.90852243,1217.55020000,33.62754446,0.1208271513,0.1250000000,4,1,25.75252066
2024-07-09T13:45:00-04:00,1421.40534890,1300.00000000,167.67428201,1253.73106689,0.90852243,1219.19500000,33.62754446,0.1208221384,0.1250000000,4,0,25.75252066
2024-07-09T14:00:00-04:00,1425.75445868,1300.00000000,167.58339179,1258.17106689,0.90852243,1223.63500000,33.62754446,0.1203793922,0.1250000000,4,0,25.75252066
2024-07-09T14:15:00-04:00,1419.97399281,1300.00000000,167.63792593,1252.33606689,0.90852243,1217.80000000,33.62754446,0.1209206588,0.1250000000,4,0,25.75252066
2024-07-09T14:30:00-04:00,1419.65509816,1300.00000000,167.69973128,1251.95536689,0.90852243,1217.41930000,33.62754446,0.1209930718,0.1250000000,4,0,25.75252066
2024-07-09T14:45:00-04:00,1415.30312649,1300.00000000,167.78225960,1247.52086689,0.90852243,1212.98480000,33.62754446,0.1214339037,0.1250000000,4,0,25.75252066
2024-07-09T15:00:00-04:00,1416.21197326,1300.00000000,167.81970637,1248.39226689,0.90852243,1213.85620000,33.62754446,0.1213811633,0.1250000000,4,0,25.75252066
2024-07-09T15:15:00-04:00,1411.50280314,1300.00000000,167.67573626,1243.82706689,0.90852243,1209.29100000,33.62754446,0.1216915212,0.1250000000,4,0,25.75252066
2024-07-09T15:30:00-04:00,1412.35978073,1300.00000000,167.78371384,1244.57606689,0.90852243,1210.04000000,33.62754446,0.1216941981,0.1250000000,4,2,25.75252066
2024-07-09T15:45:00-04:00,1411.20192935,1300.00000000,167.85606246,1243.34586689,0.90852243,1208.80980000,33.62754446,0.1218490009,0.1250000000,4,1,25.75252066
2024-07-10T09:30:00-04:00,1414.67609134,1300.00000000,168.47702446,1246.19906689,0.90852243,1211.66300000,33.62754446,0.1219921087,0.1250000000,4,2,25.75252066
2024-07-10T09:45:00-04:00,1419.62425112,1300.00000000,168.58318424,1251.04106689,0.90852243,1216.50500000,33.62754446,0.1216331781,0.1250000000,4,1,25.75252066
2024-07-10T10:00:00-04:00,1406.59609167,1300.00000000,168.67407446,1237.92201721,516.78493139,684.09500000,37.04208583,0.1231598562,0.1250000000,3,0,25.75252066
2024-07-10T10:15:00-04:00,1411.50010745,1300.00000000,168.59809023,1242.90201721,516.78493139,689.07500000,37.04208583,0.1226651433,0.1250000000,3,0,25.75252066
2024-07-10T10:30:00-04:00,1409.05859656,1300.00000000,168.43157935,1240.62701721,516.78493139,686.80000000,37.04208583,0.1227620645,0.1250000000,3,1,25.75252066
2024-07-10T10:45:00-04:00,1403.16034824,1300.00000000,168.46684475,1234.69350349,2.78141766,1194.87000000,37.04208583,0.1233179069,0.1250000000,4,1,40.95167714
2024-07-10T11:00:00-04:00,1404.54626337,1300.00000000,168.43775988,1236.10850349,2.78141766,1196.28500000,37.04208583,0.1231716602,0.1250000000,4,1,40.95167714
2024-07-10T11:15:00-04:00,1406.26283164,1300.00000000,168.54682815,1237.71600349,2.78141766,1197.89250000,37.04208583,0.1230968992,0.1250000000,4,1,40.95167714
2024-07-10T11:30:00-04:00,1403.90976761,1300.00000000,168.63626413,1235.27350349,2.78141766,1195.45000000,37.04208583,0.1233742420,0.1250000000,4,1,40.24774484
2024-07-10T11:45:00-04:00,1404.68943634,1300.00000000,168.65553285,1236.03390349,2.78141766,1196.21040000,37.04208583,0.1233179977,0.1250000000,4,1,40.24774484
2024-07-10T12:00:00-04:00,1403.94939990,1300.00000000,168.65589642,1235.29350349,2.78141766,1195.47000000,37.04208583,0.1233850274,0.1250000000,4,1,40.24774484
2024-07-10T12:15:00-04:00,1406.65453644,1300.00000000,168.87403295,1237.78050349,2.78141766,1197.95700000,37.04208583,0.1233005971,0.1250000000,4,2,40.24774484
2024-07-10T12:30:00-04:00,1398.59647393,1300.00000000,169.02418360,1229.57229034,0.09520451,1192.43500000,37.04208583,0.1241406036,0.1250000000,5,1,40.33604213
2024-07-10T12:45:00-04:00,1397.83488593,1300.00000000,169.05399559,1228.78089034,0.09520451,1191.64360000,37.04208583,0.1242319886,0.1250000000,5,1,40.33604213
2024-07-10T13:00:00-04:00,1396.54123702,1300.00000000,169.00127926,1227.53995776,2.72456285,1187.80670000,37.00869491,0.1243083737,0.1250000000,4,0,40.24774484
2024-07-10T13:15:00-04:00,1399.18407115,1300.00000000,169.05581339,1230.12825776,2.72456285,1190.39500000,37.00869491,0.1241072305,0.1250000000,4,1,40.24774484
2024-07-10T13:30:00-04:00,1396.73210154,1300.00000000,169.11034753,1227.62175401,0.71805910,1189.89500000,37.00869491,0.1243711381,0.1250000000,5,0,40.33780302
2024-07-10T13:45:00-04:00,1393.07121021,1300.00000000,169.15615620,1223.91505401,0.71805910,1186.18830000,37.00869491,0.1247406770,0.1250000000,5,1,40.33780302
2024-07-10T14:00:00-04:00,1393.68273465,1300.00000000,169.12598064,1224.55675401,0.71805910,1186.83000000,37.00869491,0.1246622075,0.1250000000,5,1,40.33780302
2024-07-10T14:15:00-04:00,1396.47345763,1300.00000000,169.14670362,1227.32675401,0.71805910,1189.60000000,37.00869491,0.1244215431,0.1250000000,5,1,40.33780302
2024-07-10T14:30:00-04:00,1396.21603567,1300.00000000,169.16488166,1227.05115401,0.71805910,1189.32440000,37.00869491,0.1244584815,0.1250000000,5,0,40.33780302
2024-07-10T14:45:00-04:00,1398.28934785,1300.00000000,169.23759384,1229.05175401,0.71805910,1191.32500000,37.00869491,0.1243223383,0.1250000000,5,0,40.33780302
2024-07-10T15:00:00-04:00,1397.45116595,1300.00000000,169.05763120,1228.39353475,51.31812272,1139.56000000,37.51541203,0.1243129543,0.1250000000,4,1,40.33780302
2024-07-10T15:15:00-04:00,1402.95417649,1300.00000000,169.16233673,1233.79183975,22.23632772,1174.04010000,37.51541203,0.1238886292,0.1250000000,5,1,41.21536126
2024-07-10T15:30:00-04:00,1397.08995555,1300.00000000,169.21941579,1227.87053975,0.62012772,1189.73500000,37.51541203,0.1244649781,0.1250000000,6,0,41.97193400
2024-07-10T15:45:00-04:00,1410.43398968,1300.00000000,169.27394993,1241.16003975,0.62012772,1203.02450000,37.51541203,0.1232949664,0.1250000000,6,0,41.97193400
2024-07-11T09:30:00-04:00,1439.57672224,1300.00000000,167.89241855,1271.68430369,32.91201954,1200.55000000,38.22228415,0.1198072479,0.1250000000,4,2,40.24774484
2024-07-11T09:45:00-04:00,1456.57497060,1300.00000000,167.72736190,1288.84760869,2.62932454,1247.99600000,38.22228415,0.1182550458,0.1250000000,5,1,17.45714649
2024-07-11T10:00:00-04:00,1468.47254785,1300.00000000,167.12894068,1301.34360717,25.18787758,1237.38000000,38.77572959,0.1168981693,0.1250000000,4,2,17.45714649
2024-07-11T10:15:00-04:00,1477.25104498,1300.00000000,166.87444806,1310.37659692,591.66806077,662.77330000,55.93523614,0.1174084233,0.1250000000,4,0,17.82726319
2024-07-11T10:30:00-04:00,1477.96912800,1300.00000000,166.47453108,1311.49459692,591.66806077,663.89130000,55.93523614,0.1170679068,0.1250000000,4,2,16.19454131
2024-07-11T10:45:00-04:00,1477.69759929,1300.00000000,166.18368237,1311.51391692,2.98688077,1252.59180000,55.93523614,0.1168856953,0.1250000000,5,0,37.70702140
2024-07-11T11:00:00-04:00,1471.14781082,1300.00000000,166.30329390,1304.84451692,2.98688077,1245.92240000,55.93523614,0.1175111760,0.1250000000,5,0,37.70702140
2024-07-11T11:15:00-04:00,1439.01410186,1300.00000000,165.60198495,1273.41211692,2.98688077,1214.49000000,55.93523614,0.1197343037,0.1250000000,5,0,37.70702140
2024-07-11T11:30:00-04:00,1434.27546437,1300.00000000,164.87486317,1269.40060120,577.61421247,644.10500000,47.68138873,0.1189063664,0.1250000000,4,0,15.82442462
2024-07-11T11:45:00-04:00,1436.18548565,1300.00000000,164.91085570,1271.27462996,599.82230344,623.74070000,47.71162652,0.1187713075,0.1250000000,3,0,15.82442462
2024-07-11T12:00:00-04:00,1439.45445763,1300.00000000,165.27478015,1274.17967748,685.70521599,539.57880000,48.89566149,0.1188549385,0.1250000000,2,0,15.82442462
2024-07-11T12:15:00-04:00,1439.65752109,1300.00000000,165.05664361,1274.60087748,685.70521599,540.00000000,48.89566149,0.1186807378,0.1250000000,2,0,15.82442462
2024-07-11T12:30:00-04:00,1445.96201372,1300.00000000,165.31113624,1280.65087748,685.70521599,546.05000000,48.89566149,0.1183273335,0.1250000000,2,0,15.82442462
2024-07-11T12:45:00-04:00,1445.88713825,1300.00000000,164.71126077,1281.17587748,685.70521599,546.57500000,48.89566149,0.1179042704,0.1250000000,2,0,15.82442462
2024-07-11T13:00:00-04:00,1447.67304923,1300.00000000,164.70217175,1282.97087748,685.70521599,548.37000000,48.89566149,0.1177472364,0.1250000000,2,0,15.82442462
2024-07-11T13:15:00-04:00,1451.36768456,1300.00000000,164.83850708,1286.52917748,685.70521599,551.92830000,48.89566149,0.1175342569,0.1250000000,2,1,15.82442462
2024-07-11T13:30:00-04:00,1444.52351162,1300.00000000,164.65672664,1279.86678498,106.48112349,1124.49000000,48.89566149,0.1179803962,0.1250000000,3,0,35.80025859
2024-07-11T13:45:00-04:00,1438.53468246,1300.00000000,164.18409748,1274.35058498,106.48112349,1118.97380000,48.89566149,0.1181487386,0.1250000000,3,1,35.80025859
2024-07-11T14:00:00-04:00,1441.46343569,1300.00000000,164.14665071,1277.31678498,106.48112349,1121.94000000,48.89566149,0.1178733658,0.1250000000,3,0,35.80025859
2024-07-11T14:15:00-04:00,1449.01875359,1300.00000000,164.36696861,1284.65178498,106.48112349,1129.27500000,48.89566149,0.1173946559,0.1250000000,3,1,35.80025859
2024-07-11T14:30:00-04:00,1450.00259755,1300.00000000,164.48912507,1285.51347248,0.65181099,1235.96600000,48.89566149,0.1173994082,0.1250000000,4,2,39.27436964
2024-07-11T14:45:00-04:00,1450.49345520,1300.00000000,164.69308272,1285.80037248,0.65181099,1236.25290000,48.89566149,0.1175038113,0.1250000000,4,0,39.27436964
2024-07-11T15:00:00-04:00,1446.60567956,1300.00000000,164.83850708,1281.76717248,0.65181099,1232.21970000,48.89566149,0.1179346967,0.1250000000,4,0,39.27436964
2024-07-11T15:15:00-04:00,1456.20710373,1300.00000000,164.54693125,1291.66017248,0.65181099,1242.11270000,48.89566149,0.1169228973,0.1250000000,4,2,39.27436964
2024-07-11T15:30:00-04:00,1465.63919912,1300.00000000,164.65672664,1300.98247248,0.65181099,1251.43500000,48.89566149,0.1162219712,0.1250000000,4,2,24.07521317
2024-07-11T15:45:00-04:00,1469.27513085,1300.00000000,164.54765837,1304.72747248,0.65181099,1255.18000000,48.89566149,0.1158476745,0.1250000000,4,0,24.07521317
2024-07-12T09:30:00-04:00,1508.31288435,1300.00000000,165.12899223,1343.18389212,678.29816069,600.56100000,64.32473143,0.1143561960,0.1250000000,1,5,0.00000000
2024-07-12T09:45:00-04:00,1502.07349216,1300.00000000,165.67869629,1336.39479587,1.79616444,1270.27390000,64.32473143,0.1152348038,0.1250000000,3,3,18.68067469
2024-07-12T10:00:00-04:00,1497.77692713,1300.00000000,165.72923126,1332.04769587,1.79616444,1265.92680000,64.32473143,0.1156154574,0.1250000000,3,0,18.68067469
2024-07-12T10:15:00-04:00,1500.08669725,1300.00000000,165.27478015,1334.81191711,77.65765847,1193.92000000,63.23425864,0.1150255765,0.1250000000,2,3,15.78957128
2024-07-12T10:30:00-04:00,1499.99068183,1300.00000000,165.51109473,1334.47958711,1.16032847,1270.08500000,63.23425864,0.1151977413,0.1250000000,3,3,18.81239959
2024-07-12T10:45:00-04:00,1500.79377205,1300.00000000,165.60198495,1335.19178711,1.16032847,1270.79720000,63.23425864,0.1151966116,0.1250000000,3,0,18.81239959
2024-07-12T11:00:00-04:00,1505.68392814,1300.00000000,165.63834104,1340.04558711,1.16032847,1275.65100000,63.23425864,0.1148312794,0.1250000000,3,0,18.81239959
2024-07-12T11:15:00-04:00,1509.32532814,1300.00000000,165.63834104,1343.68698711,1.16032847,1279.29240000,63.23425864,0.1145421229,0.1250000000,3,0,18.81239959
2024-07-12T11:30:00-04:00,1510.34991320,1300.00000000,165.71032609,1344.63958711,1.16032847,1280.24500000,63.23425864,0.1145107688,0.1250000000,3,0,18.81239959
2024-07-12T11:45:00-04:00,1520.58750379,1300.00000000,165.49291668,1355.09458711,1.16032847,1290.70000000,63.23425864,0.1135571744,0.1250000000,3,0,18.81239959
2024-07-12T12:00:00-04:00,1514.72393552,1300.00000000,165.38384841,1349.34008711,1.16032847,1284.94550000,63.23425864,0.1139407679,0.1250000000,3,0,18.81239959
2024-07-12T12:15:00-04:00,1516.74020379,1300.00000000,165.49291668,1351.24728711,1.16032847,1286.85270000,63.23425864,0.1138577501,0.1250000000,3,1,18.81239959
2024-07-12T12:30:00-04:00,1512.96216928,1300.00000000,165.35258218,1347.60958711,1.16032847,1283.21500000,63.23425864,0.1140576662,0.1250000000,3,1,15.78957128
2024-07-12T12:45:00-04:00,1517.55614641,1300.00000000,165.55035930,1352.00578711,1.16032847,1287.61120000,63.23425864,0.1138333685,0.1250000000,3,2,15.78957128
2024-07-12T13:00:00-04:00,1517.31975010,1300.00000000,165.62016299,1351.69958711,1.16032847,1287.30500000,63.23425864,0.1138998800,0.1250000000,3,3,15.78957128
2024-07-12T13:15:00-04:00,1518.58792814,1300.00000000,165.63834104,1352.94958711,1.16032847,1288.55500000,63.23425864,0.1138131195,0.1250000000,3,1,15.78957128
2024-07-12T13:30:00-04:00,1520.15467502,1300.00000000,165.74740930,1354.40726572,605.26141122,671.30130000,77.84455450,0.1149180103,0.1250000000,2,1,15.78957128
2024-07-12T13:45:00-04:00,1520.54444811,1300.00000000,165.42711216,1355.11733595,2.77018145,1274.50260000,77.84455450,0.1146649507,0.1250000000,3,1,38.56658254
2024-07-12T14:00:00-04:00,1522.72756598,1300.00000000,165.63106982,1357.09649616,80.06340948,1198.72110000,78.31198668,0.1146699552,0.1250000000,2,1,38.56658254
2024-07-12T14:15:00-04:00,1521.92141780,1300.00000000,165.78376539,1356.13765241,3.28086573,1274.54480000,78.31198668,0.1148397633,0.1250000000,3,1,39.79390687
2024-07-12T14:30:00-04:00,1524.17988930,1300.00000000,165.65833689,1358.52155241,3.28086573,1276.92870000,78.31198668,0.1145736319,0.1250000000,3,0,39.79390687
2024-07-12T14:45:00-04:00,1526.77804031,1300.00000000,165.50018790,1361.27785241,3.28086573,1279.68500000,78.31198668,0.1142589345,0.1250000000,3,1,39.79390687
2024-07-12T15:00:00-04:00,1523.40119345,1300.00000000,165.63834104,1357.76285241,3.28086573,1276.17000000,78.31198668,0.1146215336,0.1250000000,3,2,39.79390687
2024-07-12T15:15:00-04:00,1521.66955694,1300.00000000,165.73977452,1355.92978241,0.91909573,1276.69870000,78.31198668,0.1148293243,0.1250000000,4,0,39.86757397
2024-07-12T15:30:00-04:00,1517.60452040,1300.00000000,165.52163799,1352.08288241,0.91909573,1272.85180000,78.31198668,0.1150020820,0.1250000000,4,1,39.86757397
2024-07-12T15:45:00-04:00,1520.07306736,1300.00000000,165.60198495,1354.47108241,0.91909573,1275.24000000,78.31198668,0.1148609067,0.1250000000,4,1,39.86757397
2024-07-15T09:30:00-04:00,1550.63356478,1300.00000000,166.18368237,1384.44988241,0.91909573,1305.21880000,78.31198668,0.1128718650,0.1250000000,4,2,15.86323838
2024-07-15T09:45:00-04:00,1556.37654147,1300.00000000,166.25639455,1390.12014692,79.21062856,1231.71130000,79.19821836,0.1125499826,0.1250000000,3,3,15.86323838
2024-07-15T10:00:00-04:00,1555.55800345,1300.00000000,166.65631153,1388.90169192,0.01127356,1309.69220000,79.19821836,0.1128832641,0.1250000000,4,1,18.15614310
2024-07-15T10:15:00-04:00,1566.79909598,1300.00000000,166.69230405,1400.10679192,0.01127356,1320.89730000,79.19821836,0.1120544540,0.1250000000,4,0,18.15614310
2024-07-15T10:30:00-04:00,1556.95721563,1300.00000000,166.72902370,1390.22819192,0.01127356,1311.01870000,79.19821836,0.1128255852,0.1250000000,4,0,18.15614310
2024-07-15T10:45:00-04:00,1565.37560825,1300.00000000,166.98351633,1398.39209192,0.01127356,1319.18260000,79.19821836,0.1123577289,0.1250000000,4,0,18.15614310
2024-07-15T11:00:00-04:00,1560.68530078,1300.00000000,167.01950885,1393.66579192,0.01127356,1314.45630000,79.19821836,0.1127377423,0.1250000000,4,2,18.15614310
2024-07-15T11:15:00-04:00,1563.81022780,1300.00000000,166.80173588,1397.00849192,0.01127356,1317.79900000,79.19821836,0.1123537563,0.1250000000,4,0,18.15614310
2024-07-15T11:30:00-04:00,1566.33529607,1300.00000000,166.91080415,1399.42449192,0.01127356,1320.21500000,79.19821836,0.1122363275,0.1250000000,4,2,18.15614310
2024-07-15T11:45:00-04:00,1569.82102033,1300.00000000,166.83772841,1402.98329192,0.01127356,1323.77380000,79.19821836,0.1119248466,0.1250000000,4,0,18.08247600
2024-07-15T12:00:00-04:00,1572.89580345,1300.00000000,166.65631153,1406.23949192,0.01127356,1327.03000000,79.19821836,0.1115729939,0.1250000000,4,0,18.08247600
2024-07-15T12:15:00-04:00,1575.17797983,1300.00000000,166.68248791,1408.49549192,0.01127356,1329.28600000,79.19821836,0.1114202827,0.1250000000,4,0,18.08247600
2024-07-15T12:30:00-04:00,1586.67607790,1300.00000000,166.69266761,1419.98341028,630.89533614,693.21470000,95.87337414,0.1118140363,0.1250000000,3,1,18.08247600
2024-07-15T12:45:00-04:00,1596.61343126,1300.00000000,166.63813348,1429.97529778,6.27722364,1327.82470000,95.87337414,0.1110373064,0.1250000000,4,0,41.17192559
2024-07-15T13:00:00-04:00,1582.39606060,1300.00000000,166.36546281,1416.03059778,6.27722364,1313.88000000,95.87337414,0.1119158586,0.1250000000,4,0,41.17192559
2024-07-15T13:15:00-04:00,1578.58464842,1300.00000000,166.29275064,1412.29189778,6.27722364,1310.14130000,95.87337414,0.1121545061,0.1250000000,4,1,41.17192559
2024-07-15T13:30:00-04:00,1569.31117536,1300.00000000,166.25057757,1403.06059778,6.27722364,1300.91000000,95.87337414,0.1128317581,0.1250000000,4,0,41.17192559
2024-07-15T13:45:00-04:00,1567.76960460,1300.00000000,166.15350682,1401.61609778,6.27722364,1299.46550000,95.87337414,0.1128839815,0.1250000000,4,0,41.17192559
2024-07-15T14:00:00-04:00,1574.70898015,1300.00000000,166.18368237,1408.52529778,6.27722364,1306.37470000,95.87337414,0.1123746830,0.1250000000,4,0,41.17192559
2024-07-15T14:15:00-04:00,1587.73078015,1300.00000000,166.18368237,1421.54709778,6.27722364,1319.39650000,95.87337414,0.1113938113,0.1250000000,4,0,41.17192559
2024-07-15T14:30:00-04:00,1592.06474842,1300.00000000,166.29275064,1425.77199778,6.27722364,1323.62140000,95.87337414,0.1111440378,0.1250000000,4,0,41.17192559
2024-07-15T14:45:00-04:00,1600.26069427,1300.00000000,166.50979649,1433.75089778,6.27722364,1331.60030000,95.87337414,0.1106827971,0.1250000000,4,0,41.17192559
2024-07-15T15:00:00-04:00,1606.26690931,1300.00000000,166.65631153,1439.61059778,6.27722364,1337.46000000,95.87337414,0.1103396616,0.1250000000,4,2,41.17192559
2024-07-15T15:15:00-04:00,1602.34709200,1300.00000000,166.58359935,1435.76349265,2.95630114,1336.88000000,95.92719152,0.1105824474,0.1250000000,5,1,18.25569108
2024-07-15T15:30:00-04:00,1603.80731611,1300.00000000,166.22003846,1437.58727765,1.33508614,1340.32500000,95.92719152,0.1102342525,0.1250000000,6,0,18.30508921
2024-07-15T15:45:00-04:00,1609.72045265,1300.00000000,166.43817499,1443.28227765,1.33508614,1346.02000000,95.92719152,0.1099477579,0.1250000000,6,0,18.30508921
2024-07-16T09:30:00-04:00,1628.91091474,1300.00000000,166.65631153,1462.25460322,83.38391259,1281.27000000,97.60069062,0.1088324945,0.1250000000,5,1,0.22261321
2024-07-16T09:45:00-04:00,1637.50087230,1300.00000000,166.47453108,1471.02634122,84.97326409,1288.47110000,97.58197714,0.1081060383,0.1250000000,4,2,0.17321508
2024-07-16T10:00:00-04:00,1606.22784333,1300.00000000,166.07461410,1440.15322923,1242.32773499,89.22000000,108.60549423,0.1108921847,0.1250000000,4,0,3.49454721
2024-07-16T10:15:00-04:00,1606.38669942,1300.00000000,166.11097019,1440.27572923,1242.32773499,89.34250000,108.60549423,0.1109046966,0.1250000000,4,0,3.49454721
2024-07-16T10:30:00-04:00,1606.15419942,1300.00000000,166.11097019,1440.04322923,1242.32773499,89.11000000,108.60549423,0.1109219150,0.1250000000,4,2,3.49454721
2024-07-16T10:45:00-04:00,1619.06365692,1300.00000000,166.11097019,1452.95268673,1.60789249,1342.73930000,108.60549423,0.1099738969,0.1250000000,6,0,52.00334340
2024-07-16T11:00:00-04:00,1622.47942519,1300.00000000,166.22003846,1456.25938673,1.60789249,1346.04600000,108.60549423,0.1097978075,0.1250000000,6,0,52.00334340
2024-07-16T11:15:00-04:00,1627.51449345,1300.00000000,166.32910673,1461.18538673,1.60789249,1350.97200000,108.60549423,0.1095056431,0.1250000000,6,0,52.00334340
2024-07-16T11:30:00-04:00,1623.06113736,1300.00000000,166.29275064,1456.76838673,1.60789249,1346.55500000,108.60549423,0.1098036455,0.1250000000,6,0,52.00334340
2024-07-16T11:45:00-04:00,1629.03716910,1300.00000000,166.18368237,1462.85348673,1.60789249,1352.64010000,108.60549423,0.1093003291,0.1250000000,6,0,52.00334340
2024-07-16T12:00:00-04:00,1629.56148865,1300.00000000,166.00190193,1463.55958673,1.60789249,1353.34620000,108.60549423,0.1091431327,0.1250000000,6,0,52.00334340
2024-07-16T12:15:00-04:00,1635.14862435,1300.00000000,165.82993762,1469.31868673,1.60789249,1359.10530000,108.60549423,0.1086310202,0.1250000000,6,0,52.00334340
2024-07-16T12:30:00-04:00,1625.20515682,1300.00000000,165.89247010,1459.31268673,1.60789249,1349.09930000,108.60549423,0.1093844831,0.1250000000,6,0,52.00334340
2024-07-16T12:45:00-04:00,1633.26184714,1300.00000000,166.20186041,1467.05998673,1.60789249,1356.84660000,108.60549423,0.1090093909,0.1250000000,6,0,49.77719178
2024-07-16T13:00:00-04:00,1636.39261301,1300.00000000,166.14732628,1470.24528673,1.60789249,1360.03190000,108.60549423,0.1087503123,0.1250000000,6,0,49.77719178
2024-07-16T13:15:00-04:00,1635.61227371,1300.00000000,166.07388698,1469.53838673,1.60789249,1359.32500000,108.60549423,0.1087577928,0.1250000000,6,0,49.77719178
2024-07-16T13:30:00-04:00,1647.31841330,1300.00000000,166.03789445,1481.28051885,61.11645121,1309.92820000,110.23586764,0.1080214559,0.1250000000,5,1,49.67198743
2024-07-16T13:45:00-04:00,1654.84023439,1300.00000000,166.07425054,1488.76598385,0.09071621,1378.43940000,110.23586764,0.1075189570,0.1250000000,6,0,50.89901874
2024-07-16T14:00:00-04:00,1651.61938015,1300.00000000,166.07279630,1485.54658385,0.09071621,1375.22000000,110.23586764,0.1077426837,0.1250000000,6,0,50.89901874
2024-07-16T14:15:00-04:00,1651.80480450,1300.00000000,166.21822065,1485.58658385,0.09071621,1375.26000000,110.23586764,0.1078240594,0.1250000000,6,0,37.20863487
2024-07-16T14:30:00-04:00,1658.59911493,1300.00000000,166.47453108,1492.12458385,0.09071621,1381.79800000,110.23586764,0.1075164574,0.1250000000,6,0,37.20863487
2024-07-16T14:45:00-04:00,1665.05229561,1300.00000000,166.36546281,1498.68683280,3.66412764,1384.71000000,110.31270516,0.1070053556,0.1250000000,5,1,37.20863487
2024-07-16T15:00:00-04:00,1663.43796388,1300.00000000,166.47453108,1496.96343280,3.66412764,1382.98660000,110.31270516,0.1071868030,0.1250000000,5,1,37.20863487
2024-07-16T15:15:00-04:00,1663.70797606,1300.00000000,166.54724326,1497.16073280,3.66412764,1383.18390000,110.31270516,0.1072149802,0.1250000000,5,1,37.20863487
2024-07-16T15:30:00-04:00,1663.21291997,1300.00000000,166.51088717,1496.70203280,3.66412764,1382.72520000,110.31270516,0.1072257480,0.1250000000,5,1,37.20863487
2024-07-16T15:45:00-04:00,1672.58813215,1300.00000000,166.58359935,1506.00453280,3.66412764,1392.02770000,110.31270516,0.1066288290,0.1250000000,5,1,37.20863487
2024-07-17T09:30:00-04:00,1625.16129334,1300.00000000,163.45697570,1461.70431764,695.49257469,654.56700000,111.64474295,0.1079981422,0.1250000000,2,3,34.88642304
2024-07-17T09:45:00-04:00,1652.14587378,1300.00000000,163.63875615,1488.50711764,1.37237469,1375.49000000,111.64474295,0.1062243661,0.1250000000,4,2,17.72715370
2024-07-17T10:00:00-04:00,1629.00473968,1300.00000000,163.20248308,1465.80225660,3.66020581,1350.52310000,111.61895079,0.1075550360,0.1250000000,3,0,17.65914296
2024-07-17T10:15:00-04:00,1629.07028359,1300.00000000,163.16612699,1465.90415660,3.66020581,1350.62500000,111.61895079,0.1075264316,0.1250000000,3,0,17.65914296
2024-07-17T10:30:00-04:00,1615.78934262,1300.00000000,163.31155135,1452.47779128,649.48273738,688.11500000,114.88005389,0.1088084087,0.1250000000,2,0,17.65914296
2024-07-17T10:45:00-04:00,1611.02985000,1300.00000000,163.05705872,1447.97279128,649.48273738,683.61000000,114.88005389,0.1089844474,0.1250000000,2,0,17.65914296
2024-07-17T11:00:00-04:00,1612.47012983,1300.00000000,162.98434655,1449.48578328,704.61700397,630.61000000,114.25877931,0.1087859510,0.1250000000,1,0,16.02093790
2024-07-17T11:15:00-04:00,1603.40991733,1300.00000000,163.09341481,1440.31650252,1332.15804947,0.00000000,108.15845305,0.1090742385,0.1250000000,0,0,0.00000000
2024-07-17T11:30:00-04:00,1603.10852536,1300.00000000,162.79202284,1440.31650252,1332.15804947,0.00000000,108.15845305,0.1088946219,0.1250000000,0,0,0.00000000
2024-07-17T11:45:00-04:00,1603.08307609,1300.00000000,162.76657357,1440.31650252,1332.15804947,0.00000000,108.15845305,0.1088794519,0.1250000000,0,0,0.00000000
2024-07-17T12:00:00-04:00,1602.86348532,1300.00000000,162.54698280,1440.31650252,1332.15804947,0.00000000,108.15845305,0.1087485352,0.1250000000,0,0,0.00000000
2024-07-17T12:15:00-04:00,1602.86421244,1300.00000000,162.54770992,1440.31650252,1332.15804947,0.00000000,108.15845305,0.1087489688,0.1250000000,0,0,0.00000000
2024-07-17T12:30:00-04:00,1602.77368578,1300.00000000,162.45718326,1440.31650252,1332.15804947,0.00000000,108.15845305,0.1086949870,0.1250000000,0,0,0.00000000
2024-07-17T12:45:00-04:00,1602.98564178,1300.00000000,162.66913926,1440.31650252,1332.15804947,0.00000000,108.15845305,0.1088213678,0.1250000000,0,0,0.00000000
2024-07-17T13:00:00-04:00,1602.86457600,1300.00000000,162.54807348,1440.31650252,1332.15804947,0.00000000,108.15845305,0.1087491855,0.1250000000,0,0,0.00000000
2024-07-17T13:15:00-04:00,1603.07544132,1300.00000000,162.75893880,1440.31650252,1332.15804947,0.00000000,108.15845305,0.1088749008,0.1250000000,0,1,0.00000000
2024-07-17T13:30:00-04:00,1602.81757409,1300.00000000,162.58442957,1440.23314452,692.53469147,639.54000000,108.15845305,0.1087769293,0.1250000000,1,1,26.62772122
2024-07-17T13:45:00-04:00,1621.67263723,1300.00000000,162.43900521,1459.23363202,52.70517897,1298.37000000,108.15845305,0.1073257237,0.1250000000,2,0,56.83477928
2024-07-17T14:00:00-04:00,1647.59734941,1300.00000000,162.51171739,1485.08563202,52.70517897,1324.22200000,108.15845305,0.1055655523,0.1250000000,2,0,56.83477928
2024-07-17T14:15:00-04:00,1635.38006159,1300.00000000,162.58442957,1472.79563202,52.70517897,1311.93200000,108.15845305,0.1064576540,0.1250000000,2,1,56.83477928
2024-07-17T14:30:00-04:00,1634.01046159,1300.00000000,162.58442957,1471.42603202,52.70517897,1310.56240000,108.15845305,0.1065532100,0.1250000000,2,0,56.83477928
2024-07-17T14:45:00-04:00,1645.53088354,1300.00000000,162.56625152,1482.96463202,52.70517897,1322.10100000,108.15845305,0.1057429210,0.1250000000,2,1,56.83477928
2024-07-17T15:00:00-04:00,1661.80198104,1300.00000000,162.56625152,1499.23572952,0.79627647,1390.28100000,108.15845305,0.1046354898,0.1250000000,3,0,58.59987566
2024-07-17T15:15:00-04:00,1660.54828815,1300.00000000,162.83855863,1497.70972952,0.79627647,1388.75500000,108.15845305,0.1048954038,0.1250000000,3,0,31.97215444
2024-07-17T15:30:00-04:00,1660.48915909,1300.00000000,162.58442957,1497.90472952,0.79627647,1388.95000000,108.15845305,0.1047356913,0.1250000000,3,0,31.97215444
2024-07-17T15:45:00-04:00,1659.24966647,1300.00000000,162.32993695,1496.91972952,0.79627647,1387.96500000,108.15845305,0.1046553133,0.1250000000,3,0,31.97215444
2024-07-18T09:30:00-04:00,1921.84476145,1300.00000000,210.32868337,1711.51607808,767.10681228,733.24000000,211.16926579,0.1229506612,0.1250000000,2,4,0.00000000
2024-07-18T09:45:00-04:00,1923.32374861,1300.00000000,210.11696053,1713.20678808,0.81252228,1501.22500000,211.16926579,0.1227207957,0.1250000000,3,3,14.73136026
2024-07-18T10:00:00-04:00,1933.05203444,1300.00000000,210.30505359,1722.74698084,785.29233103,715.60500000,221.84964982,0.1228989952,0.1250000000,2,3,0.00000000
2024-07-18T10:15:00-04:00,1935.81128034,1300.00000000,209.92650450,1725.88477584,1.36482603,1502.67030000,221.84964982,0.1224802824,0.1250000000,4,2,19.69397868
2024-07-18T10:30:00-04:00,1917.79989817,1300.00000000,208.89435565,1708.90554252,677.00144122,806.76000000,225.14410130,0.1234121881,0.1250000000,2,0,18.49398405
2024-07-18T10:45:00-04:00,1924.26170268,1300.00000000,209.59616015,1714.66554252,677.00144122,812.52000000,225.14410130,0.1233558878,0.1250000000,2,0,18.49398405
2024-07-18T11:00:00-04:00,1918.95338216,1300.00000000,208.59283964,1710.36054252,677.00144122,808.21500000,225.14410130,0.1231501338,0.1250000000,2,1,18.49398405
2024-07-18T11:15:00-04:00,1918.36946498,1300.00000000,208.13111371,1710.23835127,0.23924997,1484.85500000,225.14410130,0.1229199126,0.1250000000,3,0,45.74291315
2024-07-18T11:30:00-04:00,1904.04935638,1300.00000000,208.52100510,1695.52835127,0.23924997,1470.14500000,225.14410130,0.1242005792,0.1250000000,3,0,45.74291315
2024-07-18T11:45:00-04:00,1896.07172455,1300.00000000,208.17837328,1687.89335127,0.23924997,1462.51000000,225.14410130,0.1245885042,0.1250000000,3,0,45.74291315
2024-07-18T12:00:00-04:00,1901.13589933,1300.00000000,207.94254806,1693.19335127,0.23924997,1467.81000000,225.14410130,0.1240713399,0.1250000000,3,0,45.74291315
2024-07-18T12:15:00-04:00,1894.92624367,1300.00000000,208.27289240,1686.65335127,0.23924997,1461.27000000,225.14410130,0.1247305784,0.1250000000,3,0,45.74291315
2024-07-18T12:30:00-04:00,1900.02274832,1300.00000000,208.41939704,1691.60335127,0.23924997,1466.22000000,225.14410130,0.1244385063,0.1250000000,3,0,45.74291315
2024-07-18T12:45:00-04:00,1907.00722017,1300.00000000,208.65096890,1698.35625127,0.23924997,1472.97290000,225.14410130,0.1240594235,0.1250000000,3,0,45.74291315
2024-07-18T13:00:00-04:00,1894.75787755,1300.00000000,208.93452628,1685.82335127,0.23924997,1460.44000000,225.14410130,0.1251394360,0.1250000000,3,0,45.74291315
2024-07-18T13:15:00-04:00,1891.18548739,1300.00000000,208.73603611,1682.44945127,0.23924997,1457.06610000,225.14410130,0.1252886260,0.1250000000,3,0,45.74291315
2024-07-18T13:30:00-04:00,1891.83418364,1300.00000000,209.07583237,1682.75835127,0.23924997,1457.37500000,225.14410130,0.1254437370,0.1250000000,3,0,45.74291315
2024-07-18T13:45:00-04:00,1879.01065930,1300.00000000,208.66183860,1670.34882070,53.17849663,1391.42110000,225.74922406,0.1262122458,0.1250000000,2,0,45.74291315
2024-07-18T14:00:00-04:00,1871.00288663,1300.00000000,208.36457595,1662.63831068,1454.19823237,0.00000000,208.44007831,0.1253273410,0.1250000000,0,0,0.00000000
2024-07-18T14:15:00-04:00,1870.86394352,1300.00000000,208.22563284,1662.63831068,1454.19823237,0.00000000,208.44007831,0.1252542370,0.1250000000,0,0,0.00000000
2024-07-18T14:30:00-04:00,1870.53737994,1300.00000000,207.89906926,1662.63831068,1454.19823237,0.00000000,208.44007831,0.1250823698,0.1250000000,0,0,0.00000000
2024-07-18T14:45:00-04:00,1870.58038614,1300.00000000,207.94207546,1662.63831068,1454.19823237,0.00000000,208.44007831,0.1251050074,0.1250000000,0,0,0.00000000
2024-07-18T15:00:00-04:00,1869.68245445,1300.00000000,207.04414377,1662.63831068,1454.19823237,0.00000000,208.44007831,0.1246321107,0.1250000000,0,0,0.00000000
2024-07-18T15:15:00-04:00,1870.27319899,1300.00000000,207.63488831,1662.63831068,1454.19823237,0.00000000,208.44007831,0.1249432845,0.1250000000,0,0,0.00000000
2024-07-18T15:30:00-04:00,1871.33653914,1300.00000000,208.69822846,1662.63831068,1454.19823237,0.00000000,208.44007831,0.1255028400,0.1250000000,0,0,0.00000000
2024-07-18T15:45:00-04:00,1871.39703138,1300.00000000,208.75872070,1662.63831068,1454.19823237,0.00000000,208.44007831,0.1255346510,0.1250000000,0,0,0.00000000
2024-07-19T09:30:00-04:00,1872.53486353,1300.00000000,208.76911781,1663.76574572,1455.32566741,0.00000000,208.44007831,0.1254550640,0.1250000000,0,2,0.00000000
2024-07-19T09:45:00-04:00,1914.50831038,1300.00000000,208.88726671,1705.62104367,7.17096536,1490.01000000,208.44007831,0.1224378151,0.1250000000,2,0,66.84470121
2024-07-19T10:00:00-04:00,1929.20439126,1300.00000000,208.79274759,1720.41164367,7.17096536,1504.80060000,208.44007831,0.1213372139,0.1250000000,2,0,66.84470121
2024-07-19T10:15:00-04:00,1949.37393607,1300.00000000,208.27289240,1741.10104367,7.17096536,1525.49000000,208.44007831,0.1196328577,0.1250000000,2,0,32.06144197
2024-07-19T10:30:00-04:00,1930.39119563,1300.00000000,208.32015196,1722.07104367,7.17096536,1506.46000000,208.44007831,0.1209791323,0.1250000000,2,0,32.06144197
2024-07-19T10:45:00-04:00,1941.94197328,1300.00000000,208.53092961,1733.41104367,7.17096536,1517.80000000,208.44007831,0.1202946072,0.1250000000,2,0,32.06144197
2024-07-19T11:00:00-04:00,1921.13057599,1300.00000000,208.26013232,1712.87044367,7.17096536,1497.25940000,208.44007831,0.1215982296,0.1250000000,2,2,32.06144197
2024-07-19T11:15:00-04:00,1908.61877021,1300.00000000,208.69492029,1699.92384992,0.24077161,1491.24300000,208.44007831,0.1227488153,0.1250000000,3,0,32.33586529
2024-07-19T11:30:00-04:00,1919.16832248,1300.00000000,207.95247257,1711.21584992,0.24077161,1502.53500000,208.44007831,0.1215578648,0.1250000000,3,0,32.33586529
2024-07-19T11:45:00-04:00,1930.63374232,1300.00000000,208.27289240,1722.36084992,0.24077161,1513.68000000,208.44007831,0.1209346526,0.1250000000,3,1,32.33586529
2024-07-19T12:00:00-04:00,1933.45112101,1300.00000000,208.41467109,1725.03644992,0.24077161,1516.35560000,208.44007831,0.1208193257,0.1250000000,3,1,32.33586529
2024-07-19T12:15:00-04:00,1936.20647429,1300.00000000,208.06022437,1728.14624992,0.24077161,1519.46540000,208.44007831,0.1204215019,0.1250000000,3,0,32.33586529
2024-07-19T12:30:00-04:00,1944.53543244,1300.00000000,207.61125852,1736.92417391,790.19094469,712.78000000,233.95322923,0.1213687703,0.1250000000,2,0,32.33586529
2024-07-19T12:45:00-04:00,1952.44378298,1300.00000000,207.98460907,1744.45917391,790.19094469,720.31500000,233.95322923,0.1210274963,0.1250000000,2,0,32.33586529
2024-07-19T13:00:00-04:00,1954.68139419,1300.00000000,207.42222027,1747.25917391,790.19094469,723.11500000,233.95322923,0.1205432819,0.1250000000,2,0,32.33586529
2024-07-19T13:15:00-04:00,1953.70307774,1300.00000000,207.51390383,1746.18917391,790.19094469,722.04500000,233.95322923,0.1206651677,0.1250000000,2,0,32.33586529
2024-07-19T13:30:00-04:00,1949.59687506,1300.00000000,207.32770115,1742.26917391,790.19094469,718.12500000,233.95322923,0.1208454341,0.1250000000,2,0,32.33586529
2024-07-19T13:45:00-04:00,1948.13091331,1300.00000000,207.51673940,1740.61417391,790.19094469,716.47000000,233.95322923,0.1210590602,0.1250000000,2,0,32.33586529
2024-07-19T14:00:00-04:00,1943.92898981,1300.00000000,207.89481590,1736.03417391,790.19094469,711.89000000,233.95322923,0.1215776391,0.1250000000,2,0,32.33586529
2024-07-19T14:15:00-04:00,1938.23412635,1300.00000000,207.46995243,1730.76417391,790.19094469,706.62000000,233.95322923,0.1217345995,0.1250000000,2,0,32.33586529
2024-07-19T14:30:00-04:00,1935.17591331,1300.00000000,207.51673940,1727.65917391,790.19094469,703.51500000,233.95322923,0.1219809384,0.1250000000,2,0,32.33586529
2024-07-19T14:45:00-04:00,1936.65173025,1300.00000000,207.84755634,1728.80417391,790.19094469,704.66000000,233.95322923,0.1220695010,0.1250000000,2,0,32.33586529
2024-07-19T15:00:00-04:00,1940.99569610,1300.00000000,208.29652218,1732.69917391,790.19094469,708.55500000,233.95322923,0.1220218748,0.1250000000,2,0,32.33586529
2024-07-19T15:15:00-04:00,1948.44371675,1300.00000000,208.74454284,1739.69917391,790.19094469,715.55500000,233.95322923,0.1217531065,0.1250000000,2,0,32.33586529
2024-07-19T15:30:00-04:00,1937.72310047,1300.00000000,207.82392656,1729.89917391,790.19094469,705.75500000,233.95322923,0.1219788717,0.1250000000,2,0,32.33586529
2024-07-19T15:45:00-04:00,1935.06624938,1300.00000000,207.94207546,1727.12417391,790.19094469,702.98000000,233.95322923,0.1222388360,0.1250000000,2,0,32.33586529
2024-07-22T09:30:00-04:00,1972.83285729,1300.00000000,210.32868337,1762.50417391,790.19094469,738.36000000,233.95322923,0.1209564365,0.1250000000,2,3,0.27442332
2024-07-22T09:45:00-04:00,1959.00589166,1300.00000000,210.39957272,1748.60631894,712.18761981,798.02500000,238.39369914,0.1222818097,0.1250000000,3,0,17.95077076
2024-07-22T10:00:00-04:00,1962.67146625,1300.00000000,209.90334731,1752.76811894,712.18761981,802.18680000,238.39369914,0.1217340682,0.1250000000,3,1,17.95077076
2024-07-22T10:15:00-04:00,1957.89135788,1300.00000000,210.25732143,1747.63403644,1.94533731,1507.29500000,238.39369914,0.1222783412,0.1250000000,4,0,37.70582808
2024-07-22T10:30:00-04:00,1958.11226654,1300.00000000,210.68313009,1747.42913644,1.94533731,1507.09010000,238.39369914,0.1225102375,0.1250000000,4,0,37.70582808
2024-07-22T10:45:00-04:00,1954.64675807,1300.00000000,210.51772162,1744.12903644,1.94533731,1503.79000000,238.39369914,0.1226612361,0.1250000000,4,0,37.70582808
2024-07-22T11:00:00-04:00,1951.77975397,1300.00000000,209.87971753,1741.90003644,1.94533731,1501.56100000,238.39369914,0.1224941203,0.1250000000,4,0,37.70582808
2024-07-22T11:15:00-04:00,1947.43808184,1300.00000000,209.02904540,1738.40903644,1.94533731,1498.07000000,238.39369914,0.1223075583,0.1250000000,4,0,37.70582808
2024-07-22T11:30:00-04:00,1948.30691326,1300.00000000,209.30787682,1738.99903644,1.94533731,1498.66000000,238.39369914,0.1224084796,0.1250000000,4,0,37.70582808
2024-07-22T11:45:00-04:00,1950.83738813,1300.00000000,209.43075168,1741.40663644,1.94533731,1501.06760000,238.39369914,0.1222993509,0.1250000000,4,0,37.70582808
2024-07-22T12:00:00-04:00,1946.37867911,1300.00000000,209.75684267,1736.62183644,1.94533731,1496.28280000,238.39369914,0.1228095359,0.1250000000,4,0,37.70582808
2024-07-22T12:15:00-04:00,1950.22717528,1300.00000000,209.73793884,1740.48923644,1.94533731,1500.15020000,238.39369914,0.1225223959,0.1250000000,4,1,37.70582808
2024-07-22T12:30:00-04:00,1960.24149441,1300.00000000,209.83245797,1750.40903644,1.94533731,1510.07000000,238.39369914,0.1218646959,0.1250000000,4,0,37.29752163
2024-07-22T12:45:00-04:00,1962.35673047,1300.00000000,210.25779403,1752.09893644,1.94533731,1511.75990000,238.39369914,0.1219618926,0.1250000000,4,1,37.29752163
2024-07-22T13:00:00-04:00,1959.45179394,1300.00000000,210.68265750,1748.76913644,1.94533731,1508.43010000,238.39369914,0.1224146112,0.1250000000,4,0,37.29752163
2024-07-22T13:15:00-04:00,1960.46447719,1300.00000000,210.61224075,1749.85223644,1.94533731,1509.51320000,238.39369914,0.1223017331,0.1250000000,4,0,37.29752163
2024-07-22T13:30:00-04:00,1965.10442610,1300.00000000,210.73038966,1754.37403644,1.94533731,1514.03500000,238.39369914,0.1220415130,0.1250000000,4,0,37.29752163
2024-07-22T13:45:00-04:00,1964.83075350,1300.00000000,210.72991706,1754.10083644,1.94533731,1513.76180000,238.39369914,0.1220605851,0.1250000000,4,0,37.29752163
2024-07-22T14:00:00-04:00,1959.91458566,1300.00000000,210.77764922,1749.13693644,1.94533731,1508.79790000,238.39369914,0.1224368818,0.1250000000,4,0,37.29752163
2024-07-22T14:15:00-04:00,1958.12846435,1300.00000000,210.91942791,1747.20903644,1.94533731,1506.87000000,238.39369914,0.1226464872,0.1250000000,4,0,37.29752163
2024-07-22T14:30:00-04:00,1957.92072391,1300.00000000,210.96668747,1746.95403644,1.94533731,1506.61500000,238.39369914,0.1226887885,0.1250000000,4,0,37.29752163
2024-07-22T14:45:00-04:00,1959.30444337,1300.00000000,210.76630692,1748.53813644,1.94533731,1508.19910000,238.39369914,0.1224737004,0.1250000000,4,1,37.29752163
2024-07-22T15:00:00-04:00,1957.67810108,1300.00000000,210.83530589,1746.84279519,0.28909606,1508.16000000,238.39369914,0.1226296857,0.1250000000,5,0,37.34775168
2024-07-22T15:15:00-04:00,1960.40278485,1300.00000000,210.73038966,1749.67239519,0.28909606,1510.98960000,238.39369914,0.1223747258,0.1250000000,5,0,37.34775168
2024-07-22T15:30:00-04:00,1959.89824222,1300.00000000,211.01394703,1748.88429519,0.28909606,1510.20150000,238.39369914,0.1225753065,0.1250000000,5,0,37.34775168
2024-07-22T15:45:00-04:00,1957.46927274,1300.00000000,210.80647755,1746.66279519,0.28909606,1507.98000000,238.39369914,0.1226278128,0.1250000000,5,1,37.34775168
2024-07-23T09:30:00-04:00,1955.95617916,1300.00000000,211.34476397,1744.61141519,1.45881958,1504.70080000,238.45179561,0.1230534059,0.1250000000,5,1,37.48167580
2024-07-23T09:45:00-04:00,1953.85374958,1300.00000000,211.27387463,1742.57987495,698.92916075,812.69990000,230.95081420,0.1226266845,0.1250000000,4,1,0.45857749
2024-07-23T10:00:00-04:00,1969.39600846,1300.00000000,210.91942791,1758.47658055,12.55556635,1514.97020000,230.95081420,0.1213264753,0.1250000000,5,1,0.45857749
2024-07-23T10:15:00-04:00,1986.10151152,1300.00000000,211.10468539,1774.99682613,723.26092700,806.49500000,245.24089913,0.1212645538,0.1250000000,4,1,0.45857749
2024-07-23T10:30:00-04:00,1993.41444250,1300.00000000,211.08483638,1782.32960613,0.55930700,1536.52940000,245.24089913,0.1207459278,0.1250000000,5,0,35.29491000
2024-07-23T10:45:00-04:00,1987.08706846,1300.00000000,211.08956233,1775.99750613,0.55930700,1530.19730000,245.24089913,0.1211872587,0.1250000000,5,0,35.29491000
2024-07-23T11:00:00-04:00,1994.00311901,1300.00000000,211.46291288,1782.54020613,0.55930700,1536.74000000,245.24089913,0.1209214783,0.1250000000,5,1,35.29491000
2024-07-23T11:15:00-04:00,1993.26218332,1300.00000000,211.55837719,1781.70380613,0.55930700,1535.90360000,245.24089913,0.1210273462,0.1250000000,5,0,35.29491000
2024-07-23T11:30:00-04:00,2010.54123813,1300.00000000,211.55743200,1798.98380613,0.55930700,1553.18360000,245.24089913,0.1198421749,0.1250000000,5,0,35.29491000
2024-07-23T11:45:00-04:00,2009.00626791,1300.00000000,211.58106178,1797.42520613,0.55930700,1551.62500000,245.24089913,0.1199598685,0.1250000000,5,0,35.29491000
2024-07-23T12:00:00-04:00,2017.18400835,1300.00000000,211.53380222,1805.65020613,0.55930700,1559.85000000,245.24089913,0.1193795676,0.1250000000,5,0,35.29491000
2024-07-23T12:15:00-04:00,2009.92195316,1300.00000000,211.01394703,1798.90800613,0.55930700,1553.10780000,245.24089913,0.1195762523,0.1250000000,5,0,35.29491000
2024-07-23T12:30:00-04:00,2003.90220207,1300.00000000,211.13209594,1792.77010613,0.55930700,1546.96990000,245.24089913,0.1200527331,0.1250000000,5,0,35.29491000
2024-07-23T12:45:00-04:00,1996.93759431,1300.00000000,211.19258818,1785.74500613,0.55930700,1539.94480000,245.24089913,0.1205645868,0.1250000000,5,0,35.29491000
2024-07-23T13:00:00-04:00,1997.76891054,1300.00000000,211.29750441,1786.47140613,0.55930700,1540.67120000,245.24089913,0.1205672623,0.1250000000,5,0,35.29491000
2024-07-23T13:15:00-04:00,2004.01093185,1300.00000000,211.15572572,1792.85520613,0.55930700,1547.05500000,245.24089913,0.1200587466,0.1250000000,5,0,35.29491000
2024-07-23T13:30:00-04:00,2005.21182119,1300.00000000,211.22661506,1793.98520613,0.55930700,1548.18500000,245.24089913,0.1200171051,0.1250000000,5,0,35.29491000
2024-07-23T13:45:00-04:00,2012.88162252,1300.00000000,211.20298528,1801.67863724,7.83174028,1548.40500000,245.44189696,0.1194965702,0.1250000000,4,0,35.29491000
2024-07-23T14:00:00-04:00,2011.17368209,1300.00000000,211.25024484,1799.92343724,7.83174028,1546.64980000,245.44189696,0.1196389206,0.1250000000,4,0,35.29491000
2024-07-23T14:15:00-04:00,2017.05298209,1300.00000000,211.25024484,1805.80273724,7.83174028,1552.52910000,245.44189696,0.1192418848,0.1250000000,4,0,35.29491000
2024-07-23T14:30:00-04:00,2022.55888209,1300.00000000,211.25024484,1811.30863724,7.83174028,1558.03500000,245.44189696,0.1188724471,0.1250000000,4,0,35.29491000
2024-07-23T14:45:00-04:00,2027.37079512,1300.00000000,211.20345788,1816.16733724,7.83174028,1562.89370000,245.44189696,0.1185251881,0.1250000000,4,1,35.29491000
2024-07-23T15:00:00-04:00,2024.66434414,1300.00000000,211.22330689,1813.44103724,7.83174028,1560.16740000,245.44189696,0.1187166378,0.1250000000,4,2,35.29491000
2024-07-23T15:15:00-04:00,2026.98492034,1300.00000000,211.43928310,1815.54563724,7.83174028,1562.27200000,245.44189696,0.1186832315,0.1250000000,4,2,35.29491000
2024-07-23T15:30:00-04:00,2012.01024922,1300.00000000,210.97661198,1801.03363724,7.83174028,1547.76000000,245.44189696,0.1194273699,0.1250000000,4,0,35.29491000
2024-07-23T15:45:00-04:00,1997.88519998,1300.00000000,210.87216834,1787.01303163,793.78011763,743.49500000,249.73791401,0.1206260880,0.1250000000,3,0,35.29491000
2024-07-24T09:30:00-04:00,1987.72715878,1300.00000000,206.94962465,1780.77753413,801.17163545,729.93500000,249.67089868,0.1190695775,0.1250000000,2,0,35.16098588
2024-07-24T09:45:00-04:00,1970.99408228,1300.00000000,206.57154815,1764.42253413,801.17163545,713.58000000,249.67089868,0.1200074165,0.1250000000,2,0,35.16098588
2024-07-24T10:00:00-04:00,1968.44432709,1300.00000000,206.05169296,1762.39263413,801.17163545,711.55010000,249.67089868,0.1198829872,0.1250000000,2,0,35.16098588
2024-07-24T10:15:00-04:00,1966.90672272,1300.00000000,206.52428858,1760.38243413,801.17163545,709.53990000,249.67089868,0.1202655370,0.1250000000,2,0,35.16098588
2024-07-24T10:30:00-04:00,1958.46846534,1300.00000000,206.24073121,1752.22773413,801.17163545,701.38520000,249.67089868,0.1206934837,0.1250000000,2,0,35.16098588
2024-07-24T10:45:00-04:00,1956.44326534,1300.00000000,206.24073121,1750.20253413,801.17163545,699.36000000,249.67089868,0.1208366946,0.1250000000,2,0,35.16098588
2024-07-24T11:00:00-04:00,1960.22470797,1300.00000000,205.95717383,1754.26753413,801.17163545,703.42500000,249.67089868,0.1204037971,0.1250000000,2,0,35.16098588
2024-07-24T11:15:00-04:00,1972.18746838,1300.00000000,205.67503424,1766.51243413,801.17163545,715.66990000,249.67089868,0.1194038060,0.1250000000,2,0,35.16098588
2024-07-24T11:30:00-04:00,1966.21725668,1300.00000000,205.81492255,1760.40233413,801.17163545,709.55980000,249.67089868,0.1199005909,0.1250000000,2,0,35.16098588
2024-07-24T11:45:00-04:00,1959.98745278,1300.00000000,205.43731864,1754.55013413,801.17163545,703.70760000,249.67089868,0.1201165469,0.1250000000,2,0,35.16098588
2024-07-24T12:00:00-04:00,1956.85377628,1300.00000000,205.05924214,1751.79453413,801.17163545,700.95200000,249.67089868,0.1201155687,0.1250000000,2,0,35.16098588
2024-07-24T12:15:00-04:00,1959.26951671,1300.00000000,205.01198258,1754.25753413,801.17163545,703.41500000,249.67089868,0.1199181962,0.1250000000,2,0,35.16098588
2024-07-24T12:30:00-04:00,1953.00646781,1300.00000000,204.89383367,1748.11263413,801.17163545,697.27010000,249.67089868,0.1202897640,0.1250000000,2,0,35.16098588
2024-07-24T12:45:00-04:00,1955.23167628,1300.00000000,205.05924214,1750.17243413,801.17163545,699.32990000,249.67089868,0.1202298064,0.1250000000,2,0,35.16098588
2024-07-24T13:00:00-04:00,1957.49591876,1300.00000000,205.33098463,1752.16493413,801.17163545,701.32240000,249.67089868,0.1202295213,0.1250000000,2,1,35.16098588
2024-07-24T13:15:00-04:00,1956.68466115,1300.00000000,205.34279952,1751.34186163,18.35496295,1483.31600000,249.67089868,0.1202935817,0.1250000000,3,2,69.69793981
2024-07-24T13:30:00-04:00,1960.70902756,1300.00000000,205.46094843,1755.24807913,0.63168045,1504.94550000,249.67089868,0.1200797019,0.1250000000,4,0,70.46104438
2024-07-24T13:45:00-04:00,1954.21093193,1300.00000000,204.98835280,1749.22257913,0.63168045,1498.92000000,249.67089868,0.1202602161,0.1250000000,4,0,70.46104438
2024-07-24T14:00:00-04:00,1951.38201951,1300.00000000,205.01198258,1746.37003693,17.86619338,1479.12000000,249.38384354,0.1204537029,0.1250000000,3,0,69.69793981
2024-07-24T14:15:00-04:00,1924.38346213,1300.00000000,204.72842521,1719.65503693,17.86619338,1452.40500000,249.38384354,0.1222259533,0.1250000000,3,0,69.69793981
2024-07-24T14:30:00-04:00,1908.18989551,1300.00000000,204.53607879,1703.65381672,1478.82797988,1.61010000,223.21573684,0.1213882585,0.1250000000,1,0,0.05023004
2024-07-24T14:45:00-04:00,1907.87218674,1300.00000000,204.20857002,1703.66361672,1478.82797988,1.61990000,223.21573684,0.1212167442,0.1250000000,1,0,0.05023004
2024-07-24T15:00:00-04:00,1907.82002718,1300.00000000,204.16131045,1703.65871672,1478.82797988,1.61500000,223.21573684,0.1211924436,0.1250000000,1,0,0.05023004
2024-07-24T15:15:00-04:00,1907.62079563,1300.00000000,203.97227220,1703.64852342,1480.45181736,0.00000000,223.19670606,0.1210931816,0.1250000000,0,0,0.00000000
2024-07-24T15:30:00-04:00,1908.32968906,1300.00000000,204.68116564,1703.64852342,1480.45181736,0.00000000,223.19670606,0.1214629158,0.1250000000,0,0,0.00000000
2024-07-24T15:45:00-04:00,1907.45538716,1300.00000000,203.80686373,1703.64852342,1480.45181736,0.00000000,223.19670606,0.1210068655,0.1250000000,0,0,0.00000000
2024-07-25T09:30:00-04:00,1904.81738850,1300.00000000,208.82978283,1695.98760567,1472.79089961,0.00000000,223.19670606,0.1241836432,0.1250000000,0,1,0.00000000
2024-07-25T09:45:00-04:00,1935.94268379,1300.00000000,208.12207811,1727.82060567,716.22389961,788.40000000,223.19670606,0.1215136867,0.1250000000,1,0,0.00000000
2024-07-25T10:00:00-04:00,1937.63335855,1300.00000000,207.11275288,1730.52060567,716.22389961,791.10000000,223.19670606,0.1208051360,0.1250000000,1,0,0.00000000
2024-07-25T10:15:00-04:00,1966.73622087,1300.00000000,208.28980855,1758.44641232,1512.13994780,0.00000000,246.30646452,0.1210684759,0.1250000000,0,0,0.00000000
2024-07-25T10:30:00-04:00,1967.76565413,1300.00000000,209.31924181,1758.44641232,1512.13994780,0.00000000,246.30646452,0.1215940773,0.1250000000,0,0,0.00000000
2024-07-25T10:45:00-04:00,1968.25658443,1300.00000000,209.81017211,1758.44641232,1512.13994780,0.00000000,246.30646452,0.1218445120,0.1250000000,0,1,0.00000000
2024-07-25T11:00:00-04:00,1969.66605099,1300.00000000,209.61399617,1760.05205482,725.74059030,788.00500000,246.30646452,0.1216310269,0.1250000000,1,0,33.85431201
2024-07-25T11:15:00-04:00,1956.67113802,1300.00000000,209.78908320,1746.88205482,725.74059030,774.83500000,246.30646452,0.1226575165,0.1250000000,1,0,33.85431201
2024-07-25T11:30:00-04:00,1960.83700700,1300.00000000,209.56495218,1751.27205482,725.74059030,779.22500000,246.30646452,0.1222287658,0.1250000000,1,0,33.85431201
2024-07-25T11:45:00-04:00,1967.61425943,1300.00000000,209.75720461,1757.85705482,725.74059030,785.81000000,246.30646452,0.1218592080,0.1250000000,1,0,33.85431201
2024-07-25T12:00:00-04:00,1974.25222693,1300.00000000,209.81017211,1764.44205482,725.74059030,792.39500000,246.30646452,0.1214217348,0.1250000000,1,0,33.85431201
2024-07-25T12:15:00-04:00,1975.33119462,1300.00000000,210.88913980,1764.44205482,725.74059030,792.39500000,246.30646452,0.1219699962,0.1250000000,1,0,33.85431201
2024-07-25T12:30:00-04:00,1982.10824126,1300.00000000,210.77388644,1771.33435482,725.74059030,799.28730000,246.30646452,0.1214273941,0.1250000000,1,0,33.85431201
2024-07-25T12:45:00-04:00,1994.84489821,1300.00000000,210.64784339,1784.19705482,725.74059030,812.15000000,246.30646452,0.1204708111,0.1250000000,1,0,33.85431201
2024-07-25T13:00:00-04:00,1997.28119462,1300.00000000,210.88913980,1786.39205482,725.74059030,814.34500000,246.30646452,0.1204409956,0.1250000000,1,0,33.85431201
2024-07-25T13:15:00-04:00,1992.44979875,1300.00000000,210.44774393,1782.00205482,725.74059030,809.95500000,246.30646452,0.1205214600,0.1250000000,1,0,33.85431201
2024-07-25T13:30:00-04:00,1992.46304063,1300.00000000,210.46098581,1782.00205482,725.74059030,809.95500000,246.30646452,0.1205281294,0.1250000000,1,0,33.85431201
2024-07-25T13:45:00-04:00,1988.15788672,1300.00000000,210.54583190,1777.61205482,725.74059030,805.56500000,246.30646452,0.1208747366,0.1250000000,1,0,33.85431201
2024-07-25T14:00:00-04:00,1981.51820831,1300.00000000,210.44725349,1771.07095482,725.74059030,799.02390000,246.30646452,0.1212804456,0.1250000000,1,0,33.85431201
2024-07-25T14:15:00-04:00,1978.93649085,1300.00000000,210.10443603,1768.83205482,725.74059030,796.78500000,246.30646452,0.1212633008,0.1250000000,1,0,33.85431201
2024-07-25T14:30:00-04:00,1974.49744686,1300.00000000,210.05539204,1764.44205482,725.74059030,792.39500000,246.30646452,0.1215463998,0.1250000000,1,0,33.85431201
2024-07-25T14:45:00-04:00,1976.34913896,1300.00000000,209.71208414,1766.63705482,725.74059030,794.59000000,246.30646452,0.1212178678,0.1250000000,1,0,33.85431201
2024-07-25T15:00:00-04:00,1982.83605099,1300.00000000,209.61399617,1773.22205482,725.74059030,801.17500000,246.30646452,0.1207085660,0.1250000000,1,0,33.85431201
2024-07-25T15:15:00-04:00,1987.49866796,1300.00000000,210.41341314,1777.08525482,725.74059030,805.03820000,246.30646452,0.1208444494,0.1250000000,1,0,33.85431201
2024-07-25T15:30:00-04:00,1982.56630906,1300.00000000,209.34425425,1773.22205482,725.74059030,801.17500000,246.30646452,0.1205719610,0.1250000000,1,0,33.85431201
2024-07-25T15:45:00-04:00,1974.97590735,1300.00000000,208.33885253,1766.63705482,725.74059030,794.59000000,246.30646452,0.1205197751,0.1250000000,1,0,33.85431201
2024-07-26T09:30:00-04:00,1999.13889484,1300.00000000,208.87833638,1790.26055846,727.41409395,816.54000000,246.30646452,0.1191661751,0.1250000000,1,2,0.00000000
2024-07-26T09:45:00-04:00,1998.47881173,1300.00000000,208.92738036,1789.55143136,1.36716685,1541.87780000,246.30646452,0.1192390581,0.1250000000,2,1,23.94042024
2024-07-26T10:00:00-04:00,2005.05814369,1300.00000000,209.07451232,1795.98363136,1.36716685,1548.31000000,246.30646452,0.1188766526,0.1250000000,2,0,23.94042024
2024-07-26T10:15:00-04:00,1992.39289145,1300.00000000,209.90826008,1782.48463136,1.36716685,1534.81100000,246.30646452,0.1202164205,0.1250000000,2,0,23.94042024
2024-07-26T10:30:00-04:00,1998.92359998,1300.00000000,209.39329823,1789.53030175,794.55799547,744.67720000,250.29510629,0.1197471613,0.1250000000,1,0,23.94042024
2024-07-26T10:45:00-04:00,1992.71805393,1300.00000000,209.56495218,1783.15310175,794.55799547,738.30000000,250.29510629,0.1202721489,0.1250000000,1,0,23.94042024
2024-07-26T11:00:00-04:00,1990.82278342,1300.00000000,209.80968167,1781.01310175,794.55799547,736.16000000,250.29510629,0.1205437204,0.1250000000,1,0,23.94042024
2024-07-26T11:15:00-04:00,1973.55614191,1300.00000000,209.66304015,1763.89310175,794.55799547,719.04000000,250.29510629,0.1216664428,0.1250000000,1,0,23.94042024
2024-07-26T11:30:00-04:00,1980.22087140,1300.00000000,209.90776964,1770.31310175,794.55799547,725.46000000,250.29510629,0.1213391776,0.1250000000,1,0,23.94042024
2024-07-26T11:45:00-04:00,1982.60658177,1300.00000000,210.15348001,1772.45310175,794.55799547,727.60000000,250.29510629,0.1213139109,0.1250000000,1,0,23.94042024
2024-07-26T12:00:00-04:00,1982.85180170,1300.00000000,210.39869994,1772.45310175,794.55799547,727.60000000,250.29510629,0.1214382770,0.1250000000,1,1,23.94042024
2024-07-26T12:15:00-04:00,1986.72779663,1300.00000000,210.64391987,1776.08387675,1.66377047,1524.12500000,250.29510629,0.1213084279,0.1250000000,2,0,55.48327186
2024-07-26T12:30:00-04:00,1986.95914061,1300.00000000,210.69296386,1776.26617675,1.66377047,1524.30730000,250.29510629,0.1213205086,0.1250000000,2,0,55.48327186
2024-07-26T12:45:00-04:00,1980.89525807,1300.00000000,211.03578132,1769.85947675,1.66377047,1517.90060000,250.29510629,0.1219436975,0.1250000000,2,0,55.48327186
2024-07-26T13:00:00-04:00,1982.76617257,1300.00000000,210.84009582,1771.92607675,1.66377047,1519.96720000,250.29510629,0.1216990574,0.1250000000,2,0,55.48327186
2024-07-26T13:15:00-04:00,1989.21713128,1300.00000000,210.88325453,1778.33387675,1.66377047,1526.37500000,250.29510629,0.1212724041,0.1250000000,2,0,55.48327186
2024-07-26T13:30:00-04:00,1975.83827934,1300.00000000,210.23440259,1765.60387675,1.66377047,1513.64500000,250.29510629,0.1218366517,0.1250000000,2,0,55.48327186
2024-07-26T13:45:00-04:00,1984.45257670,1300.00000000,210.39869994,1774.05387675,1.66377047,1522.09500000,250.29510629,0.1213261792,0.1250000000,2,0,55.48327186
2024-07-26T14:00:00-04:00,1991.06279663,1300.00000000,210.64391987,1780.41887675,1.66377047,1528.46000000,250.29510629,0.1210063359,0.1250000000,2,1,55.48327186
2024-07-26T14:15:00-04:00,1986.83884824,1300.00000000,210.58997149,1776.24887675,1.66377047,1524.29000000,250.29510629,0.1212696038,0.1250000000,2,0,55.48327186
2024-07-26T14:30:00-04:00,1986.59257670,1300.00000000,210.39869994,1776.19387675,1.66377047,1524.23500000,250.29510629,0.1211766437,0.1250000000,2,0,55.48327186
2024-07-26T14:45:00-04:00,1986.69066467,1300.00000000,210.49678792,1776.19387675,1.66377047,1524.23500000,250.29510629,0.1212262879,0.1250000000,2,0,55.48327186
2024-07-26T15:00:00-04:00,1990.79901072,1300.00000000,210.32513397,1780.47387675,1.66377047,1528.51500000,250.29510629,0.1208415180,0.1250000000,2,0,55.48327186
2024-07-26T15:15:00-04:00,1997.43970865,1300.00000000,210.54583190,1786.89387675,1.66377047,1534.93500000,250.29510629,0.1205085324,0.1250000000,2,0,55.48327186
2024-07-26T15:30:00-04:00,1997.28066467,1300.00000000,210.49678792,1786.78387675,1.66377047,1534.82500000,250.29510629,0.1204914299,0.1250000000,2,1,55.48327186
2024-07-26T15:45:00-04:00,2007.81566467,1300.00000000,210.49678792,1797.31887675,1.66377047,1545.36000000,250.29510629,0.1197691753,0.1250000000,2,1,55.48327186
2024-07-29T09:30:00-04:00,2053.49434535,1300.00000000,212.17752532,1841.31682004,833.89753799,734.02000000,273.39928205,0.1191944912,0.1250000000,1,1,0.00000000
2024-07-29T09:45:00-04:00,2087.34073747,1300.00000000,212.53946993,1874.80126754,743.95563906,854.70000000,276.14562847,0.1173476391,0.1250000000,1,0,0.00000000
2024-07-29T10:00:00-04:00,2079.79033105,1300.00000000,211.91906351,1867.87126754,743.95563906,847.77000000,276.14562847,0.1174949053,0.1250000000,1,0,0.00000000
2024-07-29T10:15:00-04:00,2077.72555098,1300.00000000,212.16428344,1865.56126754,743.95563906,845.46000000,276.14562847,0.1177656793,0.1250000000,1,0,0.00000000
2024-07-29T10:30:00-04:00,2077.43128706,1300.00000000,211.87001952,1865.56126754,743.95563906,845.46000000,276.14562847,0.1176215546,0.1250000000,1,0,0.00000000
2024-07-29T10:45:00-04:00,2086.40154514,1300.00000000,211.60027760,1874.80126754,743.95563906,854.70000000,276.14562847,0.1168897036,0.1250000000,1,0,0.00000000
2024-07-29T11:00:00-04:00,2079.00562727,1300.00000000,211.13435973,1867.87126754,743.95563906,847.77000000,276.14562847,0.1171107906,0.1250000000,1,1,0.00000000
2024-07-29T11:15:00-04:00,2067.05229562,1300.00000000,211.23244771,1855.81984791,0.83921944,1578.83500000,276.14562847,0.1179472116,0.1250000000,2,0,29.53906910
2024-07-29T11:30:00-04:00,2076.29229562,1300.00000000,211.23244771,1865.05984791,0.83921944,1588.07500000,276.14562847,0.1173417986,0.1250000000,2,0,29.53906910
2024-07-29T11:45:00-04:00,2099.33173359,1300.00000000,211.87688568,1887.45484791,0.83921944,1610.47000000,276.14562847,0.1162124289,0.1250000000,2,0,29.53906910
2024-07-29T12:00:00-04:00,2113.52817534,1300.00000000,212.21332743,1901.31484791,0.83921944,1624.33000000,276.14562847,0.1154976288,0.1250000000,2,0,29.53906910
2024-07-29T12:15:00-04:00,2113.95450859,1300.00000000,212.26237141,1901.69213718,854.82637555,751.15000000,295.71576163,0.1167406490,0.1250000000,1,1,29.53906910
2024-07-29T12:30:00-04:00,2104.24514758,1300.00000000,212.31141540,1891.93373218,11.25417055,1584.96380000,295.71576163,0.1173945069,0.1250000000,2,0,63.98673498
2024-07-29T12:45:00-04:00,2108.00830359,1300.00000000,212.26237141,1895.74593218,11.25417055,1588.77600000,295.71576163,0.1171236798,0.1250000000,2,0,63.98673498
2024-07-29T13:00:00-04:00,2114.80656751,1300.00000000,212.55663533,1902.24993218,11.25417055,1595.28000000,295.71576163,0.1168477322,0.1250000000,2,0,63.98673498
2024-07-29T13:15:00-04:00,2100.86055404,1300.00000000,212.09562186,1888.76493218,11.25417055,1581.79500000,295.71576163,0.1174950745,0.1250000000,2,0,63.98673498
2024-07-29T13:30:00-04:00,2091.94300624,1300.00000000,212.09807406,1879.84493218,11.25417055,1572.87500000,295.71576163,0.1180797556,0.1250000000,2,0,63.98673498
2024-07-29T13:45:00-04:00,2102.89729973,1300.00000000,212.05736755,1890.83993218,11.25417055,1583.87000000,295.71576163,0.1173414862,0.1250000000,2,0,63.98673498
2024-07-29T14:00:00-04:00,2109.05727576,1300.00000000,211.67384358,1897.38343218,11.25417055,1590.41350000,295.71576163,0.1167313724,0.1250000000,2,0,63.98673498
2024-07-29T14:15:00-04:00,2116.26068779,1300.00000000,211.57575561,1904.68493218,11.25417055,1597.71500000,295.71576163,0.1162156191,0.1250000000,2,0,63.98673498
2024-07-29T14:30:00-04:00,2122.80355583,1300.00000000,211.42862365,1911.37493218,11.25417055,1604.40500000,295.71576163,0.1157189186,0.1250000000,2,0,63.98673498
2024-07-29T14:45:00-04:00,2106.23214380,1300.00000000,211.52671162,1894.70543218,11.25417055,1587.73550000,295.71576163,0.1168322550,0.1250000000,2,0,63.98673498
2024-07-29T15:00:00-04:00,2117.46595170,1300.00000000,211.87001952,1905.59593218,11.25417055,1598.62600000,295.71576163,0.1163002593,0.1250000000,2,0,63.98673498
2024-07-29T15:15:00-04:00,2127.80303967,1300.00000000,211.96810750,1915.83493218,11.25417055,1608.86500000,295.71576163,0.1156976035,0.1250000000,2,0,63.98673498
2024-07-29T15:30:00-04:00,2134.37872518,1300.00000000,212.16379300,1922.21493218,11.25417055,1615.24500000,295.71576163,0.1153902576,0.1250000000,2,0,29.53906910
2024-07-29T15:45:00-04:00,2114.23473177,1300.00000000,211.62479959,1902.60993218,11.25417055,1595.64000000,295.71576163,0.1163720605,0.1250000000,2,1,29.53906910
2024-07-30T09:30:00-04:00,2194.43440171,1300.00000000,212.16428344,1982.27011827,897.79929364,763.51700000,320.95382463,0.1132460544,0.1250000000,1,2,29.53906910
2024-07-30T09:45:00-04:00,2188.51095272,1300.00000000,212.11523945,1976.39571327,0.58688864,1654.85500000,320.95382463,0.1135789831,0.1250000000,3,0,45.30193777
2024-07-30T10:00:00-04:00,2157.79923816,1300.00000000,211.82097554,1945.97826262,845.06222483,796.30000000,304.61603779,0.1143011525,0.1250000000,2,0,1.76732647
2024-07-30T10:15:00-04:00,2165.57042743,1300.00000000,211.70866481,1953.86176262,845.06222483,804.18350000,304.61603779,0.1137634893,0.1250000000,2,0,1.76732647
2024-07-30T10:30:00-04:00,2167.43571033,1300.00000000,211.23244771,1956.20326262,845.06222483,806.52500000,304.61603779,0.1133939322,0.1250000000,2,0,1.76732647
2024-07-30T10:45:00-04:00,2158.68953439,1300.00000000,211.03627176,1947.65326262,845.06222483,797.97500000,304.61603779,0.1138230346,0.1250000000,2,0,1.76732647
2024-07-30T11:00:00-04:00,2163.82525879,1300.00000000,209.61399617,1954.21126262,845.06222483,804.53300000,304.61603779,0.1127436298,0.1250000000,2,0,1.76732647
2024-07-30T11:15:00-04:00,2185.57561056,1300.00000000,210.10443603,1975.47117454,1625.01883460,24.20000000,326.25233994,0.1130004875,0.1250000000,1,1,1.76732647
2024-07-30T11:30:00-04:00,2172.29668882,1300.00000000,209.22164428,1963.07504454,751.12390460,885.69880000,326.25233994,0.1133351127,0.1250000000,2,0,42.30463709
2024-07-30T11:45:00-04:00,2174.58108096,1300.00000000,209.13483643,1965.44624454,751.12390460,888.07000000,326.25233994,0.1131480736,0.1250000000,2,0,42.30463709
2024-07-30T12:00:00-04:00,2179.45145480,1300.00000000,209.29521026,1970.15624454,751.12390460,892.78000000,326.25233994,0.1129372492,0.1250000000,2,0,42.30463709
2024-07-30T12:15:00-04:00,2185.81553693,1300.00000000,208.82929239,1976.98624454,751.12390460,899.61000000,326.25233994,0.1123001857,0.1250000000,2,0,42.30463709
2024-07-30T12:30:00-04:00,2188.65362490,1300.00000000,208.92738036,1979.72624454,751.12390460,902.35000000,326.25233994,0.1121817205,0.1250000000,2,0,42.30463709
2024-07-30T12:45:00-04:00,2177.66982072,1300.00000000,208.01957618,1969.65024454,751.12390460,892.27400000,326.25233994,0.1123569256,0.1250000000,2,0,42.30463709
2024-07-30T13:00:00-04:00,2176.36700910,1300.00000000,208.24076456,1968.12624454,751.12390460,890.75000000,326.25233994,0.1125555989,0.1250000000,2,0,42.30463709
2024-07-30T13:15:00-04:00,2176.80502162,1300.00000000,208.77877709,1968.02624454,751.12390460,890.65000000,326.25233994,0.1128196885,0.1250000000,2,0,42.30463709
2024-07-30T13:30:00-04:00,2181.72635147,1300.00000000,208.89010694,1972.83624454,751.12390460,895.46000000,326.25233994,0.1125804542,0.1250000000,2,0,42.30463709
2024-07-30T13:45:00-04:00,2179.90531287,1300.00000000,209.02546834,1970.87984454,751.12390460,893.50360000,326.25233994,0.1127640780,0.1250000000,2,0,42.30463709
2024-07-30T14:00:00-04:00,2184.22071099,1300.00000000,209.17946645,1975.04124454,751.12390460,897.66500000,326.25233994,0.1125850524,0.1250000000,2,0,42.30463709
2024-07-30T14:15:00-04:00,2184.53119672,1300.00000000,209.56495218,1974.96624454,751.12390460,897.59000000,326.25233994,0.1127736838,0.1250000000,2,0,42.30463709
2024-07-30T14:30:00-04:00,2182.45119672,1300.00000000,209.56495218,1972.88624454,751.12390460,895.51000000,326.25233994,0.1129000545,0.1250000000,2,0,42.30463709
2024-07-30T14:45:00-04:00,2186.57276835,1300.00000000,209.17652381,1977.39624454,751.12390460,900.02000000,326.25233994,0.1124411261,0.1250000000,2,0,42.30463709
2024-07-30T15:00:00-04:00,2179.58362490,1300.00000000,208.92738036,1970.65624454,751.12390460,893.28000000,326.25233994,0.1127307255,0.1250000000,2,0,42.30463709
2024-07-30T15:15:00-04:00,2172.98444483,1300.00000000,209.17260029,1963.81184454,751.12390460,886.43560000,326.25233994,0.1132663475,0.1250000000,2,0,42.30463709
2024-07-30T15:30:00-04:00,2184.57999205,1300.00000000,209.11374751,1975.46624454,751.12390460,898.09000000,326.25233994,0.1125279212,0.1250000000,2,0,42.30463709
2024-07-30T15:45:00-04:00,2182.51649294,1300.00000000,208.78024841,1973.73624454,751.12390460,896.36000000,326.25233994,0.1124733503,0.1250000000,2,1,42.30463709
2024-07-31T09:30:00-04:00,2224.71132651,1300.00000000,213.58655903,2011.12476747,213.21250175,1470.36000000,327.55226572,0.1125823150,0.1250000000,2,4,106.16350946
2024-07-31T09:45:00-04:00,2143.54044937,1300.00000000,213.73369099,1929.80675837,0.77449265,1601.48000000,327.55226572,0.1176955296,0.1250000000,4,1,115.33800445
2024-07-31T10:00:00-04:00,2163.79809663,1300.00000000,213.93133826,1949.86675837,0.77449265,1621.54000000,327.55226572,0.1165047374,0.1250000000,4,0,115.33800445
2024-07-31T10:15:00-04:00,2174.14482531,1300.00000000,213.92986694,1960.21495837,0.77449265,1631.88820000,327.55226572,0.1158511475,0.1250000000,4,0,115.33800445
2024-07-31T10:30:00-04:00,2193.49975727,1300.00000000,214.07699889,1979.42275837,0.77449265,1651.09600000,327.55226572,0.1147283082,0.1250000000,4,0,115.33800445
2024-07-31T10:45:00-04:00,2214.89155727,1300.00000000,214.07699889,2000.81455837,0.77449265,1672.48780000,327.55226572,0.1134279352,0.1250000000,4,1,106.57194568
2024-07-31T11:00:00-04:00,2211.95910166,1300.00000000,214.24914329,1997.70995837,0.77449265,1669.38320000,327.55226572,0.1136958003,0.1250000000,4,2,106.57194568
2024-07-31T11:15:00-04:00,2220.83364524,1300.00000000,214.17508687,2006.65855837,0.77449265,1678.33180000,327.55226572,0.1131237486,0.1250000000,4,0,106.57194568
2024-07-31T11:30:00-04:00,2215.70433321,1300.00000000,214.27317484,2001.43115837,0.77449265,1673.10440000,327.55226572,0.1134830073,0.1250000000,4,1,106.57194568
2024-07-31T11:45:00-04:00,2239.10737720,1300.00000000,214.32221882,2024.78515837,0.77449265,1696.45840000,327.55226572,0.1121192989,0.1250000000,4,0,106.57194568
2024-07-31T12:00:00-04:00,2240.71297720,1300.00000000,214.32221882,2026.39075837,0.77449265,1698.06400000,327.55226572,0.1120252039,0.1250000000,4,1,106.57194568
2024-07-31T12:15:00-04:00,2234.57550588,1300.00000000,214.32074751,2020.25475837,0.77449265,1691.92800000,327.55226572,0.1123849689,0.1250000000,4,0,106.57194568
2024-07-31T12:30:00-04:00,2241.64247720,1300.00000000,214.32221882,2027.32025837,0.77449265,1698.99350000,327.55226572,0.1119708034,0.1250000000,4,0,106.57194568
2024-07-31T12:45:00-04:00,2261.23607280,1300.00000000,214.31731443,2046.91875837,0.77449265,1718.59200000,327.55226572,0.1108336914,0.1250000000,4,0,106.57194568
2024-07-31T13:00:00-04:00,2281.78783354,1300.00000000,214.32221882,2067.46561471,211.18668344,1522.30000000,333.97893127,0.1100324670,0.1250000000,3,0,40.94574684
2024-07-31T13:15:00-04:00,2253.24331154,1300.00000000,214.29769683,2038.94561471,211.18668344,1493.78000000,333.97893127,0.1116561632,0.1250000000,3,0,40.94574684
2024-07-31T13:30:00-04:00,2274.23783354,1300.00000000,214.32221882,2059.91561471,211.18668344,1514.75000000,333.97893127,0.1104606290,0.1250000000,3,0,40.94574684
2024-07-31T13:45:00-04:00,2299.14682357,1300.00000000,214.19960886,2084.94721471,211.18668344,1539.78160000,333.97893127,0.1089981216,0.1250000000,3,1,40.94574684
2024-07-31T14:00:00-04:00,2282.29229104,1300.00000000,214.32221882,2067.97007221,3.64114094,1730.35000000,333.97893127,0.1100039774,0.1250000000,4,0,45.18345979
2024-07-31T14:15:00-04:00,2295.41909104,1300.00000000,214.32221882,2081.09687221,3.64114094,1743.47680000,333.97893127,0.1092677836,0.1250000000,4,0,45.18345979
2024-07-31T14:30:00-04:00,2307.05225289,1300.00000000,214.83718068,2092.21507221,3.64114094,1754.59500000,333.97893127,0.1088845398,0.1250000000,4,0,45.18345979
2024-07-31T14:45:00-04:00,2322.96473199,1300.00000000,215.05640730,2107.90832469,17.11777607,1756.51320000,334.27734862,0.1081398761,0.1250000000,3,3,40.53731062
2024-07-31T15:00:00-04:00,2326.49845756,1300.00000000,215.03335662,2111.46510094,1.34095232,1775.84680000,334.27734862,0.1079364914,0.1250000000,5,0,41.03236098
2024-07-31T15:15:00-04:00,2303.77234659,1300.00000000,214.59637471,2089.17597188,14.86185896,1740.19500000,334.11911292,0.1089513479,0.1250000000,4,0,40.61472645
2024-07-31T15:30:00-04:00,2318.84576252,1300.00000000,214.95979064,2103.88597188,14.86185896,1754.90500000,334.11911292,0.1083070007,0.1250000000,4,0,40.61472645
2024-07-31T15:45:00-04:00,2327.33735264,1300.00000000,214.86170267,2112.47564997,223.63107288,1554.00680000,334.83777709,0.1078352564,0.1250000000,3,0,40.61472645
2024-08-01T09:30:00-04:00,2357.68601898,1300.00000000,246.37173245,2111.31428653,849.03221014,872.95000000,389.33207639,0.1251663774,0.1250000000,2,0,40.61472645
2024-08-01T09:45:00-04:00,2353.09708259,1300.00000000,246.08919606,2107.00788653,849.03221014,868.64360000,389.33207639,0.1253149920,0.1250000000,2,0,40.61472645
2024-08-01T10:00:00-04:00,2334.08317073,1300.00000000,245.60888420,2088.47428653,849.03221014,850.11000000,389.33207639,0.1262932233,0.1250000000,2,0,40.61472645
2024-08-01T10:15:00-04:00,2336.16541683,1300.00000000,245.45348919,2090.71192765,850.96902488,850.44000000,389.30290276,0.1260764370,0.1250000000,1,0,40.53731062
2024-08-01T10:30:00-04:00,2328.26590537,1300.00000000,244.39397772,2083.87192765,850.96902488,843.60000000,389.30290276,0.1260436519,0.1250000000,1,0,40.53731062
2024-08-01T10:45:00-04:00,2325.13490576,1300.00000000,243.54297811,2081.59192765,850.96902488,841.32000000,389.30290276,0.1258079098,0.1250000000,1,0,40.53731062
2024-08-01T11:00:00-04:00,2326.68370158,1300.00000000,242.81177393,2083.87192765,850.96902488,843.60000000,389.30290276,0.1253299166,0.1250000000,1,0,40.53731062
2024-08-01T11:15:00-04:00,2333.12815063,1300.00000000,242.41622299,2090.71192765,850.96902488,850.44000000,389.30290276,0.1247109138,0.1250000000,1,0,40.53731062
2024-08-01T11:30:00-04:00,2327.21254103,1300.00000000,241.06061339,2086.15192765,850.96902488,845.88000000,389.30290276,0.1243920814,0.1250000000,1,0,40.53731062
2024-08-01T11:45:00-04:00,2325.35860591,1300.00000000,241.48667826,2083.87192765,850.96902488,843.60000000,389.30290276,0.1247312657,0.1250000000,1,0,40.53731062
2024-08-01T12:00:00-04:00,2327.94657058,1300.00000000,241.79464293,2086.15192765,850.96902488,845.88000000,389.30290276,0.1247236132,0.1250000000,1,0,40.53731062
2024-08-01T12:15:00-04:00,2324.81896140,1300.00000000,240.94703376,2083.87192765,850.96902488,843.60000000,389.30290276,0.1244872305,0.1250000000,1,0,40.53731062
2024-08-01T12:30:00-04:00,2321.94563498,1300.00000000,240.35370734,2081.59192765,850.96902488,841.32000000,389.30290276,0.1243653073,0.1250000000,1,0,40.53731062
2024-08-01T12:45:00-04:00,2320.06959590,1300.00000000,240.43846826,2079.63112765,850.96902488,839.35920000,389.30290276,0.1245300476,0.1250000000,1,0,40.53731062
2024-08-01T13:00:00-04:00,2312.70840245,1300.00000000,239.70387364,2073.00452881,1698.93168772,0.00000000,374.07284109,0.1236456601,0.1250000000,0,0,0.00000000
2024-08-01T13:15:00-04:00,2312.45411970,1300.00000000,239.44959089,2073.00452881,1698.93168772,0.00000000,374.07284109,0.1235306973,0.1250000000,0,0,0.00000000
2024-08-01T13:30:00-04:00,2311.35222777,1300.00000000,238.34769897,2073.00452881,1698.93168772,0.00000000,374.07284109,0.1230321763,0.1250000000,0,0,0.00000000
2024-08-01T13:45:00-04:00,2312.01901365,1300.00000000,239.01448485,2073.00452881,1698.93168772,0.00000000,374.07284109,0.1233339131,0.1250000000,0,0,0.00000000
2024-08-01T14:00:00-04:00,2312.06139411,1300.00000000,239.05686531,2073.00452881,1698.93168772,0.00000000,374.07284109,0.1233530843,0.1250000000,0,0,0.00000000
2024-08-01T14:15:00-04:00,2310.84309720,1300.00000000,237.83856839,2073.00452881,1698.93168772,0.00000000,374.07284109,0.1228016424,0.1250000000,0,0,0.00000000
2024-08-01T14:30:00-04:00,2310.87191591,1300.00000000,237.86738710,2073.00452881,1698.93168772,0.00000000,374.07284109,0.1228146947,0.1250000000,0,0,0.00000000
2024-08-01T14:45:00-04:00,2310.67414044,1300.00000000,237.66961163,2073.00452881,1698.93168772,0.00000000,374.07284109,0.1227251121,0.1250000000,0,0,0.00000000
2024-08-01T15:00:00-04:00,2311.28272382,1300.00000000,238.27819501,2073.00452881,1698.93168772,0.00000000,374.07284109,0.1230007121,0.1250000000,0,0,0.00000000
2024-08-01T15:15:00-04:00,2311.69127144,1300.00000000,238.68674263,2073.00452881,1698.93168772,0.00000000,374.07284109,0.1231856277,0.1250000000,0,0,0.00000000
2024-08-01T15:30:00-04:00,2311.74325814,1300.00000000,238.73872933,2073.00452881,1698.93168772,0.00000000,374.07284109,0.1232091522,0.1250000000,0,1,0.00000000
2024-08-01T15:45:00-04:00,2337.94556511,1300.00000000,239.02578630,2098.91977881,785.24693772,939.60000000,374.07284109,0.1217114446,0.1250000000,1,0,55.26218527
2024-08-02T09:30:00-04:00,2280.27376480,1300.00000000,234.96517330,2045.30859151,788.03575041,883.20000000,374.07284109,0.1232635922,0.1250000000,1,0,55.26218527
2024-08-02T09:45:00-04:00,2253.96873878,1300.00000000,234.08139947,2019.88733931,1666.49971903,0.00000000,353.38762028,0.1231630669,0.1250000000,0,0,0.00000000
2024-08-02T10:00:00-04:00,2252.89227513,1300.00000000,233.00493582,2019.88733931,1666.49971903,0.00000000,353.38762028,0.1226661568,0.1250000000,0,0,0.00000000
2024-08-02T10:15:00-04:00,2253.65229802,1300.00000000,233.76495871,2019.88733931,1666.49971903,0.00000000,353.38762028,0.1230170520,0.1250000000,0,0,0.00000000
2024-08-02T10:30:00-04:00,2253.31834001,1300.00000000,233.43100070,2019.88733931,1666.49971903,0.00000000,353.38762028,0.1228629014,0.1250000000,0,0,0.00000000
2024-08-02T10:45:00-04:00,2253.72349719,1300.00000000,233.83615788,2019.88733931,1666.49971903,0.00000000,353.38762028,0.1230499096,0.1250000000,0,0,0.00000000
2024-08-02T11:00:00-04:00,2253.54493419,1300.00000000,233.65759488,2019.88733931,1666.49971903,0.00000000,353.38762028,0.1229675002,0.1250000000,0,0,0.00000000
2024-08-02T11:15:00-04:00,2253.91562194,1300.00000000,234.02828263,2019.88733931,1666.49971903,0.00000000,353.38762028,0.1231385607,0.1250000000,0,0,0.00000000
2024-08-02T11:30:00-04:00,2254.39254336,1300.00000000,234.50520406,2019.88733931,1666.49971903,0.00000000,353.38762028,0.1233585464,0.1250000000,0,1,0.00000000
2024-08-02T11:45:00-04:00,2242.16143037,1300.00000000,234.61821861,2007.54321176,851.58559148,802.57000000,353.38762028,0.1242172130,0.1250000000,1,0,66.58061890
2024-08-02T12:00:00-04:00,2262.13714762,1300.00000000,234.36393586,2027.77321176,851.58559148,822.80000000,353.38762028,0.1227840178,0.1250000000,1,0,66.58061890
2024-08-02T12:15:00-04:00,2263.74407486,1300.00000000,234.61426310,2029.12981176,851.58559148,824.15660000,353.38762028,0.1228117729,0.1250000000,1,1,66.58061890
2024-08-02T12:30:00-04:00,2280.84129246,1300.00000000,234.53741320,2046.30387926,51.87625898,1641.04000000,353.38762028,0.1216825165,0.1250000000,2,0,87.20837917
2024-08-02T12:45:00-04:00,2322.07647414,1300.00000000,233.65759488,2088.41887926,51.87625898,1683.15500000,353.38762028,0.1186869090,0.1250000000,2,0,87.20837917
2024-08-02T13:00:00-04:00,2398.04123289,1300.00000000,234.27804480,2163.76318809,950.23400073,811.13500000,402.39418735,0.1173945289,0.1250000000,1,0,20.62776026
2024-08-02T13:15:00-04:00,2398.86426157,1300.00000000,233.99607348,2164.86818809,950.23400073,812.24000000,402.39418735,0.1172048990,0.1250000000,1,0,20.62776026
2024-08-02T13:30:00-04:00,2400.64530481,1300.00000000,233.82711672,2166.81818809,950.23400073,814.19000000,402.39418735,0.1170158819,0.1250000000,1,0,20.62776026
2024-08-02T13:45:00-04:00,2407.08879753,1300.00000000,233.77060944,2173.31818809,950.23400073,820.69000000,402.39418735,0.1166115818,0.1250000000,1,0,20.62776026
2024-08-02T14:00:00-04:00,2401.10313017,1300.00000000,233.82994208,2167.27318809,950.23400073,814.64500000,402.39418735,0.1169904917,0.1250000000,1,0,20.62776026
2024-08-02T14:15:00-04:00,2406.15037759,1300.00000000,234.39218950,2171.75818809,950.23400073,819.13000000,402.39418735,0.1169764019,0.1250000000,1,0,20.62776026
2024-08-02T14:30:00-04:00,2399.31446137,1300.00000000,234.42157328,2164.89288809,950.23400073,812.26470000,402.39418735,0.1173915536,0.1250000000,1,0,20.62776026
2024-08-02T14:45:00-04:00,2396.07831936,1300.00000000,233.94013128,2162.13818809,950.23400073,809.51000000,402.39418735,0.1173406196,0.1250000000,1,0,20.62776026
2024-08-02T15:00:00-04:00,2400.09631979,1300.00000000,234.44813171,2165.64818809,950.23400073,813.02000000,402.39418735,0.1173589035,0.1250000000,1,1,20.62776026
2024-08-02T15:15:00-04:00,2407.98301747,1300.00000000,234.55040988,2173.43260759,200.89842023,1570.14000000,402.39418735,0.1169484026,0.1250000000,2,0,91.28122883
2024-08-02T15:30:00-04:00,2397.12302620,1300.00000000,234.61821861,2162.50480759,200.89842023,1559.21220000,402.39418735,0.1176191039,0.1250000000,2,1,91.28122883
2024-08-02T15:45:00-04:00,2416.09994334,1300.00000000,234.39218950,2181.70775384,0.94356648,1778.37000000,402.39418735,0.1163984305,0.1250000000,3,0,101.90992355
2024-08-05T09:30:00-04:00,2236.52119850,1300.00000000,224.61077966,2011.91041884,1661.47425913,0.00000000,350.43615971,0.1190883630,0.1250000000,0,0,0.00000000
2024-08-05T09:45:00-04:00,2237.65699479,1300.00000000,225.74657595,2011.91041884,1661.47425913,0.00000000,350.43615971,0.1196185268,0.1250000000,0,0,0.00000000
2024-08-05T10:00:00-04:00,2238.77583890,1300.00000000,226.86542006,2011.91041884,1661.47425913,0.00000000,350.43615971,0.1201401541,0.1250000000,0,0,0.00000000
2024-08-05T10:15:00-04:00,2238.22206757,1300.00000000,226.31164873,2011.91041884,1661.47425913,0.00000000,350.43615971,0.1198820522,0.1250000000,0,0,0.00000000
2024-08-05T10:30:00-04:00,2239.32395949,1300.00000000,227.41354066,2011.91041884,1661.47425913,0.00000000,350.43615971,0.1203954733,0.1250000000,0,0,0.00000000
2024-08-05T10:45:00-04:00,2239.18269130,1300.00000000,227.27227246,2011.91041884,1661.47425913,0.00000000,350.43615971,0.1203296836,0.1250000000,0,0,0.00000000
2024-08-05T11:00:00-04:00,2239.35221313,1300.00000000,227.44179430,2011.91041884,1661.47425913,0.00000000,350.43615971,0.1204086301,0.1250000000,0,0,0.00000000
2024-08-05T11:15:00-04:00,2239.40872041,1300.00000000,227.49830157,2011.91041884,1661.47425913,0.00000000,350.43615971,0.1204349424,0.1250000000,0,0,0.00000000
2024-08-05T11:30:00-04:00,2239.12618402,1300.00000000,227.21576518,2011.91041884,1661.47425913,0.00000000,350.43615971,0.1203033649,0.1250000000,0,0,0.00000000
2024-08-05T11:45:00-04:00,2239.52173497,1300.00000000,227.61131613,2011.91041884,1661.47425913,0.00000000,350.43615971,0.1204875624,0.1250000000,0,0,0.00000000
2024-08-05T12:00:00-04:00,2239.69125680,1300.00000000,227.78083796,2011.91041884,1661.47425913,0.00000000,350.43615971,0.1205664806,0.1250000000,0,0,0.00000000
2024-08-05T12:15:00-04:00,2239.86077864,1300.00000000,227.95035980,2011.91041884,1661.47425913,0.00000000,350.43615971,0.1206453846,0.1250000000,0,0,0.00000000
2024-08-05T12:30:00-04:00,2239.35221313,1300.00000000,227.44179430,2011.91041884,1661.47425913,0.00000000,350.43615971,0.1204086301,0.1250000000,0,0,0.00000000
2024-08-05T12:45:00-04:00,2239.46522769,1300.00000000,227.55480885,2011.91041884,1661.47425913,0.00000000,350.43615971,0.1204612532,0.1250000000,0,0,0.00000000
2024-08-05T13:00:00-04:00,2239.49348133,1300.00000000,227.58306249,2011.91041884,1661.47425913,0.00000000,350.43615971,0.1204744080,0.1250000000,0,0,0.00000000
2024-08-05T13:15:00-04:00,2239.52173497,1300.00000000,227.61131613,2011.91041884,1661.47425913,0.00000000,350.43615971,0.1204875624,0.1250000000,0,0,0.00000000
2024-08-05T13:30:00-04:00,2239.74776408,1300.00000000,227.83734524,2011.91041884,1661.47425913,0.00000000,350.43615971,0.1205927835,0.1250000000,0,0,0.00000000
2024-08-05T13:45:00-04:00,2239.46522769,1300.00000000,227.55480885,2011.91041884,1661.47425913,0.00000000,350.43615971,0.1204612532,0.1250000000,0,0,0.00000000
2024-08-05T14:00:00-04:00,2239.40872041,1300.00000000,227.49830157,2011.91041884,1661.47425913,0.00000000,350.43615971,0.1204349424,0.1250000000,0,0,0.00000000
2024-08-05T14:15:00-04:00,2239.40872041,1300.00000000,227.49830157,2011.91041884,1661.47425913,0.00000000,350.43615971,0.1204349424,0.1250000000,0,0,0.00000000
2024-08-05T14:30:00-04:00,2239.12618402,1300.00000000,227.21576518,2011.91041884,1661.47425913,0.00000000,350.43615971,0.1203033649,0.1250000000,0,0,0.00000000
2024-08-05T14:45:00-04:00,2239.18269130,1300.00000000,227.27227246,2011.91041884,1661.47425913,0.00000000,350.43615971,0.1203296836,0.1250000000,0,0,0.00000000
2024-08-05T15:00:00-04:00,2239.10923184,1300.00000000,227.19881300,2011.91041884,1661.47425913,0.00000000,350.43615971,0.1202954690,0.1250000000,0,0,0.00000000
2024-08-05T15:15:00-04:00,2239.46466262,1300.00000000,227.55424378,2011.91041884,1661.47425913,0.00000000,350.43615971,0.1204609901,0.1250000000,0,0,0.00000000
2024-08-05T15:30:00-04:00,2239.35221313,1300.00000000,227.44179430,2011.91041884,1661.47425913,0.00000000,350.43615971,0.1204086301,0.1250000000,0,0,0.00000000
2024-08-05T15:45:00-04:00,2239.18269130,1300.00000000,227.27227246,2011.91041884,1661.47425913,0.00000000,350.43615971,0.1203296836,0.1250000000,0,0,0.00000000
2024-08-06T09:30:00-04:00,2239.26745222,1300.00000000,227.35703338,2011.91041884,1661.47425913,0.00000000,350.43615971,0.1203691586,0.1250000000,0,0,0.00000000
2024-08-06T09:45:00-04:00,2241.10393875,1300.00000000,229.19351992,2011.91041884,1661.47425913,0.00000000,350.43615971,0.1212235817,0.1250000000,0,0,0.00000000
2024-08-06T10:00:00-04:00,2241.35822151,1300.00000000,229.44780267,2011.91041884,1661.47425913,0.00000000,350.43615971,0.1213417556,0.1250000000,0,0,0.00000000
2024-08-06T10:15:00-04:00,2241.89165021,1300.00000000,229.98123137,2011.91041884,1661.47425913,0.00000000,350.43615971,0.1215895550,0.1250000000,0,0,0.00000000
2024-08-06T10:30:00-04:00,2241.89504065,1300.00000000,229.98462181,2011.91041884,1661.47425913,0.00000000,350.43615971,0.1215911295,0.1250000000,0,0,0.00000000
2024-08-06T10:45:00-04:00,2242.54487434,1300.00000000,230.63445551,2011.91041884,1661.47425913,0.00000000,350.43615971,0.1218928139,0.1250000000,0,0,0.00000000
2024-08-06T11:00:00-04:00,2242.23408432,1300.00000000,230.32366548,2011.91041884,1661.47425913,0.00000000,350.43615971,0.1217485560,0.1250000000,0,0,0.00000000
2024-08-06T11:15:00-04:00,2241.64075790,1300.00000000,229.73033906,2011.91041884,1661.47425913,0.00000000,350.43615971,0.1214730227,0.1250000000,0,0,0.00000000
2024-08-06T11:30:00-04:00,2241.83853337,1300.00000000,229.92811453,2011.91041884,1661.47425913,0.00000000,350.43615971,0.1215648863,0.1250000000,0,0,0.00000000
2024-08-06T11:45:00-04:00,2242.99071677,1300.00000000,231.08029793,2011.91041884,1661.47425913,0.00000000,350.43615971,0.1220996758,0.1250000000,0,0,0.00000000
2024-08-06T12:00:00-04:00,2242.96867893,1300.00000000,231.05826009,2011.91041884,1661.47425913,0.00000000,350.43615971,0.1220894530,0.1250000000,0,0,0.00000000
2024-08-06T12:15:00-04:00,2242.74264982,1300.00000000,230.83223098,2011.91041884,1661.47425913,0.00000000,350.43615971,0.1219845898,0.1250000000,0,0,0.00000000
2024-08-06T12:30:00-04:00,2243.08169349,1300.00000000,231.17127465,2011.91041884,1661.47425913,0.00000000,350.43615971,0.1221418752,0.1250000000,0,0,0.00000000
2024-08-06T12:45:00-04:00,2243.67501991,1300.00000000,231.76460107,2011.91041884,1661.47425913,0.00000000,350.43615971,0.1224169892,0.1250000000,0,0,0.00000000
2024-08-06T13:00:00-04:00,2243.59025899,1300.00000000,231.67984015,2011.91041884,1661.47425913,0.00000000,350.43615971,0.1223776977,0.1250000000,0,0,0.00000000
2024-08-06T13:15:00-04:00,2243.13820076,1300.00000000,231.22778193,2011.91041884,1661.47425913,0.00000000,350.43615971,0.1221680840,0.1250000000,0,0,0.00000000
2024-08-06T13:30:00-04:00,2243.59025899,1300.00000000,231.67984015,2011.91041884,1661.47425913,0.00000000,350.43615971,0.1223776977,0.1250000000,0,0,0.00000000
2024-08-06T13:45:00-04:00,2243.19470804,1300.00000000,231.28428921,2011.91041884,1661.47425913,0.00000000,350.43615971,0.1221942912,0.1250000000,0,0,0.00000000
2024-08-06T14:00:00-04:00,2243.75921575,1300.00000000,231.84879691,2011.91041884,1661.47425913,0.00000000,350.43615971,0.1224560152,0.1250000000,0,0,0.00000000
2024-08-06T14:15:00-04:00,2244.09882449,1300.00000000,232.18840565,2011.91041884,1661.47425913,0.00000000,350.43615971,0.1226133936,0.1250000000,0,0,0.00000000
2024-08-06T14:30:00-04:00,2243.59025899,1300.00000000,231.67984015,2011.91041884,1661.47425913,0.00000000,350.43615971,0.1223776977,0.1250000000,0,0,0.00000000
2024-08-06T14:45:00-04:00,2243.73774299,1300.00000000,231.82732415,2011.91041884,1661.47425913,0.00000000,350.43615971,0.1224460626,0.1250000000,0,0,0.00000000
2024-08-06T15:00:00-04:00,2242.65788890,1300.00000000,230.74747006,2011.91041884,1661.47425913,0.00000000,350.43615971,0.1219452596,0.1250000000,0,0,0.00000000
2024-08-06T15:15:00-04:00,2243.56200535,1300.00000000,231.65158651,2011.91041884,1661.47425913,0.00000000,350.43615971,0.1223645998,0.1250000000,0,0,0.00000000
2024-08-06T15:30:00-04:00,2243.25121532,1300.00000000,231.34079648,2011.91041884,1661.47425913,0.00000000,350.43615971,0.1222204968,0.1250000000,0,0,0.00000000
2024-08-06T15:45:00-04:00,2241.61250426,1300.00000000,229.70208542,2011.91041884,1661.47425913,0.00000000,350.43615971,0.1214598977,0.1250000000,0,0,0.00000000
2024-08-07T09:30:00-04:00,2246.58005907,1300.00000000,234.66964024,2011.91041884,1661.47425913,0.00000000,350.43615971,0.1237615143,0.1250000000,0,1,0.00000000
2024-08-07T09:45:00-04:00,2251.54636834,1300.00000000,234.27578451,2017.27058384,781.03442413,885.80000000,350.43615971,0.1232310381,0.1250000000,1,1,43.04426504
2024-08-07T10:00:00-04:00,2251.01318010,1300.00000000,234.56114626,2016.45203384,49.08587413,1616.93000000,350.43615971,0.1234157541,0.1250000000,2,0,56.66581818
2024-08-07T10:15:00-04:00,2259.41569233,1300.00000000,233.37505849,2026.04063384,49.08587413,1626.51860000,350.43615971,0.1222512104,0.1250000000,2,1,56.66581818
2024-08-07T10:30:00-04:00,2285.61087445,1300.00000000,234.10965311,2051.50122134,21.31506163,1679.75000000,350.43615971,0.1209759777,0.1250000000,3,1,57.67503292
2024-08-07T10:45:00-04:00,2280.12381812,1300.00000000,234.44869678,2045.67512134,21.31506163,1673.92390000,350.43615971,0.1214956709,0.1250000000,3,0,57.67503292
2024-08-07T11:00:00-04:00,2296.94238173,1300.00000000,234.16616039,2062.77622134,21.31506163,1691.02500000,350.43615971,0.1203007510,0.1250000000,3,0,14.63076787
2024-08-07T11:15:00-04:00,2295.16625843,1300.00000000,233.71353709,2061.45272134,21.31506163,1689.70150000,350.43615971,0.1201778783,0.1250000000,3,0,14.63076787
2024-08-07T11:30:00-04:00,2280.46150894,1300.00000000,233.60108761,2046.86042134,21.31506163,1675.10920000,350.43615971,0.1210352432,0.1250000000,3,0,14.63076787
2024-08-07T11:45:00-04:00,2301.80640705,1300.00000000,232.80998571,2068.99642134,21.31506163,1697.24520000,350.43615971,0.1193059011,0.1250000000,3,0,14.63076787
2024-08-07T12:00:00-04:00,2280.83016381,1300.00000000,232.97894247,2047.85122134,21.31506163,1676.10000000,350.43615971,0.1206898395,0.1250000000,3,0,14.63076787
2024-08-07T12:15:00-04:00,2276.27637255,1300.00000000,233.31855122,2042.95782134,21.31506163,1671.20660000,350.43615971,0.1211515627,0.1250000000,3,0,14.63076787
2024-08-07T12:30:00-04:00,2252.91664073,1300.00000000,232.64441939,2020.27222134,21.31506163,1648.52100000,350.43615971,0.1222847865,0.1250000000,3,0,14.63076787
2024-08-07T12:45:00-04:00,2249.74863963,1300.00000000,232.35792749,2017.39071214,908.68467979,754.20000000,354.50603235,0.1226006246,0.1250000000,2,0,14.63076787
2024-08-07T13:00:00-04:00,2243.56191401,1300.00000000,230.60620187,2012.95571214,908.68467979,749.76500000,354.50603235,0.1220748439,0.1250000000,2,0,14.63076787
2024-08-07T13:15:00-04:00,2244.14143584,1300.00000000,230.77572370,2013.36571214,908.68467979,750.17500000,354.50603235,0.1221271168,0.1250000000,2,0,14.63076787
2024-08-07T13:30:00-04:00,2243.79040673,1300.00000000,230.54969459,2013.24071214,908.68467979,750.05000000,354.50603235,0.1220301706,0.1250000000,2,0,14.63076787
2024-08-07T13:45:00-04:00,2237.70528825,1300.00000000,229.61732450,2008.08796375,1631.71224180,27.10900000,349.26672195,0.1215911010,0.1250000000,1,0,1.00921473
2024-08-07T14:00:00-04:00,2236.63344000,1300.00000000,228.85447625,2007.77896375,1631.71224180,26.80000000,349.26672195,0.1212559669,0.1250000000,1,0,1.00921473
2024-08-07T14:15:00-04:00,2236.91401023,1300.00000000,229.19351992,2007.72049032,1658.83460416,0.00000000,348.88588615,0.1213930645,0.1250000000,0,0,0.00000000
2024-08-07T14:30:00-04:00,2236.63147384,1300.00000000,228.91098353,2007.72049032,1658.83460416,0.00000000,348.88588615,0.1212615646,0.1250000000,0,0,0.00000000
2024-08-07T14:45:00-04:00,2236.29243017,1300.00000000,228.57193986,2007.72049032,1658.83460416,0.00000000,348.88588615,0.1211037127,0.1250000000,0,0,0.00000000
2024-08-07T15:00:00-04:00,2237.36041773,1300.00000000,229.63992741,2007.72049032,1658.83460416,0.00000000,348.88588615,0.1216007542,0.1250000000,0,1,0.00000000
2024-08-07T15:15:00-04:00,2273.50629927,1300.00000000,229.34439435,2044.16190492,976.47601876,718.80000000,348.88588615,0.1191634427,0.1250000000,1,0,65.73652462
2024-08-07T15:30:00-04:00,2272.76873211,1300.00000000,229.25002719,2043.51870492,976.47601876,718.15680000,348.88588615,0.1191600765,0.1250000000,1,0,65.73652462
2024-08-07T15:45:00-04:00,2278.11226472,1300.00000000,227.95035980,2050.16190492,976.47601876,724.80000000,348.88588615,0.1181563565,0.1250000000,1,0,65.73652462
2024-08-08T09:30:00-04:00,2208.63232784,1300.00000000,236.96148876,1971.67083908,966.62495293,656.16000000,348.88588615,0.1274160194,0.1250000000,1,0,65.73652462
2024-08-08T09:45:00-04:00,2168.91191389,1300.00000000,237.24148057,1931.67043332,1607.27817390,0.00000000,324.39225942,0.1286196544,0.1250000000,0,1,0.00000000
2024-08-08T10:00:00-04:00,2163.77051191,1300.00000000,238.14099109,1925.62952082,752.08726140,849.15000000,324.39225942,0.1294681998,0.1250000000,1,0,26.35543315
2024-08-08T10:15:00-04:00,2178.29356356,1300.00000000,239.61404274,1938.67952082,752.08726140,862.20000000,324.39225942,0.1292485432,0.1250000000,1,1,26.35543315
2024-08-08T10:30:00-04:00,2178.89118440,1300.00000000,239.80561608,1939.08556832,26.27330890,1588.42000000,324.39225942,0.1293101942,0.1250000000,2,0,52.31624787
2024-08-08T10:45:00-04:00,2181.94372185,1300.00000000,240.14455353,1941.79916832,26.27330890,1591.13360000,324.39225942,0.1292801618,0.1250000000,2,0,52.31624787
2024-08-08T11:00:00-04:00,2182.78435566,1300.00000000,239.34878734,1943.43556832,26.27330890,1592.77000000,324.39225942,0.1287934811,0.1250000000,2,1,52.31624787
2024-08-08T11:15:00-04:00,2187.31702863,1300.00000000,239.84982531,1947.46720332,5.63784390,1617.43710000,324.39225942,0.1287490667,0.1250000000,3,0,53.40882081
2024-08-08T11:30:00-04:00,2186.50302942,1300.00000000,239.64292610,1946.86010332,5.63784390,1616.83000000,324.39225942,0.1286942377,0.1250000000,3,0,53.40882081
2024-08-08T11:45:00-04:00,2187.96620250,1300.00000000,240.20349918,1947.76270332,5.63784390,1617.73260000,324.39225942,0.1288939997,0.1250000000,3,0,53.40882081
2024-08-08T12:00:00-04:00,2188.00727636,1300.00000000,240.55717304,1947.45010332,5.63784390,1617.42000000,324.39225942,0.1290809372,0.1250000000,3,0,53.40882081
2024-08-08T12:15:00-04:00,2187.01203320,1300.00000000,240.59312988,1946.41890332,5.63784390,1616.38880000,324.39225942,0.1291692128,0.1250000000,3,0,53.40882081
2024-08-08T12:30:00-04:00,2179.39002863,1300.00000000,239.84982531,1939.54020332,5.63784390,1609.51010000,324.39225942,0.1292992527,0.1250000000,3,0,53.40882081
2024-08-08T12:45:00-04:00,2182.30984997,1300.00000000,240.37974665,1941.93010332,5.63784390,1611.90000000,324.39225942,0.1293812750,0.1250000000,3,0,53.40882081
2024-08-08T13:00:00-04:00,2185.85677813,1300.00000000,240.31667481,1945.54010332,5.63784390,1615.51000000,324.39225942,0.1291008625,0.1250000000,3,0,53.40882081
2024-08-08T13:15:00-04:00,2202.36433280,1300.00000000,241.14662948,1961.21770332,5.63784390,1631.18760000,324.39225942,0.1284079955,0.1250000000,3,0,27.44800608
2024-08-08T13:30:00-04:00,2200.22446555,1300.00000000,240.92676223,1959.29770332,5.63784390,1629.26760000,324.39225942,0.1284372672,0.1250000000,3,0,27.44800608
2024-08-08T13:45:00-04:00,2195.44087156,1300.00000000,241.44076824,1954.00010332,5.63784390,1623.97000000,324.39225942,0.1290403502,0.1250000000,3,0,27.44800608
2024-08-08T14:00:00-04:00,2204.52571996,1300.00000000,241.22561664,1963.30010332,5.63784390,1633.27000000,324.39225942,0.1283023901,0.1250000000,3,0,27.44800608
2024-08-08T14:15:00-04:00,2196.23530850,1300.00000000,241.61760517,1954.61770332,5.63784390,1624.58760000,324.39225942,0.1290800558,0.1250000000,3,0,26.35543315
2024-08-08T14:30:00-04:00,2194.80484151,1300.00000000,241.02873819,1953.77610332,5.63784390,1623.74600000,324.39225942,0.1288639418,0.1250000000,3,0,26.35543315
2024-08-08T14:45:00-04:00,2197.14570562,1300.00000000,241.17610230,1955.96960332,5.63784390,1625.93950000,324.39225942,0.1287815557,0.1250000000,3,0,26.35543315
2024-08-08T15:00:00-04:00,2198.96576495,1300.00000000,241.30696163,1957.65880332,5.63784390,1627.62870000,324.39225942,0.1287263268,0.1250000000,3,1,26.35543315
2024-08-08T15:15:00-04:00,2191.10778716,1300.00000000,241.08768383,1950.02010332,5.63784390,1619.99000000,324.39225942,0.1291507357,0.1250000000,3,1,26.35543315
2024-08-08T15:30:00-04:00,2198.95111538,1300.00000000,241.38241205,1957.56870332,5.63784390,1627.53860000,324.39225942,0.1287675825,0.1250000000,3,0,26.35543315
2024-08-08T15:45:00-04:00,2213.19724360,1300.00000000,241.67714027,1971.52010332,5.63784390,1641.49000000,324.39225942,0.1279524050,0.1250000000,3,0,26.35543315
2024-08-09T09:30:00-04:00,2225.38075103,1300.00000000,241.26452077,1984.11623027,30.55072822,1628.36760000,325.19790205,0.1269691077,0.1250000000,2,0,26.35543315
2024-08-09T09:45:00-04:00,2218.97467029,1300.00000000,241.14604002,1977.82863027,30.55072822,1622.08000000,325.19790205,0.1273360430,0.1250000000,2,0,26.35543315
2024-08-09T10:00:00-04:00,2237.05120956,1300.00000000,242.50237929,1994.54883027,30.55072822,1638.80020000,325.19790205,0.1268415199,0.1250000000,2,0,26.35543315
2024-08-09T10:15:00-04:00,2228.93328030,1300.00000000,241.88345003,1987.04983027,30.55072822,1631.30120000,325.19790205,0.1270572858,0.1250000000,2,0,26.35543315
2024-08-09T10:30:00-04:00,2226.06051514,1300.00000000,241.41188488,1984.64863027,30.55072822,1628.90000000,325.19790205,0.1270012273,0.1250000000,2,0,26.35543315
2024-08-09T10:45:00-04:00,2235.48128134,1300.00000000,242.20765107,1993.27363027,30.55072822,1637.52500000,325.19790205,0.1267914770,0.1250000000,2,0,26.35543315
2024-08-09T11:00:00-04:00,2252.68907239,1300.00000000,242.73816187,2009.95091053,788.70782721,877.05000000,344.19308332,0.1271881960,0.1250000000,1,0,26.35543315
2024-08-09T11:15:00-04:00,2254.51799892,1300.00000000,242.73108839,2011.78691053,788.70782721,878.88600000,344.19308332,0.1270627245,0.1250000000,1,0,26.35543315
2024-08-09T11:30:00-04:00,2250.78699645,1300.00000000,241.73608592,2009.05091053,788.70782721,876.15000000,344.19308332,0.1267894984,0.1250000000,1,0,26.35543315
2024-08-09T11:45:00-04:00,2251.62805080,1300.00000000,241.67714027,2009.95091053,788.70782721,877.05000000,344.19308332,0.1267026894,0.1250000000,1,0,26.35543315
2024-08-09T12:00:00-04:00,2249.79857798,1300.00000000,241.64766745,2008.15091053,788.70782721,875.25000000,344.19308332,0.1268088637,0.1250000000,1,0,26.35543315
2024-08-09T12:15:00-04:00,2249.54410516,1300.00000000,241.61819463,2007.92591053,788.70782721,875.02500000,344.19308332,0.1268103315,0.1250000000,1,0,26.35543315
2024-08-09T12:30:00-04:00,2255.48539853,1300.00000000,242.38448800,2013.10091053,788.70782721,880.20000000,344.19308332,0.1268170683,0.1250000000,1,0,26.35543315
2024-08-09T12:45:00-04:00,2258.74250724,1300.00000000,242.26659671,2016.47591053,788.70782721,883.57500000,344.19308332,0.1265397454,0.1250000000,1,0,26.35543315
2024-08-09T13:00:00-04:00,2267.68643650,1300.00000000,242.88552598,2024.80091053,788.70782721,891.90000000,344.19308332,0.1262731299,0.1250000000,1,0,0.00000000
2024-08-09T13:15:00-04:00,2270.38931141,1300.00000000,243.56340088,2026.82591053,788.70782721,893.92500000,344.19308332,0.1264478651,0.1250000000,1,0,0.00000000
2024-08-09T13:30:00-04:00,2265.43614834,1300.00000000,243.74023781,2021.69591053,788.70782721,888.79500000,344.19308332,0.1268659038,0.1250000000,1,0,0.00000000
2024-08-09T13:45:00-04:00,2262.64011037,1300.00000000,243.23919984,2019.40091053,788.70782721,886.50000000,344.19308332,0.1267896358,0.1250000000,1,0,0.00000000
2024-08-09T14:00:00-04:00,2267.73747448,1300.00000000,243.38656395,2024.35091053,788.70782721,891.45000000,344.19308332,0.1265302558,0.1250000000,1,0,0.00000000
2024-08-09T14:15:00-04:00,2265.92669190,1300.00000000,243.15078137,2022.77591053,788.70782721,889.87500000,344.19308332,0.1265267883,0.1250000000,1,0,0.00000000
2024-08-09T14:30:00-04:00,2267.56063755,1300.00000000,243.20972702,2024.35091053,788.70782721,891.45000000,344.19308332,0.1264499479,0.1250000000,1,0,0.00000000
2024-08-09T14:45:00-04:00,2268.28380061,1300.00000000,243.03289009,2025.25091053,788.70782721,892.35000000,344.19308332,0.1263105154,0.1250000000,1,0,0.00000000
2024-08-09T15:00:00-04:00,2271.92405601,1300.00000000,243.29814548,2028.62591053,788.70782721,895.72500000,344.19308332,0.1262095951,0.1250000000,1,0,0.00000000
2024-08-09T15:15:00-04:00,2278.08747448,1300.00000000,243.38656395,2034.70091053,788.70782721,901.80000000,344.19308332,0.1258530792,0.1250000000,1,0,0.00000000
2024-08-09T15:30:00-04:00,2268.74458319,1300.00000000,243.26867266,2025.47591053,788.70782721,892.57500000,344.19308332,0.1264027867,0.1250000000,1,0,0.00000000
2024-08-09T15:45:00-04:00,2263.10095605,1300.00000000,243.44550959,2019.65544646,1663.78382247,0.00000000,355.87162399,0.1276435432,0.1250000000,0,0,0.00000000
2024-08-12T09:30:00-04:00,2262.98306477,1300.00000000,243.32761831,2019.65544646,1663.78382247,0.00000000,355.87162399,0.1275896170,0.1250000000,0,0,0.00000000
2024-08-12T09:45:00-04:00,2262.62939090,1300.00000000,242.97394444,2019.65544646,1663.78382247,0.00000000,355.87162399,0.1274277985,0.1250000000,0,0,0.00000000
2024-08-12T10:00:00-04:00,2263.92619507,1300.00000000,244.27074861,2019.65544646,1663.78382247,0.00000000,355.87162399,0.1280208398,0.1250000000,0,0,0.00000000
2024-08-12T10:15:00-04:00,2264.33881458,1300.00000000,244.68336812,2019.65544646,1663.78382247,0.00000000,355.87162399,0.1282093658,0.1250000000,0,0,0.00000000
2024-08-12T10:30:00-04:00,2264.57459715,1300.00000000,244.91915069,2019.65544646,1663.78382247,0.00000000,355.87162399,0.1283170583,0.1250000000,0,0,0.00000000
2024-08-12T10:45:00-04:00,2264.57459715,1300.00000000,244.91915069,2019.65544646,1663.78382247,0.00000000,355.87162399,0.1283170583,0.1250000000,0,0,0.00000000
2024-08-12T11:00:00-04:00,2265.04616231,1300.00000000,245.39071584,2019.65544646,1663.78382247,0.00000000,355.87162399,0.1285323636,0.1250000000,0,0,0.00000000
2024-08-12T11:15:00-04:00,2263.21884734,1300.00000000,243.56340088,2019.65544646,1663.78382247,0.00000000,355.87162399,0.1276974627,0.1250000000,0,0,0.00000000
2024-08-12T11:30:00-04:00,2263.74935814,1300.00000000,244.09391168,2019.65544646,1663.78382247,0.00000000,355.87162399,0.1279400180,0.1250000000,0,0,0.00000000
2024-08-12T11:45:00-04:00,2264.22151275,1300.00000000,244.56606629,2019.65544646,1663.78382247,0.00000000,355.87162399,0.1281557788,0.1250000000,0,0,0.00000000
2024-08-12T12:00:00-04:00,2264.27986893,1300.00000000,244.62442247,2019.65544646,1663.78382247,0.00000000,355.87162399,0.1281824385,0.1250000000,0,0,0.00000000
2024-08-12T12:15:00-04:00,2264.50680966,1300.00000000,244.85136320,2019.65544646,1663.78382247,0.00000000,355.87162399,0.1282860994,0.1250000000,0,0,0.00000000
2024-08-12T12:30:00-04:00,2264.51565151,1300.00000000,244.86020505,2019.65544646,1663.78382247,0.00000000,355.87162399,0.1282901377,0.1250000000,0,0,0.00000000
2024-08-12T12:45:00-04:00,2263.69041249,1300.00000000,244.03496603,2019.65544646,1663.78382247,0.00000000,355.87162399,0.1279130741,0.1250000000,0,0,0.00000000
2024-08-12T13:00:00-04:00,2263.86724943,1300.00000000,244.21180297,2019.65544646,1663.78382247,0.00000000,355.87162399,0.1279939009,0.1250000000,0,0,0.00000000
2024-08-12T13:15:00-04:00,2263.93208963,1300.00000000,244.27664317,2019.65544646,1663.78382247,0.00000000,355.87162399,0.1280235336,0.1250000000,0,0,0.00000000
2024-08-12T13:30:00-04:00,2263.74935814,1300.00000000,244.09391168,2019.65544646,1663.78382247,0.00000000,355.87162399,0.1279400180,0.1250000000,0,0,0.00000000
2024-08-12T13:45:00-04:00,2263.40747340,1300.00000000,243.75202694,2019.65544646,1663.78382247,0.00000000,355.87162399,0.1277837200,0.1250000000,0,0,0.00000000
2024-08-12T14:00:00-04:00,2263.69041249,1300.00000000,244.03496603,2019.65544646,1663.78382247,0.00000000,355.87162399,0.1279130741,0.1250000000,0,0,0.00000000
2024-08-12T14:15:00-04:00,2263.80476704,1300.00000000,244.14932058,2019.65544646,1663.78382247,0.00000000,355.87162399,0.1279653438,0.1250000000,0,0,0.00000000
2024-08-12T14:30:00-04:00,2263.69041249,1300.00000000,244.03496603,2019.65544646,1663.78382247,0.00000000,355.87162399,0.1279130741,0.1250000000,0,0,0.00000000
2024-08-12T14:45:00-04:00,2263.92619507,1300.00000000,244.27074861,2019.65544646,1663.78382247,0.00000000,355.87162399,0.1280208398,0.1250000000,0,0,0.00000000
2024-08-12T15:00:00-04:00,2263.51947013,1300.00000000,243.86402367,2019.65544646,1663.78382247,0.00000000,355.87162399,0.1278349273,0.1250000000,0,0,0.00000000
2024-08-12T15:15:00-04:00,2263.69041249,1300.00000000,244.03496603,2019.65544646,1663.78382247,0.00000000,355.87162399,0.1279130741,0.1250000000,0,0,0.00000000
2024-08-12T15:30:00-04:00,2263.51357556,1300.00000000,243.85812910,2019.65544646,1663.78382247,0.00000000,355.87162399,0.1278322323,0.1250000000,0,0,0.00000000
2024-08-12T15:45:00-04:00,2263.92619507,1300.00000000,244.27074861,2019.65544646,1663.78382247,0.00000000,355.87162399,0.1280208398,0.1250000000,0,0,0.00000000
2024-08-13T09:30:00-04:00,2266.87347727,1300.00000000,247.21803081,2019.65544646,1663.78382247,0.00000000,355.87162399,0.1293656677,0.1250000000,0,0,0.00000000
2024-08-13T09:45:00-04:00,2267.02084138,1300.00000000,247.36539492,2019.65544646,1663.78382247,0.00000000,355.87162399,0.1294328003,0.1250000000,0,0,0.00000000
2024-08-13T10:00:00-04:00,2267.22715113,1300.00000000,247.57170467,2019.65544646,1663.78382247,0.00000000,355.87162399,0.1295267684,0.1250000000,0,0,0.00000000
2024-08-13T10:15:00-04:00,2267.28609678,1300.00000000,247.63065032,2019.65544646,1663.78382247,0.00000000,355.87162399,0.1295536127,0.1250000000,0,0,0.00000000
2024-08-13T10:30:00-04:00,2267.28609678,1300.00000000,247.63065032,2019.65544646,1663.78382247,0.00000000,355.87162399,0.1295536127,0.1250000000,0,0,0.00000000
2024-08-13T10:45:00-04:00,2267.69812683,1300.00000000,248.04268037,2019.65544646,1663.78382247,0.00000000,355.87162399,0.1297412082,0.1250000000,0,0,0.00000000
2024-08-13T11:00:00-04:00,2267.87555322,1300.00000000,248.22010676,2019.65544646,1663.78382247,0.00000000,355.87162399,0.1298219648,0.1250000000,0,0,0.00000000
2024-08-13T11:15:00-04:00,2268.05239015,1300.00000000,248.39694369,2019.65544646,1663.78382247,0.00000000,355.87162399,0.1299024381,0.1250000000,0,0,0.00000000
2024-08-13T11:30:00-04:00,2268.10662014,1300.00000000,248.45117368,2019.65544646,1663.78382247,0.00000000,355.87162399,0.1299271137,0.1250000000,0,0,0.00000000
2024-08-13T11:45:00-04:00,2268.11074634,1300.00000000,248.45529987,2019.65544646,1663.78382247,0.00000000,355.87162399,0.1299289911,0.1250000000,0,0,0.00000000
2024-08-13T12:00:00-04:00,2268.22922708,1300.00000000,248.57378062,2019.65544646,1663.78382247,0.00000000,355.87162399,0.1299828966,0.1250000000,0,0,0.00000000
2024-08-13T12:15:00-04:00,2268.34711837,1300.00000000,248.69167191,2019.65544646,1663.78382247,0.00000000,355.87162399,0.1300365273,0.1250000000,0,0,0.00000000
2024-08-13T12:30:00-04:00,2268.52395530,1300.00000000,248.86850884,2019.65544646,1663.78382247,0.00000000,355.87162399,0.1301169610,0.1250000000,0,0,0.00000000
2024-08-13T12:45:00-04:00,2268.70079223,1300.00000000,249.04534577,2019.65544646,1663.78382247,0.00000000,355.87162399,0.1301973798,0.1250000000,0,0,0.00000000
2024-08-13T13:00:00-04:00,2268.65186735,1300.00000000,248.99642089,2019.65544646,1663.78382247,0.00000000,355.87162399,0.1301751321,0.1250000000,0,0,0.00000000
2024-08-13T13:15:00-04:00,2268.75973788,1300.00000000,249.10429141,2019.65544646,1663.78382247,0.00000000,355.87162399,0.1302241828,0.1250000000,0,0,0.00000000
2024-08-13T13:30:00-04:00,2268.46500966,1300.00000000,248.80956319,2019.65544646,1663.78382247,0.00000000,355.87162399,0.1300901514,0.1250000000,0,0,0.00000000
2024-08-13T13:45:00-04:00,2268.55342812,1300.00000000,248.89798166,2019.65544646,1663.78382247,0.00000000,355.87162399,0.1301303652,0.1250000000,0,0,0.00000000
2024-08-13T14:00:00-04:00,2268.75973788,1300.00000000,249.10429141,2019.65544646,1663.78382247,0.00000000,355.87162399,0.1302241828,0.1250000000,0,0,0.00000000
2024-08-13T14:15:00-04:00,2268.86584003,1300.00000000,249.21039357,2019.65544646,1663.78382247,0.00000000,355.87162399,0.1302724240,0.1250000000,0,0,0.00000000
2024-08-13T14:30:00-04:00,2268.70079223,1300.00000000,249.04534577,2019.65544646,1663.78382247,0.00000000,355.87162399,0.1301973798,0.1250000000,0,0,0.00000000
2024-08-13T14:45:00-04:00,2268.93657481,1300.00000000,249.28112835,2019.65544646,1663.78382247,0.00000000,355.87162399,0.1303045818,0.1250000000,0,0,0.00000000
2024-08-13T15:00:00-04:00,2268.93598535,1300.00000000,249.28053889,2019.65544646,1663.78382247,0.00000000,355.87162399,0.1303043138,0.1250000000,0,0,0.00000000
2024-08-13T15:15:00-04:00,2268.93185916,1300.00000000,249.27641269,2019.65544646,1663.78382247,0.00000000,355.87162399,0.1303024380,0.1250000000,0,0,0.00000000
2024-08-13T15:30:00-04:00,2268.95484796,1300.00000000,249.29940150,2019.65544646,1663.78382247,0.00000000,355.87162399,0.1303128888,0.1250000000,0,0,0.00000000
2024-08-13T15:45:00-04:00,2269.05446610,1300.00000000,249.39901963,2019.65544646,1663.78382247,0.00000000,355.87162399,0.1303581729,0.1250000000,0,0,0.00000000
2024-08-14T09:30:00-04:00,2268.75973788,1300.00000000,249.10429141,2019.65544646,1663.78382247,0.00000000,355.87162399,0.1302241828,0.1250000000,0,6,0.00000000
2024-08-14T09:45:00-04:00,2260.78136825,1300.00000000,248.57378062,2012.20758764,1.39286365,1654.94310000,355.87162399,0.1304911067,0.1250000000,3,0,63.68186483
2024-08-14T10:00:00-04:00,2298.16037697,1300.00000000,248.45588933,2049.70448764,1.39286365,1692.44000000,355.87162399,0.1279191309,0.1250000000,3,0,63.68186483
2024-08-14T10:15:00-04:00,2322.92221390,1300.00000000,248.63272626,2074.28948764,1.39286365,1717.02500000,355.87162399,0.1263987452,0.1250000000,3,0,63.68186483
2024-08-14T10:30:00-04:00,2306.06432261,1300.00000000,248.51483497,2057.54948764,1.39286365,1700.28500000,355.87162399,0.1274309124,0.1250000000,3,0,63.68186483
2024-08-14T10:45:00-04:00,2306.78990727,1300.00000000,249.39901963,2057.39088764,1.39286365,1700.12640000,355.87162399,0.1278367330,0.1250000000,3,0,63.68186483
2024-08-14T11:00:00-04:00,2340.43698113,1300.00000000,249.75269350,2090.68428764,1.39286365,1733.41980000,355.87162399,0.1258475528,0.1250000000,3,0,12.37896987
2024-08-14T11:15:00-04:00,2378.13901807,1300.00000000,249.92953043,2128.20948764,1.39286365,1770.94500000,355.87162399,0.1235887653,0.1250000000,3,2,12.37896987
2024-08-14T11:30:00-04:00,2382.66365576,1300.00000000,250.13584018,2132.52781558,968.69614290,770.27500000,393.55667268,0.1257528340,0.1250000000,2,1,12.37896987
2024-08-14T11:45:00-04:00,2382.83203686,1300.00000000,250.87207128,2131.95996558,24.58859290,1713.81470000,393.55667268,0.1261122898,0.1250000000,3,1,33.94945014
2024-08-14T12:00:00-04:00,2378.81995428,1300.00000000,250.63628870,2128.18366558,24.58859290,1710.03840000,393.55667268,0.1262483878,0.1250000000,3,0,33.94945014
2024-08-14T12:15:00-04:00,2362.00463086,1300.00000000,249.45796528,2112.54666558,24.58859290,1694.40140000,393.55667268,0.1267282502,0.1250000000,3,0,33.94945014
2024-08-14T12:30:00-04:00,2353.48872393,1300.00000000,249.10429141,2104.38443251,954.67084157,764.39400000,385.31959094,0.1265665065,0.1250000000,2,0,12.37896987
2024-08-14T12:45:00-04:00,2354.01144887,1300.00000000,249.51101636,2104.50043251,954.67084157,764.51000000,385.31959094,0.1267394973,0.1250000000,2,0,12.37896987
2024-08-14T13:00:00-04:00,2353.44234343,1300.00000000,249.51691092,2103.92543251,954.67084157,763.93500000,385.31959094,0.1267791405,0.1250000000,2,0,12.37896987
2024-08-14T13:15:00-04:00,2356.30346635,1300.00000000,249.63303384,2106.67043251,954.67084157,766.68000000,385.31959094,0.1266540214,0.1250000000,2,0,12.37896987
2024-08-14T13:30:00-04:00,2349.24234343,1300.00000000,249.51691092,2099.72543251,954.67084157,759.73500000,385.31959094,0.1270502674,0.1250000000,2,0,12.37896987
2024-08-14T13:45:00-04:00,2349.90234343,1300.00000000,249.51691092,2100.38543251,954.67084157,760.39500000,385.31959094,0.1270075850,0.1250000000,2,0,12.37896987
2024-08-14T14:00:00-04:00,2348.33128908,1300.00000000,249.57585657,2098.75543251,954.67084157,758.76500000,385.31959094,0.1271392610,0.1250000000,2,0,12.37896987
2024-08-14T14:15:00-04:00,2348.35504160,1300.00000000,249.39960909,2098.95543251,954.67084157,758.96500000,385.31959094,0.1270479395,0.1250000000,2,0,12.37896987
2024-08-14T14:30:00-04:00,2348.36018036,1300.00000000,249.69374785,2098.66643251,954.67084157,758.67600000,385.31959094,0.1271974452,0.1250000000,2,0,12.37896987
2024-08-14T14:45:00-04:00,2349.91890858,1300.00000000,249.98847607,2099.93043251,954.67084157,759.94000000,385.31959094,0.1272465453,0.1250000000,2,0,12.37896987
2024-08-14T15:00:00-04:00,2348.00761521,1300.00000000,249.22218270,2098.78543251,954.67084157,758.79500000,385.31959094,0.1269800292,0.1250000000,2,2,12.37896987
2024-08-14T15:15:00-04:00,2343.18186803,1300.00000000,249.34007399,2093.84179404,17.51720309,1691.00500000,385.31959094,0.1273532244,0.1250000000,3,0,64.37691169
2024-08-14T15:30:00-04:00,2341.13159625,1300.00000000,249.63480221,2091.49679404,17.51720309,1688.66000000,385.31959094,0.1276374220,0.1250000000,3,3,64.37691169
2024-08-14T15:45:00-04:00,2337.33362760,1300.00000000,250.04742172,2087.28620589,2.32161494,1699.64500000,385.31959094,0.1280971433,0.1250000000,4,2,64.61893041
2024-08-15T09:30:00-04:00,2382.12308404,1300.00000000,250.63687816,2131.48620589,2.32161494,1743.84500000,385.31959094,0.1255190503,0.1250000000,4,2,52.23996054
2024-08-15T09:45:00-04:00,2362.08373727,1300.00000000,251.69613138,2110.38760589,2.32161494,1722.74640000,385.31959094,0.1273273455,0.1250000000,4,0,52.23996054
2024-08-15T10:00:00-04:00,2355.03414257,1300.00000000,251.87473668,2103.15940589,2.32161494,1715.51820000,385.31959094,0.1278737249,0.1250000000,4,2,52.23996054
2024-08-15T10:15:00-04:00,2367.28092917,1300.00000000,252.08988828,2115.19104089,0.50024994,1729.37120000,385.31959094,0.1271921321,0.1250000000,5,0,52.30512612
2024-08-15T10:30:00-04:00,2391.77103564,1300.00000000,252.40819476,2139.36284089,0.50024994,1753.54300000,385.31959094,0.1257983070,0.1250000000,5,0,52.30512612
2024-08-15T10:45:00-04:00,2385.07410579,1300.00000000,252.16946490,2132.90464089,0.50024994,1747.08480000,385.31959094,0.1261002103,0.1250000000,5,1,52.30512612
2024-08-15T11:00:00-04:00,2374.60082417,1300.00000000,252.52313876,2122.07768541,774.98142011,952.83380000,394.26246530,0.1275151479,0.1250000000,3,3,52.30512612
2024-08-15T11:15:00-04:00,2349.72362001,1300.00000000,252.75538460,2096.96823541,0.60107011,1702.10470000,394.26246530,0.1292561522,0.1250000000,4,0,65.59564599
2024-08-15T11:30:00-04:00,2351.20188687,1300.00000000,252.62865147,2098.57323541,0.60107011,1703.70970000,394.26246530,0.1290937515,0.1250000000,4,1,65.53048042
2024-08-15T11:45:00-04:00,2344.82720031,1300.00000000,252.16946490,2092.65773541,0.60107011,1697.79420000,394.26246530,0.1292802338,0.1250000000,4,1,65.53048042
2024-08-15T12:00:00-04:00,2351.15777313,1300.00000000,252.19893772,2098.95883541,0.60107011,1704.09530000,394.26246530,0.1288770721,0.1250000000,4,0,65.53048042
2024-08-15T12:15:00-04:00,2351.66171877,1300.00000000,252.25788337,2099.40383541,0.60107011,1704.54030000,394.26246530,0.1288740061,0.1250000000,4,0,65.53048042
2024-08-15T12:30:00-04:00,2348.84400031,1300.00000000,252.16946490,2096.67453541,0.60107011,1701.81100000,394.26246530,0.1290145540,0.1250000000,4,0,65.53048042
2024-08-15T12:45:00-04:00,2356.62693620,1300.00000000,252.02210079,2104.60483541,0.60107011,1709.74130000,394.26246530,0.1284277740,0.1250000000,4,0,65.53048042
2024-08-15T13:00:00-04:00,2351.47500574,1300.00000000,252.16357034,2099.31143541,0.60107011,1704.44790000,394.26246530,0.1288381129,0.1250000000,4,1,65.53048042
2024-08-15T13:15:00-04:00,2369.38300031,1300.00000000,252.16946490,2117.21353541,0.60107011,1722.35000000,394.26246530,0.1276729498,0.1250000000,4,1,65.53048042
2024-08-15T13:30:00-04:00,2356.38737313,1300.00000000,252.19893772,2104.18843541,0.60107011,1709.32490000,394.26246530,0.1285335794,0.1250000000,4,0,65.53048042
2024-08-15T13:45:00-04:00,2344.64440031,1300.00000000,252.16946490,2092.47493541,0.60107011,1697.61140000,394.26246530,0.1292923506,0.1250000000,4,0,65.53048042
2024-08-15T14:00:00-04:00,2343.85298976,1300.00000000,252.17005436,2091.68293541,0.60107011,1696.81940000,394.26246530,0.1293451374,0.1250000000,4,0,65.53048042
2024-08-15T14:15:00-04:00,2350.14836128,1300.00000000,252.24432587,2097.90403541,0.60107011,1703.04050000,394.26246530,0.1289667901,0.1250000000,4,0,65.53048042
2024-08-15T14:30:00-04:00,2347.46200214,1300.00000000,252.28676673,2095.17523541,0.60107011,1700.31170000,394.26246530,0.1291658952,0.1250000000,4,0,65.53048042
2024-08-15T14:45:00-04:00,2334.28299160,1300.00000000,252.28735619,2081.99563541,0.60107011,1687.13210000,394.26246530,0.1300436530,0.1250000000,4,1,65.53048042
2024-08-15T15:00:00-04:00,2351.02428832,1300.00000000,252.39935291,2098.62493541,0.60107011,1703.76140000,394.26246530,0.1289882856,0.1250000000,4,0,65.53048042
2024-08-15T15:15:00-04:00,2359.06563724,1300.00000000,252.34630183,2106.71933541,0.60107011,1711.85580000,394.26246530,0.1284333746,0.1250000000,4,0,65.53048042
2024-08-15T15:30:00-04:00,2372.51661930,1300.00000000,252.41998389,2120.09663541,0.60107011,1725.23310000,394.26246530,0.1275973481,0.1250000000,4,2,65.53048042
2024-08-15T15:45:00-04:00,2361.69272853,1300.00000000,252.46419312,2109.22853541,0.60107011,1714.36500000,394.26246530,0.1283218002,0.1250000000,4,2,65.53048042
2024-08-16T09:30:00-04:00,2303.07134518,1300.00000000,251.34422589,2051.72711929,748.27783910,937.94000000,365.50928019,0.1297218966,0.1250000000,2,4,25.09678389
2024-08-16T09:45:00-04:00,2309.94585980,1300.00000000,251.34422589,2058.60163392,0.13665373,1692.95570000,365.50928019,0.1292632676,0.1250000000,4,2,48.87737617
2024-08-16T10:00:00-04:00,2318.84870430,1300.00000000,251.81579104,2067.03291326,9.16356047,1692.34030000,365.52905280,0.1289168370,0.1250000000,3,2,48.87737617
2024-08-16T10:15:00-04:00,2306.23849559,1300.00000000,251.93368233,2054.30481326,9.16356047,1679.61220000,365.52905280,0.1298152504,0.1250000000,3,1,48.87737617
2024-08-16T10:30:00-04:00,2293.96004591,1300.00000000,251.96315515,2041.99689076,1.52783797,1674.94000000,365.52905280,0.1306570762,0.1250000000,4,0,49.21323825
2024-08-16T10:45:00-04:00,2293.14973452,1300.00000000,251.81284375,2041.33689076,1.52783797,1674.28000000,365.52905280,0.1306340226,0.1250000000,4,1,49.21323825
2024-08-16T11:00:00-04:00,2297.79965175,1300.00000000,251.40376099,2046.39589076,1.52783797,1679.33900000,365.52905280,0.1301079472,0.1250000000,4,1,49.21323825
2024-08-16T11:15:00-04:00,2288.50010898,1300.00000000,251.78631822,2036.71379076,1.52783797,1669.65690000,365.52905280,0.1309360936,0.1250000000,4,0,49.21323825
2024-08-16T11:30:00-04:00,2292.27331873,1300.00000000,251.99262797,2040.28069076,1.52783797,1673.22380000,365.52905280,0.1307867538,0.1250000000,4,0,49.21323825
2024-08-16T11:45:00-04:00,2299.82995566,1300.00000000,252.16946490,2047.66049076,1.52783797,1680.60360000,365.52905280,0.1303672373,0.1250000000,4,0,49.21323825
2024-08-16T12:00:00-04:00,2303.90158932,1300.00000000,252.45829856,2051.44329076,1.52783797,1684.38640000,365.52905280,0.1302424038,0.1250000000,4,2,49.21323825
2024-08-16T12:15:00-04:00,2305.82507334,1300.00000000,252.46478258,2053.36029076,1.52783797,1686.30340000,365.52905280,0.1301166316,0.1250000000,4,2,49.21323825
2024-08-16T12:30:00-04:00,2306.75426646,1300.00000000,252.69997570,2054.05429076,1.52783797,1686.99740000,365.52905280,0.1301755066,0.1250000000,4,2,49.21323825
2024-08-16T12:45:00-04:00,2314.38010339,1300.00000000,252.87681263,2061.50329076,1.52783797,1694.44640000,365.52905280,0.1297568701,0.1250000000,4,0,49.21323825
2024-08-16T13:00:00-04:00,2310.36851027,1300.00000000,252.64161951,2057.72689076,1.52783797,1690.67000000,365.52905280,0.1299035859,0.1250000000,4,0,49.21323825
2024-08-16T13:15:00-04:00,2309.20251027,1300.00000000,252.64161951,2056.56089076,1.52783797,1689.50400000,365.52905280,0.1299815144,0.1250000000,4,0,49.21323825
2024-08-16T13:30:00-04:00,2308.48745775,1300.00000000,252.81786698,2055.66959076,1.52783797,1688.61270000,365.52905280,0.1301200614,0.1250000000,4,1,49.21323825
2024-08-16T13:45:00-04:00,2307.79081210,1300.00000000,252.75892134,2055.03189076,1.52783797,1687.97500000,365.52905280,0.1301363836,0.1250000000,4,0,49.21323825
2024-08-16T14:00:00-04:00,2290.37517517,1300.00000000,252.58208441,2037.79309076,1.52783797,1670.73620000,365.52905280,0.1312219618,0.1250000000,4,0,49.21323825
2024-08-16T14:15:00-04:00,2293.68397517,1300.00000000,252.58208441,2041.10189076,1.52783797,1674.04500000,365.52905280,0.1309967791,0.1250000000,4,0,49.21323825
2024-08-16T14:30:00-04:00,2291.41772081,1300.00000000,252.64103005,2038.77669076,1.52783797,1671.71980000,365.52905280,0.1311815341,0.1250000000,4,0,49.21323825
2024-08-16T14:45:00-04:00,2297.44657517,1300.00000000,252.58208441,2044.86449076,1.52783797,1677.80760000,365.52905280,0.1307416499,0.1250000000,4,1,49.21323825
2024-08-16T15:00:00-04:00,2293.22748571,1300.00000000,252.58149495,2040.64599076,1.52783797,1673.58910000,365.52905280,0.1310274941,0.1250000000,4,0,49.21323825
2024-08-16T15:15:00-04:00,2301.43632942,1300.00000000,252.58208441,2048.85424501,16.56388876,1666.85500000,365.43535625,0.1304658871,0.1250000000,3,2,48.63535745
2024-08-16T15:30:00-04:00,2298.94696353,1300.00000000,252.72944852,2046.21751501,0.91215876,1679.87000000,365.43535625,0.1307100757,0.1250000000,4,1,49.10972581
2024-08-16T15:45:00-04:00,2295.04432764,1300.00000000,252.87681263,2042.16751501,0.91215876,1675.82000000,365.43535625,0.1310508069,0.1250000000,4,2,49.10972581
2024-08-19T09:30:00-04:00,2312.04271334,1300.00000000,254.08519833,2057.95751501,0.91215876,1691.61000000,365.43535625,0.1305271951,0.1250000000,4,2,49.10972581
2024-08-19T09:45:00-04:00,2310.43040237,1300.00000000,253.25995931,2057.17044305,8.71622075,1682.92000000,365.53422230,0.1302177267,0.1250000000,3,2,49.10972581
2024-08-19T10:00:00-04:00,2331.05829366,1300.00000000,253.37785060,2077.68044305,8.71622075,1703.43000000,365.53422230,0.1289110901,0.1250000000,3,3,25.40027027
2024-08-19T10:15:00-04:00,2340.37724749,1300.00000000,253.15680444,2087.22044305,8.71622075,1712.97000000,365.53422230,0.1281908492,0.1250000000,3,3,25.32913353
2024-08-19T10:30:00-04:00,2333.79101011,1300.00000000,253.05364956,2080.73736055,1.40073825,1713.80240000,365.53422230,0.1285673958,0.1250000000,4,2,25.43680764
2024-08-19T10:45:00-04:00,2333.92099302,1300.00000000,253.27823246,2080.64276055,1.40073825,1713.70780000,365.53422230,0.1286730008,0.1250000000,4,2,25.43680764
2024-08-19T11:00:00-04:00,2332.75897527,1300.00000000,253.52521471,2079.23376055,1.40073825,1712.29880000,365.53422230,0.1288745550,0.1250000000,4,2,25.43680764
2024-08-19T11:15:00-04:00,2337.18698581,1300.00000000,253.52462526,2083.66236055,1.40073825,1716.72740000,365.53422230,0.1285848248,0.1250000000,4,1,25.43680764
2024-08-19T11:30:00-04:00,2337.03023820,1300.00000000,253.53287765,2083.49736055,1.40073825,1716.56240000,365.53422230,0.1285992341,0.1250000000,4,1,25.43680764
2024-08-19T11:45:00-04:00,2331.26742962,1300.00000000,253.46626907,2077.80116055,1.40073825,1710.86620000,365.53422230,0.1289423550,0.1250000000,4,0,25.43680764
2024-08-19T12:00:00-04:00,2337.10912091,1300.00000000,253.58416036,2083.52496055,1.40073825,1716.59000000,365.53422230,0.1286200999,0.1250000000,4,1,25.43680764
2024-08-19T12:15:00-04:00,2339.30926655,1300.00000000,253.64310600,2085.66616055,1.40073825,1718.73120000,365.53422230,0.1285065929,0.1250000000,4,0,25.43680764
2024-08-19T12:30:00-04:00,2338.57406655,1300.00000000,253.64310600,2084.93096055,1.40073825,1717.99600000,365.53422230,0.1285544774,0.1250000000,4,0,25.43680764
2024-08-19T12:45:00-04:00,2342.32170453,1300.00000000,254.14414397,2088.17756055,1.40073825,1721.24260000,365.53422230,0.1285642216,0.1250000000,4,1,24.96243928
2024-08-19T13:00:00-04:00,2338.78068606,1300.00000000,254.05572551,2084.72496055,1.40073825,1717.79000000,365.53422230,0.1287501233,0.1250000000,4,0,24.96243928
2024-08-19T13:15:00-04:00,2339.06403171,1300.00000000,254.11467115,2084.94936055,1.40073825,1718.01440000,365.53422230,0.1287615064,0.1250000000,4,0,24.96243928
2024-08-19T13:30:00-04:00,2341.75597735,1300.00000000,254.17361680,2087.58236055,1.40073825,1720.64740000,365.53422230,0.1286159390,0.1250000000,4,0,24.96243928
2024-08-19T13:45:00-04:00,2344.70117735,1300.00000000,254.17361680,2090.52756055,1.40073825,1723.59260000,365.53422230,0.1284245456,0.1250000000,4,2,24.96243928
2024-08-19T14:00:00-04:00,2341.25799582,1300.00000000,254.26203526,2086.99596055,1.40073825,1720.06100000,365.53422230,0.1286931092,0.1250000000,4,0,24.96243928
2024-08-19T14:15:00-04:00,2346.04386864,1300.00000000,254.29150808,2091.75236055,1.40073825,1724.81740000,365.53422230,0.1283970056,0.1250000000,4,2,24.96243928
2024-08-19T14:30:00-04:00,2358.62225121,1300.00000000,254.52729066,2104.09496055,1.40073825,1737.16000000,365.53422230,0.1277049919,0.1250000000,4,0,24.96243928
2024-08-19T14:45:00-04:00,2356.01917047,1300.00000000,254.40880992,2101.61036055,1.40073825,1734.67540000,365.53422230,0.1278124761,0.1250000000,4,1,24.96243928
2024-08-19T15:00:00-04:00,2353.79803497,1300.00000000,254.34986427,2099.44817070,24.41419127,1709.47260000,365.56137943,0.1279273589,0.1250000000,2,0,24.85476517
2024-08-19T15:15:00-04:00,2358.59617007,1300.00000000,254.40939937,2104.18677070,24.41419127,1714.21120000,365.56137943,0.1276492516,0.1250000000,2,3,24.85476517
2024-08-19T15:30:00-04:00,2352.25516436,1300.00000000,254.40880992,2097.84635445,2.24257502,1730.04240000,365.56137943,0.1280563778,0.1250000000,3,0,25.97494083
2024-08-19T15:45:00-04:00,2358.58124511,1300.00000000,254.52729066,2104.05395445,2.24257502,1736.25000000,365.56137943,0.1277093596,0.1250000000,3,3,25.97494083
2024-08-20T09:30:00-04:00,2374.44200300,1300.00000000,254.79254606,2119.64945695,1.71677930,1731.19460000,386.73807765,0.1281843552,0.1250000000,5,1,36.42425246
2024-08-20T09:45:00-04:00,2389.12526528,1300.00000000,254.82260834,2134.30265695,1.71677930,1745.84780000,386.73807765,0.1272594081,0.1250000000,5,1,28.33787737
2024-08-20T10:00:00-04:00,2390.17734335,1300.00000000,254.17361680,2136.00372655,767.06212325,977.07150000,391.87010330,0.1271944632,0.1250000000,3,0,26.61375854
2024-08-20T10:15:00-04:00,2389.54900642,1300.00000000,253.99677986,2135.55222655,767.06212325,976.62000000,391.87010330,0.1271459490,0.1250000000,3,0,26.61375854
2024-08-20T10:30:00-04:00,2381.66638691,1300.00000000,253.58416036,2128.08222655,767.06212325,969.15000000,391.87010330,0.1274422726,0.1250000000,3,0,1.75899337
2024-08-20T10:45:00-04:00,2381.79734448,1300.00000000,253.81994293,2127.97740155,1692.18190160,40.64200000,395.15349995,0.1277631839,0.1250000000,2,0,1.75899337
2024-08-20T11:00:00-04:00,2382.14218142,1300.00000000,253.99677986,2128.14540155,1692.18190160,40.81000000,395.15349995,0.1278300084,0.1250000000,2,1,1.75899337
2024-08-20T11:15:00-04:00,2391.06994121,1300.00000000,253.93193966,2137.13800155,740.26850160,1001.71600000,395.15349995,0.1272257367,0.1250000000,3,0,51.26161560
2024-08-20T11:30:00-04:00,2386.15878142,1300.00000000,253.99677986,2132.16200155,740.26850160,996.74000000,395.15349995,0.1275721276,0.1250000000,3,0,51.26161560
2024-08-20T11:45:00-04:00,2407.98674127,1300.00000000,254.28973971,2153.69700155,740.26850160,1018.27500000,395.15349995,0.1263342310,0.1250000000,3,1,51.26161560
2024-08-20T12:00:00-04:00,2419.00043278,1300.00000000,254.35045373,2164.64997905,3.68647910,1765.81000000,395.15349995,0.1256767247,0.1250000000,4,0,75.70218503
2024-08-20T12:15:00-04:00,2404.70406075,1300.00000000,254.11408170,2150.58997905,3.68647910,1751.75000000,395.15349995,0.1264531914,0.1250000000,4,0,75.70218503
2024-08-20T12:30:00-04:00,2401.39270456,1300.00000000,254.05572551,2147.33697905,3.68647910,1748.49700000,395.15349995,0.1266328187,0.1250000000,4,0,75.70218503
2024-08-20T12:45:00-04:00,2407.13471327,1300.00000000,253.93783422,2153.19687905,3.68647910,1754.35690000,395.15349995,0.1262128257,0.1250000000,4,0,75.70218503
2024-08-20T13:00:00-04:00,2396.13833443,1300.00000000,253.73270338,2142.40563106,25.14243788,1722.53000000,394.73319318,0.1267772817,0.1250000000,3,0,74.58200937
2024-08-20T13:15:00-04:00,2401.80151963,1300.00000000,253.87888858,2147.92263106,25.14243788,1728.04700000,394.73319318,0.1264923995,0.1250000000,3,0,50.14143993
2024-08-20T13:30:00-04:00,2413.14635656,1300.00000000,254.05572551,2159.09063106,25.14243788,1739.21500000,394.73319318,0.1258690392,0.1250000000,3,0,50.14143993
2024-08-20T13:45:00-04:00,2425.23030221,1300.00000000,254.11467115,2171.11563106,25.14243788,1751.24000000,394.73319318,0.1251489943,0.1250000000,3,0,50.14143993
2024-08-20T14:00:00-04:00,2427.26114078,1300.00000000,254.23550972,2173.02563106,25.14243788,1753.15000000,394.73319318,0.1250834017,0.1250000000,3,0,50.14143993
2024-08-20T14:15:00-04:00,2432.04686736,1300.00000000,254.58623630,2177.46063106,25.14243788,1757.58500000,394.73319318,0.1249617276,0.1250000000,3,0,50.14143993
2024-08-20T14:30:00-04:00,2437.79175865,1300.00000000,254.70412759,2183.08763106,25.14243788,1763.21200000,394.73319318,0.1246680501,0.1250000000,3,0,50.14143993
2024-08-20T14:45:00-04:00,2452.70081300,1300.00000000,254.64518195,2198.05563106,25.14243788,1778.18000000,394.73319318,0.1237362432,0.1250000000,3,0,50.14143993
2024-08-20T15:00:00-04:00,2452.53792172,1300.00000000,254.52729066,2198.01063106,25.14243788,1778.13500000,394.73319318,0.1236887481,0.1250000000,3,1,50.14143993
2024-08-20T15:15:00-04:00,2453.73741107,1300.00000000,254.46834502,2199.26906606,1.70487288,1802.83100000,394.73319318,0.1235880640,0.1250000000,4,1,50.49106061
2024-08-20T15:30:00-04:00,2458.73481107,1300.00000000,254.46834502,2204.26646606,1.70487288,1807.82840000,394.73319318,0.1232888302,0.1250000000,4,1,50.49106061
2024-08-20T15:45:00-04:00,2458.15857414,1300.00000000,254.29150808,2203.86706606,1.70487288,1807.42900000,394.73319318,0.1232375595,0.1250000000,4,0,50.49106061
2024-08-21T09:30:00-04:00,2470.26378172,1300.00000000,254.52729066,2215.73649106,772.88895395,1027.79250000,415.05503710,0.1238449823,0.1250000000,3,3,50.49106061
2024-08-21T09:45:00-04:00,2478.09864776,1300.00000000,254.85149170,2223.24715606,16.54211895,1791.65000000,415.05503710,0.1235318005,0.1250000000,5,1,60.97014950
2024-08-21T10:00:00-04:00,2435.59643301,1300.00000000,254.73360041,2180.86283259,89.24818477,1677.02300000,414.59164782,0.1260430466,0.1250000000,5,1,60.08102090
2024-08-21T10:15:00-04:00,2447.17248097,1300.00000000,254.93991017,2192.23257080,665.15177489,1116.11000000,410.97079591,0.1252036633,0.1250000000,5,1,54.96536097
2024-08-21T10:30:00-04:00,2447.47085055,1300.00000000,255.58831225,2191.88253830,37.97174239,1742.94000000,410.97079591,0.1255037100,0.1250000000,6,0,61.16020217
2024-08-21T10:45:00-04:00,2426.36521050,1300.00000000,254.43887219,2171.92633830,37.97174239,1722.98380000,410.97079591,0.1262476815,0.1250000000,6,0,61.16020217
2024-08-21T11:00:00-04:00,2430.08114847,1300.00000000,254.93991017,2175.14123830,37.97174239,1726.19870000,410.97079591,0.1262634852,0.1250000000,6,0,61.16020217
2024-08-21T11:15:00-04:00,2434.99580466,1300.00000000,254.99826636,2179.99753830,37.97174239,1731.05500000,410.97079591,0.1259857291,0.1250000000,6,0,61.16020217
2024-08-21T11:30:00-04:00,2440.43301154,1300.00000000,254.76307324,2185.66993830,37.97174239,1736.72740000,410.97079591,0.1255323067,0.1250000000,6,0,61.16020217
2024-08-21T11:45:00-04:00,2431.42990807,1300.00000000,254.70176977,2176.72813830,37.97174239,1727.78560000,410.97079591,0.1260613334,0.1250000000,6,0,61.16020217
2024-08-21T12:00:00-04:00,2430.40877461,1300.00000000,254.58623630,2175.82253830,37.97174239,1726.88000000,410.97079591,0.1260678659,0.1250000000,6,0,61.16020217
2024-08-21T12:15:00-04:00,2423.71055718,1300.00000000,254.82201888,2168.88853830,37.97174239,1719.94600000,410.97079591,0.1266045535,0.1250000000,6,0,61.16020217
2024-08-21T12:30:00-04:00,2433.69639411,1300.00000000,254.99885581,2178.69753830,37.97174239,1729.75500000,410.97079591,0.1260669544,0.1250000000,6,0,61.16020217
2024-08-21T12:45:00-04:00,2440.34448540,1300.00000000,255.11674710,2185.22773830,37.97174239,1736.28520000,410.97079591,0.1257120600,0.1250000000,6,0,61.16020217
2024-08-21T13:00:00-04:00,2443.09875030,1300.00000000,255.05721200,2188.04153830,37.97174239,1739.09900000,410.97079591,0.1255123780,0.1250000000,6,0,61.16020217
2024-08-21T13:15:00-04:00,2446.42303105,1300.00000000,255.17569274,2191.24733830,37.97174239,1742.30480000,410.97079591,0.1253656010,0.1250000000,6,0,61.16020217
2024-08-21T13:30:00-04:00,2445.90504159,1300.00000000,255.17510329,2190.72993830,37.97174239,1741.78740000,410.97079591,0.1253972229,0.1250000000,6,0,60.52138446
2024-08-21T13:45:00-04:00,2445.25295927,1300.00000000,255.47042096,2189.78253830,37.97174239,1740.84000000,410.97079591,0.1255825891,0.1250000000,6,0,59.87381324
2024-08-21T14:00:00-04:00,2439.75942346,1300.00000000,255.38318141,2184.37624205,61.83842480,1711.31500000,411.22281725,0.1258952787,0.1250000000,5,1,59.87381324
2024-08-21T14:15:00-04:00,2445.88255614,1300.00000000,255.70561408,2190.17694205,1.39312480,1777.56100000,411.22281725,0.1256748778,0.1250000000,6,0,60.98459652
2024-08-21T14:30:00-04:00,2440.13480886,1300.00000000,255.47042096,2184.66438790,16.55235714,1756.67300000,411.43903076,0.1259284037,0.1250000000,5,0,60.98459652
2024-08-21T14:45:00-04:00,2452.68990015,1300.00000000,255.58831225,2197.10158790,16.55235714,1769.11020000,411.43903076,0.1252116122,0.1250000000,5,1,60.98459652
2024-08-21T15:00:00-04:00,2459.67096421,1300.00000000,255.29358403,2204.37738018,4.93334941,1788.00500000,411.43903076,0.1246409549,0.1250000000,6,0,61.22788588
2024-08-21T15:15:00-04:00,2464.34597859,1300.00000000,255.29358403,2209.05239456,24.51649950,1772.82740000,411.70849506,0.1243734396,0.1250000000,5,1,61.22788588
2024-08-21T15:30:00-04:00,2464.97535138,1300.00000000,255.20516557,2209.77018581,0.35339075,1797.70830000,411.70849506,0.1242922540,0.1250000000,6,0,57.76326954
2024-08-21T15:45:00-04:00,2466.25887193,1300.00000000,255.94198612,2210.31688581,0.35339075,1798.25500000,411.70849506,0.1245732346,0.1250000000,6,0,57.76326954
2024-08-22T09:30:00-04:00,2450.66365253,1300.00000000,253.93783422,2196.72581831,709.98911310,1077.10500000,409.63170521,0.1244163937,0.1250000000,4,2,50.45764507
2024-08-22T09:45:00-04:00,2444.27682112,1300.00000000,253.87888858,2190.39793254,67.70966512,1713.06720000,409.62106742,0.1247773183,0.1250000000,4,0,58.61754892
2024-08-22T10:00:00-04:00,2415.94921903,1300.00000000,253.23048649,2162.71873254,67.70966512,1685.38800000,409.62106742,0.1262158866,0.1250000000,4,1,58.61754892
2024-08-22T10:15:00-04:00,2393.78963089,1300.00000000,253.17154085,2140.61809005,57.48524560,1673.87480000,409.25804445,0.1275724421,0.1250000000,3,0,58.32345160
2024-08-22T10:30:00-04:00,2390.60210268,1300.00000000,252.87681263,2137.72529005,57.48524560,1670.98200000,409.25804445,0.1276289252,0.1250000000,3,0,58.32345160
2024-08-22T10:45:00-04:00,2398.80221139,1300.00000000,252.75892134,2146.04329005,57.48524560,1679.30000000,409.25804445,0.1270436342,0.1250000000,3,0,58.32345160
2024-08-22T11:00:00-04:00,2403.36026574,1300.00000000,252.69997570,2150.66029005,57.48524560,1683.91700000,409.25804445,0.1267236820,0.1250000000,3,1,58.32345160
2024-08-22T11:15:00-04:00,2393.08255644,1300.00000000,251.96315515,2141.11940130,26.27685685,1705.58450000,409.25804445,0.1270087922,0.1250000000,4,1,59.26366107
2024-08-22T11:30:00-04:00,2391.78106766,1300.00000000,250.10931464,2141.67175302,708.21060971,1027.41500000,406.04614331,0.1259530220,0.1250000000,4,1,51.75217975
2024-08-22T11:45:00-04:00,2394.14492561,1300.00000000,250.87266073,2143.27226487,45.92107589,1691.56200000,405.78918898,0.1261709140,0.1250000000,4,0,64.57550571
2024-08-22T12:00:00-04:00,2420.24870818,1300.00000000,251.10844331,2169.14026487,45.92107589,1717.43000000,405.78918898,0.1246530104,0.1250000000,4,0,64.57550571
2024-08-22T12:15:00-04:00,2424.03394032,1300.00000000,252.16887544,2171.86506487,45.92107589,1720.15480000,405.78918898,0.1249446457,0.1250000000,4,0,64.57550571
2024-08-22T12:30:00-04:00,2426.95763849,1300.00000000,252.05157361,2174.90606487,45.92107589,1723.19580000,405.78918898,0.1247058718,0.1250000000,4,0,64.57550571
2024-08-22T12:45:00-04:00,2429.66771585,1300.00000000,250.66635098,2179.00136487,45.92107589,1727.29110000,405.78918898,0.1238544446,0.1250000000,4,0,64.57550571
2024-08-22T13:00:00-04:00,2432.62625174,1300.00000000,250.51898687,2182.10726487,45.92107589,1730.39700000,405.78918898,0.1236009502,0.1250000000,4,0,64.57550571
2024-08-22T13:15:00-04:00,2448.65993432,1300.00000000,250.75476945,2197.90516487,45.92107589,1746.19490000,405.78918898,0.1227462726,0.1250000000,4,0,63.92708318
2024-08-22T13:30:00-04:00,2443.67095603,1300.00000000,250.16531301,2193.50564302,76.52283096,1711.54990000,405.43291206,0.1227360630,0.1250000000,3,0,62.98687372
2024-08-22T13:45:00-04:00,2429.32823548,1300.00000000,249.42849246,2179.89974302,76.52283096,1697.94400000,405.43291206,0.1232417950,0.1250000000,3,0,62.98687372
2024-08-22T14:00:00-04:00,2421.12738217,1300.00000000,249.81163914,2171.31574302,76.52283096,1689.36000000,405.43291206,0.1239332859,0.1250000000,3,0,62.98687372
2024-08-22T14:15:00-04:00,2423.67360260,1300.00000000,249.83285957,2173.84074302,76.52283096,1691.88500000,405.43291206,0.1237874455,0.1250000000,3,0,62.98687372
2024-08-22T14:30:00-04:00,2418.05228400,1300.00000000,249.92894097,2168.12334302,76.52283096,1686.16760000,405.43291206,0.1241809278,0.1250000000,3,0,62.98687372
2024-08-22T14:45:00-04:00,2422.35587137,1300.00000000,249.28112835,2173.07474302,76.52283096,1691.11900000,405.43291206,0.1235947695,0.1250000000,3,0,62.98687372
2024-08-22T15:00:00-04:00,2443.15284707,1300.00000000,249.75210404,2193.40074302,76.52283096,1711.44500000,405.43291206,0.1225644897,0.1250000000,3,0,62.98687372
2024-08-22T15:15:00-04:00,2433.31108879,1300.00000000,249.04534577,2184.26574302,76.52283096,1702.31000000,405.43291206,0.1228108023,0.1250000000,3,0,62.98687372
2024-08-22T15:30:00-04:00,2423.43579751,1300.00000000,248.92745448,2174.50834302,76.52283096,1692.55260000,405.43291206,0.1233533690,0.1250000000,3,0,62.98687372
2024-08-22T15:45:00-04:00,2419.39530622,1300.00000000,248.80956319,2170.58574302,76.52283096,1688.63000000,405.43291206,0.1235423084,0.1250000000,3,1,62.98687372
2024-08-23T09:30:00-04:00,2510.74053885,1300.00000000,250.63687816,2260.10366069,1016.34959653,801.39500000,442.35906416,0.1211753640,0.1250000000,2,4,15.53431943
2024-08-23T09:45:00-04:00,2514.01828086,1300.00000000,251.04949767,2262.96878319,2.41971903,1818.19000000,442.35906416,0.1211828160,0.1250000000,4,0,54.49526542
2024-08-23T10:00:00-04:00,2542.84251116,1300.00000000,251.99262797,2290.84988319,2.41971903,1846.07110000,442.35906416,0.1199688711,0.1250000000,4,2,54.49526542
2024-08-23T10:15:00-04:00,2568.13914456,1300.00000000,251.75036137,2316.38878319,2.41971903,1871.61000000,442.35906416,0.1184272840,0.1250000000,4,2,54.49526542
2024-08-23T10:30:00-04:00,2562.20510141,1300.00000000,251.78631822,2310.41878319,2.41971903,1865.64000000,442.35906416,0.1187757572,0.1250000000,4,2,41.01101392
2024-08-23T10:45:00-04:00,2535.01011320,1300.00000000,251.10844331,2283.90166989,15.29359507,1826.48750000,442.12057482,0.1199816993,0.1250000000,3,2,40.37593178
2024-08-23T11:00:00-04:00,2534.05252481,1300.00000000,251.25580742,2282.79671739,0.41244257,1840.26370000,442.12057482,0.1201070653,0.1250000000,4,1,40.65826929
2024-08-23T11:15:00-04:00,2547.05308021,1300.00000000,251.52106282,2295.53201739,0.41244257,1852.99900000,442.12057482,0.1194912721,0.1250000000,4,2,40.65826929
2024-08-23T11:30:00-04:00,2541.68829763,1300.00000000,251.28528024,2290.40301739,0.41244257,1847.87000000,442.12057482,0.1196842938,0.1250000000,4,1,40.65826929
2024-08-23T11:45:00-04:00,2537.93358788,1300.00000000,251.07897049,2286.85461739,0.41244257,1844.32160000,442.12057482,0.1198002727,0.1250000000,4,0,40.65826929
2024-08-23T12:00:00-04:00,2522.73516733,1300.00000000,250.34214994,2272.39301739,0.41244257,1829.86000000,442.12057482,0.1203212507,0.1250000000,4,0,40.65826929
2024-08-23T12:15:00-04:00,2524.10967604,1300.00000000,250.22425865,2273.88541739,0.41244257,1831.35240000,442.12057482,0.1201851914,0.1250000000,4,2,40.65826929
2024-08-23T12:30:00-04:00,2519.27778371,1300.00000000,249.78216632,2269.49561739,0.41244257,1826.96260000,442.12057482,0.1202519315,0.1250000000,4,0,40.65826929
2024-08-23T12:45:00-04:00,2532.19338593,1300.00000000,250.24606854,2281.94731739,0.41244257,1839.41430000,442.12057482,0.1197307899,0.1250000000,4,0,40.65826929
2024-08-23T13:00:00-04:00,2538.52490243,1300.00000000,250.40168504,2288.12321739,0.41244257,1845.59020000,442.12057482,0.1194434116,0.1250000000,4,0,40.65826929
2024-08-23T13:15:00-04:00,2550.08275199,1300.00000000,251.22633460,2298.85641739,0.41244257,1856.32340000,442.12057482,0.1191797165,0.1250000000,4,2,40.65826929
2024-08-23T13:30:00-04:00,2559.84052585,1300.00000000,251.58000846,2308.26051739,0.41244257,1865.72750000,442.12057482,0.1187975815,0.1250000000,4,1,40.65826929
2024-08-23T13:45:00-04:00,2556.61935199,1300.00000000,251.22633460,2305.39301739,0.41244257,1862.86000000,442.12057482,0.1188112934,0.1250000000,4,0,40.65826929
2024-08-23T14:00:00-04:00,2558.35200542,1300.00000000,251.55878803,2306.79321739,0.41244257,1864.26020000,442.12057482,0.1188711142,0.1250000000,4,0,40.65826929
2024-08-23T14:15:00-04:00,2556.02410602,1300.00000000,251.17858863,2304.84551739,0.41244257,1862.31250000,442.12057482,0.1188221624,0.1250000000,4,0,40.65826929
2024-08-23T14:30:00-04:00,2557.47231714,1300.00000000,251.69789975,2305.77441739,0.41244257,1863.24140000,442.12057482,0.1189863107,0.1250000000,4,0,40.65826929
2024-08-23T14:45:00-04:00,2555.08871506,1300.00000000,251.04949767,2304.03921739,0.41244257,1861.50620000,442.12057482,0.1188136692,0.1250000000,4,0,40.65826929
2024-08-23T15:00:00-04:00,2563.88498229,1300.00000000,252.16946490,2311.71551739,0.41244257,1869.18250000,442.12057482,0.1188489467,0.1250000000,4,1,40.65826929
2024-08-23T15:15:00-04:00,2565.99494582,1300.00000000,251.79692843,2314.19801739,0.41244257,1871.66500000,442.12057482,0.1185554720,0.1250000000,4,2,38.60820135
2024-08-23T15:30:00-04:00,2558.21341714,1300.00000000,251.69789975,2306.51551739,0.41244257,1863.98250000,442.12057482,0.1189446392,0.1250000000,4,0,38.60820135
2024-08-23T15:45:00-04:00,2560.64144746,1300.00000000,251.74093007,2308.90051739,0.41244257,1866.36750000,442.12057482,0.1188286287,0.1250000000,4,2,38.60820135
2024-08-26T09:30:00-04:00,2515.65126234,1300.00000000,251.99321743,2263.65804492,799.72952155,1022.39120000,441.53732337,0.1214943946,0.1250000000,2,4,38.32586384
2024-08-26T09:45:00-04:00,2518.12417411,1300.00000000,251.81579104,2266.30838307,21.82471616,1802.74170000,441.74196691,0.1212762227,0.1250000000,2,3,55.05028485
2024-08-26T10:00:00-04:00,2484.25859805,1300.00000000,250.87266073,2233.38593732,2.14897041,1789.49500000,441.74196691,0.1228252720,0.1250000000,3,0,55.54235917
2024-08-26T10:15:00-04:00,2466.29581627,1300.00000000,250.42997895,2215.86583732,2.14897041,1771.97490000,441.74196691,0.1236963784,0.1250000000,3,0,55.54235917
2024-08-26T10:30:00-04:00,2452.71094893,1300.00000000,249.75269350,2202.95825543,978.19890307,797.46500000,427.29435236,0.1233092954,0.1250000000,2,0,17.21649533
2024-08-26T10:45:00-04:00,2450.67779930,1300.00000000,250.10636736,2200.57143194,1760.43006912,19.25050000,420.89086282,0.1232180397,0.1250000000,1,0,0.49207432
2024-08-26T11:00:00-04:00,2451.04702752,1300.00000000,250.40109558,2200.64593194,1760.43006912,19.32500000,420.89086282,0.1233408050,0.1250000000,1,0,0.49207432
2024-08-26T11:15:00-04:00,2451.02019059,1300.00000000,250.22425865,2200.79593194,1760.43006912,19.47500000,420.89086282,0.1232553292,0.1250000000,1,0,0.49207432
2024-08-26T11:30:00-04:00,2451.06110905,1300.00000000,250.31267712,2200.74843194,1760.43006912,19.42750000,420.89086282,0.1232963972,0.1250000000,1,0,0.49207432
2024-08-26T11:45:00-04:00,2450.58867324,1300.00000000,249.91774130,2200.67093194,1760.43006912,19.35000000,420.89086282,0.1231305173,0.1250000000,1,0,0.49207432
2024-08-26T12:00:00-04:00,2450.44151672,1300.00000000,249.87058479,2200.57093194,1760.43006912,19.25000000,420.89086282,0.1231162101,0.1250000000,1,0,0.49207432
2024-08-26T12:15:00-04:00,2451.39631009,1300.00000000,250.63687816,2200.75943194,1760.43006912,19.43850000,420.89086282,0.1234357083,0.1250000000,1,0,0.49207432
2024-08-26T12:30:00-04:00,2451.40011193,1300.00000000,250.75417999,2200.64593194,1760.43006912,19.32500000,420.89086282,0.1234932469,0.1250000000,1,0,0.49207432
2024-08-26T12:45:00-04:00,2451.26491881,1300.00000000,250.51898687,2200.74593194,1760.43006912,19.42500000,420.89086282,0.1233856324,0.1250000000,1,0,0.49207432
2024-08-26T13:00:00-04:00,2451.39777499,1300.00000000,250.57734306,2200.82043194,1760.43006912,19.49950000,420.89086282,0.1234062990,0.1250000000,1,0,0.49207432
2024-08-26T13:15:00-04:00,2451.35091717,1300.00000000,250.57498523,2200.77593194,1760.43006912,19.45500000,420.89086282,0.1234079856,0.1250000000,1,0,0.49207432
2024-08-26T13:30:00-04:00,2450.89027212,1300.00000000,250.13584018,2200.75443194,1760.43006912,19.43350000,420.89086282,0.1232196616,0.1250000000,1,0,0.49207432
2024-08-26T13:45:00-04:00,2450.43107108,1300.00000000,249.81163914,2200.61943194,1760.43006912,19.29850000,420.89086282,0.1230877999,0.1250000000,1,0,0.49207432
2024-08-26T14:00:00-04:00,2450.16048503,1300.00000000,249.51455310,2200.64593194,1760.43006912,19.32500000,420.89086282,0.1229578122,0.1250000000,1,0,0.49207432
2024-08-26T14:15:00-04:00,2450.77823538,1300.00000000,250.13230345,2200.64593194,1760.43006912,19.32500000,420.89086282,0.1232247202,0.1250000000,1,0,0.49207432
2024-08-26T14:30:00-04:00,2451.23991881,1300.00000000,250.51898687,2200.72093194,1760.43006912,19.40000000,420.89086282,0.1233871516,0.1250000000,1,1,0.49207432
2024-08-26T14:45:00-04:00,2448.89094581,1300.00000000,250.55612263,2198.33482319,791.55896037,985.88500000,420.89086282,0.1235483789,0.1250000000,2,0,22.54339739
2024-08-26T15:00:00-04:00,2451.40539159,1300.00000000,250.43056840,2200.97482319,791.55896037,988.52500000,420.89086282,0.1233335516,0.1250000000,2,0,22.54339739
2024-08-26T15:15:00-04:00,2448.22408184,1300.00000000,250.22425865,2197.99982319,791.55896037,985.55000000,420.89086282,0.1234253236,0.1250000000,2,0,22.54339739
2024-08-26T15:30:00-04:00,2451.32279926,1300.00000000,249.98847607,2201.33432319,791.55896037,988.88450000,420.89086282,0.1231208353,0.1250000000,2,2,22.54339739
2024-08-26T15:45:00-04:00,2459.02706331,1300.00000000,250.04742172,2208.97964159,2.45877877,1785.63000000,420.89086282,0.1226843533,0.1250000000,3,0,57.97206557
2024-08-27T09:30:00-04:00,2434.24692356,1300.00000000,248.86909830,2185.37782526,21.81545341,1742.85890000,420.70347185,0.1235975802,0.1250000000,2,1,57.47999125
2024-08-27T09:45:00-04:00,2437.63358183,1300.00000000,249.57585657,2188.05772526,21.81545341,1745.53880000,420.70347185,0.1237404585,0.1250000000,2,0,57.47999125
2024-08-27T10:00:00-04:00,2440.89551876,1300.00000000,249.75269350,2191.14282526,21.81545341,1748.62390000,420.70347185,0.1236281936,0.1250000000,2,0,57.47999125
2024-08-27T10:15:00-04:00,2448.51989629,1300.00000000,250.34097103,2198.17892526,21.81545341,1755.66000000,420.70347185,0.1234534685,0.1250000000,2,1,57.47999125
2024-08-27T10:30:00-04:00,2440.22232268,1300.00000000,250.51839741,2189.70392526,21.81545341,1747.18500000,420.70347185,0.1240485561,0.1250000000,2,2,57.47999125
2024-08-27T10:45:00-04:00,2434.25051725,1300.00000000,250.87266073,2183.37785651,3.57678466,1759.09760000,420.70347185,0.1245924009,0.1250000000,3,0,57.83188503
2024-08-27T11:00:00-04:00,2426.86314338,1300.00000000,250.51898687,2176.34415651,3.57678466,1752.06390000,420.70347185,0.1248748993,0.1250000000,3,0,57.83188503
2024-08-27T11:15:00-04:00,2428.52011198,1300.00000000,250.40109558,2178.11901639,21.58530883,1735.96540000,420.56830757,0.1247047340,0.1250000000,2,0,57.47999125
2024-08-27T11:30:00-04:00,2416.74366633,1300.00000000,250.34214994,2166.40151639,21.58530883,1724.24790000,420.56830757,0.1254109008,0.1250000000,2,0,57.47999125
2024-08-27T11:45:00-04:00,2407.17641807,1300.00000000,250.37280167,2156.80361639,21.58530883,1714.65000000,420.56830757,0.1260302927,0.1250000000,2,1,57.47999125
2024-08-27T12:00:00-04:00,2418.72260326,1300.00000000,250.51898687,2168.20361639,21.58530883,1726.05000000,420.56830757,0.1253751962,0.1250000000,2,0,57.47999125
2024-08-27T12:15:00-04:00,2406.36154891,1300.00000000,250.57793251,2155.78361639,21.58530883,1713.63000000,420.56830757,0.1261853084,0.1250000000,2,0,57.47999125
2024-08-27T12:30:00-04:00,2396.40918263,1300.00000000,250.38930645,2146.01987618,788.00931968,950.76000000,407.25055650,0.1258769930,0.1250000000,1,0,22.05132307
2024-08-27T12:45:00-04:00,2397.10886305,1300.00000000,250.51898687,2146.58987618,788.00931968,951.33000000,407.25055650,0.1258979024,0.1250000000,1,0,22.05132307
2024-08-27T13:00:00-04:00,2399.61992997,1300.00000000,250.75005379,2148.86987618,788.00931968,953.61000000,407.25055650,0.1258552039,0.1250000000,1,0,22.05132307
2024-08-27T13:15:00-04:00,2401.04964562,1300.00000000,250.75476945,2150.29487618,788.00931968,955.03500000,407.25055650,0.1257673207,0.1250000000,1,0,22.05132307
2024-08-27T13:30:00-04:00,2404.52859127,1300.00000000,250.81371509,2153.71487618,788.00931968,958.45500000,407.25055650,0.1255777667,0.1250000000,1,0,22.05132307
2024-08-27T13:45:00-04:00,2402.70836291,1300.00000000,250.70348674,2152.00487618,788.00931968,956.74500000,407.25055650,0.1256370773,0.1250000000,1,1,22.05132307
2024-08-27T14:00:00-04:00,2396.08436090,1300.00000000,250.81666237,2145.26769853,4.65204203,1733.36510000,407.25055650,0.1261124292,0.1250000000,2,0,32.07916838
2024-08-27T14:15:00-04:00,2393.92980884,1300.00000000,250.79721031,2143.13259853,4.65204203,1731.23000000,407.25055650,0.1262394068,0.1250000000,2,1,32.07916838
2024-08-27T14:30:00-04:00,2410.75631362,1300.00000000,250.81371509,2159.94259853,4.65204203,1748.04000000,407.25055650,0.1251874192,0.1250000000,2,2,32.07916838
2024-08-27T14:45:00-04:00,2410.34983297,1300.00000000,250.75476945,2159.59506353,1.26950703,1751.07500000,407.25055650,0.1251833957,0.1250000000,3,1,22.15099542
2024-08-27T15:00:00-04:00,2406.53550580,1300.00000000,250.78424227,2155.75126353,1.26950703,1747.23120000,407.25055650,0.1254369680,0.1250000000,3,0,22.15099542
2024-08-27T15:15:00-04:00,2406.07288916,1300.00000000,250.81312563,2155.25976353,1.26950703,1746.73970000,407.25055650,0.1254804499,0.1250000000,3,0,22.15099542
2024-08-27T15:30:00-04:00,2401.03877862,1300.00000000,250.81371509,2150.22506353,1.26950703,1741.70500000,407.25055650,0.1257975708,0.1250000000,3,1,22.15099542
2024-08-27T15:45:00-04:00,2393.15234394,1300.00000000,250.69582380,2142.45652014,1739.86977767,3.34000000,399.24674247,0.1257310394,0.1250000000,1,2,0.09967235
2024-08-28T09:30:00-04:00,2384.48664403,1300.00000000,250.05862139,2134.42802264,13.84012832,1721.38000000,399.20789432,0.1259564288,0.1250000000,2,1,31.30929684
2024-08-28T09:45:00-04:00,2389.54702589,1300.00000000,249.95900325,2139.58802264,13.84012832,1726.54000000,399.20789432,0.1255861372,0.1250000000,2,1,31.30929684
2024-08-28T10:00:00-04:00,2395.48155938,1300.00000000,249.81163914,2145.66992024,0.62702592,1745.83500000,399.20789432,0.1251389744,0.1250000000,3,0,31.77912508
2024-08-28T10:15:00-04:00,2387.64857018,1300.00000000,250.34214994,2137.30642024,0.62702592,1737.47150000,399.20789432,0.1258987271,0.1250000000,3,0,31.77912508
2024-08-28T10:30:00-04:00,2382.98628594,1300.00000000,249.39901963,2133.58726630,937.58948157,802.57500000,393.42278473,0.1253536364,0.1250000000,1,0,16.84260093
2024-08-28T10:45:00-04:00,2380.88077514,1300.00000000,248.86850884,2132.01226630,937.58948157,801.00000000,393.42278473,0.1252195065,0.1250000000,1,0,16.84260093
2024-08-28T11:00:00-04:00,2377.90186226,1300.00000000,247.68959596,2130.21226630,937.58948157,799.20000000,393.42278473,0.1248134076,0.1250000000,1,0,16.84260093
2024-08-28T11:15:00-04:00,2377.17869919,1300.00000000,247.86643289,2129.31226630,937.58948157,798.30000000,393.42278473,0.1249480499,0.1250000000,1,0,16.84260093
2024-08-28T11:30:00-04:00,2375.75858720,1300.00000000,248.09632090,2127.66226630,937.58948157,796.65000000,393.42278473,0.1251535288,0.1250000000,1,0,16.84260093
2024-08-28T11:45:00-04:00,2372.13032662,1300.00000000,248.36806032,2123.76226630,937.58948157,792.75000000,393.42278473,0.1255203485,0.1250000000,1,0,16.84260093
2024-08-28T12:00:00-04:00,2375.90020999,1300.00000000,248.39694369,2127.50326630,937.58948157,796.49100000,393.42278473,0.1252962281,0.1250000000,1,0,16.84260093
2024-08-28T12:15:00-04:00,2368.91753285,1300.00000000,248.15526655,2120.76226630,937.58948157,789.75000000,393.42278473,0.1256167686,0.1250000000,1,0,16.84260093
2024-08-28T12:30:00-04:00,2369.57651182,1300.00000000,248.51424552,2121.06226630,937.58948157,790.05000000,393.42278473,0.1257565351,0.1250000000,1,0,16.84260093
2024-08-28T12:45:00-04:00,2373.83077514,1300.00000000,248.86850884,2124.96226630,937.58948157,793.95000000,393.42278473,0.1256652720,0.1250000000,1,0,16.84260093
2024-08-28T13:00:00-04:00,2369.03868281,1300.00000000,248.42641651,2120.61226630,937.58948157,789.60000000,393.42278473,0.1257463137,0.1250000000,1,0,16.84260093
2024-08-28T13:15:00-04:00,2366.32262845,1300.00000000,248.48536215,2117.83726630,937.58948157,786.82500000,393.42278473,0.1259493040,0.1250000000,1,0,16.84260093
2024-08-28T13:30:00-04:00,2367.87342741,1300.00000000,248.16116111,2119.71226630,937.58948157,788.70000000,393.42278473,0.1256861811,0.1250000000,1,0,16.84260093
2024-08-28T13:45:00-04:00,2365.25181636,1300.00000000,247.09955006,2118.15226630,937.58948157,787.14000000,393.42278473,0.1253148960,0.1250000000,1,0,16.84260093
2024-08-28T14:00:00-04:00,2366.41607969,1300.00000000,247.45381338,2118.96226630,937.58948157,787.95000000,393.42278473,0.1254205040,0.1250000000,1,0,16.84260093
2024-08-28T14:15:00-04:00,2364.48740582,1300.00000000,247.10013952,2117.38726630,937.58948157,786.37500000,393.42278473,0.1253637942,0.1250000000,1,0,16.84260093
2024-08-28T14:30:00-04:00,2360.57135147,1300.00000000,247.15908516,2113.41226630,937.58948157,782.40000000,393.42278473,0.1256433242,0.1250000000,1,0,16.84260093
2024-08-28T14:45:00-04:00,2364.39659048,1300.00000000,247.98432418,2116.41226630,937.58948157,785.40000000,393.42278473,0.1258181735,0.1250000000,1,1,16.84260093
2024-08-28T15:00:00-04:00,2362.93229120,1300.00000000,248.27905240,2114.65323880,11.52545407,1709.70500000,393.42278473,0.1260613628,0.1250000000,2,0,36.12967883
2024-08-28T15:15:00-04:00,2362.41780200,1300.00000000,248.80956319,2113.60823880,11.52545407,1708.66000000,393.42278473,0.1263637343,0.1250000000,2,1,36.12967883
2024-08-28T15:30:00-04:00,2355.91129722,1300.00000000,248.79305841,2107.11823880,11.52545407,1702.17000000,393.42278473,0.1267742750,0.1250000000,2,0,36.12967883
2024-08-28T15:45:00-04:00,2358.42096506,1300.00000000,248.63272626,2109.78823880,11.52545407,1704.84000000,393.42278473,0.1265307667,0.1250000000,2,1,36.12967883
2024-08-29T09:30:00-04:00,2377.42679397,1300.00000000,248.13168829,2129.29510568,925.01017038,818.25000000,386.03493530,0.1246021406,0.1250000000,1,3,0.00000000
2024-08-29T09:45:00-04:00,2401.72832767,1300.00000000,248.75061755,2152.97771012,818.77971739,935.92970000,398.26829273,0.1241605089,0.1250000000,2,1,20.27439431
2024-08-29T10:00:00-04:00,2389.13842002,1300.00000000,248.27905240,2140.85936762,4.77967489,1737.81140000,398.26829273,0.1247088140,0.1250000000,3,1,38.65354644
2024-08-29T10:15:00-04:00,2377.37150070,1300.00000000,248.45588933,2128.91561137,1.50221864,1729.14510000,398.26829273,0.1255396325,0.1250000000,4,0,38.58626573
2024-08-29T10:30:00-04:00,2387.83451917,1300.00000000,248.54430780,2139.29021137,1.50221864,1739.51970000,398.26829273,0.1249238676,0.1250000000,4,0,38.58626573
2024-08-29T10:45:00-04:00,2383.04929199,1300.00000000,248.57378062,2134.47551137,1.50221864,1734.70500000,398.26829273,0.1252399034,0.1250000000,4,0,38.58626573
2024-08-29T11:00:00-04:00,2373.91303946,1300.00000000,248.75002809,2125.16301137,1.50221864,1725.39250000,398.26829273,0.1259082780,0.1250000000,4,0,38.58626573
2024-08-29T11:15:00-04:00,2369.96111680,1300.00000000,248.52072954,2121.44038726,9.48979524,1713.55500000,398.39559202,0.1260524829,0.1250000000,3,0,38.58626573
2024-08-29T11:30:00-04:00,2371.99522223,1300.00000000,248.51483497,2123.48038726,9.48979524,1715.59500000,398.39559202,0.1259195792,0.1250000000,3,0,38.58626573
2024-08-29T11:45:00-04:00,2384.44139505,1300.00000000,248.54430780,2135.89708726,9.48979524,1728.01170000,398.39559202,0.1251453050,0.1250000000,3,0,38.58626573
2024-08-29T12:00:00-04:00,2392.99495045,1300.00000000,248.80956319,2144.18538726,9.48979524,1736.30000000,398.39559202,0.1247416240,0.1250000000,3,0,38.58626573
2024-08-29T12:15:00-04:00,2394.58705916,1300.00000000,248.69167191,2145.89538726,9.48979524,1738.01000000,398.39559202,0.1245830753,0.1250000000,3,0,38.58626573
2024-08-29T12:30:00-04:00,2395.25600481,1300.00000000,248.75061755,2146.50538726,9.48979524,1738.62000000,398.39559202,0.1245708593,0.1250000000,3,0,38.58626573
2024-08-29T12:45:00-04:00,2393.63225228,1300.00000000,248.92686503,2144.70538726,9.48979524,1736.82000000,398.39559202,0.1247605710,0.1250000000,3,0,38.58626573
2024-08-29T13:00:00-04:00,2394.15495045,1300.00000000,248.80956319,2145.34538726,9.48979524,1737.46000000,398.39559202,0.1246691201,0.1250000000,3,1,38.58626573
2024-08-29T13:15:00-04:00,2396.47381099,1300.00000000,248.80897374,2147.66483726,2.08424524,1747.18500000,398.39559202,0.1245241409,0.1250000000,4,0,38.69113375
2024-08-29T13:30:00-04:00,2407.80324610,1300.00000000,248.86850884,2158.93473726,2.08424524,1758.45490000,398.39559202,0.1238516775,0.1250000000,4,0,38.69113375
2024-08-29T13:45:00-04:00,2410.52729174,1300.00000000,248.92745448,2161.59983726,2.08424524,1761.12000000,398.39559202,0.1237133009,0.1250000000,4,0,38.69113375
2024-08-29T14:00:00-04:00,2402.41624557,1300.00000000,248.70640832,2153.70983726,2.08424524,1753.23000000,398.39559202,0.1241037151,0.1250000000,4,0,38.69113375
2024-08-29T14:15:00-04:00,2386.37299837,1300.00000000,248.16116111,2138.21183726,2.08424524,1737.73200000,398.39559202,0.1248309766,0.1250000000,4,0,38.69113375
2024-08-29T14:30:00-04:00,2369.80788582,1300.00000000,246.97104856,2122.83683726,2.08424524,1722.35700000,398.39559202,0.1252762039,0.1250000000,4,0,38.69113375
2024-08-29T14:45:00-04:00,2375.90193113,1300.00000000,247.04119388,2128.86073726,2.08424524,1728.38090000,398.39559202,0.1249256141,0.1250000000,4,0,38.69113375
2024-08-29T15:00:00-04:00,2369.79122905,1300.00000000,246.39279179,2123.39843726,2.08424524,1722.91860000,398.39559202,0.1249839389,0.1250000000,4,0,38.69113375
2024-08-29T15:15:00-04:00,2376.58068549,1300.00000000,246.98224823,2129.59843726,2.08424524,1729.11860000,398.39559202,0.1248529519,0.1250000000,4,0,38.69113375
2024-08-29T15:30:00-04:00,2383.99286806,1300.00000000,247.21803081,2136.77483726,2.08424524,1736.29500000,398.39559202,0.1245056255,0.1250000000,4,0,38.69113375
2024-08-29T15:45:00-04:00,2376.52630291,1300.00000000,246.74646566,2129.77983726,2.08424524,1729.30000000,398.39559202,0.1247371897,0.1250000000,4,0,38.69113375
2024-08-30T09:30:00-04:00,2389.95817696,1300.00000000,249.16323706,2140.79493990,14.39485598,1728.13070000,398.26938392,0.1251014907,0.1250000000,2,2,38.47847501
2024-08-30T09:45:00-04:00,2381.82491368,1300.00000000,249.39901963,2132.42589405,0.45661013,1733.69990000,398.26938392,0.1257333187,0.1250000000,4,0,39.07113321
2024-08-30T10:00:00-04:00,2373.74794091,1300.00000000,249.22277216,2124.52516875,802.50185591,930.77500000,391.24831283,0.1257113841,0.1250000000,3,0,20.69198108
2024-08-30T10:15:00-04:00,2377.25893298,1300.00000000,249.13376424,2128.12516875,802.50185591,934.37500000,391.24831283,0.1254443263,0.1250000000,3,0,20.69198108
2024-08-30T10:30:00-04:00,2384.01129709,1300.00000000,249.28112835,2134.73016875,802.50185591,940.98000000,391.24831283,0.1250932150,0.1250000000,3,0,20.69198108
2024-08-30T10:45:00-04:00,2378.53487599,1300.00000000,248.75061755,2129.78425844,805.59786071,932.98000000,391.20639773,0.1251683455,0.1250000000,2,0,20.58098930
2024-08-30T11:00:00-04:00,2380.12487599,1300.00000000,248.75061755,2131.37425844,805.59786071,934.57000000,391.20639773,0.1250682822,0.1250000000,2,0,20.58098930
2024-08-30T11:15:00-04:00,2376.94023081,1300.00000000,248.49597237,2128.44425844,805.59786071,931.64000000,391.20639773,0.1251406247,0.1250000000,2,0,20.58098930
2024-08-30T11:30:00-04:00,2374.70278366,1300.00000000,248.30852522,2126.39425844,805.59786071,929.59000000,391.20639773,0.1251872839,0.1250000000,2,0,20.58098930
2024-08-30T11:45:00-04:00,2378.72225648,1300.00000000,248.33799804,2130.38425844,805.59786071,933.58000000,391.20639773,0.1249489391,0.1250000000,2,0,20.58098930
2024-08-30T12:00:00-04:00,2379.45750396,1300.00000000,248.51424552,2130.94325844,805.59786071,934.13900000,391.20639773,0.1249913780,0.1250000000,2,0,20.58098930
2024-08-30T12:15:00-04:00,2373.47821523,1300.00000000,247.94895679,2125.52925844,805.59786071,928.72500000,391.20639773,0.1250832275,0.1250000000,2,0,20.58098930
2024-08-30T12:30:00-04:00,2373.76385440,1300.00000000,247.68959596,2126.07425844,805.59786071,929.27000000,391.20639773,0.1249343847,0.1250000000,2,0,20.58098930
2024-08-30T12:45:00-04:00,2380.16278366,1300.00000000,248.30852522,2131.85425844,805.59786071,935.05000000,391.20639773,0.1248436250,0.1250000000,2,0,20.58098930
2024-08-30T13:00:00-04:00,2380.34751188,1300.00000000,248.60325344,2131.74425844,805.59786071,934.94000000,391.20639773,0.1249801996,0.1250000000,2,0,20.58098930
2024-08-30T13:15:00-04:00,2379.63172930,1300.00000000,248.36747086,2131.26425844,805.59786071,934.46000000,391.20639773,0.1249066117,0.1250000000,2,0,20.58098930
2024-08-30T13:30:00-04:00,2380.48433624,1300.00000000,248.49007780,2131.99425844,805.59786071,935.19000000,391.20639773,0.1249147105,0.1250000000,2,1,20.58098930
2024-08-30T13:45:00-04:00,2387.66455705,1300.00000000,248.16116111,2139.50339594,3.84699821,1744.45000000,391.20639773,0.1243007072,0.1250000000,3,0,44.97520007
2024-08-30T14:00:00-04:00,2401.38373091,1300.00000000,248.51483497,2152.86889594,3.84699821,1757.81550000,391.20639773,0.1236283142,0.1250000000,3,0,44.97520007
2024-08-30T14:15:00-04:00,2379.98930603,1300.00000000,248.46591009,2131.52339594,3.84699821,1736.47000000,391.20639773,0.1249336512,0.1250000000,3,0,44.97520007
2024-08-30T14:30:00-04:00,2393.86112220,1300.00000000,248.63272626,2145.22839594,3.84699821,1750.17500000,391.20639773,0.1241515690,0.1250000000,3,0,44.97520007
2024-08-30T14:45:00-04:00,2394.39234072,1300.00000000,249.07894479,2145.31339594,3.84699821,1750.26000000,391.20639773,0.1243414001,0.1250000000,3,0,44.97520007
2024-08-30T15:00:00-04:00,2387.72477544,1300.00000000,248.79187950,2138.93289594,3.84699821,1743.87950000,391.20639773,0.1246128672,0.1250000000,3,1,44.97520007
2024-08-30T15:15:00-04:00,2392.61136122,1300.00000000,249.45796528,2143.15339594,3.84699821,1748.10000000,391.20639773,0.1246414243,0.1250000000,3,0,44.97520007
2024-08-30T15:30:00-04:00,2390.42616810,1300.00000000,249.22277216,2141.20339594,3.84699821,1746.15000000,391.20639773,0.1246600178,0.1250000000,3,1,44.97520007
2024-08-30T15:45:00-04:00,2405.33398072,1300.00000000,249.87058479,2155.46339594,3.84699821,1760.41000000,391.20639773,0.1240589657,0.1250000000,3,3,44.49353365
2024-09-03T09:30:00-04:00,2426.65539914,1300.00000000,249.64953862,2177.00586052,834.27492969,933.25000000,409.48093083,0.1237619961,0.1250000000,2,2,20.77008200
2024-09-03T09:45:00-04:00,2423.92327376,1300.00000000,249.22159325,2174.70168052,1.41074969,1763.81000000,409.48093083,0.1237174120,0.1250000000,3,2,42.25432822
2024-09-03T10:00:00-04:00,2406.38138028,1300.00000000,247.73969976,2158.64168052,1.41074969,1747.75000000,409.48093083,0.1240621183,0.1250000000,3,0,42.25432822
2024-09-03T10:15:00-04:00,2418.23890429,1300.00000000,247.80748725,2170.43141704,14.19214670,1747.01000000,409.22927034,0.1233480831,0.1250000000,2,0,41.58356910
2024-09-03T10:30:00-04:00,2414.92368166,1300.00000000,246.42226461,2168.50141704,14.19214670,1745.08000000,409.22927034,0.1228613209,0.1250000000,2,0,41.58356910
2024-09-03T10:45:00-04:00,2404.83896982,1300.00000000,245.56755278,2159.27141704,14.19214670,1735.85000000,409.22927034,0.1230538982,0.1250000000,2,0,41.58356910
2024-09-03T11:00:00-04:00,2415.30737190,1300.00000000,246.21595486,2169.09141704,14.19214670,1745.67000000,409.22927034,0.1227349796,0.1250000000,2,0,41.58356910
2024-09-03T11:15:00-04:00,2409.78948062,1300.00000000,246.09806357,2163.69141704,14.19214670,1740.27000000,409.22927034,0.1230145748,0.1250000000,2,0,41.58356910
2024-09-03T11:30:00-04:00,2406.37896982,1300.00000000,245.56755278,2160.81141704,14.19214670,1737.39000000,409.22927034,0.1229590115,0.1250000000,2,0,41.58356910
2024-09-03T11:45:00-04:00,2406.01217441,1300.00000000,245.41075736,2160.60141704,14.19214670,1737.18000000,409.22927034,0.1229030742,0.1250000000,2,0,41.58356910
2024-09-03T12:00:00-04:00,2407.96969596,1300.00000000,245.21387891,2162.75581704,14.19214670,1739.33440000,409.22927034,0.1226842044,0.1250000000,2,0,41.58356910
2024-09-03T12:15:00-04:00,2414.34213289,1300.00000000,245.39071584,2168.95141704,14.19214670,1745.53000000,409.22927034,0.1223824955,0.1250000000,2,0,41.58356910
2024-09-03T12:30:00-04:00,2419.39756982,1300.00000000,245.56755278,2173.83001704,14.19214670,1750.40860000,409.22927034,0.1221626830,0.1250000000,2,0,41.58356910
2024-09-03T12:45:00-04:00,2419.61476878,1300.00000000,245.24335173,2174.37141704,14.19214670,1750.95000000,409.22927034,0.1219882216,0.1250000000,2,0,41.58356910
2024-09-03T13:00:00-04:00,2420.81635031,1300.00000000,245.15493327,2175.66141704,14.19214670,1752.24000000,409.22927034,0.1218713998,0.1250000000,2,0,41.58356910
2024-09-03T13:15:00-04:00,2427.31107853,1300.00000000,245.44966149,2181.86141704,14.19214670,1758.44000000,409.22927034,0.1216252287,0.1250000000,2,0,41.58356910
2024-09-03T13:30:00-04:00,2421.34981521,1300.00000000,245.09539817,2176.25441704,14.19214670,1752.83300000,409.22927034,0.1218095003,0.1250000000,2,0,41.58356910
2024-09-03T13:45:00-04:00,2413.58373081,1300.00000000,244.74231376,2168.84141704,14.19214670,1745.42000000,409.22927034,0.1221053055,0.1250000000,2,0,41.58356910
2024-09-03T14:00:00-04:00,2403.90006513,1300.00000000,244.10864809,2159.79141704,14.19214670,1736.37000000,409.22927034,0.1223804192,0.1250000000,2,0,41.58356910
2024-09-03T14:15:00-04:00,2401.55849179,1300.00000000,243.91707475,2157.64141704,14.19214670,1734.22000000,409.22927034,0.1224280968,0.1250000000,2,0,41.58356910
2024-09-03T14:30:00-04:00,2395.92267472,1300.00000000,243.97602039,2151.94665433,916.14247832,834.26000000,401.54417601,0.1223318545,0.1250000000,1,0,21.48424622
2024-09-03T14:45:00-04:00,2394.85667636,1300.00000000,243.92002203,2150.93665433,916.14247832,833.25000000,401.54417601,0.1223691829,0.1250000000,1,0,21.48424622
2024-09-03T15:00:00-04:00,2394.91267472,1300.00000000,243.97602039,2150.93665433,916.14247832,833.25000000,401.54417601,0.1223938376,0.1250000000,1,0,21.48424622
2024-09-03T15:15:00-04:00,2396.63794650,1300.00000000,243.68129217,2152.95665433,916.14247832,835.27000000,401.54417601,0.1221402702,0.1250000000,1,0,21.48424622
2024-09-03T15:30:00-04:00,2394.88935758,1300.00000000,242.94270325,2151.94665433,916.14247832,834.26000000,401.54417601,0.1218768859,0.1250000000,1,0,21.48424622
2024-09-03T15:45:00-04:00,2400.03426007,1300.00000000,243.03760574,2156.99665433,916.14247832,839.31000000,401.54417601,0.1216106138,0.1250000000,1,0,21.48424622
2024-09-04T09:30:00-04:00,2419.31588694,1300.00000000,242.11923260,2177.19665433,916.14247832,859.51000000,401.54417601,0.1199933725,0.1250000000,1,0,0.00000000
2024-09-04T09:45:00-04:00,2413.46219669,1300.00000000,242.32554236,2171.13665433,916.14247832,853.45000000,401.54417601,0.1204450380,0.1250000000,1,0,0.00000000
2024-09-04T10:00:00-04:00,2410.69975976,1300.00000000,242.14870543,2168.55105433,916.14247832,850.86440000,401.54417601,0.1205226252,0.1250000000,1,0,0.00000000
2024-09-04T10:15:00-04:00,2415.77692491,1300.00000000,242.62027058,2173.15665433,916.14247832,855.47000000,401.54417601,0.1204529470,0.1250000000,1,0,0.00000000
2024-09-04T10:30:00-04:00,2423.67216393,1300.00000000,243.44550959,2180.22665433,916.14247832,862.54000000,401.54417601,0.1203907522,0.1250000000,1,0,0.00000000
2024-09-04T10:45:00-04:00,2426.09004702,1300.00000000,243.84339269,2182.24665433,916.14247832,864.56000000,401.54417601,0.1204435010,0.1250000000,1,0,0.00000000
2024-09-04T11:00:00-04:00,2422.14027264,1300.00000000,243.32761831,2178.81265433,916.14247832,861.12600000,401.54417601,0.1204236803,0.1250000000,1,0,0.00000000
2024-09-04T11:15:00-04:00,2423.41783571,1300.00000000,243.15078137,2180.26705433,916.14247832,862.58040000,401.54417601,0.1202601261,0.1250000000,1,0,0.00000000
2024-09-04T11:30:00-04:00,2421.89587056,1300.00000000,242.67921622,2179.21665433,916.14247832,861.53000000,401.54417601,0.1201173127,0.1250000000,1,0,0.00000000
2024-09-04T11:45:00-04:00,2417.08106368,1300.00000000,242.91440934,2174.16665433,916.14247832,856.48000000,401.54417601,0.1205209445,0.1250000000,1,0,0.00000000
2024-09-04T12:00:00-04:00,2419.04270749,1300.00000000,242.85605315,2176.18665433,916.14247832,858.50000000,401.54417601,0.1203748352,0.1250000000,1,0,0.00000000
2024-09-04T12:15:00-04:00,2421.18059878,1300.00000000,242.97394444,2178.20665433,916.14247832,860.52000000,401.54417601,0.1203057846,0.1250000000,1,0,0.00000000
2024-09-04T12:30:00-04:00,2421.36879386,1300.00000000,243.14193953,2178.22685433,916.14247832,860.54020000,401.54417601,0.1203777483,0.1250000000,1,0,0.00000000
2024-09-04T12:45:00-04:00,2422.57374546,1300.00000000,243.35709113,2179.21665433,916.14247832,861.53000000,401.54417601,0.1204124347,0.1250000000,1,0,0.00000000
2024-09-04T13:00:00-04:00,2423.61983571,1300.00000000,243.15078137,2180.46905433,916.14247832,862.78240000,401.54417601,0.1202481125,0.1250000000,1,0,0.00000000
2024-09-04T13:15:00-04:00,2422.19059878,1300.00000000,242.97394444,2179.21665433,916.14247832,861.53000000,401.54417601,0.1202456509,0.1250000000,1,0,0.00000000
2024-09-04T13:30:00-04:00,2422.07270749,1300.00000000,242.85605315,2179.21665433,916.14247832,861.53000000,401.54417601,0.1201943201,0.1250000000,1,0,0.00000000
2024-09-04T13:45:00-04:00,2421.47532700,1300.00000000,243.26867266,2178.20665433,916.14247832,860.52000000,401.54417601,0.1204341408,0.1250000000,1,0,0.00000000
2024-09-04T14:00:00-04:00,2422.54427264,1300.00000000,243.32761831,2179.21665433,916.14247832,861.53000000,401.54417601,0.1203996075,0.1250000000,1,0,0.00000000
2024-09-04T14:15:00-04:00,2423.47571645,1300.00000000,243.26926212,2180.20645433,916.14247832,862.51980000,401.54417601,0.1203152813,0.1250000000,1,0,0.00000000
2024-09-04T14:30:00-04:00,2417.01681292,1300.00000000,242.85015859,2174.16665433,916.14247832,856.48000000,401.54417601,0.1204929078,0.1250000000,1,0,0.00000000
2024-09-04T14:45:00-04:00,2413.63903362,1300.00000000,242.50237929,2171.13665433,916.14247832,853.45000000,401.54417601,0.1205223394,0.1250000000,1,0,0.00000000
2024-09-04T15:00:00-04:00,2411.08261914,1300.00000000,242.49884255,2168.58377659,1760.36741194,0.00000000,408.21636465,0.1210759041,0.1250000000,0,0,0.00000000
2024-09-04T15:15:00-04:00,2411.49877539,1300.00000000,242.91499880,2168.58377659,1760.36741194,0.00000000,408.21636465,0.1212584893,0.1250000000,0,0,0.00000000
2024-09-04T15:30:00-04:00,2411.70508514,1300.00000000,243.12130855,2168.58377659,1760.36741194,0.00000000,408.21636465,0.1213489779,0.1250000000,0,0,0.00000000
2024-09-04T15:45:00-04:00,2411.79291415,1300.00000000,243.20913756,2168.58377659,1760.36741194,0.00000000,408.21636465,0.1213874946,0.1250000000,0,0,0.00000000
2024-09-05T09:30:00-04:00,2409.84355227,1300.00000000,250.92767044,2158.91588183,1750.69951718,0.00000000,408.21636465,0.1253618416,0.1250000000,0,0,0.00000000
2024-09-05T09:45:00-04:00,2410.18139257,1300.00000000,251.26551075,2158.91588183,1750.69951718,0.00000000,408.21636465,0.1255094406,0.1250000000,0,0,0.00000000
2024-09-05T10:00:00-04:00,2410.18077943,1300.00000000,251.26489761,2158.91588183,1750.69951718,0.00000000,408.21636465,0.1255091728,0.1250000000,0,0,0.00000000
2024-09-05T10:15:00-04:00,2410.64063466,1300.00000000,251.72475284,2158.91588183,1750.69951718,0.00000000,408.21636465,0.1257099989,0.1250000000,0,0,0.00000000
2024-09-05T10:30:00-04:00,2410.36472153,1300.00000000,251.44883970,2158.91588183,1750.69951718,0.00000000,408.21636465,0.1255895143,0.1250000000,0,0,0.00000000
2024-09-05T10:45:00-04:00,2409.81596095,1300.00000000,250.90007913,2158.91588183,1750.69951718,0.00000000,408.21636465,0.1253497850,0.1250000000,0,0,0.00000000
2024-09-05T11:00:00-04:00,2409.44378479,1300.00000000,250.52790296,2158.91588183,1750.69951718,0.00000000,408.21636465,0.1251871229,0.1250000000,0,0,0.00000000
2024-09-05T11:15:00-04:00,2408.52530061,1300.00000000,249.60941878,2158.91588183,1750.69951718,0.00000000,408.21636465,0.1247854340,0.1250000000,0,0,0.00000000
2024-09-05T11:30:00-04:00,2408.83187076,1300.00000000,249.91598893,2158.91588183,1750.69951718,0.00000000,408.21636465,0.1249195501,0.1250000000,0,0,0.00000000
2024-09-05T11:45:00-04:00,2408.28985473,1300.00000000,249.37397290,2158.91588183,1750.69951718,0.00000000,408.21636465,0.1246824050,0.1250000000,0,0,0.00000000
2024-09-05T12:00:00-04:00,2408.64792867,1300.00000000,249.73204684,2158.91588183,1750.69951718,0.00000000,408.21636465,0.1248390854,0.1250000000,0,0,0.00000000
2024-09-05T12:15:00-04:00,2408.95511196,1300.00000000,250.03923014,2158.91588183,1750.69951718,0.00000000,408.21636465,0.1249734532,0.1250000000,0,0,0.00000000
2024-09-05T12:30:00-04:00,2409.61730349,1300.00000000,250.70142167,2158.91588183,1750.69951718,0.00000000,408.21636465,0.1252629680,0.1250000000,0,0,0.00000000
2024-09-05T12:45:00-04:00,2409.20036808,1300.00000000,250.28448626,2158.91588183,1750.69951718,0.00000000,408.21636465,0.1250807032,0.1250000000,0,0,0.00000000
2024-09-05T13:00:00-04:00,2409.13844091,1300.00000000,250.22255909,2158.91588183,1750.69951718,0.00000000,408.21636465,0.1250536251,0.1250000000,0,0,0.00000000
2024-09-05T13:15:00-04:00,2408.89318479,1300.00000000,249.97730296,2158.91588183,1750.69951718,0.00000000,408.21636465,0.1249463684,0.1250000000,0,0,0.00000000
2024-09-05T13:30:00-04:00,2409.62895316,1300.00000000,250.71307133,2158.91588183,1750.69951718,0.00000000,408.21636465,0.1252680596,0.1250000000,0,0,0.00000000
2024-09-05T13:45:00-04:00,2409.99683734,1300.00000000,251.08095552,2158.91588183,1750.69951718,0.00000000,408.21636465,0.1254288165,0.1250000000,0,0,0.00000000
2024-09-05T14:00:00-04:00,2410.05815137,1300.00000000,251.14226955,2158.91588183,1750.69951718,0.00000000,408.21636465,0.1254556035,0.1250000000,0,0,0.00000000
2024-09-05T14:15:00-04:00,2409.69088033,1300.00000000,250.77499850,2158.91588183,1750.69951718,0.00000000,408.21636465,0.1252951244,0.1250000000,0,0,0.00000000
2024-09-05T14:30:00-04:00,2409.90486630,1300.00000000,250.98898447,2158.91588183,1750.69951718,0.00000000,408.21636465,0.1253886328,0.1250000000,0,0,0.00000000
2024-09-05T14:45:00-04:00,2409.93184447,1300.00000000,251.01596264,2158.91588183,1750.69951718,0.00000000,408.21636465,0.1254004204,0.1250000000,0,0,0.00000000
2024-09-05T15:00:00-04:00,2409.69026719,1300.00000000,250.77438536,2158.91588183,1750.69951718,0.00000000,408.21636465,0.1252948565,0.1250000000,0,0,0.00000000
2024-09-05T15:15:00-04:00,2409.62895316,1300.00000000,250.71307133,2158.91588183,1750.69951718,0.00000000,408.21636465,0.1252680596,0.1250000000,0,0,0.00000000
2024-09-05T15:30:00-04:00,2409.26106897,1300.00000000,250.34518715,2158.91588183,1750.69951718,0.00000000,408.21636465,0.1251072435,0.1250000000,0,0,0.00000000
2024-09-05T15:45:00-04:00,2409.56763913,1300.00000000,250.65175730,2158.91588183,1750.69951718,0.00000000,408.21636465,0.1252412610,0.1250000000,0,0,0.00000000
2024-09-06T09:30:00-04:00,2409.88442199,1300.00000000,249.02693549,2160.85748650,1752.64112185,0.00000000,408.21636465,0.1244097065,0.1250000000,0,1,0.00000000
2024-09-06T09:45:00-04:00,2405.60414712,1300.00000000,248.01586712,2157.58828000,808.99191535,940.38000000,408.21636465,0.1241701132,0.1250000000,1,0,21.13908066
2024-09-06T10:00:00-04:00,2397.45890592,1300.00000000,247.89262592,2149.56628000,808.99191535,932.35800000,408.21636465,0.1246165919,0.1250000000,1,0,21.13908066
2024-09-06T10:15:00-04:00,2392.89991038,1300.00000000,246.81963039,2146.08028000,808.99191535,928.87200000,408.21636465,0.1243622092,0.1250000000,1,0,21.13908066
2024-09-06T10:30:00-04:00,2384.71184406,1300.00000000,245.68532082,2139.02652324,1738.88761500,0.00000000,400.13890824,0.1237975770,0.1250000000,0,0,0.00000000
2024-09-06T10:45:00-04:00,2384.28080643,1300.00000000,245.25428318,2139.02652324,1738.88761500,0.00000000,400.13890824,0.1236072296,0.1250000000,0,0,0.00000000
2024-09-06T11:00:00-04:00,2384.40159507,1300.00000000,245.37507182,2139.02652324,1738.88761500,0.00000000,400.13890824,0.1236605785,0.1250000000,0,0,0.00000000
2024-09-06T11:15:00-04:00,2384.40466077,1300.00000000,245.37813753,2139.02652324,1738.88761500,0.00000000,400.13890824,0.1236619325,0.1250000000,0,0,0.00000000
2024-09-06T11:30:00-04:00,2384.06804674,1300.00000000,245.04152350,2139.02652324,1738.88761500,0.00000000,400.13890824,0.1235132439,0.1250000000,0,0,0.00000000
2024-09-06T11:45:00-04:00,2383.60819151,1300.00000000,244.58166827,2139.02652324,1738.88761500,0.00000000,400.13890824,0.1233100358,0.1250000000,0,0,0.00000000
2024-09-06T12:00:00-04:00,2383.73081957,1300.00000000,244.70429633,2139.02652324,1738.88761500,0.00000000,400.13890824,0.1233642338,0.1250000000,0,0,0.00000000
2024-09-06T12:15:00-04:00,2383.36293539,1300.00000000,244.33641214,2139.02652324,1738.88761500,0.00000000,400.13890824,0.1232016196,0.1250000000,0,0,0.00000000
2024-09-06T12:30:00-04:00,2383.60819151,1300.00000000,244.58166827,2139.02652324,1738.88761500,0.00000000,400.13890824,0.1233100358,0.1250000000,0,0,0.00000000
2024-09-06T12:45:00-04:00,2383.29978194,1300.00000000,244.27325869,2139.02652324,1738.88761500,0.00000000,400.13890824,0.1231736981,0.1250000000,0,0,0.00000000
2024-09-06T13:00:00-04:00,2384.09870376,1300.00000000,245.07218051,2139.02652324,1738.88761500,0.00000000,400.13890824,0.1235267877,0.1250000000,0,0,0.00000000
2024-09-06T13:15:00-04:00,2384.02819262,1300.00000000,245.00166938,2139.02652324,1738.88761500,0.00000000,400.13890824,0.1234956362,0.1250000000,0,0,0.00000000
2024-09-06T13:30:00-04:00,2383.60819151,1300.00000000,244.58166827,2139.02652324,1738.88761500,0.00000000,400.13890824,0.1233100358,0.1250000000,0,0,0.00000000
2024-09-06T13:45:00-04:00,2383.79213360,1300.00000000,244.76561036,2139.02652324,1738.88761500,0.00000000,400.13890824,0.1233913303,0.1250000000,0,0,0.00000000
2024-09-06T14:00:00-04:00,2383.63884853,1300.00000000,244.61232528,2139.02652324,1738.88761500,0.00000000,400.13890824,0.1233235859,0.1250000000,0,0,0.00000000
2024-09-06T14:15:00-04:00,2383.51622046,1300.00000000,244.48969722,2139.02652324,1738.88761500,0.00000000,400.13890824,0.1232693828,0.1250000000,0,0,0.00000000
2024-09-06T14:30:00-04:00,2383.68606033,1300.00000000,244.65953709,2139.02652324,1738.88761500,0.00000000,400.13890824,0.1233444523,0.1250000000,0,0,0.00000000
2024-09-06T14:45:00-04:00,2383.97607569,1300.00000000,244.94955245,2139.02652324,1738.88761500,0.00000000,400.13890824,0.1234726098,0.1250000000,0,0,0.00000000
2024-09-06T15:00:00-04:00,2384.28264585,1300.00000000,245.25612260,2139.02652324,1738.88761500,0.00000000,400.13890824,0.1236080421,0.1250000000,0,1,0.00000000
2024-09-06T15:15:00-04:00,2384.10189163,1300.00000000,245.46275089,2138.63914074,789.66623250,948.83400000,400.13890824,0.1237234530,0.1250000000,1,0,29.20495323
2024-09-06T15:30:00-04:00,2383.26469319,1300.00000000,244.94955245,2138.31514074,789.66623250,948.51000000,400.13890824,0.1235169016,0.1250000000,1,0,29.20495323
2024-09-06T15:45:00-04:00,2381.90286692,1300.00000000,244.39772618,2137.50514074,789.66623250,947.70000000,400.13890824,0.1233233277,0.1250000000,1,0,29.20495323
2024-09-09T09:30:00-04:00,2356.28841524,1300.00000000,247.15685755,2109.13155769,1720.05378670,0.00000000,389.07777099,0.1256382270,0.1250000000,0,0,0.00000000
2024-09-09T09:45:00-04:00,2356.71761346,1300.00000000,247.58605577,2109.13155769,1720.05378670,0.00000000,389.07777099,0.1258289502,0.1250000000,0,0,0.00000000
2024-09-09T10:00:00-04:00,2356.65629943,1300.00000000,247.52474174,2109.13155769,1720.05378670,0.00000000,389.07777099,0.1258017091,0.1250000000,0,0,0.00000000
2024-09-09T10:15:00-04:00,2355.92053106,1300.00000000,246.78897337,2109.13155769,1720.05378670,0.00000000,389.07777099,0.1254746838,0.1250000000,0,0,0.00000000
2024-09-09T10:30:00-04:00,2355.12344866,1300.00000000,245.99189097,2109.13155769,1720.05378670,0.00000000,389.07777099,0.1251201301,0.1250000000,0,0,0.00000000
2024-09-09T10:45:00-04:00,2354.69425045,1300.00000000,245.56269276,2109.13155769,1720.05378670,0.00000000,389.07777099,0.1249290975,0.1250000000,0,0,0.00000000
2024-09-09T11:00:00-04:00,2354.38768029,1300.00000000,245.25612260,2109.13155769,1720.05378670,0.00000000,389.07777099,0.1247925945,0.1250000000,0,0,0.00000000
2024-09-09T11:15:00-04:00,2355.30739075,1300.00000000,246.17583306,2109.13155769,1720.05378670,0.00000000,389.07777099,0.1252019757,0.1250000000,0,0,0.00000000
2024-09-09T11:30:00-04:00,2355.55264688,1300.00000000,246.42108919,2109.13155769,1720.05378670,0.00000000,389.07777099,0.1253110793,0.1250000000,0,0,0.00000000
2024-09-09T11:45:00-04:00,2356.04315912,1300.00000000,246.91160143,2109.13155769,1720.05378670,0.00000000,389.07777099,0.1255292050,0.1250000000,0,0,0.00000000
2024-09-09T12:00:00-04:00,2356.16578718,1300.00000000,247.03422949,2109.13155769,1720.05378670,0.00000000,389.07777099,0.1255837194,0.1250000000,0,0,0.00000000
2024-09-09T12:15:00-04:00,2356.47235734,1300.00000000,247.34079965,2109.13155769,1720.05378670,0.00000000,389.07777099,0.1257199757,0.1250000000,0,0,0.00000000
2024-09-09T12:30:00-04:00,2356.84024152,1300.00000000,247.70868383,2109.13155769,1720.05378670,0.00000000,389.07777099,0.1258834273,0.1250000000,0,0,0.00000000
2024-09-09T12:45:00-04:00,2357.08549764,1300.00000000,247.95393995,2109.13155769,1720.05378670,0.00000000,389.07777099,0.1259923610,0.1250000000,0,0,0.00000000
2024-09-09T13:00:00-04:00,2356.96286958,1300.00000000,247.83131189,2109.13155769,1720.05378670,0.00000000,389.07777099,0.1259378975,0.1250000000,0,0,0.00000000
2024-09-09T13:15:00-04:00,2357.14681167,1300.00000000,248.01525398,2109.13155769,1720.05378670,0.00000000,389.07777099,0.1260195902,0.1250000000,0,0,0.00000000
2024-09-09T13:30:00-04:00,2356.34972927,1300.00000000,247.21817159,2109.13155769,1720.05378670,0.00000000,389.07777099,0.1256654783,0.1250000000,0,0,0.00000000
2024-09-09T13:45:00-04:00,2356.22710121,1300.00000000,247.09554352,2109.13155769,1720.05378670,0.00000000,389.07777099,0.1256109741,0.1250000000,0,0,0.00000000
2024-09-09T14:00:00-04:00,2355.98184509,1300.00000000,246.85028740,2109.13155769,1720.05378670,0.00000000,389.07777099,0.1255019452,0.1250000000,0,0,0.00000000
2024-09-09T14:15:00-04:00,2355.79177160,1300.00000000,246.66021391,2109.13155769,1720.05378670,0.00000000,389.07777099,0.1254174292,0.1250000000,0,0,0.00000000
2024-09-09T14:30:00-04:00,2355.52198986,1300.00000000,246.39043217,2109.13155769,1720.05378670,0.00000000,389.07777099,0.1252974429,0.1250000000,0,0,0.00000000
2024-09-09T14:45:00-04:00,2355.75007805,1300.00000000,246.61852037,2109.13155769,1720.05378670,0.00000000,389.07777099,0.1253988880,0.1250000000,0,0,0.00000000
2024-09-09T15:00:00-04:00,2355.73413641,1300.00000000,246.60257872,2109.13155769,1720.05378670,0.00000000,389.07777099,0.1253917985,0.1250000000,0,0,0.00000000
2024-09-09T15:15:00-04:00,2355.79790300,1300.00000000,246.66634531,2109.13155769,1720.05378670,0.00000000,389.07777099,0.1254201558,0.1250000000,0,0,0.00000000
2024-09-09T15:30:00-04:00,2356.28902838,1300.00000000,247.15747069,2109.13155769,1720.05378670,0.00000000,389.07777099,0.1256384996,0.1250000000,0,0,0.00000000
2024-09-09T15:45:00-04:00,2356.77892749,1300.00000000,247.64736980,2109.13155769,1720.05378670,0.00000000,389.07777099,0.1258561896,0.1250000000,0,0,0.00000000
2024-09-10T09:30:00-04:00,2357.63732392,1300.00000000,248.50576623,2109.13155769,1720.05378670,0.00000000,389.07777099,0.1262373627,0.1250000000,0,3,0.00000000
2024-09-10T09:45:00-04:00,2398.49887310,1300.00000000,248.87365041,2149.62522269,4.18785170,1756.35960000,389.07777099,0.1238534074,0.1250000000,2,1,46.08644842
2024-09-10T10:00:00-04:00,2381.58744683,1300.00000000,248.32182414,2133.26562269,4.18785170,1740.00000000,389.07777099,0.1246276629,0.1250000000,2,0,16.98639784
2024-09-10T10:15:00-04:00,2382.03795907,1300.00000000,248.81233638,2133.22562269,4.18785170,1739.96000000,389.07777099,0.1248456130,0.1250000000,2,0,16.98639784
2024-09-10T10:30:00-04:00,2359.71178811,1300.00000000,248.62839429,2111.08339382,834.41035052,887.36000000,389.31304331,0.1261817665,0.1250000000,1,0,16.98639784
2024-09-10T10:45:00-04:00,2365.16184602,1300.00000000,248.44445220,2116.71739382,834.41035052,892.99400000,389.31304331,0.1257406194,0.1250000000,1,0,16.98639784
2024-09-10T11:00:00-04:00,2362.78507319,1300.00000000,248.78167937,2114.00339382,834.41035052,890.28000000,389.31304331,0.1260629366,0.1250000000,1,0,16.98639784
2024-09-10T11:15:00-04:00,2367.96452842,1300.00000000,249.24153460,2118.72299382,834.41035052,894.99960000,389.31304331,0.1259653539,0.1250000000,1,0,16.98639784
2024-09-10T11:30:00-04:00,2366.49013021,1300.00000000,248.81233638,2117.67779382,834.41035052,893.95440000,389.31304331,0.1258422111,0.1250000000,1,0,16.98639784
2024-09-10T11:45:00-04:00,2354.95207766,1300.00000000,247.70868383,2107.24339382,834.41035052,883.52000000,389.31304331,0.1260194163,0.1250000000,1,0,16.98639784
2024-09-10T12:00:00-04:00,2346.84156541,1300.00000000,247.21817159,2099.62339382,834.41035052,875.90000000,389.31304331,0.1262909678,0.1250000000,1,0,16.98639784
2024-09-10T12:15:00-04:00,2347.46944959,1300.00000000,247.58605577,2099.88339382,834.41035052,876.16000000,389.31304331,0.1264383453,0.1250000000,1,0,16.98639784
2024-09-10T12:30:00-04:00,2352.37400483,1300.00000000,247.77061100,2104.60339382,834.41035052,880.88000000,389.31304331,0.1262164629,0.1250000000,1,0,16.98639784
2024-09-10T12:45:00-04:00,2349.10282353,1300.00000000,248.21942971,2100.88339382,834.41035052,877.16000000,389.31304331,0.1266561507,0.1250000000,1,0,16.98639784
2024-09-10T13:00:00-04:00,2357.85770125,1300.00000000,248.90430743,2108.95339382,834.41035052,885.23000000,389.31304331,0.1264407726,0.1250000000,1,0,16.98639784
2024-09-10T13:15:00-04:00,2356.46910215,1300.00000000,248.68970832,2107.77939382,834.41035052,884.05600000,389.31304331,0.1264209350,0.1250000000,1,0,16.98639784
2024-09-10T13:30:00-04:00,2358.79616896,1300.00000000,249.11277513,2109.68339382,834.41035052,885.96000000,389.31304331,0.1264863719,0.1250000000,1,0,16.98639784
2024-09-10T13:45:00-04:00,2361.33689947,1300.00000000,249.33350564,2112.00339382,834.41035052,888.28000000,389.31304331,0.1264353394,0.1250000000,1,0,16.98639784
2024-09-10T14:00:00-04:00,2364.57938276,1300.00000000,249.91598893,2114.66339382,834.41035052,890.94000000,389.31304331,0.1265226790,0.1250000000,1,1,16.98639784
2024-09-10T14:15:00-04:00,2381.85527026,1300.00000000,249.91598893,2131.93928132,1.63623802,1740.99000000,389.31304331,0.1254256926,0.1250000000,2,0,49.28756062
2024-09-10T14:30:00-04:00,2385.26890523,1300.00000000,249.88962390,2135.37928132,1.63623802,1744.43000000,389.31304331,0.1251979709,0.1250000000,2,1,49.28756062
2024-09-10T14:45:00-04:00,2373.91224220,1300.00000000,249.79336087,2124.11888132,1.63623802,1733.16960000,389.31304331,0.1258658983,0.1250000000,2,0,49.28756062
2024-09-10T15:00:00-04:00,2373.95496937,1300.00000000,249.85528804,2124.09968132,1.63623802,1733.15040000,389.31304331,0.1258943917,0.1250000000,2,1,49.28756062
2024-09-10T15:15:00-04:00,2388.37113952,1300.00000000,250.16185820,2138.20928132,1.63623802,1747.26000000,389.31304331,0.1251398640,0.1250000000,2,2,49.28756062
2024-09-10T15:30:00-04:00,2373.87653529,1300.00000000,250.21765396,2123.65888132,1.63623802,1732.70960000,389.31304331,0.1260819596,0.1250000000,2,2,49.28756062
2024-09-10T15:45:00-04:00,2387.31446847,1300.00000000,250.34518715,2136.96928132,1.63623802,1746.02000000,389.31304331,0.1252978021,0.1250000000,2,3,49.28756062
2024-09-11T09:30:00-04:00,2395.08112861,1300.00000000,250.45064728,2144.63048132,1.63623802,1753.68120000,389.31304331,0.1248652071,0.1250000000,2,1,49.28756062
2024-09-11T09:45:00-04:00,2397.83030011,1300.00000000,249.60941878,2148.22088132,1.63623802,1757.27160000,389.31304331,0.1242754664,0.1250000000,2,0,16.98639784
2024-09-11T10:00:00-04:00,2393.76536158,1300.00000000,248.56708026,2145.19828132,1.63623802,1754.24900000,389.31304331,0.1240074797,0.1250000000,2,0,16.98639784
2024-09-11T10:15:00-04:00,2386.56110546,1300.00000000,248.32182414,2138.23928132,1.63623802,1747.29000000,389.31304331,0.1243319890,0.1250000000,2,0,16.98639784
2024-09-11T10:30:00-04:00,2362.75482485,1300.00000000,247.09554352,2115.65928132,1.63623802,1724.71000000,389.31304331,0.1252104551,0.1250000000,2,0,16.98639784
2024-09-11T10:45:00-04:00,2371.14531176,1300.00000000,247.34018651,2123.80512526,876.56821265,864.45000000,382.78691261,0.1243941669,0.1250000000,1,0,0.00000000
2024-09-11T11:00:00-04:00,2376.31563536,1300.00000000,248.26051011,2128.05512526,876.56821265,868.70000000,382.78691261,0.1245331995,0.1250000000,1,0,0.00000000
2024-09-11T11:15:00-04:00,2363.58770842,1300.00000000,248.28258316,2115.30512526,876.56821265,855.95000000,382.78691261,0.1253445494,0.1250000000,1,0,0.00000000
2024-09-11T11:30:00-04:00,2374.38717210,1300.00000000,249.73204684,2124.65512526,876.56821265,865.30000000,382.78691261,0.1253926563,0.1250000000,1,0,0.00000000
2024-09-11T11:45:00-04:00,2368.31025206,1300.00000000,249.60512680,2118.70512526,876.56821265,859.35000000,382.78691261,0.1257125121,0.1250000000,1,0,0.00000000
2024-09-11T12:00:00-04:00,2364.97750996,1300.00000000,250.52238470,2114.45512526,876.56821265,855.10000000,382.78691261,0.1263866275,0.1250000000,1,0,0.00000000
2024-09-11T12:15:00-04:00,2365.78133690,1300.00000000,251.32621164,2114.45512526,876.56821265,855.10000000,382.78691261,0.1267407556,0.1250000000,1,0,0.00000000
2024-09-11T12:30:00-04:00,2359.58608077,1300.00000000,251.08095552,2108.50512526,876.56821265,849.15000000,382.78691261,0.1270138917,0.1250000000,1,0,0.00000000
2024-09-11T12:45:00-04:00,2372.58133690,1300.00000000,251.32621164,2121.25512526,876.56821265,861.90000000,382.78691261,0.1263076268,0.1250000000,1,0,0.00000000
2024-09-11T13:00:00-04:00,2372.09983422,1300.00000000,251.69470896,2120.40512526,876.56821265,861.05000000,382.78691261,0.1265234374,0.1250000000,1,0,0.00000000
2024-09-11T13:15:00-04:00,2374.16036072,1300.00000000,252.05523546,2122.10512526,876.56821265,862.75000000,382.78691261,0.1265735644,0.1250000000,1,0,0.00000000
2024-09-11T13:30:00-04:00,2366.03498945,1300.00000000,252.42986419,2113.60512526,876.56821265,854.25000000,382.78691261,0.1272810331,0.1250000000,1,0,0.00000000
2024-09-11T13:45:00-04:00,2363.28087839,1300.00000000,252.61380628,2110.66707211,1721.02116079,0.00000000,389.64591132,0.1279941886,0.1250000000,0,0,0.00000000
2024-09-11T14:00:00-04:00,2363.80327393,1300.00000000,253.13620182,2110.66707211,1721.02116079,0.00000000,389.64591132,0.1282249362,0.1250000000,0,0,0.00000000
2024-09-11T14:15:00-04:00,2364.36000533,1300.00000000,253.69293322,2110.66707211,1721.02116079,0.00000000,389.64591132,0.1284707158,0.1250000000,0,0,0.00000000
2024-09-11T14:30:00-04:00,2364.87504319,1300.00000000,254.20797108,2110.66707211,1721.02116079,0.00000000,389.64591132,0.1286979657,0.1250000000,0,3,0.00000000
2024-09-11T14:45:00-04:00,2354.52819800,1300.00000000,253.52431964,2101.00387836,3.20876704,1708.14920000,389.64591132,0.1290277394,0.1250000000,2,0,48.53987226
2024-09-11T15:00:00-04:00,2346.22533563,1300.00000000,254.23065727,2091.99467836,3.20876704,1699.14000000,389.64591132,0.1299362827,0.1250000000,2,0,48.53987226
2024-09-11T15:15:00-04:00,2351.62188107,1300.00000000,253.47220271,2098.14967836,3.20876704,1705.29500000,389.64591132,0.1291923075,0.1250000000,2,0,48.53987226
2024-09-11T15:30:00-04:00,2370.66582116,1300.00000000,253.45074280,2117.21507836,3.20876704,1724.36040000,389.64591132,0.1279395232,0.1250000000,2,1,48.53987226
2024-09-11T15:45:00-04:00,2369.67221301,1300.00000000,253.34957465,2116.32263836,0.48672704,1726.19000000,389.64591132,0.1279526309,0.1250000000,3,2,48.62468142
2024-09-12T09:30:00-04:00,2359.05227152,1300.00000000,246.03315265,2113.01911887,5.53320755,1717.84000000,389.64591132,0.1249275709,0.1250000000,3,3,48.62468142
2024-09-12T09:45:00-04:00,2353.90834818,1300.00000000,245.31217638,2108.59617180,8.37493490,1710.78180000,389.43943689,0.1248745526,0.1250000000,2,1,48.53987226
2024-09-12T10:00:00-04:00,2372.18554589,1300.00000000,245.43233909,2126.75320680,0.14876990,1737.16500000,389.43943689,0.1237840478,0.1250000000,3,0,48.82584475
2024-09-12T10:15:00-04:00,2373.79209165,1300.00000000,246.57388486,2127.21820680,0.14876990,1737.63000000,389.43943689,0.1242591050,0.1250000000,3,0,48.82584475
2024-09-12T10:30:00-04:00,2374.04912555,1300.00000000,246.30351875,2127.74560680,0.14876990,1738.15740000,389.43943689,0.1241067804,0.1250000000,3,0,48.82584475
2024-09-12T10:45:00-04:00,2372.04635945,1300.00000000,246.03315265,2126.01320680,0.14876990,1736.42500000,389.43943689,0.1240957801,0.1250000000,3,0,48.82584475
2024-09-12T11:00:00-04:00,2388.37257979,1300.00000000,246.93437299,2141.43820680,0.14876990,1751.85000000,389.43943689,0.1235330826,0.1250000000,3,0,48.82584475
2024-09-12T11:15:00-04:00,2377.97668487,1300.00000000,246.27347808,2131.70320680,0.14876990,1742.11500000,389.43943689,0.1238465502,0.1250000000,3,0,48.82584475
2024-09-12T11:30:00-04:00,2377.73975945,1300.00000000,246.03315265,2131.70660680,0.14876990,1742.11840000,389.43943689,0.1237404379,0.1250000000,3,0,48.82584475
2024-09-12T11:45:00-04:00,2376.31611538,1300.00000000,245.85290858,2130.46320680,0.14876990,1740.87500000,389.43943689,0.1237383836,0.1250000000,3,0,48.82584475
2024-09-12T12:00:00-04:00,2376.62154759,1300.00000000,246.39364079,2130.22790680,0.14876990,1740.63970000,389.43943689,0.1239914749,0.1250000000,3,0,48.82584475
2024-09-12T12:15:00-04:00,2376.23568826,1300.00000000,246.42368147,2129.81200680,0.14876990,1740.22380000,389.43943689,0.1240306757,0.1250000000,3,0,48.53987226
2024-09-12T12:30:00-04:00,2362.69672555,1300.00000000,246.30351875,2116.39320680,0.14876990,1726.80500000,389.43943689,0.1248207825,0.1250000000,3,0,48.53987226
2024-09-12T12:45:00-04:00,2370.60626623,1300.00000000,246.33355943,2124.27270680,0.14876990,1734.68450000,389.43943689,0.1243376155,0.1250000000,3,0,48.53987226
2024-09-12T13:00:00-04:00,2364.89143791,1300.00000000,247.11461706,2117.77682085,8.44577780,1719.85000000,389.48104304,0.1250953309,0.1250000000,2,0,48.53987226
2024-09-12T13:15:00-04:00,2365.63176333,1300.00000000,247.35494248,2118.27682085,8.44577780,1720.35000000,389.48104304,0.1251700794,0.1250000000,2,0,48.53987226
2024-09-12T13:30:00-04:00,2370.96624469,1300.00000000,247.41502384,2123.55122085,8.44577780,1725.62440000,389.48104304,0.1248634225,0.1250000000,2,0,48.53987226
2024-09-12T13:45:00-04:00,2384.93233282,1300.00000000,247.77551198,2137.15682085,8.44577780,1739.23000000,389.48104304,0.1241701630,0.1250000000,2,0,48.53987226
2024-09-12T14:00:00-04:00,2375.91217011,1300.00000000,247.65534926,2128.25682085,8.44577780,1730.33000000,389.48104304,0.1246735142,0.1250000000,2,0,48.53987226
2024-09-12T14:15:00-04:00,2375.63212943,1300.00000000,247.62530859,2128.00682085,8.44577780,1730.08000000,389.48104304,0.1246759676,0.1250000000,2,0,48.53987226
2024-09-12T14:30:00-04:00,2371.40821418,1300.00000000,247.83559333,2123.57262085,8.44577780,1725.64580000,389.48104304,0.1250477802,0.1250000000,2,0,48.53987226
2024-09-12T14:45:00-04:00,2370.46549024,1300.00000000,247.44866940,2123.01682085,8.44577780,1725.09000000,389.48104304,0.1249119698,0.1250000000,2,1,48.53987226
2024-09-12T15:00:00-04:00,2374.14708875,1300.00000000,247.59526791,2126.55182085,8.44577780,1728.62500000,389.48104304,0.1247541209,0.1250000000,2,3,48.53987226
2024-09-12T15:15:00-04:00,2370.65867515,1300.00000000,247.50214181,2123.15653335,1.39049030,1732.28500000,389.48104304,0.1249267798,0.1250000000,3,1,48.79032452
2024-09-12T15:30:00-04:00,2372.23680464,1300.00000000,247.74547130,2124.49133335,1.39049030,1733.61980000,389.48104304,0.1249500700,0.1250000000,3,0,48.79032452
2024-09-12T15:45:00-04:00,2374.97696396,1300.00000000,247.71543062,2127.26153335,1.39049030,1736.39000000,389.48104304,0.1247624979,0.1250000000,3,0,48.79032452
2024-09-13T09:30:00-04:00,2408.58540122,1300.00000000,248.49648825,2160.08891297,4.12256993,1766.48530000,389.48104304,0.1230726323,0.1250000000,3,3,14.56174490
2024-09-13T09:45:00-04:00,2410.35627580,1300.00000000,248.25616282,2162.10011297,4.12256993,1768.49650000,389.48104304,0.1228458634,0.1250000000,3,0,14.56174490
2024-09-13T10:00:00-04:00,2410.35377580,1300.00000000,248.25616282,2162.09761297,4.12256993,1768.49400000,389.48104304,0.1228460154,0.1250000000,3,0,14.56174490
2024-09-13T10:15:00-04:00,2404.10461309,1300.00000000,248.13600011,2155.96861297,4.12256993,1762.36500000,389.48104304,0.1231674263,0.1250000000,3,0,14.31129265
2024-09-13T10:30:00-04:00,2402.98708258,1300.00000000,248.55656960,2154.43051297,4.12256993,1760.82690000,389.48104304,0.1234446606,0.1250000000,3,0,14.31129265
2024-09-13T10:45:00-04:00,2402.02150461,1300.00000000,248.64669164,2153.37481297,4.12256993,1759.77120000,389.48104304,0.1235486672,0.1250000000,3,0,14.31129265
2024-09-13T11:00:00-04:00,2395.51534529,1300.00000000,248.67673231,2146.83861297,4.12256993,1753.23500000,389.48104304,0.1239643470,0.1250000000,3,1,14.31129265
2024-09-13T11:15:00-04:00,2397.02983004,1300.00000000,248.88701706,2148.14281297,4.12256993,1754.53920000,389.48104304,0.1239755759,0.1250000000,3,2,14.31129265
2024-09-13T11:30:00-04:00,2389.70104291,1300.00000000,248.79689503,2140.90414789,955.40370689,790.71020000,394.79024100,0.1247157992,0.1250000000,2,2,14.31129265
2024-09-13T11:45:00-04:00,2390.48628084,1300.00000000,249.03722045,2141.44906039,2.43951939,1744.21930000,394.79024100,0.1247871497,0.1250000000,3,0,49.40347890
2024-09-13T12:00:00-04:00,2390.17149270,1300.00000000,248.67673231,2141.49476039,2.43951939,1744.26500000,394.79024100,0.1246261746,0.1250000000,3,0,49.40347890
2024-09-13T12:15:00-04:00,2385.80037406,1300.00000000,248.73681367,2137.06356039,2.43951939,1739.83380000,394.79024100,0.1249299587,0.1250000000,3,1,49.40347890
2024-09-13T12:30:00-04:00,2386.83982020,1300.00000000,248.67673231,2138.16308789,0.20784689,1743.16500000,394.79024100,0.1248346100,0.1250000000,4,0,49.47249301
2024-09-13T12:45:00-04:00,2385.61978888,1300.00000000,249.09670099,2136.52308789,0.20784689,1741.52500000,394.79024100,0.1251220634,0.1250000000,4,0,49.47249301
2024-09-13T13:00:00-04:00,2384.15555240,1300.00000000,249.21746452,2134.93808789,0.20784689,1739.94000000,394.79024100,0.1252748618,0.1250000000,4,0,49.47249301
2024-09-13T13:15:00-04:00,2381.11647105,1300.00000000,249.15738316,2131.95908789,0.20784689,1736.96100000,394.79024100,0.1254362850,0.1250000000,4,0,49.47249301
2024-09-13T13:30:00-04:00,2380.92934596,1300.00000000,249.28655808,2131.64278789,0.20784689,1736.64470000,394.79024100,0.1255131413,0.1250000000,4,0,49.47249301
2024-09-13T13:45:00-04:00,2377.74579647,1300.00000000,249.39770859,2128.34808789,0.20784689,1733.35000000,394.79024100,0.1257707002,0.1250000000,4,1,49.47249301
2024-09-13T14:00:00-04:00,2384.60794901,1300.00000000,249.06726113,2135.54068789,0.20784689,1740.54260000,394.79024100,0.1251708939,0.1250000000,4,0,49.47249301
2024-09-13T14:15:00-04:00,2385.33015928,1300.00000000,248.97713909,2136.35302019,7.35898562,1734.14750000,394.84653457,0.1250837415,0.1250000000,3,0,49.47249301
2024-09-13T14:30:00-04:00,2386.80801603,1300.00000000,248.79749584,2138.01052019,7.35898562,1735.80500000,394.84653457,0.1249007564,0.1250000000,3,2,49.47249301
2024-09-13T14:45:00-04:00,2387.90234700,1300.00000000,249.09730181,2138.80504519,0.05351062,1743.90500000,394.84653457,0.1249826022,0.1250000000,4,1,49.67238511
2024-09-13T15:00:00-04:00,2381.62174700,1300.00000000,249.09730181,2132.52444519,0.05351062,1737.62440000,394.84653457,0.1253776976,0.1250000000,4,0,49.67238511
2024-09-13T15:15:00-04:00,2385.21416428,1300.00000000,249.33161909,2135.88254519,0.05351062,1740.98250000,394.84653457,0.1252691289,0.1250000000,4,0,49.67238511
2024-09-13T15:30:00-04:00,2399.58667161,1300.00000000,249.33702642,2150.24964519,0.05351062,1755.34960000,394.84653457,0.1243737389,0.1250000000,4,2,49.67238511
2024-09-13T15:45:00-04:00,2405.77742835,1300.00000000,249.15738316,2156.62004519,0.05351062,1761.72000000,394.84653457,0.1239015144,0.1250000000,4,2,49.67238511
2024-09-16T09:30:00-04:00,2384.81559445,1300.00000000,247.65534926,2137.16024519,0.05351062,1742.26020000,394.84653457,0.1244518592,0.1250000000,4,2,49.67238511
2024-09-16T09:45:00-04:00,2391.25888205,1300.00000000,248.31083686,2142.94804519,0.05351062,1748.04800000,394.84653457,0.1243785319,0.1250000000,4,0,49.67238511
2024-09-16T10:00:00-04:00,2395.77618118,1300.00000000,248.19668228,2147.57949890,7.22969620,1745.57920000,394.77060270,0.1240359772,0.1250000000,3,1,49.47249301
2024-09-16T10:15:00-04:00,2387.28486376,1300.00000000,247.81456486,2139.47029890,7.22969620,1737.47000000,394.77060270,0.1243727936,0.1250000000,3,0,49.47249301
2024-09-16T10:30:00-04:00,2413.26927447,1300.00000000,247.08397557,2166.18529890,7.22969620,1764.18500000,394.77060270,0.1224097786,0.1250000000,3,0,49.47249301
2024-09-16T10:45:00-04:00,2391.95507867,1300.00000000,247.23477977,2144.72029890,7.22969620,1742.72000000,394.77060270,0.1237916591,0.1250000000,3,0,49.47249301
2024-09-16T11:00:00-04:00,2391.75627778,1300.00000000,247.35494248,2144.40133530,9.41686796,1740.24000000,394.74446734,0.1238625336,0.1250000000,2,1,49.40347890
2024-09-16T11:15:00-04:00,2396.07327699,1300.00000000,247.71543062,2148.35784637,3.96087903,1749.65250000,394.74446734,0.1237754783,0.1250000000,3,0,49.57025419
2024-09-16T11:30:00-04:00,2412.82028886,1300.00000000,247.35494248,2165.46534637,3.96087903,1766.76000000,394.74446734,0.1225696973,0.1250000000,3,0,49.57025419
2024-09-16T11:45:00-04:00,2418.78743211,1300.00000000,247.53458574,2171.25284637,3.96087903,1772.54750000,394.74446734,0.1222971004,0.1250000000,3,1,14.47806794
2024-09-16T12:00:00-04:00,2406.07212615,1300.00000000,247.23477977,2158.83734637,3.96087903,1760.13200000,394.74446734,0.1229211853,0.1250000000,3,1,14.47806794
2024-09-16T12:15:00-04:00,2416.20416859,1300.00000000,247.41382221,2168.79034637,3.96087903,1770.08500000,394.74446734,0.1223936456,0.1250000000,3,0,14.47806794
2024-09-16T12:30:00-04:00,2414.59376126,1300.00000000,247.40841489,2167.18534637,3.96087903,1768.48000000,394.74446734,0.1224885518,0.1250000000,3,0,14.47806794
2024-09-16T12:45:00-04:00,2422.68766208,1300.00000000,247.40901570,2175.27864637,3.96087903,1776.57330000,394.74446734,0.1219999733,0.1250000000,3,0,14.47806794
2024-09-16T13:00:00-04:00,2420.54713293,1300.00000000,247.53518655,2173.01194637,3.96087903,1774.30660000,394.74446734,0.1221911644,0.1250000000,3,0,14.47806794
2024-09-16T13:15:00-04:00,2427.43020750,1300.00000000,247.29486113,2180.13534637,3.96087903,1781.43000000,394.74446734,0.1216591705,0.1250000000,3,2,14.47806794
2024-09-16T13:30:00-04:00,2429.48077699,1300.00000000,247.71543062,2181.76534637,3.96087903,1783.06000000,394.74446734,0.1217432595,0.1250000000,3,2,14.47806794
2024-09-16T13:45:00-04:00,2435.98758415,1300.00000000,247.77551198,2188.21207217,0.39260483,1793.07500000,394.74446734,0.1213846160,0.1250000000,4,2,14.57689328
2024-09-16T14:00:00-04:00,2434.91754347,1300.00000000,247.74547130,2187.17207217,0.39260483,1792.03500000,394.74446734,0.1214335559,0.1250000000,4,0,14.57689328
2024-09-16T14:15:00-04:00,2432.84881181,1300.00000000,247.79593964,2185.05287217,0.39260483,1789.91580000,394.74446734,0.1215815767,0.1250000000,4,0,14.57689328
2024-09-16T14:30:00-04:00,2441.44150279,1300.00000000,247.71543062,2193.72607217,0.39260483,1798.58900000,394.74446734,0.1210318021,0.1250000000,4,1,14.57689328
2024-09-16T14:45:00-04:00,2436.23146551,1300.00000000,247.83559333,2188.39587217,0.39260483,1793.25880000,394.74446734,0.1213995453,0.1250000000,4,0,14.57689328
2024-09-16T15:00:00-04:00,2439.03303161,1300.00000000,248.10595943,2190.92707217,0.39260483,1795.79000000,394.74446734,0.1213654294,0.1250000000,4,2,14.57689328
2024-09-16T15:15:00-04:00,2433.42524137,1300.00000000,248.11316920,2185.31207217,0.39260483,1790.17500000,394.74446734,0.1217028052,0.1250000000,4,1,14.57689328
2024-09-16T15:30:00-04:00,2427.03307229,1300.00000000,248.13600011,2178.89707217,0.39260483,1783.76000000,394.74446734,0.1220968319,0.1250000000,4,0,14.57689328
2024-09-16T15:45:00-04:00,2410.14307229,1300.00000000,248.13600011,2162.00707217,0.39260483,1766.87000000,394.74446734,0.1231200615,0.1250000000,4,0,14.41011800
2024-09-17T09:30:00-04:00,2451.75134617,1300.00000000,249.81827808,2201.93306810,1002.75289954,778.62960000,420.55056855,0.1229904403,0.1250000000,2,4,14.41011800
2024-09-17T09:45:00-04:00,2465.94267247,1300.00000000,249.75819672,2216.18447575,1.61280719,1794.02110000,420.55056855,0.1221077349,0.1250000000,4,1,51.09141515
2024-09-17T10:00:00-04:00,2466.93476135,1300.00000000,250.04538560,2216.88937575,1.61280719,1794.72600000,420.55056855,0.1221888766,0.1250000000,4,2,51.09141515
2024-09-17T10:15:00-04:00,2471.80016105,1300.00000000,250.11868486,2221.68147619,5.30382193,1795.75500000,420.62265426,0.1219390735,0.1250000000,3,2,50.31991748
2024-09-17T10:30:00-04:00,2480.92889923,1300.00000000,250.14872554,2230.78017369,2.23151943,1807.92600000,420.62265426,0.1214133705,0.1250000000,4,1,50.40408243
2024-09-17T10:45:00-04:00,2480.14220770,1300.00000000,249.63803401,2230.50417369,2.23151943,1807.65000000,420.62265426,0.1212117815,0.1250000000,4,0,50.40408243
2024-09-17T11:00:00-04:00,2483.89689584,1300.00000000,249.99852215,2233.89837369,2.23151943,1811.04420000,420.62265426,0.1211659202,0.1250000000,4,0,50.40408243
2024-09-17T11:15:00-04:00,2485.43187730,1300.00000000,249.81827808,2235.61359923,25.55887158,1788.86780000,421.18692764,0.1210216249,0.1250000000,3,1,50.40408243
2024-09-17T11:30:00-04:00,2486.96410177,1300.00000000,249.51787130,2237.44623048,0.11480283,1816.14450000,421.18692764,0.1207864403,0.1250000000,4,0,51.17508489
2024-09-17T11:45:00-04:00,2488.06099716,1300.00000000,249.80986669,2238.25113048,0.11480283,1816.94940000,421.18692764,0.1208636125,0.1250000000,4,1,15.16646006
2024-09-17T12:00:00-04:00,2489.22826672,1300.00000000,249.41813625,2239.81013048,0.11480283,1818.50840000,421.18692764,0.1206059722,0.1250000000,4,1,15.16646006
2024-09-17T12:15:00-04:00,2495.82089628,1300.00000000,248.84916581,2246.97173048,0.11480283,1825.67000000,421.18692764,0.1199484678,0.1250000000,4,0,15.16646006
2024-09-17T12:30:00-04:00,2493.52544611,1300.00000000,248.22131564,2245.30413048,0.11480283,1824.00240000,421.18692764,0.1197783632,0.1250000000,4,0,15.16646006
2024-09-17T12:45:00-04:00,2463.31978974,1300.00000000,248.25616282,2215.06362692,3.13266952,1790.77600000,421.15495740,0.1215651934,0.1250000000,3,0,15.08229511
2024-09-17T13:00:00-04:00,2461.73338635,1300.00000000,248.10595943,2213.62742692,3.13266952,1789.33980000,421.15495740,0.1215860934,0.1250000000,3,0,15.08229511
2024-09-17T13:15:00-04:00,2475.60412507,1300.00000000,248.65149815,2226.95262692,3.13266952,1802.66500000,421.15495740,0.1210307376,0.1250000000,3,0,15.08229511
2024-09-17T13:30:00-04:00,2460.86126093,1300.00000000,247.86563401,2212.99562692,3.13266952,1788.70800000,421.15495740,0.1215202569,0.1250000000,3,0,15.08229511
2024-09-17T13:45:00-04:00,2458.38618862,1300.00000000,248.49648825,2209.88970038,990.94389190,792.48300000,426.46280848,0.1222961902,0.1250000000,2,0,15.08229511
2024-09-17T14:00:00-04:00,2457.84826998,1300.00000000,248.55656960,2209.29170038,990.94389190,791.88500000,426.46280848,0.1223581513,0.1250000000,2,0,15.08229511
2024-09-17T14:15:00-04:00,2457.76791283,1300.00000000,248.61665096,2209.15126187,1015.89057107,767.09000000,426.17069080,0.1223749709,0.1250000000,1,0,14.31129265
2024-09-17T14:30:00-04:00,2458.49783147,1300.00000000,248.55656960,2209.94126187,1015.89057107,767.88000000,426.17069080,0.1223014566,0.1250000000,1,0,14.31129265
2024-09-17T14:45:00-04:00,2455.86798659,1300.00000000,248.37572472,2207.49226187,1015.89057107,765.43100000,426.17069080,0.1223708211,0.1250000000,1,0,14.31129265
2024-09-17T15:00:00-04:00,2457.97331283,1300.00000000,248.61665096,2209.35666187,1015.89057107,767.29540000,426.17069080,0.1223625997,0.1250000000,1,0,14.31129265
2024-09-17T15:15:00-04:00,2457.34674252,1300.00000000,248.19548065,2209.15126187,1015.89057107,767.09000000,426.17069080,0.1221929928,0.1250000000,1,1,14.31129265
2024-09-17T15:30:00-04:00,2454.07984969,1300.00000000,248.25616282,2205.82368687,145.13799607,1634.51500000,426.17069080,0.1224197651,0.1250000000,2,1,32.70091863
2024-09-17T15:45:00-04:00,2445.77381112,1300.00000000,248.73681367,2197.03699745,766.83273458,1009.54000000,420.66426288,0.1228263498,0.1250000000,2,3,22.26976492
2024-09-18T09:30:00-04:00,2431.94704144,1300.00000000,248.87920648,2183.06783495,0.70857208,1761.69500000,420.66426288,0.1237415291,0.1250000000,3,3,42.74051616
2024-09-18T09:45:00-04:00,2433.91852769,1300.00000000,248.87920648,2185.03932120,0.02305833,1764.35200000,420.66426288,0.1236203548,0.1250000000,4,2,42.79326824
2024-09-18T10:00:00-04:00,2431.14289081,1300.00000000,248.55656960,2182.58632120,0.02305833,1761.89900000,420.66426288,0.1236305456,0.1250000000,4,0,42.79326824
2024-09-18T10:15:00-04:00,2441.58200565,1300.00000000,248.78908445,2192.79292120,0.02305833,1772.10560000,420.66426288,0.1231069821,0.1250000000,4,0,42.79326824
2024-09-18T10:30:00-04:00,2447.32426888,1300.00000000,248.91705774,2198.40721114,142.01282188,1637.20480000,419.18958926,0.1227320159,0.1250000000,3,2,38.91312930
2024-09-18T10:45:00-04:00,2440.89914604,1300.00000000,248.80891130,2192.09023474,27.29164548,1745.60900000,419.18958926,0.1230685736,0.1250000000,4,0,43.83281162
2024-09-18T11:00:00-04:00,2433.20532299,1300.00000000,248.49648825,2184.70883474,27.29164548,1738.22760000,419.18958926,0.1233835884,0.1250000000,4,0,43.83281162
2024-09-18T11:15:00-04:00,2422.66351844,1300.00000000,248.43640689,2174.22711155,886.05601462,876.02220000,412.14889693,0.1235685651,0.1250000000,3,0,25.44318564
2024-09-18T11:30:00-04:00,2415.86374895,1300.00000000,248.01583740,2167.84791155,886.05601462,869.64300000,412.14889693,0.1237780102,0.1250000000,3,0,25.44318564
2024-09-18T11:45:00-04:00,2414.74454299,1300.00000000,247.71603143,2167.02851155,886.05601462,868.82360000,412.14889693,0.1236974783,0.1250000000,3,0,25.44318564
2024-09-18T12:00:00-04:00,2420.71030488,1300.00000000,247.83559333,2172.87471155,886.05601462,874.66980000,412.14889693,0.1233896023,0.1250000000,3,1,25.44318564
2024-09-18T12:15:00-04:00,2433.81467967,1300.00000000,248.67673231,2185.13794735,0.10645042,1772.88260000,412.14889693,0.1230058571,0.1250000000,4,1,60.71798666
2024-09-18T12:30:00-04:00,2445.62671357,1300.00000000,248.40636621,2197.22034735,0.10645042,1784.96500000,412.14889693,0.1221583851,0.1250000000,4,0,60.71798666
2024-09-18T12:45:00-04:00,2449.16231696,1300.00000000,248.55656960,2200.60574735,0.10645042,1788.35040000,412.14889693,0.1220200943,0.1250000000,4,0,60.71798666
2024-09-18T13:00:00-04:00,2431.27794812,1300.00000000,248.73681367,2182.54113444,0.75843137,1769.65350000,412.12920307,0.1231889499,0.1250000000,3,0,60.66523457
2024-09-18T13:15:00-04:00,2431.99885720,1300.00000000,248.89122276,2183.10763444,0.75843137,1770.22000000,412.12920307,0.1232214278,0.1250000000,3,0,60.66523457
2024-09-18T13:30:00-04:00,2429.06813489,1300.00000000,248.50550045,2180.56263444,0.75843137,1767.67500000,412.12920307,0.1232092338,0.1250000000,3,0,60.66523457
2024-09-18T13:45:00-04:00,2432.48697191,1300.00000000,248.97593747,2183.51103444,0.75843137,1770.62340000,412.12920307,0.1232335883,0.1250000000,3,0,60.66523457
2024-09-18T14:00:00-04:00,2458.17163706,1300.00000000,249.09790262,2209.07373444,0.75843137,1796.18610000,412.12920307,0.1217462055,0.1250000000,3,3,40.19448333
2024-09-18T14:15:00-04:00,2489.36127862,1300.00000000,250.08864418,2239.27263444,0.75843137,1826.38500000,412.12920307,0.1203951389,0.1250000000,3,1,40.19448333
2024-09-18T14:30:00-04:00,2487.46603418,1300.00000000,249.63803401,2237.82800017,792.29440190,1018.48000000,427.05359826,0.1211592542,0.1250000000,2,0,40.19448333
2024-09-18T14:45:00-04:00,2488.40630957,1300.00000000,249.39830940,2239.00800017,792.29440190,1019.66000000,427.05359826,0.1209876932,0.1250000000,2,0,40.19448333
2024-09-18T15:00:00-04:00,2477.01558672,1300.00000000,249.30758655,2227.70800017,792.29440190,1008.36000000,427.05359826,0.1216157119,0.1250000000,2,0,40.19448333
2024-09-18T15:15:00-04:00,2476.38962740,1300.00000000,249.33762723,2227.05200017,792.29440190,1007.70400000,427.05359826,0.1216675175,0.1250000000,2,0,40.19448333
2024-09-18T15:30:00-04:00,2459.10456977,1300.00000000,248.55656960,2210.54800017,792.29440190,991.20000000,427.05359826,0.1223180782,0.1250000000,2,0,40.19448333
2024-09-18T15:45:00-04:00,2443.64383756,1300.00000000,248.01583740,2195.62800017,792.29440190,976.28000000,427.05359826,0.1229877208,0.1250000000,2,0,40.19448333
2024-09-19T09:30:00-04:00,2441.50269411,1300.00000000,260.11459711,2181.38809700,784.53449874,969.80000000,427.05359826,0.1291244329,0.1250000000,2,4,40.19448333
2024-09-19T09:45:00-04:00,2440.43371661,1300.00000000,259.76715750,2180.66655911,876.22069947,890.68000000,413.76585964,0.1281745090,0.1250000000,3,1,56.68060577
2024-09-19T10:00:00-04:00,2447.05348899,1300.00000000,260.17714863,2186.87634036,102.81608072,1670.29440000,413.76585964,0.1279588509,0.1250000000,4,2,76.23378318
2024-09-19T10:15:00-04:00,2462.12680891,1300.00000000,260.72524855,2201.40156036,8.90570072,1778.73000000,413.76585964,0.1272848170,0.1250000000,5,1,81.04711638
2024-09-19T10:30:00-04:00,2453.15496313,1300.00000000,260.85840276,2192.29656036,8.90570072,1769.62500000,413.76585964,0.1279100699,0.1250000000,5,1,81.04711638
2024-09-19T10:45:00-04:00,2446.07743178,1300.00000000,260.48742892,2185.59000286,2.29074322,1769.53340000,413.76585964,0.1281729792,0.1250000000,6,0,81.25940657
2024-09-19T11:00:00-04:00,2461.43840904,1300.00000000,260.67260618,2200.76580286,2.29074322,1784.70920000,413.76585964,0.1273019000,0.1250000000,6,0,81.25940657
2024-09-19T11:15:00-04:00,2477.24431508,1300.00000000,261.10551222,2216.13880286,2.29074322,1800.08220000,413.76585964,0.1265365827,0.1250000000,6,0,81.25940657
2024-09-19T11:30:00-04:00,2479.94547002,1300.00000000,260.98226715,2218.96320286,2.29074322,1802.90660000,413.76585964,0.1263115103,0.1250000000,6,0,81.25940657
2024-09-19T11:45:00-04:00,2474.80950563,1300.00000000,260.85840276,2213.95110286,2.29074322,1797.89450000,413.76585964,0.1265661711,0.1250000000,6,0,81.25940657
2024-09-19T12:00:00-04:00,2478.51218967,1300.00000000,261.03738681,2217.47480286,2.29074322,1801.41820000,413.76585964,0.1264258873,0.1250000000,6,0,81.25940657
2024-09-19T12:15:00-04:00,2494.16006660,1300.00000000,261.16806374,2232.99200286,2.29074322,1816.93540000,413.76585964,0.1255377769,0.1250000000,6,0,81.25940657
2024-09-19T12:30:00-04:00,2500.13109879,1300.00000000,261.22999593,2238.90110286,2.29074322,1822.84450000,413.76585964,0.1252081807,0.1250000000,6,0,81.25940657
2024-09-19T12:45:00-04:00,2504.86955913,1300.00000000,261.24795627,2243.62160286,2.29074322,1827.56500000,413.76585964,0.1249330468,0.1250000000,6,0,76.33972425
2024-09-19T13:00:00-04:00,2501.96751167,1300.00000000,261.29130880,2240.67620286,2.29074322,1824.61960000,413.76585964,0.1251274313,0.1250000000,6,0,76.33972425
2024-09-19T13:15:00-04:00,2503.21885373,1300.00000000,261.10675086,2242.11210286,2.29074322,1826.05550000,413.76585964,0.1249641660,0.1250000000,6,0,75.52995688
2024-09-19T13:30:00-04:00,2507.47962892,1300.00000000,261.51302606,2245.96660286,2.29074322,1829.91000000,413.76585964,0.1249039052,0.1250000000,6,0,75.52995688
2024-09-19T13:45:00-04:00,2510.63709919,1300.00000000,261.53965690,2249.09744229,118.20706933,1716.42260000,414.46777296,0.1247702910,0.1250000000,5,1,75.52995688
2024-09-19T14:00:00-04:00,2501.57582136,1300.00000000,261.35386032,2240.22196104,0.14358808,1825.61060000,414.46777296,0.1252229661,0.1250000000,6,0,79.35185757
2024-09-19T14:15:00-04:00,2498.83182136,1300.00000000,261.35386032,2237.47796104,0.14358808,1822.86660000,414.46777296,0.1253878182,0.1250000000,6,0,79.35185757
2024-09-19T14:30:00-04:00,2492.86070441,1300.00000000,261.36934337,2231.49136104,0.14358808,1816.88000000,414.46777296,0.1257555005,0.1250000000,6,0,79.35185757
2024-09-19T14:45:00-04:00,2491.12093558,1300.00000000,261.45047454,2229.67046104,0.14358808,1815.05910000,414.46777296,0.1258999236,0.1250000000,6,0,79.35185757
2024-09-19T15:00:00-04:00,2467.97442477,1300.00000000,261.16806374,2206.80636104,0.14358808,1792.19500000,414.46777296,0.1271815037,0.1250000000,6,0,79.35185757
2024-09-19T15:15:00-04:00,2466.98839195,1300.00000000,261.10613154,2205.88226041,115.74529275,1677.11500000,413.02196766,0.1271228821,0.1250000000,5,0,75.52995688
2024-09-19T15:30:00-04:00,2479.50125634,1300.00000000,261.22999593,2218.27126041,115.74529275,1689.50400000,413.02196766,0.1264130724,0.1250000000,5,0,75.52995688
2024-09-19T15:45:00-04:00,2466.87759537,1300.00000000,260.92033496,2205.95726041,115.74529275,1677.19000000,413.02196766,0.1270392775,0.1250000000,5,1,75.52995688
2024-09-20T09:30:00-04:00,2426.57563057,1300.00000000,260.54874179,2166.02688878,137.72539848,1616.10180000,412.19969031,0.1293446454,0.1250000000,3,2,75.31766669
2024-09-20T09:45:00-04:00,2410.67373991,1300.00000000,260.17714863,2150.49659128,3.09450098,1735.20240000,412.19969031,0.1301879045,0.1250000000,4,1,79.02617190
2024-09-20T10:00:00-04:00,2410.17797894,1300.00000000,259.86748765,2150.31049128,3.09450098,1735.01630000,412.19969031,0.1300652210,0.1250000000,4,0,79.02617190
2024-09-20T10:15:00-04:00,2419.00182806,1300.00000000,260.09663677,2158.90519128,3.09450098,1743.61100000,412.19969031,0.1296075143,0.1250000000,4,0,75.31766669
2024-09-20T10:30:00-04:00,2414.85294162,1300.00000000,260.08425033,2154.76869128,3.09450098,1739.47450000,412.19969031,0.1298698365,0.1250000000,4,1,75.31766669
2024-09-20T10:45:00-04:00,2394.65618235,1300.00000000,259.68169107,2134.97449128,3.09450098,1719.68030000,412.19969031,0.1309898563,0.1250000000,4,0,75.31766669
2024-09-20T11:00:00-04:00,2377.65985235,1300.00000000,259.37203010,2118.28782225,138.91939556,1566.46750000,412.90092669,0.1320121399,0.1250000000,3,0,75.31766669
2024-09-20T11:15:00-04:00,2374.66705249,1300.00000000,259.31009791,2115.35695458,862.53361963,858.97000000,393.85333495,0.1309108957,0.1250000000,2,0,24.36651061
2024-09-20T11:30:00-04:00,2381.90251004,1300.00000000,259.80555546,2122.09695458,862.53361963,865.71000000,393.85333495,0.1306836665,0.1250000000,2,1,24.36651061
2024-09-20T11:45:00-04:00,2390.88257102,1300.00000000,260.11521643,2130.76735458,9.09401963,1727.82000000,393.85333495,0.1302510808,0.1250000000,3,0,48.48934567
2024-09-20T12:00:00-04:00,2398.43951950,1300.00000000,260.05266492,2138.38685458,9.09401963,1735.43950000,393.85333495,0.1297288522,0.1250000000,3,1,48.48934567
2024-09-20T12:15:00-04:00,2405.59163031,1300.00000000,260.33507572,2145.25655458,9.09401963,1742.30920000,393.85333495,0.1294080231,0.1250000000,3,0,48.48934567
2024-09-20T12:30:00-04:00,2400.59910321,1300.00000000,260.17714863,2140.42195458,9.09401963,1737.47460000,393.85333495,0.1296512756,0.1250000000,3,0,48.48934567
2024-09-20T12:45:00-04:00,2407.97598993,1300.00000000,260.60943534,2147.36655458,9.09401963,1744.41920000,393.85333495,0.1293910451,0.1250000000,3,1,48.48934567
2024-09-20T13:00:00-04:00,2401.45447479,1300.00000000,260.36294521,2141.09152958,2.78929463,1744.44890000,393.85333495,0.1296885821,0.1250000000,4,1,48.59452104
2024-09-20T13:15:00-04:00,2393.34373971,1300.00000000,260.17714863,2133.16659108,0.06925613,1739.24400000,393.85333495,0.1301217290,0.1250000000,5,0,48.74779506
2024-09-20T13:30:00-04:00,2401.39393459,1300.00000000,260.45584350,2140.93809108,0.06925613,1747.01550000,393.85333495,0.1297387677,0.1250000000,5,0,48.74779506
2024-09-20T13:45:00-04:00,2400.88070581,1300.00000000,260.20811472,2140.67259108,0.06925613,1746.75000000,393.85333495,0.1296485133,0.1250000000,5,0,48.74779506
2024-09-20T14:00:00-04:00,2400.64481435,1300.00000000,259.74362327,2140.90119108,0.06925613,1746.97860000,393.85333495,0.1294322933,0.1250000000,5,0,48.74779506
2024-09-20T14:15:00-04:00,2404.18639065,1300.00000000,259.58259956,2144.60379108,0.06925613,1750.68120000,393.85333495,0.1291241761,0.1250000000,5,0,48.74779506
2024-09-20T14:30:00-04:00,2404.37238386,1300.00000000,259.58879278,2144.78359108,0.06925613,1750.86100000,393.85333495,0.1291153113,0.1250000000,5,1,24.62495999
2024-09-20T14:45:00-04:00,2410.58114313,1300.00000000,259.99135204,2150.58979108,0.06925613,1756.66720000,393.85333495,0.1289174231,0.1250000000,5,1,24.62495999
2024-09-20T15:00:00-04:00,2416.25384172,1300.00000000,260.32145064,2155.93239108,0.06925613,1762.00980000,393.85333495,0.1287190395,0.1250000000,5,1,24.62495999
2024-09-20T15:15:00-04:00,2430.71617191,1300.00000000,260.23908082,2170.47709108,0.06925613,1776.55450000,393.85333495,0.1277646566,0.1250000000,5,1,24.62495999
2024-09-20T15:30:00-04:00,2430.89187756,1300.00000000,260.98288648,2169.90899108,0.06925613,1775.98640000,393.85333495,0.1281187769,0.1250000000,5,1,24.62495999
2024-09-20T15:45:00-04:00,2433.11736849,1300.00000000,260.42487740,2172.69249108,0.06925613,1778.76990000,393.85333495,0.1277053256,0.1250000000,5,1,24.62495999
2024-09-23T09:30:00-04:00,2435.10779531,1300.00000000,261.19159797,2173.91619733,3.01072296,1759.09000000,411.81547437,0.1290923685,0.1250000000,4,2,49.60594296
2024-09-23T09:45:00-04:00,2449.94052408,1300.00000000,261.43932675,2188.50119733,3.01072296,1773.67500000,411.81547437,0.1282744289,0.1250000000,4,2,49.50076760
2024-09-23T10:00:00-04:00,2445.01426240,1300.00000000,261.38606506,2183.62819733,3.01072296,1768.80200000,411.81547437,0.1285590305,0.1250000000,4,2,49.50076760
2024-09-23T10:15:00-04:00,2452.76068643,1300.00000000,261.60158910,2191.15909733,3.01072296,1776.33290000,411.81547437,0.1281766838,0.1250000000,4,1,49.50076760
2024-09-23T10:30:00-04:00,2454.83778643,1300.00000000,261.60158910,2193.23619733,3.01072296,1778.41000000,411.81547437,0.1280463691,0.1250000000,4,1,49.50076760
2024-09-23T10:45:00-04:00,2457.61258643,1300.00000000,261.60158910,2196.01099733,3.01072296,1781.18480000,411.81547437,0.1278726945,0.1250000000,4,0,49.50076760
2024-09-23T11:00:00-04:00,2463.20394210,1300.00000000,261.44675861,2201.75718349,9.34711249,1780.57600000,411.83407100,0.1274498384,0.1250000000,3,0,49.50076760
2024-09-23T11:15:00-04:00,2473.09890820,1300.00000000,261.47772471,2211.62118349,9.34711249,1790.44000000,411.83407100,0.1268530467,0.1250000000,3,1,49.50076760
2024-09-23T11:30:00-04:00,2471.59935327,1300.00000000,261.72545349,2209.87389979,1.22942879,1796.81040000,411.83407100,0.1270656690,0.1250000000,4,0,49.81952437
2024-09-23T11:45:00-04:00,2477.93188547,1300.00000000,261.78738568,2216.14449979,1.22942879,1803.08100000,411.83407100,0.1267061917,0.1250000000,4,0,49.81952437
2024-09-23T12:00:00-04:00,2483.73390653,1300.00000000,261.51240674,2222.22149979,1.22942879,1809.15800000,411.83407100,0.1262186532,0.1250000000,4,0,19.87193417
2024-09-23T12:15:00-04:00,2481.21342791,1300.00000000,261.29192813,2219.92149979,1.22942879,1806.85800000,411.83407100,0.1262658426,0.1250000000,4,0,19.87193417
2024-09-23T12:30:00-04:00,2479.84078387,1300.00000000,261.14948408,2218.69129979,1.22942879,1805.62780000,411.83407100,0.1262807719,0.1250000000,4,0,19.87193417
2024-09-23T12:45:00-04:00,2485.06379335,1300.00000000,261.21389356,2223.84989979,1.22942879,1810.78640000,411.83407100,0.1259937048,0.1250000000,4,1,19.87193417
2024-09-23T13:00:00-04:00,2479.40503133,1300.00000000,261.10613154,2218.29889979,1.22942879,1805.23540000,411.83407100,0.1262864185,0.1250000000,4,0,19.87193417
2024-09-23T13:15:00-04:00,2469.64226694,1300.00000000,260.98226715,2208.65999979,1.22942879,1795.59650000,411.83407100,0.1268253609,0.1250000000,4,1,19.87193417
2024-09-23T13:30:00-04:00,2470.18309572,1300.00000000,261.22999593,2208.95309979,1.22942879,1795.88960000,411.83407100,0.1269123908,0.1250000000,4,0,19.87193417
2024-09-23T13:45:00-04:00,2481.76204724,1300.00000000,261.29254745,2220.46949979,1.22942879,1807.40600000,411.83407100,0.1262326759,0.1250000000,4,1,19.87193417
2024-09-23T14:00:00-04:00,2475.95797943,1300.00000000,261.35447964,2214.60349979,1.22942879,1801.54000000,411.83407100,0.1266176311,0.1250000000,4,0,19.87193417
2024-09-23T14:15:00-04:00,2477.31602450,1300.00000000,261.47772471,2215.83829979,1.22942879,1802.77480000,411.83407100,0.1265940495,0.1250000000,4,0,19.87193417
2024-09-23T14:30:00-04:00,2480.86129059,1300.00000000,261.50869081,2219.35259979,1.22942879,1806.28910000,411.83407100,0.1263920979,0.1250000000,4,0,19.87193417
2024-09-23T14:45:00-04:00,2477.15635669,1300.00000000,261.53965690,2215.61669979,1.22942879,1802.55320000,411.83407100,0.1266338231,0.1250000000,4,0,19.87193417
2024-09-23T15:00:00-04:00,2476.63816956,1300.00000000,261.60096978,2215.03719979,1.22942879,1801.97370000,411.83407100,0.1266952976,0.1250000000,4,2,19.87193417
2024-09-23T15:15:00-04:00,2483.67783395,1300.00000000,261.72483416,2221.95299979,1.22942879,1808.88950000,411.83407100,0.1263245998,0.1250000000,4,0,19.87193417
2024-09-23T15:30:00-04:00,2478.82542450,1300.00000000,261.47772471,2217.34769979,1.22942879,1804.28420000,411.83407100,0.1265016055,0.1250000000,4,0,19.87193417
2024-09-23T15:45:00-04:00,2481.84365498,1300.00000000,261.63255519,2220.21109979,1.22942879,1807.14760000,411.83407100,0.1263919536,0.1250000000,4,2,19.87193417
2024-09-24T09:30:00-04:00,2493.98587083,1300.00000000,262.22091104,2231.76495979,101.90038919,1714.06000000,415.80457060,0.1261780726,0.1250000000,3,3,19.87193417
2024-09-24T09:45:00-04:00,2493.26737254,1300.00000000,262.12801275,2231.13935979,1.02478919,1814.31000000,415.80457060,0.1261769946,0.1250000000,5,1,21.89975046
2024-09-24T10:00:00-04:00,2468.44757590,1300.00000000,261.47772471,2206.96985119,896.18550012,888.30900000,422.47535107,0.1278012094,0.1250000000,4,0,21.89975046
2024-09-24T10:15:00-04:00,2464.17005054,1300.00000000,261.04419935,2203.12585119,896.18550012,884.46500000,422.47535107,0.1278566278,0.1250000000,4,0,21.89975046
2024-09-24T10:30:00-04:00,2465.34743190,1300.00000000,260.96988071,2204.37755119,896.18550012,885.71670000,422.47535107,0.1277465599,0.1250000000,4,0,21.89975046
2024-09-24T10:45:00-04:00,2471.75323687,1300.00000000,261.78738568,2209.96585119,896.18550012,891.30500000,422.47535107,0.1277461624,0.1250000000,4,0,21.89975046
2024-09-24T11:00:00-04:00,2474.60308971,1300.00000000,262.06793852,2212.53515119,896.18550012,893.87430000,422.47535107,0.1277054706,0.1250000000,4,2,21.89975046
2024-09-24T11:15:00-04:00,2474.12805112,1300.00000000,262.26302493,2211.86502619,0.01387512,1789.37580000,422.47535107,0.1278301269,0.1250000000,6,0,40.23105391
2024-09-24T11:30:00-04:00,2484.01350162,1300.00000000,262.34477543,2221.66872619,0.01387512,1799.17950000,422.47535107,0.1272568132,0.1250000000,6,0,40.23105391
2024-09-24T11:45:00-04:00,2486.50122186,1300.00000000,263.05699567,2223.44422619,0.01387512,1800.95500000,422.47535107,0.1274484973,0.1250000000,6,0,40.23105391
2024-09-24T12:00:00-04:00,2490.25036590,1300.00000000,263.19943971,2227.05092619,0.01387512,1804.56170000,422.47535107,0.1272863043,0.1250000000,6,0,20.67787650
2024-09-24T12:15:00-04:00,2480.52315576,1300.00000000,263.02602957,2217.49712619,0.01387512,1795.00790000,422.47535107,0.1278036540,0.1250000000,6,0,20.67787650
2024-09-24T12:30:00-04:00,2482.92139137,1300.00000000,262.90216518,2220.01922619,0.01387512,1797.53000000,422.47535107,0.1275947829,0.1250000000,6,0,20.67787650
2024-09-24T12:45:00-04:00,2480.40289137,1300.00000000,262.90216518,2217.50072619,0.01387512,1795.01150000,422.47535107,0.1277509339,0.1250000000,6,0,20.67787650
2024-09-24T13:00:00-04:00,2482.18332356,1300.00000000,262.96409737,2219.21922619,0.01387512,1796.73000000,422.47535107,0.1276705732,0.1250000000,6,0,20.67787650
2024-09-24T13:15:00-04:00,2481.18238795,1300.00000000,263.08796176,2218.09442619,0.01387512,1795.60520000,422.47535107,0.1277928122,0.1250000000,6,0,20.67787650
2024-09-24T13:30:00-04:00,2483.72204724,1300.00000000,263.30782105,2220.41422619,0.01387512,1797.92500000,422.47535107,0.1277420221,0.1250000000,6,0,20.67787650
2024-09-24T13:45:00-04:00,2479.52178795,1300.00000000,263.08796176,2216.43382619,0.01387512,1793.94460000,422.47535107,0.1278959760,0.1250000000,6,0,20.67787650
2024-09-24T14:00:00-04:00,2476.62639137,1300.00000000,262.90216518,2213.72422619,0.01387512,1791.23500000,422.47535107,0.1279858005,0.1250000000,6,0,20.67787650
2024-09-24T14:15:00-04:00,2476.64506863,1300.00000000,263.08734244,2213.55772619,0.01387512,1791.06850000,422.47535107,0.1280747838,0.1250000000,6,0,20.67787650
2024-09-24T14:30:00-04:00,2478.56318844,1300.00000000,262.90216518,2215.66102326,783.27294021,1004.12520000,428.26288304,0.1282261747,0.1250000000,5,0,20.67787650
2024-09-24T14:45:00-04:00,2477.35277115,1300.00000000,262.86314790,2214.48962326,783.27294021,1002.95380000,428.26288304,0.1282828779,0.1250000000,5,0,20.67787650
2024-09-24T15:00:00-04:00,2475.07795453,1300.00000000,262.93313128,2212.14482326,783.27294021,1000.60900000,428.26288304,0.1284596420,0.1250000000,5,0,20.67787650
2024-09-24T15:15:00-04:00,2475.31588673,1300.00000000,262.99506347,2212.32082326,783.27294021,1000.78500000,428.26288304,0.1284749652,0.1250000000,5,0,20.67787650
2024-09-24T15:30:00-04:00,2473.44965283,1300.00000000,263.02602957,2210.42362326,783.27294021,998.88780000,428.26288304,0.1286073397,0.1250000000,5,0,20.67787650
2024-09-24T15:45:00-04:00,2474.24992063,1300.00000000,262.96409737,2211.28582326,783.27294021,999.75000000,428.26288304,0.1285267661,0.1250000000,5,1,20.67787650
2024-09-25T09:30:00-04:00,2486.28282266,1300.00000000,263.21182615,2223.07099651,7.03007881,1787.80220000,428.23871770,0.1278941620,0.1250000000,5,1,33.97882591
2024-09-25T09:45:00-04:00,2495.15414802,1300.00000000,263.64535151,2231.50879651,7.03007881,1796.24000000,428.23871770,0.1275549776,0.1250000000,5,1,33.97882591
2024-09-25T10:00:00-04:00,2496.48214461,1300.00000000,263.83114810,2232.65099651,7.03007881,1797.38220000,428.23871770,0.1275629090,0.1250000000,5,1,33.97882591
2024-09-25T10:15:00-04:00,2486.29602531,1300.00000000,263.64782880,2222.64819651,7.03007881,1787.37940000,428.23871770,0.1281051931,0.1250000000,5,1,33.97882591
2024-09-25T10:30:00-04:00,2490.50320899,1300.00000000,263.95501248,2226.54819651,7.03007881,1791.27940000,428.23871770,0.1279928029,0.1250000000,5,0,33.97882591
2024-09-25T10:45:00-04:00,2486.81487680,1300.00000000,263.89308029,2222.92179651,7.03007881,1787.65300000,428.23871770,0.1281920414,0.1250000000,5,1,33.97882591
2024-09-25T11:00:00-04:00,2490.56245991,1300.00000000,263.76921590,2226.79324401,0.95552631,1797.59900000,428.23871770,0.1278990347,0.1250000000,6,0,34.19865780
2024-09-25T11:15:00-04:00,2496.17539211,1300.00000000,263.83114810,2232.34424401,0.95552631,1803.15000000,428.23871770,0.1275818314,0.1250000000,6,0,34.19865780
2024-09-25T11:30:00-04:00,2498.13548296,1300.00000000,263.82123894,2234.31424401,0.95552631,1805.12000000,428.23871770,0.1274562304,0.1250000000,6,0,34.19865780
2024-09-25T11:45:00-04:00,2500.19028849,1300.00000000,263.60571491,2236.58457358,6.88881837,1801.54000000,428.15575521,0.1272207150,0.1250000000,5,0,33.97882591
2024-09-25T12:00:00-04:00,2499.27888645,1300.00000000,263.64411287,2235.63477358,6.88881837,1800.59020000,428.15575521,0.1272952385,0.1250000000,5,1,33.97882591
2024-09-25T12:15:00-04:00,2500.26088676,1300.00000000,263.88131317,2236.37957358,6.88881837,1801.33500000,428.15575521,0.1273493845,0.1250000000,5,1,33.97882591
2024-09-25T12:30:00-04:00,2495.66992510,1300.00000000,263.64535151,2232.02457358,6.88881837,1796.98000000,428.15575521,0.1275180385,0.1250000000,5,0,32.01398181
2024-09-25T12:45:00-04:00,2493.00412851,1300.00000000,263.45955493,2229.54457358,6.88881837,1794.50000000,428.15575521,0.1275926883,0.1250000000,5,0,32.01398181
2024-09-25T13:00:00-04:00,2487.43412851,1300.00000000,263.45955493,2223.97457358,6.88881837,1788.93000000,428.15575521,0.1279378050,0.1250000000,5,1,32.01398181
2024-09-25T13:15:00-04:00,2486.70613494,1300.00000000,263.58156135,2223.12457358,6.88881837,1788.08000000,428.15575521,0.1280423175,0.1250000000,5,0,32.01398181
2024-09-25T13:30:00-04:00,2484.90219632,1300.00000000,263.39762273,2221.50457358,6.88881837,1786.46000000,428.15575521,0.1280651895,0.1250000000,5,0,32.01398181
2024-09-25T13:45:00-04:00,2481.81799290,1300.00000000,263.58341932,2218.23457358,6.88881837,1783.19000000,428.15575521,0.1283479895,0.1250000000,5,0,32.01398181
2024-09-25T14:00:00-04:00,2483.15099632,1300.00000000,263.39762273,2219.75337358,6.88881837,1784.70880000,428.15575521,0.1281743225,0.1250000000,5,0,32.01398181
2024-09-25T14:15:00-04:00,2485.48039290,1300.00000000,263.58341932,2221.89697358,6.88881837,1786.85240000,428.15575521,0.1281195075,0.1250000000,5,0,32.01398181
2024-09-25T14:30:00-04:00,2485.32765387,1300.00000000,263.89308029,2221.43457358,6.88881837,1786.39000000,428.15575521,0.1282795475,0.1250000000,5,0,32.01398181
2024-09-25T14:45:00-04:00,2490.27378949,1300.00000000,263.76921590,2226.50457358,6.88881837,1791.46000000,428.15575521,0.1279117934,0.1250000000,5,0,32.01398181
2024-09-25T15:00:00-04:00,2498.51185729,1300.00000000,263.70728371,2234.80457358,6.88881837,1799.76000000,428.15575521,0.1273729111,0.1250000000,5,0,32.01398181
2024-09-25T15:15:00-04:00,2496.61951826,1300.00000000,264.01694468,2232.60257358,6.88881837,1797.55800000,428.15575521,0.1276391443,0.1250000000,5,0,32.01398181
2024-09-25T15:30:00-04:00,2492.77388778,1300.00000000,263.86211419,2228.91177358,6.88881837,1793.86720000,428.15575521,0.1278018971,0.1250000000,5,1,32.01398181
2024-09-25T15:45:00-04:00,2497.60879942,1300.00000000,263.83114810,2233.77765132,14.80200031,1790.94000000,428.03565101,0.1274809486,0.1250000000,4,2,31.69522504
2024-09-26T09:30:00-04:00,2501.63470867,1300.00000000,265.50331734,2236.13139132,114.95884606,1691.69000000,429.48254526,0.1281292571,0.1250000000,3,3,0.00000000
2024-09-26T09:45:00-04:00,2500.96706074,1300.00000000,265.53428344,2235.43277729,120.43498898,1687.53000000,427.46778832,0.1280609485,0.1250000000,2,2,22.10455376
2024-09-26T10:00:00-04:00,2491.39175096,1300.00000000,265.53428344,2225.85746752,1.66627920,1796.72340000,427.46778832,0.1286550708,0.1250000000,3,1,26.55691662
2024-09-26T10:15:00-04:00,2465.10445666,1300.00000000,264.82206321,2200.28239346,874.59657204,906.63680000,419.04902142,0.1294305416,0.1250000000,2,0,4.45236285
2024-09-26T10:30:00-04:00,2467.49422789,1300.00000000,264.57433443,2202.91989346,874.59657204,909.27430000,419.04902142,0.1291586095,0.1250000000,2,0,4.45236285
2024-09-26T10:45:00-04:00,2459.57024839,1300.00000000,262.96843263,2196.60181576,1775.77553171,0.00000000,420.82628405,0.1289855113,0.1250000000,0,0,0.00000000
2024-09-26T11:00:00-04:00,2460.12330289,1300.00000000,263.52148712,2196.60181576,1775.77553171,0.00000000,420.82628405,0.1292217292,0.1250000000,0,1,0.00000000
2024-09-26T11:15:00-04:00,2467.46825153,1300.00000000,263.52272577,2203.94552576,793.31924171,989.80000000,420.82628405,0.1287585860,0.1250000000,1,1,31.06075078
2024-09-26T11:30:00-04:00,2499.19935676,1300.00000000,263.55245322,2235.64690354,9.63561949,1805.18500000,420.82628405,0.1268070957,0.1250000000,2,0,11.48702285
2024-09-26T11:45:00-04:00,2502.18237358,1300.00000000,264.45047004,2237.73190354,9.63561949,1807.27000000,420.82628405,0.1270568123,0.1250000000,2,0,11.48702285
2024-09-26T12:00:00-04:00,2490.68357572,1300.00000000,263.68127218,2227.00230354,9.63561949,1796.54040000,420.82628405,0.1273910396,0.1250000000,2,0,11.48702285
2024-09-26T12:15:00-04:00,2489.49786420,1300.00000000,263.65526066,2225.84260354,9.63561949,1795.38070000,420.82628405,0.1274514830,0.1250000000,2,0,11.48702285
2024-09-26T12:30:00-04:00,2492.15487641,1300.00000000,263.60757287,2228.54730354,9.63561949,1798.08540000,420.82628405,0.1272649708,0.1250000000,2,0,11.48702285
2024-09-26T12:45:00-04:00,2486.92166861,1300.00000000,263.63296507,2223.28870354,9.63561949,1792.82680000,420.82628405,0.1275996099,0.1250000000,2,0,11.48702285
2024-09-26T13:00:00-04:00,2486.07650759,1300.00000000,263.68870405,2222.38780354,9.63561949,1791.92590000,420.82628405,0.1276788164,0.1250000000,2,1,11.48702285
2024-09-26T13:15:00-04:00,2474.46115070,1300.00000000,263.39762273,2211.06352796,777.94172692,1016.76000000,416.36180104,0.1279810048,0.1250000000,2,0,0.25119351
2024-09-26T13:30:00-04:00,2478.91375539,1300.00000000,263.79522742,2215.11852796,777.94172692,1020.81500000,416.36180104,0.1278974946,0.1250000000,2,0,0.25119351
2024-09-26T13:45:00-04:00,2478.06828452,1300.00000000,263.91475656,2214.15352796,777.94172692,1019.85000000,416.36180104,0.1280079190,0.1250000000,2,0,0.25119351
2024-09-26T14:00:00-04:00,2486.59070616,1300.00000000,264.29687820,2222.29382796,777.94172692,1027.99030000,416.36180104,0.1276655338,0.1250000000,2,0,0.25119351
2024-09-26T14:15:00-04:00,2497.08459459,1300.00000000,264.63626662,2232.44832796,777.94172692,1038.14480000,416.36180104,0.1271847780,0.1250000000,2,0,0.25119351
2024-09-26T14:30:00-04:00,2510.59125452,1300.00000000,264.54336833,2246.04788618,1799.04099990,7.95000000,439.05688628,0.1277040692,0.1250000000,1,1,0.25119351
2024-09-26T14:45:00-04:00,2510.67024781,1300.00000000,264.63626662,2246.03398118,798.55119490,1008.42590000,439.05688628,0.1277440431,0.1250000000,2,0,33.06842214
2024-09-26T15:00:00-04:00,2523.44828000,1300.00000000,264.69819882,2258.75008118,798.55119490,1021.14200000,439.05688628,0.1269906408,0.1250000000,2,2,32.81722863
2024-09-26T15:15:00-04:00,2522.94721000,1300.00000000,264.69819882,2258.24901118,39.22212490,1779.97000000,439.05688628,0.1270211756,0.1250000000,3,0,47.45217311
2024-09-26T15:30:00-04:00,2511.09827781,1300.00000000,264.63626662,2246.46201118,39.22212490,1768.18300000,439.05688628,0.1277176545,0.1250000000,3,3,47.45217311
2024-09-26T15:45:00-04:00,2517.96691497,1300.00000000,264.45047004,2253.51644493,15.24915865,1799.21040000,439.05688628,0.1272063083,0.1250000000,4,1,47.83054637
2024-09-27T09:30:00-04:00,2580.87803723,1300.00000000,264.66723272,2316.21080451,1058.17501852,794.99000000,463.04578599,0.1249708198,0.1250000000,3,3,0.37837326
2024-09-27T09:45:00-04:00,2610.54024888,1300.00000000,264.76013101,2345.78011786,12.49567899,1869.24870000,464.03573888,0.1233447821,0.1250000000,4,2,48.40615712
2024-09-27T10:00:00-04:00,2638.54350152,1300.00000000,264.57433443,2373.96916709,36.60326551,1873.25110000,464.11480158,0.1216753322,0.1250000000,3,0,11.39944940
2024-09-27T10:15:00-04:00,2649.04779475,1300.00000000,264.51240223,2384.53539251,1114.53249690,778.81000000,491.19289561,0.1225811811,0.1250000000,2,2,11.39944940
2024-09-27T10:30:00-04:00,2652.75538587,1300.00000000,264.79109711,2387.96428876,13.30219315,1883.46920000,491.19289561,0.1224998575,0.1250000000,4,0,47.35364760
2024-09-27T10:45:00-04:00,2644.34697471,1300.00000000,264.63688594,2379.71008876,13.30219315,1875.21500000,491.19289561,0.1229066180,0.1250000000,4,0,47.35364760
2024-09-27T11:00:00-04:00,2641.29810728,1300.00000000,264.38791852,2376.91018876,13.30219315,1872.41510000,491.19289561,0.1229651075,0.1250000000,4,2,47.35364760
2024-09-27T11:15:00-04:00,2644.78233002,1300.00000000,264.20274126,2380.57958876,1.29319315,1888.09350000,491.19289561,0.1226801808,0.1250000000,5,0,47.86961502
2024-09-27T11:30:00-04:00,2642.64606222,1300.00000000,264.26467346,2378.38138876,1.29319315,1885.89530000,491.19289561,0.1228307813,0.1250000000,5,0,47.86961502
2024-09-27T11:45:00-04:00,2644.70356905,1300.00000000,263.89308029,2380.81048876,1.29319315,1888.32440000,491.19289561,0.1225408741,0.1250000000,5,1,47.86961502
2024-09-27T12:00:00-04:00,2644.90959521,1300.00000000,263.52210645,2381.38748876,1.29319315,1888.90140000,491.19289561,0.1223569035,0.1250000000,5,0,47.86961502
2024-09-27T12:15:00-04:00,2649.71723686,1300.00000000,263.83114810,2385.88608876,1.29319315,1893.40000000,491.19289561,0.1222275529,0.1250000000,5,0,47.49921167
2024-09-27T12:30:00-04:00,2642.67549783,1300.00000000,264.14080907,2378.53468876,1.29319315,1886.04860000,491.19289561,0.1227715292,0.1250000000,5,0,47.49921167
2024-09-27T12:45:00-04:00,2643.49895172,1300.00000000,264.21946295,2379.27948876,1.29319315,1886.79340000,491.19289561,0.1227611018,0.1250000000,5,0,47.49921167
2024-09-27T13:00:00-04:00,2644.26303344,1300.00000000,264.01694468,2380.24608876,1.29319315,1887.76000000,491.19289561,0.1226234761,0.1250000000,5,0,47.49921167
2024-09-27T13:15:00-04:00,2643.64416905,1300.00000000,263.89308029,2379.75108876,1.29319315,1887.26500000,491.19289561,0.1226011866,0.1250000000,5,0,47.49921167
2024-09-27T13:30:00-04:00,2639.87213686,1300.00000000,263.83114810,2376.04098876,1.29319315,1883.55490000,491.19289561,0.1227875911,0.1250000000,5,0,47.49921167
2024-09-27T13:45:00-04:00,2644.78672832,1300.00000000,264.29563955,2380.49108876,1.29319315,1888.00500000,491.19289561,0.1227230667,0.1250000000,5,0,47.49921167
2024-09-27T14:00:00-04:00,2642.87489783,1300.00000000,264.14080907,2378.73408876,1.29319315,1886.24800000,491.19289561,0.1227601517,0.1250000000,5,1,47.49921167
2024-09-27T14:15:00-04:00,2636.61687589,1300.00000000,263.52148712,2373.09538876,1.29319315,1880.60930000,491.19289561,0.1228295617,0.1250000000,5,0,47.49921167
2024-09-27T14:30:00-04:00,2637.07582095,1300.00000000,263.64473219,2373.43108876,1.29319315,1880.94500000,491.19289561,0.1228607251,0.1250000000,5,0,47.49921167
2024-09-27T14:45:00-04:00,2635.74303344,1300.00000000,264.01694468,2371.72608876,1.29319315,1879.24000000,491.19289561,0.1231106422,0.1250000000,5,0,47.49921167
2024-09-27T15:00:00-04:00,2640.47760125,1300.00000000,263.95501248,2376.52258876,1.29319315,1884.03650000,491.19289561,0.1228106317,0.1250000000,5,0,47.49921167
2024-09-27T15:15:00-04:00,2639.78092398,1300.00000000,263.76983522,2376.01108876,1.29319315,1883.52500000,491.19289561,0.1227642674,0.1250000000,5,1,36.47016562
2024-09-27T15:30:00-04:00,2639.49485021,1300.00000000,263.76921590,2375.72563431,15.71010845,1868.72500000,491.29052586,0.1227859068,0.1250000000,4,1,36.47016562
2024-09-27T15:45:00-04:00,2644.52578927,1300.00000000,263.70728371,2380.81850556,4.99707970,1884.53090000,491.29052586,0.1224702605,0.1250000000,5,1,36.66503008
2024-09-30T09:30:00-04:00,2749.57573558,1300.00000000,263.89308029,2485.68265529,1880.46800421,78.34200000,526.87265108,0.1187261952,0.1250000000,2,3,2.48679151
2024-09-30T09:45:00-04:00,2741.19639089,1300.00000000,263.45955493,2477.73683596,33.40110352,1917.53810000,526.79763243,0.1189756605,0.1250000000,3,1,77.34552234
2024-09-30T10:00:00-04:00,2736.65881305,1300.00000000,263.27375835,2473.38505471,1.80242227,1944.78500000,526.79763243,0.1191358809,0.1250000000,4,0,78.40213167
2024-09-30T10:15:00-04:00,2735.06249963,1300.00000000,263.33569054,2471.72680909,67.07807678,1878.71700000,525.93173230,0.1192033059,0.1250000000,3,1,76.11020462
2024-09-30T10:30:00-04:00,2746.63700682,1300.00000000,263.39762273,2483.23938409,21.14365178,1936.16400000,525.93173230,0.1186098965,0.1250000000,4,1,77.35861611
2024-09-30T10:45:00-04:00,2711.84669667,1300.00000000,263.45893561,2448.38776106,2.29882876,1920.15720000,525.93173230,0.1205257020,0.1250000000,5,1,78.11777230
2024-09-30T11:00:00-04:00,2716.00810069,1300.00000000,263.74753963,2452.26056106,2.29882876,1924.03000000,525.93173230,0.1204284670,0.1250000000,5,1,78.11777230
2024-09-30T11:15:00-04:00,2688.80559512,1300.00000000,263.70728371,2425.09831141,747.09849513,1160.66000000,517.33981628,0.1214420629,0.1250000000,4,1,55.44894789
2024-09-30T11:30:00-04:00,2667.60803974,1300.00000000,263.45955493,2404.14848481,1070.83365388,835.64760000,497.66723093,0.1214132449,0.1250000000,4,0,12.25675602
2024-09-30T11:45:00-04:00,2668.71493120,1300.00000000,263.92404639,2404.79088481,1070.83365388,836.29000000,497.66723093,0.1215652914,0.1250000000,4,0,12.25675602
2024-09-30T12:00:00-04:00,2668.90028443,1300.00000000,263.89369961,2405.00658481,1070.83365388,836.50570000,497.66723093,0.1215409369,0.1250000000,4,0,12.25675602
2024-09-30T12:15:00-04:00,2669.42911188,1300.00000000,263.92342707,2405.50568481,1070.83365388,837.00480000,497.66723093,0.1215250297,0.1250000000,4,0,12.25675602
2024-09-30T12:30:00-04:00,2668.36084137,1300.00000000,263.91475656,2404.44608481,1070.83365388,835.94520000,497.66723093,0.1215808419,0.1250000000,4,0,12.25675602
2024-09-30T12:45:00-04:00,2667.93042643,1300.00000000,264.07454162,2403.85588481,1070.83365388,835.35500000,497.66723093,0.1216785790,0.1250000000,4,0,12.25675602
2024-09-30T13:00:00-04:00,2666.92590242,1300.00000000,263.67631761,2403.24958481,1070.83365388,834.74870000,497.66723093,0.1215513489,0.1250000000,4,0,12.25675602
2024-09-30T13:15:00-04:00,2666.50366852,1300.00000000,263.70728371,2402.79638481,1070.83365388,834.29550000,497.66723093,0.1215892905,0.1250000000,4,0,12.25675602
2024-09-30T13:30:00-04:00,2666.57600411,1300.00000000,263.76611929,2402.80988481,1070.83365388,834.30900000,497.66723093,0.1216123622,0.1250000000,4,0,11.49759983
2024-09-30T13:45:00-04:00,2668.94157866,1300.00000000,263.88069385,2405.06088481,1070.83365388,836.56000000,497.66723093,0.1215326355,0.1250000000,4,1,11.49759983
2024-09-30T14:00:00-04:00,2644.11784824,1300.00000000,263.56174305,2380.55610519,35.69329513,1847.59500000,497.26781006,0.1227667226,0.1250000000,4,0,46.98844635
2024-09-30T14:15:00-04:00,2641.21194159,1300.00000000,262.65443640,2378.55750519,35.69329513,1845.59640000,497.26781006,0.1225099258,0.1250000000,4,0,46.98844635
2024-09-30T14:30:00-04:00,2652.17966353,1300.00000000,263.27375835,2388.90590519,35.69329513,1855.94480000,497.26781006,0.1221737947,0.1250000000,4,0,46.98844635
2024-09-30T14:45:00-04:00,2650.84706012,1300.00000000,263.45955493,2387.38750519,35.69329513,1854.42640000,497.26781006,0.1223356674,0.1250000000,4,0,46.98844635
2024-09-30T15:00:00-04:00,2643.51779781,1300.00000000,263.02602957,2380.49176824,55.48503337,1827.18280000,497.82393487,0.1225832045,0.1250000000,3,0,46.98844635
2024-09-30T15:15:00-04:00,2635.80465878,1300.00000000,263.33569054,2372.46896824,55.48503337,1819.16000000,497.82393487,0.1231702829,0.1250000000,3,0,46.98844635
2024-09-30T15:30:00-04:00,2634.74174310,1300.00000000,263.58341932,2371.15832378,1098.03263701,789.11000000,484.01568677,0.1225555521,0.1250000000,2,0,10.44099051
2024-09-30T15:45:00-04:00,2636.25492943,1300.00000000,264.32660565,2371.92832378,1098.03263701,789.88000000,484.01568677,0.1228146948,0.1250000000,2,4,10.44099051
2024-10-01T09:30:00-04:00,2613.36236160,1300.00000000,262.37574153,2350.98662007,1086.71676367,786.90000000,477.36985640,0.1228355160,0.1250000000,2,4,10.44099051
2024-10-01T09:45:00-04:00,2637.64442014,1300.00000000,261.91125007,2375.73317007,1.30331367,1897.06000000,477.36985640,0.1212397972,0.1250000000,4,2,40.11412061
2024-10-01T10:00:00-04:00,2617.01384406,1300.00000000,260.61067399,2356.40317007,1.30331367,1877.73000000,477.36985640,0.1218009517,0.1250000000,4,0,10.44099051
2024-10-01T10:15:00-04:00,2606.16436657,1300.00000000,259.74362327,2346.42074330,1783.31817930,87.58800000,475.51456400,0.1219081723,0.1250000000,2,0,1.24841149
2024-10-01T10:30:00-04:00,2607.50824777,1300.00000000,260.76550447,2346.74274330,1783.31817930,87.91000000,475.51456400,0.1223106365,0.1250000000,2,0,1.24841149
2024-10-01T10:45:00-04:00,2607.71750646,1300.00000000,260.51096315,2347.20654330,1783.31817930,88.37380000,475.51456400,0.1221792532,0.1250000000,2,0,1.24841149
2024-10-01T11:00:00-04:00,2606.27920460,1300.00000000,259.43396229,2346.84524230,1828.44499092,43.36000000,475.04025138,0.1217291763,0.1250000000,1,0,0.00000000
2024-10-01T11:15:00-04:00,2606.79659435,1300.00000000,259.99135204,2346.80524230,1828.44499092,43.32000000,475.04025138,0.1219611017,0.1250000000,1,0,0.00000000
2024-10-01T11:30:00-04:00,2608.58137384,1300.00000000,261.10613154,2347.47524230,1828.44499092,43.99000000,475.04025138,0.1223815791,0.1250000000,1,2,0.00000000
2024-10-01T11:45:00-04:00,2608.42409265,1300.00000000,260.54874179,2347.87535086,89.83318281,1781.89780000,476.14436805,0.1221925711,0.1250000000,2,1,57.92883955
2024-10-01T12:00:00-04:00,2628.79464355,1300.00000000,260.73515770,2368.05948586,1.14671781,1890.76840000,476.14436805,0.1211228599,0.1250000000,3,0,61.26200908
2024-10-01T12:15:00-04:00,2623.04722423,1300.00000000,260.73453838,2362.31268586,1.14671781,1885.02160000,476.14436805,0.1214468264,0.1250000000,3,1,61.26200908
2024-10-01T12:30:00-04:00,2606.85610229,1300.00000000,260.11521643,2346.74088586,1.14671781,1869.44980000,476.14436805,0.1220790275,0.1250000000,3,0,61.26200908
2024-10-01T12:45:00-04:00,2610.06096326,1300.00000000,260.42487740,2349.63608586,1.14671781,1872.34500000,476.14436805,0.1220407948,0.1250000000,3,0,61.26200908
2024-10-01T13:00:00-04:00,2590.85050571,1300.00000000,259.92941985,2330.92108586,1.14671781,1853.63000000,476.14436805,0.1229151489,0.1250000000,3,0,61.26200908
2024-10-01T13:15:00-04:00,2601.31384473,1300.00000000,259.61975888,2341.69408586,1.14671781,1864.40300000,476.14436805,0.1221642611,0.1250000000,3,0,61.26200908
2024-10-01T13:30:00-04:00,2619.51596326,1300.00000000,260.42487740,2359.09108586,1.14671781,1881.80000000,476.14436805,0.1215024394,0.1250000000,3,0,61.26200908
2024-10-01T13:45:00-04:00,2627.26687837,1300.00000000,261.41579251,2365.85108586,1.14671781,1888.56000000,476.14436805,0.1215252926,0.1250000000,3,0,61.26200908
2024-10-01T14:00:00-04:00,2640.72146812,1300.00000000,261.97318226,2378.74828586,1.14671781,1901.45720000,476.14436805,0.1210274202,0.1250000000,3,1,61.26200908
2024-10-01T14:15:00-04:00,2658.32983251,1300.00000000,262.09704665,2396.23278586,1.14671781,1918.94170000,476.14436805,0.1201075944,0.1250000000,3,0,61.26200908
2024-10-01T14:30:00-04:00,2660.92394571,1300.00000000,262.21285986,2398.71108586,1.14671781,1921.42000000,476.14436805,0.1200179929,0.1250000000,3,0,61.26200908
2024-10-01T14:45:00-04:00,2663.33586302,1300.00000000,262.06917717,2401.26668586,1.14671781,1923.97560000,476.14436805,0.1198199507,0.1250000000,3,0,61.26200908
2024-10-01T15:00:00-04:00,2665.51562642,1300.00000000,262.02954056,2403.48608586,1.14671781,1926.19500000,476.14436805,0.1196825525,0.1250000000,3,0,61.26200908
2024-10-01T15:15:00-04:00,2670.32690202,1300.00000000,261.94221617,2408.38468586,1.14671781,1931.09360000,476.14436805,0.1193803214,0.1250000000,3,0,61.26200908
2024-10-01T15:30:00-04:00,2670.29071227,1300.00000000,261.38482642,2408.90588586,1.14671781,1931.61480000,476.14436805,0.1191282556,0.1250000000,3,0,57.92883955
2024-10-01T15:45:00-04:00,2681.86755643,1300.00000000,260.79647057,2421.07108586,1.14671781,1943.78000000,476.14436805,0.1182362646,0.1250000000,3,2,0.00000000
2024-10-02T09:30:00-04:00,2915.03845504,1300.00000000,259.55782668,2655.48062836,901.95674203,1159.38000000,594.14388632,0.1118352510,0.1250000000,1,3,45.75494738
2024-10-02T09:45:00-04:00,2926.23466125,1300.00000000,260.57970789,2665.65495336,0.38106703,2071.13000000,594.14388632,0.1117365202,0.1250000000,2,1,67.84320794
2024-10-02T10:00:00-04:00,2925.79722051,1300.00000000,260.98226715,2664.81495336,0.38106703,2070.29000000,594.14388632,0.1119301327,0.1250000000,2,2,67.84320794
2024-10-02T10:15:00-04:00,2925.54054245,1300.00000000,261.60158910,2663.93895336,0.38106703,2069.41400000,594.14388632,0.1122081000,0.1250000000,2,3,67.84320794
2024-10-02T10:30:00-04:00,2917.89847465,1300.00000000,261.66352129,2656.23495336,0.38106703,2061.71000000,594.14388632,0.1126037675,0.1250000000,2,0,67.84320794
2024-10-02T10:45:00-04:00,2900.27407807,1300.00000000,261.47772471,2638.79635336,0.38106703,2044.27140000,594.14388632,0.1133837654,0.1250000000,2,0,67.84320794
2024-10-02T11:00:00-04:00,2888.56458477,1300.00000000,262.01963141,2626.54495336,0.38106703,2032.02000000,594.14388632,0.1141985999,0.1250000000,2,0,67.84320794
2024-10-02T11:15:00-04:00,2905.27147123,1300.00000000,261.84931787,2643.42215336,0.38106703,2048.89720000,594.14388632,0.1132993780,0.1250000000,2,0,67.84320794
2024-10-02T11:30:00-04:00,2917.74200001,1300.00000000,262.09704665,2655.64495336,0.38106703,2061.12000000,594.14388632,0.1127979254,0.1250000000,2,0,67.84320794
2024-10-02T11:45:00-04:00,2921.44200001,1300.00000000,262.09704665,2659.34495336,0.38106703,2064.82000000,594.14388632,0.1126185963,0.1250000000,2,0,67.84320794
2024-10-02T12:00:00-04:00,2927.46925522,1300.00000000,262.39370186,2665.07555336,0.38106703,2070.55060000,594.14388632,0.1124548275,0.1250000000,2,1,67.84320794
2024-10-02T12:15:00-04:00,2929.61680404,1300.00000000,262.38565068,2667.23115336,0.38106703,2072.70620000,594.14388632,0.1123479740,0.1250000000,2,0,67.84320794
2024-10-02T12:30:00-04:00,2928.87060001,1300.00000000,262.09704665,2666.77355336,0.38106703,2072.24860000,594.14388632,0.1122602680,0.1250000000,2,0,67.84320794
2024-10-02T12:45:00-04:00,2924.64654245,1300.00000000,261.60158910,2663.04495336,0.38106703,2068.52000000,594.14388632,0.1122511439,0.1250000000,2,0,67.84320794
2024-10-02T13:00:00-04:00,2921.66267807,1300.00000000,261.47772471,2660.18495336,0.38106703,2065.66000000,594.14388632,0.1123418318,0.1250000000,2,0,67.84320794
2024-10-02T13:15:00-04:00,2924.70847465,1300.00000000,261.66352129,2663.04495336,0.38106703,2068.52000000,594.14388632,0.1122747349,0.1250000000,2,0,67.84320794
2024-10-02T13:30:00-04:00,2923.22127465,1300.00000000,261.66352129,2661.55775336,0.38106703,2067.03280000,594.14388632,0.1123464264,0.1250000000,2,1,67.84320794
2024-10-02T13:45:00-04:00,2923.56460139,1300.00000000,261.94964803,2661.61495336,0.38106703,2067.09000000,594.14388632,0.1124526997,0.1250000000,2,0,67.84320794
2024-10-02T14:00:00-04:00,2922.05793220,1300.00000000,262.15897885,2659.89895336,0.38106703,2065.37400000,594.14388632,0.1126154032,0.1250000000,2,2,67.84320794
2024-10-02T14:15:00-04:00,2919.17427123,1300.00000000,261.84931787,2657.32495336,0.38106703,2062.80000000,594.14388632,0.1126218907,0.1250000000,2,0,67.84320794
2024-10-02T14:30:00-04:00,2940.34620343,1300.00000000,261.91125007,2678.43495336,0.38106703,2083.91000000,594.14388632,0.1116319970,0.1250000000,2,2,67.84320794
2024-10-02T14:45:00-04:00,2941.42980103,1300.00000000,262.07784767,2679.35195336,0.38106703,2084.82700000,594.14388632,0.1116514380,0.1250000000,2,0,67.84320794
2024-10-02T15:00:00-04:00,2938.26200001,1300.00000000,262.09704665,2676.16495336,0.38106703,2081.64000000,594.14388632,0.1118105121,0.1250000000,2,1,67.84320794
2024-10-02T15:15:00-04:00,2939.49684166,1300.00000000,262.40608830,2677.09075336,0.38106703,2082.56580000,594.14388632,0.1118834109,0.1250000000,2,0,67.84320794
2024-10-02T15:30:00-04:00,2945.13166098,1300.00000000,262.40670762,2682.72495336,0.38106703,2088.20000000,594.14388632,0.1116155135,0.1250000000,2,1,67.84320794
2024-10-02T15:45:00-04:00,2957.50847465,1300.00000000,261.66352129,2695.84495336,0.38106703,2101.32000000,594.14388632,0.1107165279,0.1250000000,2,3,67.84320794
2024-10-03T09:30:00-04:00,2931.76321144,1300.00000000,260.42425808,2671.33895336,0.38106703,2076.81400000,594.14388632,0.1114057602,0.1250000000,2,4,67.84320794
2024-10-03T09:45:00-04:00,2931.70786125,1300.00000000,260.57970789,2671.12815336,0.38106703,2076.60320000,594.14388632,0.1114748989,0.1250000000,2,3,67.84320794
2024-10-03T10:00:00-04:00,2958.56789857,1300.00000000,260.36294521,2698.20495336,0.38106703,2103.68000000,594.14388632,0.1101168588,0.1250000000,2,3,45.75494738
2024-10-03T10:15:00-04:00,2949.81536979,1300.00000000,260.11521643,2689.70015336,0.38106703,2095.17520000,594.14388632,0.1104208368,0.1250000000,2,0,45.75494738
2024-10-03T10:30:00-04:00,2939.57915868,1300.00000000,259.59560532,2679.98355336,0.38106703,2085.45860000,594.14388632,0.1106812063,0.1250000000,2,0,45.75494738
2024-10-03T10:45:00-04:00,2937.11232161,1300.00000000,260.41496825,2676.69735336,0.38106703,2082.17240000,594.14388632,0.1111474505,0.1250000000,2,0,45.75494738
2024-10-03T11:00:00-04:00,2939.75083759,1300.00000000,260.05328424,2679.69755336,0.38106703,2085.17260000,594.14388632,0.1108682271,0.1250000000,2,0,45.75494738
2024-10-03T11:15:00-04:00,2941.59616637,1300.00000000,260.30101302,2681.29515336,0.38106703,2086.77020000,594.14388632,0.1108866047,0.1250000000,2,0,45.75494738
2024-10-03T11:30:00-04:00,2943.48755954,1300.00000000,260.67260618,2682.81495336,0.38106703,2088.29000000,594.14388632,0.1109555018,0.1250000000,2,1,45.75494738
2024-10-03T11:45:00-04:00,2948.55562734,1300.00000000,260.61067399,2687.94495336,0.38106703,2093.42000000,594.14388632,0.1106903561,0.1250000000,2,1,45.75494738
2024-10-03T12:00:00-04:00,2962.40009173,1300.00000000,260.73453838,2701.66555336,0.38106703,2107.14060000,594.14388632,0.1100955791,0.1250000000,2,1,45.75494738
2024-10-03T12:15:00-04:00,2969.26142393,1300.00000000,260.79647057,2708.46495336,0.38106703,2113.94000000,594.14388632,0.1098036061,0.1250000000,2,2,45.75494738
2024-10-03T12:30:00-04:00,2963.45016979,1300.00000000,260.11521643,2703.33495336,0.38106703,2108.81000000,594.14388632,0.1097853909,0.1250000000,2,0,45.75494738
2024-10-03T12:45:00-04:00,2957.94052544,1300.00000000,259.73557208,2698.20495336,0.38106703,2103.68000000,594.14388632,0.1098806758,0.1250000000,2,1,45.75494738
2024-10-03T13:00:00-04:00,2963.01664443,1300.00000000,259.68169107,2703.33495336,0.38106703,2108.81000000,594.14388632,0.1096224735,0.1250000000,2,0,45.75494738
2024-10-03T13:15:00-04:00,2964.81823759,1300.00000000,260.05328424,2704.76495336,0.38106703,2110.24000000,594.14388632,0.1096959117,0.1250000000,2,1,45.75494738
2024-10-03T13:30:00-04:00,2958.66244101,1300.00000000,259.86748765,2698.79495336,0.38106703,2104.27000000,594.14388632,0.1099029175,0.1250000000,2,0,45.75494738
2024-10-03T13:45:00-04:00,2963.85746982,1300.00000000,259.93251646,2703.92495336,0.38106703,2109.40000000,594.14388632,0.1096894233,0.1250000000,2,0,45.75494738
2024-10-03T14:00:00-04:00,2964.07113589,1300.00000000,260.14618253,2703.92495336,0.38106703,2109.40000000,594.14388632,0.1097696913,0.1250000000,2,0,45.75494738
2024-10-03T14:15:00-04:00,2953.59643759,1300.00000000,260.05328424,2693.54315336,0.38106703,2099.01820000,594.14388632,0.1102176368,0.1250000000,2,1,45.75494738
2024-10-03T14:30:00-04:00,2948.48666880,1300.00000000,259.95171544,2688.53495336,0.38106703,2094.01000000,594.14388632,0.1104137075,0.1250000000,2,1,45.75494738
2024-10-03T14:45:00-04:00,2947.15823759,1300.00000000,260.05328424,2687.10495336,0.38106703,2092.58000000,594.14388632,0.1105192087,0.1250000000,2,1,45.75494738
2024-10-03T15:00:00-04:00,2948.37147491,1300.00000000,259.83652156,2688.53495336,0.38106703,2094.01000000,594.14388632,0.1103701795,0.1250000000,2,0,45.75494738
2024-10-03T15:15:00-04:00,2952.66271356,1300.00000000,259.83776020,2692.82495336,0.38106703,2098.30000000,594.14388632,0.1101698902,0.1250000000,2,4,45.75494738
2024-10-03T15:30:00-04:00,2950.01823759,1300.00000000,260.05328424,2689.96495336,0.38106703,2095.44000000,594.14388632,0.1103850399,0.1250000000,2,2,45.75494738
2024-10-03T15:45:00-04:00,2951.94369515,1300.00000000,260.54874179,2691.39495336,0.38106703,2096.87000000,594.14388632,0.1105050314,0.1250000000,2,4,45.75494738
2024-10-04T09:30:00-04:00,2984.40901437,1300.00000000,263.36665664,2721.04235774,23.37996931,2087.10000000,610.56238842,0.1109451022,0.1250000000,2,0,73.37010792
2024-10-04T09:45:00-04:00,2970.44360781,1300.00000000,261.91125007,2708.53235774,23.37996931,2074.59000000,610.56238842,0.1109849292,0.1250000000,2,0,73.37010792
2024-10-04T10:00:00-04:00,2973.25874683,1300.00000000,261.60158910,2711.65715774,23.37996931,2077.71480000,610.56238842,0.1107216288,0.1250000000,2,0,73.37010792
2024-10-04T10:15:00-04:00,2975.16858650,1300.00000000,261.58362876,2713.58495774,23.37996931,2079.64260000,610.56238842,0.1106246059,0.1250000000,2,0,73.37010792
2024-10-04T10:30:00-04:00,2980.97360781,1300.00000000,261.91125007,2719.06235774,23.37996931,2085.12000000,610.56238842,0.1104919045,0.1250000000,2,0,73.37010792
2024-10-04T10:45:00-04:00,2977.73571283,1300.00000000,262.36335509,2715.37235774,23.37996931,2081.43000000,610.56238842,0.1108340282,0.1250000000,2,0,73.37010792
2024-10-04T11:00:00-04:00,2991.21713317,1300.00000000,262.34477543,2728.87235774,23.37996931,2094.93000000,610.56238842,0.1101985813,0.1250000000,2,0,73.37010792
2024-10-04T11:15:00-04:00,2985.61974342,1300.00000000,261.78738568,2723.83235774,23.37996931,2089.89000000,610.56238842,0.1102236058,0.1250000000,2,0,73.37010792
2024-10-04T11:30:00-04:00,2998.31914000,1300.00000000,261.97318226,2736.34595774,23.37996931,2102.40360000,610.56238842,0.1097151886,0.1250000000,2,0,73.37010792
2024-10-04T11:45:00-04:00,2996.90588978,1300.00000000,262.31133205,2734.59455774,23.37996931,2100.65220000,610.56238842,0.1099218666,0.1250000000,2,0,73.37010792
2024-10-04T12:00:00-04:00,2994.24326878,1300.00000000,262.22091104,2732.02235774,23.37996931,2098.08000000,610.56238842,0.1100067183,0.1250000000,2,0,73.37010792
2024-10-04T12:15:00-04:00,2985.47510268,1300.00000000,262.18994494,2723.28515774,23.37996931,2089.34280000,610.56238842,0.1103998237,0.1250000000,2,0,73.37010792
2024-10-04T12:30:00-04:00,2976.23259072,1300.00000000,262.84023299,2713.39235774,23.37996931,2079.45000000,610.56238842,0.1111060336,0.1250000000,2,0,73.37010792
2024-10-04T12:45:00-04:00,2974.73127785,1300.00000000,262.77892011,2711.95235774,23.37996931,2078.01000000,610.56238842,0.1111506548,0.1250000000,2,0,73.37010792
2024-10-04T13:00:00-04:00,2979.48227719,1300.00000000,262.66991945,2716.81235774,23.37996931,2082.87000000,610.56238842,0.1108817232,0.1250000000,2,0,73.37010792
2024-10-04T13:15:00-04:00,2980.33872633,1300.00000000,262.71636860,2717.62235774,23.37996931,2083.68000000,610.56238842,0.1108612507,0.1250000000,2,0,73.37010792
2024-10-04T13:30:00-04:00,2989.16452292,1300.00000000,262.90216518,2726.26235774,23.37996931,2092.32000000,610.56238842,0.1105280120,0.1250000000,2,0,73.37010792
2024-10-04T13:45:00-04:00,2978.48194703,1300.00000000,262.56958930,2715.91235774,23.37996931,2081.97000000,610.56238842,0.1108861947,0.1250000000,2,0,73.37010792
2024-10-04T14:00:00-04:00,2988.96051894,1300.00000000,262.24816121,2726.71235774,23.37996931,2092.77000000,610.56238842,0.1102625157,0.1250000000,2,0,73.37010792
2024-10-04T14:15:00-04:00,2986.72292975,1300.00000000,262.53057201,2724.19235774,23.37996931,2090.25000000,610.56238842,0.1104851997,0.1250000000,2,0,73.37010792
2024-10-04T14:30:00-04:00,2986.30679414,1300.00000000,262.65443640,2723.65235774,23.37996931,2089.71000000,610.56238842,0.1105566894,0.1250000000,2,0,73.37010792
2024-10-04T14:45:00-04:00,2988.53970018,1300.00000000,263.08734244,2725.45235774,23.37996931,2091.51000000,610.56238842,0.1106349254,0.1250000000,2,0,73.37010792
2024-10-04T15:00:00-04:00,2992.76742121,1300.00000000,262.99506347,2729.77235774,23.37996931,2095.83000000,610.56238842,0.1103998438,0.1250000000,2,0,73.37010792
2024-10-04T15:15:00-04:00,3001.41611608,1300.00000000,263.27375835,2738.14235774,23.37996931,2104.20000000,610.56238842,0.1101170495,0.1250000000,2,0,73.37010792
2024-10-04T15:30:00-04:00,2997.39708218,1300.00000000,263.30472444,2734.09235774,23.37996931,2100.15000000,610.56238842,0.1103154421,0.1250000000,2,0,73.37010792
2024-10-04T15:45:00-04:00,3015.04577706,1300.00000000,263.58341932,2751.46235774,23.37996931,2117.52000000,610.56238842,0.1096216429,0.1250000000,2,0,73.37010792
2024-10-07T09:30:00-04:00,2925.29086857,1300.00000000,262.62347030,2662.66739827,913.44689285,1149.12000000,600.10050542,0.1129470836,0.1250000000,1,4,45.75494738
2024-10-07T09:45:00-04:00,2941.07007653,1300.00000000,262.53057201,2678.53950452,2.23899910,2076.20000000,600.10050542,0.1121460848,0.1250000000,2,1,76.64597458
2024-10-07T10:00:00-04:00,2956.49340189,1300.00000000,262.96409737,2693.52930452,2.23899910,2091.18980000,600.10050542,0.1115960321,0.1250000000,2,1,76.64597458
2024-10-07T10:15:00-04:00,2932.04439847,1300.00000000,263.14989396,2668.89450452,2.23899910,2066.55500000,600.10050542,0.1128457227,0.1250000000,2,0,76.64597458
2024-10-07T10:30:00-04:00,2931.21571135,1300.00000000,263.21120683,2668.00450452,2.23899910,2065.66500000,600.10050542,0.1129121401,0.1250000000,2,0,76.64597458
2024-10-07T10:45:00-04:00,2912.71611000,1300.00000000,263.17590548,2649.54020452,2.23899910,2047.20070000,600.10050542,0.1138001080,0.1250000000,2,0,76.64597458
2024-10-07T11:00:00-04:00,2890.78141377,1300.00000000,262.86190925,2627.91950452,2.23899910,2025.58000000,600.10050542,0.1147527394,0.1250000000,2,0,76.64597458
2024-10-07T11:15:00-04:00,2878.53083477,1300.00000000,262.95233026,2615.57850452,2.23899910,2013.23900000,600.10050542,0.1154094233,0.1250000000,2,0,76.64597458
2024-10-07T11:30:00-04:00,2893.06553409,1300.00000000,263.02602957,2630.03950452,2.23899910,2027.70000000,600.10050542,0.1147100049,0.1250000000,2,1,76.64597458
2024-10-07T11:45:00-04:00,2895.73118731,1300.00000000,262.99568279,2632.73550452,2.23899910,2030.39600000,600.10050542,0.1145635859,0.1250000000,2,0,76.64597458
2024-10-07T12:00:00-04:00,2884.51151622,1300.00000000,262.77830079,2621.73321543,1143.39916207,895.47500000,582.85905336,0.1141694087,0.1250000000,1,0,30.89102721
2024-10-07T12:15:00-04:00,2892.66179414,1300.00000000,263.07247871,2629.58931543,1143.39916207,903.33110000,582.85905336,0.1138939157,0.1250000000,1,1,30.89102721
2024-10-07T12:30:00-04:00,2891.80571622,1300.00000000,262.77830079,2629.02741543,2.94446207,2043.22390000,582.85905336,0.1138087358,0.1250000000,2,2,46.39170668
2024-10-07T12:45:00-04:00,2901.25507214,1300.00000000,262.59250421,2638.66256793,1.01301457,2054.79050000,582.85905336,0.1132647322,0.1250000000,3,0,46.45785471
2024-10-07T13:00:00-04:00,2915.35496530,1300.00000000,262.96409737,2652.39086793,1.01301457,2068.51880000,582.85905336,0.1127393605,0.1250000000,3,1,46.45785471
2024-10-07T13:15:00-04:00,2912.57230091,1300.00000000,262.84023299,2649.73206793,1.01301457,2065.86000000,582.85905336,0.1128208518,0.1250000000,3,1,46.45785471
2024-10-07T13:30:00-04:00,2923.24045582,1300.00000000,262.89968789,2660.34076793,1.01301457,2076.46870000,582.85905336,0.1123319847,0.1250000000,3,1,46.45785471
2024-10-07T13:45:00-04:00,2927.69563311,1300.00000000,262.90216518,2664.79346793,1.01301457,2080.92140000,582.85905336,0.1121196110,0.1250000000,3,0,46.45785471
2024-10-07T14:00:00-04:00,2922.37107043,1300.00000000,262.68540250,2659.68566793,1.01301457,2075.81360000,582.85905336,0.1122821343,0.1250000000,3,1,46.45785471
2024-10-07T14:15:00-04:00,2917.34187214,1300.00000000,262.59250421,2654.74936793,1.01301457,2070.87730000,582.85905336,0.1124842308,0.1250000000,3,2,46.45785471
2024-10-07T14:30:00-04:00,2904.59261800,1300.00000000,261.91125007,2642.68136793,1.01301457,2058.80930000,582.85905336,0.1128084868,0.1250000000,3,1,46.45785471
2024-10-07T14:45:00-04:00,2881.90404009,1300.00000000,260.98226715,2620.92177294,1131.17074573,912.93940000,576.81162721,0.1132198717,0.1250000000,2,1,30.95717524
2024-10-07T15:00:00-04:00,2893.45849617,1300.00000000,261.22999593,2632.22850024,1.96087303,2053.45600000,576.81162721,0.1127621130,0.1250000000,3,0,58.18779535
2024-10-07T15:15:00-04:00,2891.92746056,1300.00000000,261.35386032,2630.57360024,1.96087303,2051.80110000,576.81162721,0.1128901874,0.1250000000,3,1,58.18779535
2024-10-07T15:30:00-04:00,2913.08203861,1300.00000000,260.73453838,2652.34750024,1.96087303,2073.57500000,576.81162721,0.1116028937,0.1250000000,3,2,58.18779535
2024-10-07T15:45:00-04:00,2918.42283520,1300.00000000,260.92033496,2657.50250024,1.96087303,2078.73000000,576.81162721,0.1114276931,0.1250000000,3,3,58.18779535
2024-10-08T09:30:00-04:00,2865.90074584,1300.00000000,262.29894561,2603.60180024,1.96087303,2024.82930000,576.81162721,0.1145866028,0.1250000000,3,0,58.18779535
2024-10-08T09:45:00-04:00,2853.95646200,1300.00000000,263.08796176,2590.86850024,1.96087303,2012.09600000,576.81162721,0.1155341363,0.1250000000,3,0,58.18779535
2024-10-08T10:00:00-04:00,2865.03442639,1300.00000000,263.21182615,2601.82260024,1.96087303,2023.05010000,576.81162721,0.1150289326,0.1250000000,3,0,58.18779535
2024-10-08T10:15:00-04:00,2857.62589249,1300.00000000,263.24279225,2594.38310024,1.96087303,2015.61060000,576.81162721,0.1154161460,0.1250000000,3,0,58.18779535
2024-10-08T10:30:00-04:00,2843.73378394,1300.00000000,263.70728371,2580.02650024,1.96087303,2001.25400000,576.81162721,0.1163283366,0.1250000000,3,0,58.18779535
2024-10-08T10:45:00-04:00,2857.66902835,1300.00000000,263.72152811,2593.94750024,1.96087303,2015.17500000,576.81162721,0.1156238562,0.1250000000,3,0,58.18779535
2024-10-08T11:00:00-04:00,2849.87613888,1300.00000000,263.58403864,2586.29210024,1.96087303,2007.51960000,576.81162721,0.1159597703,0.1250000000,3,0,58.18779535
2024-10-08T11:15:00-04:00,2841.98696360,1300.00000000,263.72586336,2578.26110024,1.96087303,1999.48860000,576.81162721,0.1164262471,0.1250000000,3,0,58.18779535
2024-10-08T11:30:00-04:00,2849.05364833,1300.00000000,263.83114810,2585.22250024,1.96087303,2006.45000000,576.81162721,0.1161104960,0.1250000000,3,0,58.18779535
2024-10-08T11:45:00-04:00,2851.75724492,1300.00000000,264.01694468,2587.74030024,1.96087303,2008.96780000,576.81162721,0.1160541784,0.1250000000,3,0,58.18779535
2024-10-08T12:00:00-04:00,2849.32337579,1300.00000000,263.86087555,2585.46250024,1.96087303,2006.69000000,576.81162721,0.1161097960,0.1250000000,3,0,58.18779535
2024-10-08T12:15:00-04:00,2849.70592493,1300.00000000,263.90732469,2585.79860024,1.96087303,2007.02610000,576.81162721,0.1161106898,0.1250000000,3,0,58.18779535
2024-10-08T12:30:00-04:00,2852.32961443,1300.00000000,263.86211419,2588.46750024,1.96087303,2009.69500000,576.81162721,0.1159569450,0.1250000000,3,0,58.18779535
2024-10-08T12:45:00-04:00,2842.68996121,1300.00000000,263.89246097,2578.79750024,1.96087303,2000.02500000,576.81162721,0.1164636499,0.1250000000,3,0,58.18779535
2024-10-08T13:00:00-04:00,2832.02258377,1300.00000000,263.78841488,2568.23416889,1115.38366275,886.44500000,566.40550614,0.1164311558,0.1250000000,1,0,30.89102721
2024-10-08T13:15:00-04:00,2833.35206888,1300.00000000,263.58280000,2569.76926889,1115.38366275,887.98010000,566.40550614,0.1162721717,0.1250000000,1,0,30.89102721
2024-10-08T13:30:00-04:00,2837.89952040,1300.00000000,263.64535151,2574.25416889,1115.38366275,892.46500000,566.40550614,0.1160669365,0.1250000000,1,0,30.89102721
2024-10-08T13:45:00-04:00,2836.62800477,1300.00000000,263.87883589,2572.74916889,1115.38366275,890.96000000,566.40550614,0.1162347902,0.1250000000,1,0,30.89102721
2024-10-08T14:00:00-04:00,2838.05435088,1300.00000000,263.80018200,2574.25416889,1115.38366275,892.46500000,566.40550614,0.1161271834,0.1250000000,1,0,30.89102721
2024-10-08T14:15:00-04:00,2832.13963561,1300.00000000,263.90546673,2568.23416889,1115.38366275,886.44500000,566.40550614,0.1164768025,0.1250000000,1,0,30.89102721
2024-10-08T14:30:00-04:00,2835.26111356,1300.00000000,264.01694468,2571.24416889,1115.38366275,889.45500000,566.40550614,0.1163656884,0.1250000000,1,0,30.89102721
2024-10-08T14:45:00-04:00,2833.99145590,1300.00000000,264.25228702,2569.73916889,1115.38366275,887.95000000,566.40550614,0.1165346288,0.1250000000,1,0,30.89102721
2024-10-08T15:00:00-04:00,2832.37497795,1300.00000000,264.14080907,2568.23416889,1115.38366275,886.44500000,566.40550614,0.1165685647,0.1250000000,1,0,30.89102721
2024-10-08T15:15:00-04:00,2832.34525050,1300.00000000,264.11108161,2568.23416889,1115.38366275,886.44500000,566.40550614,0.1165569748,0.1250000000,1,0,30.89102721
2024-10-08T15:30:00-04:00,2830.86997795,1300.00000000,264.14080907,2566.72916889,1115.38366275,884.94000000,566.40550614,0.1166460381,0.1250000000,1,0,30.89102721
2024-10-08T15:45:00-04:00,2833.97287624,1300.00000000,264.23370736,2569.73916889,1115.38366275,887.95000000,566.40550614,0.1165273900,0.1250000000,1,0,30.89102721
2024-10-09T09:30:00-04:00,2865.23724918,1300.00000000,263.89308029,2601.34416889,1115.38366275,919.55500000,566.40550614,0.1147944303,0.1250000000,1,0,30.89102721
2024-10-09T09:45:00-04:00,2857.96171968,1300.00000000,263.90175080,2594.05996889,1115.38366275,912.27080000,566.40550614,0.1151626782,0.1250000000,1,0,30.89102721
2024-10-09T10:00:00-04:00,2864.28778096,1300.00000000,264.44861207,2599.83916889,1115.38366275,918.05000000,566.40550614,0.1150836207,0.1250000000,1,0,30.89102721
2024-10-09T10:15:00-04:00,2852.55991922,1300.00000000,264.76075033,2587.79916889,1115.38366275,906.01000000,566.40550614,0.1158105283,0.1250000000,1,0,30.89102721
2024-10-09T10:30:00-04:00,2850.93043551,1300.00000000,264.63626662,2586.29416889,1115.38366275,904.50500000,566.40550614,0.1158386425,0.1250000000,1,0,30.89102721
2024-10-09T10:45:00-04:00,2858.64123209,1300.00000000,264.82206321,2593.81916889,1115.38366275,912.03000000,566.40550614,0.1155300304,0.1250000000,1,0,30.89102721
2024-10-09T11:00:00-04:00,2863.25408019,1300.00000000,265.07041131,2598.18366889,1115.38366275,916.39450000,566.40550614,0.1154061327,0.1250000000,1,0,30.89102721
2024-10-09T11:15:00-04:00,2872.48846120,1300.00000000,265.12429231,2607.36416889,1115.38366275,925.57500000,566.40550614,0.1149673700,0.1250000000,1,0,30.89102721
2024-10-09T11:30:00-04:00,2884.22250662,1300.00000000,265.11933774,2619.10316889,1115.38366275,937.31400000,566.40550614,0.1143832053,0.1250000000,1,0,30.89102721
2024-10-09T11:45:00-04:00,2880.20483168,1300.00000000,265.31566279,2614.88916889,1115.38366275,933.10000000,566.40550614,0.1146666696,0.1250000000,1,0,30.89102721
2024-10-09T12:00:00-04:00,2871.02247848,1300.00000000,265.16330960,2605.85916889,1115.38366275,924.07000000,566.40550614,0.1150574316,0.1250000000,1,0,30.89102721
2024-10-09T12:15:00-04:00,2859.01282526,1300.00000000,265.19365637,2593.81916889,1115.38366275,912.03000000,566.40550614,0.1156733882,0.1250000000,1,0,30.89102721
2024-10-09T12:30:00-04:00,2853.02503000,1300.00000000,265.22586111,2587.79916889,1115.38366275,906.01000000,566.40550614,0.1159903772,0.1250000000,1,0,30.89102721
2024-10-09T12:45:00-04:00,2855.87896087,1300.00000000,265.06979198,2590.80916889,1115.38366275,909.02000000,566.40550614,0.1157776219,0.1250000000,1,0,30.89102721
2024-10-09T13:00:00-04:00,2854.49720594,1300.00000000,265.19303705,2589.30416889,1115.38366275,907.51500000,566.40550614,0.1159014025,0.1250000000,1,0,30.89102721
2024-10-09T13:15:00-04:00,2854.62107032,1300.00000000,265.31690144,2589.30416889,1115.38366275,907.51500000,566.40550614,0.1159492600,0.1250000000,1,0,30.89102721
2024-10-09T13:30:00-04:00,2851.55037677,1300.00000000,265.25620789,2586.29416889,1115.38366275,904.50500000,566.40550614,0.1160785083,0.1250000000,1,0,30.89102721
2024-10-09T13:45:00-04:00,2854.40492697,1300.00000000,265.10075808,2589.30416889,1115.38366275,907.51500000,566.40550614,0.1158657453,0.1250000000,1,0,30.89102721
2024-10-09T14:00:00-04:00,2852.99282526,1300.00000000,265.19365637,2587.79916889,1115.38366275,906.01000000,566.40550614,0.1159779266,0.1250000000,1,0,30.89102721
2024-10-09T14:15:00-04:00,2853.17862184,1300.00000000,265.37945296,2587.79916889,1115.38366275,906.01000000,566.40550614,0.1160497520,0.1250000000,1,0,30.89102721
2024-10-09T14:30:00-04:00,2854.80748623,1300.00000000,265.50331734,2589.30416889,1115.38366275,907.51500000,566.40550614,0.1160212758,0.1250000000,1,0,30.89102721
2024-10-09T14:45:00-04:00,2848.84941842,1300.00000000,265.56524954,2583.28416889,1115.38366275,901.49500000,566.40550614,0.1163512707,0.1250000000,1,0,30.89102721
2024-10-09T15:00:00-04:00,2848.84879910,1300.00000000,265.56463022,2583.28416889,1115.38366275,901.49500000,566.40550614,0.1163510309,0.1250000000,1,0,30.89102721
2024-10-09T15:15:00-04:00,2845.83632181,1300.00000000,265.56215293,2580.27416889,1115.38366275,898.48500000,566.40550614,0.1165037127,0.1250000000,1,0,30.89102721
2024-10-09T15:30:00-04:00,2842.95266349,1300.00000000,265.68849461,2577.26416889,1115.38366275,895.47500000,566.40550614,0.1167067828,0.1250000000,1,0,30.89102721
2024-10-09T15:45:00-04:00,2838.43828281,1300.00000000,265.68911393,2572.74916889,1115.38366275,890.96000000,566.40550614,0.1169389441,0.1250000000,1,0,30.89102721
2024-10-10T09:30:00-04:00,2824.45265096,1300.00000000,282.48186538,2541.97078558,1987.23924744,0.00000000,554.73153814,0.1244566409,0.1250000000,0,0,0.00000000
2024-10-10T09:45:00-04:00,2824.12008460,1300.00000000,282.14929902,2541.97078558,1987.23924744,0.00000000,554.73153814,0.1243283348,0.1250000000,0,0,0.00000000
2024-10-10T10:00:00-04:00,2824.58567750,1300.00000000,282.61489192,2541.97078558,1987.23924744,0.00000000,554.73153814,0.1245079527,0.1250000000,0,0,0.00000000
2024-10-10T10:15:00-04:00,2824.67613555,1300.00000000,282.70534997,2541.97078558,1987.23924744,0.00000000,554.73153814,0.1245428414,0.1250000000,0,0,0.00000000
2024-10-10T10:30:00-04:00,2824.58567750,1300.00000000,282.61489192,2541.97078558,1987.23924744,0.00000000,554.73153814,0.1245079527,0.1250000000,0,0,0.00000000
2024-10-10T10:45:00-04:00,2824.65219077,1300.00000000,282.68140519,2541.97078558,1987.23924744,0.00000000,554.73153814,0.1245336064,0.1250000000,0,0,0.00000000
2024-10-10T11:00:00-04:00,2824.82911608,1300.00000000,282.85833050,2541.97078558,1987.23924744,0.00000000,554.73153814,0.1246018379,0.1250000000,0,0,0.00000000
2024-10-10T11:15:00-04:00,2825.05459607,1300.00000000,283.08381049,2541.97078558,1987.23924744,0.00000000,554.73153814,0.1246887792,0.1250000000,0,0,0.00000000
2024-10-10T11:30:00-04:00,2825.11778368,1300.00000000,283.14699810,2541.97078558,1987.23924744,0.00000000,554.73153814,0.1247131402,0.1250000000,0,0,0.00000000
2024-10-10T11:45:00-04:00,2825.31732349,1300.00000000,283.34653791,2541.97078558,1987.23924744,0.00000000,554.73153814,0.1247900607,0.1250000000,0,0,0.00000000
2024-10-10T12:00:00-04:00,2825.58337658,1300.00000000,283.61259100,2541.97078558,1987.23924744,0.00000000,554.73153814,0.1248926003,0.1250000000,0,0,0.00000000
2024-10-10T12:15:00-04:00,2825.11844881,1300.00000000,283.14766323,2541.97078558,1987.23924744,0.00000000,554.73153814,0.1247133966,0.1250000000,0,0,0.00000000
2024-10-10T12:30:00-04:00,2825.38383676,1300.00000000,283.41305118,2541.97078558,1987.23924744,0.00000000,554.73153814,0.1248156978,0.1250000000,0,0,0.00000000
2024-10-10T12:45:00-04:00,2825.31732349,1300.00000000,283.34653791,2541.97078558,1987.23924744,0.00000000,554.73153814,0.1247900607,0.1250000000,0,0,0.00000000
2024-10-10T13:00:00-04:00,2824.88299183,1300.00000000,282.91220625,2541.97078558,1987.23924744,0.00000000,554.73153814,0.1246226131,0.1250000000,0,0,0.00000000
2024-10-10T13:15:00-04:00,2825.38383676,1300.00000000,283.41305118,2541.97078558,1987.23924744,0.00000000,554.73153814,0.1248156978,0.1250000000,0,0,0.00000000
2024-10-10T13:30:00-04:00,2825.35058013,1300.00000000,283.37979455,2541.97078558,1987.23924744,0.00000000,554.73153814,0.1248028794,0.1250000000,0,0,0.00000000
2024-10-10T13:45:00-04:00,2825.18429695,1300.00000000,283.21351137,2541.97078558,1987.23924744,0.00000000,554.73153814,0.1247387818,0.1250000000,0,0,0.00000000
2024-10-10T14:00:00-04:00,2824.98475713,1300.00000000,283.01397155,2541.97078558,1987.23924744,0.00000000,554.73153814,0.1246618523,0.1250000000,0,0,0.00000000
2024-10-10T14:15:00-04:00,2824.85173059,1300.00000000,282.88094501,2541.97078558,1987.23924744,0.00000000,554.73153814,0.1246105585,0.1250000000,0,0,0.00000000
2024-10-10T14:30:00-04:00,2824.78521732,1300.00000000,282.81443174,2541.97078558,1987.23924744,0.00000000,554.73153814,0.1245849093,0.1250000000,0,0,0.00000000
2024-10-10T14:45:00-04:00,2825.11778368,1300.00000000,283.14699810,2541.97078558,1987.23924744,0.00000000,554.73153814,0.1247131402,0.1250000000,0,0,0.00000000
2024-10-10T15:00:00-04:00,2825.05127040,1300.00000000,283.08048482,2541.97078558,1987.23924744,0.00000000,554.73153814,0.1246874970,0.1250000000,0,0,0.00000000
2024-10-10T15:15:00-04:00,2825.18030615,1300.00000000,283.20952057,2541.97078558,1987.23924744,0.00000000,554.73153814,0.1247372434,0.1250000000,0,0,0.00000000
2024-10-10T15:30:00-04:00,2825.05127040,1300.00000000,283.08048482,2541.97078558,1987.23924744,0.00000000,554.73153814,0.1246874970,0.1250000000,0,0,0.00000000
2024-10-10T15:45:00-04:00,2825.25081022,1300.00000000,283.28002464,2541.97078558,1987.23924744,0.00000000,554.73153814,0.1247644220,0.1250000000,0,0,0.00000000
2024-10-11T09:30:00-04:00,2826.24393215,1300.00000000,282.60358467,2543.64034748,1988.90880934,0.00000000,554.73153814,0.1244120813,0.1250000000,0,0,0.00000000
2024-10-11T09:45:00-04:00,2826.22929923,1300.00000000,282.58895175,2543.64034748,1988.90880934,0.00000000,554.73153814,0.1244064408,0.1250000000,0,0,0.00000000
2024-10-11T10:00:00-04:00,2826.98688539,1300.00000000,283.34653791,2543.64034748,1988.90880934,0.00000000,554.73153814,0.1246983699,0.1250000000,0,0,0.00000000
2024-10-11T10:15:00-04:00,2826.98688539,1300.00000000,283.34653791,2543.64034748,1988.90880934,0.00000000,554.73153814,0.1246983699,0.1250000000,0,0,0.00000000
2024-10-11T10:30:00-04:00,2827.11791654,1300.00000000,283.47756906,2543.64034748,1988.90880934,0.00000000,554.73153814,0.1247488419,0.1250000000,0,0,0.00000000
2024-10-11T10:45:00-04:00,2826.95362876,1300.00000000,283.31328128,2543.64034748,1988.90880934,0.00000000,554.73153814,0.1246855589,0.1250000000,0,0,0.00000000
2024-10-11T11:00:00-04:00,2827.05339867,1300.00000000,283.41305118,2543.64034748,1988.90880934,0.00000000,554.73153814,0.1247239910,0.1250000000,0,0,0.00000000
2024-10-11T11:15:00-04:00,2826.98688539,1300.00000000,283.34653791,2543.64034748,1988.90880934,0.00000000,554.73153814,0.1246983699,0.1250000000,0,0,0.00000000
2024-10-11T11:30:00-04:00,2826.92037212,1300.00000000,283.28002464,2543.64034748,1988.90880934,0.00000000,554.73153814,0.1246727474,0.1250000000,0,0,0.00000000
2024-10-11T11:45:00-04:00,2827.17910875,1300.00000000,283.53876127,2543.64034748,1988.90880934,0.00000000,554.73153814,0.1247724106,0.1250000000,0,0,0.00000000
2024-10-11T12:00:00-04:00,2826.98688539,1300.00000000,283.34653791,2543.64034748,1988.90880934,0.00000000,554.73153814,0.1246983699,0.1250000000,0,0,0.00000000
2024-10-11T12:15:00-04:00,2827.04009601,1300.00000000,283.39974853,2543.64034748,1988.90880934,0.00000000,554.73153814,0.1247188669,0.1250000000,0,0,0.00000000
2024-10-11T12:30:00-04:00,2826.78734558,1300.00000000,283.14699810,2543.64034748,1988.90880934,0.00000000,554.73153814,0.1246214979,0.1250000000,0,0,0.00000000
2024-10-11T12:45:00-04:00,2827.03277955,1300.00000000,283.39243207,2543.64034748,1988.90880934,0.00000000,554.73153814,0.1247160486,0.1250000000,0,0,0.00000000
2024-10-11T13:00:00-04:00,2826.85385885,1300.00000000,283.21351137,2543.64034748,1988.90880934,0.00000000,554.73153814,0.1246471234,0.1250000000,0,0,0.00000000
2024-10-11T13:15:00-04:00,2827.02014203,1300.00000000,283.37979455,2543.64034748,1988.90880934,0.00000000,554.73153814,0.1247111806,0.1250000000,0,0,0.00000000
2024-10-11T13:30:00-04:00,2826.99752752,1300.00000000,283.35718004,2543.64034748,1988.90880934,0.00000000,554.73153814,0.1247024694,0.1250000000,0,0,0.00000000
2024-10-11T13:45:00-04:00,2827.18642521,1300.00000000,283.54607773,2543.64034748,1988.90880934,0.00000000,554.73153814,0.1247752285,0.1250000000,0,0,0.00000000
2024-10-11T14:00:00-04:00,2827.31346556,1300.00000000,283.67311808,2543.64034748,1988.90880934,0.00000000,554.73153814,0.1248241547,0.1250000000,0,0,0.00000000
2024-10-11T14:15:00-04:00,2827.31945175,1300.00000000,283.67910427,2543.64034748,1988.90880934,0.00000000,554.73153814,0.1248264600,0.1250000000,0,0,0.00000000
2024-10-11T14:30:00-04:00,2827.31945175,1300.00000000,283.67910427,2543.64034748,1988.90880934,0.00000000,554.73153814,0.1248264600,0.1250000000,0,0,0.00000000
2024-10-11T14:45:00-04:00,2827.51899157,1300.00000000,283.87864409,2543.64034748,1988.90880934,0.00000000,554.73153814,0.1249032960,0.1250000000,0,0,0.00000000
2024-10-11T15:00:00-04:00,2827.58550484,1300.00000000,283.94515736,2543.64034748,1988.90880934,0.00000000,554.73153814,0.1249289050,0.1250000000,0,0,0.00000000
2024-10-11T15:15:00-04:00,2827.46844148,1300.00000000,283.82809400,2543.64034748,1988.90880934,0.00000000,554.73153814,0.1248838322,0.1250000000,0,0,0.00000000
2024-10-11T15:30:00-04:00,2827.38596502,1300.00000000,283.74561754,2543.64034748,1988.90880934,0.00000000,554.73153814,0.1248520735,0.1250000000,0,0,0.00000000
2024-10-11T15:45:00-04:00,2827.48573493,1300.00000000,283.84538745,2543.64034748,1988.90880934,0.00000000,554.73153814,0.1248904910,0.1250000000,0,0,0.00000000
2024-10-14T09:30:00-04:00,2829.54764636,1300.00000000,285.90729888,2543.64034748,1988.90880934,0.00000000,554.73153814,0.1256836972,0.1250000000,0,0,0.00000000
2024-10-14T09:45:00-04:00,2830.31121872,1300.00000000,286.67087124,2543.64034748,1988.90880934,0.00000000,554.73153814,0.1259770746,0.1250000000,0,0,0.00000000
2024-10-14T10:00:00-04:00,2829.80704812,1300.00000000,286.16670064,2543.64034748,1988.90880934,0.00000000,554.73153814,0.1257833858,0.1250000000,0,0,0.00000000
2024-10-14T10:15:00-04:00,2829.90016670,1300.00000000,286.25981922,2543.64034748,1988.90880934,0.00000000,554.73153814,0.1258191659,0.1250000000,0,0,0.00000000
2024-10-14T10:30:00-04:00,2829.89684104,1300.00000000,286.25649355,2543.64034748,1988.90880934,0.00000000,554.73153814,0.1258178881,0.1250000000,0,0,0.00000000
2024-10-14T10:45:00-04:00,2829.31484991,1300.00000000,285.67450243,2543.64034748,1988.90880934,0.00000000,554.73153814,0.1255942137,0.1250000000,0,0,0.00000000
2024-10-14T11:00:00-04:00,2829.38202831,1300.00000000,285.74168083,2543.64034748,1988.90880934,0.00000000,554.73153814,0.1256200379,0.1250000000,0,0,0.00000000
2024-10-14T11:15:00-04:00,2829.16519505,1300.00000000,285.52484756,2543.64034748,1988.90880934,0.00000000,554.73153814,0.1255366789,0.1250000000,0,0,0.00000000
2024-10-14T11:30:00-04:00,2829.11531009,1300.00000000,285.47496261,2543.64034748,1988.90880934,0.00000000,554.73153814,0.1255174989,0.1250000000,0,0,0.00000000
2024-10-14T11:45:00-04:00,2829.44787645,1300.00000000,285.80752897,2543.64034748,1988.90880934,0.00000000,554.73153814,0.1256453493,0.1250000000,0,0,0.00000000
2024-10-14T12:00:00-04:00,2829.71326441,1300.00000000,286.07291692,2543.64034748,1988.90880934,0.00000000,554.73153814,0.1257473472,0.1250000000,0,0,0.00000000
2024-10-14T12:15:00-04:00,2829.78044281,1300.00000000,286.14009533,2543.64034748,1988.90880934,0.00000000,554.73153814,0.1257731624,0.1250000000,0,0,0.00000000
2024-10-14T12:30:00-04:00,2829.81369945,1300.00000000,286.17335196,2543.64034748,1988.90880934,0.00000000,554.73153814,0.1257859416,0.1250000000,0,0,0.00000000
2024-10-14T12:45:00-04:00,2829.64808140,1300.00000000,286.00773392,2543.64034748,1988.90880934,0.00000000,554.73153814,0.1257222973,0.1250000000,0,0,0.00000000
2024-10-14T13:00:00-04:00,2829.79374546,1300.00000000,286.15339798,2543.64034748,1988.90880934,0.00000000,554.73153814,0.1257782741,0.1250000000,0,0,0.00000000
2024-10-14T13:15:00-04:00,2829.75383750,1300.00000000,286.11349002,2543.64034748,1988.90880934,0.00000000,554.73153814,0.1257629387,0.1250000000,0,0,0.00000000
2024-10-14T13:30:00-04:00,2829.91346935,1300.00000000,286.27312187,2543.64034748,1988.90880934,0.00000000,554.73153814,0.1258242771,0.1250000000,0,0,0.00000000
2024-10-14T13:45:00-04:00,2829.78110794,1300.00000000,286.14076046,2543.64034748,1988.90880934,0.00000000,554.73153814,0.1257734180,0.1250000000,0,0,0.00000000
2024-10-14T14:00:00-04:00,2829.78443361,1300.00000000,286.14408612,2543.64034748,1988.90880934,0.00000000,554.73153814,0.1257746959,0.1250000000,0,0,0.00000000
2024-10-14T14:15:00-04:00,2829.89151997,1300.00000000,286.25117249,2543.64034748,1988.90880934,0.00000000,554.73153814,0.1258158436,0.1250000000,0,0,0.00000000
2024-10-14T14:30:00-04:00,2830.11300917,1300.00000000,286.47266169,2543.64034748,1988.90880934,0.00000000,554.73153814,0.1259009381,0.1250000000,0,0,0.00000000
2024-10-14T14:45:00-04:00,2829.98064776,1300.00000000,286.34030028,2543.64034748,1988.90880934,0.00000000,554.73153814,0.1258500878,0.1250000000,0,0,0.00000000
2024-10-14T15:00:00-04:00,2830.04649590,1300.00000000,286.40614842,2543.64034748,1988.90880934,0.00000000,554.73153814,0.1258753859,0.1250000000,0,0,0.00000000
2024-10-14T15:15:00-04:00,2830.24537058,1300.00000000,286.60502310,2543.64034748,1988.90880934,0.00000000,554.73153814,0.1259517824,0.1250000000,0,0,0.00000000
2024-10-14T15:30:00-04:00,2830.21277908,1300.00000000,286.57243159,2543.64034748,1988.90880934,0.00000000,554.73153814,0.1259392635,0.1250000000,0,0,0.00000000
2024-10-14T15:45:00-04:00,2829.84695608,1300.00000000,286.20660860,2543.64034748,1988.90880934,0.00000000,554.73153814,0.1257987205,0.1250000000,0,0,0.00000000
2024-10-15T09:30:00-04:00,2830.54534544,1300.00000000,286.90499795,2543.64034748,1988.90880934,0.00000000,554.73153814,0.1260669906,0.1250000000,0,3,0.00000000
2024-10-15T09:45:00-04:00,2838.75095928,1300.00000000,286.80522805,2551.94573123,1.26419309,1995.95000000,554.73153814,0.1255703981,0.1250000000,3,1,35.77354812
2024-10-15T10:00:00-04:00,2827.67742656,1300.00000000,286.14009533,2541.53733123,1.26419309,1985.54160000,554.73153814,0.1258895325,0.1250000000,3,1,35.77354812
2024-10-15T10:15:00-04:00,2812.84954765,1300.00000000,285.39381642,2527.45573123,1.26419309,1971.46000000,554.73153814,0.1263856961,0.1250000000,3,0,35.77354812
2024-10-15T10:30:00-04:00,2793.85244890,1300.00000000,283.74561754,2510.10683136,1844.00140197,123.93030000,542.17512938,0.1260152221,0.1250000000,1,0,3.21097410
2024-10-15T10:45:00-04:00,2794.37925721,1300.00000000,283.98772585,2510.39153136,1844.00140197,124.21500000,542.17512938,0.1260932445,0.1250000000,1,0,3.21097410
2024-10-15T11:00:00-04:00,2794.14168872,1300.00000000,283.94515736,2510.19653136,1844.00140197,124.02000000,542.17512938,0.1260876438,0.1250000000,1,1,3.21097410
2024-10-15T11:15:00-04:00,2787.93409208,1300.00000000,283.91190072,2504.02219136,728.04506197,1233.80200000,542.17512938,0.1264213593,0.1250000000,2,0,37.83566348
2024-10-15T11:30:00-04:00,2789.73383544,1300.00000000,283.87864409,2505.85519136,728.04506197,1235.63500000,542.17512938,0.1263053300,0.1250000000,2,0,37.83566348
2024-10-15T11:45:00-04:00,2786.76672927,1300.00000000,283.34653791,2503.42019136,728.04506197,1233.20000000,542.17512938,0.1262352305,0.1250000000,2,0,37.83566348
2024-10-15T12:00:00-04:00,2798.16529563,1300.00000000,283.67910427,2514.48619136,728.04506197,1244.26600000,542.17512938,0.1257448319,0.1250000000,2,0,37.83566348
2024-10-15T12:15:00-04:00,2786.90429563,1300.00000000,283.67910427,2503.22519136,728.04506197,1233.00500000,542.17512938,0.1263756486,0.1250000000,2,0,37.83566348
2024-10-15T12:30:00-04:00,2789.63429563,1300.00000000,283.67910427,2505.95519136,728.04506197,1235.73500000,542.17512938,0.1262221394,0.1250000000,2,0,34.62468938
2024-10-15T12:45:00-04:00,2783.61370059,1300.00000000,283.50350923,2500.11019136,728.04506197,1229.89000000,542.17512938,0.1264828369,0.1250000000,2,0,34.62468938
2024-10-15T13:00:00-04:00,2778.88998236,1300.00000000,283.61259100,2495.27739136,728.04506197,1225.05720000,542.17512938,0.1267987248,0.1250000000,2,0,34.62468938
2024-10-15T13:15:00-04:00,2769.52218945,1300.00000000,283.14699810,2486.37519136,728.04506197,1216.15500000,542.17512938,0.1271229810,0.1250000000,2,0,34.62468938
2024-10-15T13:30:00-04:00,2773.95938660,1300.00000000,283.78419524,2490.17519136,728.04506197,1219.95500000,542.17512938,0.1271557474,0.1250000000,2,0,34.62468938
2024-10-15T13:45:00-04:00,2771.52839971,1300.00000000,283.37380835,2488.15459136,728.04506197,1217.93440000,542.17512938,0.1271103203,0.1250000000,2,0,34.62468938
2024-10-15T14:00:00-04:00,2773.94498590,1300.00000000,283.37979455,2490.56519136,728.04506197,1220.34500000,542.17512938,0.1269753661,0.1250000000,2,0,34.62468938
2024-10-15T14:15:00-04:00,2771.32495581,1300.00000000,283.47956446,2487.84539136,728.04506197,1217.62520000,542.17512938,0.1271693634,0.1250000000,2,0,34.62468938
2024-10-15T14:30:00-04:00,2773.32282927,1300.00000000,283.34653791,2489.97629136,728.04506197,1219.75610000,542.17512938,0.1269958676,0.1250000000,2,1,34.62468938
2024-10-15T14:45:00-04:00,2766.65820868,1300.00000000,283.08048482,2483.57772386,7.41499447,1933.98760000,542.17512938,0.1272567490,0.1250000000,3,1,44.86813395
2024-10-15T15:00:00-04:00,2762.78371314,1300.00000000,282.54837865,2480.23533449,1093.78640971,857.38500000,529.06392478,0.1264923112,0.1250000000,3,0,10.34496759
2024-10-15T15:15:00-04:00,2764.45937827,1300.00000000,282.54904378,2481.91033449,1093.78640971,859.06000000,529.06392478,0.1263977894,0.1250000000,3,0,10.34496759
2024-10-15T15:30:00-04:00,2763.19208375,1300.00000000,282.67674926,2480.51533449,1093.78640971,857.66500000,529.06392478,0.1265266489,0.1250000000,3,0,10.34496759
2024-10-15T15:45:00-04:00,2767.09962498,1300.00000000,283.04722819,2484.05239679,1221.29841217,731.35000000,531.40398462,0.1266036499,0.1250000000,2,1,10.34496759
2024-10-16T09:30:00-04:00,2789.03851097,1300.00000000,282.01228168,2507.02622929,1965.84191488,0.00000000,541.18431441,0.1254584404,0.1250000000,0,0,0.00000000
2024-10-16T09:45:00-04:00,2788.90947522,1300.00000000,281.88324593,2507.02622929,1965.84191488,0.00000000,541.18431441,0.1254082353,0.1250000000,0,0,0.00000000
2024-10-16T10:00:00-04:00,2789.77414776,1300.00000000,282.74791847,2507.02622929,1965.84191488,0.00000000,541.18431441,0.1257445508,0.1250000000,0,0,0.00000000
2024-10-16T10:15:00-04:00,2790.17322739,1300.00000000,283.14699810,2507.02622929,1965.84191488,0.00000000,541.18431441,0.1258996861,0.1250000000,0,0,0.00000000
2024-10-16T10:30:00-04:00,2789.30855485,1300.00000000,282.28232556,2507.02622929,1965.84191488,0.00000000,541.18431441,0.1255634900,0.1250000000,0,0,0.00000000
2024-10-16T10:45:00-04:00,2789.50809467,1300.00000000,282.48186538,2507.02622929,1965.84191488,0.00000000,541.18431441,0.1256410967,0.1250000000,0,0,0.00000000
2024-10-16T11:00:00-04:00,2789.87391766,1300.00000000,282.84768837,2507.02622929,1965.84191488,0.00000000,541.18431441,0.1257833398,0.1250000000,0,0,0.00000000
2024-10-16T11:15:00-04:00,2790.01825146,1300.00000000,282.99202217,2507.02622929,1965.84191488,0.00000000,541.18431441,0.1258394484,0.1250000000,0,0,0.00000000
2024-10-16T11:30:00-04:00,2790.04020084,1300.00000000,283.01397155,2507.02622929,1965.84191488,0.00000000,541.18431441,0.1258479804,0.1250000000,0,0,0.00000000
2024-10-16T11:45:00-04:00,2789.52405785,1300.00000000,282.49782856,2507.02622929,1965.84191488,0.00000000,541.18431441,0.1256473046,0.1250000000,0,0,0.00000000
2024-10-16T12:00:00-04:00,2789.57460794,1300.00000000,282.54837865,2507.02622929,1965.84191488,0.00000000,541.18431441,0.1256669625,0.1250000000,0,0,0.00000000
2024-10-16T12:15:00-04:00,2789.87391766,1300.00000000,282.84768837,2507.02622929,1965.84191488,0.00000000,541.18431441,0.1257833398,0.1250000000,0,0,0.00000000
2024-10-16T12:30:00-04:00,2789.97169217,1300.00000000,282.94546288,2507.02622929,1965.84191488,0.00000000,541.18431441,0.1258213496,0.1250000000,0,0,0.00000000
2024-10-16T12:45:00-04:00,2790.09008580,1300.00000000,283.06385651,2507.02622929,1965.84191488,0.00000000,541.18431441,0.1258673707,0.1250000000,0,0,0.00000000
2024-10-16T13:00:00-04:00,2790.17056686,1300.00000000,283.14433757,2507.02622929,1965.84191488,0.00000000,541.18431441,0.1258986520,0.1250000000,0,0,0.00000000
2024-10-16T13:15:00-04:00,2790.10338845,1300.00000000,283.07715916,2507.02622929,1965.84191488,0.00000000,541.18431441,0.1258725414,0.1250000000,0,0,0.00000000
2024-10-16T13:30:00-04:00,2789.97435270,1300.00000000,282.94812341,2507.02622929,1965.84191488,0.00000000,541.18431441,0.1258223839,0.1250000000,0,0,0.00000000
2024-10-16T13:45:00-04:00,2790.23907553,1300.00000000,283.21284624,2507.02622929,1965.84191488,0.00000000,541.18431441,0.1259252781,0.1250000000,0,0,0.00000000
2024-10-16T14:00:00-04:00,2790.30625393,1300.00000000,283.28002464,2507.02622929,1965.84191488,0.00000000,541.18431441,0.1259513856,0.1250000000,0,0,0.00000000
2024-10-16T14:15:00-04:00,2790.63882029,1300.00000000,283.61259100,2507.02622929,1965.84191488,0.00000000,541.18431441,0.1260806077,0.1250000000,0,0,0.00000000
2024-10-16T14:30:00-04:00,2790.56964649,1300.00000000,283.54341720,2507.02622929,1965.84191488,0.00000000,541.18431441,0.1260537326,0.1250000000,0,0,0.00000000
2024-10-16T14:45:00-04:00,2790.57230702,1300.00000000,283.54607773,2507.02622929,1965.84191488,0.00000000,541.18431441,0.1260547663,0.1250000000,0,0,0.00000000
2024-10-16T15:00:00-04:00,2790.50446348,1300.00000000,283.47823419,2507.02622929,1965.84191488,0.00000000,541.18431441,0.1260284065,0.1250000000,0,0,0.00000000
2024-10-16T15:15:00-04:00,2790.37276720,1300.00000000,283.34653791,2507.02622929,1965.84191488,0.00000000,541.18431441,0.1259772331,0.1250000000,0,0,0.00000000
2024-10-16T15:30:00-04:00,2790.37276720,1300.00000000,283.34653791,2507.02622929,1965.84191488,0.00000000,541.18431441,0.1259772331,0.1250000000,0,0,0.00000000
2024-10-16T15:45:00-04:00,2790.43928047,1300.00000000,283.41305118,2507.02622929,1965.84191488,0.00000000,541.18431441,0.1260030790,0.1250000000,0,0,0.00000000
2024-10-17T09:30:00-04:00,2789.84066103,1300.00000000,282.81443174,2507.02622929,1965.84191488,0.00000000,541.18431441,0.1257704105,0.1250000000,0,2,0.00000000
2024-10-17T09:45:00-04:00,2764.82084535,1300.00000000,282.61422679,2482.20661856,933.58260260,1012.48000000,536.14401596,0.1268080787,0.1250000000,1,0,13.40756752
2024-10-17T10:00:00-04:00,2761.25480381,1300.00000000,282.01627248,2479.23853133,1948.33566517,0.00000000,530.90286616,0.1264447407,0.1250000000,0,0,0.00000000
2024-10-17T10:15:00-04:00,2761.65388344,1300.00000000,282.41535211,2479.23853133,1948.33566517,0.00000000,530.90286616,0.1266010191,0.1250000000,0,0,0.00000000
2024-10-17T10:30:00-04:00,2761.25480381,1300.00000000,282.01627248,2479.23853133,1948.33566517,0.00000000,530.90286616,0.1264447407,0.1250000000,0,0,0.00000000
2024-10-17T10:45:00-04:00,2761.45434362,1300.00000000,282.21581229,2479.23853133,1948.33566517,0.00000000,530.90286616,0.1265228869,0.1250000000,0,0,0.00000000
2024-10-17T11:00:00-04:00,2761.65388344,1300.00000000,282.41535211,2479.23853133,1948.33566517,0.00000000,530.90286616,0.1266010191,0.1250000000,0,0,0.00000000
2024-10-17T11:15:00-04:00,2762.08621970,1300.00000000,282.84768837,2479.23853133,1948.33566517,0.00000000,530.90286616,0.1267702576,0.1250000000,0,0,0.00000000
2024-10-17T11:30:00-04:00,2762.31901616,1300.00000000,283.08048482,2479.23853133,1948.33566517,0.00000000,530.90286616,0.1268613588,0.1250000000,0,0,0.00000000
2024-10-17T11:45:00-04:00,2762.71809579,1300.00000000,283.47956446,2479.23853133,1948.33566517,0.00000000,530.90286616,0.1270174881,0.1250000000,0,0,0.00000000
2024-10-17T12:00:00-04:00,2762.58506924,1300.00000000,283.34653791,2479.23853133,1948.33566517,0.00000000,530.90286616,0.1269654512,0.1250000000,0,0,0.00000000
2024-10-17T12:15:00-04:00,2762.51855597,1300.00000000,283.28002464,2479.23853133,1948.33566517,0.00000000,530.90286616,0.1269394304,0.1250000000,0,1,0.00000000
2024-10-17T12:30:00-04:00,2760.64770797,1300.00000000,283.28002464,2477.36768333,845.04481717,1101.42000000,530.90286616,0.1270459379,0.1250000000,1,1,16.32132660
2024-10-17T12:45:00-04:00,2760.24431084,1300.00000000,282.81443174,2477.42987911,3.74201294,1942.78500000,530.90286616,0.1268600790,0.1250000000,2,1,27.13233090
2024-10-17T13:00:00-04:00,2761.15585298,1300.00000000,283.13835137,2478.01750161,0.56963544,1946.54500000,530.90286616,0.1269534681,0.1250000000,3,0,27.18797253
2024-10-17T13:15:00-04:00,2759.79478643,1300.00000000,283.08048482,2476.71430161,0.56963544,1945.24180000,530.90286616,0.1270050298,0.1250000000,3,0,27.18797253
2024-10-17T13:30:00-04:00,2760.73252625,1300.00000000,283.28002464,2477.45250161,0.56963544,1945.98000000,530.90286616,0.1270411053,0.1250000000,3,1,27.18797253
2024-10-17T13:45:00-04:00,2760.73298643,1300.00000000,283.08048482,2477.65250161,0.56963544,1946.18000000,530.90286616,0.1269515925,0.1250000000,3,1,27.18797253
2024-10-17T14:00:00-04:00,2750.65684098,1300.00000000,282.27633937,2468.38050161,0.56963544,1936.90800000,530.90286616,0.1271655970,0.1250000000,3,0,27.18797253
2024-10-17T14:15:00-04:00,2748.52621072,1300.00000000,281.89920912,2466.62700161,0.56963544,1935.15450000,530.90286616,0.1271177136,0.1250000000,3,0,27.18797253
2024-10-17T14:30:00-04:00,2738.43485595,1300.00000000,282.07946008,2456.35539586,1093.06445459,838.72860000,524.56234128,0.1274145003,0.1250000000,2,1,10.86664593
2024-10-17T14:45:00-04:00,2737.31061113,1300.00000000,282.54372272,2454.76688841,1.16954714,1929.03500000,524.56234128,0.1276890492,0.1250000000,3,0,33.81287132
2024-10-17T15:00:00-04:00,2737.86237857,1300.00000000,282.35549016,2455.50688841,1.16954714,1929.77500000,524.56234128,0.1275721707,0.1250000000,3,0,33.81287132
2024-10-17T15:15:00-04:00,2733.75116089,1300.00000000,282.01627248,2451.73488841,1.16954714,1926.00300000,524.56234128,0.1276560292,0.1250000000,3,0,33.81287132
2024-10-17T15:30:00-04:00,2736.67666444,1300.00000000,281.78347602,2454.89318841,1.16954714,1929.16130000,524.56234128,0.1273819680,0.1250000000,3,0,33.81287132
2024-10-17T15:45:00-04:00,2735.78210780,1300.00000000,281.75021939,2454.03188841,1.16954714,1928.30000000,524.56234128,0.1274184609,0.1250000000,3,0,33.81287132
2024-10-18T09:30:00-04:00,2771.58904647,1300.00000000,283.47956446,2488.10948201,3.28544073,1960.26170000,524.56234128,0.1261576303,0.1250000000,3,3,33.81287132
2024-10-18T09:45:00-04:00,2776.44417639,1300.00000000,283.27869437,2493.16548201,3.28544073,1965.31770000,524.56234128,0.1257964294,0.1250000000,3,0,10.81100430
2024-10-18T10:00:00-04:00,2781.24226870,1300.00000000,283.34653791,2497.89573079,1957.65445179,3.24500000,536.99627901,0.1262546705,0.1250000000,1,1,0.00000000
2024-10-18T10:15:00-04:00,2781.20556484,1300.00000000,283.01397155,2498.19159329,938.04031429,1023.15500000,536.99627901,0.1261085467,0.1250000000,2,0,14.91163842
2024-10-18T10:30:00-04:00,2777.11746607,1300.00000000,283.34587278,2493.77159329,938.04031429,1018.73500000,536.99627901,0.1264868501,0.1250000000,2,0,14.91163842
2024-10-18T10:45:00-04:00,2774.77784608,1300.00000000,283.19555278,2491.58229329,938.04031429,1016.54570000,536.99627901,0.1265519195,0.1250000000,2,0,14.91163842
2024-10-18T11:00:00-04:00,2773.86481375,1300.00000000,283.41305118,2490.45176257,941.23965060,1012.20000000,537.01211196,0.1267017050,0.1250000000,1,1,14.91163842
2024-10-18T11:15:00-04:00,2770.74249529,1300.00000000,283.54607773,2487.19641757,0.07430560,1950.11000000,537.01211196,0.1269383628,0.1250000000,2,2,50.91294125
2024-10-18T11:30:00-04:00,2768.69559407,1300.00000000,283.21417650,2485.48141757,0.07430560,1948.39500000,537.01211196,0.1269060683,0.1250000000,2,2,50.91294125
2024-10-18T11:45:00-04:00,2771.49411566,1300.00000000,283.14699810,2488.34711757,0.07430560,1951.26070000,537.01211196,0.1267170636,0.1250000000,2,1,50.91294125
2024-10-18T12:00:00-04:00,2772.77440239,1300.00000000,283.08048482,2489.69391757,0.07430560,1952.60750000,537.01211196,0.1266147506,0.1250000000,2,3,50.91294125
2024-10-18T12:15:00-04:00,2771.38856894,1300.00000000,283.13835137,2488.25021757,0.07430560,1951.16380000,537.01211196,0.1267191795,0.1250000000,2,0,50.91294125
2024-10-18T12:30:00-04:00,2778.12430875,1300.00000000,283.33789119,2494.78641757,0.07430560,1957.70000000,537.01211196,0.1264273567,0.1250000000,2,1,50.91294125
2024-10-18T12:45:00-04:00,2775.99272538,1300.00000000,283.44630782,2492.54641757,0.07430560,1955.46000000,537.01211196,0.1265961421,0.1250000000,2,1,50.91294125
2024-10-18T13:00:00-04:00,2780.03869529,1300.00000000,283.54607773,2496.49261757,0.07430560,1959.40620000,537.01211196,0.1264122681,0.1250000000,2,1,50.91294125
2024-10-18T13:15:00-04:00,2775.96295548,1300.00000000,283.34653791,2492.61641757,0.07430560,1955.53000000,537.01211196,0.1265532643,0.1250000000,2,1,50.91294125
2024-10-18T13:30:00-04:00,2779.83946875,1300.00000000,283.41305118,2496.42641757,0.07430560,1959.34000000,537.01211196,0.1263641851,0.1250000000,2,0,50.91294125
2024-10-18T13:45:00-04:00,2783.48343760,1300.00000000,283.28202004,2500.20141757,0.07430560,1963.11500000,537.01211196,0.1261008840,0.1250000000,2,1,50.91294125
2024-10-18T14:00:00-04:00,2800.42946875,1300.00000000,283.41305118,2517.01641757,0.07430560,1979.93000000,537.01211196,0.1252146673,0.1250000000,2,0,50.91294125
2024-10-18T14:15:00-04:00,2799.55472078,1300.00000000,283.44830322,2516.10641757,0.07430560,1979.02000000,537.01211196,0.1252786587,0.1250000000,2,0,50.91294125
2024-10-18T14:30:00-04:00,2795.31249529,1300.00000000,283.54607773,2511.76641757,0.07430560,1974.68000000,537.01211196,0.1255572907,0.1250000000,2,0,50.91294125
2024-10-18T14:45:00-04:00,2794.25900856,1300.00000000,283.61259100,2510.64641757,0.07430560,1973.56000000,537.01211196,0.1256453565,0.1250000000,2,0,50.91294125
2024-10-18T15:00:00-04:00,2782.19099529,1300.00000000,283.54607773,2498.64491757,0.07430560,1961.55850000,537.01211196,0.1262910852,0.1250000000,2,1,50.91294125
2024-10-18T15:15:00-04:00,2778.10900856,1300.00000000,283.61259100,2494.49641757,0.07430560,1957.41000000,537.01211196,0.1265507937,0.1250000000,2,1,50.91294125
2024-10-18T15:30:00-04:00,2788.37121211,1300.00000000,283.37979455,2504.99141757,0.07430560,1967.90500000,537.01211196,0.1258705439,0.1250000000,2,1,50.91294125
2024-10-18T15:45:00-04:00,2777.36992893,1300.00000000,283.21351137,2494.15641757,0.07430560,1957.07000000,537.01211196,0.1264144099,0.1250000000,2,3,50.91294125
2024-10-21T09:30:00-04:00,2841.62283158,1300.00000000,283.54607773,2558.07675385,1037.98124834,972.34000000,547.75550551,0.1236104959,0.1250000000,1,2,0.00000000
2024-10-21T09:45:00-04:00,2865.40124370,1300.00000000,283.59862321,2581.80262049,951.61646346,1076.66000000,553.52615703,0.1226703920,0.1250000000,1,1,80.91411052
2024-10-21T10:00:00-04:00,2901.71844367,1300.00000000,283.74428728,2617.97415639,927.39393108,1151.28000000,539.30022531,0.1201075597,0.1250000000,1,0,0.00000000
2024-10-21T10:15:00-04:00,2928.20349075,1300.00000000,283.57933436,2644.62415639,927.39393108,1177.93000000,539.30022531,0.1187069139,0.1250000000,1,1,0.00000000
2024-10-21T10:30:00-04:00,2957.55198624,1300.00000000,283.21351137,2674.33847487,1153.11958135,922.37500000,598.84389352,0.1200714545,0.1250000000,1,0,42.64951679
2024-10-21T10:45:00-04:00,2965.61070306,1300.00000000,283.04722819,2682.56347487,1153.11958135,930.60000000,598.84389352,0.1195923599,0.1250000000,1,0,42.64951679
2024-10-21T11:00:00-04:00,2958.19488006,1300.00000000,282.68140519,2675.51347487,1153.11958135,923.55000000,598.84389352,0.1198132058,0.1250000000,1,0,42.64951679
2024-10-21T11:15:00-04:00,2948.39580043,1300.00000000,282.28232556,2666.11347487,1153.11958135,914.15000000,598.84389352,0.1201430472,0.1250000000,1,0,42.64951679
2024-10-21T11:30:00-04:00,2970.57451192,1300.00000000,282.84103705,2687.73347487,1153.11958135,935.77000000,598.84389352,0.1192551274,0.1250000000,1,0,42.64951679
2024-10-21T11:45:00-04:00,2973.19501278,1300.00000000,283.34653791,2689.84847487,1153.11958135,937.88500000,598.84389352,0.1193364097,0.1250000000,1,0,42.64951679
2024-10-21T12:00:00-04:00,2984.10698624,1300.00000000,283.21351137,2700.89347487,1153.11958135,948.93000000,598.84389352,0.1187347057,0.1250000000,1,0,42.64951679
2024-10-21T12:15:00-04:00,2982.29349951,1300.00000000,283.28002464,2699.01347487,1153.11958135,947.05000000,598.84389352,0.1188529533,0.1250000000,1,0,42.64951679
2024-10-21T12:30:00-04:00,2973.17008624,1300.00000000,283.21351137,2689.95657487,1153.11958135,937.99310000,598.84389352,0.1192816355,0.1250000000,1,0,42.64951679
2024-10-21T12:45:00-04:00,2974.98168605,1300.00000000,283.48821118,2691.49347487,1153.11958135,939.53000000,598.84389352,0.1193063012,0.1250000000,1,0,42.64951679
2024-10-21T13:00:00-04:00,2975.57606587,1300.00000000,283.61259100,2691.96347487,1153.11958135,940.00000000,598.84389352,0.1193287970,0.1250000000,1,0,42.64951679
2024-10-21T13:15:00-04:00,2973.62955260,1300.00000000,283.54607773,2690.08347487,1153.11958135,938.12000000,598.84389352,0.1193985978,0.1250000000,1,0,42.64951679
2024-10-21T13:30:00-04:00,2987.32606587,1300.00000000,283.61259100,2703.71347487,1153.11958135,951.75000000,598.84389352,0.1187417659,0.1250000000,1,0,42.64951679
2024-10-21T13:45:00-04:00,2990.20991861,1300.00000000,283.67644374,2706.53347487,1153.11958135,954.57000000,598.84389352,0.1186252714,0.1250000000,1,0,42.64951679
2024-10-21T14:00:00-04:00,2989.27257914,1300.00000000,283.67910427,2705.59347487,1153.11958135,953.63000000,598.84389352,0.1186729000,0.1250000000,1,0,42.64951679
2024-10-21T14:15:00-04:00,2996.18955260,1300.00000000,283.54607773,2712.64347487,1153.11958135,960.68000000,598.84389352,0.1182750083,0.1250000000,1,0,42.64951679
2024-10-21T14:30:00-04:00,3009.24002605,1300.00000000,283.41305118,2725.82697487,1153.11958135,973.86350000,598.84389352,0.1175794498,0.1250000000,1,0,0.00000000
2024-10-21T14:45:00-04:00,3000.52152605,1300.00000000,283.41305118,2717.10847487,1153.11958135,965.14500000,598.84389352,0.1180062833,0.1250000000,1,0,0.00000000
2024-10-21T15:00:00-04:00,3008.54257914,1300.00000000,283.67910427,2724.86347487,1153.11958135,972.90000000,598.84389352,0.1177238905,0.1250000000,1,1,0.00000000
2024-10-21T15:15:00-04:00,3009.44921289,1300.00000000,283.67910427,2725.77010862,1.10121510,2125.82500000,598.84389352,0.1176796143,0.1250000000,2,0,35.08092046
2024-10-21T15:30:00-04:00,3021.97503076,1300.00000000,283.74362214,2738.23140862,1.10121510,2138.28630000,598.84389352,0.1170979225,0.1250000000,2,2,35.08092046
2024-10-21T15:45:00-04:00,3015.06480579,1300.00000000,284.14469717,2730.92010862,1.10121510,2130.97500000,598.84389352,0.1175988072,0.1250000000,2,2,35.08092046
2024-10-22T09:30:00-04:00,2980.64223521,1300.00000000,282.94745828,2697.69477693,936.38965901,1149.38020000,611.92491791,0.1194517624,0.1250000000,1,1,35.08092046
2024-10-22T09:45:00-04:00,2953.45497227,1300.00000000,282.81443174,2670.64054053,8.57912261,2050.13650000,611.92491791,0.1207818927,0.1250000000,2,1,51.68874063
2024-10-22T10:00:00-04:00,2941.11078133,1300.00000000,283.14699810,2657.96378323,1137.96875603,921.36000000,598.63502720,0.1208751030,0.1250000000,1,1,16.60782018
2024-10-22T10:15:00-04:00,2942.97758383,1300.00000000,283.14699810,2659.83058573,19.00015853,2042.19540000,598.63502720,0.1207788500,0.1250000000,2,0,60.41978559
2024-10-22T10:30:00-04:00,2961.18715729,1300.00000000,283.01397155,2678.17318573,19.00015853,2060.53800000,598.63502720,0.1197916304,0.1250000000,2,0,60.41978559
2024-10-22T10:45:00-04:00,2948.04628383,1300.00000000,283.14699810,2664.89928573,19.00015853,2047.26410000,598.63502720,0.1205182776,0.1250000000,2,0,60.41978559
2024-10-22T11:00:00-04:00,2925.38447056,1300.00000000,283.08048482,2642.30398573,19.00015853,2024.66880000,598.63502720,0.1216635017,0.1250000000,2,0,60.41978559
2024-10-22T11:15:00-04:00,2914.71218383,1300.00000000,283.14699810,2631.56518573,19.00015853,2013.93000000,598.63502720,0.1222528348,0.1250000000,2,0,60.41978559
2024-10-22T11:30:00-04:00,2921.75608383,1300.00000000,283.14699810,2638.60908573,19.00015853,2020.97390000,598.63502720,0.1218821539,0.1250000000,2,0,60.41978559
2024-10-22T11:45:00-04:00,2914.37544047,1300.00000000,283.18025473,2631.19518573,19.00015853,2013.56000000,598.63502720,0.1222849734,0.1250000000,2,0,60.41978559
2024-10-22T12:00:00-04:00,2903.83868383,1300.00000000,283.14699810,2620.69168573,19.00015853,2003.05650000,598.63502720,0.1228294937,0.1250000000,2,0,60.41978559
2024-10-22T12:15:00-04:00,2908.93181003,1300.00000000,283.07782429,2625.85398573,19.00015853,2008.21880000,598.63502720,0.1225287705,0.1250000000,2,0,60.41978559
2024-10-22T12:30:00-04:00,2907.54041392,1300.00000000,283.04722819,2624.49318573,19.00015853,2006.85800000,598.63502720,0.1225893576,0.1250000000,2,0,60.41978559
2024-10-22T12:45:00-04:00,2912.27876400,1300.00000000,283.47357826,2628.80518573,19.00015853,2011.17000000,598.63502720,0.1225225707,0.1250000000,2,2,60.41978559
2024-10-22T13:00:00-04:00,2919.67362179,1300.00000000,283.47956446,2636.19405733,0.41503013,2037.14400000,598.63502720,0.1221347913,0.1250000000,3,1,61.10554046
2024-10-22T13:15:00-04:00,2902.73965631,1300.00000000,283.57933436,2619.16032195,1091.27407791,945.76000000,582.12624404,0.1222001618,0.1250000000,2,0,17.29357504
2024-10-22T13:30:00-04:00,2903.77156109,1300.00000000,283.67843914,2620.09312195,1091.27407791,946.69280000,582.12624404,0.1221885346,0.1250000000,2,0,17.29357504
2024-10-22T13:45:00-04:00,2900.43393949,1300.00000000,283.74561754,2616.68832195,1091.27407791,943.28800000,582.12624404,0.1223934243,0.1250000000,2,0,17.29357504
2024-10-22T14:00:00-04:00,2896.59220179,1300.00000000,283.63187985,2612.96032195,1091.27407791,939.56000000,582.12624404,0.1225474408,0.1250000000,2,0,17.29357504
2024-10-22T14:15:00-04:00,2899.66102622,1300.00000000,283.67910427,2615.98192195,1091.27407791,942.58160000,582.12624404,0.1224055434,0.1250000000,2,0,17.29357504
2024-10-22T14:30:00-04:00,2899.17266763,1300.00000000,283.66114569,2615.51152195,1091.27407791,942.11120000,582.12624404,0.1224235919,0.1250000000,2,0,17.29357504
2024-10-22T14:45:00-04:00,2898.59142622,1300.00000000,283.67910427,2614.91232195,1091.27407791,941.51200000,582.12624404,0.1224620627,0.1250000000,2,0,17.29357504
2024-10-22T15:00:00-04:00,2902.31942622,1300.00000000,283.67910427,2618.64032195,1091.27407791,945.24000000,582.12624404,0.1222652952,0.1250000000,2,0,17.29357504
2024-10-22T15:15:00-04:00,2902.67268285,1300.00000000,283.71236091,2618.96032195,1091.27407791,945.56000000,582.12624404,0.1222610141,0.1250000000,2,0,17.29357504
2024-10-22T15:30:00-04:00,2907.33003115,1300.00000000,283.68376020,2623.64627095,1109.41872329,932.36000000,581.86754766,0.1219902545,0.1250000000,1,1,16.60782018
2024-10-22T15:45:00-04:00,2907.42650584,1300.00000000,283.74561754,2623.68088830,1.67834064,2040.13500000,581.86754766,0.1220117927,0.1250000000,2,3,50.01335755
2024-10-23T09:30:00-04:00,2970.97875768,1300.00000000,282.28232556,2688.69643211,1150.95472482,931.48000000,606.26170729,0.1193725590,0.1250000000,1,1,16.60782018
2024-10-23T09:45:00-04:00,2972.92871172,1300.00000000,282.41535211,2690.51335961,12.67165232,2071.58000000,606.26170729,0.1193304134,0.1250000000,2,1,35.08866431
2024-10-23T10:00:00-04:00,2968.45030116,1300.00000000,281.93645655,2686.51384461,0.24233732,2080.00980000,606.26170729,0.1193539150,0.1250000000,3,0,35.48052836
2024-10-23T10:15:00-04:00,2981.44887779,1300.00000000,282.12003318,2699.32884461,0.24233732,2092.82480000,606.26170729,0.1187780217,0.1250000000,3,0,35.08866431
2024-10-23T10:30:00-04:00,2989.49120734,1300.00000000,282.46856272,2707.02264461,0.24233732,2100.51860000,606.26170729,0.1185234417,0.1250000000,3,1,35.08866431
2024-10-23T10:45:00-04:00,2969.75788978,1300.00000000,282.01627248,2687.74161730,12.72410467,2068.72500000,606.29251263,0.1193232087,0.1250000000,2,1,35.08866431
2024-10-23T11:00:00-04:00,2962.63047975,1300.00000000,281.15159994,2681.47887980,1.06536717,2074.12100000,606.29251263,0.1193171794,0.1250000000,3,0,35.92090618
2024-10-23T11:15:00-04:00,2951.87852666,1300.00000000,280.88554685,2670.99297980,1.06536717,2063.63510000,606.29251263,0.1197506914,0.1250000000,3,0,35.92090618
2024-10-23T11:30:00-04:00,2953.84599302,1300.00000000,281.21811321,2672.62787980,1.06536717,2065.27000000,606.29251263,0.1197919943,0.1250000000,3,0,35.92090618
2024-10-23T11:45:00-04:00,2952.62104098,1300.00000000,281.50478542,2671.11625557,12.19467677,2052.94000000,605.98157879,0.1199608163,0.1250000000,2,0,35.08866431
2024-10-23T12:00:00-04:00,2946.36416383,1300.00000000,281.01790827,2665.34625557,12.19467677,2047.17000000,605.98157879,0.1200734914,0.1250000000,2,0,35.08866431
2024-10-23T12:15:00-04:00,2940.07992279,1300.00000000,280.48646722,2659.59345557,12.19467677,2041.41720000,605.98157879,0.1201690871,0.1250000000,2,0,35.08866431
2024-10-23T12:30:00-04:00,2936.46423606,1300.00000000,280.55298050,2655.91125557,12.19467677,2037.73500000,605.98157879,0.1203840671,0.1250000000,2,0,35.08866431
2024-10-23T12:45:00-04:00,2937.95790952,1300.00000000,280.41995395,2657.53795557,12.19467677,2039.36170000,605.98157879,0.1202499143,0.1250000000,2,0,35.08866431
2024-10-23T13:00:00-04:00,2926.94717478,1300.00000000,279.28922833,2647.65794644,2055.22277732,0.00000000,592.43516912,0.1196349505,0.1250000000,0,0,0.00000000
2024-10-23T13:15:00-04:00,2926.94717478,1300.00000000,279.28922833,2647.65794644,2055.22277732,0.00000000,592.43516912,0.1196349505,0.1250000000,0,0,0.00000000
2024-10-23T13:30:00-04:00,2926.54809515,1300.00000000,278.89014870,2647.65794644,2055.22277732,0.00000000,592.43516912,0.1194844284,0.1250000000,0,0,0.00000000
2024-10-23T13:45:00-04:00,2926.21552879,1300.00000000,278.55758234,2647.65794644,2055.22277732,0.00000000,592.43516912,0.1193589539,0.1250000000,0,0,0.00000000
2024-10-23T14:00:00-04:00,2925.81644916,1300.00000000,278.15850271,2647.65794644,2055.22277732,0.00000000,592.43516912,0.1192083373,0.1250000000,0,0,0.00000000
2024-10-23T14:15:00-04:00,2926.11575888,1300.00000000,278.45781243,2647.65794644,2055.22277732,0.00000000,592.43516912,0.1193213046,0.1250000000,0,0,0.00000000
2024-10-23T14:30:00-04:00,2926.78089160,1300.00000000,279.12294515,2647.65794644,2055.22277732,0.00000000,592.43516912,0.1195722392,0.1250000000,0,0,0.00000000
2024-10-23T14:45:00-04:00,2926.75229089,1300.00000000,279.09434444,2647.65794644,2055.22277732,0.00000000,592.43516912,0.1195614520,0.1250000000,0,0,0.00000000
2024-10-23T15:00:00-04:00,2926.61460842,1300.00000000,278.95666197,2647.65794644,2055.22277732,0.00000000,592.43516912,0.1195095190,0.1250000000,0,0,0.00000000
2024-10-23T15:15:00-04:00,2927.01368805,1300.00000000,279.35574160,2647.65794644,2055.22277732,0.00000000,592.43516912,0.1196600326,0.1250000000,0,1,0.00000000
2024-10-23T15:30:00-04:00,2918.29477595,1300.00000000,279.82133451,2638.47344144,887.80787232,1158.23040000,592.43516912,0.1203087812,0.1250000000,1,1,35.33701537
2024-10-23T15:45:00-04:00,2893.76888000,1300.00000000,279.82133451,2613.94754549,0.34817637,2021.16420000,592.43516912,0.1215909423,0.1250000000,2,3,117.30559386
2024-10-24T09:30:00-04:00,2927.87963397,1300.00000000,280.21708847,2647.66254549,0.34817637,2054.87920000,592.43516912,0.1199844795,0.1250000000,2,4,117.30559386
2024-10-24T09:45:00-04:00,2991.25491009,1300.00000000,279.72156460,2711.53334549,0.34817637,2118.75000000,592.43516912,0.1166079968,0.1250000000,2,3,117.30559386
2024-10-24T10:00:00-04:00,2979.01710654,1300.00000000,279.95436105,2699.06274549,0.34817637,2106.27940000,592.43516912,0.1173034777,0.1250000000,2,2,117.30559386
2024-10-24T10:15:00-04:00,2969.78128000,1300.00000000,279.82133451,2689.95994549,0.34817637,2097.17660000,592.43516912,0.1177032378,0.1250000000,2,1,117.30559386
2024-10-24T10:30:00-04:00,2968.35955963,1300.00000000,280.22041414,2688.13914549,0.34817637,2095.35580000,592.43516912,0.1179416379,0.1250000000,2,0,81.96857850
2024-10-24T10:45:00-04:00,2941.55365346,1300.00000000,279.68830796,2661.86534549,0.34817637,2069.08200000,592.43516912,0.1190609626,0.1250000000,2,0,81.96857850
2024-10-24T11:00:00-04:00,2928.50796954,1300.00000000,280.24502405,2648.26294549,0.34817637,2055.47960000,592.43516912,0.1199641655,0.1250000000,2,0,81.96857850
2024-10-24T11:15:00-04:00,2894.78137273,1300.00000000,280.18582724,2614.59554549,0.34817637,2021.81220000,592.43516912,0.1216957844,0.1250000000,2,1,81.96857850
2024-10-24T11:30:00-04:00,2870.62119327,1300.00000000,279.88784778,2590.73334549,0.34817637,1997.95000000,592.43516912,0.1228555723,0.1250000000,2,1,81.96857850
2024-10-24T11:45:00-04:00,2884.69560654,1300.00000000,280.08406193,2604.61154461,835.78707331,1206.94120000,561.88327129,0.1205797204,0.1250000000,1,0,0.00000000
2024-10-24T12:00:00-04:00,2874.39718852,1300.00000000,279.16684391,2595.23034461,835.78707331,1197.56000000,561.88327129,0.1207200708,0.1250000000,1,0,0.00000000
2024-10-24T12:15:00-04:00,2874.17819239,1300.00000000,279.88784778,2594.29034461,835.78707331,1196.62000000,561.88327129,0.1210433173,0.1250000000,1,0,0.00000000
2024-10-24T12:30:00-04:00,2879.95121893,1300.00000000,280.02087432,2599.93034461,835.78707331,1202.26000000,561.88327129,0.1207992521,0.1250000000,1,0,0.00000000
2024-10-24T12:45:00-04:00,2878.40378529,1300.00000000,280.35344068,2598.05034461,835.78707331,1200.38000000,561.88327129,0.1210235087,0.1250000000,1,0,0.00000000
2024-10-24T13:00:00-04:00,2864.50332510,1300.00000000,280.55298050,2583.95034461,835.78707331,1186.28000000,561.88327129,0.1218407614,0.1250000000,1,0,0.00000000
2024-10-24T13:15:00-04:00,2863.31057467,1300.00000000,280.30023006,2583.01034461,835.78707331,1185.34000000,561.88327129,0.1217940839,0.1250000000,1,0,0.00000000
2024-10-24T13:30:00-04:00,2877.66332510,1300.00000000,280.55298050,2597.11034461,835.78707331,1199.44000000,561.88327129,0.1211483707,0.1250000000,1,2,0.00000000
2024-10-24T13:45:00-04:00,2866.78829819,1300.00000000,280.27828068,2586.51001751,0.05794621,2024.56880000,561.88327129,0.1216007937,0.1250000000,3,0,20.22012529
2024-10-24T14:00:00-04:00,2865.10843164,1300.00000000,280.22041414,2584.88801751,0.05794621,2022.94680000,561.88327129,0.1216643596,0.1250000000,3,0,20.22012529
2024-10-24T14:15:00-04:00,2860.41219800,1300.00000000,280.55298050,2579.85921751,0.05794621,2017.91800000,561.88327129,0.1220576244,0.1250000000,3,0,20.22012529
2024-10-24T14:30:00-04:00,2850.25269399,1300.00000000,280.26564316,2569.98705083,1178.25588606,823.51500000,568.21616477,0.1228138286,0.1250000000,2,0,20.22012529
2024-10-24T14:45:00-04:00,2845.95809151,1300.00000000,280.35344068,2565.60465083,1178.25588606,819.13260000,568.21616477,0.1230839356,0.1250000000,2,0,20.22012529
2024-10-24T15:00:00-04:00,2848.32457114,1300.00000000,280.75252031,2567.57205083,1178.25588606,821.10000000,568.21616477,0.1231312158,0.1250000000,2,0,20.06370542
2024-10-24T15:15:00-04:00,2850.34427202,1300.00000000,280.88222119,2569.46205083,1178.25588606,822.99000000,568.21616477,0.1230790771,0.1250000000,2,1,20.06370542
2024-10-24T15:30:00-04:00,2858.85945006,1300.00000000,280.81903358,2578.04041647,855.81242647,1161.66000000,560.56799001,0.1221859971,0.1250000000,2,1,32.37164651
2024-10-24T15:45:00-04:00,2860.47823423,1300.00000000,280.81903358,2579.65920065,28.37121064,1990.72000000,560.56799001,0.1220999969,0.1250000000,3,2,41.25032565
2024-10-25T09:30:00-04:00,2866.35649243,1300.00000000,283.36117083,2582.99532160,841.86495163,1174.22670000,566.90366997,0.1232298258,0.1250000000,3,3,32.76905610
2024-10-25T09:45:00-04:00,2868.33034573,1300.00000000,283.59529755,2584.73504818,35.23205771,1982.48540000,567.01759046,0.1232319670,0.1250000000,3,0,45.68914574
2024-10-25T10:00:00-04:00,2882.84037776,1300.00000000,283.48022959,2599.36014818,35.23205771,1997.11050000,567.01759046,0.1224101564,0.1250000000,3,1,45.68914574
2024-10-25T10:15:00-04:00,2901.01624902,1300.00000000,283.71768197,2617.29856705,2.96637659,2047.31460000,567.01759046,0.1215586311,0.1250000000,4,2,46.60738654
2024-10-25T10:30:00-04:00,2881.56647712,1300.00000000,283.53277507,2598.03370205,0.74471159,2030.27140000,567.01759046,0.1225002318,0.1250000000,5,0,46.68248724
2024-10-25T10:45:00-04:00,2895.25561471,1300.00000000,283.67910427,2611.57651044,27.35230563,2016.92000000,567.30420482,0.1218578288,0.1250000000,4,0,46.28507765
2024-10-25T11:00:00-04:00,2905.89791737,1300.00000000,283.69240693,2622.20551044,27.35230563,2027.54900000,567.30420482,0.1213089753,0.1250000000,4,1,13.91343114
2024-10-25T11:15:00-04:00,2893.19987063,1300.00000000,283.41305118,2609.78681944,6.14841463,2036.33420000,567.30420482,0.1218511455,0.1250000000,5,0,14.37547729
2024-10-25T11:30:00-04:00,2887.14869717,1300.00000000,283.54607773,2603.60261944,6.14841463,2030.15000000,567.30420482,0.1222263297,0.1250000000,5,0,14.37547729
2024-10-25T11:45:00-04:00,2868.24768920,1300.00000000,283.54607773,2584.70161147,1151.14360849,862.65500000,570.90300298,0.1234233937,0.1250000000,4,0,14.37547729
2024-10-25T12:00:00-04:00,2869.99774583,1300.00000000,283.57933436,2586.41841147,1151.14360849,864.37180000,570.90300298,0.1233439097,0.1250000000,4,0,14.37547729
2024-10-25T12:15:00-04:00,2873.42491574,1300.00000000,283.67910427,2589.74581147,1151.14360849,867.69920000,570.90300298,0.1232036502,0.1250000000,4,0,14.37547729
2024-10-25T12:30:00-04:00,2873.20872901,1300.00000000,283.74561754,2589.46311147,1151.14360849,867.41650000,570.90300298,0.1232441089,0.1250000000,4,0,14.37547729
2024-10-25T12:45:00-04:00,2869.93920247,1300.00000000,283.61259100,2586.32661147,1151.14360849,864.28000000,570.90300298,0.1233615160,0.1250000000,4,0,14.37547729
2024-10-25T13:00:00-04:00,2868.07820247,1300.00000000,283.61259100,2584.46561147,1151.14360849,862.41900000,570.90300298,0.1234614543,0.1250000000,4,1,14.37547729
2024-10-25T13:15:00-04:00,2838.42593688,1300.00000000,283.34653791,2555.07939897,28.95259599,1955.22380000,570.90300298,0.1249586206,0.1250000000,5,0,70.03365736
2024-10-25T13:30:00-04:00,2831.28120416,1300.00000000,282.68140519,2548.59979897,28.95259599,1948.74420000,570.90300298,0.1250593396,0.1250000000,5,0,70.03365736
2024-10-25T13:45:00-04:00,2837.69825725,1300.00000000,282.94745828,2554.75079897,28.95259599,1954.89520000,570.90300298,0.1248226798,0.1250000000,5,0,70.03365736
2024-10-25T14:00:00-04:00,2824.65975324,1300.00000000,282.49516803,2542.16458521,856.62056379,1119.84860000,565.69542142,0.1250551698,0.1250000000,2,0,56.57642087
2024-10-25T14:15:00-04:00,2807.96977269,1300.00000000,283.09378748,2524.87598521,856.62056379,1102.56000000,565.69542142,0.1262529660,0.1250000000,2,0,56.57642087
2024-10-25T14:30:00-04:00,2803.18788957,1300.00000000,283.01397155,2520.17391801,1943.24298608,32.12500000,544.80593193,0.1253171416,0.1250000000,1,0,0.91824080
2024-10-25T14:45:00-04:00,2803.40394265,1300.00000000,283.28002464,2520.12391801,1943.24298608,32.07500000,544.80593193,0.1254229497,0.1250000000,1,0,0.91824080
2024-10-25T15:00:00-04:00,2802.83518408,1300.00000000,282.88626607,2519.94891801,1943.24298608,31.90000000,544.80593193,0.1252801600,0.1250000000,1,0,0.91824080
2024-10-25T15:15:00-04:00,2802.93834975,1300.00000000,282.81443174,2520.12391801,1943.24298608,32.07500000,544.80593193,0.1252426251,0.1250000000,1,0,0.91824080
2024-10-25T15:30:00-04:00,2803.29591611,1300.00000000,283.14699810,2520.14891801,1943.24298608,32.10000000,544.80593193,0.1253700482,0.1250000000,1,0,0.91824080
2024-10-25T15:45:00-04:00,2803.19637629,1300.00000000,282.94745828,2520.24891801,1943.24298608,32.20000000,544.80593193,0.1252872190,0.1250000000,1,3,0.91824080
2024-10-28T09:30:00-04:00,2784.27544883,1300.00000000,283.81213081,2500.46331801,0.58708608,1955.07030000,544.80593193,0.1267318571,0.1250000000,4,0,52.45294171
2024-10-28T09:45:00-04:00,2775.10192228,1300.00000000,283.67910427,2491.42281801,0.58708608,1946.02980000,544.80593193,0.1271934781,0.1250000000,4,0,52.45294171
2024-10-28T10:00:00-04:00,2798.35925714,1300.00000000,284.05423912,2514.30501801,0.58708608,1968.91200000,544.80593193,0.1260472676,0.1250000000,4,0,52.45294171
2024-10-28T10:15:00-04:00,2825.43501519,1300.00000000,284.14469717,2541.29031801,0.58708608,1995.89730000,544.80593193,0.1245904910,0.1250000000,4,0,52.45294171
2024-10-28T10:30:00-04:00,2836.71624173,1300.00000000,284.27772372,2552.43851801,0.58708608,2007.04550000,544.80593193,0.1240352742,0.1250000000,4,0,52.45294171
2024-10-28T10:45:00-04:00,2820.55135378,1300.00000000,284.01233576,2536.53901801,0.58708608,1991.14600000,544.80593193,0.1247996955,0.1250000000,4,0,52.45294171
2024-10-28T11:00:00-04:00,2832.89721537,1300.00000000,283.86999736,2549.02721801,0.58708608,2003.63420000,544.80593193,0.1240641051,0.1250000000,4,0,52.45294171
2024-10-28T11:15:00-04:00,2825.81843556,1300.00000000,283.74561754,2542.07281801,0.58708608,1996.67980000,544.80593193,0.1243945910,0.1250000000,4,0,52.45294171
2024-10-28T11:30:00-04:00,2814.08655026,1300.00000000,283.49353224,2530.59301801,0.58708608,1985.20000000,544.80593193,0.1249266089,0.1250000000,4,0,52.45294171
2024-10-28T11:45:00-04:00,2796.21023061,1300.00000000,283.54541259,2512.66481801,0.58708608,1967.27180000,544.80593193,0.1259415791,0.1250000000,4,0,52.45294171
2024-10-28T12:00:00-04:00,2801.92212228,1300.00000000,283.67910427,2518.24301801,0.58708608,1972.85000000,544.80593193,0.1256821007,0.1250000000,4,0,52.45294171
2024-10-28T12:15:00-04:00,2805.44014883,1300.00000000,283.81213081,2521.62801801,0.58708608,1976.23500000,544.80593193,0.1255453574,0.1250000000,4,0,52.45294171
2024-10-28T12:30:00-04:00,2789.26656920,1300.00000000,283.41305118,2505.85351801,0.58708608,1960.46050000,544.80593193,0.1262722306,0.1250000000,4,0,52.45294171
2024-10-28T12:45:00-04:00,2780.52861361,1300.00000000,283.61059560,2496.91801801,0.58708608,1951.52500000,544.80593193,0.1268541031,0.1250000000,4,0,52.45294171
2024-10-28T13:00:00-04:00,2781.39040725,1300.00000000,283.35318924,2498.03721801,0.58708608,1952.64420000,544.80593193,0.1266901351,0.1250000000,4,0,52.45294171
2024-10-28T13:15:00-04:00,2794.42724388,1300.00000000,283.61192587,2510.81531801,0.58708608,1965.42230000,544.80593193,0.1260709633,0.1250000000,4,0,52.45294171
2024-10-28T13:30:00-04:00,2787.86090901,1300.00000000,283.61259100,2504.24831801,0.58708608,1958.85530000,544.80593193,0.1264403209,0.1250000000,4,0,52.45294171
2024-10-28T13:45:00-04:00,2787.65291873,1300.00000000,283.91190072,2503.74101801,0.58708608,1958.34800000,544.80593193,0.1265854971,0.1250000000,4,0,52.45294171
2024-10-28T14:00:00-04:00,2779.18212228,1300.00000000,283.67910427,2495.50301801,0.58708608,1950.11000000,544.80593193,0.1269612098,0.1250000000,4,0,52.45294171
2024-10-28T14:15:00-04:00,2772.50166423,1300.00000000,283.58864622,2488.91301801,0.58708608,1943.52000000,544.80593193,0.1273013375,0.1250000000,4,0,52.45294171
2024-10-28T14:30:00-04:00,2760.70746920,1300.00000000,283.41305118,2477.29441801,0.58708608,1931.90140000,544.80593193,0.1278996591,0.1250000000,4,0,52.45294171
2024-10-28T14:45:00-04:00,2750.78392739,1300.00000000,283.41305118,2467.37087620,1909.88256974,32.27500000,525.21330646,0.1273439937,0.1250000000,1,0,0.91824080
2024-10-28T15:00:00-04:00,2750.30317075,1300.00000000,283.37979455,2466.92337620,1909.88256974,31.82750000,525.21330646,0.1273565617,0.1250000000,1,0,0.91824080
2024-10-28T15:15:00-04:00,2750.63369730,1300.00000000,283.51282109,2467.12087620,1909.88256974,32.02500000,525.21330646,0.1273974222,0.1250000000,1,0,0.91824080
2024-10-28T15:30:00-04:00,2750.39241412,1300.00000000,283.34653791,2467.04587620,1909.88256974,31.95000000,525.21330646,0.1273365083,0.1250000000,1,0,0.91824080
2024-10-28T15:45:00-04:00,2750.04333449,1300.00000000,282.94745828,2467.09587620,1909.88256974,32.00000000,525.21330646,0.1271771123,0.1250000000,1,0,0.91824080
2024-10-29T09:30:00-04:00,2749.16772441,1300.00000000,282.74791847,2466.41980595,1941.55494749,0.00000000,524.86485845,0.1271175445,0.1250000000,0,4,0.00000000
2024-10-29T09:45:00-04:00,2747.27513077,1300.00000000,283.08048482,2464.19464595,0.42018749,1938.90960000,524.86485845,0.1273754393,0.1250000000,2,0,39.14036407
2024-10-29T10:00:00-04:00,2730.81461040,1300.00000000,283.47956446,2447.33504595,0.42018749,1922.05000000,524.86485845,0.1285068095,0.1250000000,2,0,39.14036407
2024-10-29T10:15:00-04:00,2720.73174025,1300.00000000,283.59928834,2437.13245190,916.23806085,1006.32000000,514.57439106,0.1285489852,0.1250000000,1,0,12.00794532
2024-10-29T10:30:00-04:00,2723.29708218,1300.00000000,283.88463028,2439.41245190,916.23806085,1008.60000000,514.57439106,0.1285288694,0.1250000000,1,0,12.00794532
2024-10-29T10:45:00-04:00,2725.64412253,1300.00000000,284.01167063,2441.63245190,916.23806085,1010.82000000,514.57439106,0.1284498931,0.1250000000,1,0,12.00794532
2024-10-29T11:00:00-04:00,2731.13412253,1300.00000000,284.01167063,2447.12245190,916.23806085,1016.31000000,514.57439106,0.1281317470,0.1250000000,1,0,12.00794532
2024-10-29T11:15:00-04:00,2727.51368536,1300.00000000,284.20123345,2443.31245190,916.23806085,1012.50000000,514.57439106,0.1284270356,0.1250000000,1,0,12.00794532
2024-10-29T11:30:00-04:00,2730.34219403,1300.00000000,284.26974212,2446.07245190,916.23806085,1015.26000000,514.57439106,0.1282940125,0.1250000000,1,1,12.00794532
2024-10-29T11:45:00-04:00,2724.64226874,1300.00000000,284.33093433,2440.31133440,22.07794335,1903.65900000,514.57439106,0.1286525800,0.1250000000,2,1,41.14359130
2024-10-29T12:00:00-04:00,2721.61984024,1300.00000000,284.36352584,2437.25631440,0.70192335,1921.98000000,514.57439106,0.1288435297,0.1250000000,3,0,41.91963284
2024-10-29T12:15:00-04:00,2723.22265139,1300.00000000,284.34423699,2438.87841440,0.70192335,1923.60210000,514.57439106,0.1287412949,0.1250000000,3,0,41.91963284
2024-10-29T12:30:00-04:00,2720.54223812,1300.00000000,284.27772372,2436.26451440,0.70192335,1920.98820000,514.57439106,0.1288675735,0.1250000000,3,0,41.91963284
2024-10-29T12:45:00-04:00,2717.75009121,1300.00000000,284.54377680,2433.20631440,0.70192335,1917.93000000,514.57439106,0.1291516500,0.1250000000,3,1,41.91963284
2024-10-29T13:00:00-04:00,2729.42831775,1300.00000000,284.67680335,2444.75151440,0.70192335,1929.47520000,514.57439106,0.1285307351,0.1250000000,3,2,29.91168752
2024-10-29T13:15:00-04:00,2733.21623616,1300.00000000,284.66882176,2448.54741440,0.70192335,1933.27110000,514.57439106,0.1283076953,0.1250000000,3,1,29.91168752
2024-10-29T13:30:00-04:00,2732.90910347,1300.00000000,284.54377680,2448.36532667,1023.13968367,902.05170000,523.17394299,0.1287682714,0.1250000000,2,0,29.91168752
2024-10-29T13:45:00-04:00,2737.71818258,1300.00000000,284.63955592,2453.07862667,1023.13968367,906.76500000,523.17394299,0.1285318897,0.1250000000,2,0,29.91168752
2024-10-29T14:00:00-04:00,2741.78143001,1300.00000000,284.67680335,2457.10462667,1023.13968367,910.79100000,523.17394299,0.1283132798,0.1250000000,2,0,29.91168752
2024-10-29T14:15:00-04:00,2741.66879992,1300.00000000,284.77657326,2456.89222667,1023.13968367,910.57860000,523.17394299,0.1283647660,0.1250000000,2,0,29.91168752
2024-10-29T14:30:00-04:00,2737.04471513,1300.00000000,284.71005998,2452.33465514,1044.01706401,885.43650000,522.88109113,0.1285858267,0.1250000000,1,0,29.13564598
2024-10-29T14:45:00-04:00,2738.25967176,1300.00000000,284.74331662,2453.51635514,1044.01706401,886.61820000,522.88109113,0.1285303194,0.1250000000,1,1,29.13564598
2024-10-29T15:00:00-04:00,2741.48659703,1300.00000000,284.80982989,2456.67676714,0.05067601,1933.74500000,522.88109113,0.1283733540,0.1250000000,2,0,45.93236757
2024-10-29T15:15:00-04:00,2747.47659703,1300.00000000,284.80982989,2462.66676714,0.05067601,1939.73500000,522.88109113,0.1280276927,0.1250000000,2,1,45.93236757
2024-10-29T15:30:00-04:00,2746.12893650,1300.00000000,284.80716936,2461.32176714,0.05067601,1938.39000000,522.88109113,0.1281041023,0.1250000000,2,2,45.93236757
2024-10-29T15:45:00-04:00,2748.19508376,1300.00000000,284.74331662,2463.45176714,0.05067601,1940.52000000,522.88109113,0.1279564671,0.1250000000,2,3,45.93236757
2024-10-30T09:30:00-04:00,2807.39983485,1300.00000000,283.38910641,2524.01072844,1064.67178619,924.32730000,535.01164225,0.1247098129,0.1250000000,1,1,0.00000000
2024-10-30T09:45:00-04:00,2838.82333420,1300.00000000,284.09547735,2554.72785685,934.08763629,1064.33250000,556.30772056,0.1244659514,0.1250000000,1,3,40.00045385
2024-10-30T10:00:00-04:00,2839.44666913,1300.00000000,284.47726353,2554.96940560,3.05488504,1995.60680000,556.30772056,0.1245991899,0.1250000000,2,2,69.04562941
2024-10-30T10:15:00-04:00,2855.25621192,1300.00000000,284.61029008,2570.64592185,0.80820129,2013.53000000,556.30772056,0.1238002031,0.1250000000,3,3,69.23960109
2024-10-30T10:30:00-04:00,2849.23162644,1300.00000000,284.63290459,2564.59872185,0.80820129,2007.48280000,556.30772056,0.1241353470,0.1250000000,3,1,69.23960109
2024-10-30T10:45:00-04:00,2858.30675193,1300.00000000,284.53513008,2573.77162185,0.80820129,2016.65570000,556.30772056,0.1236034969,0.1250000000,3,3,69.23960109
2024-10-30T11:00:00-04:00,2855.91061902,1300.00000000,284.14469717,2571.76592185,0.80820129,2014.65000000,556.30772056,0.1235625061,0.1250000000,3,1,69.23960109
2024-10-30T11:15:00-04:00,2865.98339033,1300.00000000,284.67746848,2581.30592185,0.80820129,2024.19000000,556.30772056,0.1232543046,0.1250000000,3,1,69.23960109
2024-10-30T11:30:00-04:00,2871.74372520,1300.00000000,284.67680335,2587.06692185,0.80820129,2029.95100000,556.30772056,0.1229473856,0.1250000000,3,1,69.23960109
2024-10-30T11:45:00-04:00,2870.79263847,1300.00000000,284.74331662,2586.04932185,0.80820129,2028.93340000,556.30772056,0.1230266460,0.1250000000,3,0,69.23960109
2024-10-30T12:00:00-04:00,2876.59121192,1300.00000000,284.61029008,2591.98092185,0.80820129,2034.86500000,556.30772056,0.1226618606,0.1250000000,3,0,69.04562941
2024-10-30T12:15:00-04:00,2872.27644202,1300.00000000,284.51052017,2587.76592185,0.80820129,2030.65000000,556.30772056,0.1228473068,0.1250000000,3,0,69.04562941
2024-10-30T12:30:00-04:00,2874.39802432,1300.00000000,284.54710247,2589.85092185,0.80820129,2032.73500000,556.30772056,0.1227506547,0.1250000000,3,0,69.04562941
2024-10-30T12:45:00-04:00,2879.90575281,1300.00000000,284.66483096,2595.24092185,0.80820129,2038.12500000,556.30772056,0.1225103598,0.1250000000,3,0,69.04562941
2024-10-30T13:00:00-04:00,2881.99178538,1300.00000000,284.47726353,2597.51452185,0.80820129,2040.39860000,556.30772056,0.1223198232,0.1250000000,3,0,69.04562941
2024-10-30T13:15:00-04:00,2885.94061902,1300.00000000,284.14469717,2601.79592185,0.80820129,2044.68000000,556.30772056,0.1219697307,0.1250000000,3,0,69.04562941
2024-10-30T13:30:00-04:00,2879.67305266,1300.00000000,283.81213081,2595.86092185,0.80820129,2038.74500000,556.30772056,0.1221556192,0.1250000000,3,0,69.04562941
2024-10-30T13:45:00-04:00,2875.12002612,1300.00000000,283.67910427,2591.44092185,0.80820129,2034.32500000,556.30772056,0.1223381054,0.1250000000,3,0,29.04517556
2024-10-30T14:00:00-04:00,2891.57566309,1300.00000000,284.14004124,2607.43562185,0.80820129,2050.31970000,556.30772056,0.1216734217,0.1250000000,3,0,29.04517556
2024-10-30T14:15:00-04:00,2885.32607921,1300.00000000,283.94515736,2601.38092185,0.80820129,2044.26500000,556.30772056,0.1219162384,0.1250000000,3,0,29.04517556
2024-10-30T14:30:00-04:00,2886.81653229,1300.00000000,284.21121045,2602.60532185,0.80820129,2045.48940000,556.30772056,0.1219524290,0.1250000000,3,0,29.04517556
2024-10-30T14:45:00-04:00,2886.23410575,1300.00000000,284.07818390,2602.15592185,0.80820129,2045.04000000,556.30772056,0.1219258195,0.1250000000,3,1,29.04517556
2024-10-30T15:00:00-04:00,2879.35107921,1300.00000000,283.94515736,2595.40592185,0.80820129,2038.29000000,556.30772056,0.1222298139,0.1250000000,3,0,29.04517556
2024-10-30T15:15:00-04:00,2875.51371285,1300.00000000,283.61259100,2591.90112185,0.80820129,2034.78520000,556.30772056,0.1222886591,0.1250000000,3,1,29.04517556
2024-10-30T15:30:00-04:00,2864.35085116,1300.00000000,283.47956446,2580.87128670,1080.28823942,933.42500000,567.15804728,0.1234025999,0.1250000000,2,0,29.04517556
2024-10-30T15:45:00-04:00,2859.08223171,1300.00000000,282.88094501,2576.20128670,1080.28823942,928.75500000,567.15804728,0.1234250884,0.1250000000,2,0,29.04517556
2024-10-31T09:30:00-04:00,2829.21897648,1300.00000000,284.04721421,2545.17176227,1988.97570922,0.00000000,556.19605305,0.1249645181,0.1250000000,0,0,0.00000000
2024-10-31T09:45:00-04:00,2827.86054886,1300.00000000,282.68878659,2545.17176227,1988.97570922,0.00000000,556.19605305,0.1244412576,0.1250000000,0,0,0.00000000
2024-10-31T10:00:00-04:00,2827.79262748,1300.00000000,282.62086521,2545.17176227,1988.97570922,0.00000000,556.19605305,0.1244150781,0.1250000000,0,0,0.00000000
2024-10-31T10:15:00-04:00,2827.53860152,1300.00000000,282.36683925,2545.17176227,1988.97570922,0.00000000,556.19605305,0.1243171531,0.1250000000,0,0,0.00000000
2024-10-31T10:30:00-04:00,2827.38509920,1300.00000000,282.21333693,2545.17176227,1988.97570922,0.00000000,556.19605305,0.1242579685,0.1250000000,0,0,0.00000000
2024-10-31T10:45:00-04:00,2826.77380677,1300.00000000,281.60204450,2545.17176227,1988.97570922,0.00000000,556.19605305,0.1240221983,0.1250000000,0,0,0.00000000
2024-10-31T11:00:00-04:00,2826.57004263,1300.00000000,281.39828036,2545.17176227,1988.97570922,0.00000000,556.19605305,0.1239435801,0.1250000000,0,0,0.00000000
2024-10-31T11:15:00-04:00,2827.04549229,1300.00000000,281.87373003,2545.17176227,1988.97570922,0.00000000,556.19605305,0.1241270007,0.1250000000,0,0,0.00000000
2024-10-31T11:30:00-04:00,2826.63796401,1300.00000000,281.46620174,2545.17176227,1988.97570922,0.00000000,556.19605305,0.1239697877,0.1250000000,0,0,0.00000000
2024-10-31T11:45:00-04:00,2826.43419987,1300.00000000,281.26243760,2545.17176227,1988.97570922,0.00000000,556.19605305,0.1238911601,0.1250000000,0,0,0.00000000
2024-10-31T12:00:00-04:00,2826.84172815,1300.00000000,281.66996588,2545.17176227,1988.97570922,0.00000000,556.19605305,0.1240484013,0.1250000000,0,0,0.00000000
2024-10-31T12:15:00-04:00,2826.70588539,1300.00000000,281.53412312,2545.17176227,1988.97570922,0.00000000,556.19605305,0.1239959938,0.1250000000,0,0,0.00000000
2024-10-31T12:30:00-04:00,2827.04549229,1300.00000000,281.87373003,2545.17176227,1988.97570922,0.00000000,556.19605305,0.1241270007,0.1250000000,0,0,0.00000000
2024-10-31T12:45:00-04:00,2826.97757091,1300.00000000,281.80580865,2545.17176227,1988.97570922,0.00000000,556.19605305,0.1241008025,0.1250000000,0,0,0.00000000
2024-10-31T13:00:00-04:00,2826.97757091,1300.00000000,281.80580865,2545.17176227,1988.97570922,0.00000000,556.19605305,0.1241008025,0.1250000000,0,0,0.00000000
2024-10-31T13:15:00-04:00,2826.70588539,1300.00000000,281.53412312,2545.17176227,1988.97570922,0.00000000,556.19605305,0.1239959938,0.1250000000,0,0,0.00000000
2024-10-31T13:30:00-04:00,2826.36695770,1300.00000000,281.19519543,2545.17176227,1988.97570922,0.00000000,556.19605305,0.1238652098,0.1250000000,0,0,0.00000000
2024-10-31T13:45:00-04:00,2826.23043572,1300.00000000,281.05867346,2545.17176227,1988.97570922,0.00000000,556.19605305,0.1238125183,0.1250000000,0,0,0.00000000
2024-10-31T14:00:00-04:00,2826.09459296,1300.00000000,280.92283070,2545.17176227,1988.97570922,0.00000000,556.19605305,0.1237600826,0.1250000000,0,0,0.00000000
2024-10-31T14:15:00-04:00,2826.23043572,1300.00000000,281.05867346,2545.17176227,1988.97570922,0.00000000,556.19605305,0.1238125183,0.1250000000,0,0,0.00000000
2024-10-31T14:30:00-04:00,2826.05927384,1300.00000000,280.88751158,2545.17176227,1988.97570922,0.00000000,556.19605305,0.1237464482,0.1250000000,0,0,0.00000000
2024-10-31T14:45:00-04:00,2826.42944537,1300.00000000,281.25768310,2545.17176227,1988.97570922,0.00000000,556.19605305,0.1238893252,0.1250000000,0,0,0.00000000
2024-10-31T15:00:00-04:00,2826.84172815,1300.00000000,281.66996588,2545.17176227,1988.97570922,0.00000000,556.19605305,0.1240484013,0.1250000000,0,0,0.00000000
2024-10-31T15:15:00-04:00,2826.90964953,1300.00000000,281.73788726,2545.17176227,1988.97570922,0.00000000,556.19605305,0.1240746027,0.1250000000,0,0,0.00000000
2024-10-31T15:30:00-04:00,2826.94157258,1300.00000000,281.76981031,2545.17176227,1988.97570922,0.00000000,556.19605305,0.1240869168,0.1250000000,0,0,0.00000000
2024-10-31T15:45:00-04:00,2826.02667158,1300.00000000,280.85490931,2545.17176227,1988.97570922,0.00000000,556.19605305,0.1237338624,0.1250000000,0,0,0.00000000
2024-11-01T09:30:00-04:00,2829.07892693,1300.00000000,282.54479327,2546.53413366,1990.33808061,0.00000000,556.19605305,0.1243111981,0.1250000000,0,0,0.00000000
2024-11-01T09:45:00-04:00,2829.04632466,1300.00000000,282.51219100,2546.53413366,1990.33808061,0.00000000,556.19605305,0.1242986371,0.1250000000,0,0,0.00000000
2024-11-01T10:00:00-04:00,2828.67954921,1300.00000000,282.14541555,2546.53413366,1990.33808061,0.00000000,556.19605305,0.1241573002,0.1250000000,0,0,0.00000000
2024-11-01T10:15:00-04:00,2828.95123473,1300.00000000,282.41710107,2546.53413366,1990.33808061,0.00000000,556.19605305,0.1242619985,0.1250000000,0,0,0.00000000
2024-11-01T10:30:00-04:00,2828.54370645,1300.00000000,282.00957279,2546.53413366,1990.33808061,0.00000000,556.19605305,0.1241049416,0.1250000000,0,0,0.00000000
2024-11-01T10:45:00-04:00,2828.61162783,1300.00000000,282.07749417,2546.53413366,1990.33808061,0.00000000,556.19605305,0.1241311217,0.1250000000,0,0,0.00000000
2024-11-01T11:00:00-04:00,2828.88331335,1300.00000000,282.34917969,2546.53413366,1990.33808061,0.00000000,556.19605305,0.1242358263,0.1250000000,0,0,0.00000000
2024-11-01T11:15:00-04:00,2828.74747059,1300.00000000,282.21333693,2546.53413366,1990.33808061,0.00000000,556.19605305,0.1241834771,0.1250000000,0,0,0.00000000
2024-11-01T11:30:00-04:00,2828.74747059,1300.00000000,282.21333693,2546.53413366,1990.33808061,0.00000000,556.19605305,0.1241834771,0.1250000000,0,0,0.00000000
2024-11-01T11:45:00-04:00,2828.81539197,1300.00000000,282.28125831,2546.53413366,1990.33808061,0.00000000,556.19605305,0.1242096525,0.1250000000,0,0,0.00000000
2024-11-01T12:00:00-04:00,2828.84391895,1300.00000000,282.30978529,2546.53413366,1990.33808061,0.00000000,556.19605305,0.1242206457,0.1250000000,0,0,0.00000000
2024-11-01T12:15:00-04:00,2828.81539197,1300.00000000,282.28125831,2546.53413366,1990.33808061,0.00000000,556.19605305,0.1242096525,0.1250000000,0,0,0.00000000
2024-11-01T12:30:00-04:00,2828.81539197,1300.00000000,282.28125831,2546.53413366,1990.33808061,0.00000000,556.19605305,0.1242096525,0.1250000000,0,0,0.00000000
2024-11-01T12:45:00-04:00,2828.80656219,1300.00000000,282.27242853,2546.53413366,1990.33808061,0.00000000,556.19605305,0.1242062498,0.1250000000,0,0,0.00000000
2024-11-01T13:00:00-04:00,2829.01915611,1300.00000000,282.48502245,2546.53413366,1990.33808061,0.00000000,556.19605305,0.1242881692,0.1250000000,0,0,0.00000000
2024-11-01T13:15:00-04:00,2829.15499887,1300.00000000,282.62086521,2546.53413366,1990.33808061,0.00000000,556.19605305,0.1243405059,0.1250000000,0,0,0.00000000
2024-11-01T13:30:00-04:00,2828.75086666,1300.00000000,282.21673300,2546.53413366,1990.33808061,0.00000000,556.19605305,0.1241847859,0.1250000000,0,0,0.00000000
2024-11-01T13:45:00-04:00,2828.91727404,1300.00000000,282.38314038,2546.53413366,1990.33808061,0.00000000,556.19605305,0.1242489126,0.1250000000,0,0,0.00000000
2024-11-01T14:00:00-04:00,2829.01915611,1300.00000000,282.48502245,2546.53413366,1990.33808061,0.00000000,556.19605305,0.1242881692,0.1250000000,0,0,0.00000000
2024-11-01T14:15:00-04:00,2829.27793657,1300.00000000,282.74380291,2546.53413366,1990.33808061,0.00000000,556.19605305,0.1243878652,0.1250000000,0,0,0.00000000
2024-11-01T14:30:00-04:00,2829.22292025,1300.00000000,282.68878659,2546.53413366,1990.33808061,0.00000000,556.19605305,0.1243666719,0.1250000000,0,0,0.00000000
2024-11-01T14:45:00-04:00,2829.42668440,1300.00000000,282.89255074,2546.53413366,1990.33808061,0.00000000,556.19605305,0.1244451605,0.1250000000,0,0,0.00000000
2024-11-01T15:00:00-04:00,2829.42125068,1300.00000000,282.88711703,2546.53413366,1990.33808061,0.00000000,556.19605305,0.1244430676,0.1250000000,0,0,0.00000000
2024-11-01T15:15:00-04:00,2829.35876301,1300.00000000,282.82462936,2546.53413366,1990.33808061,0.00000000,556.19605305,0.1244189992,0.1250000000,0,0,0.00000000
2024-11-01T15:30:00-04:00,2829.42668440,1300.00000000,282.89255074,2546.53413366,1990.33808061,0.00000000,556.19605305,0.1244451605,0.1250000000,0,0,0.00000000
2024-11-01T15:45:00-04:00,2829.22292025,1300.00000000,282.68878659,2546.53413366,1990.33808061,0.00000000,556.19605305,0.1243666719,0.1250000000,0,0,0.00000000
2024-11-04T09:30:00-05:00,2828.98519542,1300.00000000,282.45106176,2546.53413366,1990.33808061,0.00000000,556.19605305,0.1242750841,0.1250000000,0,0,0.00000000
2024-11-04T09:45:00-05:00,2829.09386963,1300.00000000,282.55973597,2546.53413366,1990.33808061,0.00000000,556.19605305,0.1243169552,0.1250000000,0,0,0.00000000
2024-11-04T10:00:00-05:00,2829.08707749,1300.00000000,282.55294383,2546.53413366,1990.33808061,0.00000000,556.19605305,0.1243143383,0.1250000000,0,0,0.00000000
2024-11-04T10:15:00-05:00,2829.83353347,1300.00000000,283.29939981,2546.53413366,1990.33808061,0.00000000,556.19605305,0.1246018340,0.1250000000,0,0,0.00000000
2024-11-04T10:30:00-05:00,2829.59173335,1300.00000000,283.05759969,2546.53413366,1990.33808061,0.00000000,556.19605305,0.1245087259,0.1250000000,0,0,0.00000000
2024-11-04T10:45:00-05:00,2829.75881995,1300.00000000,283.22468629,2546.53413366,1990.33808061,0.00000000,556.19605305,0.1245730667,0.1250000000,0,0,0.00000000
2024-11-04T11:00:00-05:00,2829.76629130,1300.00000000,283.23215764,2546.53413366,1990.33808061,0.00000000,556.19605305,0.1245759435,0.1250000000,0,0,0.00000000
2024-11-04T11:15:00-05:00,2829.69497385,1300.00000000,283.16084019,2546.53413366,1990.33808061,0.00000000,556.19605305,0.1245484823,0.1250000000,0,0,0.00000000
2024-11-04T11:30:00-05:00,2829.29016242,1300.00000000,282.75602876,2546.53413366,1990.33808061,0.00000000,556.19605305,0.1243925747,0.1250000000,0,0,0.00000000
2024-11-04T11:45:00-05:00,2829.01847690,1300.00000000,282.48434324,2546.53413366,1990.33808061,0.00000000,556.19605305,0.1242879075,0.1250000000,0,0,0.00000000
2024-11-04T12:00:00-05:00,2828.88331335,1300.00000000,282.34917969,2546.53413366,1990.33808061,0.00000000,556.19605305,0.1242358263,0.1250000000,0,0,0.00000000
2024-11-04T12:15:00-05:00,2829.34517874,1300.00000000,282.81104508,2546.53413366,1990.33808061,0.00000000,556.19605305,0.1244137667,0.1250000000,0,0,0.00000000
2024-11-04T12:30:00-05:00,2829.42396754,1300.00000000,282.88983388,2546.53413366,1990.33808061,0.00000000,556.19605305,0.1244441141,0.1250000000,0,0,0.00000000
2024-11-04T12:45:00-05:00,2829.52856647,1300.00000000,282.99443281,2546.53413366,1990.33808061,0.00000000,556.19605305,0.1244843995,0.1250000000,0,0,0.00000000
2024-11-04T13:00:00-05:00,2829.56252716,1300.00000000,283.02839350,2546.53413366,1990.33808061,0.00000000,556.19605305,0.1244974784,0.1250000000,0,0,0.00000000
2024-11-04T13:15:00-05:00,2829.49460578,1300.00000000,282.96047212,2546.53413366,1990.33808061,0.00000000,556.19605305,0.1244713202,0.1250000000,0,0,0.00000000
2024-11-04T13:30:00-05:00,2829.76561209,1300.00000000,283.23147843,2546.53413366,1990.33808061,0.00000000,556.19605305,0.1245756820,0.1250000000,0,0,0.00000000
2024-11-04T13:45:00-05:00,2829.50751084,1300.00000000,282.97337718,2546.53413366,1990.33808061,0.00000000,556.19605305,0.1244762904,0.1250000000,0,0,0.00000000
2024-11-04T14:00:00-05:00,2829.52720804,1300.00000000,282.99307438,2546.53413366,1990.33808061,0.00000000,556.19605305,0.1244838763,0.1250000000,0,0,0.00000000
2024-11-04T14:15:00-05:00,2829.58222436,1300.00000000,283.04809070,2546.53413366,1990.33808061,0.00000000,556.19605305,0.1245050640,0.1250000000,0,0,0.00000000
2024-11-04T14:30:00-05:00,2829.69836992,1300.00000000,283.16423626,2546.53413366,1990.33808061,0.00000000,556.19605305,0.1245497901,0.1250000000,0,0,0.00000000
2024-11-04T14:45:00-05:00,2829.56252716,1300.00000000,283.02839350,2546.53413366,1990.33808061,0.00000000,556.19605305,0.1244974784,0.1250000000,0,0,0.00000000
2024-11-04T15:00:00-05:00,2829.42668440,1300.00000000,282.89255074,2546.53413366,1990.33808061,0.00000000,556.19605305,0.1244451605,0.1250000000,0,0,0.00000000
2024-11-04T15:15:00-05:00,2829.63044854,1300.00000000,283.09631488,2546.53413366,1990.33808061,0.00000000,556.19605305,0.1245236350,0.1250000000,0,0,0.00000000
2024-11-04T15:30:00-05:00,2829.08707749,1300.00000000,282.55294383,2546.53413366,1990.33808061,0.00000000,556.19605305,0.1243143383,0.1250000000,0,0,0.00000000
2024-11-04T15:45:00-05:00,2828.81539197,1300.00000000,282.28125831,2546.53413366,1990.33808061,0.00000000,556.19605305,0.1242096525,0.1250000000,0,0,0.00000000
2024-11-05T09:30:00-05:00,2830.92095477,1300.00000000,284.38682111,2546.53413366,1990.33808061,0.00000000,556.19605305,0.1250203138,0.1250000000,0,0,0.00000000
2024-11-05T09:45:00-05:00,2831.12471891,1300.00000000,284.59058525,2546.53413366,1990.33808061,0.00000000,556.19605305,0.1250986853,0.1250000000,0,0,0.00000000
2024-11-05T10:00:00-05:00,2831.25988246,1300.00000000,284.72574880,2546.53413366,1990.33808061,0.00000000,556.19605305,0.1251506640,0.1250000000,0,0,0.00000000
2024-11-05T10:15:00-05:00,2831.25988246,1300.00000000,284.72574880,2546.53413366,1990.33808061,0.00000000,556.19605305,0.1251506640,0.1250000000,0,0,0.00000000
2024-11-05T10:30:00-05:00,2831.26056168,1300.00000000,284.72642802,2546.53413366,1990.33808061,0.00000000,556.19605305,0.1251509251,0.1250000000,0,0,0.00000000
2024-11-05T10:45:00-05:00,2831.12471891,1300.00000000,284.59058525,2546.53413366,1990.33808061,0.00000000,556.19605305,0.1250986853,0.1250000000,0,0,0.00000000
2024-11-05T11:00:00-05:00,2831.37602802,1300.00000000,284.84189436,2546.53413366,1990.33808061,0.00000000,556.19605305,0.1251953241,0.1250000000,0,0,0.00000000
2024-11-05T11:15:00-05:00,2831.29520158,1300.00000000,284.76106792,2546.53413366,1990.33808061,0.00000000,556.19605305,0.1251642453,0.1250000000,0,0,0.00000000
2024-11-05T11:30:00-05:00,2831.39640444,1300.00000000,284.86227078,2546.53413366,1990.33808061,0.00000000,556.19605305,0.1252031587,0.1250000000,0,0,0.00000000
2024-11-05T11:45:00-05:00,2831.59948936,1300.00000000,285.06535571,2546.53413366,1990.33808061,0.00000000,556.19605305,0.1252812364,0.1250000000,0,0,0.00000000
2024-11-05T12:00:00-05:00,2831.66808996,1300.00000000,285.13395630,2546.53413366,1990.33808061,0.00000000,556.19605305,0.1253076072,0.1250000000,0,0,0.00000000
2024-11-05T12:15:00-05:00,2831.65654332,1300.00000000,285.12240967,2546.53413366,1990.33808061,0.00000000,556.19605305,0.1253031687,0.1250000000,0,0,0.00000000
2024-11-05T12:30:00-05:00,2831.59948936,1300.00000000,285.06535571,2546.53413366,1990.33808061,0.00000000,556.19605305,0.1252812364,0.1250000000,0,0,0.00000000
2024-11-05T12:45:00-05:00,2831.60084779,1300.00000000,285.06671413,2546.53413366,1990.33808061,0.00000000,556.19605305,0.1252817586,0.1250000000,0,0,0.00000000
2024-11-05T13:00:00-05:00,2831.46432582,1300.00000000,284.93019216,2546.53413366,1990.33808061,0.00000000,556.19605305,0.1252292732,0.1250000000,0,0,0.00000000
2024-11-05T13:15:00-05:00,2831.59677251,1300.00000000,285.06263885,2546.53413366,1990.33808061,0.00000000,556.19605305,0.1252801919,0.1250000000,0,0,0.00000000
2024-11-05T13:30:00-05:00,2831.58522588,1300.00000000,285.05109222,2546.53413366,1990.33808061,0.00000000,556.19605305,0.1252757531,0.1250000000,0,0,0.00000000
2024-11-05T13:45:00-05:00,2831.53156798,1300.00000000,284.99743433,2546.53413366,1990.33808061,0.00000000,556.19605305,0.1252551250,0.1250000000,0,0,0.00000000
2024-11-05T14:00:00-05:00,2831.60016858,1300.00000000,285.06603492,2546.53413366,1990.33808061,0.00000000,556.19605305,0.1252814975,0.1250000000,0,0,0.00000000
2024-11-05T14:15:00-05:00,2831.59948936,1300.00000000,285.06535571,2546.53413366,1990.33808061,0.00000000,556.19605305,0.1252812364,0.1250000000,0,0,0.00000000
2024-11-05T14:30:00-05:00,2831.59541408,1300.00000000,285.06128042,2546.53413366,1990.33808061,0.00000000,556.19605305,0.1252796697,0.1250000000,0,0,0.00000000
2024-11-05T14:45:00-05:00,2831.59948936,1300.00000000,285.06535571,2546.53413366,1990.33808061,0.00000000,556.19605305,0.1252812364,0.1250000000,0,0,0.00000000
2024-11-05T15:00:00-05:00,2831.60016858,1300.00000000,285.06603492,2546.53413366,1990.33808061,0.00000000,556.19605305,0.1252814975,0.1250000000,0,0,0.00000000
2024-11-05T15:15:00-05:00,2831.60016858,1300.00000000,285.06603492,2546.53413366,1990.33808061,0.00000000,556.19605305,0.1252814975,0.1250000000,0,0,0.00000000
2024-11-05T15:30:00-05:00,2831.59948936,1300.00000000,285.06535571,2546.53413366,1990.33808061,0.00000000,556.19605305,0.1252812364,0.1250000000,0,0,0.00000000
2024-11-05T15:45:00-05:00,2831.53224720,1300.00000000,284.99811354,2546.53413366,1990.33808061,0.00000000,556.19605305,0.1252553861,0.1250000000,0,0,0.00000000
2024-11-06T09:30:00-05:00,2837.34020446,1300.00000000,290.80607081,2546.53413366,1990.33808061,0.00000000,556.19605305,0.1274825489,0.1250000000,0,0,0.00000000
2024-11-06T09:45:00-05:00,2836.47013158,1300.00000000,289.93599792,2546.53413366,1990.33808061,0.00000000,556.19605305,0.1271496267,0.1250000000,0,0,0.00000000
2024-11-06T10:00:00-05:00,2837.30556456,1300.00000000,290.77143090,2546.53413366,1990.33808061,0.00000000,556.19605305,0.1274692992,0.1250000000,0,0,0.00000000
2024-11-06T10:15:00-05:00,2837.92432834,1300.00000000,291.39019468,2546.53413366,1990.33808061,0.00000000,556.19605305,0.1277059139,0.1250000000,0,0,0.00000000
2024-11-06T10:30:00-05:00,2837.40676742,1300.00000000,290.87263376,2546.53413366,1990.33808061,0.00000000,556.19605305,0.1275080079,0.1250000000,0,0,0.00000000
2024-11-06T10:45:00-05:00,2837.10180042,1300.00000000,290.56766676,2546.53413366,1990.33808061,0.00000000,556.19605305,0.1273913519,0.1250000000,0,0,0.00000000
2024-11-06T11:00:00-05:00,2837.67913215,1300.00000000,291.14499850,2546.53413366,1990.33808061,0.00000000,556.19605305,0.1276121665,0.1250000000,0,0,0.00000000
2024-11-06T11:15:00-05:00,2837.84893561,1300.00000000,291.31480195,2546.53413366,1990.33808061,0.00000000,556.19605305,0.1276770907,0.1250000000,0,0,0.00000000
2024-11-06T11:30:00-05:00,2837.96100588,1300.00000000,291.42687223,2546.53413366,1990.33808061,0.00000000,556.19605305,0.1277199353,0.1250000000,0,0,0.00000000
2024-11-06T11:45:00-05:00,2838.04862447,1300.00000000,291.51449081,2546.53413366,1990.33808061,0.00000000,556.19605305,0.1277534291,0.1250000000,0,0,0.00000000
2024-11-06T12:00:00-05:00,2838.22929534,1300.00000000,291.69516168,2546.53413366,1990.33808061,0.00000000,556.19605305,0.1278224858,0.1250000000,0,0,0.00000000
2024-11-06T12:15:00-05:00,2838.18107116,1300.00000000,291.64693750,2546.53413366,1990.33808061,0.00000000,556.19605305,0.1278040544,0.1250000000,0,0,0.00000000
2024-11-06T12:30:00-05:00,2838.25578468,1300.00000000,291.72165102,2546.53413366,1990.33808061,0.00000000,556.19605305,0.1278326097,0.1250000000,0,0,0.00000000
2024-11-06T12:45:00-05:00,2838.39162744,1300.00000000,291.85749378,2546.53413366,1990.33808061,0.00000000,556.19605305,0.1278845236,0.1250000000,0,0,0.00000000
2024-11-06T13:00:00-05:00,2838.93296084,1300.00000000,292.39882718,2546.53413366,1990.33808061,0.00000000,556.19605305,0.1280913390,0.1250000000,0,0,0.00000000
2024-11-06T13:15:00-05:00,2839.07152046,1300.00000000,292.53738680,2546.53413366,1990.33808061,0.00000000,556.19605305,0.1281442597,0.1250000000,0,0,0.00000000
2024-11-06T13:30:00-05:00,2839.10548115,1300.00000000,292.57134749,2546.53413366,1990.33808061,0.00000000,556.19605305,0.1281572295,0.1250000000,0,0,0.00000000
2024-11-06T13:45:00-05:00,2838.98322266,1300.00000000,292.44908901,2546.53413366,1990.33808061,0.00000000,556.19605305,0.1281105365,0.1250000000,0,0,0.00000000
2024-11-06T14:00:00-05:00,2839.20532558,1300.00000000,292.67119192,2546.53413366,1990.33808061,0.00000000,556.19605305,0.1281953584,0.1250000000,0,0,0.00000000
2024-11-06T14:15:00-05:00,2839.27460539,1300.00000000,292.74047173,2546.53413366,1990.33808061,0.00000000,556.19605305,0.1282218132,0.1250000000,0,0,0.00000000
2024-11-06T14:30:00-05:00,2839.10548115,1300.00000000,292.57134749,2546.53413366,1990.33808061,0.00000000,556.19605305,0.1281572295,0.1250000000,0,0,0.00000000
2024-11-06T14:45:00-05:00,2839.34320598,1300.00000000,292.80907232,2546.53413366,1990.33808061,0.00000000,556.19605305,0.1282480071,0.1250000000,0,0,0.00000000
2024-11-06T15:00:00-05:00,2839.61489150,1300.00000000,293.08075785,2546.53413366,1990.33808061,0.00000000,556.19605305,0.1283517298,0.1250000000,0,0,0.00000000
2024-11-06T15:15:00-05:00,2839.51368865,1300.00000000,292.97955499,2546.53413366,1990.33808061,0.00000000,556.19605305,0.1283130960,0.1250000000,0,0,0.00000000
2024-11-06T15:30:00-05:00,2839.61489150,1300.00000000,293.08075785,2546.53413366,1990.33808061,0.00000000,556.19605305,0.1283517298,0.1250000000,0,0,0.00000000
2024-11-06T15:45:00-05:00,2839.68281289,1300.00000000,293.14867923,2546.53413366,1990.33808061,0.00000000,556.19605305,0.1283776567,0.1250000000,0,0,0.00000000
2024-11-07T09:30:00-05:00,2840.15156075,1300.00000000,285.96904707,2554.18251368,1997.98646063,0.00000000,556.19605305,0.1252078012,0.1250000000,0,4,0.00000000
2024-11-07T09:45:00-05:00,2843.24159535,1300.00000000,286.55114542,2556.69044993,0.40439688,2000.09000000,556.19605305,0.1252931523,0.1250000000,3,3,41.61125646
2024-11-07T10:00:00-05:00,2857.68774289,1300.00000000,286.61729296,2571.07044993,0.40439688,2014.47000000,556.19605305,0.1245354455,0.1250000000,3,0,41.61125646
2024-11-07T10:15:00-05:00,2859.45386912,1300.00000000,286.58421919,2572.86964993,0.40439688,2016.26920000,556.19605305,0.1244255928,0.1250000000,3,1,41.44224914
2024-11-07T10:30:00-05:00,2850.58829043,1300.00000000,286.68344050,2563.90484993,0.40439688,2007.30440000,556.19605305,0.1249496210,0.1250000000,3,2,41.44224914
2024-11-07T10:45:00-05:00,2856.42548305,1300.00000000,287.24503312,2569.18044993,0.40439688,2012.58000000,556.19605305,0.1248766881,0.1250000000,3,1,41.44224914
2024-11-07T11:00:00-05:00,2849.16624040,1300.00000000,286.94803066,2562.21820973,3.06211253,2002.92500000,556.23109721,0.1251444165,0.1250000000,2,0,41.44224914
2024-11-07T11:15:00-05:00,2864.97042236,1300.00000000,287.13721263,2577.83320973,3.06211253,2018.54000000,556.23109721,0.1243696980,0.1250000000,2,0,41.44224914
2024-11-07T11:30:00-05:00,2872.86617810,1300.00000000,287.27876837,2585.58740973,3.06211253,2026.29420000,556.23109721,0.1240069145,0.1250000000,2,0,41.44224914
2024-11-07T11:45:00-05:00,2865.61811580,1300.00000000,287.60950607,2578.00860973,3.06211253,2018.71540000,556.23109721,0.1245393274,0.1250000000,2,0,22.17804041
2024-11-07T12:00:00-05:00,2865.86372892,1300.00000000,287.31051919,2578.55320973,3.06211253,2019.26000000,556.23109721,0.1243966314,0.1250000000,2,0,22.17804041
2024-11-07T12:15:00-05:00,2865.69523630,1300.00000000,287.47522656,2578.22000973,3.06211253,2018.92680000,556.23109721,0.1244770255,0.1250000000,2,0,22.17804041
2024-11-07T12:30:00-05:00,2865.95606335,1300.00000000,287.35285361,2578.60320973,3.06211253,2019.31000000,556.23109721,0.1244099873,0.1250000000,2,0,22.17804041
2024-11-07T12:45:00-05:00,2866.43451580,1300.00000000,287.60950607,2578.82500973,3.06211253,2019.53180000,556.23109721,0.1244953166,0.1250000000,2,0,22.17804041
2024-11-07T13:00:00-05:00,2861.97732564,1300.00000000,287.34491591,2574.63240973,3.06211253,2015.33920000,556.23109721,0.1246212234,0.1250000000,2,0,22.17804041
2024-11-07T13:15:00-05:00,2864.35812564,1300.00000000,287.34491591,2577.01320973,3.06211253,2017.72000000,556.23109721,0.1244926784,0.1250000000,2,0,22.17804041
2024-11-07T13:30:00-05:00,2863.36576909,1300.00000000,287.21195935,2576.15380973,3.06211253,2016.86060000,556.23109721,0.1244885974,0.1250000000,2,0,22.17804041
2024-11-07T13:45:00-05:00,2868.09767318,1300.00000000,287.41106345,2580.68660973,3.06211253,2021.39340000,556.23109721,0.1243199181,0.1250000000,2,1,22.17804041
2024-11-07T14:00:00-05:00,2864.10171252,1300.00000000,287.64390279,2576.45780973,3.06211253,2017.16460000,556.23109721,0.1246360610,0.1250000000,2,1,22.17804041
2024-11-07T14:15:00-05:00,2858.65271580,1300.00000000,287.60950607,2571.04320973,3.06211253,2011.75000000,556.23109721,0.1249160900,0.1250000000,2,0,22.17804041
2024-11-07T14:30:00-05:00,2859.53812564,1300.00000000,287.34491591,2572.19320973,3.06211253,2012.90000000,556.23109721,0.1247531972,0.1250000000,2,3,22.17804041
2024-11-07T14:45:00-05:00,2871.87574859,1300.00000000,288.07253885,2583.80320973,3.06211253,2024.51000000,556.23109721,0.1244027397,0.1250000000,2,2,22.17804041
2024-11-07T15:00:00-05:00,2870.19641006,1300.00000000,288.07320033,2582.12320973,3.06211253,2022.83000000,556.23109721,0.1244933097,0.1250000000,2,0,22.17804041
2024-11-07T15:15:00-05:00,2859.96359121,1300.00000000,288.27098147,2571.69260973,3.06211253,2012.39940000,556.23109721,0.1251321420,0.1250000000,2,1,22.17804041
2024-11-07T15:30:00-05:00,2856.14677973,1300.00000000,288.06857000,2568.07820973,3.06211253,2008.78500000,556.23109721,0.1252517961,0.1250000000,2,0,22.17804041
2024-11-07T15:45:00-05:00,2857.18641006,1300.00000000,288.07320033,2569.11320973,3.06211253,2009.82000000,556.23109721,0.1251972164,0.1250000000,2,0,22.17804041
2024-11-08T09:30:00-05:00,2860.92760507,1300.00000000,288.07253885,2572.85506622,880.71231371,1129.79540000,562.34735251,0.1253262915,0.1250000000,1,5,22.17804041
2024-11-08T09:45:00-05:00,2895.81788288,1300.00000000,288.20483393,2607.61304895,0.56299644,2044.70270000,562.34735251,0.1235090952,0.1250000000,3,2,54.90255739
2024-11-08T10:00:00-05:00,2921.15000256,1300.00000000,287.67565361,2633.47434895,0.56299644,2070.56400000,562.34735251,0.1219583392,0.1250000000,3,1,22.17804041
2024-11-08T10:15:00-05:00,2951.00726977,1300.00000000,288.01962082,2662.98764895,0.56299644,2100.07730000,562.34735251,0.1205779101,0.1250000000,3,0,0.00000000
2024-11-08T10:30:00-05:00,2946.07189488,1300.00000000,288.00639131,2658.06550357,917.66234703,1154.10100000,586.30215654,0.1220485146,0.1250000000,2,0,0.00000000
2024-11-08T10:45:00-05:00,2949.27159488,1300.00000000,288.00639131,2661.26520357,917.66234703,1157.30070000,586.30215654,0.1218832485,0.1250000000,2,0,0.00000000
2024-11-08T11:00:00-05:00,2955.53453642,1300.00000000,288.19689623,2667.33764019,921.52873732,1159.49000000,586.31890288,0.1216423242,0.1250000000,1,0,0.00000000
2024-11-08T11:15:00-05:00,2962.05632659,1300.00000000,288.13868639,2673.91764019,921.52873732,1166.07000000,586.31890288,0.1212838942,0.1250000000,1,1,0.00000000
2024-11-08T11:30:00-05:00,2953.10507780,1300.00000000,288.07253885,2665.03253894,9.51023607,2069.20340000,586.31890288,0.1217146449,0.1250000000,2,0,34.53762015
2024-11-08T11:45:00-05:00,2966.67562534,1300.00000000,288.46148639,2678.21413894,9.51023607,2082.38500000,586.31890288,0.1211841417,0.1250000000,2,0,34.53762015
2024-11-08T12:00:00-05:00,2968.07597288,1300.00000000,288.20483393,2679.87113894,9.51023607,2084.04200000,586.31890288,0.1210051342,0.1250000000,2,0,34.53762015
2024-11-08T12:15:00-05:00,2979.69389506,1300.00000000,288.15257738,2691.54131768,1166.68648952,922.45000000,602.40482816,0.1212105761,0.1250000000,1,2,34.53762015
2024-11-08T12:30:00-05:00,2972.72452545,1300.00000000,288.33712901,2684.38739643,1.91856827,2080.06400000,602.40482816,0.1216448268,0.1250000000,2,0,60.78750336
2024-11-08T12:45:00-05:00,2977.67255004,1300.00000000,288.40195360,2689.27059643,1.91856827,2084.94720000,602.40482816,0.1214187146,0.1250000000,2,1,60.78750336
2024-11-08T13:00:00-05:00,2984.08111561,1300.00000000,288.60171918,2695.47939643,1.91856827,2091.15600000,602.40482816,0.1211758797,0.1250000000,2,1,60.78750336
2024-11-08T13:15:00-05:00,2975.63474594,1300.00000000,288.60634950,2687.02839643,1.91856827,2082.70500000,602.40482816,0.1216090979,0.1250000000,2,0,60.78750336
2024-11-08T13:30:00-05:00,2972.73720577,1300.00000000,288.86630934,2683.87089643,1.91856827,2079.54750000,602.40482816,0.1218674276,0.1250000000,2,0,60.78750336
2024-11-08T13:45:00-05:00,2979.94970577,1300.00000000,288.86630934,2691.08339643,1.91856827,2086.76000000,602.40482816,0.1214977316,0.1250000000,2,0,60.78750336
2024-11-08T14:00:00-05:00,2983.85120577,1300.00000000,288.86630934,2694.98489643,1.91856827,2090.66150000,602.40482816,0.1212986830,0.1250000000,2,0,60.78750336
2024-11-08T14:15:00-05:00,2995.62394102,1300.00000000,288.90004458,2706.72389643,1.91856827,2102.40050000,602.40482816,0.1207160861,0.1250000000,2,0,60.78750336
2024-11-08T14:30:00-05:00,2998.53585331,1300.00000000,288.93245688,2709.60339643,1.91856827,2105.28000000,602.40482816,0.1205829121,0.1250000000,2,2,60.78750336
2024-11-08T14:45:00-05:00,2993.05521233,1300.00000000,288.71681590,2704.33839643,1.91856827,2100.01500000,602.40482816,0.1207691504,0.1250000000,2,0,60.78750336
2024-11-08T15:00:00-05:00,2992.42361561,1300.00000000,288.60171918,2703.82189643,1.91856827,2099.49850000,602.40482816,0.1207529082,0.1250000000,2,1,60.78750336
2024-11-08T15:15:00-05:00,2993.31096807,1300.00000000,288.53557164,2704.77539643,1.91856827,2100.45200000,602.40482816,0.1206804261,0.1250000000,2,0,60.78750336
2024-11-08T15:30:00-05:00,3001.57332053,1300.00000000,288.46942410,2713.10389643,1.91856827,2108.78050000,602.40482816,0.1202372510,0.1250000000,2,1,34.53762015
2024-11-08T15:45:00-05:00,3012.49011561,1300.00000000,288.60171918,2723.88839643,1.91856827,2119.56500000,602.40482816,0.1197475130,0.1250000000,2,2,34.53762015
2024-11-11T09:30:00-05:00,2998.36634311,1300.00000000,288.60171918,2709.76462393,0.27316671,2070.08190000,639.40955722,0.1223429445,0.1250000000,2,2,120.42136031
2024-11-11T09:45:00-05:00,2997.69940752,1300.00000000,288.13670197,2709.56270555,1175.04746388,927.20000000,607.31524167,0.1205399141,0.1250000000,1,1,34.53762015
2024-11-11T10:00:00-05:00,3025.84518749,1300.00000000,288.33712901,2737.50805847,22.78781680,2107.40500000,607.31524167,0.1192199954,0.1250000000,2,0,95.20335575
2024-11-11T10:15:00-05:00,3049.28633503,1300.00000000,288.40327656,2760.88305847,22.78781680,2130.78000000,607.31524167,0.1181026579,0.1250000000,2,0,34.53762015
2024-11-11T10:30:00-05:00,3072.03295880,1300.00000000,288.39600033,2783.63695847,22.78781680,2153.53390000,607.31524167,0.1170097485,0.1250000000,2,2,34.53762015
2024-11-11T10:45:00-05:00,3078.06633773,1300.00000000,288.73401426,2789.33232347,0.99148180,2181.02560000,607.31524167,0.1168608261,0.1250000000,3,0,35.41469223
2024-11-11T11:00:00-05:00,3099.94303773,1300.00000000,288.73401426,2811.20902347,0.99148180,2202.90230000,607.31524167,0.1158351900,0.1250000000,3,0,35.41469223
2024-11-11T11:15:00-05:00,3121.96229511,1300.00000000,288.53557164,2833.42672347,0.99148180,2225.12000000,607.31524167,0.1147419759,0.1250000000,3,0,35.41469223
2024-11-11T11:30:00-05:00,3123.66000003,1300.00000000,288.40327656,2835.25672347,0.99148180,2226.95000000,607.31524167,0.1146119885,0.1250000000,3,0,35.41469223
2024-11-11T11:45:00-05:00,3128.06643855,1300.00000000,288.32191508,2839.74452347,0.99148180,2231.43780000,607.31524167,0.1143793626,0.1250000000,3,0,35.41469223
2024-11-11T12:00:00-05:00,3144.77362988,1300.00000000,288.27098147,2856.50264840,1229.08818393,975.56000000,651.85446448,0.1156359121,0.1250000000,2,0,0.87707208
2024-11-11T12:15:00-05:00,3155.36952578,1300.00000000,288.07187738,2867.29764840,1229.08818393,986.35500000,651.85446448,0.1150669640,0.1250000000,2,0,0.87707208
2024-11-11T12:30:00-05:00,3167.24903972,1300.00000000,288.00639131,2879.24264840,1229.08818393,998.30000000,651.85446448,0.1144975004,0.1250000000,2,0,0.87707208
2024-11-11T12:45:00-05:00,3170.94466588,1300.00000000,287.87409623,2883.07056965,2184.16051977,21.77000000,677.14004988,0.1154357059,0.1250000000,1,0,0.87707208
2024-11-11T13:00:00-05:00,3170.29253802,1300.00000000,287.27876837,2883.01376965,2184.16051977,21.71320000,677.14004988,0.1152271150,0.1250000000,1,0,0.87707208
2024-11-11T13:15:00-05:00,3170.50778064,1300.00000000,287.47721099,2883.03056965,2184.16051977,21.73000000,677.14004988,0.1152967560,0.1250000000,1,0,0.87707208
2024-11-11T13:30:00-05:00,3171.28466588,1300.00000000,287.87409623,2883.41056965,2184.16051977,22.11000000,677.14004988,0.1154199698,0.1250000000,1,0,0.87707208
2024-11-11T13:45:00-05:00,3171.77310850,1300.00000000,288.07253885,2883.70056965,2184.16051977,22.40000000,677.14004988,0.1154769187,0.1250000000,1,0,0.87707208
2024-11-11T14:00:00-05:00,3171.61090850,1300.00000000,288.07253885,2883.53836965,2184.16051977,22.23780000,677.14004988,0.1154844274,0.1250000000,1,0,0.87707208
2024-11-11T14:15:00-05:00,3171.23466588,1300.00000000,287.87409623,2883.36056965,2184.16051977,22.06000000,677.14004988,0.1154222837,0.1250000000,1,0,0.87707208
2024-11-11T14:30:00-05:00,3171.39629949,1300.00000000,288.00572984,2883.39056965,2184.16051977,22.09000000,677.14004988,0.1154675787,0.1250000000,1,1,0.87707208
2024-11-11T14:45:00-05:00,3195.71718440,1300.00000000,287.95413476,2907.76304965,924.65659977,1305.96640000,677.14004988,0.1143320690,0.1250000000,2,2,54.01572722
2024-11-11T15:00:00-05:00,3163.48570020,1300.00000000,288.19491180,2875.29078840,2.95083852,2195.19990000,677.14004988,0.1159110407,0.1250000000,3,0,77.60221332
2024-11-11T15:15:00-05:00,3164.44735594,1300.00000000,288.33646754,2876.11088840,2.95083852,2196.02000000,677.14004988,0.1159231378,0.1250000000,3,0,77.60221332
2024-11-11T15:30:00-05:00,3165.65842561,1300.00000000,288.41253721,2877.24588840,2.95083852,2197.15500000,677.14004988,0.1158972905,0.1250000000,3,3,77.60221332
2024-11-11T15:45:00-05:00,3143.72146004,1300.00000000,288.53557164,2855.18588840,2.95083852,2175.09500000,677.14004988,0.1169779236,0.1250000000,3,3,77.60221332
2024-11-12T09:30:00-05:00,3129.09186004,1300.00000000,288.53557164,2840.55628840,209.74488666,1987.21140000,643.60000174,0.1160879166,0.1250000000,3,3,72.91122729
2024-11-12T09:45:00-05:00,3119.35624594,1300.00000000,288.83323557,2830.52301037,10.02450863,2176.89850000,643.60000174,0.1166646499,0.1250000000,4,0,34.05538078
2024-11-12T10:00:00-05:00,3146.87119840,1300.00000000,288.76708803,2858.10411037,10.02450863,2204.47960000,643.60000174,0.1153558945,0.1250000000,4,0,34.05538078
2024-11-12T10:15:00-05:00,3138.58087545,1300.00000000,288.60436508,2849.97651037,10.02450863,2196.35200000,643.60000174,0.1156739790,0.1250000000,4,0,34.05538078
2024-11-12T10:30:00-05:00,3138.01512463,1300.00000000,288.73401426,2849.28111037,10.02450863,2195.65660000,643.60000174,0.1157521904,0.1250000000,4,0,34.05538078
2024-11-12T10:45:00-05:00,3126.41640086,1300.00000000,288.33779049,2838.07861037,10.02450863,2184.45410000,643.60000174,0.1161333519,0.1250000000,4,0,34.05538078
2024-11-12T11:00:00-05:00,3115.36180988,1300.00000000,288.32389951,2827.03791037,10.02450863,2173.41340000,643.60000174,0.1166471213,0.1250000000,4,0,34.05538078
2024-11-12T11:15:00-05:00,3124.34438693,1300.00000000,288.40327656,2835.94111037,10.02450863,2182.31660000,643.60000174,0.1162567487,0.1250000000,4,0,34.05538078
2024-11-12T11:30:00-05:00,3108.77204923,1300.00000000,288.07253885,2820.69951037,10.02450863,2167.07500000,643.60000174,0.1168569712,0.1250000000,4,0,34.05538078
2024-11-12T11:45:00-05:00,3096.40554923,1300.00000000,288.07253885,2808.33301037,10.02450863,2154.70850000,643.60000174,0.1174461380,0.1250000000,4,0,34.05538078
2024-11-12T12:00:00-05:00,3083.00445294,1300.00000000,287.97464049,2795.02981245,1258.72045617,882.50020000,653.80915628,0.1185473399,0.1250000000,3,0,34.05538078
2024-11-12T12:15:00-05:00,3079.28116361,1300.00000000,288.07253885,2791.20862475,1929.76775462,216.41000000,645.03087014,0.1183413799,0.1250000000,2,0,10.82735765
2024-11-12T12:30:00-05:00,3077.62272099,1300.00000000,287.87409623,2789.74862475,1929.76775462,214.95000000,645.03087014,0.1183404837,0.1250000000,2,0,10.82735765
2024-11-12T12:45:00-05:00,3074.76095050,1300.00000000,287.08032575,2787.68062475,1929.76775462,212.88200000,645.03087014,0.1181531760,0.1250000000,2,0,10.82735765
2024-11-12T13:00:00-05:00,3075.71872755,1300.00000000,287.15970279,2788.55902475,1929.76775462,213.76040000,645.03087014,0.1181392756,0.1250000000,2,0,10.82735765
2024-11-12T13:15:00-05:00,3077.08657345,1300.00000000,287.80794869,2789.27862475,1929.76775462,214.48000000,645.03087014,0.1183393737,0.1250000000,2,0,10.82735765
2024-11-12T13:30:00-05:00,3077.97828328,1300.00000000,288.26965852,2789.70862475,1929.76775462,214.91000000,645.03087014,0.1184857745,0.1250000000,2,1,10.82735765
2024-11-12T13:45:00-05:00,3085.44191143,1300.00000000,288.60171918,2796.84019225,770.98932212,1380.82000000,645.03087014,0.1182594712,0.1250000000,3,0,35.86746110
2024-11-12T14:00:00-05:00,3087.88461553,1300.00000000,288.63942328,2799.24519225,770.98932212,1383.22500000,645.03087014,0.1181566534,0.1250000000,3,0,35.86746110
2024-11-12T14:15:00-05:00,3081.27576389,1300.00000000,288.53557164,2792.74019225,770.98932212,1376.72000000,645.03087014,0.1184345516,0.1250000000,3,0,35.86746110
2024-11-12T14:30:00-05:00,3089.82084012,1300.00000000,288.86564786,2800.95519225,770.98932212,1384.93500000,645.03087014,0.1181556090,0.1250000000,3,3,35.86746110
2024-11-12T14:45:00-05:00,3082.73391143,1300.00000000,288.60171918,2794.13219225,0.01152212,2149.08980000,645.03087014,0.1183908435,0.1250000000,4,0,65.12805449
2024-11-12T15:00:00-05:00,3066.59291471,1300.00000000,288.64802246,2777.94489225,0.01152212,2132.90250000,645.03087014,0.1191991025,0.1250000000,4,0,65.12805449
2024-11-12T15:15:00-05:00,3064.47525897,1300.00000000,288.66786672,2775.80739225,0.01152212,2130.76500000,645.03087014,0.1193116354,0.1250000000,4,0,65.12805449
2024-11-12T15:30:00-05:00,3063.31070159,1300.00000000,288.86630934,2774.44439225,0.01152212,2129.40200000,645.03087014,0.1194511510,0.1250000000,4,2,65.12805449
2024-11-12T15:45:00-05:00,3059.62025897,1300.00000000,288.66786672,2770.95239225,0.01152212,2125.91000000,645.03087014,0.1195515345,0.1250000000,4,0,65.12805449
2024-11-13T09:30:00-05:00,3061.45806013,1300.00000000,288.60171918,2772.85634096,775.10099875,1363.11070000,634.64464220,0.1189220881,0.1250000000,2,4,34.99038902
2024-11-13T09:45:00-05:00,3044.49661497,1300.00000000,288.33712901,2756.15948596,2.58204375,2118.93280000,634.64464220,0.1196493114,0.1250000000,4,2,71.60229119
2024-11-13T10:00:00-05:00,3041.66574366,1300.00000000,287.79405771,2753.87168596,2.58204375,2116.64500000,634.64464220,0.1195644099,0.1250000000,4,1,71.60229119
2024-11-13T10:15:00-05:00,3056.68384719,1300.00000000,287.87409623,2768.80975096,0.00010875,2134.16500000,634.64464220,0.1188560844,0.1250000000,5,1,71.72131074
2024-11-13T10:30:00-05:00,3042.41228981,1300.00000000,288.07253885,2754.33975096,0.00010875,2119.69500000,634.64464220,0.1196429976,0.1250000000,5,0,71.72131074
2024-11-13T10:45:00-05:00,3050.11114227,1300.00000000,288.00639131,2762.10475096,0.00010875,2127.46000000,634.64464220,0.1192342727,0.1250000000,5,0,71.72131074
2024-11-13T11:00:00-05:00,3073.15894309,1300.00000000,288.15919213,2784.99975096,0.00010875,2150.35500000,634.64464220,0.1181699824,0.1250000000,5,0,71.72131074
2024-11-13T11:15:00-05:00,3069.29039636,1300.00000000,288.56864541,2780.72175096,0.00010875,2146.07700000,634.64464220,0.1185259272,0.1250000000,5,1,71.72131074
2024-11-13T11:30:00-05:00,3056.16769965,1300.00000000,287.80794869,2768.35975096,0.00010875,2133.71500000,634.64464220,0.1188541021,0.1250000000,5,0,71.72131074
2024-11-13T11:45:00-05:00,3050.77154800,1300.00000000,288.59179705,2762.17975096,0.00010875,2127.53500000,634.64464220,0.1194439731,0.1250000000,5,0,71.72131074
2024-11-13T12:00:00-05:00,3064.12080783,1300.00000000,288.93245688,2775.18835096,0.00010875,2140.54360000,634.64464220,0.1189278829,0.1250000000,5,0,71.72131074
2024-11-13T12:15:00-05:00,3062.33006029,1300.00000000,288.86630934,2773.46375096,0.00010875,2138.81900000,634.64464220,0.1189883612,0.1250000000,5,0,71.72131074
2024-11-13T12:30:00-05:00,3063.24876521,1300.00000000,288.73401426,2774.51475096,0.00010875,2139.87000000,634.64464220,0.1188888759,0.1250000000,5,1,71.72131074
2024-11-13T12:45:00-05:00,3073.32162259,1300.00000000,289.26187163,2784.05975096,0.00010875,2149.41500000,634.64464220,0.1186142626,0.1250000000,5,1,71.72131074
2024-11-13T13:00:00-05:00,3068.34267177,1300.00000000,289.23012081,2779.11255096,0.00010875,2144.46780000,634.64464220,0.1188438817,0.1250000000,5,1,71.72131074
2024-11-13T13:15:00-05:00,3081.07769226,1300.00000000,289.25724130,2791.82045096,0.00010875,2157.17570000,634.64464220,0.1182363201,0.1250000000,5,0,71.72131074
2024-11-13T13:30:00-05:00,3076.70931931,1300.00000000,289.29626835,2787.41305096,0.00010875,2152.76830000,634.64464220,0.1184638028,0.1250000000,5,1,71.72131074
2024-11-13T13:45:00-05:00,3075.92973570,1300.00000000,289.52778474,2786.40195096,0.00010875,2151.75720000,634.64464220,0.1185964661,0.1250000000,5,0,71.72131074
2024-11-13T14:00:00-05:00,3066.43717914,1300.00000000,289.39482819,2777.04235096,0.00010875,2142.39760000,634.64464220,0.1190047357,0.1250000000,5,1,71.72131074
2024-11-13T14:15:00-05:00,3045.15613652,1300.00000000,289.19638557,2755.95975096,0.00010875,2121.31500000,634.64464220,0.1199730374,0.1250000000,5,0,71.72131074
2024-11-13T14:30:00-05:00,3042.03744722,1300.00000000,288.73335278,2753.30409444,2.99376430,2115.70600000,634.60433014,0.1199341119,0.1250000000,4,0,71.61457590
2024-11-13T14:45:00-05:00,3021.09515309,1300.00000000,288.86829377,2732.22685932,196.35579604,1905.00100000,630.87006328,0.1208540129,0.1250000000,3,0,61.66429033
2024-11-13T15:00:00-05:00,3016.67035965,1300.00000000,288.79950032,2727.87085932,196.35579604,1900.64500000,630.87006328,0.1210493187,0.1250000000,3,0,61.66429033
2024-11-13T15:15:00-05:00,3025.40168260,1300.00000000,288.80082327,2736.60085932,196.35579604,1909.37500000,630.87006328,0.1206084818,0.1250000000,3,0,61.66429033
2024-11-13T15:30:00-05:00,3034.30043587,1300.00000000,289.12957655,2745.17085932,196.35579604,1917.94500000,630.87006328,0.1202987113,0.1250000000,3,3,61.66429033
2024-11-13T15:45:00-05:00,3023.54697729,1300.00000000,288.66786672,2734.87911057,20.55904729,2083.45000000,630.87006328,0.1206464045,0.1250000000,4,0,64.04877687
2024-11-14T09:30:00-05:00,3008.28296348,1300.00000000,300.48431501,2707.79864847,1148.48303585,938.02500000,621.29061262,0.1258840712,0.1250000000,3,2,39.00867342
2024-11-14T09:45:00-05:00,3027.46342977,1300.00000000,300.61774005,2726.84568972,3.68007710,2101.87500000,621.29061262,0.1249360553,0.1250000000,5,1,80.55982989
2024-11-14T10:00:00-05:00,3023.96746578,1300.00000000,300.83177606,2723.13568972,3.68007710,2098.16500000,621.29061262,0.1252069231,0.1250000000,5,0,50.43383473
2024-11-14T10:15:00-05:00,3015.09919053,1300.00000000,300.62329943,2714.47589111,877.28937126,1214.60900000,622.57751984,0.1256512336,0.1250000000,4,0,50.43383473
2024-11-14T10:30:00-05:00,3019.20010548,1300.00000000,300.93601437,2718.26409111,877.28937126,1218.39720000,622.57751984,0.1255667105,0.1250000000,4,0,50.43383473
2024-11-14T10:45:00-05:00,3003.94928003,1300.00000000,300.76158892,2703.18769111,877.28937126,1203.32080000,622.57751984,0.1262976214,0.1250000000,4,0,50.43383473
2024-11-14T11:00:00-05:00,3010.65265158,1300.00000000,300.97076048,2709.68189111,877.28937126,1209.81500000,622.57751984,0.1260306916,0.1250000000,4,0,50.43383473
2024-11-14T11:15:00-05:00,3015.33695666,1300.00000000,300.97006555,2714.36689111,877.28937126,1214.50000000,622.57751984,0.1257836709,0.1250000000,4,0,50.43383473
2024-11-14T11:30:00-05:00,3007.56032821,1300.00000000,301.17923711,2706.38109111,877.28937126,1206.51420000,622.57751984,0.1262815128,0.1250000000,4,0,50.43383473
2024-11-14T11:45:00-05:00,3011.32366716,1300.00000000,300.83177606,2710.49189111,877.28937126,1210.62500000,622.57751984,0.1259371057,0.1250000000,4,0,50.43383473
2024-11-14T12:00:00-05:00,3011.75669833,1300.00000000,300.55380722,2711.20289111,877.28937126,1211.33600000,622.57751984,0.1257979351,0.1250000000,4,0,50.43383473
2024-11-14T12:15:00-05:00,3018.24039957,1300.00000000,300.34533059,2717.89506898,1053.28055636,1041.92280000,622.69171262,0.1253764251,0.1250000000,3,0,50.43383473
2024-11-14T12:30:00-05:00,3016.94116016,1300.00000000,300.47389118,2716.46726898,1053.28055636,1040.49500000,622.69171262,0.1254981562,0.1250000000,3,0,50.43383473
2024-11-14T12:45:00-05:00,3016.31506062,1300.00000000,300.69279164,2715.62226898,1053.28055636,1039.65000000,622.69171262,0.1256224342,0.1250000000,3,0,50.43383473
2024-11-14T13:00:00-05:00,3012.87733569,1300.00000000,300.91516671,2711.96216898,1053.28055636,1035.98990000,622.69171262,0.1258961496,0.1250000000,3,0,50.43383473
2024-11-14T13:15:00-05:00,3007.99684504,1300.00000000,300.83177606,2707.16506898,1053.28055636,1031.19280000,622.69171262,0.1261187812,0.1250000000,3,0,50.43383473
2024-11-14T13:30:00-05:00,3008.92348566,1300.00000000,300.82621668,2708.09726898,1053.28055636,1032.12500000,622.69171262,0.1260674760,0.1250000000,3,0,50.43383473
2024-11-14T13:45:00-05:00,3008.42715410,1300.00000000,299.85888512,2708.56826898,1053.28055636,1032.59600000,622.69171262,0.1256882385,0.1250000000,3,0,50.43383473
2024-11-14T14:00:00-05:00,3016.74810736,1300.00000000,300.27583838,2716.47226898,1053.28055636,1040.50000000,622.69171262,0.1254255493,0.1250000000,3,0,50.43383473
2024-11-14T14:15:00-05:00,3021.97569178,1300.00000000,300.41482280,2721.56086898,1053.28055636,1045.58860000,622.69171262,0.1252101983,0.1250000000,3,0,50.43383473
2024-11-14T14:30:00-05:00,3038.83889178,1300.00000000,300.41482280,2738.42406898,1053.28055636,1062.45180000,622.69171262,0.1243363092,0.1250000000,3,1,50.43383473
2024-11-14T14:45:00-05:00,3028.66707274,1300.00000000,300.48431501,2728.18275773,3.27864511,2102.21240000,622.69171262,0.1248908530,0.1250000000,4,0,77.51220428
2024-11-14T15:00:00-05:00,2997.44214089,1300.00000000,299.83178316,2697.61035773,3.27864511,2071.64000000,622.69171262,0.1262582289,0.1250000000,4,0,77.51220428
2024-11-14T15:15:00-05:00,2995.62543506,1300.00000000,299.92837733,2695.69705773,3.27864511,2069.72670000,622.69171262,0.1263955982,0.1250000000,4,0,77.51220428
2024-11-14T15:30:00-05:00,2983.91804527,1300.00000000,299.42733850,2684.49070677,1035.73785217,1036.36400000,612.38885460,0.1262591832,0.1250000000,3,0,50.43383473
2024-11-14T15:45:00-05:00,2986.61236916,1300.00000000,299.61566239,2686.99670677,1035.73785217,1038.87000000,612.38885460,0.1261952215,0.1250000000,3,0,50.43383473
2024-11-15T09:30:00-05:00,3016.37008314,1300.00000000,295.61986032,2720.75022282,1037.41096821,1070.95040000,612.38885460,0.1229709520,0.1250000000,3,1,36.62418688
2024-11-15T09:45:00-05:00,3005.42903430,1300.00000000,295.34189149,2710.08714282,26.41328821,2071.28500000,612.38885460,0.1234170216,0.1250000000,4,2,64.91949785
2024-11-15T10:00:00-05:00,3006.89042514,1300.00000000,294.44057752,2712.44984762,8.00589301,2092.05510000,612.38885460,0.1229652890,0.1250000000,5,1,66.00289292
2024-11-15T10:15:00-05:00,3000.62526970,1300.00000000,294.28838959,2706.33688012,0.31012551,2093.63790000,612.38885460,0.1232241447,0.1250000000,6,0,66.22536263
2024-11-15T10:30:00-05:00,3000.55960404,1300.00000000,294.16052392,2706.39908012,0.31012551,2093.70010000,612.38885460,0.1231739916,0.1250000000,6,0,66.22536263
2024-11-15T10:45:00-05:00,3023.51204299,1300.00000000,293.81306287,2729.69898012,0.31012551,2117.00000000,612.38885460,0.1218573420,0.1250000000,6,0,66.22536263
2024-11-15T11:00:00-05:00,3020.85805274,1300.00000000,293.77067262,2727.08738012,0.31012551,2114.38840000,612.38885460,0.1219740210,0.1250000000,6,0,66.22536263
2024-11-15T11:15:00-05:00,3049.94271183,1300.00000000,294.09103171,2755.85168012,0.31012551,2143.15270000,612.38885460,0.1206500652,0.1250000000,6,0,66.22536263
2024-11-15T11:30:00-05:00,3044.01252865,1300.00000000,293.43085572,2750.58167293,7.86220596,2130.41500000,612.30446697,0.1206686199,0.1250000000,5,1,37.70758194
2024-11-15T11:45:00-05:00,3024.25536794,1300.00000000,292.94649501,2731.30887293,7.86220596,2111.14220000,612.30446697,0.1214562431,0.1250000000,5,0,37.70758194
2024-11-15T12:00:00-05:00,3008.79065265,1300.00000000,292.77067972,2716.01997293,7.86220596,2095.85330000,612.30446697,0.1221666461,0.1250000000,5,0,37.70758194
2024-11-15T12:15:00-05:00,3010.66739373,1300.00000000,293.18763298,2717.47976075,1019.81723889,1084.79580000,612.86672186,0.1222735636,0.1250000000,4,0,37.70758194
2024-11-15T12:30:00-05:00,3018.26869373,1300.00000000,293.18763298,2725.08106075,1019.81723889,1092.39710000,612.86672186,0.1218871675,0.1250000000,4,0,37.70758194
2024-11-15T12:45:00-05:00,3009.56199835,1300.00000000,292.96803760,2716.59396075,1019.81723889,1083.91000000,612.86672186,0.1222383340,0.1250000000,4,0,37.70758194
2024-11-15T13:00:00-05:00,3014.27954826,1300.00000000,292.70118751,2721.57836075,1019.81723889,1088.89440000,612.86672186,0.1218870759,0.1250000000,4,0,37.70758194
2024-11-15T13:15:00-05:00,3023.25925968,1300.00000000,293.00069894,2730.25856075,1019.81723889,1097.57460000,612.86672186,0.1215572544,0.1250000000,4,0,37.70758194
2024-11-15T13:30:00-05:00,3020.10728058,1300.00000000,292.36831983,2727.73896075,1019.81723889,1095.05500000,612.86672186,0.1214537196,0.1250000000,4,0,37.70758194
2024-11-15T13:45:00-05:00,3012.38178825,1300.00000000,291.94302751,2720.43876075,1019.81723889,1087.75480000,612.86672186,0.1216675117,0.1250000000,4,0,37.70758194
2024-11-15T14:00:00-05:00,3007.78426448,1300.00000000,292.11050373,2715.67376075,1019.81723889,1082.98980000,612.86672186,0.1219710067,0.1250000000,4,0,37.70758194
2024-11-15T14:15:00-05:00,2997.97522616,1300.00000000,292.00626542,2705.96896075,1019.81723889,1073.28500000,612.86672186,0.1224289230,0.1250000000,4,0,37.70758194
2024-11-15T14:30:00-05:00,3005.08106384,1300.00000000,292.56220309,2712.51886075,1019.81723889,1079.83490000,612.86672186,0.1222976545,0.1250000000,4,0,37.70758194
2024-11-15T14:45:00-05:00,3002.36380838,1300.00000000,292.59764412,2709.76616426,1303.92794855,786.67220000,619.16601571,0.1227752245,0.1250000000,3,0,37.70758194
2024-11-15T15:00:00-05:00,2994.89040567,1300.00000000,292.66644141,2702.22396426,1303.92794855,779.13000000,619.16601571,0.1231904015,0.1250000000,3,0,37.70758194
2024-11-15T15:15:00-05:00,2992.51833619,1300.00000000,292.84017193,2699.67816426,1303.92794855,776.58420000,619.16601571,0.1233867258,0.1250000000,3,1,37.70758194
2024-11-15T15:30:00-05:00,2980.37078809,1300.00000000,292.42182883,2687.94895926,118.09924355,1950.68370000,619.16601571,0.1238443325,0.1250000000,4,1,59.56387251
2024-11-15T15:45:00-05:00,2982.54183119,1300.00000000,292.84017193,2689.70165926,53.25064355,2017.28500000,619.16601571,0.1239075775,0.1250000000,5,1,61.26200919
2024-11-18T09:30:00-05:00,3009.88308818,1300.00000000,293.67407845,2716.20900973,137.03039257,1959.70500000,619.47361716,0.1228551351,0.1250000000,3,3,36.62418688
2024-11-18T09:45:00-05:00,2982.48448309,1300.00000000,293.46560182,2689.01888127,1941.59886534,137.50540000,609.91461593,0.1236910263,0.1250000000,3,0,4.86621363
2024-11-18T10:00:00-05:00,2983.16809740,1300.00000000,294.23001613,2688.93808127,1941.59886534,137.42460000,609.91461593,0.1239774927,0.1250000000,3,1,4.86621363
2024-11-18T10:15:00-05:00,2994.44104065,1300.00000000,294.64696939,2699.79407127,758.83245534,1331.04700000,609.91461593,0.1235662421,0.1250000000,4,1,33.94315996
2024-11-18T10:30:00-05:00,3024.15481166,1300.00000000,294.87212415,2729.28268752,24.43707159,2094.93100000,609.91461593,0.1221386856,0.1250000000,5,1,71.35287743
2024-11-18T10:45:00-05:00,3004.59945350,1300.00000000,294.98956598,2709.60988752,24.43707159,2075.25820000,609.91461593,0.1231851312,0.1250000000,5,1,71.35287743
2024-11-18T11:00:00-05:00,3025.33401016,1300.00000000,295.06392265,2730.27008752,24.43707159,2095.91840000,609.91461593,0.1221584638,0.1250000000,5,1,70.81931122
2024-11-18T11:15:00-05:00,3027.70069881,1300.00000000,294.98678629,2732.71391252,0.71929659,2122.08000000,609.91461593,0.1220069833,0.1250000000,6,0,71.74293788
2024-11-18T11:30:00-05:00,3027.04859148,1300.00000000,295.03612576,2732.01246572,3.35221006,2118.71570000,609.94455566,0.1220618233,0.1250000000,5,0,71.74293788
2024-11-18T11:45:00-05:00,3022.07900902,1300.00000000,294.92424330,2727.15476572,3.35221006,2113.85800000,609.94455566,0.1222669171,0.1250000000,5,0,71.74293788
2024-11-18T12:00:00-05:00,3020.68331058,1300.00000000,294.91034486,2725.77296572,3.35221006,2112.47620000,609.94455566,0.1223319384,0.1250000000,5,1,71.74293788
2024-11-18T12:15:00-05:00,3038.48352582,1300.00000000,294.90826010,2743.57526572,3.35221006,2130.27850000,609.94455566,0.1214344360,0.1250000000,5,0,71.74293788
2024-11-18T12:30:00-05:00,3021.83005155,1300.00000000,294.76788583,2727.06216572,3.35221006,2113.76540000,609.94455566,0.1222147098,0.1250000000,5,0,71.74293788
2024-11-18T12:45:00-05:00,3004.00461174,1300.00000000,294.85544602,2709.14916572,3.35221006,2095.85240000,609.94455566,0.1231612571,0.1250000000,5,0,71.74293788
2024-11-18T13:00:00-05:00,2995.17730395,1300.00000000,294.92493823,2700.25236572,3.35221006,2086.95560000,609.94455566,0.1236461886,0.1250000000,5,0,71.74293788
2024-11-18T13:15:00-05:00,2996.64245784,1300.00000000,294.89019212,2701.75226572,3.35221006,2088.45550000,609.94455566,0.1235557260,0.1250000000,5,0,71.74293788
2024-11-18T13:30:00-05:00,2985.23014019,1300.00000000,294.64627447,2690.58386572,3.35221006,2077.28710000,609.94455566,0.1240466731,0.1250000000,5,0,71.74293788
2024-11-18T13:45:00-05:00,2982.64490519,1300.00000000,294.88324290,2687.76166229,1167.25502559,921.64070000,598.86593669,0.1237041046,0.1250000000,4,0,42.66599155
2024-11-18T14:00:00-05:00,2979.38897727,1300.00000000,294.71646160,2684.67251567,1184.47790508,901.17000000,599.02461060,0.1238114911,0.1250000000,3,0,42.66599155
2024-11-18T14:15:00-05:00,2969.57948506,1300.00000000,294.64696939,2674.93251567,1184.47790508,891.43000000,599.02461060,0.1242945154,0.1250000000,3,0,42.66599155
2024-11-18T14:30:00-05:00,2974.65770559,1300.00000000,294.99443044,2679.66327516,1304.43134005,774.75940000,600.47253511,0.1242508100,0.1250000000,2,0,42.66599155
2024-11-18T14:45:00-05:00,2975.11779780,1300.00000000,295.06392265,2680.05387516,1304.43134005,775.15000000,600.47253511,0.1242560004,0.1250000000,2,0,42.66599155
2024-11-18T15:00:00-05:00,2974.81900052,1300.00000000,294.99512536,2679.82387516,1304.43134005,774.92000000,600.47253511,0.1242426620,0.1250000000,2,0,42.66599155
2024-11-18T15:15:00-05:00,2980.47133883,1300.00000000,295.09936367,2685.37197516,1304.43134005,780.46810000,600.47253511,0.1239913916,0.1250000000,2,0,42.66599155
2024-11-18T15:30:00-05:00,2975.73210288,1300.00000000,295.06322772,2680.66887516,1304.43134005,775.76500000,600.47253511,0.1242235719,0.1250000000,2,1,42.66599155
2024-11-18T15:45:00-05:00,2986.67310963,1300.00000000,294.92493823,2691.74817141,115.93563630,1975.34000000,600.47253511,0.1235960386,0.1250000000,3,0,80.82287144
2024-11-19T09:30:00-05:00,2895.20273391,1300.00000000,294.43849276,2600.76424115,1279.84897063,734.88000000,586.03527052,0.1275085057,0.1250000000,2,3,42.66599155
2024-11-19T09:45:00-05:00,2895.52883618,1300.00000000,294.23001613,2601.29882005,4.19814953,2011.06540000,586.03527052,0.1274002320,0.1250000000,4,0,87.00090037
2024-11-19T10:00:00-05:00,2907.47343618,1300.00000000,294.23001613,2613.24342005,4.19814953,2023.01000000,586.03527052,0.1267447139,0.1250000000,4,2,87.00090037
2024-11-19T10:15:00-05:00,2926.73169452,1300.00000000,294.64627447,2632.08542005,4.19814953,2041.85200000,586.03527052,0.1258797473,0.1250000000,4,2,87.00090037
2024-11-19T10:30:00-05:00,2941.23835828,1300.00000000,294.92493823,2646.31342005,4.19814953,2056.08000000,586.03527052,0.1252227206,0.1250000000,4,2,87.00090037
2024-11-19T10:45:00-05:00,2930.31734270,1300.00000000,295.06392265,2635.25342005,4.19814953,2045.02000000,586.03527052,0.1258653667,0.1250000000,4,1,87.00090037
2024-11-19T11:00:00-05:00,2952.97183491,1300.00000000,295.13341486,2657.83842005,4.19814953,2067.60500000,586.03527052,0.1246900400,0.1250000000,4,1,87.00090037
2024-11-19T11:15:00-05:00,2957.95581933,1300.00000000,295.27239928,2662.68342005,4.19814953,2072.45000000,586.03527052,0.1244866315,0.1250000000,4,1,87.00090037
2024-11-19T11:30:00-05:00,2955.38632712,1300.00000000,295.20290707,2660.18342005,4.19814953,2069.95000000,586.03527052,0.1245923040,0.1250000000,4,1,87.00090037
2024-11-19T11:45:00-05:00,2959.69107322,1300.00000000,295.23765317,2664.45342005,4.19814953,2074.22000000,586.03527052,0.1243809877,0.1250000000,4,1,87.00090037
2024-11-19T12:00:00-05:00,2985.22581933,1300.00000000,295.27239928,2689.95342005,4.19814953,2099.72000000,586.03527052,0.1230716749,0.1250000000,4,0,47.16080874
2024-11-19T12:15:00-05:00,2986.75731154,1300.00000000,295.34189149,2691.41542005,4.19814953,2101.18200000,586.03527052,0.1230221102,0.1250000000,4,0,47.16080874
2024-11-19T12:30:00-05:00,2983.45531154,1300.00000000,295.34189149,2688.11342005,4.19814953,2097.88000000,586.03527052,0.1231915503,0.1250000000,4,1,47.16080874
2024-11-19T12:45:00-05:00,2978.93031154,1300.00000000,295.34189149,2683.58842005,4.19814953,2093.35500000,586.03527052,0.1234245073,0.1250000000,4,0,47.16080874
2024-11-19T13:00:00-05:00,2977.86900646,1300.00000000,295.34258641,2682.52642005,4.19814953,2092.29300000,586.03527052,0.1234795638,0.1250000000,4,1,47.16080874
2024-11-19T13:15:00-05:00,2997.91706846,1300.00000000,295.48087590,2702.43619255,1211.33437791,875.92820000,615.17361464,0.1240086823,0.1250000000,3,0,47.16080874
2024-11-19T13:30:00-05:00,2997.67349817,1300.00000000,295.57260562,2702.10089255,1211.33437791,875.59290000,615.17361464,0.1240598615,0.1250000000,3,0,47.16080874
2024-11-19T13:45:00-05:00,3008.61945288,1300.00000000,295.61986032,2712.99959255,1211.33437791,886.49160000,615.17361464,0.1235122415,0.1250000000,3,0,47.16080874
2024-11-19T14:00:00-05:00,3009.18266574,1300.00000000,295.54967319,2713.63299255,1211.33437791,887.12500000,615.17361464,0.1234538662,0.1250000000,3,1,47.16080874
2024-11-19T14:15:00-05:00,2986.58705074,1300.00000000,295.54967319,2691.03737755,25.62576291,2050.23800000,615.17361464,0.1246301757,0.1250000000,4,1,99.26287662
2024-11-19T14:30:00-05:00,2994.92289878,1300.00000000,295.48018098,2699.44271780,0.19370316,2084.07540000,615.17361464,0.1241644164,0.1250000000,5,0,102.03300608
2024-11-19T14:45:00-05:00,2994.42628513,1300.00000000,295.61986032,2698.80642480,0.19370316,2083.43910700,615.17361464,0.1242490400,0.1250000000,5,0,102.03300608
2024-11-19T15:00:00-05:00,3017.95917813,1300.00000000,295.61986032,2722.33931780,0.19370316,2106.97200000,615.17361464,0.1230321444,0.1250000000,5,0,102.03300608
2024-11-19T15:15:00-05:00,3013.80177033,1300.00000000,295.68935253,2718.11241780,0.19370316,2102.74510000,615.17361464,0.1232743607,0.1250000000,5,0,102.03300608
2024-11-19T15:30:00-05:00,3003.74687033,1300.00000000,295.68935253,2708.05751780,0.19370316,2092.69020000,615.17361464,0.1237932945,0.1250000000,5,1,102.03300608
2024-11-19T15:45:00-05:00,3002.49247813,1300.00000000,295.61986032,2706.87261780,0.19370316,2091.50530000,615.17361464,0.1238292315,0.1250000000,5,1,102.03300608
2024-11-20T09:30:00-05:00,2945.07617311,1300.00000000,293.88255508,2651.19361802,118.69970993,1928.44790000,604.04600810,0.1255355695,0.1250000000,3,3,65.14839937
2024-11-20T09:45:00-05:00,2928.00635916,1300.00000000,293.46560182,2634.54075734,1227.12579750,812.36000000,595.05495984,0.1257915625,0.1250000000,3,0,43.91819462
2024-11-20T10:00:00-05:00,2927.25668186,1300.00000000,292.28423426,2634.97244760,1290.18702237,750.31000000,594.47542524,0.1252943170,0.1250000000,2,0,42.39878132
2024-11-20T10:15:00-05:00,2925.56045913,1300.00000000,292.04101152,2633.51944760,1290.18702237,748.85700000,594.47542524,0.1252811490,0.1250000000,2,0,42.39878132
2024-11-20T10:30:00-05:00,2928.08709617,1300.00000000,293.04864856,2635.03844760,1290.18702237,750.37600000,594.47542524,0.1255772981,0.1250000000,2,1,42.39878132
2024-11-20T10:45:00-05:00,2925.68003451,1300.00000000,293.74357066,2631.93646385,214.73603862,1822.72500000,594.47542524,0.1260050574,0.1250000000,3,0,59.71246015
2024-11-20T11:00:00-05:00,2931.61621398,1300.00000000,293.03475012,2638.58146385,214.73603862,1829.37000000,594.47542524,0.1253817278,0.1250000000,3,0,59.68302801
2024-11-20T11:15:00-05:00,2918.51142604,1300.00000000,292.88256218,2625.62886385,214.73603862,1816.41740000,594.47542524,0.1260232467,0.1250000000,3,0,59.68302801
2024-11-20T11:30:00-05:00,2921.94876406,1300.00000000,293.30160021,2628.64716385,214.73603862,1819.43570000,594.47542524,0.1260171686,0.1250000000,3,1,59.68302801
2024-11-20T11:45:00-05:00,2923.73909953,1300.00000000,294.44233568,2629.29676385,214.73603862,1820.08530000,594.47542524,0.1264100492,0.1250000000,3,0,59.68302801
2024-11-20T12:00:00-05:00,2924.32605010,1300.00000000,293.60458624,2630.72146385,214.73603862,1821.51000000,594.47542524,0.1260186310,0.1250000000,3,0,59.68302801
2024-11-20T12:15:00-05:00,2929.03185010,1300.00000000,293.60458624,2635.42726385,214.73603862,1826.21580000,594.47542524,0.1257646134,0.1250000000,3,0,59.68302801
2024-11-20T12:30:00-05:00,2922.67505010,1300.00000000,293.60458624,2629.07046385,214.73603862,1819.85900000,594.47542524,0.1261079948,0.1250000000,3,0,59.68302801
2024-11-20T12:45:00-05:00,2915.27962949,1300.00000000,293.18763298,2622.09199651,243.30018827,1783.83870000,594.95310824,0.1263561961,0.1250000000,2,1,59.68302801
2024-11-20T13:00:00-05:00,2905.93035083,1300.00000000,293.46560182,2612.46474901,18.40164077,1999.11000000,594.95310824,0.1269876641,0.1250000000,3,1,68.66177414
2024-11-20T13:15:00-05:00,2909.63068525,1300.00000000,293.60458624,2616.02609901,0.18799077,2020.88500000,594.95310824,0.1268447015,0.1250000000,4,0,69.16647093
2024-11-20T13:30:00-05:00,2896.78234304,1300.00000000,292.90271492,2603.87962811,707.95840609,1316.60500000,579.31622202,0.1263892112,0.1250000000,3,0,27.42410605
2024-11-20T13:45:00-05:00,2897.07162001,1300.00000000,292.94302040,2604.12859961,725.84572963,1299.15830000,579.12456998,0.1263803763,0.1250000000,2,0,26.91940926
2024-11-20T14:00:00-05:00,2892.02567933,1300.00000000,292.77067972,2599.25499961,725.84572963,1294.28470000,579.12456998,0.1265815813,0.1250000000,2,0,26.91940926
2024-11-20T14:15:00-05:00,2890.31496375,1300.00000000,292.90966414,2597.40529961,725.84572963,1292.43500000,579.12456998,0.1267354109,0.1250000000,2,0,26.91940926
2024-11-20T14:30:00-05:00,2891.81161355,1300.00000000,293.49131394,2598.32029961,725.84572963,1293.35000000,579.12456998,0.1269048982,0.1250000000,2,0,26.91940926
2024-11-20T14:45:00-05:00,2891.78088222,1300.00000000,293.23558261,2598.54529961,725.84572963,1293.57500000,579.12456998,0.1267960056,0.1250000000,2,0,26.91940926
2024-11-20T15:00:00-05:00,2894.66191701,1300.00000000,293.32661740,2601.33529961,725.84572963,1296.36500000,579.12456998,0.1266775584,0.1250000000,2,0,26.91940926
2024-11-20T15:15:00-05:00,2903.04113845,1300.00000000,293.85083884,2609.19029961,725.84572963,1304.22000000,579.12456998,0.1264463806,0.1250000000,2,2,26.91940926
2024-11-20T15:30:00-05:00,2905.61826232,1300.00000000,294.64696939,2610.97129293,12.50222296,2019.34450000,579.12456998,0.1266485142,0.1250000000,4,0,38.70261252
2024-11-20T15:45:00-05:00,2905.44330779,1300.00000000,295.13341486,2610.30989293,12.50222296,2018.68310000,579.12456998,0.1268671442,0.1250000000,4,2,38.70261252
2024-11-21T09:30:00-05:00,2914.28946638,1300.00000000,292.84017193,2621.44929444,219.55307828,1826.15370000,575.74251616,0.1252231314,0.1250000000,4,2,29.72386638
2024-11-21T09:45:00-05:00,2932.71778909,1300.00000000,292.77137465,2639.94641444,28.36979828,2035.83410000,575.74251616,0.1242148690,0.1250000000,5,0,15.71023220
2024-11-21T10:00:00-05:00,2931.13180493,1300.00000000,292.77067972,2638.36112521,1125.90091305,923.75000000,588.71021216,0.1249863307,0.1250000000,4,0,15.71023220
2024-11-21T10:15:00-05:00,2917.16940748,1300.00000000,290.96388227,2626.20552521,1125.90091305,911.59440000,588.71021216,0.1249598373,0.1250000000,4,0,15.22969033
2024-11-21T10:30:00-05:00,2921.52506255,1300.00000000,291.58931216,2629.93575039,1155.27644934,885.90000000,588.75930105,0.1249972530,0.1250000000,3,0,15.22969033
2024-11-21T10:45:00-05:00,2933.79287558,1300.00000000,293.25712519,2640.53575039,1155.27644934,896.50000000,588.75930105,0.1250545529,0.1250000000,3,1,11.30266138
2024-11-21T11:00:00-05:00,2945.33950942,1300.00000000,293.53509403,2651.80441539,10.23831434,2052.80680000,588.75930105,0.1245597722,0.1250000000,4,1,37.80106438
2024-11-21T11:15:00-05:00,2955.68742415,1300.00000000,293.91660626,2661.77081789,4.90431684,2068.10720000,588.75930105,0.1241763970,0.1250000000,5,0,38.03430448
2024-11-21T11:30:00-05:00,2951.60227561,1300.00000000,293.88255508,2657.71972053,17.02074571,2051.92360000,588.77537483,0.1243775221,0.1250000000,4,0,38.03430448
2024-11-21T11:45:00-05:00,2950.91547273,1300.00000000,293.41765220,2657.49782053,17.02074571,2051.70170000,588.77537483,0.1242168712,0.1250000000,4,1,38.03430448
2024-11-21T12:00:00-05:00,2955.58957927,1300.00000000,293.93814885,2661.65143042,196.04528704,1873.98000000,591.62614339,0.1243412417,0.1250000000,4,0,38.18051145
2024-11-21T12:15:00-05:00,2958.24500760,1300.00000000,294.57747718,2663.66753042,196.04528704,1875.99610000,591.62614339,0.1244718707,0.1250000000,4,2,38.18051145
2024-11-21T12:30:00-05:00,2961.66232115,1300.00000000,294.92493823,2666.73738292,0.36863954,2074.74260000,591.62614339,0.1244390027,0.1250000000,6,0,41.51413081
2024-11-21T12:45:00-05:00,2955.73798284,1300.00000000,294.82069991,2660.91728292,0.36863954,2068.92250000,591.62614339,0.1247067482,0.1250000000,6,0,15.01572781
2024-11-21T13:00:00-05:00,2953.44538220,1300.00000000,295.27239928,2658.17298292,0.36863954,2066.17820000,591.62614339,0.1250190507,0.1250000000,6,0,15.01572781
2024-11-21T13:15:00-05:00,2956.87289456,1300.00000000,295.23765317,2661.63524138,682.60678249,1391.60000000,587.42845890,0.1246020581,0.1250000000,4,0,3.71306642
2024-11-21T13:30:00-05:00,2957.31264066,1300.00000000,295.27239928,2662.04024138,682.60678249,1392.00500000,587.42845890,0.1245935989,0.1250000000,4,2,3.71306642
2024-11-21T13:45:00-05:00,2958.45362319,1300.00000000,295.34189149,2663.11173171,0.48267281,2075.20060000,587.42845890,0.1245629511,0.1250000000,6,0,32.05585273
2024-11-21T14:00:00-05:00,2953.51686994,1300.00000000,294.92493823,2658.59193171,0.48267281,2070.68080000,587.42845890,0.1246466264,0.1250000000,6,0,32.05585273
2024-11-21T14:15:00-05:00,2955.72825707,1300.00000000,294.99512536,2660.73313171,0.48267281,2072.82200000,587.42845890,0.1245598744,0.1250000000,6,0,32.05585273
2024-11-21T14:30:00-05:00,2954.17607709,1300.00000000,295.30714538,2658.86893171,0.48267281,2070.95780000,587.42845890,0.1247733992,0.1250000000,6,0,32.05585273
2024-11-21T14:45:00-05:00,2952.19195834,1300.00000000,295.29602663,2656.89593171,0.48267281,2068.98480000,587.42845890,0.1248733866,0.1250000000,6,0,32.05585273
2024-11-21T15:00:00-05:00,2955.22722994,1300.00000000,295.68309824,2659.54413171,0.48267281,2071.63300000,587.42845890,0.1248767851,0.1250000000,6,0,29.09010385
2024-11-21T15:15:00-05:00,2963.39420652,1300.00000000,295.71367481,2667.68053171,0.48267281,2079.76940000,587.42845890,0.1244604116,0.1250000000,6,0,29.09010385
2024-11-21T15:30:00-05:00,2947.81690006,1300.00000000,295.13341486,2652.68348521,1154.63843147,905.26180000,592.78325374,0.1253202541,0.1250000000,5,0,29.09010385
2024-11-21T15:45:00-05:00,2948.85980785,1300.00000000,295.06392265,2653.79588521,1154.63843147,906.37420000,592.78325374,0.1252352867,0.1250000000,5,0,29.09010385
2024-11-22T09:30:00-05:00,2971.45779447,1300.00000000,295.30784030,2676.14995417,1336.01485078,746.63000000,593.50510339,0.1241857508,0.1250000000,4,2,28.52433298
2024-11-22T09:45:00-05:00,2945.99218037,1300.00000000,295.34536610,2650.64681427,36.90045342,2020.33200000,593.41436086,0.1255411675,0.1250000000,3,1,54.78012155
2024-11-22T10:00:00-05:00,2949.38747038,1300.00000000,294.92493823,2654.46253215,3.56597129,2057.48220000,593.41436086,0.1251817930,0.1250000000,4,1,55.62742225
2024-11-22T10:15:00-05:00,2958.18484049,1300.00000000,294.29950834,2663.88533215,3.56597129,2066.90500000,593.41436086,0.1244516163,0.1250000000,4,0,55.62742225
2024-11-22T10:30:00-05:00,2973.92273143,1300.00000000,295.27239928,2678.65033215,3.56597129,2081.67000000,593.41436086,0.1240375388,0.1250000000,4,1,27.48253634
2024-11-22T10:45:00-05:00,2986.21273143,1300.00000000,295.27239928,2690.94033215,3.56597129,2093.96000000,593.41436086,0.1234004515,0.1250000000,4,2,27.48253634
2024-11-22T11:00:00-05:00,2980.64976259,1300.00000000,294.99443044,2685.65533215,3.56597129,2088.67500000,593.41436086,0.1235715716,0.1250000000,4,2,27.48253634
2024-11-22T11:15:00-05:00,2987.20262891,1300.00000000,294.74842801,2692.45420090,0.98904004,2098.05080000,593.41436086,0.1231305341,0.1250000000,5,1,27.59923159
2024-11-22T11:30:00-05:00,2983.64229452,1300.00000000,294.69839362,2688.94390090,0.98904004,2094.54050000,593.41436086,0.1232930088,0.1250000000,5,1,27.59923159
2024-11-22T11:45:00-05:00,2986.07579816,1300.00000000,295.06739726,2691.00840090,0.98904004,2096.60500000,593.41436086,0.1233218343,0.1250000000,5,1,17.10337167
2024-11-22T12:00:00-05:00,2989.62478459,1300.00000000,295.41138369,2694.21340090,0.98904004,2099.81000000,593.41436086,0.1232827388,0.1250000000,5,1,17.10337167
2024-11-22T12:15:00-05:00,2981.68547680,1300.00000000,295.48087590,2686.20460090,0.98904004,2091.80120000,593.41436086,0.1237216637,0.1250000000,5,0,17.10337167
2024-11-22T12:30:00-05:00,2977.50519238,1300.00000000,295.34189149,2682.16330090,0.98904004,2087.75990000,593.41436086,0.1238803017,0.1250000000,5,1,17.10337167
2024-11-22T12:45:00-05:00,2981.30224564,1300.00000000,295.75884474,2685.54340090,0.98904004,2091.14000000,593.41436086,0.1238579276,0.1250000000,5,1,17.10337167
2024-11-22T13:00:00-05:00,2978.60347388,1300.00000000,295.79359085,2682.80988304,694.03593861,1387.49430000,601.27964443,0.1244229277,0.1250000000,4,2,17.10337167
2024-11-22T13:15:00-05:00,2984.92915872,1300.00000000,295.68935253,2689.23980619,0.48036176,2087.47980000,601.27964443,0.1240490058,0.1250000000,6,0,29.47862098
2024-11-22T13:30:00-05:00,2988.62778209,1300.00000000,295.48087590,2693.14690619,0.48036176,2091.38690000,601.27964443,0.1237694961,0.1250000000,6,0,29.47862098
2024-11-22T13:45:00-05:00,2987.61215872,1300.00000000,295.68935253,2691.92280619,0.48036176,2090.16280000,601.27964443,0.1239095351,0.1250000000,6,0,29.47862098
2024-11-22T14:00:00-05:00,2990.42272737,1300.00000000,295.33285750,2695.08986988,213.49458485,1872.61000000,608.98528503,0.1240145352,0.1250000000,5,0,29.47862098
2024-11-22T14:15:00-05:00,2994.76972818,1300.00000000,295.41485831,2699.35486988,213.49458485,1876.87500000,608.98528503,0.1238229460,0.1250000000,5,0,28.63132029
2024-11-22T14:30:00-05:00,2994.92029148,1300.00000000,295.47462161,2699.44566988,213.49458485,1876.96580000,608.98528503,0.1238401804,0.1250000000,5,0,28.63132029
2024-11-22T14:45:00-05:00,2994.61258572,1300.00000000,295.61013141,2699.00245431,247.05467142,1842.83000000,609.11778288,0.1239198388,0.1250000000,4,0,28.63132029
2024-11-22T15:00:00-05:00,2995.93086916,1300.00000000,295.13341486,2700.79745431,247.05467142,1844.62500000,609.11778288,0.1236516661,0.1250000000,4,0,28.51462504
2024-11-22T15:15:00-05:00,2996.20934579,1300.00000000,295.34189149,2700.86745431,247.05467142,1844.69500000,609.11778288,0.1237245760,0.1250000000,4,2,28.51462504
2024-11-22T15:30:00-05:00,2995.61031578,1300.00000000,295.26614498,2700.34417081,0.49188792,2090.73450000,609.11778288,0.1237238922,0.1250000000,6,0,35.11597183
2024-11-22T15:45:00-05:00,2995.80579235,1300.00000000,295.48087590,2700.32491645,13.47126230,2077.97000000,608.88365415,0.1237915855,0.1250000000,5,1,34.49275759
2024-11-25T09:30:00-05:00,3009.97500656,1300.00000000,298.39954871,2711.57545784,1857.30848832,238.41000000,615.85696952,0.1246386118,0.1250000000,1,5,0.00000000
2024-11-25T09:45:00-05:00,2948.72960315,1300.00000000,297.45514958,2651.27445357,2055.79551590,0.00000000,595.47893766,0.1264018126,0.1250000000,0,0,0.00000000
2024-11-25T10:00:00-05:00,2947.72822041,1300.00000000,296.45376684,2651.27445357,2055.79551590,0.00000000,595.47893766,0.1260299106,0.1250000000,0,0,0.00000000
2024-11-25T10:15:00-05:00,2948.37658272,1300.00000000,297.10212916,2651.27445357,2055.79551590,0.00000000,595.47893766,0.1262707410,0.1250000000,0,2,0.00000000
2024-11-25T10:30:00-05:00,2942.48469088,1300.00000000,296.94021231,2645.54447857,0.95554090,2049.11000000,595.47893766,0.1265187407,0.1250000000,2,3,59.57197851
2024-11-25T10:45:00-05:00,2932.76822440,1300.00000000,296.73034584,2636.03787857,0.95554090,2039.60340000,595.47893766,0.1269549078,0.1250000000,2,1,59.57197851
2024-11-25T11:00:00-05:00,2944.00994477,1300.00000000,296.90546620,2647.10447857,0.95554090,2050.67000000,595.47893766,0.1264217783,0.1250000000,2,1,59.57197851
2024-11-25T11:15:00-05:00,2935.36867530,1300.00000000,297.07919673,2638.28947857,0.95554090,2041.85500000,595.47893766,0.1269629043,0.1250000000,2,0,59.57197851
2024-11-25T11:30:00-05:00,2933.84697593,1300.00000000,296.62749737,2637.21947857,0.95554090,2040.78500000,595.47893766,0.1268523571,0.1250000000,2,0,59.57197851
2024-11-25T11:45:00-05:00,2936.91291425,1300.00000000,296.73173568,2640.18117857,0.95554090,2043.74670000,595.47893766,0.1267307721,0.1250000000,2,0,59.57197851
2024-11-25T12:00:00-05:00,2914.61856099,1300.00000000,296.31478242,2618.30377857,0.95554090,2021.86930000,595.47893766,0.1277692725,0.1250000000,2,0,59.57197851
2024-11-25T12:15:00-05:00,2912.20604939,1300.00000000,295.48157083,2616.72447857,0.95554090,2020.29000000,595.47893766,0.1275426740,0.1250000000,2,0,59.57197851
2024-11-25T12:30:00-05:00,2919.91738563,1300.00000000,295.20290707,2624.71447857,0.95554090,2028.28000000,595.47893766,0.1269996662,0.1250000000,2,0,59.57197851
2024-11-25T12:45:00-05:00,2931.60839994,1300.00000000,295.96732137,2635.64107857,0.95554090,2039.20660000,595.47893766,0.1266913183,0.1250000000,2,0,59.57197851
2024-11-25T13:00:00-05:00,2937.63290553,1300.00000000,296.36342697,2641.26947857,0.95554090,2044.83500000,595.47893766,0.1265345622,0.1250000000,2,0,59.57197851
2024-11-25T13:15:00-05:00,2939.87866878,1300.00000000,296.24529021,2643.63337857,0.95554090,2047.19890000,595.47893766,0.1263629603,0.1250000000,2,0,59.57197851
2024-11-25T13:30:00-05:00,2935.13027657,1300.00000000,296.17579800,2638.95447857,0.95554090,2042.52000000,595.47893766,0.1265897158,0.1250000000,2,1,59.57197851
2024-11-25T13:45:00-05:00,2934.59059723,1300.00000000,296.03611866,2638.55447857,0.95554090,2042.12000000,595.47893766,0.1265592078,0.1250000000,2,2,59.57197851
2024-11-25T14:00:00-05:00,2945.49290582,1300.00000000,296.04862726,2649.44427857,0.95554090,2053.00980000,595.47893766,0.1259773905,0.1250000000,2,1,59.57197851
2024-11-25T14:15:00-05:00,2948.18379994,1300.00000000,295.96732137,2652.21647857,0.95554090,2055.78200000,595.47893766,0.1257987460,0.1250000000,2,1,59.57197851
2024-11-25T14:30:00-05:00,2946.60840929,1300.00000000,295.88393072,2650.72447857,0.95554090,2054.29000000,595.47893766,0.1258475700,0.1250000000,2,1,59.57197851
2024-11-25T14:45:00-05:00,2944.06309330,1300.00000000,295.98191474,2648.08117857,0.95554090,2051.64670000,595.47893766,0.1260256798,0.1250000000,2,2,59.57197851
2024-11-25T15:00:00-05:00,2934.83418423,1300.00000000,295.89782916,2638.93635507,0.25701740,2043.20040000,595.47893766,0.1264869154,0.1250000000,3,1,59.59859926
2024-11-25T15:15:00-05:00,2932.01952451,1300.00000000,296.02916944,2635.99035507,0.25701740,2040.25440000,595.47893766,0.1266954964,0.1250000000,3,0,59.59859926
2024-11-25T15:30:00-05:00,2947.88550893,1300.00000000,296.16815386,2651.71735507,0.25701740,2055.98140000,595.47893766,0.1259000708,0.1250000000,3,1,59.59859926
2024-11-25T15:45:00-05:00,2933.67213631,1300.00000000,296.31478242,2637.35735389,0.93845236,2040.95000000,595.46890153,0.1267275564,0.1250000000,2,3,59.57197851
2024-11-26T09:30:00-05:00,2899.42919396,1300.00000000,297.78523758,2601.64395638,1099.02052893,919.81500000,582.80842745,0.1285429371,0.1250000000,1,2,26.16915821
2024-11-26T09:45:00-05:00,2884.81370694,1300.00000000,297.81928876,2586.99441818,2.68129073,2001.50470000,582.80842745,0.1293738513,0.1250000000,3,1,60.02905602
2024-11-26T10:00:00-05:00,2897.16267532,1300.00000000,297.87835714,2599.28431818,2.68129073,2013.79460000,582.80842745,0.1287090589,0.1250000000,3,0,60.02905602
2024-11-26T10:15:00-05:00,2886.42583926,1300.00000000,297.70462662,2588.72121264,98.85396900,1908.45000000,581.41724365,0.1291555386,0.1250000000,2,0,56.34023926
2024-11-26T10:30:00-05:00,2890.52880810,1300.00000000,297.98259546,2592.54621264,98.85396900,1912.27500000,581.41724365,0.1290464264,0.1250000000,2,1,56.34023926
2024-11-26T10:45:00-05:00,2882.81590574,1300.00000000,297.76855945,2585.04734629,918.51904749,1095.04590000,571.48239881,0.1288297680,0.1250000000,2,0,34.82122459
2024-11-26T11:00:00-05:00,2889.03667291,1300.00000000,297.70462662,2591.33204629,918.51904749,1101.33060000,571.48239881,0.1284563775,0.1250000000,2,0,30.17108105
2024-11-26T11:15:00-05:00,2885.01536512,1300.00000000,297.77411883,2587.24124629,918.51904749,1097.23980000,571.48239881,0.1287096934,0.1250000000,2,0,30.17108105
2024-11-26T11:30:00-05:00,2890.34456512,1300.00000000,297.77411883,2592.57044629,918.51904749,1102.56900000,571.48239881,0.1284138933,0.1250000000,2,0,30.17108105
2024-11-26T11:45:00-05:00,2891.48213465,1300.00000000,297.77828836,2593.70384629,918.51904749,1103.70240000,571.48239881,0.1283527251,0.1250000000,2,0,30.17108105
2024-11-26T12:00:00-05:00,2883.69798070,1300.00000000,297.63513441,2586.06284629,918.51904749,1096.06140000,571.48239881,0.1287229170,0.1250000000,2,0,30.17108105
2024-11-26T12:15:00-05:00,2885.51407291,1300.00000000,297.70462662,2587.80944629,918.51904749,1097.80800000,571.48239881,0.1286519238,0.1250000000,2,0,30.17108105
2024-11-26T12:30:00-05:00,2886.69684175,1300.00000000,297.98259546,2588.71424629,918.51904749,1098.71280000,571.48239881,0.1287062615,0.1250000000,2,0,30.17108105
2024-11-26T12:45:00-05:00,2878.99350659,1300.00000000,298.30573423,2580.68777236,1019.38553637,988.50030000,572.80193599,0.1293499369,0.1250000000,1,0,30.17108105
2024-11-26T13:00:00-05:00,2872.46978155,1300.00000000,298.17230919,2574.29747236,1019.38553637,982.11000000,572.80193599,0.1296588591,0.1250000000,1,0,30.17108105
2024-11-26T13:15:00-05:00,2879.01025495,1300.00000000,298.05278259,2580.95747236,1019.38553637,988.77000000,572.80193599,0.1292393147,0.1250000000,1,2,30.17108105
2024-11-26T13:30:00-05:00,2875.25652038,1300.00000000,298.23068264,2577.02583773,2.44390174,2001.78000000,572.80193599,0.1295272813,0.1250000000,3,0,70.64011972
2024-11-26T13:45:00-05:00,2868.06741761,1300.00000000,298.12157988,2569.94583773,2.44390174,1994.70000000,572.80193599,0.1298854456,0.1250000000,3,0,70.64011972
2024-11-26T14:00:00-05:00,2854.01301138,1300.00000000,298.17717364,2555.83583773,2.44390174,1980.59000000,572.80193599,0.1307100324,0.1250000000,3,0,70.64011972
2024-11-26T14:15:00-05:00,2841.97366818,1300.00000000,297.42665778,2544.54701040,26.72610638,1945.33370000,572.48720402,0.1310546075,0.1250000000,2,0,69.80748186
2024-11-26T14:30:00-05:00,2833.58672923,1300.00000000,297.77411883,2535.81261040,26.72610638,1936.59930000,572.48720402,0.1316943883,0.1250000000,2,0,69.80748186
2024-11-26T14:45:00-05:00,2828.54918249,1300.00000000,297.91310325,2530.63607924,993.42865870,979.65000000,557.55742054,0.1311819392,0.1250000000,1,0,30.17108105
2024-11-26T15:00:00-05:00,2830.07779264,1300.00000000,297.91171340,2532.16607924,993.42865870,981.18000000,557.55742054,0.1310930881,0.1250000000,1,0,30.17108105
2024-11-26T15:15:00-05:00,2836.95936962,1300.00000000,297.98329038,2538.97607924,993.42865870,987.99000000,557.55742054,0.1307287161,0.1250000000,1,0,30.17108105
2024-11-26T15:30:00-05:00,2837.48765912,1300.00000000,298.12157988,2539.36607924,993.42865870,988.38000000,557.55742054,0.1307590797,0.1250000000,1,1,30.17108105
2024-11-26T15:45:00-05:00,2832.09025459,1300.00000000,298.60802534,2533.48222924,0.88480870,1975.04000000,557.55742054,0.1312832336,0.1250000000,2,1,50.77441152
2024-11-27T09:30:00-05:00,2820.13455261,1300.00000000,295.82833695,2524.30621566,979.21761152,998.96300000,546.12560414,0.1300911050,0.1250000000,1,5,20.60333047
2024-11-27T09:45:00-05:00,2817.36402970,1300.00000000,295.37663759,2521.98739211,0.05238797,1975.80940000,546.12560414,0.1300509160,0.1250000000,3,3,50.30825526
2024-11-27T10:00:00-05:00,2792.57843813,1300.00000000,294.85544602,2497.72299211,0.05238797,1951.54500000,546.12560414,0.1312537889,0.1250000000,3,0,50.30825526
2024-11-27T10:15:00-05:00,2796.39511794,1300.00000000,294.43432323,2501.96079471,1.63743316,1954.21900000,546.10436155,0.1308427910,0.1250000000,2,1,50.25201660
2024-11-27T10:30:00-05:00,2806.96098240,1300.00000000,294.43918768,2512.52179471,1.63743316,1964.78000000,546.10436155,0.1302334633,0.1250000000,2,0,50.25201660
2024-11-27T10:45:00-05:00,2810.40526624,1300.00000000,294.00347153,2516.40179471,1.63743316,1968.66000000,546.10436155,0.1298429334,0.1250000000,2,0,50.25201660
2024-11-27T11:00:00-05:00,2820.43988875,1300.00000000,293.53509403,2526.90479471,1.63743316,1979.16300000,546.10436155,0.1290641115,0.1250000000,2,2,50.25201660
2024-11-27T11:15:00-05:00,2793.14703067,1300.00000000,293.68867181,2499.45835886,980.74194307,980.50500000,538.21141578,0.1302425976,0.1250000000,1,1,29.64868613
2024-11-27T11:30:00-05:00,2828.36947731,1300.00000000,293.67407845,2534.69539886,2.72898307,1993.75500000,538.21141578,0.1282331047,0.1250000000,2,0,82.16238374
2024-11-27T11:45:00-05:00,2813.19929018,1300.00000000,293.60389132,2519.59539886,2.72898307,1978.65500000,538.21141578,0.1290573434,0.1250000000,2,1,82.16238374
2024-11-27T12:00:00-05:00,2820.03120224,1300.00000000,293.45170338,2526.57949886,2.72898307,1985.63910000,538.21141578,0.1286042417,0.1250000000,2,0,82.16238374
2024-11-27T12:15:00-05:00,2811.06628510,1300.00000000,293.60458624,2517.46169886,2.72898307,1976.52130000,538.21141578,0.1291787655,0.1250000000,2,0,82.16238374
2024-11-27T12:30:00-05:00,2817.10689289,1300.00000000,293.53509403,2523.57179886,2.72898307,1982.63140000,538.21141578,0.1288058610,0.1250000000,2,0,82.16238374
2024-11-27T12:45:00-05:00,2792.48346173,1300.00000000,293.81306287,2498.67039886,2.72898307,1957.73000000,538.21141578,0.1303361160,0.1250000000,2,0,82.16238374
2024-11-27T13:00:00-05:00,2792.77541499,1300.00000000,294.23001613,2498.54539886,2.72898307,1957.60500000,538.21141578,0.1305041756,0.1250000000,2,1,82.16238374
2024-11-27T13:15:00-05:00,2780.80092278,1300.00000000,294.16052392,2486.64039886,2.72898307,1945.70000000,538.21141578,0.1311700260,0.1250000000,2,1,82.16238374
2024-11-27T13:30:00-05:00,2756.12787604,1300.00000000,294.57747718,2461.55039886,2.72898307,1920.61000000,538.21141578,0.1328172104,0.1250000000,2,1,82.16238374
2024-11-27T13:45:00-05:00,2748.70025267,1300.00000000,294.78595381,2453.91429886,2.72898307,1912.97390000,538.21141578,0.1333578116,0.1250000000,2,0,82.16238374
2024-11-27T14:00:00-05:00,2732.53149061,1300.00000000,294.78595381,2437.74553681,947.22101518,972.00000000,518.52452162,0.1331459015,0.1250000000,1,0,29.64868613
2024-11-27T14:15:00-05:00,2729.96250619,1300.00000000,294.64696939,2435.31553681,947.22101518,969.57000000,518.52452162,0.1332377265,0.1250000000,1,1,29.64868613
2024-11-27T14:30:00-05:00,2723.48420061,1300.00000000,294.78595381,2428.69824681,0.39142518,1909.78230000,518.52452162,0.1336922197,0.1250000000,2,2,62.36053659
2024-11-27T14:45:00-05:00,2735.22600061,1300.00000000,294.78595381,2440.44004681,0.39142518,1921.52410000,518.52452162,0.1329840561,0.1250000000,2,2,62.36053659
2024-11-27T15:00:00-05:00,2738.01083345,1300.00000000,294.84988664,2443.16094681,0.39142518,1924.24500000,518.52452162,0.1328460036,0.1250000000,2,2,62.36053659
2024-11-27T15:15:00-05:00,2755.04291619,1300.00000000,294.64696939,2460.39594681,0.39142518,1941.48000000,518.52452162,0.1317435931,0.1250000000,2,2,62.36053659
2024-11-27T15:30:00-05:00,2750.97886097,1300.00000000,294.20291417,2456.77594681,0.39142518,1937.86000000,518.52452162,0.1317845158,0.1250000000,2,3,62.36053659
2024-11-27T15:45:00-05:00,2751.70215451,1300.00000000,294.75120770,2456.95094681,0.39142518,1938.03500000,518.52452162,0.1319873544,0.1250000000,2,3,62.36053659
2024-11-29T09:30:00-05:00,2755.91003533,1300.00000000,295.75884474,2460.15119058,1.92816896,1939.69850000,518.52452162,0.1321894877,0.1250000000,2,4,29.64868613
2024-11-29T09:45:00-05:00,2780.42001196,1300.00000000,295.96732137,2484.45269058,1.92816896,1964.00000000,518.52452162,0.1308492469,0.1250000000,2,2,29.64868613
2024-11-29T10:00:00-05:00,2806.12809733,1300.00000000,296.10630579,2510.02179154,989.49640086,978.07500000,542.45039068,0.1308076255,0.1250000000,1,2,29.64868613
2024-11-29T10:15:00-05:00,2795.45030512,1300.00000000,296.03681358,2499.41349154,2.35660086,1954.60650000,542.45039068,0.1313967265,0.1250000000,2,1,60.12680692
2024-11-29T10:30:00-05:00,2802.96187431,1300.00000000,296.17788277,2506.78399154,2.35660086,1961.97700000,542.45039068,0.1310225075,0.1250000000,2,4,60.12680692
2024-11-29T10:45:00-05:00,2792.46109829,1300.00000000,296.17579800,2496.28530029,0.09990961,1953.73500000,542.45039068,0.1316330616,0.1250000000,3,3,60.21962488
2024-11-29T11:00:00-05:00,2804.07139050,1300.00000000,296.24529021,2507.82610029,0.09990961,1965.27580000,542.45039068,0.1309880348,0.1250000000,3,3,60.21962488
2024-11-29T11:15:00-05:00,2806.99008271,1300.00000000,296.31478242,2510.67530029,0.09990961,1968.12500000,542.45039068,0.1308498957,0.1250000000,3,1,60.21962488
2024-11-29T11:30:00-05:00,2795.68808271,1300.00000000,296.31478242,2499.37330029,0.09990961,1956.82300000,542.45039068,0.1315062248,0.1250000000,3,1,60.21962488
2024-11-29T11:45:00-05:00,2786.71520106,1300.00000000,296.28490077,2490.43030029,0.09990961,1947.88000000,542.45039068,0.1320186902,0.1250000000,3,0,60.21962488
2024-11-29T12:00:00-05:00,2778.21393753,1300.00000000,296.28003632,2481.93390122,958.51736536,992.19920000,531.21733586,0.1318560233,0.1250000000,2,0,30.57093875
2024-11-29T12:15:00-05:00,2778.69507741,1300.00000000,296.37037619,2482.32470122,958.51736536,992.59000000,531.21733586,0.1318679917,0.1250000000,2,0,30.57093875
2024-11-29T12:30:00-05:00,2774.69322974,1300.00000000,296.34952853,2478.34370122,958.51736536,988.60900000,531.21733586,0.1320939215,0.1250000000,2,0,30.57093875
2024-11-29T12:45:00-05:00,2766.74397585,1300.00000000,296.38427463,2470.35970122,958.51736536,980.62500000,531.21733586,0.1325791737,0.1250000000,2,2,30.57093875
2024-11-29T13:00:00-05:00,2773.92249585,1300.00000000,296.38427463,2477.53822122,17.97248536,1928.34840000,531.21733586,0.1321548101,0.1250000000,3,1,57.51657246
2024-12-02T09:30:00-05:00,2799.27510943,1300.00000000,298.12088495,2501.15422448,1959.48555401,2.32990000,539.33877047,0.1319156119,0.1250000000,1,5,0.00000000
2024-12-02T09:45:00-05:00,2808.68358190,1300.00000000,298.11949511,2510.56408680,3.57139301,1967.65000000,539.34269378,0.1313683179,0.1250000000,3,2,58.43831665
2024-12-02T10:00:00-05:00,2806.40173435,1300.00000000,298.32519205,2508.07654230,0.84334851,1967.89050000,539.34269378,0.1315912761,0.1250000000,4,2,58.70933487
2024-12-02T10:15:00-05:00,2806.40734762,1300.00000000,298.29600532,2508.11134230,0.84334851,1967.92530000,539.34269378,0.1315780760,0.1250000000,4,2,58.70933487
2024-12-02T10:30:00-05:00,2788.34177846,1300.00000000,298.31129361,2490.03048485,768.82128077,1189.72910000,531.48010408,0.1321796976,0.1250000000,3,3,38.02960682
2024-12-02T10:45:00-05:00,2802.71425665,1300.00000000,298.26056430,2504.45369235,5.45918827,1967.51440000,531.48010408,0.1313209226,0.1250000000,4,2,60.39938244
2024-12-02T11:00:00-05:00,2820.61535836,1300.00000000,298.46834600,2522.14701235,2.41690827,1988.25000000,531.48010408,0.1303847579,0.1250000000,5,1,60.59053186
2024-12-02T11:15:00-05:00,2828.02360717,1300.00000000,298.43429482,2529.58931235,2.41690827,1995.69230000,531.48010408,0.1299493323,0.1250000000,5,0,60.59053186
2024-12-02T11:30:00-05:00,2852.14834820,1300.00000000,298.46973585,2553.67861235,2.41690827,2019.78160000,531.48010408,0.1286137028,0.1250000000,5,0,4.31207853
2024-12-02T11:45:00-05:00,2837.58594549,1300.00000000,298.53853313,2539.04741235,2.41690827,2005.15040000,531.48010408,0.1294556944,0.1250000000,5,1,4.31207853
2024-12-02T12:00:00-05:00,2834.61461289,1300.00000000,298.60107612,2536.01353676,769.69094288,1232.54500000,533.77759389,0.1297793254,0.1250000000,4,1,4.31207853
2024-12-02T12:15:00-05:00,2839.14088769,1300.00000000,298.46904092,2540.67184676,0.19425288,2006.70000000,533.77759389,0.1294672478,0.1250000000,5,0,71.10757884
2024-12-02T12:30:00-05:00,2868.95697482,1300.00000000,298.53922806,2570.41774676,0.19425288,2036.44590000,533.77759389,0.1278442378,0.1250000000,5,0,71.10757884
2024-12-02T12:45:00-05:00,2829.37148146,1300.00000000,298.52463469,2530.84684676,0.19425288,1996.87500000,533.77759389,0.1300424419,0.1250000000,5,0,4.31207853
2024-12-02T13:00:00-05:00,2826.93993722,1300.00000000,298.51073625,2528.42920096,764.22674132,1233.63400000,530.56845964,0.1299923550,0.1250000000,4,0,4.31207853
2024-12-02T13:15:00-05:00,2822.56633410,1300.00000000,298.53853313,2524.02780096,764.22674132,1229.23260000,530.56845964,0.1302525349,0.1250000000,4,0,4.31207853
2024-12-02T13:30:00-05:00,2822.38264541,1300.00000000,298.48224444,2523.90040096,764.22674132,1229.10520000,530.56845964,0.1302384139,0.1250000000,4,0,4.31207853
2024-12-02T13:45:00-05:00,2813.11038020,1300.00000000,298.57327924,2514.53710096,764.22674132,1219.74190000,530.56845964,0.1308073585,0.1250000000,4,0,4.31207853
2024-12-02T14:00:00-05:00,2805.80377994,1300.00000000,298.46904092,2507.33473902,1893.05008977,71.91000000,542.37464925,0.1318658653,0.1250000000,3,0,4.31207853
2024-12-02T14:15:00-05:00,2805.60977371,1300.00000000,298.52463469,2507.08513902,1893.05008977,71.66040000,542.37464925,0.1319017328,0.1250000000,3,0,4.31207853
2024-12-02T14:30:00-05:00,2805.88327215,1300.00000000,298.53853313,2507.34473902,1893.05008977,71.92000000,542.37464925,0.1318919354,0.1250000000,3,0,4.31207853
2024-12-02T14:45:00-05:00,2806.41827215,1300.00000000,298.53853313,2507.87973902,1893.05008977,72.45500000,542.37464925,0.1318607690,0.1250000000,3,0,4.31207853
2024-12-02T15:00:00-05:00,2806.50015184,1300.00000000,298.54131282,2507.95883902,1893.05008977,72.53410000,542.37464925,0.1318572281,0.1250000000,3,1,4.31207853
2024-12-02T15:15:00-05:00,2804.20305802,1300.00000000,298.57327924,2505.62977878,781.24608810,1182.11000000,542.27369068,0.1319993823,0.1250000000,3,3,33.05304578
2024-12-02T15:30:00-05:00,2805.91572213,1300.00000000,298.60733042,2507.30839171,1.74580102,1963.28890000,542.27369068,0.1319145546,0.1250000000,5,1,47.36611165
2024-12-02T15:45:00-05:00,2807.87904042,1300.00000000,298.39954871,2509.47949171,1.74580102,1965.46000000,542.27369068,0.1317085294,0.1250000000,5,1,47.36611165
2024-12-03T09:30:00-05:00,2829.79990238,1300.00000000,298.12157988,2531.67832250,771.86730564,1223.04550000,536.76551686,0.1300118227,0.1250000000,3,1,4.04106032
2024-12-03T09:45:00-05:00,2861.55506948,1300.00000000,298.47390538,2563.08116410,1191.70111459,813.47100000,557.90904951,0.1295658720,0.1250000000,3,1,34.14439582
2024-12-03T10:00:00-05:00,2854.83786503,1300.00000000,298.46904092,2556.36882410,57.33097459,1941.12880000,557.90904951,0.1299426604,0.1250000000,4,0,67.01904938
2024-12-03T10:15:00-05:00,2863.45821177,1300.00000000,298.05208767,2565.40612410,57.33097459,1950.16610000,557.90904951,0.1292759628,0.1250000000,4,0,67.01904938
2024-12-03T10:30:00-05:00,2868.93778840,1300.00000000,298.26056430,2570.67722410,57.33097459,1955.43720000,557.90904951,0.1290596518,0.1250000000,4,0,67.01904938
2024-12-03T10:45:00-05:00,2855.31527553,1300.00000000,298.33075143,2556.98452410,57.33097459,1941.74450000,557.90904951,0.1298554640,0.1250000000,4,0,67.01904938
2024-12-03T11:00:00-05:00,2851.29739590,1300.00000000,298.50587180,2552.79152410,57.33097459,1937.55150000,557.90904951,0.1301593218,0.1250000000,4,2,67.01904938
2024-12-03T11:15:00-05:00,2858.09293586,1300.00000000,298.62887301,2559.46406285,2.67501334,1998.88000000,557.90904951,0.1298282606,0.1250000000,5,1,69.00399538
2024-12-03T11:30:00-05:00,2841.73911936,1300.00000000,298.33005650,2543.40906285,2.67501334,1982.82500000,557.90904951,0.1306270814,0.1250000000,5,1,69.00399538
2024-12-03T11:45:00-05:00,2845.94161017,1300.00000000,298.43429482,2547.50731535,0.34326584,1989.25500000,557.90904951,0.1304327132,0.1250000000,6,0,69.27393752
2024-12-03T12:00:00-05:00,2839.72656407,1300.00000000,298.39954871,2541.32701535,0.34326584,1983.07470000,557.90904951,0.1307727488,0.1250000000,6,0,69.00399538
2024-12-03T12:15:00-05:00,2837.77134213,1300.00000000,298.39954871,2539.37179341,3.01378359,1978.25000000,558.10800982,0.1308963234,0.1250000000,5,0,69.00399538
2024-12-03T12:30:00-05:00,2838.66583434,1300.00000000,298.46904092,2540.19679341,3.01378359,1979.07500000,558.10800982,0.1308754541,0.1250000000,5,0,69.00399538
2024-12-03T12:45:00-05:00,2838.98981876,1300.00000000,298.60802534,2540.38179341,3.01378359,1979.26000000,558.10800982,0.1309177986,0.1250000000,5,0,69.00399538
2024-12-03T13:00:00-05:00,2838.39431097,1300.00000000,298.67751755,2539.71679341,3.01378359,1978.59500000,558.10800982,0.1309824637,0.1250000000,5,0,69.00399538
2024-12-03T13:15:00-05:00,2837.64066486,1300.00000000,298.64277145,2538.99789341,3.01378359,1977.87610000,558.10800982,0.1310105257,0.1250000000,5,0,69.00399538
2024-12-03T13:30:00-05:00,2827.40931508,1300.00000000,298.67751755,2528.73179752,6.10068278,1964.49690000,558.13421474,0.1316180297,0.1250000000,4,1,69.00399538
2024-12-03T13:45:00-05:00,2825.36390607,1300.00000000,298.62400855,2526.73989752,6.10068278,1962.50500000,558.13421474,0.1317131695,0.1250000000,4,0,69.00399538
2024-12-03T14:00:00-05:00,2827.81621236,1300.00000000,298.74631484,2529.06989752,6.10068278,1964.83500000,558.13421474,0.1316247453,0.1250000000,4,0,69.00399538
2024-12-03T14:15:00-05:00,2819.37159950,1300.00000000,298.81650197,2520.55509752,6.10068278,1956.32020000,558.13421474,0.1321473384,0.1250000000,4,0,69.00399538
2024-12-03T14:30:00-05:00,2818.26502465,1300.00000000,298.87209574,2519.39292891,717.33211600,1255.25920000,546.80161290,0.1315768919,0.1250000000,3,0,38.90065988
2024-12-03T14:45:00-05:00,2816.43161530,1300.00000000,298.95548639,2517.47612891,717.33211600,1253.34240000,546.80161290,0.1317199218,0.1250000000,3,2,38.90065988
2024-12-03T15:00:00-05:00,2821.60490559,1300.00000000,298.88599418,2522.71891141,3.70729850,1972.21000000,546.80161290,0.1313898196,0.1250000000,4,0,59.93783582
2024-12-03T15:15:00-05:00,2821.67495718,1300.00000000,298.96104577,2522.71391141,3.70729850,1972.20500000,546.80161290,0.1314187651,0.1250000000,4,1,59.93783582
2024-12-03T15:30:00-05:00,2822.09465169,1300.00000000,298.92074029,2523.17391141,3.70729850,1972.66500000,546.80161290,0.1313768096,0.1250000000,4,0,59.93783582
2024-12-03T15:45:00-05:00,2816.72389001,1300.00000000,299.02497860,2517.69891141,3.70729850,1967.19000000,546.80161290,0.1317335759,0.1250000000,4,2,59.93783582
2024-12-04T09:30:00-05:00,2815.93690847,1300.00000000,300.55519706,2515.38171141,3.70729850,1964.87280000,546.80161290,0.1324536257,0.1250000000,4,2,56.08792493
2024-12-04T09:45:00-05:00,2832.63357967,1300.00000000,300.90126827,2531.73231141,3.70729850,1981.22340000,546.80161290,0.1316375274,0.1250000000,4,2,56.08792493
2024-12-04T10:00:00-05:00,2840.70639130,1300.00000000,301.10974490,2539.59664641,0.68503350,1992.11000000,546.80161290,0.1312651457,0.1250000000,5,1,56.19912715
2024-12-04T10:15:00-05:00,2841.59069026,1300.00000000,301.52044386,2540.07024641,0.68503350,1992.58360000,546.80161290,0.1313935328,0.1250000000,5,1,56.19912715
2024-12-04T10:30:00-05:00,2848.20344185,1300.00000000,301.59549544,2546.60794641,0.68503350,1999.12130000,546.80161290,0.1310486034,0.1250000000,5,1,56.19912715
2024-12-04T10:45:00-05:00,2849.80284185,1300.00000000,301.59549544,2548.20734641,0.68503350,2000.72070000,546.80161290,0.1309575921,0.1250000000,5,1,56.19912715
2024-12-04T11:00:00-05:00,2841.04570244,1300.00000000,301.72405603,2539.32164641,0.68503350,1991.83500000,546.80161290,0.1315134939,0.1250000000,5,1,56.19912715
2024-12-04T11:15:00-05:00,2838.72673677,1300.00000000,301.59619036,2537.13054641,0.68503350,1989.64390000,546.80161290,0.1315907694,0.1250000000,5,1,56.19912715
2024-12-04T11:30:00-05:00,2857.28653677,1300.00000000,301.59619036,2555.69034641,0.68503350,2008.20370000,546.80161290,0.1305337192,0.1250000000,5,1,35.16195120
2024-12-04T11:45:00-05:00,2862.76873169,1300.00000000,301.59688529,2561.17184641,0.68503350,2013.68520000,546.80161290,0.1302250290,0.1250000000,5,0,35.16195120
2024-12-04T12:00:00-05:00,2864.33141340,1300.00000000,301.80466699,2562.52674641,0.68503350,2015.04010000,546.80161290,0.1302268764,0.1250000000,5,0,32.98585578
2024-12-04T12:15:00-05:00,2862.02511340,1300.00000000,301.80466699,2560.22044641,0.68503350,2012.73380000,546.80161290,0.1303566014,0.1250000000,5,0,32.98585578
2024-12-04T12:30:00-05:00,2852.27756568,1300.00000000,301.60591927,2550.67164641,0.68503350,2003.18500000,546.80161290,0.1308215420,0.1250000000,5,0,32.98585578
2024-12-04T12:45:00-05:00,2855.75105950,1300.00000000,301.83941310,2553.91164641,0.68503350,2006.42500000,546.80161290,0.1307258648,0.1250000000,5,0,32.98585578
2024-12-04T13:00:00-05:00,2855.79680290,1300.00000000,301.94295649,2553.85384641,0.68503350,2006.36720000,546.80161290,0.1307681184,0.1250000000,5,0,32.98585578
2024-12-04T13:15:00-05:00,2854.95221079,1300.00000000,301.59619036,2553.35602042,71.71397023,1933.11500000,548.52705019,0.1307634843,0.1250000000,4,0,32.98585578
2024-12-04T13:30:00-05:00,2860.46216122,1300.00000000,301.72614080,2558.73602042,71.71397023,1938.49500000,548.52705019,0.1305080490,0.1250000000,4,0,32.98585578
2024-12-04T13:45:00-05:00,2860.99355308,1300.00000000,301.93253266,2559.06102042,71.71397023,1938.82000000,548.52705019,0.1305673108,0.1250000000,4,1,32.98585578
2024-12-04T14:00:00-05:00,2851.38168470,1300.00000000,301.87346428,2549.50822042,6.86537023,1994.11580000,548.52705019,0.1310866347,0.1250000000,5,0,37.59510803
2024-12-04T14:15:00-05:00,2862.03537184,1300.00000000,301.94365141,2560.09172042,6.86537023,2004.69930000,548.52705019,0.1305133198,0.1250000000,5,1,37.59510803
2024-12-04T14:30:00-05:00,2866.47318426,1300.00000000,301.94434633,2564.52883792,1.95168773,2014.05010000,548.52705019,0.1302637460,0.1250000000,6,0,37.67896774
2024-12-04T14:45:00-05:00,2864.97313584,1300.00000000,302.01939792,2562.95373792,1.95168773,2012.47500000,548.52705019,0.1303804996,0.1250000000,6,0,37.67896774
2024-12-04T15:00:00-05:00,2870.32746597,1300.00000000,302.15212804,2568.17533792,1.95168773,2017.69660000,548.52705019,0.1301369945,0.1250000000,6,0,37.67896774
2024-12-04T15:15:00-05:00,2865.74036597,1300.00000000,302.15212804,2563.58823792,1.95168773,2013.10950000,548.52705019,0.1303946106,0.1250000000,6,0,37.67896774
2024-12-04T15:30:00-05:00,2868.68753821,1300.00000000,302.08750029,2566.60003792,1.95168773,2016.12130000,548.52705019,0.1302011227,0.1250000000,6,0,37.67896774
2024-12-04T15:45:00-05:00,2865.49026972,1300.00000000,302.08263583,2563.40763389,59.32164786,1953.96500000,550.12098604,0.1304684475,0.1250000000,5,1,37.67896774
2024-12-05T09:30:00-05:00,2799.09909589,1300.00000000,287.53401099,2511.56508490,8.41583910,1954.83520000,548.31404580,0.1277483210,0.1250000000,4,2,60.05617411
2024-12-05T09:45:00-05:00,2807.09758280,1300.00000000,287.26602716,2519.83155564,62.99664959,1910.24300000,546.59190605,0.1270804272,0.1250000000,4,2,55.44692186
2024-12-05T10:00:00-05:00,2804.56864673,1300.00000000,287.33451930,2517.23412743,7.90196489,1962.49540000,546.83676254,0.1272668917,0.1250000000,4,2,57.21696543
2024-12-05T10:15:00-05:00,2786.95749198,1300.00000000,287.26868705,2499.68880493,1.86744239,1950.98460000,546.83676254,0.1282380379,0.1250000000,5,1,57.44827878
2024-12-05T10:30:00-05:00,2772.15097814,1300.00000000,287.37375267,2484.77722547,765.12576833,1181.34500000,538.30645714,0.1286453690,0.1250000000,4,0,34.95987019
2024-12-05T10:45:00-05:00,2769.08699893,1300.00000000,287.23477346,2481.85222547,765.12576833,1178.42000000,538.30645714,0.1287597628,0.1250000000,4,1,34.95987019
2024-12-05T11:00:00-05:00,2822.38837540,1300.00000000,287.31656505,2535.07181035,2.00035321,1994.76500000,538.30645714,0.1257908321,0.1250000000,5,0,34.95987019
2024-12-05T11:15:00-05:00,2829.26391856,1300.00000000,287.60050821,2541.66341035,2.00035321,2001.35660000,538.30645714,0.1255372538,0.1250000000,5,1,34.95987019
2024-12-05T11:30:00-05:00,2841.84482688,1300.00000000,287.40101653,2554.44381035,2.00035321,2014.13700000,538.30645714,0.1247650225,0.1250000000,5,0,34.95987019
2024-12-05T11:45:00-05:00,2851.76282688,1300.00000000,287.40101653,2564.36181035,2.00035321,2024.05500000,538.30645714,0.1242301434,0.1250000000,5,1,34.87601048
2024-12-05T12:00:00-05:00,2858.43258631,1300.00000000,287.73350267,2570.69908364,818.56757950,1185.32440000,566.80710414,0.1255586940,0.1250000000,3,3,34.87601048
2024-12-05T12:15:00-05:00,2847.64662204,1300.00000000,287.79999989,2559.84662214,0.27231800,1992.76720000,566.80710414,0.1261816088,0.1250000000,5,0,57.01742390
2024-12-05T12:30:00-05:00,2842.12017342,1300.00000000,287.76675128,2554.35342214,0.27231800,1987.27400000,566.80710414,0.1264734753,0.1250000000,5,0,57.01742390
2024-12-05T12:45:00-05:00,2841.68921187,1300.00000000,287.80398973,2553.88522214,0.27231800,1986.80580000,566.80710414,0.1265138043,0.1250000000,5,0,57.01742390
2024-12-05T13:00:00-05:00,2833.38292481,1300.00000000,287.73350267,2545.64942214,0.27231800,1978.57000000,566.80710414,0.1269463391,0.1250000000,5,0,57.01742390
2024-12-05T13:15:00-05:00,2820.72493196,1300.00000000,286.95814500,2533.76678697,1113.41096964,866.01800000,554.33781732,0.1266147972,0.1250000000,4,0,24.14277034
2024-12-05T13:30:00-05:00,2818.83706843,1300.00000000,287.26802208,2531.56904635,1897.38234056,88.07620000,546.11050579,0.1263979692,0.1250000000,3,1,2.48903795
2024-12-05T13:45:00-05:00,2810.17941363,1300.00000000,286.88233816,2523.29707547,816.95659386,1159.87500000,546.46548162,0.1267308268,0.1250000000,3,1,17.71483458
2024-12-05T14:00:00-05:00,2844.77043756,1300.00000000,287.08781459,2557.68262297,0.27454136,2010.94260000,546.46548162,0.1249128467,0.1250000000,4,0,44.16078052
2024-12-05T14:15:00-05:00,2845.85122389,1300.00000000,286.93620091,2558.91502297,0.27454136,2012.17500000,546.46548162,0.1247881970,0.1250000000,4,1,17.48352124
2024-12-05T14:30:00-05:00,2868.54206868,1300.00000000,287.03528178,2581.50678690,849.86761205,1165.84500000,565.79417484,0.1246490259,0.1250000000,3,1,17.48352124
2024-12-05T14:45:00-05:00,2864.13239506,1300.00000000,287.00203317,2577.13036190,3.33318705,2008.00300000,565.79417484,0.1248737156,0.1250000000,4,0,81.60304916
2024-12-05T15:00:00-05:00,2885.27089229,1300.00000000,287.06853039,2598.20236190,3.33318705,2029.07500000,565.79417484,0.1237643509,0.1250000000,4,1,81.60304916
2024-12-05T15:15:00-05:00,2829.34540615,1300.00000000,286.73604426,2542.60936190,3.33318705,1973.48200000,565.79417484,0.1266753057,0.1250000000,4,0,81.60304916
2024-12-05T15:30:00-05:00,2839.79994142,1300.00000000,286.90361727,2552.89632415,9.44925660,1977.60500000,565.84206755,0.1261692754,0.1250000000,3,0,81.60304916
2024-12-05T15:45:00-05:00,2820.90937395,1300.00000000,286.60304980,2534.30632415,9.44925660,1959.01500000,565.84206755,0.1270929027,0.1250000000,3,0,81.60304916
2024-12-06T09:30:00-05:00,2890.15440516,1300.00000000,287.73350267,2602.42090250,11.08883495,2025.49000000,565.84206755,0.1237929593,0.1250000000,3,3,65.88957150
2024-12-06T09:45:00-05:00,2913.54958261,1300.00000000,288.15443012,2625.39515250,0.48088495,2059.07220000,565.84206755,0.1227386411,0.1250000000,4,1,66.74170742
2024-12-06T10:00:00-05:00,2897.84420737,1300.00000000,288.39847494,2609.44573243,1104.94653260,936.82460000,567.67459982,0.1237671601,0.1250000000,3,3,66.74170742
2024-12-06T10:15:00-05:00,2881.59739487,1300.00000000,288.39847494,2593.19891993,1.16932010,2024.35500000,567.67459982,0.1246361700,0.1250000000,4,2,135.94469065
2024-12-06T10:30:00-05:00,2998.60364071,1300.00000000,288.49822078,2710.10541993,1.16932010,2141.26150000,567.67459982,0.1186781744,0.1250000000,4,0,70.05511916
2024-12-06T10:45:00-05:00,3037.02128885,1300.00000000,288.46497217,2748.55631668,66.21530706,2113.37500000,568.96600962,0.1168794616,0.1250000000,3,2,70.05511916
2024-12-06T11:00:00-05:00,3026.63449202,1300.00000000,288.36988113,2738.26461088,13.10110126,2156.19750000,568.96600962,0.1173347354,0.1250000000,4,2,71.87815077
2024-12-06T11:15:00-05:00,3011.46126476,1300.00000000,288.49822078,2722.96304398,0.20223436,2153.79480000,568.96600962,0.1181161847,0.1250000000,5,0,72.44225964
2024-12-06T11:30:00-05:00,3014.59646754,1300.00000000,288.43172355,2726.16474398,0.20223436,2156.99650000,568.96600962,0.1179375742,0.1250000000,5,1,72.44225964
2024-12-06T11:45:00-05:00,3009.47201615,1300.00000000,288.46497217,2721.00704398,0.20223436,2151.83880000,568.96600962,0.1181988372,0.1250000000,5,1,72.44225964
2024-12-06T12:00:00-05:00,2975.45555118,1300.00000000,288.46430720,2686.99124398,0.20223436,2117.82300000,568.96600962,0.1198693376,0.1250000000,5,1,72.44225964
2024-12-06T12:15:00-05:00,2980.62721615,1300.00000000,288.46497217,2692.16224398,0.20223436,2122.99400000,568.96600962,0.1196125606,0.1250000000,5,1,72.44225964
2024-12-06T12:30:00-05:00,2952.60111338,1300.00000000,288.53146940,2664.06964398,0.20223436,2094.90140000,568.96600962,0.1210468284,0.1250000000,5,1,72.44225964
2024-12-06T12:45:00-05:00,2959.93211338,1300.00000000,288.53146940,2671.40064398,0.20223436,2102.23240000,568.96600962,0.1206756838,0.1250000000,5,0,72.44225964
2024-12-06T13:00:00-05:00,2953.64804669,1300.00000000,288.69771246,2664.95033422,869.49576546,1213.12210000,582.33246876,0.1217458002,0.1250000000,4,0,72.44225964
2024-12-06T13:15:00-05:00,2943.19845249,1300.00000000,288.69771246,2654.50074003,921.43722626,1151.41980000,581.64371377,0.1222490031,0.1250000000,3,0,70.61922802
2024-12-06T13:30:00-05:00,2935.64930665,1300.00000000,288.59796662,2647.05134003,921.43722626,1143.97040000,581.64371377,0.1225986750,0.1250000000,3,0,70.61922802
2024-12-06T13:45:00-05:00,2940.14803096,1300.00000000,288.61459093,2651.53344003,921.43722626,1148.45250000,581.64371377,0.1223718731,0.1250000000,3,0,70.61922802
2024-12-06T14:00:00-05:00,2937.88373891,1300.00000000,288.66379888,2649.21994003,921.43722626,1146.13900000,581.64371377,0.1225103537,0.1250000000,3,0,70.61922802
2024-12-06T14:15:00-05:00,2938.11240942,1300.00000000,288.53146940,2649.58094003,921.43722626,1146.50000000,581.64371377,0.1224423095,0.1250000000,3,0,70.61922802
2024-12-06T14:30:00-05:00,2930.08950665,1300.00000000,288.59796662,2641.49154003,921.43722626,1138.41060000,581.64371377,0.1228889198,0.1250000000,3,0,70.61922802
2024-12-06T14:45:00-05:00,2932.24470665,1300.00000000,288.59796662,2643.64674003,921.43722626,1140.56580000,581.64371377,0.1227762464,0.1250000000,3,2,70.61922802
2024-12-06T15:00:00-05:00,2927.43072165,1300.00000000,288.59796662,2638.83275503,9.57384126,2047.61520000,581.64371377,0.1230282057,0.1250000000,5,0,84.10289369
2024-12-06T15:15:00-05:00,2931.07481888,1300.00000000,288.66446385,2642.41035503,9.57384126,2051.19280000,581.64371377,0.1228656857,0.1250000000,5,1,84.10289369
2024-12-06T15:30:00-05:00,2949.52805113,1300.00000000,288.73029610,2660.79775503,9.57384126,2069.58020000,581.64371377,0.1219359795,0.1250000000,5,1,70.61922802
2024-12-06T15:45:00-05:00,2961.17022586,1300.00000000,288.81607753,2672.35414833,937.98304749,1143.01000000,591.36110084,0.1218731393,0.1250000000,3,3,70.61922802
2024-12-09T09:30:00-05:00,2846.68024044,1300.00000000,288.35525174,2558.32498870,1956.97961500,46.83400000,554.51137370,0.1258001781,0.1250000000,3,3,2.22943601
2024-12-09T09:45:00-05:00,2928.37621528,1300.00000000,288.13248603,2640.24372925,0.50075555,2085.23160000,554.51137370,0.1213769550,0.1250000000,5,1,114.34552605
2024-12-09T10:00:00-05:00,2964.63916333,1300.00000000,288.18568381,2676.45347951,23.55071077,2097.79620000,555.10656875,0.1196023181,0.1250000000,4,2,43.61657839
2024-12-09T10:15:00-05:00,2966.66618230,1300.00000000,287.40101653,2679.26516576,2.85019702,2121.30840000,555.10656875,0.1191764097,0.1250000000,5,0,45.04431311
2024-12-09T10:30:00-05:00,2993.23643385,1300.00000000,287.33917411,2705.89725974,1227.30447761,871.57000000,607.02278213,0.1204163650,0.1250000000,4,1,45.04431311
2024-12-09T10:45:00-05:00,3003.06998095,1300.00000000,286.86903871,2716.20094224,31.31816011,2077.86000000,607.02278213,0.1197259548,0.1250000000,5,0,94.19892573
2024-12-09T11:00:00-05:00,3002.88983035,1300.00000000,286.27056367,2716.61926669,51.11009460,2059.02000000,606.48917209,0.1194585566,0.1250000000,4,0,92.77119101
2024-12-09T11:15:00-05:00,3034.55280817,1300.00000000,286.80254148,2747.75026669,51.11009460,2090.15100000,606.48917209,0.1181198619,0.1250000000,4,0,92.77119101
2024-12-09T11:30:00-05:00,3029.35961926,1300.00000000,286.53655258,2742.82306669,51.11009460,2085.22380000,606.48917209,0.1182632579,0.1250000000,4,0,92.77119101
2024-12-09T11:45:00-05:00,3034.12382296,1300.00000000,286.92755627,2747.19626669,51.11009460,2089.59700000,606.48917209,0.1181922313,0.1250000000,4,0,92.77119101
2024-12-09T12:00:00-05:00,3028.36220817,1300.00000000,286.80254148,2741.55966669,51.11009460,2083.96040000,606.48917209,0.1184217906,0.1250000000,4,0,92.77119101
2024-12-09T12:15:00-05:00,3027.36556510,1300.00000000,286.63629842,2740.72926669,51.11009460,2083.13000000,606.48917209,0.1184018727,0.1250000000,4,0,50.57085741
2024-12-09T12:30:00-05:00,3022.49830540,1300.00000000,286.86903871,2735.62926669,51.11009460,2078.03000000,606.48917209,0.1187367360,0.1250000000,4,0,50.57085741
2024-12-09T12:45:00-05:00,3028.40231649,1300.00000000,286.60304980,2741.79926669,51.11009460,2084.20000000,606.48917209,0.1183374600,0.1250000000,4,0,50.57085741
2024-12-09T13:00:00-05:00,3025.46881372,1300.00000000,286.66954703,2738.79926669,51.11009460,2081.20000000,606.48917209,0.1185084579,0.1250000000,4,0,50.57085741
2024-12-09T13:15:00-05:00,3021.40220263,1300.00000000,286.93553594,2734.46666669,51.11009460,2076.86740000,606.48917209,0.1188181654,0.1250000000,4,0,50.57085741
2024-12-09T13:30:00-05:00,3022.74499708,1300.00000000,287.06853039,2735.67646669,51.11009460,2078.07720000,606.48917209,0.1188071757,0.1250000000,4,2,50.57085741
2024-12-09T13:45:00-05:00,3009.88424452,1300.00000000,287.06853039,2722.81571412,15.22285084,2100.98000000,606.61286329,0.1194490696,0.1250000000,4,0,51.59255198
2024-12-09T14:00:00-05:00,2992.71025561,1300.00000000,286.80254148,2705.90771412,15.22285084,2084.07200000,606.61286329,0.1201973324,0.1250000000,4,1,51.59255198
2024-12-09T14:15:00-05:00,2988.43676393,1300.00000000,286.60304980,2701.83371412,15.22285084,2079.99800000,606.61286329,0.1203292358,0.1250000000,4,0,51.59255198
2024-12-09T14:30:00-05:00,2969.16067033,1300.00000000,286.33706089,2682.82360944,1179.34476236,915.58000000,587.89884708,0.1202459377,0.1250000000,3,0,1.87383050
2024-12-09T14:45:00-05:00,2975.51417311,1300.00000000,286.27056367,2689.24360944,1179.34476236,922.00000000,587.89884708,0.1198981094,0.1250000000,3,0,1.87383050
2024-12-09T15:00:00-05:00,2961.84468142,1300.00000000,286.07107198,2675.77360944,1179.34476236,908.53000000,587.89884708,0.1205044647,0.1250000000,3,1,1.87383050
2024-12-09T15:15:00-05:00,2956.92489891,1300.00000000,285.93807753,2670.98682138,866.89225450,1206.50000000,597.59456688,0.1211945922,0.1250000000,3,0,27.69158291
2024-12-09T15:30:00-05:00,2956.32693753,1300.00000000,286.07107198,2670.25586554,915.22263872,1157.83000000,597.20322682,0.1212615814,0.1250000000,2,0,26.66988834
2024-12-09T15:45:00-05:00,2950.39942366,1300.00000000,286.40355812,2663.99586554,915.22263872,1151.57000000,597.20322682,0.1217083210,0.1250000000,2,2,26.66988834
2024-12-10T09:30:00-05:00,2973.23539584,1300.00000000,287.66700544,2685.56839040,1141.61132157,956.61820000,587.33886882,0.1205697742,0.1250000000,2,4,34.74392578
2024-12-10T09:45:00-05:00,2967.46434177,1300.00000000,287.12172818,2680.34261359,7.65620446,2085.41530000,587.27110913,0.1206295876,0.1250000000,4,0,37.00185314
2024-12-10T10:00:00-05:00,3001.64279478,1300.00000000,287.83324851,2713.80954627,956.09879285,1145.63000000,612.08075342,0.1204543944,0.1250000000,3,1,37.00185314
2024-12-10T10:15:00-05:00,2991.07864487,1300.00000000,287.59119860,2703.48744627,18.19589285,2073.21080000,612.08075342,0.1208875383,0.1250000000,4,0,74.89712885
2024-12-10T10:30:00-05:00,3015.80425726,1300.00000000,287.53401099,2728.27024627,18.19589285,2097.99360000,612.08075342,0.1196202519,0.1250000000,4,0,74.89712885
2024-12-10T10:45:00-05:00,2987.73785781,1300.00000000,286.80121154,2700.93664627,18.19589285,2070.66000000,612.08075342,0.1207250032,0.1250000000,4,1,74.89712885
2024-12-10T11:00:00-05:00,2970.56872678,1300.00000000,286.73604426,2683.83268252,1.69852910,2070.05340000,612.08075342,0.1215762164,0.1250000000,5,0,75.39611795
2024-12-10T11:15:00-05:00,2958.32783787,1300.00000000,286.47005535,2671.85778252,1.69852910,2058.07850000,612.08075342,0.1220971386,0.1250000000,5,0,75.39611795
2024-12-10T11:30:00-05:00,2933.75927974,1300.00000000,286.17081782,2647.58846191,930.80025847,1119.24500000,597.54320345,0.1224933005,0.1250000000,3,0,36.79188031
2024-12-10T11:45:00-05:00,2948.08084674,1300.00000000,286.60238483,2661.47846191,930.80025847,1133.13500000,597.54320345,0.1219305658,0.1250000000,3,0,36.79188031
2024-12-10T12:00:00-05:00,2946.23902558,1300.00000000,286.27056367,2659.96846191,930.80025847,1131.62500000,597.54320345,0.1218849035,0.1250000000,3,1,36.79188031
2024-12-10T12:15:00-05:00,2967.91316226,1300.00000000,286.47005535,2681.44310691,2.96490347,2080.93500000,597.54320345,0.1208545756,0.1250000000,4,0,102.57385825
2024-12-10T12:30:00-05:00,2964.01790810,1300.00000000,286.56980119,2677.44810691,2.96490347,2076.94000000,597.54320345,0.1210956536,0.1250000000,4,2,102.57385825
2024-12-10T12:45:00-05:00,2961.92053842,1300.00000000,286.32243150,2675.59810691,2.96490347,2075.09000000,597.54320345,0.1210984504,0.1250000000,4,1,102.57385825
2024-12-10T13:00:00-05:00,2950.29513492,1300.00000000,286.33639592,2663.95873900,1095.39179406,984.43720000,584.12974494,0.1210128409,0.1250000000,4,0,67.33482300
2024-12-10T13:15:00-05:00,2972.02589435,1300.00000000,286.47005535,2685.55583900,1095.39179406,1006.03430000,584.12974494,0.1199675519,0.1250000000,4,0,67.33482300
2024-12-10T13:30:00-05:00,2971.57980221,1300.00000000,286.40156320,2685.17823900,1095.39179406,1005.65670000,584.12974494,0.1199612793,0.1250000000,4,0,67.33482300
2024-12-10T13:45:00-05:00,2977.81361052,1300.00000000,286.20207152,2691.61153900,1095.39179406,1012.09000000,584.12974494,0.1195655264,0.1250000000,4,1,1.55284506
2024-12-10T14:00:00-05:00,2954.96809341,1300.00000000,286.00457476,2668.96351865,2.27877371,2082.55500000,584.12974494,0.1206343633,0.1250000000,5,0,24.38171138
2024-12-10T14:15:00-05:00,2944.85378509,1300.00000000,286.20406644,2658.64971865,2.27877371,2072.24120000,584.12974494,0.1212357148,0.1250000000,5,0,24.38171138
2024-12-10T14:30:00-05:00,2958.73079895,1300.00000000,285.87158030,2672.85921865,2.27877371,2086.45070000,584.12974494,0.1203872035,0.1250000000,5,0,24.38171138
2024-12-10T14:45:00-05:00,2949.70190727,1300.00000000,285.67208862,2664.02981865,2.27877371,2077.62130000,584.12974494,0.1207623649,0.1250000000,5,0,24.38171138
2024-12-10T15:00:00-05:00,2936.52072668,1300.00000000,285.20660803,2651.31411865,2.27877371,2064.90560000,584.12974494,0.1212411586,0.1250000000,5,0,24.38171138
2024-12-10T15:15:00-05:00,2930.12044720,1300.00000000,285.13944583,2644.98100137,939.38636017,1116.01930000,589.57534119,0.1218260845,0.1250000000,4,0,24.38171138
2024-12-10T15:30:00-05:00,2924.75130385,1300.00000000,285.33960248,2639.41170137,939.38636017,1110.45000000,589.57534119,0.1221919063,0.1250000000,4,0,24.38171138
2024-12-10T15:45:00-05:00,2924.97780108,1300.00000000,285.40609971,2639.57170137,939.38636017,1110.61000000,589.57534119,0.1222085292,0.1250000000,4,0,24.38171138
2024-12-11T09:30:00-05:00,2916.59629945,1300.00000000,288.46497217,2628.13132728,2020.10499502,27.27000000,580.75633226,0.1234951778,0.1250000000,2,1,1.35112502
2024-12-11T09:45:00-05:00,2910.15199390,1300.00000000,288.59796662,2621.55402728,862.83769502,1177.96000000,580.75633226,0.1238939229,0.1250000000,3,0,23.06050810
2024-12-11T10:00:00-05:00,2901.76298281,1300.00000000,288.86395553,2612.89902728,862.83769502,1169.30500000,580.75633226,0.1244563239,0.1250000000,3,1,23.06050810
2024-12-11T10:15:00-05:00,2901.00345113,1300.00000000,288.66446385,2612.33898728,1.07185502,2030.51080000,580.75633226,0.1244110860,0.1250000000,4,0,99.17554643
2024-12-11T10:30:00-05:00,2849.96560869,1300.00000000,288.92978779,2561.03582091,1143.81156521,845.00000000,572.22425570,0.1268492524,0.1250000000,3,0,76.96717425
2024-12-11T10:45:00-05:00,2871.72411147,1300.00000000,288.86329056,2582.86082091,1143.81156521,866.82500000,572.22425570,0.1256200516,0.1250000000,3,0,76.96717425
2024-12-11T11:00:00-05:00,2899.45950315,1300.00000000,289.06278224,2610.39672091,1143.81156521,894.36090000,572.22425570,0.1242086646,0.1250000000,3,0,76.96717425
2024-12-11T11:15:00-05:00,2893.75086812,1300.00000000,289.06344721,2604.68742091,1143.81156521,888.65160000,572.22425570,0.1245143802,0.1250000000,3,0,76.96717425
2024-12-11T11:30:00-05:00,2888.45391673,1300.00000000,289.09669583,2599.35722091,1143.81156521,883.32140000,572.22425570,0.1248134849,0.1250000000,3,0,76.96717425
2024-12-11T11:45:00-05:00,2869.22532590,1300.00000000,289.12728455,2580.09804134,1160.92938867,846.58000000,572.58865267,0.1258916083,0.1250000000,2,1,76.96717425
2024-12-11T12:00:00-05:00,2828.69574176,1300.00000000,289.17316764,2539.52257412,18.11662144,1948.81730000,572.58865267,0.1281735114,0.1250000000,3,0,122.31443304
2024-12-11T12:15:00-05:00,2841.73441856,1300.00000000,289.12994444,2552.60447412,18.11662144,1961.89920000,572.58865267,0.1274179688,0.1250000000,3,1,122.31443304
2024-12-11T12:30:00-05:00,2833.89222410,1300.00000000,288.99694999,2544.89527412,18.11662144,1954.19000000,572.58865267,0.1278010408,0.1250000000,3,1,122.31443304
2024-12-11T12:45:00-05:00,2808.89477242,1300.00000000,289.00293474,2519.89183769,831.55876729,1144.12500000,544.20807039,0.1276127663,0.1250000000,2,0,46.19939471
2024-12-11T13:00:00-05:00,2794.87461993,1300.00000000,289.06278224,2505.81183769,831.55876729,1130.04500000,544.20807039,0.1284342997,0.1250000000,2,0,46.19939471
2024-12-11T13:15:00-05:00,2812.27378213,1300.00000000,289.12994444,2523.14383769,831.55876729,1147.37700000,544.20807039,0.1274786453,0.1250000000,2,1,46.19939471
2024-12-11T13:30:00-05:00,2807.57261241,1300.00000000,289.12329472,2518.44931769,3.17794729,1971.06330000,544.20807039,0.1277404896,0.1250000000,3,0,78.05714676
2024-12-11T13:45:00-05:00,2810.90271351,1300.00000000,289.09669583,2521.80601769,3.17794729,1974.42000000,544.20807039,0.1275410857,0.1250000000,3,0,78.05714676
2024-12-11T14:00:00-05:00,2802.77327174,1300.00000000,289.13925405,2513.63401769,3.17794729,1966.24800000,544.20807039,0.1280189980,0.1250000000,3,0,78.05714676
2024-12-11T14:15:00-05:00,2818.23479947,1300.00000000,289.19378178,2529.04101769,3.17794729,1981.65500000,544.20807039,0.1271725517,0.1250000000,3,0,78.05714676
2024-12-11T14:30:00-05:00,2809.82931241,1300.00000000,289.12329472,2520.70601769,3.17794729,1973.32000000,544.20807039,0.1276132521,0.1250000000,3,0,78.05714676
2024-12-11T14:45:00-05:00,2810.97421074,1300.00000000,289.16319305,2521.81101769,3.17794729,1974.42500000,544.20807039,0.1275663986,0.1250000000,3,1,78.05714676
2024-12-11T15:00:00-05:00,2810.05565991,1300.00000000,289.18314222,2520.87251769,3.17794729,1973.48650000,544.20807039,0.1276269170,0.1250000000,3,1,78.05714676
2024-12-11T15:15:00-05:00,2803.00187063,1300.00000000,289.16585294,2513.83601769,3.17794729,1966.45000000,544.20807039,0.1280178177,0.1250000000,3,2,78.05714676
2024-12-11T15:30:00-05:00,2777.04591074,1300.00000000,289.16319305,2487.88271769,3.17794729,1940.49670000,544.20807039,0.1295047889,0.1250000000,3,3,78.05714676
2024-12-11T15:45:00-05:00,2757.84596213,1300.00000000,289.12994444,2468.71601769,3.17794729,1921.33000000,544.20807039,0.1306130264,0.1250000000,3,1,78.05714676
2024-12-12T09:30:00-05:00,2832.92032953,1300.00000000,279.33328161,2553.58704792,1992.36959651,10.86000000,550.35745141,0.1223770369,0.1250000000,1,5,0.85213592
2024-12-12T09:45:00-05:00,2844.29410456,1300.00000000,279.17127414,2565.12283042,1.38747901,2013.37790000,550.35745141,0.1216996440,0.1250000000,4,1,71.13144300
2024-12-12T10:00:00-05:00,2853.65307678,1300.00000000,278.71765322,2574.93542355,62.20069883,1962.78420000,549.95052472,0.1209868231,0.1250000000,3,1,70.07697985
2024-12-12T10:15:00-05:00,2921.90888764,1300.00000000,279.49528909,2642.41359855,6.25877383,2086.20430000,549.95052472,0.1178331346,0.1250000000,4,1,14.14397574
2024-12-12T10:30:00-05:00,2916.04860646,1300.00000000,279.44798290,2636.60062355,2.95629883,2083.69380000,549.95052472,0.1181049869,0.1250000000,5,1,14.26876143
2024-12-12T10:45:00-05:00,2941.01743895,1300.00000000,279.68905002,2661.32838893,0.37486421,2111.00300000,549.95052472,0.1169724897,0.1250000000,6,0,14.46642161
2024-12-12T11:00:00-05:00,2949.81354345,1300.00000000,279.87762672,2669.93591673,1202.27099137,875.55250000,592.11242536,0.1187078483,0.1250000000,5,0,14.46642161
2024-12-12T11:15:00-05:00,2949.92370425,1300.00000000,279.80828752,2670.11541673,1202.27099137,875.73200000,592.11242536,0.1186728938,0.1250000000,5,0,14.46642161
2024-12-12T11:30:00-05:00,2952.16790582,1300.00000000,279.49528909,2672.67261673,1202.27099137,878.28920000,592.11242536,0.1184274232,0.1250000000,5,0,14.46642161
2024-12-12T11:45:00-05:00,2944.18179685,1300.00000000,279.30088012,2664.88091673,1202.27099137,870.49750000,592.11242536,0.1187468718,0.1250000000,5,0,14.46642161
2024-12-12T12:00:00-05:00,2950.74756281,1300.00000000,279.69034608,2671.05721673,1202.27099137,876.67380000,592.11242536,0.1185814379,0.1250000000,5,0,14.46642161
2024-12-12T12:15:00-05:00,2949.94721777,1300.00000000,279.75450104,2670.19271673,1202.27099137,875.80930000,592.11242536,0.1186488985,0.1250000000,5,0,14.46642161
2024-12-12T12:30:00-05:00,2947.49340881,1300.00000000,279.56009207,2667.93331673,1202.27099137,873.54990000,592.11242536,0.1186899674,0.1250000000,5,0,14.46642161
2024-12-12T12:45:00-05:00,2951.02102375,1300.00000000,279.88410702,2671.13691673,1202.27099137,876.75350000,592.11242536,0.1186498312,0.1250000000,5,0,14.46642161
2024-12-12T13:00:00-05:00,2950.16322076,1300.00000000,279.81930403,2670.34391673,1202.27099137,875.96050000,592.11242536,0.1186655116,0.1250000000,5,0,14.46642161
2024-12-12T13:15:00-05:00,2948.77172375,1300.00000000,279.88410702,2668.88761673,1202.27099137,874.50420000,592.11242536,0.1187630759,0.1250000000,5,0,14.46642161
2024-12-12T13:30:00-05:00,2945.39981030,1300.00000000,279.59249357,2665.80731673,1202.27099137,871.42390000,592.11242536,0.1188093283,0.1250000000,5,0,14.46642161
2024-12-12T13:45:00-05:00,2947.92980881,1300.00000000,279.56009207,2668.36971673,1202.27099137,873.98630000,592.11242536,0.1186679808,0.1250000000,5,0,14.46642161
2024-12-12T14:00:00-05:00,2945.96720582,1300.00000000,279.49528909,2666.47191673,1202.27099137,872.08850000,592.11242536,0.1187393935,0.1250000000,5,0,14.46642161
2024-12-12T14:15:00-05:00,2945.56779685,1300.00000000,279.30088012,2666.26691673,1202.27099137,871.88350000,592.11242536,0.1186769392,0.1250000000,5,1,14.46642161
2024-12-12T14:30:00-05:00,2944.92728634,1300.00000000,279.39808460,2665.52920173,27.77077637,2045.64600000,592.11242536,0.1187505610,0.1250000000,6,0,40.29285029
2024-12-12T14:45:00-05:00,2952.19158185,1300.00000000,279.30088012,2672.89070173,27.77077637,2053.00750000,592.11242536,0.1183438612,0.1250000000,6,0,40.29285029
2024-12-12T15:00:00-05:00,2952.87382486,1300.00000000,279.10582313,2673.76800173,27.77077637,2053.88480000,592.11242536,0.1182270361,0.1250000000,6,0,40.29285029
2024-12-12T15:15:00-05:00,2950.79483369,1300.00000000,279.03713196,2671.75770173,27.77077637,2051.87450000,592.11242536,0.1183021211,0.1250000000,6,0,40.29285029
2024-12-12T15:30:00-05:00,2947.27997588,1300.00000000,279.17127414,2668.10870173,27.77077637,2048.22550000,592.11242536,0.1185356320,0.1250000000,6,0,40.29285029
2024-12-12T15:45:00-05:00,2939.30376392,1300.00000000,278.91206219,2660.39170173,27.77077637,2040.50850000,592.11242536,0.1188280042,0.1250000000,6,0,40.29285029
2024-12-13T09:30:00-05:00,2921.55094835,1300.00000000,281.95715462,2639.59379374,1189.00789973,868.42180000,582.16409401,0.1205260917,0.1250000000,4,2,2.48633081
2024-12-13T09:45:00-05:00,2916.92663824,1300.00000000,281.50418173,2635.42245651,2.54756498,2051.79880000,581.07609154,0.1205146374,0.1250000000,5,0,47.70910351
2024-12-13T10:00:00-05:00,2923.66424422,1300.00000000,281.63378770,2642.03045651,2.54756498,2058.40680000,581.07609154,0.1202233467,0.1250000000,5,1,47.70910351
2024-12-13T10:15:00-05:00,2902.54402031,1300.00000000,281.11536380,2621.42865651,2.54756498,2037.80500000,581.07609154,0.1210937960,0.1250000000,5,0,47.70910351
2024-12-13T10:30:00-05:00,2890.37529640,1300.00000000,280.59693989,2609.77835651,2.54756498,2026.15470000,581.07609154,0.1215073990,0.1250000000,5,0,47.70910351
2024-12-13T10:45:00-05:00,2876.26157249,1300.00000000,280.07851598,2596.18305651,2.54756498,2012.55940000,581.07609154,0.1220287067,0.1250000000,5,0,47.70910351
2024-12-13T11:00:00-05:00,2878.00197110,1300.00000000,279.78690253,2598.21506857,861.95097355,1162.55280000,573.71129502,0.1214199690,0.1250000000,4,0,28.44375665
2024-12-13T11:15:00-05:00,2885.49578455,1300.00000000,280.07851598,2605.41726857,861.95097355,1169.75500000,573.71129502,0.1211525197,0.1250000000,4,0,28.44375665
2024-12-13T11:30:00-05:00,2889.75979949,1300.00000000,280.40253092,2609.35726857,861.95097355,1173.69500000,573.71129502,0.1210693690,0.1250000000,4,0,28.44375665
2024-12-13T11:45:00-05:00,2886.11474249,1300.00000000,280.20747393,2605.90726857,861.95097355,1170.24500000,573.71129502,0.1211758589,0.1250000000,4,0,28.44375665
2024-12-13T12:00:00-05:00,2894.42815445,1300.00000000,280.46668588,2613.96146857,861.95097355,1178.29920000,573.71129502,0.1208534702,0.1250000000,4,1,28.44375665
2024-12-13T12:15:00-05:00,2889.38479882,1300.00000000,280.20812196,2609.17667687,12.65888185,2022.80650000,573.71129502,0.1210050214,0.1250000000,5,0,47.98932114
2024-12-13T12:30:00-05:00,2881.71852736,1300.00000000,280.13295049,2601.58557687,12.65888185,2015.21540000,573.71129502,0.1213743816,0.1250000000,5,0,47.98932114
2024-12-13T12:45:00-05:00,2880.76259380,1300.00000000,280.01241693,2600.75017687,12.65888185,2014.38000000,573.71129502,0.1213724277,0.1250000000,5,0,47.98932114
2024-12-13T13:00:00-05:00,2888.86560704,1300.00000000,280.38633018,2608.47927687,12.65888185,2022.10910000,573.71129502,0.1211091324,0.1250000000,5,0,47.98932114
2024-12-13T13:15:00-05:00,2895.72290480,1300.00000000,280.33772794,2615.38517687,12.65888185,2029.01500000,573.71129502,0.1207305453,0.1250000000,5,0,47.98932114
2024-12-13T13:30:00-05:00,2895.42937864,1300.00000000,280.72460178,2614.70477687,12.65888185,2028.33460000,573.71129502,0.1209124414,0.1250000000,5,0,47.98932114
2024-12-13T13:45:00-05:00,2899.46405214,1300.00000000,280.93067528,2618.53337687,12.65888185,2032.16320000,573.71129502,0.1207912898,0.1250000000,5,1,47.98932114
2024-12-13T14:00:00-05:00,2897.92353319,1300.00000000,280.95335633,2616.97017687,12.65888185,2030.60000000,573.71129502,0.1208811105,0.1250000000,5,0,47.98932114
2024-12-13T14:15:00-05:00,2904.04128638,1300.00000000,281.41280951,2622.62847687,12.65888185,2036.25830000,573.71129502,0.1207609268,0.1250000000,5,0,47.98932114
2024-12-13T14:30:00-05:00,2897.75295262,1300.00000000,281.37457575,2616.37837687,12.65888185,2030.00820000,573.71129502,0.1210712273,0.1250000000,5,0,47.98932114
2024-12-13T14:45:00-05:00,2899.23595112,1300.00000000,281.34217426,2617.89377687,12.65888185,2031.52360000,573.71129502,0.1209800866,0.1250000000,5,0,47.98932114
2024-12-13T15:00:00-05:00,2898.98735112,1300.00000000,281.34217426,2617.64517687,12.65888185,2031.27500000,573.71129502,0.1209930208,0.1250000000,5,1,47.98932114
2024-12-13T15:15:00-05:00,2907.02146387,1300.00000000,281.37457575,2625.64688812,4.26759310,2047.66800000,573.71129502,0.1205903011,0.1250000000,6,0,48.41204297
2024-12-13T15:30:00-05:00,2911.07696237,1300.00000000,281.34217426,2629.73478812,4.26759310,2051.75590000,573.71129502,0.1203672058,0.1250000000,6,0,48.41204297
2024-12-13T15:45:00-05:00,2925.31444892,1300.00000000,281.05056081,2644.26388812,4.26759310,2066.28500000,573.71129502,0.1195144514,0.1250000000,6,0,48.41204297
2024-12-16T09:30:00-05:00,2958.05993127,1300.00000000,282.92984747,2675.13008380,1209.73133237,871.61000000,593.78875142,0.1196689491,0.1250000000,3,2,1.27485775
2024-12-16T09:45:00-05:00,2989.90490724,1300.00000000,283.62647960,2706.27842765,5.78791355,2106.02500000,594.46551409,0.1184026949,0.1250000000,4,1,94.24669166
2024-12-16T10:00:00-05:00,2970.23642263,1300.00000000,283.57463721,2686.66178542,1121.64935573,981.47000000,583.54242969,0.1188148284,0.1250000000,4,0,65.76440213
2024-12-16T10:15:00-05:00,3034.29197473,1300.00000000,283.83708931,2750.45488542,1121.64935573,1045.26310000,583.54242969,0.1158164407,0.1250000000,4,0,1.48138913
2024-12-16T10:30:00-05:00,3056.21376041,1300.00000000,283.80468782,2772.40907259,2117.14680117,24.44000000,630.82227142,0.1170139704,0.1250000000,3,3,1.48138913
2024-12-16T10:45:00-05:00,3067.53899690,1300.00000000,283.83708931,2783.70190759,19.35463617,2133.52500000,630.82227142,0.1164834165,0.1250000000,5,0,74.53240369
2024-12-16T11:00:00-05:00,3099.85645879,1300.00000000,283.96475120,2815.89170759,19.35463617,2165.71480000,630.82227142,0.1150104574,0.1250000000,5,0,74.53240369
2024-12-16T11:15:00-05:00,3121.78165580,1300.00000000,283.89994821,2837.88170759,19.35463617,2187.70480000,630.82227142,0.1139721306,0.1250000000,5,0,74.53119260
2024-12-16T11:30:00-05:00,3106.27727944,1300.00000000,283.89217185,2822.38510759,19.35463617,2172.20820000,630.82227142,0.1146828243,0.1250000000,5,0,74.48137865
2024-12-16T11:45:00-05:00,3109.54200587,1300.00000000,284.03149828,2825.51050759,19.35463617,2175.33360000,630.82227142,0.1145879844,0.1250000000,5,0,74.44750849
2024-12-16T12:00:00-05:00,3127.93585485,1300.00000000,283.96604726,2843.96980759,19.35463617,2193.79290000,630.82227142,0.1137177136,0.1250000000,5,0,73.59537256
2024-12-16T12:15:00-05:00,3121.75966178,1300.00000000,284.02955419,2837.73010759,19.35463617,2187.55320000,630.82227142,0.1140251679,0.1250000000,5,0,73.59537256
2024-12-16T12:30:00-05:00,3114.07989948,1300.00000000,284.06649189,2830.01340759,19.35463617,2179.83650000,630.82227142,0.1143926787,0.1250000000,5,0,73.59537256
2024-12-16T12:45:00-05:00,3142.66688351,1300.00000000,284.15397592,2858.51290759,19.35463617,2208.33600000,630.82227142,0.1131256187,0.1250000000,5,0,21.02670167
2024-12-16T13:00:00-05:00,3108.91210566,1300.00000000,284.11379807,2824.79830759,19.35463617,2174.62140000,630.82227142,0.1146503223,0.1250000000,5,0,21.02670167
2024-12-16T13:15:00-05:00,3128.56391035,1300.00000000,284.12870276,2844.43520759,19.35463617,2194.25830000,630.82227142,0.1137542404,0.1250000000,5,1,21.02670167
2024-12-16T13:30:00-05:00,3131.00227309,1300.00000000,284.16110425,2846.84116884,2.35689742,2213.66200000,630.82227142,0.1136562584,0.1250000000,6,0,21.39331929
2024-12-16T13:45:00-05:00,3132.63592038,1300.00000000,284.14555154,2848.49036884,2.35689742,2215.31120000,630.82227142,0.1135758259,0.1250000000,6,0,21.39331929
2024-12-16T14:00:00-05:00,3127.85167608,1300.00000000,284.22590724,2843.62576884,2.35689742,2210.44660000,630.82227142,0.1138256148,0.1250000000,6,0,21.39331929
2024-12-16T14:15:00-05:00,3124.36987010,1300.00000000,284.09630126,2840.27356884,2.35689742,2207.09440000,630.82227142,0.1139325760,0.1250000000,6,0,21.39331929
2024-12-16T14:30:00-05:00,3120.47444870,1300.00000000,284.15267986,2836.32176884,2.35689742,2203.14260000,630.82227142,0.1141334852,0.1250000000,6,0,21.39331929
2024-12-16T14:45:00-05:00,3126.62587198,1300.00000000,284.03149828,2842.59437370,11.27645132,2200.18540000,631.13252238,0.1138177741,0.1250000000,5,1,21.39331929
2024-12-16T15:00:00-05:00,3137.15071573,1300.00000000,284.03149828,2853.11921745,1.99449507,2219.99220000,631.13252238,0.1133397591,0.1250000000,6,0,21.85924994
2024-12-16T15:15:00-05:00,3139.58311872,1300.00000000,284.09630126,2855.48681745,1.99449507,2222.35980000,631.13252238,0.1132556893,0.1250000000,6,0,21.85924994
2024-12-16T15:30:00-05:00,3135.34220185,1300.00000000,284.06389977,2851.27830208,22.20178170,2197.75760000,631.31892038,0.1134429947,0.1250000000,4,2,21.39331929
2024-12-16T15:45:00-05:00,3156.40180633,1300.00000000,284.16110425,2872.24070208,22.20178170,2218.72000000,631.31892038,0.1125353571,0.1250000000,4,0,0.57314900
2024-12-17T09:30:00-05:00,3250.42379260,1300.00000000,283.69452274,2966.72926987,2258.92734379,4.87000000,702.93192608,0.1113622879,0.1250000000,1,1,0.20653138
2024-12-17T09:45:00-05:00,3240.50096929,1300.00000000,283.18905943,2957.31190987,975.08518379,1279.29480000,702.93192608,0.1115985633,0.1250000000,2,2,97.41232351
2024-12-17T10:00:00-05:00,3253.90978140,1300.00000000,282.73608654,2971.17369487,2.33616879,2265.90560000,702.93192608,0.1108343947,0.1250000000,3,0,159.38427686
2024-12-17T10:15:00-05:00,3218.00939053,1300.00000000,282.65767492,2935.35171561,7.13751794,2225.36000000,702.85419768,0.1123818028,0.1250000000,2,0,159.17774548
2024-12-17T10:30:00-05:00,3273.69846607,1300.00000000,282.99465046,2990.70381561,7.13751794,2280.71210000,702.85419768,0.1100784882,0.1250000000,2,1,159.17774548
2024-12-17T10:45:00-05:00,3243.83456906,1300.00000000,283.05945345,2960.77511561,7.13751794,2250.78340000,702.85419768,0.1113977332,0.1250000000,2,0,159.17774548
2024-12-17T11:00:00-05:00,3245.72128305,1300.00000000,283.44956744,2962.27171561,7.13751794,2252.28000000,702.85419768,0.1114684952,0.1250000000,2,0,159.17774548
2024-12-17T11:15:00-05:00,3238.40238849,1300.00000000,283.48067287,2954.92171561,7.13751794,2244.93000000,702.85419768,0.1118025182,0.1250000000,2,0,159.17774548
2024-12-17T11:30:00-05:00,3261.35466552,1300.00000000,283.85004991,2977.50461561,7.13751794,2267.51290000,702.85419768,0.1109439117,0.1250000000,2,1,159.17774548
2024-12-17T11:45:00-05:00,3229.03699446,1300.00000000,283.61027885,2945.42671561,7.13751794,2235.43500000,702.85419768,0.1122683122,0.1250000000,2,0,159.17774548
2024-12-17T12:00:00-05:00,3224.75998699,1300.00000000,283.44827138,2941.31171561,7.13751794,2231.32000000,702.85419768,0.1123944727,0.1250000000,2,0,159.17774548
2024-12-17T12:15:00-05:00,3244.89439596,1300.00000000,283.64268034,2961.25171561,7.13751794,2251.26000000,702.85419768,0.1115807219,0.1250000000,2,0,159.17774548
2024-12-17T12:30:00-05:00,3219.74160044,1300.00000000,283.73988483,2936.00171561,7.13751794,2226.01000000,702.85419768,0.1127344372,0.1250000000,2,0,159.17774548
2024-12-17T12:45:00-05:00,3253.36773047,1300.00000000,283.69711486,2969.67061561,7.13751794,2259.67890000,702.85419768,0.1112313702,0.1250000000,2,0,159.17774548
2024-12-17T13:00:00-05:00,3215.89820587,1300.00000000,283.77099026,2932.12721561,7.13751794,2222.13550000,702.85419768,0.1129192284,0.1250000000,2,1,159.17774548
2024-12-17T13:15:00-05:00,3232.53378624,1300.00000000,283.43207063,2949.10171561,7.13751794,2239.11000000,702.85419768,0.1120426760,0.1250000000,2,0,159.17774548
2024-12-17T13:30:00-05:00,3246.42115581,1300.00000000,283.63944020,2962.78171561,7.13751794,2252.79000000,702.85419768,0.1115124724,0.1250000000,2,0,159.17774548
2024-12-17T13:45:00-05:00,3236.03418102,1300.00000000,283.31866540,2952.71551561,7.13751794,2242.72380000,702.85419768,0.1118430855,0.1250000000,2,0,159.17774548
2024-12-17T14:00:00-05:00,3278.62657803,1300.00000000,283.25386241,2995.37271561,7.13751794,2285.38100000,702.85419768,0.1099685145,0.1250000000,2,1,159.17774548
2024-12-17T14:15:00-05:00,3305.62173455,1300.00000000,283.12425644,3022.49747811,1.48328044,2318.16000000,702.85419768,0.1087781573,0.1250000000,3,0,159.33775253
2024-12-17T14:30:00-05:00,3267.93212857,1300.00000000,282.99465046,2984.93747811,1.48328044,2280.60000000,702.85419768,0.1103259465,0.1250000000,3,0,159.33775253
2024-12-17T14:45:00-05:00,3256.12212857,1300.00000000,282.99465046,2973.12747811,1.48328044,2268.79000000,702.85419768,0.1108362530,0.1250000000,3,0,159.33775253
2024-12-17T15:00:00-05:00,3227.11778938,1300.00000000,282.92531126,2944.19247811,1.48328044,2239.85500000,702.85419768,0.1120823167,0.1250000000,3,0,159.33775253
2024-12-17T15:15:00-05:00,3215.88514026,1300.00000000,282.72766215,2933.15747811,1.48328044,2228.82000000,702.85419768,0.1125046482,0.1250000000,3,0,159.33775253
2024-12-17T15:30:00-05:00,3222.95393903,1300.00000000,283.22146092,2939.73247811,1.48328044,2235.39500000,702.85419768,0.1123850204,0.1250000000,3,2,159.33775253
2024-12-17T15:45:00-05:00,3252.74094650,1300.00000000,283.38346839,2969.35747811,1.48328044,2265.02000000,702.85419768,0.1111357077,0.1250000000,3,3,159.33775253
2024-12-18T09:30:00-05:00,3309.17180906,1300.00000000,283.05945345,3026.11235561,7.87502114,2314.95000000,703.28733448,0.1086231781,0.1250000000,2,4,97.20579213
2024-12-18T09:45:00-05:00,3314.91545760,1300.00000000,283.02769998,3031.88775761,1058.19050994,1224.85500000,748.84224767,0.1102960348,0.1250000000,1,1,97.20579213
2024-12-18T10:00:00-05:00,3279.73198654,1300.00000000,283.18905943,2996.54292711,9.63067944,2238.07000000,748.84224767,0.1118930845,0.1250000000,2,0,157.14795427
2024-12-18T10:15:00-05:00,3263.75902516,1300.00000000,283.18970746,2980.56931770,1231.67250472,1036.35000000,712.54681299,0.1110020194,0.1250000000,1,0,59.94216214
2024-12-18T10:30:00-05:00,3277.14258908,1300.00000000,283.44827138,2993.69431770,1231.67250472,1049.47500000,712.54681299,0.1105235663,0.1250000000,1,0,59.94216214
2024-12-18T10:45:00-05:00,3277.88808908,1300.00000000,283.44827138,2994.43981770,1231.67250472,1050.22050000,712.54681299,0.1104914477,0.1250000000,1,0,59.94216214
2024-12-18T11:00:00-05:00,3279.11298310,1300.00000000,283.31866540,2995.79431770,1231.67250472,1051.57500000,712.54681299,0.1103882178,0.1250000000,1,1,59.94216214
2024-12-18T11:15:00-05:00,3281.94469323,1300.00000000,283.38217233,2998.56252090,4.89070792,2281.12500000,712.54681299,0.1102912766,0.1250000000,2,0,101.72221753
2024-12-18T11:30:00-05:00,3332.73279228,1300.00000000,283.44827138,3049.28452090,4.89070792,2331.84700000,712.54681299,0.1081786841,0.1250000000,2,3,59.94216214
2024-12-18T11:45:00-05:00,3289.40876565,1300.00000000,283.39124475,3006.01752090,4.89070792,2288.58000000,712.54681299,0.1099753304,0.1250000000,2,0,59.94216214
2024-12-18T12:00:00-05:00,3298.87875702,1300.00000000,283.37763612,3015.50112090,4.89070792,2298.06360000,712.54681299,0.1095673882,0.1250000000,2,0,59.94216214
2024-12-18T12:15:00-05:00,3323.36679228,1300.00000000,283.44827138,3039.91852090,4.89070792,2322.48100000,712.54681299,0.1085667620,0.1250000000,2,0,59.94216214
2024-12-18T12:30:00-05:00,3350.55310601,1300.00000000,283.31218510,3067.24092090,4.89070792,2349.80340000,712.54681299,0.1073963265,0.1250000000,2,0,59.94216214
2024-12-18T12:45:00-05:00,3344.44989079,1300.00000000,283.41586989,3061.03402090,4.89070792,2343.59650000,712.54681299,0.1076847671,0.1250000000,2,1,59.94216214
2024-12-18T13:00:00-05:00,3370.12273895,1300.00000000,283.35106690,3086.77167206,1283.69623796,1059.97500000,743.10043410,0.1078601679,0.1250000000,1,2,59.94216214
2024-12-18T13:15:00-05:00,3363.48939370,1300.00000000,283.38346839,3080.10592531,0.40549121,2336.60000000,743.10043410,0.1081455741,0.1250000000,3,0,98.30317410
2024-12-18T13:30:00-05:00,3370.57086333,1300.00000000,283.24543803,3087.32542531,0.40549121,2343.81950000,743.10043410,0.1078015702,0.1250000000,3,1,98.30317410
2024-12-18T13:45:00-05:00,3411.88183310,1300.00000000,283.37050779,3128.51132531,0.40549121,2385.00540000,743.10043410,0.1061797373,0.1250000000,3,0,98.30317410
2024-12-18T14:00:00-05:00,3342.01735022,1300.00000000,281.63378770,3060.38356251,3.66777645,2313.65600000,743.05978606,0.1083641348,0.1250000000,2,0,98.19573260
2024-12-18T14:15:00-05:00,3303.05781164,1300.00000000,280.79134885,3022.26646278,1258.94057112,1034.76450000,728.56139167,0.1090665136,0.1250000000,1,0,59.94216214
2024-12-18T14:30:00-05:00,3306.02390267,1300.00000000,280.59693989,3025.42696278,1258.94057112,1037.92500000,728.56139167,0.1088655756,0.1250000000,1,0,59.94216214
2024-12-18T14:45:00-05:00,3274.34922199,1300.00000000,278.84725920,2995.50196278,1258.94057112,1008.00000000,728.56139167,0.1095327960,0.1250000000,1,0,59.94216214
2024-12-18T15:00:00-05:00,3253.18857928,1300.00000000,277.81041139,2975.37816790,2269.26971763,0.00000000,706.10845027,0.1090701499,0.1250000000,0,0,0.00000000
2024-12-18T15:15:00-05:00,3251.84715742,1300.00000000,276.46898953,2975.37816790,2269.26971763,0.00000000,706.10845027,0.1086006937,0.1250000000,0,0,0.00000000
2024-12-18T15:30:00-05:00,3248.58756711,1300.00000000,273.20939921,2975.37816790,2269.26971763,0.00000000,706.10845027,0.1074578735,0.1250000000,0,0,0.00000000
2024-12-18T15:45:00-05:00,3248.91158205,1300.00000000,273.53341415,2975.37816790,2269.26971763,0.00000000,706.10845027,0.1075716050,0.1250000000,0,0,0.00000000
2024-12-19T09:30:00-05:00,3244.10527537,1300.00000000,315.05905887,2929.04621650,2222.93776623,0.00000000,706.10845027,0.1241369003,0.1250000000,0,0,0.00000000
2024-12-19T09:45:00-05:00,3244.13562058,1300.00000000,315.08940408,2929.04621650,2222.93776623,0.00000000,706.10845027,0.1241473723,0.1250000000,0,1,0.00000000
2024-12-19T10:00:00-05:00,3196.48092497,1300.00000000,315.55823745,2880.92268752,1254.30653725,920.50770000,706.10845027,0.1267112613,0.1250000000,1,0,97.29160965
2024-12-19T10:15:00-05:00,3207.26816983,1300.00000000,313.88318230,2893.38498752,1254.30653725,932.97000000,706.10845027,0.1254950573,0.1250000000,1,0,97.29160965
2024-12-19T10:30:00-05:00,3214.65566400,1300.00000000,314.52877647,2900.12688752,1254.30653725,939.71190000,706.10845027,0.1253828410,0.1250000000,1,0,97.29160965
2024-12-19T10:45:00-05:00,3204.81145739,1300.00000000,314.83146986,2889.97998752,1254.30653725,929.56500000,706.10845027,0.1259979553,0.1250000000,1,0,97.29160965
2024-12-19T11:00:00-05:00,3214.45571781,1300.00000000,313.57973028,2900.87598752,1254.30653725,940.46100000,706.10845027,0.1250144804,0.1250000000,1,0,97.29160965
2024-12-19T11:15:00-05:00,3256.56922443,1300.00000000,315.51423690,2941.05498752,1254.30653725,980.64000000,706.10845027,0.1237087197,0.1250000000,1,0,97.29160965
2024-12-19T11:30:00-05:00,3263.22749842,1300.00000000,315.36251089,2947.86498752,1254.30653725,987.45000000,706.10845027,0.1233272699,0.1250000000,1,0,97.29160965
2024-12-19T11:45:00-05:00,3221.91232039,1300.00000000,314.90733286,2907.00498752,1254.30653725,946.59000000,706.10845027,0.1251716545,0.1250000000,1,0,97.29160965
2024-12-19T12:00:00-05:00,3194.12989991,1300.00000000,314.36491238,2879.76498752,1254.30653725,919.35000000,706.10845027,0.1263513674,0.1250000000,1,1,97.29160965
2024-12-19T12:15:00-05:00,3243.46535029,1300.00000000,313.29524401,2930.17010627,0.19165600,2223.87000000,706.10845027,0.1234730692,0.1250000000,2,0,188.60484543
2024-12-19T12:30:00-05:00,3205.23667904,1300.00000000,313.39007277,2891.84660627,0.19165600,2185.54650000,706.10845027,0.1253997571,0.1250000000,2,0,188.60484543
2024-12-19T12:45:00-05:00,3215.57423510,1300.00000000,314.30042883,2901.27380627,0.19165600,2194.97370000,706.10845027,0.1252459510,0.1250000000,2,0,188.60484543
2024-12-19T13:00:00-05:00,3229.44394609,1300.00000000,314.07283981,2915.37110627,0.19165600,2209.07100000,706.10845027,0.1244673332,0.1250000000,2,0,188.60484543
2024-12-19T13:15:00-05:00,3282.47846633,1300.00000000,314.31636006,2968.16210627,0.19165600,2261.86200000,706.10845027,0.1219996965,0.1250000000,2,0,188.60484543
2024-12-19T13:30:00-05:00,3286.57872412,1300.00000000,314.52801784,2972.05070627,0.19165600,2265.75060000,706.10845027,0.1218878671,0.1250000000,2,0,188.60484543
2024-12-19T13:45:00-05:00,3312.82861717,1300.00000000,315.36251089,2997.46610627,0.19165600,2291.16600000,706.10845027,0.1209805774,0.1250000000,2,0,188.60484543
2024-12-19T14:00:00-05:00,3330.87413510,1300.00000000,314.30042883,3016.57370627,0.19165600,2310.27360000,706.10845027,0.1197441854,0.1250000000,2,1,188.60484543
2024-12-19T14:15:00-05:00,3293.99708308,1300.00000000,313.99697681,2980.00010627,0.19165600,2273.70000000,706.10845027,0.1213332648,0.1250000000,2,0,188.60484543
2024-12-19T14:30:00-05:00,3267.35149407,1300.00000000,313.76938779,2953.58210627,0.19165600,2247.28200000,706.10845027,0.1225066823,0.1250000000,2,0,188.60484543
2024-12-19T14:45:00-05:00,3252.83666806,1300.00000000,313.61766178,2939.21900627,0.19165600,2232.91890000,706.10845027,0.1231453202,0.1250000000,2,1,188.60484543
2024-12-19T15:00:00-05:00,3257.93464205,1300.00000000,313.46593577,2944.46870627,0.19165600,2238.16860000,706.10845027,0.1228398457,0.1250000000,2,0,188.60484543
2024-12-19T15:15:00-05:00,3293.12032364,1300.00000000,313.93021736,2979.19010627,0.19165600,2272.89000000,706.10845027,0.1213485800,0.1250000000,2,0,188.60484543
2024-12-19T15:30:00-05:00,3331.46509410,1300.00000000,313.49248783,3017.97260627,0.19165600,2311.67250000,706.10845027,0.1194094862,0.1250000000,2,0,188.60484543
2024-12-19T15:45:00-05:00,3330.05309698,1300.00000000,312.32799070,3017.72510627,0.19165600,2311.42500000,706.10845027,0.1190299464,0.1250000000,2,0,188.60484543
2024-12-20T09:30:00-05:00,3370.31791874,1300.00000000,310.51714078,3059.80077796,5.82632769,2347.86600000,706.10845027,0.1165513239,0.1250000000,2,0,91.31323578
2024-12-20T09:45:00-05:00,3448.31786799,1300.00000000,310.35555258,3137.96231541,1096.49536600,1263.68550000,777.78144941,0.1162146865,0.1250000000,1,0,91.31323578
2024-12-20T10:00:00-05:00,3409.31772404,1300.00000000,311.26590864,3098.05181541,1096.49536600,1223.77500000,777.78144941,0.1182829633,0.1250000000,1,0,91.31323578
2024-12-20T10:15:00-05:00,3428.67894311,1300.00000000,312.25212770,3116.42681541,1096.49536600,1242.15000000,777.78144941,0.1177910985,0.1250000000,1,0,91.31323578
2024-12-20T10:30:00-05:00,3443.49510062,1300.00000000,312.44178521,3131.05331541,1096.49536600,1256.77650000,777.78144941,0.1172075572,0.1250000000,1,0,91.31323578
2024-12-20T10:45:00-05:00,3436.13666857,1300.00000000,312.35985316,3123.77681541,1096.49536600,1249.50000000,777.78144941,0.1175011717,0.1250000000,1,0,91.31323578
2024-12-20T11:00:00-05:00,3425.45912114,1300.00000000,312.70730573,3112.75181541,1096.49536600,1238.47500000,777.78144941,0.1181062593,0.1250000000,1,0,91.31323578
2024-12-20T11:15:00-05:00,3440.15912114,1300.00000000,312.70730573,3127.45181541,1096.49536600,1253.17500000,777.78144941,0.1174541497,0.1250000000,1,0,91.31323578
2024-12-20T11:30:00-05:00,3458.68272551,1300.00000000,312.78241010,3145.90031541,1096.49536600,1271.62350000,777.78144941,0.1166706185,0.1250000000,1,0,91.31323578
2024-12-20T11:45:00-05:00,3458.57205264,1300.00000000,312.74523723,3145.82681541,1096.49536600,1271.55000000,777.78144941,0.1166615687,0.1250000000,1,0,91.31323578
2024-12-20T12:00:00-05:00,3473.30315647,1300.00000000,312.77634106,3160.52681541,1096.49536600,1286.25000000,777.78144941,0.1160355490,0.1250000000,1,0,91.31323578
2024-12-20T12:15:00-05:00,3451.22205264,1300.00000000,312.74523723,3138.47681541,1096.49536600,1264.20000000,777.78144941,0.1169823024,0.1250000000,1,0,91.31323578
2024-12-20T12:30:00-05:00,3440.19705264,1300.00000000,312.74523723,3127.45181541,1096.49536600,1253.17500000,777.78144941,0.1174667234,0.1250000000,1,0,91.31323578
2024-12-20T12:45:00-05:00,3451.14618963,1300.00000000,312.66937422,3138.47681541,1096.49536600,1264.20000000,777.78144941,0.1169572447,0.1250000000,1,0,91.31323578
2024-12-20T13:00:00-05:00,3443.79618963,1300.00000000,312.66937422,3131.12681541,1096.49536600,1256.85000000,777.78144941,0.1172796870,0.1250000000,1,0,91.31323578
2024-12-20T13:15:00-05:00,3460.44039513,1300.00000000,312.55557972,3147.88481541,1096.49536600,1273.60800000,777.78144941,0.1165096220,0.1250000000,1,0,91.31323578
2024-12-20T13:30:00-05:00,3487.19912114,1300.00000000,312.70730573,3174.49181541,1096.49536600,1300.21500000,777.78144941,0.1154149502,0.1250000000,1,0,91.31323578
2024-12-20T13:45:00-05:00,3495.21062114,1300.00000000,312.70730573,3182.50331541,1096.49536600,1308.22650000,777.78144941,0.1150746849,0.1250000000,1,0,91.31323578
2024-12-20T14:00:00-05:00,3480.62205264,1300.00000000,312.74523723,3167.87681541,1096.49536600,1293.60000000,777.78144941,0.1157098339,0.1250000000,1,0,91.31323578
2024-12-20T14:15:00-05:00,3480.59701785,1300.00000000,312.72020244,3167.87681541,1096.49536600,1293.60000000,777.78144941,0.1157016432,0.1250000000,1,0,91.31323578
2024-12-20T14:30:00-05:00,3484.40932988,1300.00000000,312.85751448,3171.55181541,1096.49536600,1297.27500000,777.78144941,0.1155894080,0.1250000000,1,0,91.31323578
2024-12-20T14:45:00-05:00,3473.34791564,1300.00000000,312.82110023,3160.52681541,1096.49536600,1286.25000000,777.78144941,0.1160502270,0.1250000000,1,0,91.31323578
2024-12-20T15:00:00-05:00,3491.72291564,1300.00000000,312.82110023,3178.90181541,1096.49536600,1304.62500000,777.78144941,0.1152644978,0.1250000000,1,0,91.31323578
2024-12-20T15:15:00-05:00,3469.52270689,1300.00000000,312.67089148,3156.85181541,1096.49536600,1282.57500000,777.78144941,0.1161593413,0.1250000000,1,0,91.31323578
2024-12-20T15:30:00-05:00,3449.71015376,1300.00000000,312.55633835,3137.15381541,1096.49536600,1262.87700000,777.78144941,0.1169777988,0.1250000000,1,0,91.31323578
2024-12-20T15:45:00-05:00,3447.43325813,1300.00000000,312.63144272,3134.80181541,1096.49536600,1260.52500000,777.78144941,0.1171056996,0.1250000000,1,0,91.31323578
2024-12-23T09:30:00-05:00,3441.22120320,1300.00000000,313.76938779,3127.45181541,1096.49536600,1253.17500000,777.78144941,0.1178060767,0.1250000000,1,2,91.31323578
2024-12-23T09:45:00-05:00,3434.10725797,1300.00000000,314.14794419,3119.95931378,6.34286438,2335.83500000,777.78144941,0.1182640861,0.1250000000,3,0,125.23968627
2024-12-23T10:00:00-05:00,3425.70316885,1300.00000000,312.51385506,3113.18931378,6.34286438,2329.06500000,777.78144941,0.1180223164,0.1250000000,3,0,125.23968627
2024-12-23T10:15:00-05:00,3419.68748252,1300.00000000,312.78316873,3106.90431378,6.34286438,2322.78000000,777.78144941,0.1183929954,0.1250000000,3,1,125.23968627
2024-12-23T10:30:00-05:00,3428.46419932,1300.00000000,313.01682679,3115.44737253,0.68362313,2336.98230000,777.78144941,0.1180891326,0.1250000000,4,0,125.82216486
2024-12-23T10:45:00-05:00,3426.05179328,1300.00000000,313.08662075,3112.96517253,0.68362313,2334.50010000,777.78144941,0.1182230589,0.1250000000,4,0,125.82216486
2024-12-23T11:00:00-05:00,3431.28026033,1300.00000000,313.76938779,3117.51087253,0.68362313,2339.04580000,777.78144941,0.1182474198,0.1250000000,4,0,125.82216486
2024-12-23T11:15:00-05:00,3472.16137535,1300.00000000,314.14870282,3158.01267253,0.68362313,2379.54760000,777.78144941,0.1165940630,0.1250000000,4,0,125.82216486
2024-12-23T11:30:00-05:00,3485.04190540,1300.00000000,314.90733286,3170.13457253,0.68362313,2391.66950000,777.78144941,0.1163195555,0.1250000000,4,1,125.82216486
2024-12-23T11:45:00-05:00,3476.19154511,1300.00000000,315.05147257,3161.14007253,0.68362313,2382.67500000,777.78144941,0.1167544819,0.1250000000,4,0,125.82216486
2024-12-23T12:00:00-05:00,3490.50976840,1300.00000000,314.98319587,3175.52657253,0.68362313,2397.06150000,777.78144941,0.1161130636,0.1250000000,4,0,125.82216486
2024-12-23T12:15:00-05:00,3523.67740540,1300.00000000,314.90733286,3208.77007253,0.68362313,2430.30500000,777.78144941,0.1146829078,0.1250000000,4,0,125.82216486
2024-12-23T12:30:00-05:00,3544.34439441,1300.00000000,315.13492188,3229.20947253,0.68362313,2450.74440000,777.78144941,0.1139084590,0.1250000000,4,0,125.82216486
2024-12-23T12:45:00-05:00,3564.87142042,1300.00000000,315.28664789,3249.58477253,0.68362313,2471.11970000,777.78144941,0.1131239577,0.1250000000,4,0,34.50892908
2024-12-23T13:00:00-05:00,3538.35750944,1300.00000000,315.51423690,3222.84327253,0.68362313,2444.37820000,777.78144941,0.1142928976,0.1250000000,4,0,34.50892908
2024-12-23T13:15:00-05:00,3547.25790944,1300.00000000,315.51423690,3231.74367253,0.68362313,2453.27860000,777.78144941,0.1139255890,0.1250000000,4,0,34.50892908
2024-12-23T13:30:00-05:00,3542.75289845,1300.00000000,315.74182592,3227.01107253,0.68362313,2448.54600000,777.78144941,0.1141935212,0.1250000000,4,0,34.50892908
2024-12-23T13:45:00-05:00,3545.93014474,1300.00000000,315.86017221,3230.06997253,0.68362313,2451.60490000,777.78144941,0.1141052042,0.1250000000,4,1,34.50892908
2024-12-23T14:00:00-05:00,3548.97347021,1300.00000000,315.96789767,3233.00557253,0.68362313,2454.54050000,777.78144941,0.1140187671,0.1250000000,4,0,34.50892908
2024-12-23T14:15:00-05:00,3551.32835596,1300.00000000,315.93148343,3235.39687253,0.68362313,2456.93180000,777.78144941,0.1139088301,0.1250000000,4,0,34.50892908
2024-12-23T14:30:00-05:00,3564.84517298,1300.00000000,315.63410045,3249.21107253,0.68362313,2470.74600000,777.78144941,0.1132496892,0.1250000000,4,0,34.50892908
2024-12-23T14:45:00-05:00,3553.32763355,1300.00000000,315.51196101,3237.81567253,0.68362313,2459.35060000,777.78144941,0.1136756300,0.1250000000,4,0,34.50892908
2024-12-23T15:00:00-05:00,3548.59784643,1300.00000000,315.43837390,3233.15947253,0.68362313,2454.69440000,777.78144941,0.1138431165,0.1250000000,4,0,34.50892908
2024-12-23T15:15:00-05:00,3554.69172042,1300.00000000,315.28664789,3239.40507253,0.68362313,2460.94000000,777.78144941,0.1135386516,0.1250000000,4,0,34.50892908
2024-12-23T15:30:00-05:00,3551.30603545,1300.00000000,315.66596291,3235.64007253,0.68362313,2457.17500000,777.78144941,0.1138140129,0.1250000000,4,0,34.50892908
2024-12-23T15:45:00-05:00,3577.71535047,1300.00000000,316.04527794,3261.67007253,0.68362313,2483.20500000,777.78144941,0.1128759782,0.1250000000,4,2,34.50892908
2024-12-24T09:30:00-05:00,3544.60997366,1300.00000000,317.79012705,3226.81984661,1301.80676886,1119.62360000,805.38947775,0.1160148033,0.1250000000,3,3,34.50892908
2024-12-24T09:45:00-05:00,3556.48566318,1300.00000000,318.16944207,3238.31622111,1.99864336,2430.92810000,805.38947775,0.1156518786,0.1250000000,5,1,70.68156853
2024-12-24T10:00:00-05:00,3553.45329356,1300.00000000,318.39627246,3235.05702111,1.99864336,2427.66890000,805.38947775,0.1158620373,0.1250000000,5,0,70.68156853
2024-12-24T10:15:00-05:00,3556.47751520,1300.00000000,318.47289409,3238.00462111,1.99864336,2430.61650000,805.38947775,0.1157625237,0.1250000000,5,0,70.68156853
2024-12-24T10:30:00-05:00,3556.40096722,1300.00000000,318.77634611,3237.62462111,1.99864336,2430.23650000,805.38947775,0.1158760504,0.1250000000,5,1,70.68156853
2024-12-24T10:45:00-05:00,3556.35916722,1300.00000000,318.77634611,3237.58282111,1.99864336,2430.19470000,805.38947775,0.1158778111,0.1250000000,5,1,70.68156853
2024-12-24T11:00:00-05:00,3557.37031873,1300.00000000,318.75889762,3238.61142111,1.99864336,2431.22330000,805.38947775,0.1158288942,0.1250000000,5,1,70.68156853
2024-12-24T11:15:00-05:00,3550.93294996,1300.00000000,318.77482885,3232.15812111,1.99864336,2424.77000000,805.38947775,0.1161062763,0.1250000000,5,1,70.68156853
2024-12-24T11:30:00-05:00,3564.38776722,1300.00000000,318.77634611,3245.61142111,1.99864336,2438.22330000,805.38947775,0.1155406103,0.1250000000,5,0,70.68156853
2024-12-24T11:45:00-05:00,3560.69360421,1300.00000000,318.70048310,3241.99312111,1.99864336,2434.60500000,805.38947775,0.1156679874,0.1250000000,5,0,70.68156853
2024-12-24T12:00:00-05:00,3563.27736173,1300.00000000,318.89014062,3244.38722111,1.99864336,2436.99910000,805.38947775,0.1156283917,0.1250000000,5,0,70.68156853
2024-12-24T12:15:00-05:00,3556.96967597,1300.00000000,318.92655486,3238.04312111,1.99864336,2430.65500000,805.38947775,0.1159066907,0.1250000000,5,1,70.68156853
2024-12-24T12:30:00-05:00,3547.86466173,1300.00000000,318.89014062,3228.97452111,1.99864336,2421.58640000,805.38947775,0.1162782229,0.1250000000,5,1,70.68156853
2024-12-24T12:45:00-05:00,3567.72414086,1300.00000000,318.96600362,3248.75813723,0.01865948,2443.35000000,805.38947775,0.1154697177,0.1250000000,6,0,70.78138852
2024-12-24T13:00:00-05:00,3569.33014115,1300.00000000,319.38325015,3249.94689100,1.93486839,2442.66000000,805.35202261,0.1155520183,0.1250000000,5,0,70.68156853
2024-12-26T09:30:00-05:00,3604.63734845,1300.00000000,344.30871940,3260.32862904,1102.03724713,1328.16300000,830.12838192,0.1240971731,0.1250000000,3,2,36.75511804
2024-12-26T09:45:00-05:00,3613.11764714,1300.00000000,343.82662559,3269.29102154,0.80193963,2438.36070000,830.12838192,0.1235457966,0.1250000000,5,0,127.98979128
2024-12-26T10:00:00-05:00,3561.18615346,1300.00000000,343.65923191,3217.52692154,0.80193963,2386.59660000,830.12838192,0.1258337467,0.1250000000,5,1,127.40731269
2024-12-26T10:15:00-05:00,3586.81252819,1300.00000000,344.32880664,3242.48372154,0.80193963,2411.55340000,830.12838192,0.1249068767,0.1250000000,5,1,127.40731269
2024-12-26T10:30:00-05:00,3587.99611872,1300.00000000,344.24510980,3243.75100892,0.11792700,2413.50470000,830.12838192,0.1248229221,0.1250000000,6,0,127.45204721
2024-12-26T10:45:00-05:00,3622.05118637,1300.00000000,344.57989717,3277.47128920,6.50786684,2440.40590000,830.55752236,0.1234392546,0.1250000000,5,1,92.19419909
2024-12-26T11:00:00-05:00,3615.17532997,1300.00000000,344.74729085,3270.42803912,1.50401676,2438.36650000,830.55752236,0.1238041680,0.1250000000,6,0,92.38194256
2024-12-26T11:15:00-05:00,3635.71464261,1300.00000000,344.41250349,3291.30213912,1.50401676,2459.24060000,830.55752236,0.1227783289,0.1250000000,6,0,92.38194256
2024-12-26T11:30:00-05:00,3645.32617208,1300.00000000,344.95653296,3300.36963912,1.50401676,2468.30810000,830.55752236,0.1225523572,0.1250000000,6,0,91.42262482
2024-12-26T11:45:00-05:00,3645.27071418,1300.00000000,345.16577506,3300.10493912,1.50401676,2468.04340000,830.55752236,0.1226291105,0.1250000000,6,0,91.42262482
2024-12-26T12:00:00-05:00,3628.63007296,1300.00000000,345.17163384,3283.45843912,1.50401676,2451.39690000,830.55752236,0.1233605018,0.1250000000,6,0,91.19014682
2024-12-26T12:15:00-05:00,3675.55653566,1300.00000000,344.99419654,3330.56233912,1.50401676,2498.50080000,830.55752236,0.1212633800,0.1250000000,6,0,91.19014682
2024-12-26T12:30:00-05:00,3682.63797208,1300.00000000,344.95653296,3337.68143912,1.50401676,2505.61990000,830.55752236,0.1209490893,0.1250000000,6,0,91.19014682
2024-12-26T12:45:00-05:00,3643.79944261,1300.00000000,344.41250349,3299.38693912,1.50401676,2467.32540000,830.55752236,0.1224254839,0.1250000000,6,0,91.19014682
2024-12-26T13:00:00-05:00,3642.68632682,1300.00000000,344.83098769,3297.85533912,1.50401676,2465.79380000,830.55752236,0.1226227572,0.1250000000,6,0,91.19014682
2024-12-26T13:15:00-05:00,3660.90276892,1300.00000000,345.04022980,3315.86253912,1.50401676,2483.80100000,830.55752236,0.1219074706,0.1250000000,6,0,91.19014682
2024-12-26T13:30:00-05:00,3632.82213313,1300.00000000,344.66359401,3288.15853912,1.50401676,2456.09700000,830.55752236,0.1229946639,0.1250000000,6,0,91.19014682
2024-12-26T13:45:00-05:00,3641.62572997,1300.00000000,344.74729085,3296.87843912,1.50401676,2464.81690000,830.55752236,0.1226392479,0.1250000000,6,0,91.19014682
2024-12-26T14:00:00-05:00,3623.59153183,1300.00000000,344.72469271,3278.86683912,1.50401676,2446.80530000,830.55752236,0.1234230201,0.1250000000,6,0,91.19014682
2024-12-26T14:15:00-05:00,3625.26042838,1300.00000000,344.83098769,3280.42944069,2.24402942,2447.59500000,830.59041127,0.1233888028,0.1250000000,5,1,91.19014682
2024-12-26T14:30:00-05:00,3647.88568818,1300.00000000,345.12392664,3302.76176154,0.67065027,2471.50070000,830.59041127,0.1225018653,0.1250000000,6,0,91.29302867
2024-12-26T14:45:00-05:00,3656.30718022,1300.00000000,345.17581868,3311.13136154,0.67065027,2479.87030000,830.59041127,0.1221551369,0.1250000000,6,0,91.29302867
2024-12-26T15:00:00-05:00,3662.96242776,1300.00000000,345.00256622,3317.95986154,0.67065027,2486.69880000,830.59041127,0.1218069393,0.1250000000,6,0,91.29302867
2024-12-26T15:15:00-05:00,3677.19357870,1300.00000000,345.37501717,3331.81856154,0.67065027,2500.55750000,830.59041127,0.1213288249,0.1250000000,6,0,91.29302867
2024-12-26T15:30:00-05:00,3665.66616725,1300.00000000,345.33400571,3320.33216154,0.67065027,2489.07110000,830.59041127,0.1218076819,0.1250000000,6,0,91.29302867
2024-12-26T15:45:00-05:00,3663.30084160,1300.00000000,344.83098769,3318.46985391,1303.36221527,1173.58800000,841.51963864,0.1222033045,0.1250000000,5,1,91.29302867
2024-12-27T09:30:00-05:00,3759.61960154,1300.00000000,340.14396456,3419.47563698,1217.57204253,1293.26500000,908.63859445,0.1193076922,0.1250000000,3,2,56.19352928
2024-12-27T09:45:00-05:00,3756.84634088,1300.00000000,340.22766140,3416.61867948,1.25048503,2506.72960000,908.63859445,0.1194532463,0.1250000000,4,1,103.47688991
2024-12-27T10:00:00-05:00,3689.77152217,1300.00000000,338.30263404,3351.46888813,2465.90673528,15.48000000,870.08215285,0.1199786890,0.1250000000,1,0,0.91479133
2024-12-27T10:15:00-05:00,3689.41086862,1300.00000000,338.05238049,3351.35848813,2465.90673528,15.36960000,870.08215285,0.1199052734,0.1250000000,1,0,0.91479133
2024-12-27T10:30:00-05:00,3690.04446112,1300.00000000,338.59557299,3351.44888813,2465.90673528,15.46000000,870.08215285,0.1200709570,0.1250000000,1,1,0.91479133
2024-12-27T10:45:00-05:00,3645.85781888,1300.00000000,338.72111825,3307.13670063,1030.98134778,1406.07320000,870.08215285,0.1220275552,0.1250000000,2,0,111.60362323
2024-12-27T11:00:00-05:00,3617.95854731,1300.00000000,337.96784668,3279.99070063,1030.98134778,1378.92720000,870.08215285,0.1229923760,0.1250000000,2,0,111.60362323
2024-12-27T11:15:00-05:00,3680.91386099,1300.00000000,338.93036036,3341.98350063,1030.98134778,1440.92000000,870.08215285,0.1205800971,0.1250000000,2,0,111.60362323
2024-12-27T11:30:00-05:00,3715.11212204,1300.00000000,338.63742141,3376.47470063,1030.98134778,1475.41120000,870.08215285,0.1190277168,0.1250000000,2,0,111.60362323
2024-12-27T11:45:00-05:00,3698.58544415,1300.00000000,338.05154352,3360.53390063,1030.98134778,1459.47040000,870.08215285,0.1195160510,0.1250000000,2,0,111.60362323
2024-12-27T12:00:00-05:00,3787.57375362,1300.00000000,337.80045299,3449.77330063,1030.98134778,1548.70980000,870.08215285,0.1157845503,0.1250000000,2,0,111.60362323
2024-12-27T12:15:00-05:00,3770.13758950,1300.00000000,337.72428887,3432.41330063,1030.98134778,1531.34980000,870.08215285,0.1164544252,0.1250000000,2,0,111.60362323
2024-12-27T12:30:00-05:00,3756.28334731,1300.00000000,337.96784668,3418.31550063,1030.98134778,1517.25200000,870.08215285,0.1170978126,0.1250000000,2,0,111.60362323
2024-12-27T12:45:00-05:00,3745.92623151,1300.00000000,338.38633089,3407.53990063,1030.98134778,1506.47640000,870.08215285,0.1176650478,0.1250000000,2,0,111.60362323
2024-12-27T13:00:00-05:00,3735.84932204,1300.00000000,338.63742141,3397.21190063,1030.98134778,1496.14840000,870.08215285,0.1181664111,0.1250000000,2,0,111.60362323
2024-12-27T13:15:00-05:00,3739.26347362,1300.00000000,338.59557299,3400.66790063,1030.98134778,1499.60440000,870.08215285,0.1180112147,0.1250000000,2,0,111.60362323
2024-12-27T13:30:00-05:00,3717.51099993,1300.00000000,339.22329930,3378.28770063,1030.98134778,1477.22420000,870.08215285,0.1191331961,0.1250000000,2,0,111.60362323
2024-12-27T13:45:00-05:00,3735.41297466,1300.00000000,339.89287404,3395.52010063,1030.98134778,1494.45660000,870.08215285,0.1186225588,0.1250000000,2,0,111.60362323
2024-12-27T14:00:00-05:00,3699.45553770,1300.00000000,339.89203707,3359.56350063,1030.98134778,1458.50000000,870.08215285,0.1201297923,0.1250000000,2,0,111.60362323
2024-12-27T14:15:00-05:00,3693.90084717,1300.00000000,339.64094654,3354.25990063,1030.98134778,1453.19640000,870.08215285,0.1202771790,0.1250000000,2,0,111.60362323
2024-12-27T14:30:00-05:00,3687.87361045,1300.00000000,340.26950982,3347.60410063,1030.98134778,1446.54060000,870.08215285,0.1207575205,0.1250000000,2,0,111.60362323
2024-12-27T14:45:00-05:00,3700.03030098,1300.00000000,340.52060035,3359.50970063,1030.98134778,1458.44620000,870.08215285,0.1203275051,0.1250000000,2,2,111.60362323
2024-12-27T15:00:00-05:00,3686.76570783,1300.00000000,339.55724970,3347.20845813,0.81930528,2476.30700000,870.08215285,0.1205521469,0.1250000000,4,0,149.46066365
2024-12-27T15:15:00-05:00,3690.51799355,1300.00000000,339.77653543,3350.74145813,0.81930528,2479.84000000,870.08215285,0.1204695142,0.1250000000,4,0,149.46066365
2024-12-27T15:30:00-05:00,3704.59391718,1300.00000000,338.99145905,3365.60245813,0.81930528,2494.70100000,870.08215285,0.1195943031,0.1250000000,4,1,149.46066365
2024-12-27T15:45:00-05:00,3709.19551006,1300.00000000,340.47875193,3368.71675813,0.81930528,2497.81530000,870.08215285,0.1199243246,0.1250000000,4,2,149.46066365
2024-12-30T09:30:00-05:00,3545.16963248,1300.00000000,334.54297192,3210.62666057,1372.43252242,1030.91500000,807.27913815,0.1221900484,0.1250000000,2,3,0.91479133
2024-12-30T09:45:00-05:00,3546.60212411,1300.00000000,334.03409512,3212.56802899,15.45667369,2390.17480000,806.93655531,0.1219251353,0.1250000000,3,0,57.21322292
2024-12-30T10:00:00-05:00,3544.01850103,1300.00000000,334.87106354,3209.14743749,1003.93948454,1397.13000000,808.07795295,0.1223970542,0.1250000000,2,0,53.88272943
2024-12-30T10:15:00-05:00,3543.85631998,1300.00000000,334.36888249,3209.48743749,1003.93948454,1397.47000000,808.07795295,0.1222207495,0.1250000000,2,0,53.88272943
2024-12-30T10:30:00-05:00,3526.90282734,1300.00000000,335.49878985,3191.40403749,1003.93948454,1379.38660000,808.07795295,0.1233984553,0.1250000000,2,1,53.88272943
2024-12-30T10:45:00-05:00,3538.56617498,1300.00000000,335.45526749,3203.11090749,1.14795454,2393.88500000,808.07795295,0.1228554164,0.1250000000,3,0,84.29479445
2024-12-30T11:00:00-05:00,3545.77506123,1300.00000000,335.49878985,3210.27627139,44.81581624,2357.11500000,808.34545514,0.1225597871,0.1250000000,2,1,84.29479445
2024-12-30T11:15:00-05:00,3538.99731886,1300.00000000,335.95912248,3203.03819639,0.68274124,2394.01000000,808.34545514,0.1230325722,0.1250000000,3,0,85.23128675
2024-12-30T11:30:00-05:00,3541.92409360,1300.00000000,336.62869721,3205.29539639,0.68274124,2396.26720000,808.34545514,0.1231457886,0.1250000000,3,0,85.23128675
2024-12-30T11:45:00-05:00,3539.81438728,1300.00000000,336.79609089,3203.01829639,0.68274124,2393.99010000,808.34545514,0.1233021862,0.1250000000,3,0,85.23128675
2024-12-30T12:00:00-05:00,3557.44798412,1300.00000000,336.87978774,3220.56819639,0.68274124,2411.54000000,808.34545514,0.1225417329,0.1250000000,3,0,85.23128675
2024-12-30T12:15:00-05:00,3558.80461991,1300.00000000,337.25642352,3221.54819639,0.68274124,2412.52000000,808.34545514,0.1226182260,0.1250000000,3,0,85.23128675
2024-12-30T12:30:00-05:00,3555.03331675,1300.00000000,337.34012036,3217.69319639,0.68274124,2408.66500000,808.34545514,0.1228170573,0.1250000000,3,2,54.81922173
2024-12-30T12:45:00-05:00,3539.53376517,1300.00000000,337.38196879,3202.15179639,0.68274124,2393.12360000,808.34545514,0.1235293691,0.1250000000,3,0,54.81922173
2024-12-30T13:00:00-05:00,3549.16821043,1300.00000000,337.50751405,3211.66069639,0.68274124,2402.63250000,808.34545514,0.1231409486,0.1250000000,3,0,54.81922173
2024-12-30T13:15:00-05:00,3535.80690638,1300.00000000,337.38196879,3198.42493760,1012.03408831,1373.01820000,813.37264929,0.1239265807,0.1250000000,2,0,54.81922173
2024-12-30T13:30:00-05:00,3530.63055480,1300.00000000,337.42381721,3193.20673760,1012.03408831,1367.80000000,813.37264929,0.1241780607,0.1250000000,2,1,54.81922173
2024-12-30T13:45:00-05:00,3530.23378293,1300.00000000,337.45896988,3192.77481305,1.77756376,2377.62460000,813.37264929,0.1242091345,0.1250000000,3,0,107.94472219
2024-12-30T14:00:00-05:00,3536.78322512,1300.00000000,337.21541207,3199.56781305,1.77756376,2384.41760000,813.37264929,0.1238209968,0.1250000000,3,0,107.94472219
2024-12-30T14:15:00-05:00,3521.01161324,1300.00000000,337.45060020,3183.56101305,1.77756376,2368.41080000,813.37264929,0.1246290974,0.1250000000,3,0,107.94472219
2024-12-30T14:30:00-05:00,3532.13218183,1300.00000000,337.38196879,3194.75021305,1.77756376,2379.60000000,813.37264929,0.1240940822,0.1250000000,3,0,107.94472219
2024-12-30T14:45:00-05:00,3510.62657661,1300.00000000,337.62636356,3173.00021305,1.77756376,2357.85000000,813.37264929,0.1251741114,0.1250000000,3,0,107.94472219
2024-12-30T15:00:00-05:00,3516.34957552,1300.00000000,337.54936247,3178.80021305,1.77756376,2363.65000000,813.37264929,0.1248805934,0.1250000000,3,0,107.94472219
2024-12-30T15:15:00-05:00,3527.37758183,1300.00000000,337.38196879,3189.99561305,1.77756376,2374.84540000,813.37264929,0.1243114796,0.1250000000,3,0,107.94472219
2024-12-30T15:30:00-05:00,3538.80848499,1300.00000000,337.29827194,3201.51021305,1.77756376,2386.36000000,813.37264929,0.1237593883,0.1250000000,3,0,107.94472219
2024-12-30T15:45:00-05:00,3541.36771026,1300.00000000,336.62869721,3204.73901305,1.77756376,2389.58880000,813.37264929,0.1233978397,0.1250000000,3,0,107.94472219
2024-12-31T09:30:00-05:00,3583.51630394,1300.00000000,336.79609089,3246.72021305,1.77756376,2431.57000000,813.37264929,0.1215807311,0.1250000000,3,1,107.94472219
2024-12-31T09:45:00-05:00,3543.82158235,1300.00000000,337.34179430,3206.47978805,0.27643876,2392.83070000,813.37264929,0.1235481060,0.1250000000,4,0,108.01383569
2024-12-31T10:00:00-05:00,3548.60387578,1300.00000000,336.87978774,3211.72408805,0.27643876,2398.07500000,813.37264929,0.1231631843,0.1250000000,4,0,107.07734339
2024-12-31T10:15:00-05:00,3533.32011986,1300.00000000,337.38113182,3195.93898805,0.27643876,2382.28990000,813.37264929,0.1240395763,0.1250000000,4,2,107.07734339
2024-12-31T10:30:00-05:00,3544.47893566,1300.00000000,336.96264761,3207.51628805,0.27643876,2393.86720000,813.37264929,0.1233795438,0.1250000000,4,0,107.07734339
2024-12-31T10:45:00-05:00,3530.23971275,1300.00000000,336.88062470,3193.35908805,0.27643876,2379.71000000,813.37264929,0.1239959913,0.1250000000,4,0,107.07734339
2024-12-31T11:00:00-05:00,3511.02056425,1300.00000000,336.54500037,3174.47556388,976.61165361,1404.41330000,793.45061026,0.1238404185,0.1250000000,3,0,53.95184294
2024-12-31T11:15:00-05:00,3536.40087654,1300.00000000,336.03361267,3200.36726388,976.61165361,1430.30500000,793.45061026,0.1225080953,0.1250000000,3,1,53.95184294
2024-12-31T11:30:00-05:00,3504.89808898,1300.00000000,336.41945511,3168.47863388,51.07802361,2323.95000000,793.45061026,0.1240737494,0.1250000000,4,0,97.15792827
2024-12-31T11:45:00-05:00,3502.76304372,1300.00000000,336.29390984,3166.46913388,51.07802361,2321.94050000,793.45061026,0.1241251860,0.1250000000,4,0,97.15792827
2024-12-31T12:00:00-05:00,3505.21569530,1300.00000000,336.25206142,3168.96363388,51.07802361,2324.43500000,793.45061026,0.1239974890,0.1250000000,4,0,97.15792827
2024-12-31T12:15:00-05:00,3539.07806785,1300.00000000,335.45694143,3203.62112642,97.82624792,2311.69000000,794.10487851,0.1222077297,0.1250000000,2,0,97.08881476
2024-12-31T12:30:00-05:00,3576.34403838,1300.00000000,334.91291196,3241.43112642,97.82624792,2349.50000000,794.10487851,0.1203753138,0.1250000000,2,1,43.20608533
2024-12-31T12:45:00-05:00,3542.83862659,1300.00000000,336.04281932,3206.79580727,0.26092877,2412.43000000,794.10487851,0.1222536812,0.1250000000,3,0,52.20947053
2024-12-31T13:00:00-05:00,3531.28097935,1300.00000000,335.62517208,3195.65580727,0.26092877,2401.29000000,794.10487851,0.1226173106,0.1250000000,3,0,52.20947053
2024-12-31T13:15:00-05:00,3541.43031409,1300.00000000,334.70450682,3206.72580727,0.26092877,2412.36000000,794.10487851,0.1218292171,0.1250000000,3,0,52.20947053
2024-12-31T13:30:00-05:00,3554.74303762,1300.00000000,335.02171785,3219.72131977,92.11226973,2336.86000000,790.74905004,0.1212092788,0.1250000000,2,0,43.20608533
2024-12-31T13:45:00-05:00,3567.36868646,1300.00000000,334.78736669,3232.58131977,92.11226973,2349.72000000,790.74905004,0.1205737229,0.1250000000,2,0,43.20608533
2024-12-31T14:00:00-05:00,3566.20826120,1300.00000000,335.45694143,3230.75131977,92.11226973,2347.89000000,790.74905004,0.1208653833,0.1250000000,2,0,43.20608533
2024-12-31T14:15:00-05:00,3603.98759594,1300.00000000,334.53627617,3269.45131977,92.11226973,2386.59000000,790.74905004,0.1189150051,0.1250000000,2,0,43.20608533
2024-12-31T14:30:00-05:00,3615.83915551,1300.00000000,334.38394792,3281.45520759,1488.23161408,963.00000000,830.22359351,0.1200395175,0.1250000000,1,0,43.20608533
2024-12-31T14:45:00-05:00,3596.41757159,1300.00000000,335.36236400,3261.05520759,1488.23161408,942.60000000,830.22359351,0.1212360256,0.1250000000,1,0,43.20608533
2024-12-31T15:00:00-05:00,3606.16257428,1300.00000000,334.78736669,3271.37520759,1488.23161408,952.92000000,830.22359351,0.1206032874,0.1250000000,1,0,43.20608533
2024-12-31T15:15:00-05:00,3592.65802691,1300.00000000,336.04281932,3256.61520759,1488.23161408,938.16000000,830.22359351,0.1216473467,0.1250000000,1,1,43.20608533
2024-12-31T15:30:00-05:00,3602.70938152,1300.00000000,335.45694143,3267.25244009,83.48884658,2353.54000000,830.22359351,0.1209950085,0.1250000000,2,0,74.29110515
2024-12-31T15:45:00-05:00,3624.26040862,1300.00000000,334.87106354,3289.38934509,2442.36756380,0.00000000,847.02178129,0.1205769862,0.1250000000,0,0,0.00000000
