Symbol,EntryTimestampMarket,ExitTimestampMarket,Shares,EntryPrice,ExitPrice,PnL,TaxReserved,ExitReason,ResultR
BTE,2024-03-18T15:15:00-04:00,2024-03-19T09:45:00-04:00,106,3.36752375,3.45008384,8.75136965,2.54050645,ATR_TARGET,1.93917752
BEKE,2024-03-19T09:45:00-04:00,2024-03-20T09:30:00-04:00,25,14.32073250,14.10941000,-5.28306250,-1.95473313,STOP_GAP,-1.09706487
CLOV,2024-03-20T10:30:00-04:00,2024-03-20T15:30:00-04:00,426,0.84573382,0.88755671,17.81654974,6.59212340,ATR_TARGET,1.96864288
BTE,2024-03-20T13:15:00-04:00,2024-03-21T09:30:00-04:00,104,3.47660550,3.57732559,10.47488944,3.87570909,ATR_TARGET,1.94806817
NXE,2024-03-20T14:15:00-04:00,2024-03-21T09:30:00-04:00,48,7.46559500,7.70726342,11.60008392,4.29203105,ATR_TARGET,1.95324541
APP,2024-03-20T14:15:00-04:00,2024-03-21T09:30:00-04:00,2,69.97244000,72.14587248,4.34686495,1.60834003,ATR_TARGET,1.95138226
ALB,2024-03-21T09:45:00-04:00,2024-03-21T10:00:00-04:00,2,127.15529500,124.61202645,-5.08653710,-1.88201873,ATR_STOP,-1.03817923
BTE,2024-03-21T09:45:00-04:00,2024-03-21T11:00:00-04:00,104,3.58268500,3.50838156,-7.72755813,-2.85919651,ATR_STOP,-1.03674138
BEKE,2024-03-21T09:45:00-04:00,2024-03-21T11:45:00-04:00,26,14.34074750,14.13564346,-5.33270495,-1.97310083,ATR_STOP,-1.05455012
CLOV,2024-03-21T14:15:00-04:00,2024-03-22T09:30:00-04:00,46,0.88636428,0.85905522,-1.25621630,-0.46480003,STOP_GAP,-1.26412076
MVST,2024-03-21T09:45:00-04:00,2024-03-22T09:30:00-04:00,335,0.75056250,0.70937575,-13.79756059,-5.10509742,ATR_STOP,-1.01309655
ACHR,2024-03-20T14:15:00-04:00,2024-03-22T10:45:00-04:00,8,5.04378000,4.90494236,-1.11070116,-0.41095943,ATR_STOP,-1.02723862
GDS,2024-03-22T10:00:00-04:00,2024-03-22T15:00:00-04:00,33,8.55841400,8.66339891,3.46450217,1.28186580,ATR_STOP,0.38766470
EOSE,2024-03-21T11:30:00-04:00,2024-03-22T15:30:00-04:00,352,1.05078750,0.99045660,-21.23647680,-5.54066976,STOP_GAP,-1.09594978
CCJ,2024-03-21T11:45:00-04:00,2024-03-25T09:30:00-04:00,5,42.67198000,43.96955727,6.48788637,0.08369130,ATR_TARGET,1.95039466
BTE,2024-03-22T15:30:00-04:00,2024-03-25T09:30:00-04:00,103,3.48261000,3.56317313,8.29800275,3.07026102,ATR_TARGET,1.93574086
NXE,2024-03-21T12:45:00-04:00,2024-03-25T09:45:00-04:00,47,7.75080875,7.82889834,3.67021096,1.35797806,ATR_STOP,0.54686693
PLUG,2024-03-25T09:45:00-04:00,2024-03-25T10:00:00-04:00,54,3.51763625,3.42283279,-5.11938671,-1.89417308,ATR_STOP,-1.02785350
CCJ,2024-03-25T09:45:00-04:00,2024-03-25T10:45:00-04:00,8,43.78281250,43.17919921,-4.82890632,-1.78669534,ATR_STOP,-1.05673748
SGMT,2024-03-25T12:30:00-04:00,2024-03-25T15:00:00-04:00,43,5.66424500,5.16450423,-21.48885326,-0.83106195,ATR_STOP,-1.00781723
GME,2024-03-25T15:45:00-04:00,2024-03-26T09:45:00-04:00,15,15.02125750,15.02872000,0.11193750,0.00000000,STOP_GAP,0.01829105
MVST,2024-03-25T11:00:00-04:00,2024-03-26T11:15:00-04:00,476,0.76097030,0.82478092,30.37385566,4.15992971,ATR_TARGET,1.98078370
BE,2024-03-26T09:45:00-04:00,2024-03-26T11:45:00-04:00,10,10.44783000,11.00662393,5.58793935,2.06753756,ATR_TARGET,1.97086292
BTE,2024-03-25T09:45:00-04:00,2024-03-26T12:00:00-04:00,102,3.56106880,3.50168140,-6.05751511,-2.24128059,ATR_STOP,-1.04630498
MVST,2024-03-26T11:30:00-04:00,2024-03-26T15:00:00-04:00,439,0.82962175,0.84052239,4.78538135,1.77059110,ATR_STOP,0.30265388
APP,2024-03-25T10:00:00-04:00,2024-03-26T15:15:00-04:00,4,72.54436750,73.65238376,4.43206502,1.63986406,ATR_STOP,0.80718738
MU,2024-03-26T09:45:00-04:00,2024-03-27T09:30:00-04:00,1,121.04071250,118.20167141,-2.83904109,-1.05044520,ATR_STOP,-1.03225722
AFRM,2024-03-26T12:15:00-04:00,2024-03-27T09:30:00-04:00,9,37.85837250,37.00228647,-7.70477424,-2.85076647,ATR_STOP,-1.03352903
PLTR,2024-03-26T11:30:00-04:00,2024-03-27T10:00:00-04:00,1,25.07198990,24.67789403,-0.39409587,-0.14581547,ATR_STOP,-1.04931740
QS,2024-03-27T10:00:00-04:00,2024-03-27T10:30:00-04:00,61,5.92944375,6.19457561,16.17304349,5.98402609,ATR_TARGET,1.96553194
TSLA,2024-03-27T12:45:00-04:00,2024-03-28T09:30:00-04:00,2,181.60610250,177.26695000,-8.67830500,-3.21097285,STOP_GAP,-1.46386754
TSLL,2024-03-27T12:45:00-04:00,2024-03-28T09:30:00-04:00,21,8.52639000,8.22382750,-6.35381250,-2.35091062,STOP_GAP,-1.46739355
MU,2024-03-28T09:30:00-04:00,2024-03-28T09:45:00-04:00,3,119.52958000,118.03052208,-4.49717377,-1.66395429,ATR_STOP,-1.06280844
HIVE,2024-03-27T13:00:00-04:00,2024-03-28T10:15:00-04:00,1,3.23242250,3.42700925,0.19458675,0.07199710,ATR_TARGET,1.97390749
BTE,2024-03-27T11:45:00-04:00,2024-03-28T12:30:00-04:00,105,3.48261000,3.60444397,12.79256732,4.73324991,ATR_TARGET,1.95655410
AFRM,2024-03-28T10:30:00-04:00,2024-03-28T13:00:00-04:00,9,37.94844000,37.03801139,-8.19385753,-3.03172728,ATR_STOP,-1.03149608
SOFI,2024-03-28T09:45:00-04:00,2024-03-28T15:30:00-04:00,24,7.42056125,7.29921773,-2.91224458,-1.07753049,ATR_STOP,-1.04728367
NXE,2024-03-28T10:30:00-04:00,2024-04-01T09:30:00-04:00,2,7.82086125,8.09300099,0.54427948,0.20138341,ATR_TARGET,1.95633357
QS,2024-04-01T09:30:00-04:00,2024-04-01T09:30:00-04:00,57,6.37477750,6.26710408,-6.13738513,-2.27083250,ATR_STOP,-1.04568200
AFRM,2024-04-01T09:30:00-04:00,2024-04-01T09:30:00-04:00,6,37.28794500,36.42816878,-5.15865733,-0.73434315,ATR_STOP,-1.03284538
EOSE,2024-04-01T09:45:00-04:00,2024-04-01T09:45:00-04:00,243,1.08581375,1.03329232,-12.76270732,0.00000000,ATR_STOP,-1.01498768
PLUG,2024-03-27T11:15:00-04:00,2024-04-01T10:15:00-04:00,106,3.44258000,3.32411944,-12.55681975,0.00000000,ATR_STOP,-1.02151466
STX,2024-03-28T15:30:00-04:00,2024-04-01T10:15:00-04:00,3,92.94966000,92.96308144,0.04026432,0.00000000,ATR_STOP,0.01303088
BE,2024-04-01T09:45:00-04:00,2024-04-01T10:30:00-04:00,31,11.37852750,11.08380086,-9.13652588,0.00000000,ATR_STOP,-1.02904634
MVST,2024-04-01T13:30:00-04:00,2024-04-02T09:30:00-04:00,399,0.87975932,0.64241782,-94.69925850,0.00000000,STOP_GAP,-5.74359219
BLNK,2024-04-01T14:00:00-04:00,2024-04-02T09:30:00-04:00,118,2.98213493,2.86784750,-13.48591615,0.00000000,STOP_GAP,-1.42253937
PLUG,2024-04-01T15:30:00-04:00,2024-04-02T09:30:00-04:00,50,3.45759125,3.34748750,-5.50518750,0.00000000,STOP_GAP,-1.42802736
NVTS,2024-04-01T14:00:00-04:00,2024-04-02T09:30:00-04:00,72,4.85363750,4.71945461,-9.66116842,0.00000000,ATR_STOP,-1.02711444
BEKE,2024-04-02T09:45:00-04:00,2024-04-02T13:15:00-04:00,22,14.44582625,14.25868362,-4.11713785,0.00000000,ATR_STOP,-1.06065520
EVLV,2024-04-02T09:30:00-04:00,2024-04-02T14:45:00-04:00,64,4.95371250,5.08443627,8.36632142,0.00000000,ATR_STOP,0.52531294
BE,2024-04-02T14:30:00-04:00,2024-04-03T09:30:00-04:00,27,11.78803440,11.52135250,-7.20041130,0.00000000,STOP_GAP,-1.17059434
INTC,2024-04-02T15:45:00-04:00,2024-04-03T09:30:00-04:00,1,44.01038305,41.34896500,-2.66141805,0.00000000,STOP_GAP,-6.35111590
NXE,2024-04-02T13:15:00-04:00,2024-04-03T09:30:00-04:00,38,8.42631500,8.71405183,10.93399943,0.00000000,ATR_TARGET,1.95554910
MU,2024-04-02T14:30:00-04:00,2024-04-03T09:30:00-04:00,1,122.81204000,121.30506181,-1.50697819,0.00000000,ATR_STOP,-1.06430191
CCJ,2024-04-02T15:30:00-04:00,2024-04-03T09:30:00-04:00,6,47.34047875,48.60665016,7.59702845,0.00000000,ATR_TARGET,1.94398765
MU,2024-04-03T10:00:00-04:00,2024-04-03T11:15:00-04:00,2,123.75274500,127.21874259,6.93199518,0.00000000,ATR_TARGET,1.94637871
MU,2024-04-03T14:45:00-04:00,2024-04-03T15:15:00-04:00,1,128.08599250,126.25385669,-1.83213581,0.00000000,ATR_STOP,-1.05454292
NVTS,2024-04-03T13:45:00-04:00,2024-04-04T09:30:00-04:00,70,4.59844625,4.80028941,14.12902092,0.00000000,ATR_TARGET,1.96492589
QS,2024-04-03T15:45:00-04:00,2024-04-04T09:30:00-04:00,21,6.06614620,6.23030344,3.44730195,0.00000000,ATR_TARGET,1.94460536
NXE,2024-04-04T09:45:00-04:00,2024-04-04T10:15:00-04:00,4,8.82661500,8.63859028,-0.75209887,0.00000000,ATR_STOP,-1.03571540
SOXL,2024-04-04T09:45:00-04:00,2024-04-04T14:00:00-04:00,3,47.89589500,46.44948339,-4.33923483,0.00000000,ATR_STOP,-1.02469859
SOFI,2024-04-03T15:00:00-04:00,2024-04-04T14:15:00-04:00,3,7.58068125,7.45405404,-0.37988163,0.00000000,ATR_STOP,-1.04622509
CCJ,2024-04-04T09:45:00-04:00,2024-04-04T14:30:00-04:00,6,50.01748500,49.11699743,-5.40292541,0.00000000,ATR_STOP,-1.04268695
EVLV,2024-04-04T10:45:00-04:00,2024-04-04T15:00:00-04:00,8,5.04378000,4.86629379,-1.41988966,0.00000000,ATR_STOP,-1.02101122
IAUX,2024-04-03T09:45:00-04:00,2024-04-04T15:15:00-04:00,221,1.45609125,1.40571525,-11.13309533,0.00000000,ATR_STOP,-1.02139209
BTE,2024-04-03T09:45:00-04:00,2024-04-05T09:30:00-04:00,81,3.95796625,3.99662681,3.13150501,0.00000000,ATR_STOP,0.53199731
BTE,2024-04-05T10:45:00-04:00,2024-04-05T15:00:00-04:00,79,4.06304500,3.99051045,-5.73022977,0.00000000,ATR_STOP,-1.04307095
CCJ,2024-04-05T10:45:00-04:00,2024-04-05T15:00:00-04:00,6,49.95744000,48.83921546,-6.70934725,0.00000000,ATR_STOP,-1.03389238
APP,2024-04-05T15:15:00-04:00,2024-04-08T09:45:00-04:00,4,75.87686500,75.68617289,-0.76276844,0.00000000,ATR_STOP,-0.14406957
BE,2024-04-08T10:45:00-04:00,2024-04-08T15:45:00-04:00,25,12.01900750,11.68459495,-8.36031367,0.00000000,ATR_STOP,-1.02693145
BEKE,2024-04-09T09:30:00-04:00,2024-04-09T09:30:00-04:00,20,14.18062750,14.38635216,4.11449324,0.00000000,ATR_TARGET,1.90026107
QS,2024-04-08T09:45:00-04:00,2024-04-09T10:00:00-04:00,51,6.18583590,6.28220475,4.91481128,0.00000000,ATR_STOP,0.72906147
MU,2024-04-09T09:45:00-04:00,2024-04-09T10:15:00-04:00,2,125.23985950,123.10572520,-4.26826860,0.00000000,ATR_STOP,-1.04525492
BE,2024-04-09T09:45:00-04:00,2024-04-09T11:00:00-04:00,3,12.26919500,11.91331196,-1.06764913,0.00000000,ATR_STOP,-1.02577292
EOSE,2024-04-08T09:45:00-04:00,2024-04-09T13:00:00-04:00,317,1.01105772,0.96921490,-13.26417549,0.00000000,ATR_STOP,-1.01769306
YINN,2024-04-08T09:45:00-04:00,2024-04-10T09:30:00-04:00,9,19.91492500,20.03496250,1.08033750,0.00000000,STOP_GAP,0.38644081
SOFI,2024-04-09T09:30:00-04:00,2024-04-10T09:30:00-04:00,1,7.82586500,7.62427750,-0.20158750,0.00000000,STOP_GAP,-1.93533011
CCJ,2024-04-09T14:15:00-04:00,2024-04-10T09:30:00-04:00,6,48.00597750,47.18514466,-4.92499706,0.00000000,ATR_STOP,-1.04509121
BEKE,2024-04-10T09:30:00-04:00,2024-04-10T09:30:00-04:00,21,14.52088250,14.78070507,5.45627405,0.00000000,ATR_TARGET,1.91810132
ALB,2024-04-10T09:45:00-04:00,2024-04-10T10:00:00-04:00,2,130.24260875,127.74198312,-5.00125126,0.00000000,ATR_STOP,-1.03987047
CCJ,2024-04-10T10:15:00-04:00,2024-04-11T10:15:00-04:00,6,48.26617250,48.61995648,2.12270391,0.00000000,ATR_STOP,0.40306495
BTE,2024-04-10T14:00:00-04:00,2024-04-11T10:45:00-04:00,81,3.89291750,3.81389949,-6.40045877,0.00000000,ATR_STOP,-1.03758854
TSLA,2024-04-11T15:45:00-04:00,2024-04-12T09:30:00-04:00,1,175.77173000,172.19076000,-3.58097000,0.00000000,STOP_GAP,-1.58091759
TSLT,2024-04-11T15:45:00-04:00,2024-04-12T09:30:00-04:00,11,10.99824250,10.56207250,-4.79787000,0.00000000,STOP_GAP,-1.68602397
VSXY,2024-04-11T10:00:00-04:00,2024-04-12T09:30:00-04:00,11,19.02926125,18.59497603,-4.77713739,0.00000000,ATR_STOP,-1.03320427
CCJ,2024-04-11T12:00:00-04:00,2024-04-12T09:30:00-04:00,6,49.56314450,51.29016289,10.36211033,0.00000000,ATR_TARGET,1.95639063
GGAL,2024-04-10T09:30:00-04:00,2024-04-12T09:45:00-04:00,10,28.66148000,30.06145412,13.99974124,0.00000000,ATR_TARGET,1.96827779
SOFI,2024-04-12T09:30:00-04:00,2024-04-12T10:45:00-04:00,39,7.56567000,7.45439411,-4.33975980,0.00000000,ATR_STOP,-1.05294232
BTE,2024-04-12T09:45:00-04:00,2024-04-12T11:15:00-04:00,80,3.92294000,3.84731788,-6.04976960,0.00000000,ATR_STOP,-1.03970132
TPET,2024-04-12T11:00:00-04:00,2024-04-12T11:15:00-04:00,41,6.19664400,8.01937498,74.73197005,0.00000000,ATR_TARGET,1.99341731
NXE,2024-04-12T09:45:00-04:00,2024-04-12T12:00:00-04:00,23,8.39629250,8.22665983,-3.90155149,0.00000000,ATR_STOP,-1.03777499
PLTR,2024-04-12T10:15:00-04:00,2024-04-12T13:00:00-04:00,13,23.02225375,22.66862547,-4.59716765,0.00000000,ATR_STOP,-1.05054522
TPET,2024-04-15T13:45:00-04:00,2024-04-16T09:30:00-04:00,15,12.82961500,10.24616756,-38.75171153,0.00000000,ATR_STOP,-1.00298568
MVST,2024-04-17T11:15:00-04:00,2024-04-17T14:00:00-04:00,566,0.56522360,0.53498655,-17.11416886,0.00000000,ATR_STOP,-1.01345850
AAOI,2024-04-18T11:00:00-04:00,2024-04-18T12:15:00-04:00,25,12.51938250,12.02371977,-12.39156834,0.00000000,ATR_STOP,-1.01854470
ADMA,2024-04-19T09:45:00-04:00,2024-04-19T12:00:00-04:00,50,6.24508030,6.11766336,-6.37084682,0.00000000,ATR_STOP,-1.03738394
AMC,2024-04-19T12:45:00-04:00,2024-04-22T09:30:00-04:00,95,3.26244500,3.08085889,-17.25068054,0.00000000,ATR_STOP,-1.01289859
ADMA,2024-04-22T09:30:00-04:00,2024-04-22T14:45:00-04:00,49,6.29471750,6.38469348,4.40882303,0.00000000,ATR_STOP,0.83434316
AMC,2024-04-22T10:30:00-04:00,2024-04-23T15:00:00-04:00,92,3.29226735,3.42965177,12.63936629,0.00000000,ATR_STOP,0.65063815
ASTS,2024-04-22T15:15:00-04:00,2024-04-23T15:00:00-04:00,142,2.18163500,2.12361688,-8.23857369,0.00000000,ATR_STOP,-1.02824865
HIVE,2024-04-24T10:15:00-04:00,2024-04-24T10:30:00-04:00,99,3.11233250,3.02179849,-8.96286696,0.00000000,ATR_STOP,-1.02569564
ASTS,2024-04-24T10:15:00-04:00,2024-04-24T14:45:00-04:00,140,2.20175008,2.13227938,-9.72589775,0.00000000,ATR_STOP,-1.02358042
BEKE,2024-04-24T14:45:00-04:00,2024-04-25T09:30:00-04:00,22,13.75530875,13.30001750,-10.01640750,0.00000000,STOP_GAP,-3.29930359
ADMA,2024-04-23T10:45:00-04:00,2024-04-25T09:30:00-04:00,47,6.51988625,6.37199904,-6.95069910,0.00000000,ATR_STOP,-1.03342021
BTE,2024-04-25T09:45:00-04:00,2024-04-25T09:45:00-04:00,78,3.83147145,3.77582739,-4.34023684,0.00000000,ATR_STOP,-1.05366394
YINN,2024-04-25T10:30:00-04:00,2024-04-26T09:30:00-04:00,8,21.80574205,23.33248750,12.21396360,0.00000000,TARGET_GAP,4.84621057
STX,2024-04-25T09:30:00-04:00,2024-04-26T09:30:00-04:00,3,85.96442500,86.87814320,2.74115461,0.00000000,ATR_STOP,0.55715582
CLOV,2024-04-25T09:30:00-04:00,2024-04-26T09:30:00-04:00,460,0.64998712,0.66644551,7.57085488,0.00000000,ATR_STOP,0.96978880
BEKE,2024-04-25T10:30:00-04:00,2024-04-26T09:30:00-04:00,21,13.79033500,14.21887653,8.99937209,0.00000000,ATR_TARGET,1.95140333
IAUX,2024-04-25T10:45:00-04:00,2024-04-26T09:30:00-04:00,17,1.24593375,1.26674261,0.35375055,0.00000000,ATR_STOP,0.52965106
AFRM,2024-04-26T09:45:00-04:00,2024-04-26T11:00:00-04:00,9,32.55439750,32.84535010,2.61857337,0.00000000,ATR_STOP,0.34649776
CLOV,2024-04-26T10:15:00-04:00,2024-04-26T11:15:00-04:00,1,0.69702238,0.67547921,-0.02154317,0.00000000,ATR_STOP,-1.02410085
GME,2024-04-26T09:45:00-04:00,2024-04-26T12:00:00-04:00,27,11.28846000,11.92355963,17.14768994,0.00000000,ATR_TARGET,1.97220900
AMC,2024-04-26T09:45:00-04:00,2024-04-26T14:00:00-04:00,92,3.31248250,3.38275410,6.46498687,0.00000000,ATR_STOP,0.69166299
SOFI,2024-04-26T09:45:00-04:00,2024-04-29T09:30:00-04:00,22,7.68475925,7.36447250,-7.04630850,0.00000000,STOP_GAP,-2.49107454
BLNK,2024-04-26T10:00:00-04:00,2024-04-29T09:30:00-04:00,1,2.39679625,2.52272426,0.12592801,0.00000000,ATR_TARGET,1.97037331
RIVN,2024-04-26T13:15:00-04:00,2024-04-29T09:30:00-04:00,33,8.96171625,9.27543489,10.35271510,0.00000000,ATR_TARGET,1.95658109
BTE,2024-04-26T14:15:00-04:00,2024-04-29T09:30:00-04:00,79,3.93735080,3.88510579,-4.12735559,0.00000000,ATR_STOP,-1.05911364
NXE,2024-04-26T15:15:00-04:00,2024-04-29T09:45:00-04:00,1,7.97597750,8.01398500,0.03800750,0.00000000,STOP_GAP,0.27241519
SOXL,2024-04-29T13:45:00-04:00,2024-04-29T15:00:00-04:00,7,40.75054000,39.81890724,-6.52142932,0.00000000,ATR_STOP,-1.03314302
NVTS,2024-04-29T09:45:00-04:00,2024-04-30T09:30:00-04:00,69,4.52208902,4.39670000,-8.65184272,0.00000000,STOP_GAP,-1.04893617
RIVN,2024-04-29T15:00:00-04:00,2024-04-30T09:30:00-04:00,20,9.38703500,9.10316750,-5.67735000,0.00000000,STOP_GAP,-1.41431819
ACHR,2024-04-26T13:15:00-04:00,2024-04-30T09:30:00-04:00,78,4.03802625,3.95501620,-6.47478390,0.00000000,ATR_STOP,-1.03708684
NXE,2024-04-29T15:30:00-04:00,2024-04-30T09:30:00-04:00,33,8.38628500,8.21653272,-5.60182518,0.00000000,ATR_STOP,-1.03769915
PLTR,2024-04-30T09:30:00-04:00,2024-04-30T10:45:00-04:00,13,22.78707750,22.50670450,-3.64484896,0.00000000,ATR_STOP,-1.06411370
SOXL,2024-04-30T09:45:00-04:00,2024-04-30T11:00:00-04:00,7,41.16084750,40.11727398,-7.30501462,0.00000000,ATR_STOP,-1.02971055
APP,2024-04-30T09:30:00-04:00,2024-04-30T12:30:00-04:00,2,72.41427000,71.13940880,-2.54972240,0.00000000,ATR_STOP,-1.04371352
BE,2024-04-30T10:45:00-04:00,2024-04-30T12:30:00-04:00,3,11.38833485,11.04437700,-1.03187356,0.00000000,ATR_STOP,-1.02469551
MRNA,2024-04-30T11:00:00-04:00,2024-04-30T15:15:00-04:00,2,112.74449500,110.95759846,-3.57379307,0.00000000,ATR_STOP,-1.04888465
NIO,2024-05-01T09:30:00-04:00,2024-05-01T09:45:00-04:00,62,4.76357000,4.94636113,11.33304992,0.00000000,ATR_TARGET,1.96018786
ALB,2024-05-01T09:45:00-04:00,2024-05-01T10:15:00-04:00,1,122.46177750,120.20537717,-2.25640033,0.00000000,ATR_STOP,-1.04165017
APP,2024-05-01T10:00:00-04:00,2024-05-01T10:15:00-04:00,4,71.99395500,70.59533567,-5.59447732,0.00000000,ATR_STOP,-1.03937644
BLNK,2024-04-30T10:30:00-04:00,2024-05-01T12:00:00-04:00,119,2.54190500,2.56660038,2.93875019,0.00000000,ATR_STOP,0.29656478
ACHR,2024-05-01T14:00:00-04:00,2024-05-01T14:45:00-04:00,75,3.99299250,4.15835450,12.40214978,0.00000000,ATR_TARGET,1.96295051
QS,2024-05-01T14:15:00-04:00,2024-05-01T15:00:00-04:00,9,5.42906875,5.61730275,1.69410604,0.00000000,ATR_TARGET,1.95618461
YINN,2024-05-01T10:30:00-04:00,2024-05-01T15:30:00-04:00,13,22.77707000,22.85024629,0.95129180,0.00000000,ATR_STOP,0.19293810
MU,2024-05-01T15:00:00-04:00,2024-05-01T15:30:00-04:00,2,113.46003125,111.17417790,-4.57170670,0.00000000,ATR_STOP,-1.03788723
BIDU,2024-05-01T11:00:00-04:00,2024-05-02T09:30:00-04:00,1,104.76851750,107.77910500,3.01058750,0.00000000,TARGET_GAP,2.61046492
NXE,2024-05-01T09:45:00-04:00,2024-05-02T09:30:00-04:00,38,7.97597750,7.71173204,-10.04132732,0.00000000,ATR_STOP,-1.02239496
ALB,2024-05-02T09:45:00-04:00,2024-05-02T09:45:00-04:00,2,125.00368250,120.46983011,-9.06770479,0.00000000,ATR_STOP,-1.02034918
BLNK,2024-05-01T14:45:00-04:00,2024-05-02T10:00:00-04:00,1,2.66199500,2.65460954,-0.00738546,0.00000000,ATR_STOP,-0.08110500
MRNA,2024-05-02T10:30:00-04:00,2024-05-02T15:30:00-04:00,2,120.51031500,125.06943864,9.11824727,0.00000000,ATR_STOP,0.99211215
NXE,2024-05-02T10:45:00-04:00,2024-05-03T09:30:00-04:00,37,8.07605250,8.60354250,19.51713000,0.00000000,TARGET_GAP,2.38338279
BLNK,2024-05-02T12:30:00-04:00,2024-05-03T09:30:00-04:00,80,2.75206250,2.94129362,15.13848969,0.00000000,ATR_TARGET,1.97693648
CLOV,2024-05-03T09:45:00-04:00,2024-05-03T15:45:00-04:00,471,0.66309695,0.69918545,16.99768390,0.00000000,ATR_TARGET,1.97133376
MU,2024-05-03T09:45:00-04:00,2024-05-06T09:30:00-04:00,1,114.36571000,119.69016500,5.32445500,0.00000000,TARGET_GAP,2.86095108
NVTS,2024-05-03T11:00:00-04:00,2024-05-06T09:30:00-04:00,1,4.55841625,4.83400330,0.27558705,0.00000000,ATR_TARGET,1.97401128
APP,2024-05-03T09:45:00-04:00,2024-05-06T10:00:00-04:00,4,73.90538750,76.73865586,11.33307344,0.00000000,ATR_TARGET,1.96015229
RIVN,2024-05-06T09:30:00-04:00,2024-05-06T10:00:00-04:00,31,10.20765000,10.20195438,-0.17656427,0.00000000,ATR_STOP,-0.02503199
ACHR,2024-05-06T09:45:00-04:00,2024-05-06T11:00:00-04:00,34,4.01310758,3.92777412,-2.90133759,0.00000000,ATR_STOP,-1.03578354
CCJ,2024-05-02T10:30:00-04:00,2024-05-06T12:00:00-04:00,6,48.27607992,50.66106080,14.30988526,0.00000000,ATR_TARGET,1.96861392
JMIA,2024-05-06T10:30:00-04:00,2024-05-07T09:30:00-04:00,60,5.34580635,6.12540250,46.77576900,0.00000000,TARGET_GAP,3.35209292
AFRM,2024-05-06T10:15:00-04:00,2024-05-07T09:30:00-04:00,8,36.15709750,35.30222573,-6.83897412,0.00000000,ATR_STOP,-1.03198616
WTI,2024-05-06T13:30:00-04:00,2024-05-07T09:30:00-04:00,132,2.43682625,2.38242653,-7.18076318,0.00000000,ATR_STOP,-1.03398799
SOXL,2024-05-03T09:45:00-04:00,2024-05-07T09:45:00-04:00,2,38.85912250,40.98031938,4.24239376,0.00000000,ATR_STOP,1.32348588
AMD,2024-05-07T09:45:00-04:00,2024-05-07T09:45:00-04:00,2,156.35718000,154.33141868,-4.05152265,0.00000000,ATR_STOP,-1.06064918
MRNA,2024-05-07T09:45:00-04:00,2024-05-07T09:45:00-04:00,2,122.64191250,120.52585131,-4.23212237,0.00000000,ATR_STOP,-1.04465950
AFRM,2024-05-07T10:15:00-04:00,2024-05-07T14:15:00-04:00,9,36.26217625,35.44366983,-7.36655776,0.00000000,ATR_STOP,-1.03359336
CLOV,2024-05-07T09:30:00-04:00,2024-05-07T15:30:00-04:00,462,0.72304188,0.76854025,21.02024773,0.00000000,ATR_TARGET,1.97496103
LUMN,2024-05-07T09:45:00-04:00,2024-05-08T09:30:00-04:00,55,1.34100500,1.28903250,-2.85848750,0.00000000,STOP_GAP,-1.03030462
TWLO,2024-05-07T11:00:00-04:00,2024-05-08T09:30:00-04:00,4,63.69773750,60.05492500,-14.57125000,0.00000000,STOP_GAP,-5.68197269
VISN,2024-05-07T13:15:00-04:00,2024-05-08T09:45:00-04:00,52,0.98443778,0.99925000,0.77023570,0.00000000,STOP_GAP,0.44585809
AFRM,2024-05-08T09:45:00-04:00,2024-05-08T09:45:00-04:00,9,36.35724750,35.10668055,-11.25510255,0.00000000,ATR_STOP,-1.02152377
YINN,2024-05-08T15:45:00-04:00,2024-05-09T09:30:00-04:00,12,25.54914750,26.93578300,16.63962600,0.00000000,TARGET_GAP,5.79712313
JMIA,2024-05-08T15:15:00-04:00,2024-05-09T09:30:00-04:00,49,6.65498750,6.38360361,-13.29781060,0.00000000,ATR_STOP,-1.01797235
CCJ,2024-05-09T09:30:00-04:00,2024-05-09T10:00:00-04:00,6,50.89814500,52.05628950,6.94886700,0.00000000,ATR_TARGET,1.93472937
BE,2024-05-09T09:45:00-04:00,2024-05-09T10:15:00-04:00,26,11.83386875,11.61598509,-5.66497520,0.00000000,ATR_STOP,-1.04168251
MRNA,2024-05-08T10:30:00-04:00,2024-05-09T13:45:00-04:00,2,122.13153000,123.95406688,3.64507376,0.00000000,ATR_STOP,0.91411374
BE,2024-05-09T11:30:00-04:00,2024-05-09T15:30:00-04:00,27,11.99899250,11.70489126,-7.94073342,0.00000000,ATR_STOP,-1.03079133
MVST,2024-05-09T13:30:00-04:00,2024-05-10T09:30:00-04:00,676,0.43022243,0.48963250,40.16121070,0.00000000,TARGET_GAP,2.61910721
GME,2024-05-06T14:15:00-04:00,2024-05-10T09:30:00-04:00,8,16.09206000,17.42680969,10.67799752,0.00000000,ATR_STOP,0.96240284
PLUG,2024-05-09T09:45:00-04:00,2024-05-10T09:30:00-04:00,3,2.60695375,2.69985938,0.27871690,0.00000000,ATR_STOP,0.74782075
MVST,2024-05-10T09:45:00-04:00,2024-05-10T09:45:00-04:00,727,0.46684988,0.43714270,-21.59711834,0.00000000,ATR_STOP,-1.01116792
RIVN,2024-05-09T09:30:00-04:00,2024-05-10T10:15:00-04:00,15,10.25768750,9.94477061,-4.69375331,0.00000000,ATR_STOP,-1.02443644
MU,2024-05-10T09:45:00-04:00,2024-05-10T10:15:00-04:00,2,121.11076500,119.40274410,-3.41604179,0.00000000,ATR_STOP,-1.05537517
AMC,2024-05-10T10:00:00-04:00,2024-05-10T10:15:00-04:00,106,3.13234750,2.99719556,-14.32610544,0.00000000,ATR_STOP,-1.01692659
LUMN,2024-05-09T14:45:00-04:00,2024-05-10T11:15:00-04:00,182,1.35601625,1.31644236,-7.20244734,0.00000000,ATR_STOP,-1.02560715
MU,2024-05-10T14:15:00-04:00,2024-05-13T09:45:00-04:00,2,120.99067500,123.45906415,4.93677829,0.00000000,ATR_TARGET,1.92763617
JMIA,2024-05-13T09:45:00-04:00,2024-05-13T09:45:00-04:00,41,6.12959375,6.49028895,14.78850325,0.00000000,ATR_TARGET,1.97334893
MRNA,2024-05-13T10:00:00-04:00,2024-05-13T10:30:00-04:00,2,125.11376500,122.06076988,-6.10599023,0.00000000,ATR_STOP,-1.03093634
PLUG,2024-05-13T09:45:00-04:00,2024-05-13T11:15:00-04:00,122,2.65699125,2.85237884,23.83728592,0.00000000,ATR_TARGET,1.97832323
MVST,2024-05-10T13:00:00-04:00,2024-05-13T12:15:00-04:00,741,0.44233150,0.41045330,-23.62174441,0.00000000,ATR_STOP,-1.00975831
PLUG,2024-05-13T12:45:00-04:00,2024-05-14T09:30:00-04:00,113,2.90717875,4.88633250,223.64437375,39.04093556,TARGET_GAP,14.82141341
CLOV,2024-05-13T13:45:00-04:00,2024-05-14T09:30:00-04:00,84,0.90647935,1.01923500,9.47147460,3.50444560,TARGET_GAP,3.13953755
BLNK,2024-05-13T10:45:00-04:00,2024-05-14T09:30:00-04:00,78,3.10232500,3.37449457,21.22922628,7.85481372,ATR_TARGET,1.98155989
MRNA,2024-05-13T13:00:00-04:00,2024-05-14T10:00:00-04:00,2,124.77351000,129.80977320,10.07252639,3.72683476,ATR_TARGET,1.96204277
BE,2024-05-13T10:00:00-04:00,2024-05-14T10:45:00-04:00,22,11.98898500,12.47425446,10.67592820,3.95009343,ATR_STOP,0.79394861
MVST,2024-05-14T11:00:00-04:00,2024-05-14T11:00:00-04:00,1,0.45924417,0.43047856,-0.02876561,-0.01064328,ATR_STOP,-1.01135980
EOSE,2024-05-14T11:00:00-04:00,2024-05-14T12:30:00-04:00,399,0.84623420,0.78545707,-24.25007395,-8.97252736,ATR_STOP,-1.00979496
ADMA,2024-05-14T09:45:00-04:00,2024-05-14T13:30:00-04:00,8,8.84663000,8.94137547,0.75796374,0.28044658,ATR_STOP,0.39253936
SOXL,2024-05-14T09:45:00-04:00,2024-05-14T15:00:00-04:00,9,41.71126000,43.10654644,12.55757792,4.64630383,ATR_TARGET,1.95467462
MU,2024-05-14T15:00:00-04:00,2024-05-15T09:30:00-04:00,3,123.82279750,126.13532750,6.93759000,2.56690830,TARGET_GAP,1.97850776
QS,2024-05-14T15:45:00-04:00,2024-05-15T09:30:00-04:00,11,6.29471750,6.14387806,-1.65923387,-0.61391653,ATR_STOP,-1.03153544
EOSE,2024-05-15T09:30:00-04:00,2024-05-15T09:45:00-04:00,464,0.81561125,0.75773817,-26.85310889,-9.93565029,ATR_STOP,-1.00992473
STX,2024-05-14T10:30:00-04:00,2024-05-15T12:45:00-04:00,2,96.06199250,98.49053958,4.85709416,1.79712484,ATR_TARGET,1.94091970
LUMN,2024-05-14T09:45:00-04:00,2024-05-15T13:30:00-04:00,302,1.32599375,1.27120354,-16.54664450,-6.12225846,ATR_STOP,-1.01772265
YINN,2024-05-15T09:45:00-04:00,2024-05-16T09:30:00-04:00,2,29.16185500,30.97675000,3.62979000,1.34302230,TARGET_GAP,4.19996781
IAUX,2024-05-15T13:00:00-04:00,2024-05-16T09:30:00-04:00,158,1.26094500,1.21575008,-7.14079783,-2.64209520,ATR_STOP,-1.02060630
BEKE,2024-05-15T15:15:00-04:00,2024-05-16T09:30:00-04:00,8,18.26368750,18.65648155,3.14235243,1.16267040,ATR_TARGET,1.93115551
JMIA,2024-05-15T12:00:00-04:00,2024-05-16T09:45:00-04:00,57,6.43322130,6.59105300,8.99640690,3.32867055,STOP_GAP,0.57722329
GME,2024-05-15T14:00:00-04:00,2024-05-16T11:00:00-04:00,6,39.02925000,31.44872858,-45.48312853,-16.82875755,ATR_STOP,-1.00312353
JMIA,2024-05-16T10:00:00-04:00,2024-05-16T11:15:00-04:00,54,7.01525750,6.63870392,-20.33389348,-7.52354059,ATR_STOP,-1.01341000
MU,2024-05-16T11:15:00-04:00,2024-05-16T14:00:00-04:00,1,129.88734250,128.19887048,-1.68847202,-0.62473465,ATR_STOP,-1.06043101
BLNK,2024-05-16T09:45:00-04:00,2024-05-17T09:30:00-04:00,113,3.37753125,3.25104314,-14.29315658,-5.28846793,ATR_STOP,-1.01967071
MRNA,2024-05-16T15:00:00-04:00,2024-05-17T09:30:00-04:00,2,132.94963750,131.29540309,-3.30846881,-1.22413346,ATR_STOP,-1.06334522
SOFI,2024-05-17T10:00:00-04:00,2024-05-17T11:15:00-04:00,51,7.23041875,7.40961830,9.13917726,3.38149559,ATR_TARGET,1.93979913
IAUX,2024-05-17T10:15:00-04:00,2024-05-17T12:30:00-04:00,1,1.27085243,1.22680572,-0.04404670,-0.01629728,ATR_STOP,-1.02135132
AMD,2024-05-17T09:45:00-04:00,2024-05-17T13:30:00-04:00,2,167.32540000,163.86159938,-6.92760124,-2.56321246,ATR_STOP,-1.03681393
PLTR,2024-05-17T10:00:00-04:00,2024-05-17T14:00:00-04:00,11,21.96145875,21.68329972,-3.05974938,-1.13210727,ATR_STOP,-1.06214453
APP,2024-05-14T15:15:00-04:00,2024-05-17T14:15:00-04:00,4,83.53760625,82.04051586,-5.98836155,-2.21569377,ATR_STOP,-1.04289514
EOSE,2024-05-17T15:00:00-04:00,2024-05-17T15:45:00-04:00,494,0.74555875,0.74064410,-2.42783710,-0.89829973,STOP_GAP,-0.17438972
BE,2024-05-17T15:30:00-04:00,2024-05-20T09:30:00-04:00,30,12.25418375,12.64196509,11.63344033,4.30437292,ATR_TARGET,1.95223102
AFRM,2024-05-20T09:30:00-04:00,2024-05-20T09:30:00-04:00,4,33.81534250,33.05718113,-3.03264546,-1.12207882,ATR_STOP,-1.03383309
RIVN,2024-05-20T09:30:00-04:00,2024-05-20T09:30:00-04:00,2,10.43782250,10.26816628,-0.33931243,-0.12554560,ATR_STOP,-1.04758838
MRNA,2024-05-17T12:00:00-04:00,2024-05-20T10:30:00-04:00,2,133.38656495,137.10559183,7.43805377,2.75207989,ATR_TARGET,1.94614957
VISN,2024-05-17T12:00:00-04:00,2024-05-20T10:30:00-04:00,87,1.24093000,1.34623999,9.16196955,3.38992873,ATR_TARGET,1.98099259
ASTS,2024-05-20T09:45:00-04:00,2024-05-20T15:00:00-04:00,34,4.97372750,5.33909666,12.42255147,4.59634404,ATR_STOP,0.86965372
SOXL,2024-05-20T11:00:00-04:00,2024-05-21T09:30:00-04:00,7,48.05601500,46.51508750,-10.78649250,-3.99100223,STOP_GAP,-1.28043872
LUMN,2024-05-20T09:30:00-04:00,2024-05-21T09:45:00-04:00,283,1.31098250,1.27440758,-10.35070216,-3.82975980,ATR_STOP,-1.02685475
QS,2024-05-21T09:45:00-04:00,2024-05-21T10:45:00-04:00,26,5.76432000,5.64786418,-3.02785132,-1.12030499,ATR_STOP,-1.03777580
TSLA,2024-05-21T09:45:00-04:00,2024-05-21T13:30:00-04:00,2,178.77398000,183.22480899,8.90165798,3.29361345,ATR_TARGET,1.94005613
TSLT,2024-05-21T12:00:00-04:00,2024-05-21T14:15:00-04:00,17,10.81620608,11.35187257,9.10633045,3.36934227,ATR_TARGET,1.96868614
CCJ,2024-05-21T10:00:00-04:00,2024-05-21T15:15:00-04:00,6,54.58090500,53.62440568,-5.73899594,-2.12342850,ATR_STOP,-1.04392737
NXE,2024-05-20T09:45:00-04:00,2024-05-22T09:30:00-04:00,45,8.10607500,7.95005774,-7.02077680,-2.59768741,ATR_STOP,-1.03976680
MRNA,2024-05-21T15:45:00-04:00,2024-05-22T09:30:00-04:00,2,142.98716000,146.34345227,6.71258454,2.48365628,ATR_TARGET,1.93662102
ERAS,2024-05-21T15:15:00-04:00,2024-05-22T09:45:00-04:00,163,2.29672125,2.46466221,27.37437621,10.12851920,ATR_TARGET,1.97820985
BEKE,2024-05-22T09:45:00-04:00,2024-05-22T10:45:00-04:00,19,19.15435500,18.90240275,-4.78709279,-1.77122433,ATR_STOP,-1.05967007
ADMA,2024-05-21T15:45:00-04:00,2024-05-22T11:15:00-04:00,22,9.55716250,9.60790290,1.11628882,0.41302686,ATR_STOP,0.36492005
QS,2024-05-22T10:00:00-04:00,2024-05-22T13:15:00-04:00,65,5.83447258,5.89425365,3.88576964,1.43773477,ATR_STOP,0.45330197
AMD,2024-05-22T09:45:00-04:00,2024-05-22T13:45:00-04:00,1,167.07521250,164.69262270,-2.38258980,-0.88155823,ATR_STOP,-1.05472041
SOXL,2024-05-22T09:45:00-04:00,2024-05-22T14:15:00-04:00,2,49.32696750,48.29816715,-2.05760070,-0.76131226,ATR_STOP,-1.03652293
HIVE,2024-05-22T11:30:00-04:00,2024-05-22T14:15:00-04:00,85,2.67200250,2.58816263,-7.12638897,-2.63676392,ATR_STOP,-1.02371970
EOSE,2024-05-22T13:30:00-04:00,2024-05-22T14:30:00-04:00,514,0.74005463,0.71402638,-13.37851867,-4.95005191,ATR_STOP,-1.02102287
PLUG,2024-05-23T09:30:00-04:00,2024-05-23T09:30:00-04:00,110,3.40255000,3.28301793,-13.14852725,-4.89964021,ATR_STOP,-1.02104856
ASTS,2024-05-23T09:30:00-04:00,2024-05-23T09:45:00-04:00,69,4.65348750,4.37488784,-19.22337622,-7.11264920,ATR_STOP,-1.01192676
VISN,2024-05-22T11:30:00-04:00,2024-05-23T10:00:00-04:00,288,1.33099750,1.27089057,-17.31079626,-6.40499462,ATR_STOP,-1.01612568
ERAS,2024-05-23T09:45:00-04:00,2024-05-23T11:00:00-04:00,140,2.62196500,2.91214601,40.62534173,15.03137644,ATR_TARGET,1.98504790
MRNA,2024-05-24T09:45:00-04:00,2024-05-24T09:45:00-04:00,2,169.93735750,165.03388023,-9.80695453,-3.62857318,ATR_STOP,-1.02591599
CLOV,2024-05-22T14:15:00-04:00,2024-05-24T10:00:00-04:00,170,0.99174325,0.95729898,-5.85552540,-2.16654440,ATR_STOP,-1.02130458
CCJ,2024-05-24T10:15:00-04:00,2024-05-24T13:15:00-04:00,3,52.52936750,53.11781391,1.76533924,0.65317552,ATR_STOP,0.80827820
ASTS,2024-05-24T09:45:00-04:00,2024-05-24T15:30:00-04:00,87,4.28821375,4.70941972,36.64491900,13.55862003,ATR_TARGET,1.98335589
AMD,2024-05-24T10:15:00-04:00,2024-05-28T09:45:00-04:00,2,165.09372750,165.85551500,1.52357500,0.56372275,STOP_GAP,0.22019212
ASTS,2024-05-24T15:45:00-04:00,2024-05-28T09:45:00-04:00,80,4.73324728,4.76392438,2.45416800,0.90804216,STOP_GAP,0.18778762
SOXL,2024-05-24T10:15:00-04:00,2024-05-28T09:45:00-04:00,7,50.99822000,52.21881337,8.54415357,3.16133682,ATR_STOP,0.65785665
BE,2024-05-24T11:30:00-04:00,2024-05-28T09:45:00-04:00,1,16.35225500,16.67461433,0.32235933,0.11927295,ATR_STOP,0.47853157
AMC,2024-05-20T11:00:00-04:00,2024-05-28T12:45:00-04:00,10,4.78858875,5.06460809,2.76019343,1.02127157,ATR_STOP,0.69099370
RIVN,2024-05-24T15:45:00-04:00,2024-05-28T12:45:00-04:00,16,10.40279625,10.46301565,0.96351041,0.35649885,ATR_STOP,0.37282542
ASTS,2024-05-28T12:15:00-04:00,2024-05-29T09:30:00-04:00,75,5.07780550,6.16537250,81.56752500,30.17998425,TARGET_GAP,3.93036035
CLOV,2024-05-28T15:45:00-04:00,2024-05-29T09:30:00-04:00,378,1.02576875,0.99607858,-11.22288457,-4.15246729,ATR_STOP,-1.02583116
CCJ,2024-05-29T15:30:00-04:00,2024-05-30T09:30:00-04:00,3,54.65095750,53.80961250,-2.52403500,-0.93389295,STOP_GAP,-1.14649515
CLOV,2024-05-29T10:30:00-04:00,2024-05-30T09:30:00-04:00,387,1.03577625,1.11682385,31.36542246,11.60520631,ATR_TARGET,1.97952646
ASTS,2024-05-29T15:30:00-04:00,2024-05-30T09:30:00-04:00,46,8.63647250,7.79667083,-38.63087696,-14.29342447,ATR_STOP,-1.00701708
BE,2024-05-30T09:45:00-04:00,2024-05-30T10:00:00-04:00,25,15.73179000,15.74980807,0.45045175,0.16666715,ATR_STOP,0.04228304
TSLA,2024-05-30T10:15:00-04:00,2024-05-30T10:30:00-04:00,2,181.47990792,178.41297103,-6.13387379,-2.26953330,ATR_STOP,-1.04565596
QS,2024-05-30T09:45:00-04:00,2024-05-30T13:00:00-04:00,68,5.80435000,6.00479003,13.62992191,5.04307111,ATR_TARGET,1.95601816
BE,2024-05-30T11:15:00-04:00,2024-05-31T09:30:00-04:00,23,16.47734875,17.65152858,27.00613619,9.99227039,ATR_TARGET,1.97768525
EOSE,2024-05-30T12:45:00-04:00,2024-05-31T10:00:00-04:00,19,0.72744518,0.70572342,-0.41271341,-0.15270396,ATR_STOP,-1.02499472
NXE,2024-05-29T15:15:00-04:00,2024-05-31T10:15:00-04:00,50,7.87590250,7.91332482,1.87111583,0.69231286,ATR_STOP,0.29475771
NVTS,2024-05-30T13:15:00-04:00,2024-05-31T10:15:00-04:00,100,3.98798875,3.84838718,-13.96015682,-5.16525802,ATR_STOP,-1.02112787
ASTS,2024-05-31T09:45:00-04:00,2024-05-31T10:30:00-04:00,43,9.05688758,8.26405411,-34.09183885,-12.61398037,ATR_STOP,-1.00788514
PLUG,2024-05-31T09:30:00-04:00,2024-05-31T12:45:00-04:00,1,3.31248250,3.21931227,-0.09317023,-0.03447298,ATR_STOP,-1.02662470
VSXY,2024-05-31T12:15:00-04:00,2024-06-03T09:30:00-04:00,17,22.35675500,23.21730830,14.62940605,5.41288024,ATR_TARGET,1.96030419
EOSE,2024-05-31T13:15:00-04:00,2024-06-03T09:30:00-04:00,550,0.71903888,0.76146869,23.33639778,8.63446718,ATR_TARGET,1.97341803
BTE,2024-05-30T09:45:00-04:00,2024-06-03T09:45:00-04:00,43,3.65774125,3.59307266,-2.78074922,-1.02887721,ATR_STOP,-1.04351703
PLUG,2024-05-31T13:30:00-04:00,2024-06-03T09:45:00-04:00,118,3.33750125,3.41077756,8.64660402,3.19924349,ATR_STOP,0.61111332
EOSE,2024-06-03T09:45:00-04:00,2024-06-03T09:45:00-04:00,1,0.75796805,0.72282799,-0.03514006,-0.01300182,ATR_STOP,-1.01568112
BLNK,2024-06-03T09:45:00-04:00,2024-06-03T10:15:00-04:00,127,3.19249258,3.10196005,-11.49763126,-4.25412357,ATR_STOP,-1.02639572
CLOV,2024-05-31T13:45:00-04:00,2024-06-03T12:00:00-04:00,8,1.13084750,1.16465138,0.27043100,0.10005947,ATR_STOP,0.71119198
QS,2024-06-03T09:45:00-04:00,2024-06-03T12:00:00-04:00,66,5.95446250,5.81592129,-9.14371985,-3.38317634,ATR_STOP,-1.03253350
GME,2024-06-03T13:45:00-04:00,2024-06-03T15:30:00-04:00,12,31.36350500,27.36117318,-48.02798185,-17.77035328,ATR_STOP,-1.00515754
VSXY,2024-06-03T14:45:00-04:00,2024-06-03T15:45:00-04:00,16,23.94794750,23.40030057,-8.76235084,-3.24206981,ATR_STOP,-1.03313326
ASTS,2024-06-03T15:30:00-04:00,2024-06-04T09:30:00-04:00,23,8.59644250,8.16849700,-9.84274658,-3.64181624,ATR_STOP,-1.01453476
EOSE,2024-06-03T15:45:00-04:00,2024-06-04T09:30:00-04:00,466,0.74485822,0.72083598,-11.19436813,-4.14191621,ATR_STOP,-1.02304109
RIVN,2024-06-03T15:00:00-04:00,2024-06-04T09:45:00-04:00,35,11.19338875,11.23647138,1.50789189,0.55792000,ATR_STOP,0.15663135
MU,2024-06-04T09:30:00-04:00,2024-06-04T10:00:00-04:00,2,127.44551250,125.46434290,-3.96233920,-1.46606550,ATR_STOP,-1.04990400
OLMA,2024-06-04T10:30:00-04:00,2024-06-04T12:30:00-04:00,28,13.22491125,14.99826404,49.65387798,18.37193485,ATR_TARGET,1.98738420
ASTS,2024-06-04T13:15:00-04:00,2024-06-05T09:45:00-04:00,45,8.68060557,9.55546725,39.36877540,14.56644690,ATR_TARGET,1.98373763
ADMA,2024-06-04T11:00:00-04:00,2024-06-05T10:00:00-04:00,27,10.02751500,10.08637920,1.58933333,0.58805333,ATR_STOP,0.32355967
HIVE,2024-06-04T15:00:00-04:00,2024-06-05T10:00:00-04:00,5,2.80710375,2.71987070,-0.43616526,-0.16138115,ATR_STOP,-1.02396285
VISN,2024-06-04T09:45:00-04:00,2024-06-05T12:00:00-04:00,180,1.53615125,1.67025526,24.13872171,8.93132703,ATR_TARGET,1.98147675
JMIA,2024-06-04T09:45:00-04:00,2024-06-05T13:45:00-04:00,52,7.26544500,7.79567674,27.57205032,10.20165862,ATR_TARGET,1.97817074
NIO,2024-06-05T14:45:00-04:00,2024-06-06T09:30:00-04:00,75,5.25393750,4.94628750,-23.07375000,-8.53728750,STOP_GAP,-3.66224639
ACHR,2024-06-05T10:45:00-04:00,2024-06-06T09:30:00-04:00,5,3.44758375,3.66631976,1.09368007,0.40466162,ATR_TARGET,1.97515165
APP,2024-06-05T10:00:00-04:00,2024-06-06T09:45:00-04:00,4,83.39249750,84.54948752,4.62796006,1.71234522,ATR_STOP,0.64805281
GME,2024-06-05T10:15:00-04:00,2024-06-06T10:00:00-04:00,9,29.97246250,31.70826835,15.62225268,5.78023349,ATR_STOP,0.67112411
RIVN,2024-06-05T10:00:00-04:00,2024-06-06T10:15:00-04:00,7,11.45358375,11.14384942,-2.16814032,-0.80221192,ATR_STOP,-1.02775378
VISN,2024-06-05T12:15:00-04:00,2024-06-06T12:00:00-04:00,174,1.68206060,1.72931556,8.22236349,3.04227449,ATR_STOP,0.73304710
DDD,2024-06-06T10:00:00-04:00,2024-06-06T13:00:00-04:00,78,4.41831125,4.43185532,1.05643713,0.39088174,ATR_STOP,0.06181237
IAUX,2024-06-06T12:45:00-04:00,2024-06-07T09:30:00-04:00,265,1.12584375,1.09060858,-9.33731986,-3.45480835,ATR_STOP,-1.02378417
GME,2024-06-07T09:45:00-04:00,2024-06-07T09:45:00-04:00,6,47.73247252,39.88936210,-47.05866256,-17.41170515,ATR_STOP,-1.00383192
HIVE,2024-06-06T10:30:00-04:00,2024-06-07T11:15:00-04:00,122,2.93720125,2.99055527,6.50918992,2.40840027,ATR_STOP,0.53111799
RIVN,2024-06-06T13:15:00-04:00,2024-06-07T12:45:00-04:00,29,11.55365875,11.62142923,1.96534402,0.72717729,ATR_STOP,0.25441138
JMIA,2024-06-07T10:00:00-04:00,2024-06-07T13:30:00-04:00,33,7.98598500,7.66893646,-10.46260170,-3.87116263,ATR_STOP,-1.01849071
ASTS,2024-06-06T09:45:00-04:00,2024-06-10T09:30:00-04:00,43,9.07680250,8.53359500,-23.35792250,-8.64243133,STOP_GAP,-1.04994869
CLOV,2024-06-06T13:30:00-04:00,2024-06-10T09:30:00-04:00,9,1.11583625,1.07566541,-0.36153758,-0.13376891,ATR_STOP,-1.02051024
JMIA,2024-06-10T10:15:00-04:00,2024-06-10T11:15:00-04:00,51,7.71738370,8.33388345,31.44148748,11.63335037,ATR_TARGET,1.97991151
EOSE,2024-06-10T11:15:00-04:00,2024-06-10T13:45:00-04:00,65,0.72404263,0.78041065,3.66392153,1.35565096,ATR_TARGET,1.97943078
BE,2024-06-10T12:30:00-04:00,2024-06-10T15:45:00-04:00,26,15.64672625,15.15998697,-12.65522120,-4.68243184,ATR_STOP,-1.02393661
MVST,2024-06-10T13:45:00-04:00,2024-06-10T15:45:00-04:00,16,0.41931425,0.39711479,-0.35519128,-0.13142078,ATR_STOP,-1.01360916
BLNK,2024-06-10T14:00:00-04:00,2024-06-11T09:45:00-04:00,15,3.19239250,3.11548047,-1.15368044,-0.42686176,ATR_STOP,-1.03135643
EOSE,2024-06-11T10:30:00-04:00,2024-06-11T13:45:00-04:00,1,0.82151568,0.89563378,0.07411811,0.02742370,ATR_TARGET,1.98202363
ASTS,2024-06-11T10:00:00-04:00,2024-06-11T14:15:00-04:00,6,8.78658500,9.56417601,4.66554608,1.72625205,ATR_TARGET,1.98170542
SOXL,2024-06-10T10:30:00-04:00,2024-06-12T09:30:00-04:00,7,52.73852425,57.20206625,31.24479400,11.56057378,TARGET_GAP,2.56742240
MU,2024-06-10T10:30:00-04:00,2024-06-12T09:30:00-04:00,1,133.79527125,138.40611750,4.61084625,1.70601311,TARGET_GAP,2.07828356
INTC,2024-06-11T09:30:00-04:00,2024-06-12T09:30:00-04:00,13,30.80308500,31.42641250,8.10325750,2.99820527,TARGET_GAP,2.23738463
ACHR,2024-06-10T09:30:00-04:00,2024-06-12T09:30:00-04:00,120,3.31248250,3.46046828,17.75829362,6.57056864,ATR_TARGET,1.96550344
JMIA,2024-06-11T14:45:00-04:00,2024-06-12T09:30:00-04:00,6,9.01685757,9.70900336,4.15287469,1.53656364,ATR_TARGET,1.97916250
DDD,2024-06-12T09:45:00-04:00,2024-06-12T09:45:00-04:00,101,4.21115600,4.09102478,-12.13325297,-4.48930360,ATR_STOP,-1.02623060
EOSE,2024-06-12T09:45:00-04:00,2024-06-12T10:15:00-04:00,452,0.94390740,0.88561186,-26.34958437,-9.74934622,ATR_STOP,-1.01153389
GME,2024-06-12T09:30:00-04:00,2024-06-12T12:00:00-04:00,14,29.19187750,30.10727118,12.81551148,4.74173925,ATR_STOP,0.31065384
RIVN,2024-06-12T14:00:00-04:00,2024-06-12T15:15:00-04:00,33,12.16411625,11.86072610,-10.01187497,-3.70439374,ATR_STOP,-1.03022949
EOSE,2024-06-12T14:15:00-04:00,2024-06-13T09:30:00-04:00,166,0.94500823,0.88963219,-9.19242173,-3.40363293,ATR_STOP,-1.01220518
MVST,2024-06-12T10:30:00-04:00,2024-06-13T10:00:00-04:00,881,0.47035250,0.44238084,-24.64302884,-9.11792067,ATR_STOP,-1.01201300
JMIA,2024-06-12T13:30:00-04:00,2024-06-13T10:15:00-04:00,41,9.98758508,10.03555025,1.96657229,0.72763175,ATR_STOP,0.10922779
SOXL,2024-06-13T09:45:00-04:00,2024-06-13T10:15:00-04:00,4,60.50534500,58.27466358,-8.92272568,-3.30140850,ATR_STOP,-1.01999998
MU,2024-06-13T09:45:00-04:00,2024-06-13T12:15:00-04:00,2,141.19081375,141.59405243,0.80647736,0.29839662,ATR_STOP,0.16126566
AMC,2024-06-13T10:45:00-04:00,2024-06-13T12:30:00-04:00,74,5.38403500,5.07056040,-23.19712048,-8.58293458,ATR_STOP,-1.01228982
ASTS,2024-06-13T10:00:00-04:00,2024-06-14T09:30:00-04:00,2,10.23767250,9.70482556,-1.06569387,-0.39430673,ATR_STOP,-1.01385958
EOSE,2024-06-13T14:30:00-04:00,2024-06-14T10:00:00-04:00,426,0.93229870,0.89056234,-17.77968914,-6.57848498,ATR_STOP,-1.01627603
AMC,2024-06-14T09:45:00-04:00,2024-06-14T10:00:00-04:00,72,5.43707475,5.20246392,-16.89197992,-6.25003257,ATR_STOP,-1.01692533
GME,2024-06-14T09:45:00-04:00,2024-06-14T10:30:00-04:00,5,30.29260243,27.78455425,-12.54024088,-4.63988912,ATR_STOP,-1.00838457
JMIA,2024-06-14T10:15:00-04:00,2024-06-14T11:45:00-04:00,40,9.61720750,9.17843735,-17.55080591,-6.49379819,ATR_STOP,-1.01595114
HIVE,2024-06-13T14:00:00-04:00,2024-06-14T12:15:00-04:00,128,3.08731375,2.96203401,-16.03580647,-5.93324840,ATR_STOP,-1.01806643
MU,2024-06-14T15:15:00-04:00,2024-06-17T09:30:00-04:00,2,141.98641000,145.47081500,6.96881000,2.57845970,TARGET_GAP,2.14901589
ASTS,2024-06-14T15:15:00-04:00,2024-06-17T09:45:00-04:00,28,10.10757500,10.77639176,18.72686921,6.92894161,ATR_TARGET,1.97610194
AMC,2024-06-17T10:00:00-04:00,2024-06-17T10:30:00-04:00,57,5.16887375,4.96422817,-11.66479821,-4.31597534,ATR_STOP,-1.01854456
TSLL,2024-06-17T09:45:00-04:00,2024-06-17T11:00:00-04:00,38,7.79584250,8.29294802,18.89000982,6.98930363,ATR_TARGET,1.97526720
PLTR,2024-06-14T15:00:00-04:00,2024-06-17T12:15:00-04:00,15,23.72778250,24.27335867,8.18364262,3.02794777,ATR_TARGET,1.93537123
SOXL,2024-06-14T13:15:00-04:00,2024-06-18T09:30:00-04:00,6,60.11505250,63.37243500,19.54429500,7.23138915,TARGET_GAP,2.09479797
HIVE,2024-06-17T12:30:00-04:00,2024-06-18T09:30:00-04:00,123,3.15236250,3.18760750,4.33513500,1.60399995,STOP_GAP,0.27728139
INTC,2024-06-17T15:30:00-04:00,2024-06-18T09:30:00-04:00,5,30.85312250,31.35316055,2.50019027,0.92507040,ATR_TARGET,1.91010755
CLOV,2024-06-17T11:45:00-04:00,2024-06-20T09:30:00-04:00,337,1.14585875,1.07919000,-22.46736875,-8.31292644,STOP_GAP,-1.18668937
MVST,2024-06-18T11:45:00-04:00,2024-06-20T09:30:00-04:00,800,0.49036750,0.46765849,-18.16720960,-6.72186755,ATR_STOP,-1.01569939
INTC,2024-06-20T10:00:00-04:00,2024-06-20T15:00:00-04:00,12,30.97821625,30.62486238,-4.24024646,-1.56889119,ATR_STOP,-1.06957662
EOSE,2024-06-20T12:30:00-04:00,2024-06-20T15:00:00-04:00,225,0.84063000,0.91260348,16.19403346,5.99179238,ATR_TARGET,1.98114558
ADMA,2024-06-20T09:45:00-04:00,2024-06-20T15:45:00-04:00,35,10.92819000,10.72898048,-6.97233335,-2.57976334,ATR_STOP,-1.04212655
ASTS,2024-06-20T10:00:00-04:00,2024-06-20T15:45:00-04:00,32,11.74880500,11.21492987,-17.08400426,-6.32108158,ATR_STOP,-1.01601939
TSLA,2024-06-21T09:45:00-04:00,2024-06-21T09:45:00-04:00,2,183.26734750,180.66712286,-5.20044928,-1.92416623,ATR_STOP,-1.05501939
MVST,2024-06-21T10:30:00-04:00,2024-06-21T12:45:00-04:00,740,0.49076780,0.46786575,-16.94751782,-6.27058159,ATR_STOP,-1.01557201
EOSE,2024-06-21T14:00:00-04:00,2024-06-21T15:30:00-04:00,9,0.94000448,0.90356251,-0.32797770,-0.12135175,ATR_STOP,-1.01896277
TSLL,2024-06-21T09:45:00-04:00,2024-06-24T09:30:00-04:00,47,7.98598500,8.41194016,20.01989243,7.40736020,ATR_TARGET,1.97078813
TSLT,2024-06-21T09:45:00-04:00,2024-06-24T09:30:00-04:00,35,10.87815250,11.43886485,19.62493226,7.26122494,ATR_TARGET,1.96983798
INTC,2024-06-21T13:00:00-04:00,2024-06-24T09:45:00-04:00,11,31.21339250,30.85403462,-3.95293671,-1.46258658,ATR_STOP,-1.06888131
YINN,2024-06-24T10:00:00-04:00,2024-06-24T13:00:00-04:00,14,25.12522980,24.65784218,-6.54342667,-2.42106787,ATR_STOP,-1.04122983
WTI,2024-06-21T09:45:00-04:00,2024-06-25T09:30:00-04:00,89,2.14160500,2.16108132,1.73339249,0.64135522,ATR_STOP,0.40284364
BTE,2024-06-24T14:30:00-04:00,2024-06-25T09:30:00-04:00,100,3.45759125,3.39971594,-5.78753127,-2.14138657,ATR_STOP,-1.04612318
APP,2024-06-25T09:45:00-04:00,2024-06-25T11:30:00-04:00,2,78.98919750,81.44204493,4.90569485,1.81510709,ATR_TARGET,1.95136993
ACHR,2024-06-24T09:45:00-04:00,2024-06-25T15:15:00-04:00,99,3.85288750,3.64023086,-21.05300742,-7.78961275,ATR_STOP,-1.01301527
RIVN,2024-06-25T15:30:00-04:00,2024-06-26T09:30:00-04:00,30,12.00399625,16.31775250,129.41268750,47.88269437,TARGET_GAP,15.28490070
ADMA,2024-06-24T09:45:00-04:00,2024-06-26T09:30:00-04:00,34,11.07329875,10.88929630,-6.25608337,-2.31475085,ATR_STOP,-1.04648315
TSLL,2024-06-25T12:00:00-04:00,2024-06-26T09:30:00-04:00,19,8.26499410,8.73898989,9.00591993,3.33219037,ATR_TARGET,1.97270172
EOSE,2024-06-25T14:00:00-04:00,2024-06-26T09:30:00-04:00,3,1.20090000,1.37803175,0.53139526,0.19661625,ATR_TARGET,1.98838949
MVST,2024-06-24T12:45:00-04:00,2024-06-26T09:45:00-04:00,46,0.45524118,0.50265532,2.18105069,0.80698875,ATR_TARGET,1.98421162
HIVE,2024-06-26T09:45:00-04:00,2024-06-26T10:15:00-04:00,130,3.14235500,3.36857862,29.40907115,10.88135632,ATR_TARGET,1.97789457
BTE,2024-06-26T13:30:00-04:00,2024-06-27T10:15:00-04:00,1,3.41245742,3.42757889,0.01512147,0.00559494,ATR_STOP,0.27049858
TSLT,2024-06-26T11:45:00-04:00,2024-06-27T10:45:00-04:00,18,12.23917250,12.30795152,1.23802242,0.45806830,ATR_STOP,0.16304714
MVST,2024-06-27T10:30:00-04:00,2024-06-27T13:15:00-04:00,6,0.51608678,0.56620112,0.30068607,0.11125384,ATR_TARGET,1.98318261
TSLL,2024-06-26T11:45:00-04:00,2024-06-28T09:30:00-04:00,47,8.89166375,9.52723405,29.87180394,11.05256746,ATR_TARGET,1.97774839
TSLA,2024-06-26T11:45:00-04:00,2024-06-28T09:30:00-04:00,2,194.57081875,201.73352665,14.32541580,5.30040385,ATR_TARGET,1.95859689
EOSE,2024-06-27T13:45:00-04:00,2024-06-28T10:00:00-04:00,4,1.26594875,1.30215639,0.14483057,0.05358731,ATR_STOP,0.42614066
CLOV,2024-06-25T09:45:00-04:00,2024-06-28T11:00:00-04:00,289,1.30597875,1.25324918,-15.23884463,-5.63837251,ATR_STOP,-1.01816300
APP,2024-06-28T11:45:00-04:00,2024-06-28T12:15:00-04:00,4,84.34321000,82.79873079,-6.17791685,-2.28582923,ATR_STOP,-1.04192421
SOFI,2024-06-28T11:45:00-04:00,2024-06-28T13:00:00-04:00,7,6.62996875,6.55297513,-0.53895536,-0.19941348,ATR_STOP,-1.06824012
APPS,2024-06-28T12:30:00-04:00,2024-06-28T13:30:00-04:00,202,1.65924350,1.58358132,-15.28376031,-5.65499132,ATR_STOP,-1.01595971
TWLO,2024-06-28T09:45:00-04:00,2024-07-01T09:30:00-04:00,7,56.24215000,56.39536193,1.07248353,0.39681891,ATR_STOP,0.31754172
ERAS,2024-06-28T14:00:00-04:00,2024-07-01T09:30:00-04:00,162,2.29672125,2.44342716,23.76635700,8.79355209,ATR_TARGET,1.97530702
ASTS,2024-07-01T09:45:00-04:00,2024-07-01T11:00:00-04:00,35,12.13909750,11.61369447,-18.38910609,-6.80396925,ATR_STOP,-1.01687060
RIVN,2024-07-01T09:45:00-04:00,2024-07-01T15:45:00-04:00,25,13.78032750,14.00091114,5.51459094,2.04039865,ATR_STOP,0.41152138
BTE,2024-06-27T13:00:00-04:00,2024-07-02T09:45:00-04:00,63,3.47260250,3.58134527,6.85079431,2.53479389,ATR_TARGET,1.95175436
EOSE,2024-07-01T09:45:00-04:00,2024-07-02T09:45:00-04:00,9,1.41606125,1.43472018,0.16793035,0.06213423,ATR_STOP,0.19875665
IAUX,2024-06-28T09:45:00-04:00,2024-07-02T10:30:00-04:00,407,1.05579125,1.01680003,-15.86942742,-5.87168815,ATR_STOP,-1.01996368
ADMA,2024-07-01T11:15:00-04:00,2024-07-02T10:30:00-04:00,35,11.61870750,11.34749043,-9.49259743,-3.51226105,ATR_STOP,-1.03242103
ACHR,2024-07-02T14:15:00-04:00,2024-07-03T10:00:00-04:00,112,3.76782375,4.04228883,30.74008943,11.37383309,ATR_TARGET,1.97813332
AMC,2024-07-02T10:15:00-04:00,2024-07-03T11:15:00-04:00,46,5.19889625,5.03417968,-7.57696230,-2.80347605,ATR_STOP,-1.02347778
RIVN,2024-07-02T09:45:00-04:00,2024-07-03T11:30:00-04:00,24,14.54089750,14.74351813,4.86289517,1.79927121,ATR_STOP,0.34060439
AMD,2024-07-02T15:00:00-04:00,2024-07-05T09:30:00-04:00,2,163.46250500,168.36079242,9.79657484,3.62473269,ATR_TARGET,1.94970185
SOFI,2024-07-02T15:15:00-04:00,2024-07-05T09:30:00-04:00,11,6.46984875,6.37957693,-0.99299001,-0.36740631,ATR_STOP,-1.05601398
EOSE,2024-07-03T10:15:00-04:00,2024-07-05T09:30:00-04:00,259,1.66624875,1.86766780,52.16753423,19.30198767,ATR_TARGET,1.98617694
QS,2024-07-03T11:00:00-04:00,2024-07-05T09:30:00-04:00,2,4.99874625,4.90376381,-0.18996488,-0.07028701,ATR_STOP,-1.04031225
ASTS,2024-07-03T12:15:00-04:00,2024-07-05T09:30:00-04:00,37,11.49861750,11.05826588,-16.29300997,-6.02841369,ATR_STOP,-1.01921049
AMD,2024-07-05T09:45:00-04:00,2024-07-05T12:15:00-04:00,2,167.16528000,173.23773503,12.14491006,4.49361672,ATR_TARGET,1.95807296
PLTR,2024-07-05T09:45:00-04:00,2024-07-08T09:30:00-04:00,16,26.60764078,27.90905250,20.82258760,7.70435741,TARGET_GAP,2.90428817
ASTS,2024-07-05T11:30:00-04:00,2024-07-08T09:30:00-04:00,8,11.73889758,12.69397689,7.64063450,2.82703477,ATR_TARGET,1.98024557
PLUG,2024-07-05T14:00:00-04:00,2024-07-08T11:30:00-04:00,135,2.59194250,2.60425777,1.66256142,0.61514773,ATR_STOP,0.14237203
JMIA,2024-07-08T09:30:00-04:00,2024-07-08T12:00:00-04:00,51,8.60645000,8.31513377,-14.85712769,-5.49713725,ATR_STOP,-1.02189258
CLOV,2024-07-08T09:45:00-04:00,2024-07-08T12:00:00-04:00,78,1.28586367,1.30742434,1.68173197,0.62224083,ATR_STOP,0.60672666
TSLL,2024-07-08T11:45:00-04:00,2024-07-08T13:00:00-04:00,22,15.38152750,14.63127973,-16.50545101,-6.10701687,ATR_STOP,-1.01485486
VSAT,2024-07-03T12:30:00-04:00,2024-07-08T14:00:00-04:00,11,14.46083750,15.22237155,8.37687453,3.09944357,ATR_TARGET,1.97043739
LUMN,2024-07-08T13:30:00-04:00,2024-07-08T15:15:00-04:00,415,1.07580625,1.03504632,-16.91537003,-6.25868691,ATR_STOP,-1.01942991
ACHR,2024-07-05T09:45:00-04:00,2024-07-09T09:30:00-04:00,100,4.34315493,4.05618357,-28.69713595,-10.61794030,ATR_STOP,-1.01072255
INTC,2024-07-08T15:15:00-04:00,2024-07-09T09:30:00-04:00,13,33.99948050,35.01792678,13.23980161,4.89872659,ATR_TARGET,1.94968428
PLTR,2024-07-08T15:30:00-04:00,2024-07-09T10:15:00-04:00,15,27.93093250,27.48535469,-6.68366720,-2.47295686,ATR_STOP,-1.04854587
BIDU,2024-07-09T10:45:00-04:00,2024-07-09T10:45:00-04:00,4,89.79729750,91.48307261,6.74310046,2.49494717,ATR_TARGET,1.92172563
TSLA,2024-07-09T09:45:00-04:00,2024-07-10T10:00:00-04:00,1,255.03123008,259.64547516,4.61424509,1.70727068,ATR_STOP,0.72963098
RIVN,2024-07-09T09:45:00-04:00,2024-07-10T14:30:00-04:00,11,15.77682375,16.71156623,10.28216726,3.80440189,ATR_TARGET,1.97351784
BTE,2024-07-08T15:45:00-04:00,2024-07-10T15:00:00-04:00,46,3.55266250,3.65048434,4.49980459,1.66492770,ATR_TARGET,1.94550775
BLNK,2024-07-10T12:30:00-04:00,2024-07-11T09:30:00-04:00,1,2.96722375,3.16762250,0.20039875,0.07414754,TARGET_GAP,2.70769721
SEDG,2024-07-10T15:15:00-04:00,2024-07-11T09:30:00-04:00,11,29.08179500,30.81378380,19.05187680,7.04919441,ATR_TARGET,1.97364541
PLUG,2024-07-10T15:30:00-04:00,2024-07-11T10:00:00-04:00,9,2.70202500,2.88899981,1.68277329,0.62262612,ATR_TARGET,1.97707159
LUMN,2024-07-09T11:00:00-04:00,2024-07-11T10:15:00-04:00,397,1.07580625,1.16499287,35.40708993,13.10062327,ATR_TARGET,1.98058205
HIVE,2024-07-11T10:45:00-04:00,2024-07-11T11:30:00-04:00,131,3.42256500,3.29286909,-16.99016360,-6.28636053,ATR_STOP,-1.01942635
BTE,2024-07-11T10:15:00-04:00,2024-07-11T11:45:00-04:00,7,3.69276750,3.70638813,0.09534438,0.03527742,ATR_STOP,0.22080537
ADMA,2024-07-09T09:45:00-04:00,2024-07-11T12:00:00-04:00,36,11.98097900,12.43813536,16.45762897,6.08932272,ATR_TARGET,1.95997529
ACHR,2024-07-10T10:45:00-04:00,2024-07-12T09:30:00-04:00,58,4.39319242,4.69647500,17.59038935,6.50844406,TARGET_GAP,2.33460727
CCJ,2024-07-11T09:45:00-04:00,2024-07-12T09:30:00-04:00,6,53.85035750,52.85361566,-5.98045104,-2.21276689,ATR_STOP,-1.04144931
NXE,2024-07-11T09:45:00-04:00,2024-07-12T09:30:00-04:00,1,7.57067375,7.40879595,-0.16187780,-0.05989479,ATR_STOP,-1.03557365
MRNA,2024-07-11T14:00:00-04:00,2024-07-12T09:30:00-04:00,3,123.57261000,128.26231606,14.06911818,5.20557373,ATR_TARGET,1.95977040
VISN,2024-07-11T14:30:00-04:00,2024-07-12T09:30:00-04:00,60,1.41105750,1.50257269,5.49091117,2.03163713,ATR_TARGET,1.97565330
BIDU,2024-07-12T09:45:00-04:00,2024-07-12T10:15:00-04:00,4,103.27740000,101.10074766,-8.70660934,-3.22144546,ATR_STOP,-1.03612127
HIVE,2024-07-12T09:45:00-04:00,2024-07-12T10:15:00-04:00,53,3.53264750,3.39868278,-7.10012998,-2.62704809,ATR_STOP,-1.01941140
FLNA,2024-07-12T10:30:00-04:00,2024-07-12T12:30:00-04:00,10,12.02901500,11.43470135,-5.94313653,-2.19896052,ATR_STOP,-1.01465256
BLNK,2024-07-11T13:30:00-04:00,2024-07-12T13:30:00-04:00,138,3.27245250,3.49554451,30.78669765,11.39107813,ATR_TARGET,1.97675282
ERAS,2024-07-12T10:30:00-04:00,2024-07-12T14:00:00-04:00,156,2.94220500,2.99079462,7.57998129,2.80459308,ATR_STOP,0.41792986
SOFI,2024-07-12T14:15:00-04:00,2024-07-15T09:45:00-04:00,66,6.98023125,7.19797859,14.37132456,5.31739009,ATR_TARGET,1.95157931
HIVE,2024-07-12T13:45:00-04:00,2024-07-15T12:30:00-04:00,132,3.52334053,3.78689601,34.78932452,12.87205007,ATR_TARGET,1.97866121
CLOV,2024-07-12T13:00:00-04:00,2024-07-16T09:30:00-04:00,2,1.51953880,1.62708808,0.21509856,0.07958647,ATR_TARGET,1.97754480
GME,2024-07-15T10:00:00-04:00,2024-07-16T09:30:00-04:00,17,26.39978500,27.90744185,25.63016651,9.48316161,ATR_TARGET,1.97259421
QS,2024-07-12T12:45:00-04:00,2024-07-16T09:45:00-04:00,15,8.29621750,8.75676576,6.90822397,2.55604287,ATR_STOP,0.89372219
NVTS,2024-07-12T14:00:00-04:00,2024-07-16T09:45:00-04:00,1,4.76857375,4.80533449,0.03676074,0.01360147,ATR_STOP,0.38270076
AMC,2024-07-12T09:45:00-04:00,2024-07-16T10:00:00-04:00,87,5.29897125,5.39417929,8.28309938,3.06474677,ATR_STOP,0.68136799
BE,2024-07-15T12:45:00-04:00,2024-07-16T10:00:00-04:00,34,13.88040250,14.30339763,14.38183458,5.32127879,ATR_STOP,0.82439302
SEDG,2024-07-16T10:00:00-04:00,2024-07-16T13:30:00-04:00,4,28.36625875,30.56946606,8.81282925,3.26074682,ATR_TARGET,1.97938657
STX,2024-07-16T09:45:00-04:00,2024-07-17T09:30:00-04:00,4,109.11177250,106.82981750,-9.12782000,-3.37729340,STOP_GAP,-2.16524371
SOFI,2024-07-16T10:45:00-04:00,2024-07-17T09:30:00-04:00,63,7.50562500,7.58430750,4.95699750,1.83408907,STOP_GAP,0.45978258
SEDG,2024-07-16T13:45:00-04:00,2024-07-17T09:30:00-04:00,3,30.51286750,28.93828000,-4.72376250,-1.74779212,STOP_GAP,-1.35611014
CLOV,2024-07-16T09:45:00-04:00,2024-07-17T09:30:00-04:00,44,1.63622625,1.67878381,1.87253282,0.69283714,ATR_STOP,0.68991035
HIVE,2024-07-16T11:15:00-04:00,2024-07-17T10:00:00-04:00,1,3.92294000,4.03441813,0.11147813,0.04124691,ATR_STOP,0.71725261
APPS,2024-07-16T10:45:00-04:00,2024-07-17T10:30:00-04:00,210,2.33675125,2.36891837,6.75509619,2.49938559,ATR_STOP,0.25313596
AMC,2024-07-17T09:45:00-04:00,2024-07-17T11:00:00-04:00,88,5.61921125,5.45129920,-14.77626034,-5.46721633,ATR_STOP,-1.02497577
AFRM,2024-07-17T09:45:00-04:00,2024-07-17T11:15:00-04:00,14,33.57516250,32.70740628,-12.14858714,-4.49497724,ATR_STOP,-1.02911380
CLOV,2024-07-17T09:45:00-04:00,2024-07-17T11:30:00-04:00,75,1.74630875,1.67159957,-5.60318856,-2.07317977,ATR_STOP,-1.01708051
VISN,2024-07-17T13:30:00-04:00,2024-07-18T09:30:00-04:00,300,1.61521050,2.31826000,210.91485000,78.03849450,TARGET_GAP,10.45555494
PLTR,2024-07-18T09:45:00-04:00,2024-07-18T10:00:00-04:00,19,28.38127000,29.45037751,20.31304269,7.51582579,ATR_TARGET,1.95948658
EVLV,2024-07-17T13:45:00-04:00,2024-07-18T10:30:00-04:00,144,3.36752375,3.42081673,7.67418881,2.83944986,ATR_STOP,0.33520860
ACHR,2024-07-18T09:45:00-04:00,2024-07-18T10:30:00-04:00,5,5.13384750,4.98517114,-0.74338180,-0.27505127,ATR_STOP,-1.02581635
CLOV,2024-07-18T10:15:00-04:00,2024-07-18T10:30:00-04:00,8,1.77633125,1.70446402,-0.57493782,-0.21272699,ATR_STOP,-1.01812360
LUMN,2024-07-17T15:00:00-04:00,2024-07-18T13:45:00-04:00,175,1.33099750,1.37293255,7.33863364,2.71529445,ATR_STOP,0.92655956
MRNA,2024-07-17T14:30:00-04:00,2024-07-18T14:00:00-04:00,3,123.83280500,121.48350672,-7.04789483,-2.60772109,ATR_STOP,-1.04037922
INTC,2024-07-18T10:15:00-04:00,2024-07-18T14:00:00-04:00,15,35.89189875,34.98497442,-13.60386497,-5.03343004,ATR_STOP,-1.02981656
PLUG,2024-07-18T11:15:00-04:00,2024-07-18T14:00:00-04:00,165,3.20740375,3.07595321,-21.68933919,-8.02505550,ATR_STOP,-1.01787721
HIVE,2024-07-19T09:45:00-04:00,2024-07-19T12:30:00-04:00,139,3.84798383,4.20341920,49.40551655,18.28004112,ATR_TARGET,1.98240370
PLTR,2024-07-19T11:15:00-04:00,2024-07-19T14:30:00-04:00,1,29.38202000,28.55975127,-0.82226873,-0.30423943,ATR_STOP,-1.02676700
JMIA,2024-07-19T09:45:00-04:00,2024-07-22T09:45:00-04:00,42,12.52939000,12.74369839,9.00095252,3.33035243,ATR_STOP,0.37432097
ASTS,2024-07-19T12:00:00-04:00,2024-07-22T10:15:00-04:00,1,13.19989250,12.64740093,-0.55249157,-0.20442188,ATR_STOP,-1.01748193
HIVE,2024-07-22T09:45:00-04:00,2024-07-23T09:30:00-04:00,12,4.28821375,4.36672250,0.94210500,0.34857885,STOP_GAP,0.38455797
RIVN,2024-07-22T10:15:00-04:00,2024-07-23T09:45:00-04:00,30,17.32298250,16.82852097,-14.83384591,-5.48852299,ATR_STOP,-1.02621432
JMIA,2024-07-22T12:30:00-04:00,2024-07-23T09:45:00-04:00,1,13.68025250,14.27056761,0.59031511,0.21841659,ATR_STOP,0.82409678
ASTS,2024-07-23T10:00:00-04:00,2024-07-23T10:15:00-04:00,41,13.19949220,13.94222011,30.45184420,11.26718235,ATR_TARGET,1.97221291
LUMN,2024-07-19T11:15:00-04:00,2024-07-23T13:45:00-04:00,392,1.38603875,1.49468622,42.58980923,15.75822942,ATR_TARGET,1.97955975
ADMA,2024-07-22T09:45:00-04:00,2024-07-23T15:45:00-04:00,40,13.66023750,13.86393674,8.14796975,3.01474881,ATR_STOP,0.67238993
PLTR,2024-07-23T09:45:00-04:00,2024-07-24T09:30:00-04:00,1,28.86163000,28.33341489,-0.52821511,-0.19543959,ATR_STOP,-1.04194901
BE,2024-07-23T15:00:00-04:00,2024-07-24T09:45:00-04:00,37,15.19638875,14.85594216,-12.59652368,-4.66071376,ATR_STOP,-1.03386106
LUMN,2024-07-24T13:30:00-04:00,2024-07-24T14:00:00-04:00,346,1.61120750,1.54067798,-24.40321355,-9.02918901,ATR_STOP,-1.01666893
VISN,2024-07-23T10:30:00-04:00,2024-07-24T14:30:00-04:00,317,1.77132750,1.68400777,-27.68035375,-10.24173089,ATR_STOP,-1.01468761
HIVE,2024-07-24T13:15:00-04:00,2024-07-24T14:30:00-04:00,127,4.37327750,4.17719837,-24.90204912,-9.21375817,ATR_STOP,-1.01624955
ASTS,2024-07-24T13:30:00-04:00,2024-07-24T14:45:00-04:00,2,13.90041750,13.43725139,-0.92633221,-0.34274292,ATR_STOP,-1.02225984
CLOV,2024-07-22T15:00:00-04:00,2024-07-24T15:15:00-04:00,8,1.65624125,1.60480670,-0.41147642,-0.15224627,ATR_STOP,-1.02397984
ASTS,2024-07-25T09:45:00-04:00,2024-07-25T10:15:00-04:00,38,14.01050000,15.16714457,43.95249357,16.26242262,ATR_TARGET,1.98050750
VISN,2024-07-25T11:00:00-04:00,2024-07-26T10:30:00-04:00,308,1.79134250,1.81589857,7.56326827,2.79840926,ATR_STOP,0.31842658
BE,2024-07-26T10:00:00-04:00,2024-07-26T10:30:00-04:00,1,15.01125000,14.50917060,-0.50207940,-0.18576938,ATR_STOP,-1.02217077
VISN,2024-07-26T12:15:00-04:00,2024-07-29T09:30:00-04:00,291,1.90142500,2.05117013,43.57583218,16.12305791,ATR_TARGET,1.97964721
FLNA,2024-07-26T14:15:00-04:00,2024-07-29T09:30:00-04:00,2,14.00049250,15.17982267,2.35866034,0.87270433,ATR_TARGET,1.98086304
CLOV,2024-07-26T09:45:00-04:00,2024-07-29T09:45:00-04:00,329,1.69637133,1.71371375,5.70565782,2.11109340,STOP_GAP,0.31004292
LUMN,2024-07-26T09:45:00-04:00,2024-07-29T12:15:00-04:00,320,1.74130500,1.89222323,48.29383231,17.86871796,ATR_TARGET,1.98135425
LUMN,2024-07-29T12:30:00-04:00,2024-07-30T09:30:00-04:00,307,1.89141750,2.04435692,46.95240178,17.37238866,ATR_TARGET,1.98013361
ASTS,2024-07-30T09:30:00-04:00,2024-07-30T09:45:00-04:00,31,18.99423500,19.36604158,11.52600407,4.26462151,ATR_STOP,0.47618569
CLOV,2024-07-29T11:15:00-04:00,2024-07-30T11:15:00-04:00,322,1.79064197,1.93154919,45.37212173,16.78768504,ATR_TARGET,1.97963220
VISN,2024-07-30T09:45:00-04:00,2024-07-31T09:30:00-04:00,242,2.49186750,2.84319879,85.02217307,31.45820404,ATR_TARGET,1.98792527
ASTS,2024-07-31T09:45:00-04:00,2024-07-31T13:00:00-04:00,35,18.13359000,19.71262330,55.26616562,20.44848128,ATR_TARGET,1.98143394
FLNA,2024-07-31T09:45:00-04:00,2024-07-31T14:00:00-04:00,1,19.10932125,21.85019929,2.74087804,1.01412487,ATR_TARGET,1.98810425
BLNK,2024-07-31T09:45:00-04:00,2024-07-31T14:45:00-04:00,4,3.24212977,3.44376312,0.80653338,0.29841735,ATR_TARGET,1.97468627
BLNK,2024-07-31T15:00:00-04:00,2024-07-31T15:15:00-04:00,12,3.44758375,3.34066773,-1.28299218,-0.47470711,ATR_STOP,-1.02401508
NXE,2024-07-31T14:00:00-04:00,2024-07-31T15:45:00-04:00,99,6.69501750,6.75767349,6.20294268,2.29508879,ATR_STOP,0.45834525
LUMN,2024-07-31T09:30:00-04:00,2024-08-01T09:30:00-04:00,236,2.59194250,3.26754750,159.44278000,58.99382860,TARGET_GAP,2.24425447
CLOV,2024-07-30T11:30:00-04:00,2024-08-01T13:00:00-04:00,314,1.91643625,1.82616799,-28.34423521,-10.48736703,ATR_STOP,-1.01541834
FLNA,2024-08-01T15:45:00-04:00,2024-08-02T09:45:00-04:00,29,22.84211875,21.44446870,-40.53185159,-14.99678509,ATR_STOP,-1.01165023
FLNA,2024-08-02T11:45:00-04:00,2024-08-02T13:00:00-04:00,27,23.96806258,27.86365614,105.18102631,38.91697974,ATR_TARGET,1.98932037
TWLO,2024-08-02T12:30:00-04:00,2024-08-05T09:30:00-04:00,10,61.51610250,57.95650000,-35.59602500,-13.17052925,STOP_GAP,-2.24332802
FLNA,2024-08-02T15:15:00-04:00,2024-08-05T09:30:00-04:00,24,28.82059925,25.98050000,-68.16238200,-25.22008134,STOP_GAP,-1.04513737
VISN,2024-08-02T15:45:00-04:00,2024-08-05T09:30:00-04:00,308,2.24668375,2.01848500,-70.28521500,-26.00552955,STOP_GAP,-1.91083565
ASTS,2024-08-07T09:45:00-04:00,2024-08-07T12:45:00-04:00,31,20.47534500,20.73115095,7.92998441,2.93409423,ATR_STOP,0.25554289
TWLO,2024-08-07T10:00:00-04:00,2024-08-07T13:45:00-04:00,10,60.99571250,59.81568763,-11.80024866,-4.36609200,ATR_STOP,-1.03955094
PLTR,2024-08-07T10:30:00-04:00,2024-08-07T14:15:00-04:00,23,27.77081250,26.74152657,-23.67357643,-8.75922328,ATR_STOP,-1.01988794
FLNA,2024-08-07T15:15:00-04:00,2024-08-08T09:45:00-04:00,22,28.43160772,25.67331643,-60.68240856,-22.45249117,ATR_STOP,-1.00703515
ASTS,2024-08-08T11:15:00-04:00,2024-08-09T09:30:00-04:00,29,20.63546500,22.81287750,63.14496250,23.36363612,TARGET_GAP,1.99292187
PLTR,2024-08-08T10:30:00-04:00,2024-08-09T11:00:00-04:00,22,27.91592125,29.89047232,43.44012349,16.07284569,ATR_TARGET,1.97753146
VSXY,2024-08-08T10:00:00-04:00,2024-08-09T15:45:00-04:00,32,19.00424250,19.70565635,22.44524333,8.30474003,ATR_STOP,1.19761353
LUMN,2024-08-14T09:45:00-04:00,2024-08-14T11:30:00-04:00,130,5.07380250,5.64600184,74.38591451,27.52278837,ATR_TARGET,1.98529699
ADMA,2024-08-14T11:45:00-04:00,2024-08-14T12:30:00-04:00,38,17.81335000,17.39330504,-15.96170862,-5.90583219,ATR_STOP,-1.03207637
VSXY,2024-08-14T15:15:00-04:00,2024-08-15T09:30:00-04:00,1,22.22665750,23.88409124,1.65743374,0.61325048,ATR_TARGET,1.97859981
APPS,2024-08-15T09:45:00-04:00,2024-08-15T10:00:00-04:00,7,3.46259500,3.29781398,-1.15346717,-0.42678285,ATR_STOP,-1.01525033
CCJ,2024-08-14T09:45:00-04:00,2024-08-15T11:00:00-04:00,16,39.77480875,41.04064221,20.25333529,7.49373406,ATR_TARGET,1.95248696
BTE,2024-08-14T09:45:00-04:00,2024-08-15T11:00:00-04:00,176,3.53274758,3.65184262,20.96072795,7.75546934,ATR_TARGET,1.95500611
INTC,2024-08-15T11:15:00-04:00,2024-08-15T13:15:00-04:00,29,20.55040125,20.68192020,3.81404951,1.41119832,ATR_STOP,0.40100643
LUMN,2024-08-14T15:15:00-04:00,2024-08-16T09:30:00-04:00,117,5.74940882,5.39595000,-41.35468252,-15.30123253,STOP_GAP,-1.10800133
BTE,2024-08-15T11:15:00-04:00,2024-08-16T09:30:00-04:00,187,3.65273750,3.55733000,-17.84120250,-6.60124493,STOP_GAP,-1.52186598
EOSE,2024-08-15T10:15:00-04:00,2024-08-16T09:30:00-04:00,1,1.82136500,1.95023237,0.12886737,0.04768093,ATR_TARGET,1.97753765
IAUX,2024-08-16T09:45:00-04:00,2024-08-16T10:00:00-04:00,656,0.99924888,1.00518659,3.89514345,1.44120307,ATR_STOP,0.21769802
APPS,2024-08-15T13:15:00-04:00,2024-08-19T09:30:00-04:00,1,3.46259500,3.80543865,0.34284365,0.12685215,ATR_TARGET,1.98347572
SOFI,2024-08-15T15:00:00-04:00,2024-08-19T09:30:00-04:00,86,6.96021625,7.15830924,17.03599709,6.30331892,ATR_TARGET,1.94718756
VISN,2024-08-16T10:30:00-04:00,2024-08-19T09:45:00-04:00,16,3.81786125,3.95146402,2.13764433,0.79092840,ATR_STOP,0.79558114
AMD,2024-08-16T10:15:00-04:00,2024-08-19T10:00:00-04:00,4,148.85155500,149.90915095,4.23038380,1.56524201,ATR_STOP,0.45029628
GME,2024-08-15T10:15:00-04:00,2024-08-19T11:45:00-04:00,1,22.46143345,22.67653166,0.21509821,0.07958634,ATR_STOP,0.49520828
PLTR,2024-08-19T10:15:00-04:00,2024-08-19T11:45:00-04:00,20,32.52437500,31.91649742,-12.15755158,-4.49829408,ATR_STOP,-1.04102488
TSLL,2024-08-16T09:45:00-04:00,2024-08-20T09:30:00-04:00,67,9.98848575,10.76192250,51.82026225,19.17349703,TARGET_GAP,2.40676594
ASTS,2024-08-19T09:45:00-04:00,2024-08-20T09:30:00-04:00,18,33.11481750,36.43994048,59.85221369,22.14531907,ATR_STOP,1.01257693
TSLT,2024-08-19T10:15:00-04:00,2024-08-20T09:45:00-04:00,2,14.17062000,14.72038177,1.09952355,0.40682371,ATR_STOP,1.07513232
EOSE,2024-08-19T13:00:00-04:00,2024-08-20T10:00:00-04:00,11,2.01150750,1.93990728,-0.78760244,-0.29141290,ATR_STOP,-1.02075756
AMD,2024-08-20T09:30:00-04:00,2024-08-20T10:00:00-04:00,4,156.62738250,160.55006712,15.69073847,5.80557323,ATR_TARGET,1.94039212
SEDG,2024-08-20T09:45:00-04:00,2024-08-20T10:00:00-04:00,25,28.25957880,27.38087972,-21.96747698,-8.12796648,ATR_STOP,-1.02394817
CLOV,2024-08-20T10:00:00-04:00,2024-08-20T10:30:00-04:00,9,3.29747125,3.10912211,-1.69514225,-0.62720263,ATR_STOP,-1.01254514
VISN,2024-08-20T12:00:00-04:00,2024-08-21T09:30:00-04:00,165,4.13810125,4.44666250,50.91260625,18.83766431,TARGET_GAP,2.24724316
TSLA,2024-08-21T09:45:00-04:00,2024-08-21T10:15:00-04:00,3,222.68689000,219.42486125,-9.78608624,-3.62085191,ATR_STOP,-1.05317219
BIDU,2024-08-21T10:30:00-04:00,2024-08-22T09:30:00-04:00,7,89.59714750,87.38441250,-15.48914500,-5.73098365,STOP_GAP,-2.50032963
ACHR,2024-08-21T10:45:00-04:00,2024-08-22T09:30:00-04:00,9,3.71778625,3.87527327,1.41738315,0.52443177,ATR_TARGET,1.96373173
SOXL,2024-08-21T09:45:00-04:00,2024-08-22T09:45:00-04:00,1,41.03075000,41.47290601,0.44215601,0.16359772,ATR_STOP,0.31901204
NXE,2024-08-21T09:45:00-04:00,2024-08-22T10:15:00-04:00,1,6.02451500,5.93413032,-0.09038468,-0.03344233,ATR_STOP,-1.05183172
BEKE,2024-08-22T09:45:00-04:00,2024-08-22T11:30:00-04:00,43,14.95120500,14.76650683,-7.94202123,-2.93854785,ATR_STOP,-1.06383777
GME,2024-08-22T10:15:00-04:00,2024-08-22T11:45:00-04:00,2,22.69420790,22.34697233,-0.69447115,-0.25695432,ATR_STOP,-1.05075552
LUMN,2024-08-20T11:15:00-04:00,2024-08-23T09:30:00-04:00,117,5.94945875,6.56331535,71.82122181,26.57385207,ATR_TARGET,1.98407783
LUMN,2024-08-23T09:45:00-04:00,2024-08-23T10:45:00-04:00,4,6.63997625,6.31769335,-1.28913160,-0.47697869,ATR_STOP,-1.01493295
EOSE,2024-08-23T10:15:00-04:00,2024-08-23T10:45:00-04:00,1,2.48686375,2.35112830,-0.13573545,-0.05022212,ATR_STOP,-1.01317205
DDD,2024-08-23T12:30:00-04:00,2024-08-23T14:00:00-04:00,2,2.76196993,2.66170297,-0.20053392,-0.07419755,ATR_STOP,-1.02032962
NIO,2024-08-22T11:45:00-04:00,2024-08-26T09:30:00-04:00,160,4.01841155,4.05695500,6.16695200,2.28177224,STOP_GAP,0.50307926
ACHR,2024-08-23T09:30:00-04:00,2024-08-26T09:30:00-04:00,13,3.72279000,3.88388034,2.09417440,0.77484453,ATR_TARGET,1.96445122
SOFI,2024-08-23T11:00:00-04:00,2024-08-26T09:45:00-04:00,3,7.44057625,7.71712158,0.82963598,0.30696531,ATR_TARGET,1.95896978
EVLV,2024-08-23T15:30:00-04:00,2024-08-26T09:45:00-04:00,1,4.01901200,4.10509203,0.08608003,0.03184961,ATR_STOP,0.56748118
TSLL,2024-08-23T09:45:00-04:00,2024-08-26T10:30:00-04:00,72,9.90742500,9.52081503,-27.83591778,-10.29928958,ATR_STOP,-1.01883175
CCJ,2024-08-26T09:45:00-04:00,2024-08-26T10:45:00-04:00,15,44.06302250,43.10153758,-14.42227375,-5.33624129,ATR_STOP,-1.03481780
ACHR,2024-08-26T10:00:00-04:00,2024-08-27T09:30:00-04:00,16,3.93514915,3.83385674,-1.62067864,-0.59965110,ATR_STOP,-1.02923898
FLNA,2024-08-19T12:15:00-04:00,2024-08-27T10:15:00-04:00,21,30.64096350,28.88907707,-36.78961499,-13.61215755,ATR_STOP,-1.01253209
QS,2024-08-27T10:45:00-04:00,2024-08-27T11:15:00-04:00,3,6.07955625,5.95778663,-0.36530887,-0.13516428,ATR_STOP,-1.03812253
BILL,2024-08-27T09:45:00-04:00,2024-08-27T11:45:00-04:00,1,50.75804000,53.64894052,2.89090052,1.06963319,ATR_TARGET,1.97252500
CLOV,2024-08-26T15:45:00-04:00,2024-08-27T12:30:00-04:00,197,3.30167440,3.15107222,-29.66863011,-10.97739314,ATR_STOP,-1.01595470
GDS,2024-08-26T14:45:00-04:00,2024-08-27T15:45:00-04:00,41,16.99773875,16.59841528,-16.37226235,-6.05773707,ATR_STOP,-1.03220282
SOFI,2024-08-27T14:00:00-04:00,2024-08-27T15:45:00-04:00,81,7.75601265,7.76719590,0.90584314,0.33516196,ATR_STOP,0.11263717
HIVE,2024-08-27T14:45:00-04:00,2024-08-28T09:30:00-04:00,1,3.38253500,3.27754000,-0.10499500,-0.03884815,STOP_GAP,-1.05340148
SEDG,2024-08-28T09:45:00-04:00,2024-08-28T10:00:00-04:00,23,26.42030038,25.61954498,-18.41737419,-6.81442845,ATR_STOP,-1.02460452
AFRM,2024-08-27T10:30:00-04:00,2024-08-28T10:30:00-04:00,19,32.18412000,31.41467157,-14.61952018,-5.40922247,ATR_STOP,-1.03161234
CLOV,2024-08-28T10:00:00-04:00,2024-08-28T10:30:00-04:00,6,3.30327560,3.18342918,-0.71907854,-0.26605906,ATR_STOP,-1.02034245
VSXY,2024-08-27T12:00:00-04:00,2024-08-29T09:30:00-04:00,3,24.42830750,25.48087500,3.15770250,1.16834992,TARGET_GAP,2.13679702
AFRM,2024-08-28T15:30:00-04:00,2024-08-29T09:30:00-04:00,21,31.33348250,39.04069750,161.85151500,59.88506055,TARGET_GAP,11.64474185
BILL,2024-08-28T09:30:00-04:00,2024-08-29T09:45:00-04:00,13,53.04975750,55.25396605,28.65471109,10.60224310,ATR_TARGET,1.96306546
SOFI,2024-08-29T09:45:00-04:00,2024-08-29T11:15:00-04:00,84,7.77082375,8.11487589,28.90037946,10.69314040,ATR_TARGET,1.96521006
BTE,2024-08-29T13:15:00-04:00,2024-08-30T09:30:00-04:00,181,3.70277500,3.58730750,-20.89961750,-7.73285848,STOP_GAP,-2.20214904
HIVE,2024-08-29T10:15:00-04:00,2024-08-30T09:30:00-04:00,3,3.27745625,3.16728828,-0.33050391,-0.12228645,ATR_STOP,-1.02205430
RIVN,2024-08-29T10:00:00-04:00,2024-08-30T10:00:00-04:00,49,14.28070250,13.94779254,-16.31258811,-6.03565760,ATR_STOP,-1.03246699
AAOI,2024-08-30T09:45:00-04:00,2024-09-03T09:30:00-04:00,62,10.77087210,12.01098500,76.88699980,28.44818993,TARGET_GAP,2.57463017
GME,2024-08-30T13:45:00-04:00,2024-09-03T09:30:00-04:00,30,22.90716750,24.28289656,41.27187178,15.27059256,ATR_TARGET,1.97385017
EOSE,2024-09-03T09:30:00-04:00,2024-09-03T10:15:00-04:00,272,2.64198000,2.50594731,-37.00089299,-13.69033041,ATR_STOP,-1.01402047
APP,2024-08-29T09:45:00-04:00,2024-09-03T14:30:00-04:00,8,91.50357625,89.42652373,-16.61642017,-6.14807546,ATR_STOP,-1.03339428
NIO,2024-09-03T09:45:00-04:00,2024-09-04T15:00:00-04:00,173,4.12309000,4.21236199,15.44405450,5.71430017,ATR_STOP,0.83935653
GME,2024-09-06T09:45:00-04:00,2024-09-06T10:30:00-04:00,33,22.46783825,21.94805341,-17.15289970,-6.34657289,ATR_STOP,-1.03273002
LUMN,2024-09-06T15:15:00-04:00,2024-09-09T09:30:00-04:00,127,5.85939125,5.67485443,-23.43617670,-8.67138538,ATR_STOP,-1.02362655
TSLT,2024-09-10T09:45:00-04:00,2024-09-10T10:30:00-04:00,53,13.83036500,13.84096285,0.56168617,0.20782388,ATR_STOP,0.02185120
TSLL,2024-09-10T09:45:00-04:00,2024-09-11T10:30:00-04:00,69,10.13759750,9.75366543,-26.49131263,-9.80178567,ATR_STOP,-1.01943845
TSLA,2024-09-10T09:45:00-04:00,2024-09-11T10:45:00-04:00,3,221.51100875,217.10146098,-13.22864330,-4.89459802,ATR_STOP,-1.03837148
VISN,2024-09-10T14:15:00-04:00,2024-09-11T13:45:00-04:00,151,4.89867125,5.00771733,16.46595875,6.09240474,ATR_STOP,0.57390610
CLOV,2024-09-12T10:00:00-04:00,2024-09-12T13:00:00-04:00,2,2.74205500,2.77953802,0.07496603,-0.23502276,ATR_STOP,0.39321632
TSLL,2024-09-11T14:45:00-04:00,2024-09-13T10:00:00-04:00,58,10.64798000,10.72084116,4.22594715,1.56360044,ATR_STOP,0.20443285
VISN,2024-09-11T14:45:00-04:00,2024-09-13T11:30:00-04:00,143,5.14885875,5.22726959,11.21275007,4.14871753,ATR_STOP,0.41921645
DDD,2024-09-12T15:15:00-04:00,2024-09-13T14:15:00-04:00,3,2.35176250,2.40247743,0.15214480,0.05629358,ATR_STOP,0.60748028
BLNK,2024-09-13T14:45:00-04:00,2024-09-16T10:00:00-04:00,4,1.82636875,1.77506343,-0.20522129,-0.07593188,ATR_STOP,-1.02666032
IAUX,2024-09-13T12:30:00-04:00,2024-09-16T11:00:00-04:00,3,1.11583625,1.08051820,-0.10595415,-0.03920304,ATR_STOP,-1.02350235
NIO,2024-09-13T11:15:00-04:00,2024-09-17T09:30:00-04:00,115,5.38903875,5.68994401,34.60410435,12.80351861,ATR_TARGET,1.97201181
CLOV,2024-09-13T11:45:00-04:00,2024-09-17T09:30:00-04:00,254,2.93219750,3.14578830,54.25206404,20.07326370,ATR_TARGET,1.97813298
VISN,2024-09-16T11:15:00-04:00,2024-09-17T09:30:00-04:00,1,5.45598893,5.78519734,0.32920842,0.12180711,ATR_TARGET,1.97396404
BLNK,2024-09-16T13:45:00-04:00,2024-09-17T10:15:00-04:00,2,1.78413710,1.88155022,0.19482624,0.07208571,ATR_TARGET,1.97141984
PLUG,2024-09-17T09:45:00-04:00,2024-09-17T11:15:00-04:00,4,2.03332385,2.17196596,0.55456843,0.20519032,ATR_TARGET,1.97675668
HIVE,2024-09-17T10:30:00-04:00,2024-09-17T12:45:00-04:00,1,3.07230250,2.98589645,-0.08640605,-0.03197024,ATR_STOP,-1.02662751
DDD,2024-09-17T09:45:00-04:00,2024-09-17T13:45:00-04:00,306,2.49687125,2.53346702,11.19830688,4.14337355,ATR_STOP,0.39839187
SOXL,2024-09-17T09:45:00-04:00,2024-09-17T13:45:00-04:00,20,32.73453250,31.54659751,-23.75869981,-8.79071893,ATR_STOP,-1.02033718
ABCL,2024-09-17T11:30:00-04:00,2024-09-17T14:15:00-04:00,3,2.82711875,2.73939572,-0.26316909,-0.09737256,ATR_STOP,-1.02400096
AMC,2024-09-11T14:45:00-04:00,2024-09-17T15:45:00-04:00,150,4.90867875,4.81448737,-14.12870660,-5.22762144,ATR_STOP,-1.03989472
BLNK,2024-09-17T15:45:00-04:00,2024-09-18T10:30:00-04:00,356,1.90132492,1.84888276,-18.66940991,-6.90768167,ATR_STOP,-1.02718084
APP,2024-09-17T15:30:00-04:00,2024-09-18T11:15:00-04:00,6,124.39322500,121.67481097,-16.31048416,-6.03487914,ATR_STOP,-1.03476265
MVST,2024-09-18T09:45:00-04:00,2024-09-18T13:00:00-04:00,3,0.34275688,0.31614355,-0.07983999,-0.02954080,ATR_STOP,-1.00899626
HIVE,2024-09-18T09:30:00-04:00,2024-09-18T14:30:00-04:00,238,3.05228750,3.21298950,38.24707716,14.15141855,ATR_TARGET,1.97043102
BLNK,2024-09-18T14:15:00-04:00,2024-09-18T14:45:00-04:00,1,1.88651382,1.88733808,0.00082425,0.00030497,ATR_STOP,0.01378094
IAUX,2024-09-18T12:15:00-04:00,2024-09-19T09:45:00-04:00,622,1.19079242,1.14252252,-30.02387904,-11.10883525,ATR_STOP,-1.01808674
ASTS,2024-09-18T10:45:00-04:00,2024-09-19T13:45:00-04:00,23,28.68029410,29.15455986,10.90811239,4.03600158,ATR_STOP,0.38560681
APPS,2024-09-19T14:00:00-04:00,2024-09-19T15:15:00-04:00,221,3.02726875,2.92707434,-22.14296397,-8.19289667,ATR_STOP,-1.02241848
TSLT,2024-09-19T09:45:00-04:00,2024-09-20T09:30:00-04:00,1,15.59168500,16.18025940,0.58857440,0.21777253,ATR_STOP,0.72684380
ADMA,2024-09-20T09:30:00-04:00,2024-09-20T09:30:00-04:00,33,19.90491750,19.47305281,-14.25153473,-5.27306785,ATR_STOP,-1.03502885
VISN,2024-09-20T09:45:00-04:00,2024-09-20T11:00:00-04:00,108,6.11958625,6.20573323,9.30387341,3.44243316,ATR_STOP,0.51105051
SOXL,2024-09-19T09:45:00-04:00,2024-09-20T11:15:00-04:00,21,34.36575500,32.02575602,-49.13997868,-18.18179211,ATR_STOP,-1.01037899
BE,2024-09-20T11:45:00-04:00,2024-09-23T09:30:00-04:00,70,10.40780000,11.00174250,41.57597500,15.38311075,TARGET_GAP,2.01897019
MVST,2024-09-20T13:15:00-04:00,2024-09-23T09:30:00-04:00,7,0.30222650,0.28478625,-0.12208175,-0.04517025,STOP_GAP,-1.02406297
BTE,2024-09-23T10:00:00-04:00,2024-09-23T11:15:00-04:00,7,3.22241500,3.15828466,-0.44891240,-0.16609759,ATR_STOP,-1.03838240
TSLL,2024-09-19T10:15:00-04:00,2024-09-24T09:30:00-04:00,9,11.73879750,13.08018250,12.07246500,4.46681205,TARGET_GAP,2.22944882
GME,2024-09-23T09:30:00-04:00,2024-09-24T10:00:00-04:00,34,21.55615500,21.99589003,14.95099116,5.53186673,ATR_STOP,0.60202294
AMD,2024-09-19T10:00:00-04:00,2024-09-24T14:30:00-04:00,4,154.68092375,157.80931941,12.51358265,4.63002558,ATR_STOP,0.79997118
APP,2024-09-20T12:15:00-04:00,2024-09-24T15:15:00-04:00,5,126.42975125,128.43527754,10.02763143,3.71022363,ATR_STOP,0.77400542
BTE,2024-09-24T09:45:00-04:00,2024-09-25T09:30:00-04:00,5,3.18238500,3.11707325,-0.32655873,-0.12082673,ATR_STOP,-1.03715227
CLOV,2024-09-25T11:00:00-04:00,2024-09-25T11:45:00-04:00,5,3.03727625,2.92516479,-0.56055732,-0.20740621,ATR_STOP,-1.01997454
PLUG,2024-09-23T11:30:00-04:00,2024-09-25T15:45:00-04:00,11,2.02942092,1.94826944,-0.89266639,-0.33028656,ATR_STOP,-1.01835003
BTU,2024-09-24T09:45:00-04:00,2024-09-26T09:30:00-04:00,4,24.42330375,25.40093500,3.91052500,1.44689425,TARGET_GAP,1.99024696
TSLA,2024-09-25T09:30:00-04:00,2024-09-26T09:30:00-04:00,2,252.73941250,260.40455000,15.33027500,5.67220175,TARGET_GAP,2.60440165
IAUX,2024-09-24T11:15:00-04:00,2024-09-26T09:45:00-04:00,669,1.11083250,1.14456435,22.56660683,8.34964453,ATR_STOP,0.82716453
TSLL,2024-09-26T09:45:00-04:00,2024-09-26T10:15:00-04:00,47,13.65023000,13.30017732,-16.45247586,-6.08741607,ATR_STOP,-1.02935460
NXE,2024-09-25T09:30:00-04:00,2024-09-26T10:45:00-04:00,115,6.60495000,6.68411536,9.10401656,3.36848613,ATR_STOP,0.69900984
PLUG,2024-09-26T10:00:00-04:00,2024-09-26T10:45:00-04:00,363,2.08366158,2.00404578,-28.90053229,-10.69319695,ATR_STOP,-1.01925658
PLTR,2024-09-26T11:30:00-04:00,2024-09-26T13:15:00-04:00,20,37.31826773,36.74368819,-11.49159076,-4.25188858,ATR_STOP,-1.05041754
JMIA,2024-09-26T11:15:00-04:00,2024-09-26T14:30:00-04:00,156,4.86364500,5.16729880,47.36999328,17.52689751,ATR_TARGET,1.97477739
HIVE,2024-09-26T09:45:00-04:00,2024-09-26T15:30:00-04:00,3,3.39754625,3.42159563,0.07214815,0.02669481,ATR_STOP,0.25936798
JMIA,2024-09-26T14:45:00-04:00,2024-09-27T09:30:00-04:00,149,5.18388500,5.51981694,50.05385878,18.51992775,ATR_TARGET,1.97563496
ALB,2024-09-26T15:15:00-04:00,2024-09-27T09:45:00-04:00,7,94.91613375,95.18855500,1.90694875,0.70557104,STOP_GAP,0.14891549
DDD,2024-09-26T13:15:00-04:00,2024-09-27T09:45:00-04:00,243,2.59194250,2.75733529,40.19044681,14.87046532,ATR_TARGET,1.97528335
SOXL,2024-09-26T15:15:00-04:00,2024-09-27T10:15:00-04:00,2,40.05501875,38.57853067,-2.95297617,-1.09260118,ATR_STOP,-1.02000343
NIO,2024-09-27T09:45:00-04:00,2024-09-27T10:15:00-04:00,130,6.06954875,6.50004309,55.96426430,20.70677779,ATR_TARGET,1.97758845
PLTR,2024-09-27T10:00:00-04:00,2024-09-27T10:15:00-04:00,17,37.44306125,36.95445615,-8.30628664,-3.07332606,ATR_STOP,-1.06018343
LUMN,2024-09-27T09:45:00-04:00,2024-09-27T15:30:00-04:00,27,7.12534000,7.25727277,3.56218492,1.31800842,ATR_STOP,0.71237355
BEKE,2024-09-27T10:30:00-04:00,2024-09-30T09:30:00-04:00,38,20.06003375,22.17335750,80.30630250,29.71333192,TARGET_GAP,3.39403390
TSLA,2024-09-27T09:45:00-04:00,2024-09-30T09:30:00-04:00,2,256.13195500,263.28703888,14.31016775,5.29476207,ATR_TARGET,1.94624735
GDS,2024-09-27T10:30:00-04:00,2024-09-30T09:30:00-04:00,37,21.24592250,22.62021901,50.84897085,18.81411922,ATR_TARGET,1.97559375
KC,2024-09-27T11:15:00-04:00,2024-09-30T09:30:00-04:00,1,3.00225000,3.25778853,0.25553853,0.09454926,ATR_TARGET,1.98104396
BE,2024-09-27T15:45:00-04:00,2024-09-30T09:45:00-04:00,18,10.71302875,10.51027567,-3.64955549,-1.35033553,ATR_STOP,-1.04048262
DDD,2024-09-30T09:30:00-04:00,2024-09-30T10:15:00-04:00,281,2.90217500,2.80042410,-28.59200193,-10.57904072,ATR_STOP,-1.02109298
YINN,2024-09-30T09:45:00-04:00,2024-09-30T11:15:00-04:00,12,39.96995500,38.74777633,-14.66614399,-5.42647328,ATR_STOP,-1.02437578
KC,2024-09-30T09:45:00-04:00,2024-09-30T11:30:00-04:00,272,3.10232500,2.95212966,-40.85313189,-15.11565880,ATR_STOP,-1.01497341
VISN,2024-09-30T10:00:00-04:00,2024-09-30T14:00:00-04:00,33,6.31973625,6.10383307,-7.12480478,-2.63617777,ATR_STOP,-1.02167930
EOSE,2024-09-30T10:45:00-04:00,2024-09-30T15:00:00-04:00,6,2.69211758,2.90683758,1.28832002,0.47667841,ATR_TARGET,1.97988246
JMIA,2024-09-30T14:00:00-04:00,2024-09-30T15:30:00-04:00,151,5.43907625,5.24867018,-28.75131637,-10.63798706,ATR_STOP,-1.02112688
TSLA,2024-10-01T09:30:00-04:00,2024-10-01T09:30:00-04:00,3,262.86700250,258.68621092,-12.54237475,-4.64067866,ATR_STOP,-1.04870284
SOXL,2024-10-01T09:30:00-04:00,2024-10-01T09:30:00-04:00,7,36.61744250,35.37890512,-8.66976165,-3.20781181,ATR_STOP,-1.02190962
PLTR,2024-09-30T11:30:00-04:00,2024-10-01T10:15:00-04:00,12,37.04956635,36.56249495,-5.84485685,-2.16259703,ATR_STOP,-1.05970567
IAUX,2024-10-01T09:45:00-04:00,2024-10-01T10:15:00-04:00,683,1.17588125,1.18120459,3.63583998,1.34526079,ATR_STOP,0.16783988
GME,2024-09-30T10:30:00-04:00,2024-10-01T11:00:00-04:00,34,22.96721250,22.32624950,-21.79274199,-8.06331454,ATR_STOP,-1.02684572
BEKE,2024-10-01T09:45:00-04:00,2024-10-01T11:45:00-04:00,11,20.61545000,22.10749955,16.41254508,6.07264168,ATR_TARGET,1.97800265
KC,2024-10-01T09:45:00-04:00,2024-10-02T09:30:00-04:00,1,3.03727625,3.75718000,0.71990375,0.26636439,TARGET_GAP,6.29470226
YINN,2024-10-01T11:45:00-04:00,2024-10-02T09:30:00-04:00,20,39.53953243,49.04319000,190.07315150,70.32706605,TARGET_GAP,5.85341298
BIDU,2024-10-01T11:45:00-04:00,2024-10-02T09:30:00-04:00,7,107.67069250,115.90300750,57.62620500,21.32169585,TARGET_GAP,3.66695787
BEKE,2024-10-01T12:00:00-04:00,2024-10-02T09:30:00-04:00,31,22.17161625,25.72069500,110.02144125,40.70793326,TARGET_GAP,4.25910379
WTI,2024-10-01T12:30:00-04:00,2024-10-02T09:30:00-04:00,9,2.23047160,2.39820000,1.50955560,0.55853557,TARGET_GAP,2.62728427
NIO,2024-10-02T09:45:00-04:00,2024-10-02T10:15:00-04:00,98,7.11493220,6.82609522,-28.30602434,-10.47322901,ATR_STOP,-1.01805840
DDD,2024-10-02T10:00:00-04:00,2024-10-03T09:30:00-04:00,1,2.72204000,2.75793000,0.03589000,0.01327930,STOP_GAP,0.38728986
JMIA,2024-10-02T12:15:00-04:00,2024-10-03T09:30:00-04:00,2,5.35391242,5.71926882,0.73071279,0.27036373,ATR_TARGET,1.97677434
PLTR,2024-10-02T10:30:00-04:00,2024-10-03T09:45:00-04:00,18,37.19787750,38.38653886,21.39590445,7.91648465,ATR_TARGET,1.95266997
EOSE,2024-10-03T09:45:00-04:00,2024-10-03T10:30:00-04:00,3,2.99224250,2.88470883,-0.32260101,-0.11936237,ATR_STOP,-1.02054841
AMD,2024-10-03T10:00:00-04:00,2024-10-03T12:45:00-04:00,4,165.03368250,162.19415427,-11.35811291,-4.20250178,ATR_STOP,-1.04479259
WTI,2024-10-03T10:15:00-04:00,2024-10-03T15:15:00-04:00,9,2.51788700,2.68298485,1.48588069,0.54977586,ATR_TARGET,1.97589935
BTE,2024-10-02T09:45:00-04:00,2024-10-04T09:30:00-04:00,282,3.15236250,3.30751750,43.75371000,16.18887270,TARGET_GAP,2.00895539
SOFI,2024-10-03T15:45:00-04:00,2024-10-04T09:30:00-04:00,3,7.82086125,8.02397750,0.60934875,0.22545904,TARGET_GAP,2.04912902
SGMT,2024-10-03T13:00:00-04:00,2024-10-04T09:30:00-04:00,168,3.88280993,4.43078279,92.05944049,34.06199298,ATR_TARGET,1.98793546
BLNK,2024-10-03T11:45:00-04:00,2024-10-04T09:45:00-04:00,6,1.74610860,1.78660034,0.24295042,0.08989166,ATR_STOP,0.80023157
IAUX,2024-10-02T09:30:00-04:00,2024-10-07T12:00:00-04:00,783,1.14085500,1.09543734,-35.56202773,-13.15795026,ATR_STOP,-1.01843673
MU,2024-10-07T12:30:00-04:00,2024-10-07T14:45:00-04:00,8,103.67770000,102.19184591,-11.88683272,-4.39812811,ATR_STOP,-1.05443087
KC,2024-10-07T09:45:00-04:00,2024-10-08T09:30:00-04:00,189,3.94295500,3.63727000,-57.77446500,-21.37655205,STOP_GAP,-2.30657925
PLUG,2024-10-08T09:30:00-04:00,2024-10-08T09:45:00-04:00,319,2.22166500,2.14750193,-23.65802030,-8.75346751,ATR_STOP,-1.02221651
BLNK,2024-10-07T12:45:00-04:00,2024-10-08T13:00:00-04:00,22,1.93144750,1.86390050,-1.48603406,-0.54983260,ATR_STOP,-1.02114915
ACHR,2024-10-07T15:00:00-04:00,2024-10-08T13:00:00-04:00,265,3.10222492,3.02514497,-20.42618875,-7.55768984,ATR_STOP,-1.03035129
DDD,2024-10-07T09:45:00-04:00,2024-10-10T09:30:00-04:00,303,3.02726875,2.92244727,-31.76090781,-11.75153589,ATR_STOP,-1.02137312
ACHR,2024-10-15T09:45:00-04:00,2024-10-15T10:30:00-04:00,283,3.10732875,3.04816676,-16.74284418,-6.19485234,ATR_STOP,-1.04022637
APP,2024-10-15T09:45:00-04:00,2024-10-15T10:30:00-04:00,6,146.60987500,144.12962016,-14.88152907,-5.50616575,ATR_STOP,-1.04560492
PLUG,2024-10-15T11:15:00-04:00,2024-10-15T15:00:00-04:00,411,2.12159000,2.05422177,-27.68834186,-10.24468649,ATR_STOP,-1.02342256
EOSE,2024-10-15T09:45:00-04:00,2024-10-15T15:45:00-04:00,208,3.16737375,3.32954006,33.73059228,12.48031914,ATR_TARGET,1.96964717
CCJ,2024-10-15T14:45:00-04:00,2024-10-16T09:30:00-04:00,16,51.47357625,53.33996500,29.86222000,11.04902140,TARGET_GAP,2.55084531
NXE,2024-10-15T15:00:00-04:00,2024-10-16T09:30:00-04:00,6,7.26044125,7.56432250,1.82328750,0.67461637,TARGET_GAP,2.99322513
PLTR,2024-10-17T09:45:00-04:00,2024-10-17T09:45:00-04:00,20,42.62124198,42.00204069,-12.38402566,-4.58208950,ATR_STOP,-1.05364379
APP,2024-10-17T09:45:00-04:00,2024-10-17T10:00:00-04:00,6,146.23959750,144.21598754,-12.14165977,-4.49241411,ATR_STOP,-1.05651303
AMC,2024-10-17T12:30:00-04:00,2024-10-17T14:30:00-04:00,207,4.22716800,4.16151071,-13.59105987,-5.02869215,ATR_STOP,-1.04994858
GME,2024-10-17T12:45:00-04:00,2024-10-18T10:00:00-04:00,40,21.57186678,21.27869054,-11.72704938,-4.33900827,ATR_STOP,-1.05761434
BLNK,2024-10-17T14:45:00-04:00,2024-10-18T10:00:00-04:00,426,2.03332385,2.11719556,35.72935003,13.21985951,ATR_TARGET,1.96281129
ACHR,2024-10-17T13:00:00-04:00,2024-10-18T11:00:00-04:00,211,3.17237750,3.21516927,9.02906419,3.34075375,ATR_STOP,0.76906038
QUBT,2024-10-18T11:30:00-04:00,2024-10-18T13:45:00-04:00,672,0.99694715,0.91425184,-55.57124507,-20.56136067,ATR_STOP,-1.00836741
APP,2024-10-18T10:15:00-04:00,2024-10-21T09:30:00-04:00,6,145.65916250,149.80719090,24.88817039,9.20862304,ATR_TARGET,1.94721720
HIVE,2024-10-18T14:00:00-04:00,2024-10-21T09:30:00-04:00,169,3.73780125,3.61009610,-21.58217026,-7.98540300,ATR_STOP,-1.02167761
IAUX,2024-10-18T11:15:00-04:00,2024-10-21T09:45:00-04:00,744,1.18088500,1.20045383,14.55920759,5.38690681,ATR_STOP,0.43321642
CLOV,2024-10-21T10:00:00-04:00,2024-10-21T10:00:00-04:00,206,4.26269462,4.09027999,-35.51741527,-13.14144365,ATR_STOP,-1.01812879
QUBT,2024-10-21T09:45:00-04:00,2024-10-21T10:30:00-04:00,899,0.97312930,1.12409443,135.71765560,50.21553257,ATR_TARGET,1.98888466
PLTR,2024-10-21T09:45:00-04:00,2024-10-21T10:30:00-04:00,14,43.23240000,42.71897085,-7.18800808,-2.65956299,ATR_STOP,-1.06660895
CAPR,2024-10-21T10:30:00-04:00,2024-10-22T09:30:00-04:00,45,19.42585848,20.17807379,33.84968935,12.52438506,ATR_STOP,0.82894538
PLUG,2024-10-21T15:15:00-04:00,2024-10-22T10:00:00-04:00,389,2.33675125,2.26389400,-28.34146969,-10.48634379,ATR_STOP,-1.02387916
EOSE,2024-10-21T15:45:00-04:00,2024-10-22T10:00:00-04:00,208,3.23742625,3.14011723,-20.24027561,-7.48890197,ATR_STOP,-1.02482151
ASTS,2024-10-22T10:15:00-04:00,2024-10-22T13:15:00-04:00,31,28.69150250,27.54744268,-35.46585435,-13.12236611,ATR_STOP,-1.01840519
PLUG,2024-10-22T13:00:00-04:00,2024-10-22T15:30:00-04:00,285,2.32314105,2.23574363,-24.90826611,-9.21605846,ATR_STOP,-1.01957628
ACHR,2024-10-22T15:45:00-04:00,2024-10-23T09:30:00-04:00,266,3.28706345,3.48270191,52.03983047,19.25473728,ATR_TARGET,1.97362971
VISN,2024-10-23T10:00:00-04:00,2024-10-23T10:45:00-04:00,118,6.21465750,6.25628635,4.91220386,1.81751543,ATR_STOP,0.21246576
QUBT,2024-10-23T11:00:00-04:00,2024-10-23T11:45:00-04:00,632,1.16587375,1.08183758,-53.11086194,-19.65101892,ATR_STOP,-1.00975662
SOFI,2024-10-22T09:45:00-04:00,2024-10-23T13:00:00-04:00,85,10.54330155,10.34681039,-16.70174873,-6.17964703,ATR_STOP,-1.04114941
APP,2024-10-23T09:45:00-04:00,2024-10-23T13:00:00-04:00,5,162.61186750,159.85176810,-13.80049701,-5.10618389,ATR_STOP,-1.04544444
HIVE,2024-10-24T09:30:00-04:00,2024-10-24T10:15:00-04:00,177,3.73279750,3.72368435,-1.61302760,-0.59682021,ATR_STOP,-0.08650950
ACHR,2024-10-24T10:30:00-04:00,2024-10-24T10:45:00-04:00,201,3.27245250,3.16812235,-20.97036108,-7.75903360,ATR_STOP,-1.02332341
CGTX,2024-10-23T15:45:00-04:00,2024-10-24T11:45:00-04:00,1419,0.61035743,0.55356740,-80.58504595,-29.81646700,ATR_STOP,-1.00737012
VISN,2024-10-23T15:30:00-04:00,2024-10-24T14:30:00-04:00,139,6.20965375,6.30069592,12.65486190,4.68229890,ATR_STOP,0.48436259
LUMN,2024-10-24T13:45:00-04:00,2024-10-24T15:30:00-04:00,127,6.42981875,6.26958044,-20.35026598,-7.52959841,ATR_STOP,-1.03025549
PLTR,2024-10-24T15:45:00-04:00,2024-10-25T09:30:00-04:00,19,43.54953768,44.45077238,17.12345935,6.33567996,ATR_TARGET,1.92860437
BLNK,2024-10-24T13:45:00-04:00,2024-10-25T09:45:00-04:00,1,2.09416945,2.19680053,0.10263108,0.03797350,ATR_TARGET,1.96837671
AMC,2024-10-24T11:30:00-04:00,2024-10-25T11:00:00-04:00,148,4.34125350,4.49697570,23.04688553,8.52734765,ATR_TARGET,1.95756987
HIVE,2024-10-24T15:30:00-04:00,2024-10-25T11:45:00-04:00,226,3.72178925,3.75357514,7.18361054,2.65793590,ATR_STOP,0.30046298
PLUG,2024-10-25T11:00:00-04:00,2024-10-25T13:15:00-04:00,1,2.26169500,2.17438942,-0.08730558,-0.03230306,ATR_STOP,-1.01904924
APP,2024-10-25T09:45:00-04:00,2024-10-25T14:00:00-04:00,5,162.62187500,159.91782868,-13.52023161,-5.00248569,ATR_STOP,-1.04645029
RIVN,2024-10-25T11:15:00-04:00,2024-10-25T14:00:00-04:00,62,10.60194550,10.36314423,-14.80567853,-5.47810105,ATR_STOP,-1.03366846
ASTS,2024-10-25T13:15:00-04:00,2024-10-25T14:30:00-04:00,30,27.37051250,25.99348617,-41.31079002,-15.28499231,ATR_STOP,-1.01437165
QUBT,2024-10-24T09:45:00-04:00,2024-10-28T10:00:00-04:00,3,1.10382725,1.25667313,0.45853763,0.16965892,ATR_TARGET,1.98773369
TSLT,2024-10-28T09:30:00-04:00,2024-10-28T14:45:00-04:00,44,18.95420500,18.32069596,-27.87439783,-10.31352720,ATR_STOP,-1.02218742
TSLA,2024-10-28T09:30:00-04:00,2024-10-28T14:45:00-04:00,3,270.15246250,265.11989551,-15.09770096,-5.58614936,ATR_STOP,-1.04116809
TSLL,2024-10-28T09:30:00-04:00,2024-10-28T14:45:00-04:00,45,13.90041750,13.42211011,-21.52383243,-7.96381800,ATR_STOP,-1.02151521
LUMN,2024-10-25T10:15:00-04:00,2024-10-29T09:30:00-04:00,5,6.45313622,6.26478595,-0.94175138,-0.34844801,ATR_STOP,-1.02560394
EOSE,2024-10-29T09:45:00-04:00,2024-10-29T10:15:00-04:00,235,3.48261000,3.37883360,-24.38745299,-9.02335761,ATR_STOP,-1.02504957
APP,2024-10-29T09:45:00-04:00,2024-10-29T13:30:00-04:00,4,167.96588000,171.83955204,15.49468818,5.73303463,ATR_TARGET,1.93555447
LUMN,2024-10-29T15:00:00-04:00,2024-10-30T09:30:00-04:00,104,6.52478993,6.72969788,21.31042764,7.88485823,ATR_TARGET,1.95188526
ACHR,2024-10-29T15:30:00-04:00,2024-10-30T09:45:00-04:00,1,3.34250500,3.31751000,-0.02499500,-0.00924815,STOP_GAP,-0.33007069
GME,2024-10-29T11:45:00-04:00,2024-10-30T09:45:00-04:00,35,22.92718250,24.40300220,51.65368960,19.11186515,ATR_TARGET,1.97548283
MNSO,2024-10-29T09:45:00-04:00,2024-10-30T10:15:00-04:00,40,19.46458750,20.19444336,29.19423432,10.80186670,ATR_TARGET,1.95931024
RIVN,2024-10-30T10:30:00-04:00,2024-10-30T11:45:00-04:00,1,10.57602607,10.36135637,-0.21466970,-0.07942779,ATR_STOP,-1.03758878
SOFI,2024-10-30T09:45:00-04:00,2024-10-30T15:30:00-04:00,63,10.93819750,11.24051923,19.04626869,7.04711942,ATR_STOP,0.73312187
TSLL,2024-10-30T10:30:00-04:00,2024-10-30T15:45:00-04:00,60,13.10982500,12.61094968,-29.93251919,-11.07503210,ATR_STOP,-1.01934025
VISN,2024-10-30T10:00:00-04:00,2024-10-31T09:30:00-04:00,120,7.00024625,6.77677508,-26.81654097,-10.10144681,ATR_STOP,-1.02329098
PRCH,2024-10-30T10:15:00-04:00,2024-10-31T09:30:00-04:00,1,2.24668375,2.34133855,0.09465480,0.03502228,ATR_STOP,0.48798256
RIVN,2024-10-30T15:00:00-04:00,2024-10-31T09:30:00-04:00,1,10.42781500,10.26459784,-0.16321716,-0.06039035,ATR_STOP,-1.04954074
TNYA,2024-11-07T09:45:00-05:00,2024-11-07T11:00:00-05:00,1,2.35676625,2.69275980,0.33599355,0.03198932,ATR_TARGET,1.98804143
ADMA,2024-11-07T09:45:00-05:00,2024-11-08T09:30:00-05:00,34,19.90491750,20.74443000,28.54342500,10.56106725,TARGET_GAP,2.11738617
INTC,2024-11-07T09:45:00-05:00,2024-11-08T09:30:00-05:00,32,25.45407625,25.94026507,15.55804210,5.75647558,ATR_STOP,0.85808973
TSLL,2024-11-08T09:45:00-05:00,2024-11-08T10:30:00-05:00,49,17.18257727,18.45204225,62.20378365,23.01539995,ATR_TARGET,1.97841617
BE,2024-11-08T09:45:00-05:00,2024-11-08T10:30:00-05:00,58,11.69876750,12.82872830,65.53772646,24.24895879,ATR_TARGET,1.98310134
ACHR,2024-11-08T09:45:00-05:00,2024-11-08T11:00:00-05:00,1,3.83787625,3.88313663,0.04526038,0.01674634,ATR_STOP,0.26491776
SOFI,2024-11-07T09:45:00-05:00,2024-11-08T12:15:00-05:00,69,12.01900750,12.48151254,31.91284774,11.80775367,ATR_TARGET,1.96029374
GME,2024-11-08T12:30:00-05:00,2024-11-08T15:30:00-05:00,27,24.55840500,24.59487663,0.98473399,0.36435158,ATR_STOP,0.05393447
SOFI,2024-11-08T12:30:00-05:00,2024-11-11T09:30:00-05:00,71,12.52438625,13.59979250,76.35384375,28.25092219,TARGET_GAP,3.81002767
HIVE,2024-11-08T13:00:00-05:00,2024-11-11T09:30:00-05:00,4,4.66349500,5.09617500,1.73072000,0.64036640,TARGET_GAP,2.49442010
QUBT,2024-11-11T09:30:00-05:00,2024-11-11T09:45:00-05:00,611,1.50112500,1.39521365,-64.71183316,-23.94337827,ATR_STOP,-1.00998621
AFRM,2024-11-11T09:45:00-05:00,2024-11-11T10:30:00-05:00,1,48.82649243,53.50970994,4.68321752,1.73279048,ATR_TARGET,1.98299421
LUMN,2024-11-08T11:30:00-05:00,2024-11-11T12:45:00-05:00,92,9.60019475,10.31955707,66.18133305,24.48709323,ATR_TARGET,1.97869511
GME,2024-11-11T14:45:00-05:00,2024-11-12T09:30:00-05:00,33,27.38052000,26.04045500,-44.22214500,-16.36219365,STOP_GAP,-1.16004046
ERAS,2024-11-11T15:00:00-05:00,2024-11-12T09:30:00-05:00,18,3.16737375,3.06769750,-1.79417250,-0.66384383,STOP_GAP,-1.22976304
ACHR,2024-11-12T09:30:00-05:00,2024-11-12T12:00:00-05:00,202,4.41330750,4.51220467,19.97722772,7.39157426,ATR_STOP,0.56534514
RIVN,2024-11-11T10:45:00-05:00,2024-11-13T09:30:00-05:00,82,10.89816750,11.77116500,71.58579500,26.48674415,TARGET_GAP,1.99070868
ACHR,2024-11-12T14:45:00-05:00,2024-11-13T09:30:00-05:00,5,4.81861125,4.63225574,-0.93177754,-0.34475769,ATR_STOP,-1.01901150
BE,2024-11-08T15:45:00-05:00,2024-11-13T10:30:00-05:00,49,13.30997500,13.76491599,22.29210851,8.24808015,ATR_STOP,0.80423363
ABCL,2024-11-13T09:45:00-05:00,2024-11-13T14:30:00-05:00,18,3.06229500,2.95334349,-1.96112724,-0.72561708,ATR_STOP,-1.02076801
AAOI,2024-11-12T09:45:00-05:00,2024-11-13T14:45:00-05:00,1,28.53148258,27.08968070,-1.44180188,-0.53346669,ATR_STOP,-1.01430387
AMC,2024-11-13T11:30:00-05:00,2024-11-13T15:15:00-05:00,138,4.80590173,4.61230160,-26.71681775,-9.88522257,ATR_STOP,-1.01820687
BILL,2024-11-12T13:45:00-05:00,2024-11-14T09:30:00-05:00,10,89.13680250,87.14523272,-19.91569784,-7.36880820,ATR_STOP,-1.03395768
APP,2024-11-13T15:45:00-05:00,2024-11-14T10:00:00-05:00,2,288.25102625,301.29025558,26.07845866,9.64902971,ATR_TARGET,1.96590561
INTC,2024-11-13T15:45:00-05:00,2024-11-14T12:15:00-05:00,6,25.11382125,25.15791112,0.26453925,0.09787952,ATR_STOP,0.12943211
AMC,2024-11-14T14:45:00-05:00,2024-11-14T15:30:00-05:00,158,4.70852875,4.58366076,-19.72914273,-7.29978281,ATR_STOP,-1.02833231
PLTR,2024-11-15T09:45:00-05:00,2024-11-15T12:15:00-05:00,11,63.18735500,63.28233049,1.04473037,0.38655024,ATR_STOP,0.05370529
KC,2024-11-14T09:45:00-05:00,2024-11-15T14:45:00-05:00,186,4.71353250,5.00706903,54.59779384,20.20118372,ATR_STOP,1.23284234
TSLL,2024-11-15T10:00:00-05:00,2024-11-18T09:30:00-05:00,2,18.40739520,20.98425000,5.15370960,1.90687255,TARGET_GAP,2.37849966
PLTR,2024-11-15T15:45:00-05:00,2024-11-18T09:30:00-05:00,10,64.84860000,63.10310048,-17.45499524,-6.45834824,ATR_STOP,-1.02789107
GME,2024-11-13T09:45:00-05:00,2024-11-18T09:45:00-05:00,33,27.48059500,26.15720639,-43.67182397,-16.15857487,ATR_STOP,-1.01505852
SOFI,2024-11-15T15:30:00-05:00,2024-11-18T09:45:00-05:00,67,13.63021500,13.75917756,8.64049133,3.19698179,ATR_STOP,0.51334157
EVLV,2024-11-13T10:15:00-05:00,2024-11-18T11:30:00-05:00,1,2.58193500,2.66285320,0.08091820,0.02993974,ATR_STOP,0.67987319
SOFI,2024-11-18T10:15:00-05:00,2024-11-18T13:45:00-05:00,65,14.08055250,13.72409758,-23.16956992,-8.57274087,ATR_STOP,-1.02975784
ACHR,2024-11-18T09:45:00-05:00,2024-11-18T14:00:00-05:00,5,4.23817625,4.34538835,0.53606048,0.19834238,ATR_STOP,0.80373977
AFRM,2024-11-18T09:45:00-05:00,2024-11-18T14:30:00-05:00,12,58.74402500,60.70067974,23.47985690,8.68754705,ATR_STOP,0.92872689
EVLV,2024-11-18T15:45:00-05:00,2024-11-19T09:30:00-05:00,347,2.64698375,2.56008033,-30.15548552,-11.15752964,ATR_STOP,-1.02261071
APP,2024-11-19T09:45:00-05:00,2024-11-19T12:30:00-05:00,2,300.92552500,314.97826061,28.10547123,10.39902435,ATR_TARGET,1.96691041
ACHR,2024-11-19T09:45:00-05:00,2024-11-19T13:15:00-05:00,196,4.59334243,4.90585148,61.25177442,22.66315654,ATR_TARGET,1.97670934
KC,2024-11-19T09:45:00-05:00,2024-11-20T09:30:00-05:00,27,4.54340500,5.67574000,30.57304500,11.31202665,TARGET_GAP,6.54992378
BE,2024-11-19T14:15:00-05:00,2024-11-20T09:30:00-05:00,38,24.19813500,23.00273500,-45.42520000,-16.80732400,STOP_GAP,-1.12422793
PLUG,2024-11-18T11:15:00-05:00,2024-11-20T09:30:00-05:00,11,1.97648125,1.89808773,-0.86232875,-0.31906164,ATR_STOP,-1.01850922
PLTR,2024-11-19T12:45:00-05:00,2024-11-20T10:00:00-05:00,9,62.13156375,60.55457957,-14.19285761,-5.25135732,ATR_STOP,-1.02967614
AFRM,2024-11-20T09:45:00-05:00,2024-11-20T10:00:00-05:00,14,64.04800000,62.48169027,-21.92833625,-8.11348441,ATR_STOP,-1.03086483
CCJ,2024-11-20T09:45:00-05:00,2024-11-20T10:15:00-05:00,3,58.38375500,57.19397413,-3.56934261,-1.32065677,ATR_STOP,-1.03743084
GME,2024-11-19T13:15:00-05:00,2024-11-20T10:45:00-05:00,2,27.09030250,28.36441348,2.54822196,0.94284213,ATR_TARGET,1.96713097
ASTS,2024-11-18T10:30:00-05:00,2024-11-20T13:30:00-05:00,34,25.32397875,23.86667342,-49.54838131,-18.33290109,ATR_STOP,-1.01244514
APP,2024-11-20T11:45:00-05:00,2024-11-20T13:30:00-05:00,2,334.92100250,324.67591543,-20.49017415,-7.58136443,ATR_STOP,-1.02436557
AMC,2024-11-20T13:15:00-05:00,2024-11-20T13:45:00-05:00,4,4.55341250,4.42391787,-0.51797850,-0.19165205,ATR_STOP,-1.02631623
BE,2024-11-20T13:00:00-05:00,2024-11-21T09:30:00-05:00,4,24.98872750,23.97309572,-4.06252711,-1.50313503,ATR_STOP,-1.01803591
TWLO,2024-11-20T10:45:00-05:00,2024-11-21T10:00:00-05:00,9,97.76827125,100.95443734,28.67549483,10.60993309,ATR_TARGET,1.95354134
SOFI,2024-11-20T15:30:00-05:00,2024-11-21T10:30:00-05:00,43,14.64597625,14.71231259,2.85246271,1.05541120,ATR_STOP,0.27608975
PLTR,2024-11-20T15:30:00-05:00,2024-11-21T13:15:00-05:00,14,62.18650493,61.11312101,-15.02737479,-5.56012867,ATR_STOP,-1.04464096
ACHR,2024-11-21T11:15:00-05:00,2024-11-21T13:15:00-05:00,7,5.33399750,5.79612734,3.23490887,1.19691628,ATR_TARGET,1.98134815
BTE,2024-11-21T09:45:00-05:00,2024-11-21T14:00:00-05:00,31,3.07230250,3.01604158,-1.74408861,-0.64531278,ATR_STOP,-1.04192309
SOFI,2024-11-21T11:00:00-05:00,2024-11-21T15:30:00-05:00,60,15.06629125,15.25671781,11.42559355,4.22746961,ATR_STOP,0.54616191
CLOV,2024-11-21T12:00:00-05:00,2024-11-22T09:45:00-05:00,1,3.40255000,3.32416559,-0.07838441,-0.02900223,ATR_STOP,-1.03287673
AFRM,2024-11-21T11:00:00-05:00,2024-11-22T10:45:00-05:00,9,65.21887750,68.91713814,33.28434576,12.31520793,ATR_TARGET,1.97241236
APPS,2024-11-21T14:00:00-05:00,2024-11-22T10:45:00-05:00,1,1.49612125,1.51042568,0.01430443,0.00529264,ATR_STOP,0.19325146
QS,2024-11-22T11:00:00-05:00,2024-11-22T11:30:00-05:00,119,5.12884375,5.14108112,1.45624754,0.53881159,ATR_STOP,0.10274592
CCJ,2024-11-21T13:30:00-05:00,2024-11-22T12:15:00-05:00,15,59.90489500,58.93434654,-14.55822695,-5.38654397,ATR_STOP,-1.04775261
NIO,2024-11-22T10:00:00-05:00,2024-11-22T14:45:00-05:00,20,4.76206887,4.81322635,1.02314944,0.37856529,ATR_STOP,0.42263898
NXE,2024-11-21T14:30:00-05:00,2024-11-25T09:30:00-05:00,10,8.72654000,8.81429152,0.87751523,0.32468063,ATR_STOP,0.57480405
TWLO,2024-11-22T09:45:00-05:00,2024-11-25T09:30:00-05:00,8,103.25738500,106.11217309,22.83830470,8.45017274,ATR_TARGET,1.94571770
TNYA,2024-11-22T11:45:00-05:00,2024-11-25T09:30:00-05:00,265,2.31173250,2.49931109,49.70832547,18.39208042,ATR_TARGET,1.98019693
EOSE,2024-11-22T15:15:00-05:00,2024-11-25T09:45:00-05:00,35,2.71203250,2.60766847,-3.65274092,-1.35151414,ATR_STOP,-1.01911220
TSLT,2024-11-25T09:45:00-05:00,2024-11-25T09:45:00-05:00,29,31.65372250,30.55208593,-31.94746057,-11.82056041,ATR_STOP,-1.02125813
TSLA,2024-11-25T09:45:00-05:00,2024-11-25T09:45:00-05:00,1,359.53945250,352.34256250,-7.19689000,-2.66284930,ATR_STOP,-1.03814753
GME,2024-11-25T09:45:00-05:00,2024-11-25T09:45:00-05:00,10,28.74154000,28.02089372,-7.20646282,-2.66639124,ATR_STOP,-1.03006146
IAUX,2024-11-25T15:00:00-05:00,2024-11-25T15:45:00-05:00,1,0.69852350,0.67139882,-0.02712468,-0.01003613,ATR_STOP,-1.01892986
CLOV,2024-11-22T12:45:00-05:00,2024-11-26T09:30:00-05:00,262,3.39254250,3.45456927,16.25101347,6.01287498,ATR_STOP,0.85008647
AFRM,2024-11-25T10:30:00-05:00,2024-11-26T09:30:00-05:00,13,69.97744375,67.83885016,-27.80171672,-10.28663519,ATR_STOP,-1.02438947
AAOI,2024-11-25T10:45:00-05:00,2024-11-26T09:45:00-05:00,18,39.00923500,36.93564315,-37.32465339,-13.81012175,ATR_STOP,-1.01355049
JMIA,2024-11-25T10:45:00-05:00,2024-11-26T10:00:00-05:00,6,4.08275978,4.19640509,0.68187190,0.25229260,ATR_STOP,0.77258633
IAUX,2024-11-26T10:45:00-05:00,2024-11-26T12:45:00-05:00,1277,0.71463557,0.74047845,33.00135107,12.21049989,ATR_STOP,0.76692616
GME,2024-11-26T10:00:00-05:00,2024-11-26T14:15:00-05:00,29,30.31471900,30.87408566,16.22163307,6.00200424,ATR_STOP,0.51611039
AMC,2024-11-26T13:30:00-05:00,2024-11-26T14:15:00-05:00,186,4.96361993,4.79349453,-31.64332292,-11.70802948,ATR_STOP,-1.02160495
APP,2024-11-26T09:45:00-05:00,2024-11-27T09:30:00-05:00,2,332.59926250,322.30032881,-20.59786739,-7.62121093,ATR_STOP,-1.02405350
PLTR,2024-11-27T09:30:00-05:00,2024-11-27T09:45:00-05:00,13,66.28968000,66.20031250,-1.16177750,-0.42985767,STOP_GAP,-0.08808431
MVST,2024-11-27T10:00:00-05:00,2024-11-27T10:45:00-05:00,1,0.82671957,0.77247620,-0.05424337,-0.02007005,ATR_STOP,-1.01080420
CLOV,2024-11-26T15:45:00-05:00,2024-11-27T11:15:00-05:00,265,3.42256500,3.34900539,-19.49329570,-7.21251941,ATR_STOP,-1.03538046
SEDG,2024-11-27T11:30:00-05:00,2024-11-27T14:00:00-05:00,58,15.28145250,14.45008028,-48.21958874,-17.84124783,ATR_STOP,-1.01321797
PLUG,2024-11-27T09:45:00-05:00,2024-11-27T15:45:00-05:00,306,2.22166500,2.12630199,-29.18108155,-10.79700017,ATR_STOP,-1.01702008
GME,2024-11-27T14:45:00-05:00,2024-11-29T09:30:00-05:00,27,31.50671233,30.51987516,-26.64460333,-9.85850323,ATR_STOP,-1.02376426
MVST,2024-11-27T15:15:00-05:00,2024-11-29T09:45:00-05:00,2,0.87055243,0.81851188,-0.10408109,-0.03851000,ATR_STOP,-1.01194614
EVLV,2024-11-27T12:00:00-05:00,2024-11-29T10:00:00-05:00,2,3.75361310,4.09765775,0.68808929,0.25459304,ATR_TARGET,1.98227963
APP,2024-11-29T09:30:00-05:00,2024-11-29T11:15:00-05:00,1,332.74937500,334.86369863,2.11432363,0.78229974,ATR_STOP,0.33715639
JMIA,2024-11-27T09:45:00-05:00,2024-11-29T12:00:00-05:00,225,4.02281485,3.89787819,-28.11074780,-10.40097669,ATR_STOP,-1.02397818
CLOV,2024-11-29T10:00:00-05:00,2024-12-02T09:30:00-05:00,84,3.52264000,3.41743500,-8.83722000,-3.26977140,STOP_GAP,-1.34858284
QS,2024-11-27T15:00:00-05:00,2024-12-02T09:30:00-05:00,1,5.21390750,5.37846501,0.16455751,0.06088628,ATR_TARGET,1.95211138
TSLL,2024-11-29T13:00:00-05:00,2024-12-02T09:30:00-05:00,40,21.37602000,22.58387092,48.31403664,17.87619356,ATR_TARGET,1.97232104
VUZI,2024-11-29T09:45:00-05:00,2024-12-02T09:45:00-05:00,368,2.36187008,2.72130544,132.27221390,48.94071914,ATR_TARGET,1.98869911
AFRM,2024-12-02T09:45:00-05:00,2024-12-02T10:30:00-05:00,4,71.03323500,69.10139478,-7.72736089,-2.85912353,ATR_STOP,-1.02758810
BBBY,2024-11-29T11:30:00-05:00,2024-12-02T12:00:00-05:00,53,6.33474750,6.46698760,7.00872531,2.59322836,ATR_STOP,0.76091218
CSIQ,2024-12-02T10:45:00-05:00,2024-12-02T12:15:00-05:00,31,13.03066567,12.62917293,-12.44627523,-4.60512184,ATR_STOP,-1.02418025
STX,2024-12-02T10:00:00-05:00,2024-12-02T12:45:00-05:00,8,103.01720500,103.58993850,4.58186800,1.69529116,ATR_STOP,0.42924813
MVST,2024-12-02T12:15:00-05:00,2024-12-02T13:00:00-05:00,368,0.94070500,0.93010190,-3.90194080,-1.44371810,STOP_GAP,-0.12984910
SOXL,2024-12-02T09:45:00-05:00,2024-12-02T14:00:00-05:00,31,29.17686625,30.01656679,26.03071677,9.63136520,ATR_STOP,0.94101636
TNYA,2024-11-29T10:30:00-05:00,2024-12-03T09:30:00-05:00,2,3.48261000,3.24116350,-0.48289301,-0.17867041,ATR_STOP,-1.01017806
MRNA,2024-12-02T15:30:00-05:00,2024-12-03T09:30:00-05:00,20,44.42829625,43.58671666,-16.83159179,-6.22768896,ATR_STOP,-1.04044503
CLOV,2024-12-02T15:30:00-05:00,2024-12-03T09:30:00-05:00,199,3.45989298,3.37702108,-16.49150676,-6.10185750,ATR_STOP,-1.03155034
MNSO,2024-12-02T15:15:00-05:00,2024-12-03T09:45:00-05:00,40,22.74204375,23.90826177,46.64872069,17.26002666,ATR_TARGET,1.96969225
NVTS,2024-12-03T09:45:00-05:00,2024-12-03T10:00:00-05:00,285,3.19739625,3.01707333,-51.39203361,-19.01505243,ATR_STOP,-1.01271775
MVST,2024-12-03T11:45:00-05:00,2024-12-03T12:15:00-05:00,10,1.16587375,1.43473903,2.68865280,0.99480153,ATR_TARGET,1.99202154
AAOI,2024-12-03T09:45:00-05:00,2024-12-03T14:30:00-05:00,15,42.97220500,41.17051949,-27.02528260,-9.99935456,ATR_STOP,-1.01745050
EOSE,2024-12-04T11:00:00-05:00,2024-12-04T12:00:00-05:00,1,3.12734375,2.96237901,-0.16496474,-0.06103696,ATR_STOP,-1.01366249
KC,2024-12-02T09:45:00-05:00,2024-12-04T13:15:00-05:00,3,7.56567000,8.08381934,1.55444801,0.57514576,ATR_STOP,1.21128622
VISN,2024-12-03T11:15:00-05:00,2024-12-04T15:45:00-05:00,182,4.96872375,5.36035418,71.27673807,26.37239309,ATR_TARGET,1.97966260
EVLV,2024-12-03T15:00:00-05:00,2024-12-05T09:30:00-05:00,149,4.27320250,4.24681250,-3.93211000,-1.45488070,STOP_GAP,-0.20949247
QUBT,2024-12-04T14:00:00-05:00,2024-12-05T09:45:00-05:00,3,7.20540000,6.68824092,-1.55147725,-0.57404658,ATR_STOP,-1.00980192
RIVN,2024-12-03T11:15:00-05:00,2024-12-05T10:00:00-05:00,5,11.92593775,12.64460812,3.59335184,1.32954018,ATR_TARGET,1.97393276
ACHR,2024-12-05T09:45:00-05:00,2024-12-05T10:00:00-05:00,88,7.33549750,7.99727179,58.23613748,21.54737087,ATR_TARGET,1.98202257
VISN,2024-12-05T09:30:00-05:00,2024-12-05T10:30:00-05:00,171,5.36402000,5.20502083,-27.18885784,-10.05987740,ATR_STOP,-1.02518946
AMC,2024-12-04T14:30:00-05:00,2024-12-05T12:00:00-05:00,1,4.91368250,5.07759087,0.16390837,0.06064610,ATR_TARGET,1.95455444
PLUG,2024-12-05T11:00:00-05:00,2024-12-05T12:00:00-05:00,406,2.21195773,2.43475444,90.45546703,33.46852280,ATR_TARGET,1.98372894
AFRM,2024-12-03T10:00:00-05:00,2024-12-05T13:15:00-05:00,12,70.89813375,68.79183530,-25.27558138,-9.35196511,ATR_STOP,-1.02512944
MRNA,2024-12-05T12:15:00-05:00,2024-12-05T13:30:00-05:00,21,44.33222425,43.09689219,-25.94197330,-9.59853012,ATR_STOP,-1.02688889
AMC,2024-12-05T12:15:00-05:00,2024-12-05T13:45:00-05:00,6,5.07880625,5.31865478,1.43909118,0.53246374,ATR_TARGET,1.96725741
AMC,2024-12-05T14:00:00-05:00,2024-12-05T14:30:00-05:00,167,5.16887375,5.49950483,55.21539119,20.42969474,ATR_TARGET,1.97533911
EOSE,2024-12-05T10:15:00-05:00,2024-12-05T15:30:00-05:00,255,3.01726125,3.08198113,16.50356823,6.10632025,ATR_STOP,0.55958617
CCJ,2024-12-05T13:45:00-05:00,2024-12-06T10:00:00-05:00,15,61.18585500,61.46101000,4.12732494,1.52711023,ATR_STOP,0.31519375
RIVN,2024-12-06T09:45:00-05:00,2024-12-06T11:30:00-05:00,61,12.76957000,13.03395146,16.12726883,5.96708947,ATR_STOP,0.66102816
PLUG,2024-12-06T10:15:00-05:00,2024-12-06T12:00:00-05:00,3,2.57693125,2.39783054,-0.53730212,-0.19880178,ATR_STOP,-1.01015066
QUBT,2024-12-05T14:45:00-05:00,2024-12-06T13:00:00-05:00,116,7.69576750,8.02418173,38.09605062,14.09553873,ATR_STOP,0.56340972
TSLA,2024-12-06T15:00:00-05:00,2024-12-06T15:45:00-05:00,2,379.07409250,388.48593090,18.82367679,6.96476041,ATR_TARGET,1.93990096
TSLL,2024-12-06T15:00:00-05:00,2024-12-06T15:45:00-05:00,6,25.61920000,26.85912192,7.43953151,2.75262666,ATR_TARGET,1.96800292
APP,2024-12-06T11:45:00-05:00,2024-12-09T09:30:00-05:00,1,403.01703625,369.72250000,-33.29453625,-12.31897841,STOP_GAP,-2.61947002
ACHR,2024-12-06T10:15:00-05:00,2024-12-09T09:30:00-05:00,112,8.17612750,7.65776517,-58.05658043,-21.48093476,ATR_STOP,-1.01121239
VSXY,2024-12-09T09:30:00-05:00,2024-12-09T09:30:00-05:00,20,48.03600000,46.47731878,-31.17362445,-11.53424105,ATR_STOP,-1.02289291
TNYA,2024-12-09T09:30:00-05:00,2024-12-09T10:00:00-05:00,97,3.67275250,3.94085838,26.00627009,9.62231994,ATR_TARGET,1.97817589
NVTS,2024-12-09T09:45:00-05:00,2024-12-09T10:30:00-05:00,240,3.91743587,4.40127757,116.12200570,42.96514211,ATR_TARGET,1.98643757
KC,2024-12-06T12:30:00-05:00,2024-12-09T10:45:00-05:00,42,9.31778310,8.92682653,-16.42017583,-6.07546506,ATR_STOP,-1.01743665
VUZI,2024-12-09T10:15:00-05:00,2024-12-09T11:00:00-05:00,126,2.95721625,2.75118921,-25.95940743,-9.60498075,ATR_STOP,-1.01012414
EOSE,2024-12-09T09:45:00-05:00,2024-12-09T13:45:00-05:00,269,3.27225235,3.30829186,9.69462791,3.58701233,ATR_STOP,0.29674651
APPS,2024-12-09T10:45:00-05:00,2024-12-09T14:30:00-05:00,619,1.58618875,1.51910861,-41.52260389,-15.36336344,ATR_STOP,-1.01729129
ABCL,2024-12-09T13:45:00-05:00,2024-12-09T15:30:00-05:00,1,3.06229500,2.99619026,-0.06610474,-0.02445875,ATR_STOP,-1.03521725
VSXY,2024-12-09T14:15:00-05:00,2024-12-10T09:30:00-05:00,18,48.19612000,46.83519620,-24.49662843,-9.06375252,ATR_STOP,-1.02651496
MRNA,2024-12-09T15:15:00-05:00,2024-12-10T09:30:00-05:00,20,45.97535568,44.90893859,-21.32834162,-7.89148640,ATR_STOP,-1.03263935
TSLL,2024-12-10T09:30:00-05:00,2024-12-10T10:00:00-05:00,2,27.46058000,29.49249190,4.06382380,1.50361481,ATR_TARGET,1.97844649
JMIA,2024-12-09T11:30:00-05:00,2024-12-10T11:00:00-05:00,151,5.07380250,4.77993097,-44.37460086,-16.41860232,ATR_STOP,-1.01235907
TWLO,2024-12-10T09:45:00-05:00,2024-12-10T11:00:00-05:00,7,111.57862125,109.88938757,-11.82463578,-4.37511524,ATR_STOP,-1.05133260
ACHR,2024-12-10T09:45:00-05:00,2024-12-10T11:30:00-05:00,10,7.97597750,7.61578041,-3.60197089,-1.33272923,ATR_STOP,-1.01612533
BRZE,2024-12-10T10:15:00-05:00,2024-12-10T11:30:00-05:00,1,42.63195000,40.87875539,-1.75319461,-0.64868201,ATR_STOP,-1.01781240
PLTR,2024-12-10T09:45:00-05:00,2024-12-10T13:00:00-05:00,12,74.52585250,72.10901313,-29.00207245,-10.73076681,ATR_STOP,-1.02290683
VUZI,2024-12-10T12:15:00-05:00,2024-12-10T15:15:00-05:00,308,3.02226500,3.07020581,14.76576852,5.46333435,ATR_STOP,0.22373647
QUBT,2024-12-10T12:45:00-05:00,2024-12-11T09:30:00-05:00,1,8.05593742,7.10466750,-0.95126993,-0.35196987,STOP_GAP,-1.38482567
MVST,2024-12-10T13:00:00-05:00,2024-12-11T09:30:00-05:00,2,1.31088243,1.20909250,-0.20357985,-0.07532454,STOP_GAP,-1.00921976
ABCL,2024-12-10T14:00:00-05:00,2024-12-11T09:30:00-05:00,286,3.05338832,2.98737833,-18.87885955,-6.98517803,ATR_STOP,-1.03516220
BEKE,2024-12-11T09:45:00-05:00,2024-12-11T10:30:00-05:00,42,20.66548750,20.25370774,-17.29474978,-6.39905742,ATR_STOP,-1.03833213
MVST,2024-12-11T10:15:00-05:00,2024-12-11T12:45:00-05:00,8,1.38103500,1.25811148,-0.98338816,-0.36385362,ATR_STOP,-1.00774142
VISN,2024-12-11T09:30:00-05:00,2024-12-11T13:15:00-05:00,167,5.59419250,5.88885387,49.20844830,18.20712587,ATR_TARGET,1.97044312
JMIA,2024-12-11T12:00:00-05:00,2024-12-12T09:30:00-05:00,174,4.90477582,4.70646750,-34.50564855,-12.76708996,STOP_GAP,-1.01893347
TSLL,2024-12-10T12:45:00-05:00,2024-12-12T09:30:00-05:00,24,29.59718125,30.99092632,33.44988163,12.37645620,ATR_STOP,1.02858975
DDD,2024-12-11T13:30:00-05:00,2024-12-12T09:30:00-05:00,272,3.45158675,3.71428022,71.45262278,26.43747043,ATR_TARGET,1.97899813
TNYA,2024-12-11T15:00:00-05:00,2024-12-12T09:45:00-05:00,11,3.66274500,3.53371017,-1.41938317,-0.52517177,ATR_STOP,-1.02098606
AFRM,2024-12-12T09:45:00-05:00,2024-12-12T10:00:00-05:00,9,70.88812625,69.15602465,-15.58891437,-5.76789832,ATR_STOP,-1.03089280
YINN,2024-12-12T09:45:00-05:00,2024-12-12T10:00:00-05:00,1,30.75304750,30.20314657,-0.54990093,-0.20346335,ATR_STOP,-1.04299697
DDD,2024-12-12T09:45:00-05:00,2024-12-12T11:00:00-05:00,268,3.54265500,3.89986843,95.73319809,35.42128329,ATR_TARGET,1.98374470
CGTX,2024-12-12T10:45:00-05:00,2024-12-13T09:30:00-05:00,3,0.51628693,0.47639732,-0.11966881,-0.04427746,ATR_STOP,-1.00904497
VISN,2024-12-12T14:30:00-05:00,2024-12-13T09:30:00-05:00,166,5.81435750,5.68223901,-21.93166855,-8.11471736,ATR_STOP,-1.03335751
TWLO,2024-12-12T09:45:00-05:00,2024-12-13T09:45:00-05:00,8,114.19558250,113.77550432,-3.36062540,-1.24343140,STOP_GAP,-0.24957051
SOFI,2024-12-13T09:45:00-05:00,2024-12-13T11:00:00-05:00,59,16.14710125,15.77849282,-21.74789762,-8.04672212,ATR_STOP,-1.03319476
RIVN,2024-12-12T10:00:00-05:00,2024-12-16T09:30:00-05:00,4,13.90752283,14.09941750,0.76757870,0.28400412,STOP_GAP,0.52430986
EOSE,2024-12-12T10:30:00-05:00,2024-12-16T09:30:00-05:00,199,3.30247500,3.54938233,49.13455894,18.17978681,ATR_TARGET,1.97865112
PLTR,2024-12-13T09:45:00-05:00,2024-12-16T09:30:00-05:00,12,74.13556000,77.53835270,40.83351239,15.10839959,ATR_TARGET,1.96636950
SOFI,2024-12-13T12:15:00-05:00,2024-12-16T09:45:00-05:00,58,16.33254022,16.36771500,2.04013695,0.75485067,STOP_GAP,0.09358074
TSLT,2024-12-13T14:00:00-05:00,2024-12-16T09:45:00-05:00,1,45.31396000,46.18540225,0.87144225,0.32243363,ATR_STOP,0.59242332
MRNA,2024-12-16T09:45:00-05:00,2024-12-16T10:00:00-05:00,22,43.82284250,42.68738674,-24.98002669,-9.24260988,ATR_STOP,-1.02903670
QUBT,2024-12-16T09:45:00-05:00,2024-12-16T10:30:00-05:00,132,7.43897505,8.47786412,137.13335768,50.73934234,ATR_TARGET,1.98782462
PRCH,2024-12-06T09:45:00-05:00,2024-12-16T15:30:00-05:00,1,5.30397500,5.79213552,0.48816052,0.18061939,ATR_STOP,1.14573393
TSLA,2024-12-16T10:45:00-05:00,2024-12-17T09:30:00-05:00,2,449.36677250,475.54307500,52.35260500,19.37046385,TARGET_GAP,2.51451378
TSLL,2024-12-16T10:45:00-05:00,2024-12-17T09:30:00-05:00,28,35.26643000,39.43040500,116.59130000,43.13878100,TARGET_GAP,2.69314684
TSLT,2024-12-16T10:45:00-05:00,2024-12-17T09:30:00-05:00,2,48.36624750,54.01945500,11.30641500,4.18337355,TARGET_GAP,2.75453969
SOFI,2024-12-16T13:30:00-05:00,2024-12-17T09:30:00-05:00,2,16.99773875,16.61864779,-0.75818193,-0.28052731,ATR_STOP,-1.03402275
PLUG,2024-12-16T10:00:00-05:00,2024-12-17T10:15:00-05:00,292,2.46684875,2.36181037,-30.67120612,-11.34834626,ATR_STOP,-1.01716628
ASTS,2024-12-17T11:45:00-05:00,2024-12-17T14:30:00-05:00,1,24.73353625,24.93649306,0.20295681,0.07509402,ATR_STOP,0.28876126
QUBT,2024-12-17T10:45:00-05:00,2024-12-18T09:30:00-05:00,44,15.85548270,21.48426655,247.66648957,91.63660114,ATR_TARGET,1.99428678
VUZI,2024-12-17T10:00:00-05:00,2024-12-18T09:45:00-05:00,283,3.71278250,4.18271146,132.98989512,49.20626119,ATR_TARGET,1.98672755
ACHR,2024-12-17T13:15:00-05:00,2024-12-18T10:00:00-05:00,1,9.37702750,9.75180292,0.37477542,0.13866691,ATR_STOP,0.74442933
SOFI,2024-12-17T15:45:00-05:00,2024-12-18T10:00:00-05:00,1,16.64247250,16.80380845,0.16133595,0.05969430,ATR_STOP,0.53205114
SGMT,2024-12-17T09:45:00-05:00,2024-12-18T10:15:00-05:00,173,6.08456000,5.61965114,-80.42923274,-29.75881611,ATR_STOP,-1.00915560
TSLL,2024-12-18T11:45:00-05:00,2024-12-18T12:30:00-05:00,25,41.28093750,39.12401344,-53.92310155,-19.95154757,ATR_STOP,-1.01380222
QS,2024-12-18T11:15:00-05:00,2024-12-18T13:00:00-05:00,205,5.47670445,5.84535335,75.57302519,27.96201932,ATR_TARGET,1.97647786
SOXL,2024-12-18T09:45:00-05:00,2024-12-18T14:00:00-05:00,26,32.47433750,31.51423107,-24.96276706,-9.23622381,ATR_STOP,-1.02525852
BLNK,2024-12-18T13:15:00-05:00,2024-12-18T14:00:00-05:00,30,1.66574838,1.61081860,-1.64789316,-0.60972047,ATR_STOP,-1.02250566
ASTS,2024-12-18T13:15:00-05:00,2024-12-18T14:15:00-05:00,44,25.59918500,24.81548801,-34.48266776,-12.75858707,ATR_STOP,-1.02434490
ACHR,2024-12-18T13:00:00-05:00,2024-12-18T14:45:00-05:00,100,10.19764250,9.60965476,-58.79877411,-21.75554642,ATR_STOP,-1.01241901
PSNL,2024-12-19T14:15:00-05:00,2024-12-20T09:30:00-05:00,145,4.97372750,5.86144275,128.71871171,47.62592333,ATR_TARGET,1.99013718
MVST,2024-12-19T10:00:00-05:00,2024-12-20T09:45:00-05:00,770,1.42236597,1.70681650,219.02690532,81.03995497,ATR_TARGET,1.99103303
APPS,2024-12-19T12:15:00-05:00,2024-12-24T09:30:00-05:00,634,1.70627875,1.80779752,64.36289748,23.81427207,ATR_STOP,0.81714652
CGTX,2024-12-24T12:45:00-05:00,2024-12-24T13:00:00-05:00,3,0.65999462,0.62625125,-0.10123011,-0.03745514,ATR_STOP,-1.01412666
GME,2024-12-23T09:45:00-05:00,2024-12-26T09:30:00-05:00,38,30.61624498,32.59553500,75.21302095,27.82881775,TARGET_GAP,2.19040460
QUBT,2024-12-23T09:45:00-05:00,2024-12-26T09:30:00-05:00,47,18.58392750,16.27190988,-108.66482810,-40.20598640,ATR_STOP,-1.00531049
MVST,2024-12-23T10:30:00-05:00,2024-12-26T10:45:00-05:00,4,1.88641375,2.27302676,1.54645204,0.57218725,ATR_TARGET,1.99121316
CGTX,2024-12-26T10:30:00-05:00,2024-12-26T14:15:00-05:00,3,0.68401263,0.77290157,0.26666682,0.09866672,ATR_TARGET,1.98703214
SOXL,2024-12-24T09:45:00-05:00,2024-12-26T15:45:00-05:00,37,29.86238000,30.54932075,25.41680786,9.40421891,ATR_STOP,0.83778375
QUBT,2024-12-26T09:45:00-05:00,2024-12-27T09:30:00-05:00,64,18.42380750,21.46787605,194.82038722,72.08354327,ATR_TARGET,1.98946926
VUZI,2024-12-26T09:45:00-05:00,2024-12-27T09:30:00-05:00,169,4.74355500,5.37906284,107.40082445,39.73830505,ATR_TARGET,1.98737439
CGTX,2024-12-26T14:30:00-05:00,2024-12-27T09:30:00-05:00,7,0.78668958,0.73469721,-0.36394653,-0.13466022,ATR_STOP,-1.01071980
EOSE,2024-12-26T11:00:00-05:00,2024-12-27T10:00:00-05:00,1,5.00385007,5.17640507,0.17255500,0.06384535,ATR_STOP,0.74224228
APPS,2024-12-27T09:30:00-05:00,2024-12-27T10:00:00-05:00,564,2.00150000,1.91553820,-48.48245300,-17.93850761,ATR_STOP,-1.01700974
QS,2024-12-27T09:45:00-05:00,2024-12-27T10:00:00-05:00,202,6.26969875,6.02145061,-50.14612440,-18.55406603,ATR_STOP,-1.01854307
QUBT,2024-12-27T09:45:00-05:00,2024-12-27T10:00:00-05:00,43,21.13614023,19.58724884,-66.60232937,-24.64286187,ATR_STOP,-1.00958256
ACHR,2024-12-27T15:00:00-05:00,2024-12-30T09:30:00-05:00,109,11.24843000,10.61203500,-69.36705500,-25.66581035,STOP_GAP,-1.53539567
CGTX,2024-12-27T10:45:00-05:00,2024-12-30T09:30:00-05:00,1493,0.82561875,0.76135983,-95.93857302,-35.49727202,ATR_STOP,-1.00897270
CLOV,2024-12-27T15:00:00-05:00,2024-12-30T09:30:00-05:00,228,3.27745625,3.20549463,-16.40724954,-6.07068233,ATR_STOP,-1.03458991
NVTS,2024-12-24T09:45:00-05:00,2024-12-30T09:45:00-05:00,4,3.93144638,3.69997148,-0.92589957,-0.34258284,ATR_STOP,-1.01214293
GME,2024-12-30T09:30:00-05:00,2024-12-30T10:00:00-05:00,37,31.82385000,31.92336156,3.68192788,1.36231332,ATR_STOP,0.13090326
MVST,2024-12-30T09:45:00-05:00,2024-12-30T11:00:00-05:00,23,2.54190500,2.58443317,0.97814792,0.36191473,ATR_STOP,0.21707861
WTI,2024-12-30T10:45:00-05:00,2024-12-30T13:15:00-05:00,724,1.64123000,1.66346733,16.09982998,5.95693709,ATR_STOP,0.44676385
APPS,2024-12-30T12:45:00-05:00,2024-12-31T10:45:00-05:00,1,1.76132000,1.82444053,0.06312053,0.02335459,ATR_STOP,0.63394834
BTE,2024-12-30T11:15:00-05:00,2024-12-31T12:15:00-05:00,26,2.45183750,2.55397528,2.65558231,0.98256546,ATR_TARGET,1.96315555
TNYA,2024-12-31T09:45:00-05:00,2024-12-31T12:15:00-05:00,798,1.50112500,1.43093749,-56.00963642,-20.72356548,ATR_STOP,-1.01553978
TPET,2024-12-31T12:45:00-05:00,2024-12-31T13:30:00-05:00,964,1.25083743,1.13455785,-112.09350788,-41.47459792,ATR_STOP,-1.00737739
TSLQ,2024-12-30T09:45:00-05:00,2024-12-31T14:15:00-05:00,9,73.88537250,79.32245149,48.93371089,18.10547303,ATR_TARGET,1.97833704
TSLZ,2024-12-30T09:45:00-05:00,2024-12-31T14:30:00-05:00,26,45.82434250,49.50323751,95.65127029,35.39097001,ATR_TARGET,1.98000280
TSLQ,2024-12-31T14:30:00-05:00,2024-12-31T15:45:00-05:00,14,79.67971500,80.27974500,8.40042000,3.10815540,END_OF_TEST,0.19157809
MRNA,2024-12-31T15:30:00-05:00,2024-12-31T15:45:00-05:00,28,41.31596375,41.53882250,6.24004500,2.30881665,END_OF_TEST,0.24375720
