TimestampMarket,TotalEquity,TotalContributions,IncomeValue,SwingEquity,SwingCash,SwingMarketValue,TaxReserve,IncomeWeight,TargetIncomeWeight,OpenPositions,PendingEntries,ActiveRisk
2024-03-07T09:30:00-05:00,1441.31974026,1443.34000000,180.16496753,1261.15477273,1261.15477273,0.00000000,0.00000000,0.1250000000,0.1250000000,0,0,0.00000000
2024-03-07T09:45:00-05:00,1441.86783013,1443.34000000,180.71305740,1261.15477273,1261.15477273,0.00000000,0.00000000,0.1253326093,0.1250000000,0,0,0.00000000
2024-03-07T10:00:00-05:00,1441.69322436,1443.34000000,180.53845162,1261.15477273,1261.15477273,0.00000000,0.00000000,0.1252266769,0.1250000000,0,0,0.00000000
2024-03-07T10:15:00-05:00,1441.98527795,1443.34000000,180.83050522,1261.15477273,1261.15477273,0.00000000,0.00000000,0.1254038498,0.1250000000,0,0,0.00000000
2024-03-07T10:30:00-05:00,1441.98527795,1443.34000000,180.83050522,1261.15477273,1261.15477273,0.00000000,0.00000000,0.1254038498,0.1250000000,0,0,0.00000000
2024-03-07T10:45:00-05:00,1441.98527795,1443.34000000,180.83050522,1261.15477273,1261.15477273,0.00000000,0.00000000,0.1254038498,0.1250000000,0,0,0.00000000
2024-03-07T11:00:00-05:00,1442.41591999,1443.34000000,181.26114726,1261.15477273,1261.15477273,0.00000000,0.00000000,0.1256649658,0.1250000000,0,0,0.00000000
2024-03-07T11:15:00-05:00,1442.41591999,1443.34000000,181.26114726,1261.15477273,1261.15477273,0.00000000,0.00000000,0.1256649658,0.1250000000,0,0,0.00000000
2024-03-07T11:30:00-05:00,1442.49421854,1443.34000000,181.33944581,1261.15477273,1261.15477273,0.00000000,0.00000000,0.1257124247,0.1250000000,0,0,0.00000000
2024-03-07T11:45:00-05:00,1442.53336782,1443.34000000,181.37859508,1261.15477273,1261.15477273,0.00000000,0.00000000,0.1257361522,0.1250000000,0,0,0.00000000
2024-03-07T12:00:00-05:00,1442.84656202,1443.34000000,181.69178929,1261.15477273,1261.15477273,0.00000000,0.00000000,0.1259259259,0.1250000000,0,0,0.00000000
2024-03-07T12:15:00-05:00,1442.84656202,1443.34000000,181.69178929,1261.15477273,1261.15477273,0.00000000,0.00000000,0.1259259259,0.1250000000,0,0,0.00000000
2024-03-07T12:30:00-05:00,1442.65081564,1443.34000000,181.49604291,1261.15477273,1261.15477273,0.00000000,0.00000000,0.1258073270,0.1250000000,0,0,0.00000000
2024-03-07T12:45:00-05:00,1442.65081564,1443.34000000,181.49604291,1261.15477273,1261.15477273,0.00000000,0.00000000,0.1258073270,0.1250000000,0,0,0.00000000
2024-03-07T13:00:00-05:00,1442.57251709,1443.34000000,181.41774436,1261.15477273,1261.15477273,0.00000000,0.00000000,0.1257598784,0.1250000000,0,0,0.00000000
2024-03-07T13:15:00-05:00,1442.57251709,1443.34000000,181.41774436,1261.15477273,1261.15477273,0.00000000,0.00000000,0.1257598784,0.1250000000,0,0,0.00000000
2024-03-07T13:30:00-05:00,1442.57251709,1443.34000000,181.41774436,1261.15477273,1261.15477273,0.00000000,0.00000000,0.1257598784,0.1250000000,0,0,0.00000000
2024-03-07T13:45:00-05:00,1442.57251709,1443.34000000,181.41774436,1261.15477273,1261.15477273,0.00000000,0.00000000,0.1257598784,0.1250000000,0,0,0.00000000
2024-03-07T14:00:00-05:00,1442.57251709,1443.34000000,181.41774436,1261.15477273,1261.15477273,0.00000000,0.00000000,0.1257598784,0.1250000000,0,0,0.00000000
2024-03-07T14:15:00-05:00,1442.57251709,1443.34000000,181.41774436,1261.15477273,1261.15477273,0.00000000,0.00000000,0.1257598784,0.1250000000,0,0,0.00000000
2024-03-07T14:30:00-05:00,1442.57251709,1443.34000000,181.41774436,1261.15477273,1261.15477273,0.00000000,0.00000000,0.1257598784,0.1250000000,0,0,0.00000000
2024-03-07T14:45:00-05:00,1442.57251709,1443.34000000,181.41774436,1261.15477273,1261.15477273,0.00000000,0.00000000,0.1257598784,0.1250000000,0,0,0.00000000
2024-03-07T15:00:00-05:00,1442.57251709,1443.34000000,181.41774436,1261.15477273,1261.15477273,0.00000000,0.00000000,0.1257598784,0.1250000000,0,0,0.00000000
2024-03-07T15:15:00-05:00,1442.65081564,1443.34000000,181.49604291,1261.15477273,1261.15477273,0.00000000,0.00000000,0.1258073270,0.1250000000,0,0,0.00000000
2024-03-07T15:30:00-05:00,1442.61166637,1443.34000000,181.45689364,1261.15477273,1261.15477273,0.00000000,0.00000000,0.1257836034,0.1250000000,0,0,0.00000000
2024-03-07T15:45:00-05:00,1442.96400985,1443.34000000,181.80923712,1261.15477273,1261.15477273,0.00000000,0.00000000,0.1259970698,0.1250000000,0,0,0.00000000
2024-03-08T09:30:00-05:00,1442.22017361,1443.34000000,181.06540088,1261.15477273,1261.15477273,0.00000000,0.00000000,0.1255462960,0.1250000000,0,0,0.00000000
2024-03-08T09:45:00-05:00,1441.71397347,1443.34000000,180.55920074,1261.15477273,1261.15477273,0.00000000,0.00000000,0.1252392666,0.1250000000,0,0,0.00000000
2024-03-08T10:00:00-05:00,1442.61166637,1443.34000000,181.45689364,1261.15477273,1261.15477273,0.00000000,0.00000000,0.1257836034,0.1250000000,0,0,0.00000000
2024-03-08T10:15:00-05:00,1442.68996492,1443.34000000,181.53519219,1261.15477273,1261.15477273,0.00000000,0.00000000,0.1258310494,0.1250000000,0,0,0.00000000
2024-03-08T10:30:00-05:00,1441.67208375,1443.34000000,180.51731102,1261.15477273,1261.15477273,0.00000000,0.00000000,0.1252138493,0.1250000000,0,0,0.00000000
2024-03-08T10:45:00-05:00,1441.50609082,1443.34000000,180.35131809,1261.15477273,1261.15477273,0.00000000,0.00000000,0.1251131155,0.1250000000,0,0,0.00000000
2024-03-08T11:00:00-05:00,1441.24144171,1443.34000000,180.08666898,1261.15477273,1261.15477273,0.00000000,0.00000000,0.1249524637,0.1250000000,0,0,0.00000000
2024-03-08T11:15:00-05:00,1441.24144171,1443.34000000,180.08666898,1261.15477273,1261.15477273,0.00000000,0.00000000,0.1249524637,0.1250000000,0,0,0.00000000
2024-03-08T11:30:00-05:00,1440.39973228,1443.34000000,179.24495955,1261.15477273,1261.15477273,0.00000000,0.00000000,0.1244411225,0.1250000000,0,0,0.00000000
2024-03-08T11:45:00-05:00,1440.39973228,1443.34000000,179.24495955,1261.15477273,1261.15477273,0.00000000,0.00000000,0.1244411225,0.1250000000,0,0,0.00000000
2024-03-08T12:00:00-05:00,1440.84994895,1443.34000000,179.69517622,1261.15477273,1261.15477273,0.00000000,0.00000000,0.1247147049,0.1250000000,0,0,0.00000000
2024-03-08T12:15:00-05:00,1440.06696344,1443.34000000,178.91219071,1261.15477273,1261.15477273,0.00000000,0.00000000,0.1242387995,0.1250000000,0,0,0.00000000
2024-03-08T12:30:00-05:00,1440.59547866,1443.34000000,179.44070593,1261.15477273,1261.15477273,0.00000000,0.00000000,0.1245600924,0.1250000000,0,0,0.00000000
2024-03-08T12:45:00-05:00,1440.45845619,1443.34000000,179.30368346,1261.15477273,1261.15477273,0.00000000,0.00000000,0.1244768169,0.1250000000,0,0,0.00000000
2024-03-08T13:00:00-05:00,1440.45845619,1443.34000000,179.30368346,1261.15477273,1261.15477273,0.00000000,0.00000000,0.1244768169,0.1250000000,0,0,0.00000000
2024-03-08T13:15:00-05:00,1440.45845619,1443.34000000,179.30368346,1261.15477273,1261.15477273,0.00000000,0.00000000,0.1244768169,0.1250000000,0,0,0.00000000
2024-03-08T13:30:00-05:00,1440.45845619,1443.34000000,179.30368346,1261.15477273,1261.15477273,0.00000000,0.00000000,0.1244768169,0.1250000000,0,0,0.00000000
2024-03-08T13:45:00-05:00,1440.45845619,1443.34000000,179.30368346,1261.15477273,1261.15477273,0.00000000,0.00000000,0.1244768169,0.1250000000,0,0,0.00000000
2024-03-08T14:00:00-05:00,1440.45845619,1443.34000000,179.30368346,1261.15477273,1261.15477273,0.00000000,0.00000000,0.1244768169,0.1250000000,0,0,0.00000000
2024-03-08T14:15:00-05:00,1440.45845619,1443.34000000,179.30368346,1261.15477273,1261.15477273,0.00000000,0.00000000,0.1244768169,0.1250000000,0,0,0.00000000
2024-03-08T14:30:00-05:00,1440.45845619,1443.34000000,179.30368346,1261.15477273,1261.15477273,0.00000000,0.00000000,0.1244768169,0.1250000000,0,0,0.00000000
2024-03-08T14:45:00-05:00,1440.84994895,1443.34000000,179.69517622,1261.15477273,1261.15477273,0.00000000,0.00000000,0.1247147049,0.1250000000,0,0,0.00000000
2024-03-08T15:00:00-05:00,1440.84994895,1443.34000000,179.69517622,1261.15477273,1261.15477273,0.00000000,0.00000000,0.1247147049,0.1250000000,0,0,0.00000000
2024-03-08T15:15:00-05:00,1440.10611271,1443.34000000,178.95133998,1261.15477273,1261.15477273,0.00000000,0.00000000,0.1242626070,0.1250000000,0,0,0.00000000
2024-03-08T15:30:00-05:00,1440.10611271,1443.34000000,178.95133998,1261.15477273,1261.15477273,0.00000000,0.00000000,0.1242626070,0.1250000000,0,0,0.00000000
2024-03-08T15:45:00-05:00,1439.59717213,1443.34000000,178.44239939,1261.15477273,1261.15477273,0.00000000,0.00000000,0.1239530077,0.1250000000,0,0,0.00000000
2024-03-11T09:30:00-04:00,1439.77804178,1443.34000000,178.62326905,1261.15477273,1261.15477273,0.00000000,0.00000000,0.1240630596,0.1250000000,0,0,0.00000000
2024-03-11T09:45:00-04:00,1439.14695545,1443.34000000,177.99218272,1261.15477273,1261.15477273,0.00000000,0.00000000,0.1236789489,0.1250000000,0,0,0.00000000
2024-03-11T10:00:00-04:00,1439.14695545,1443.34000000,177.99218272,1261.15477273,1261.15477273,0.00000000,0.00000000,0.1236789489,0.1250000000,0,0,0.00000000
2024-03-11T10:15:00-04:00,1439.14695545,1443.34000000,177.99218272,1261.15477273,1261.15477273,0.00000000,0.00000000,0.1236789489,0.1250000000,0,0,0.00000000
2024-03-11T10:30:00-04:00,1438.89248516,1443.34000000,177.73771243,1261.15477273,1261.15477273,0.00000000,0.00000000,0.1235239702,0.1250000000,0,0,0.00000000
2024-03-11T10:45:00-04:00,1439.00993299,1443.34000000,177.85516026,1261.15477273,1261.15477273,0.00000000,0.00000000,0.1235955056,0.1250000000,0,0,0.00000000
2024-03-11T11:00:00-04:00,1438.97078371,1443.34000000,177.81601098,1261.15477273,1261.15477273,0.00000000,0.00000000,0.1235716618,0.1250000000,0,0,0.00000000
2024-03-11T11:15:00-04:00,1438.97078371,1443.34000000,177.81601098,1261.15477273,1261.15477273,0.00000000,0.00000000,0.1235716618,0.1250000000,0,0,0.00000000
2024-03-11T11:30:00-04:00,1438.69673878,1443.34000000,177.54196605,1261.15477273,1261.15477273,0.00000000,0.00000000,0.1234047185,0.1250000000,0,0,0.00000000
2024-03-11T11:45:00-04:00,1439.58464436,1443.34000000,178.42987163,1261.15477273,1261.15477273,0.00000000,0.00000000,0.1239453841,0.1250000000,0,0,0.00000000
2024-03-11T12:00:00-04:00,1439.58464436,1443.34000000,178.42987163,1261.15477273,1261.15477273,0.00000000,0.00000000,0.1239453841,0.1250000000,0,0,0.00000000
2024-03-11T12:15:00-04:00,1439.31529734,1443.34000000,178.16052461,1261.15477273,1261.15477273,0.00000000,0.00000000,0.1237814431,0.1250000000,0,0,0.00000000
2024-03-11T12:30:00-04:00,1439.31529734,1443.34000000,178.16052461,1261.15477273,1261.15477273,0.00000000,0.00000000,0.1237814431,0.1250000000,0,0,0.00000000
2024-03-11T12:45:00-04:00,1439.31529734,1443.34000000,178.16052461,1261.15477273,1261.15477273,0.00000000,0.00000000,0.1237814431,0.1250000000,0,0,0.00000000
2024-03-11T13:00:00-04:00,1439.31529734,1443.34000000,178.16052461,1261.15477273,1261.15477273,0.00000000,0.00000000,0.1237814431,0.1250000000,0,0,0.00000000
2024-03-11T13:15:00-04:00,1439.42139188,1443.34000000,178.26661915,1261.15477273,1261.15477273,0.00000000,0.00000000,0.1238460260,0.1250000000,0,0,0.00000000
2024-03-11T13:30:00-04:00,1439.32195272,1443.34000000,178.16717999,1261.15477273,1261.15477273,0.00000000,0.00000000,0.1237854947,0.1250000000,0,0,0.00000000
2024-03-11T13:45:00-04:00,1439.32195272,1443.34000000,178.16717999,1261.15477273,1261.15477273,0.00000000,0.00000000,0.1237854947,0.1250000000,0,0,0.00000000
2024-03-11T14:00:00-04:00,1439.32195272,1443.34000000,178.16717999,1261.15477273,1261.15477273,0.00000000,0.00000000,0.1237854947,0.1250000000,0,0,0.00000000
2024-03-11T14:15:00-04:00,1439.32195272,1443.34000000,178.16717999,1261.15477273,1261.15477273,0.00000000,0.00000000,0.1237854947,0.1250000000,0,0,0.00000000
2024-03-11T14:30:00-04:00,1439.69778576,1443.34000000,178.54301303,1261.15477273,1261.15477273,0.00000000,0.00000000,0.1240142305,0.1250000000,0,0,0.00000000
2024-03-11T14:45:00-04:00,1439.69778576,1443.34000000,178.54301303,1261.15477273,1261.15477273,0.00000000,0.00000000,0.1240142305,0.1250000000,0,0,0.00000000
2024-03-11T15:00:00-04:00,1439.69778576,1443.34000000,178.54301303,1261.15477273,1261.15477273,0.00000000,0.00000000,0.1240142305,0.1250000000,0,0,0.00000000
2024-03-11T15:15:00-04:00,1439.69778576,1443.34000000,178.54301303,1261.15477273,1261.15477273,0.00000000,0.00000000,0.1240142305,0.1250000000,0,0,0.00000000
2024-03-11T15:30:00-04:00,1439.69778576,1443.34000000,178.54301303,1261.15477273,1261.15477273,0.00000000,0.00000000,0.1240142305,0.1250000000,0,0,0.00000000
2024-03-11T15:45:00-04:00,1439.75376923,1443.34000000,178.59899650,1261.15477273,1261.15477273,0.00000000,0.00000000,0.1240482924,0.1250000000,0,0,0.00000000
2024-03-12T09:30:00-04:00,1439.56350375,1443.34000000,178.40873102,1261.15477273,1261.15477273,0.00000000,0.00000000,0.1239325188,0.1250000000,0,0,0.00000000
2024-03-12T09:45:00-04:00,1439.27810553,1443.34000000,178.12333280,1261.15477273,1261.15477273,0.00000000,0.00000000,0.1237588011,0.1250000000,0,0,0.00000000
2024-03-12T10:00:00-04:00,1440.26270981,1443.34000000,179.10793708,1261.15477273,1261.15477273,0.00000000,0.00000000,0.1243578243,0.1250000000,0,0,0.00000000
2024-03-12T10:15:00-04:00,1440.26270981,1443.34000000,179.10793708,1261.15477273,1261.15477273,0.00000000,0.00000000,0.1243578243,0.1250000000,0,0,0.00000000
2024-03-12T10:30:00-04:00,1441.51548664,1443.34000000,180.36071391,1261.15477273,1261.15477273,0.00000000,0.00000000,0.1251188181,0.1250000000,0,0,0.00000000
2024-03-12T10:45:00-04:00,1441.27002068,1443.34000000,180.11524795,1261.15477273,1261.15477273,0.00000000,0.00000000,0.1249698151,0.1250000000,0,0,0.00000000
2024-03-12T11:00:00-04:00,1441.27002068,1443.34000000,180.11524795,1261.15477273,1261.15477273,0.00000000,0.00000000,0.1249698151,0.1250000000,0,0,0.00000000
2024-03-12T11:15:00-04:00,1441.27002068,1443.34000000,180.11524795,1261.15477273,1261.15477273,0.00000000,0.00000000,0.1249698151,0.1250000000,0,0,0.00000000
2024-03-12T11:30:00-04:00,1441.27002068,1443.34000000,180.11524795,1261.15477273,1261.15477273,0.00000000,0.00000000,0.1249698151,0.1250000000,0,0,0.00000000
2024-03-12T11:45:00-04:00,1441.27002068,1443.34000000,180.11524795,1261.15477273,1261.15477273,0.00000000,0.00000000,0.1249698151,0.1250000000,0,0,0.00000000
2024-03-12T12:00:00-04:00,1441.27002068,1443.34000000,180.11524795,1261.15477273,1261.15477273,0.00000000,0.00000000,0.1249698151,0.1250000000,0,0,0.00000000
2024-03-12T12:15:00-04:00,1441.08484461,1443.34000000,179.93007188,1261.15477273,1261.15477273,0.00000000,0.00000000,0.1248573757,0.1250000000,0,0,0.00000000
2024-03-12T12:30:00-04:00,1441.16275167,1443.34000000,180.00797894,1261.15477273,1261.15477273,0.00000000,0.00000000,0.1249046846,0.1250000000,0,0,0.00000000
2024-03-12T12:45:00-04:00,1441.16275167,1443.34000000,180.00797894,1261.15477273,1261.15477273,0.00000000,0.00000000,0.1249046846,0.1250000000,0,0,0.00000000
2024-03-12T13:00:00-04:00,1440.96739678,1443.34000000,179.81262405,1261.15477273,1261.15477273,0.00000000,0.00000000,0.1247860461,0.1250000000,0,0,0.00000000
2024-03-12T13:15:00-04:00,1441.20229244,1443.34000000,180.04751971,1261.15477273,1261.15477273,0.00000000,0.00000000,0.1249286937,0.1250000000,0,0,0.00000000
2024-03-12T13:30:00-04:00,1441.20229244,1443.34000000,180.04751971,1261.15477273,1261.15477273,0.00000000,0.00000000,0.1249286937,0.1250000000,0,0,0.00000000
2024-03-12T13:45:00-04:00,1441.20229244,1443.34000000,180.04751971,1261.15477273,1261.15477273,0.00000000,0.00000000,0.1249286937,0.1250000000,0,0,0.00000000
2024-03-12T14:00:00-04:00,1441.20229244,1443.34000000,180.04751971,1261.15477273,1261.15477273,0.00000000,0.00000000,0.1249286937,0.1250000000,0,0,0.00000000
2024-03-12T14:15:00-04:00,1441.20229244,1443.34000000,180.04751971,1261.15477273,1261.15477273,0.00000000,0.00000000,0.1249286937,0.1250000000,0,0,0.00000000
2024-03-12T14:30:00-04:00,1441.04569533,1443.34000000,179.89092260,1261.15477273,1261.15477273,0.00000000,0.00000000,0.1248336005,0.1250000000,0,0,0.00000000
2024-03-12T14:45:00-04:00,1441.04569533,1443.34000000,179.89092260,1261.15477273,1261.15477273,0.00000000,0.00000000,0.1248336005,0.1250000000,0,0,0.00000000
2024-03-12T15:00:00-04:00,1441.04569533,1443.34000000,179.89092260,1261.15477273,1261.15477273,0.00000000,0.00000000,0.1248336005,0.1250000000,0,0,0.00000000
2024-03-12T15:15:00-04:00,1441.04569533,1443.34000000,179.89092260,1261.15477273,1261.15477273,0.00000000,0.00000000,0.1248336005,0.1250000000,0,0,0.00000000
2024-03-12T15:30:00-04:00,1441.04569533,1443.34000000,179.89092260,1261.15477273,1261.15477273,0.00000000,0.00000000,0.1248336005,0.1250000000,0,0,0.00000000
2024-03-12T15:45:00-04:00,1441.75038230,1443.34000000,180.59560957,1261.15477273,1261.15477273,0.00000000,0.00000000,0.1252613572,0.1250000000,0,0,0.00000000
2024-03-13T09:30:00-04:00,1441.51548664,1443.34000000,180.36071391,1261.15477273,1261.15477273,0.00000000,0.00000000,0.1251188181,0.1250000000,0,0,0.00000000
2024-03-13T09:45:00-04:00,1440.38015764,1443.34000000,179.22538491,1261.15477273,1261.15477273,0.00000000,0.00000000,0.1244292237,0.1250000000,0,0,0.00000000
2024-03-13T10:00:00-04:00,1440.20398590,1443.34000000,179.04921317,1261.15477273,1261.15477273,0.00000000,0.00000000,0.1243221203,0.1250000000,0,0,0.00000000
2024-03-13T10:15:00-04:00,1440.18793470,1443.34000000,179.03316197,1261.15477273,1261.15477273,0.00000000,0.00000000,0.1243123607,0.1250000000,0,0,0.00000000
2024-03-13T10:30:00-04:00,1440.34100837,1443.34000000,179.18623564,1261.15477273,1261.15477273,0.00000000,0.00000000,0.1244054252,0.1250000000,0,0,0.00000000
2024-03-13T10:45:00-04:00,1440.10611271,1443.34000000,178.95133998,1261.15477273,1261.15477273,0.00000000,0.00000000,0.1242626070,0.1250000000,0,0,0.00000000
2024-03-13T11:00:00-04:00,1440.41930692,1443.34000000,179.26453419,1261.15477273,1261.15477273,0.00000000,0.00000000,0.1244530210,0.1250000000,0,0,0.00000000
2024-03-13T11:15:00-04:00,1440.02781416,1443.34000000,178.87304143,1261.15477273,1261.15477273,0.00000000,0.00000000,0.1242149906,0.1250000000,0,0,0.00000000
2024-03-13T11:30:00-04:00,1440.02781416,1443.34000000,178.87304143,1261.15477273,1261.15477273,0.00000000,0.00000000,0.1242149906,0.1250000000,0,0,0.00000000
2024-03-13T11:45:00-04:00,1440.02781416,1443.34000000,178.87304143,1261.15477273,1261.15477273,0.00000000,0.00000000,0.1242149906,0.1250000000,0,0,0.00000000
2024-03-13T12:00:00-04:00,1440.06696344,1443.34000000,178.91219071,1261.15477273,1261.15477273,0.00000000,0.00000000,0.1242387995,0.1250000000,0,0,0.00000000
2024-03-13T12:15:00-04:00,1439.98749041,1443.34000000,178.83271768,1261.15477273,1261.15477273,0.00000000,0.00000000,0.1241904661,0.1250000000,0,0,0.00000000
2024-03-13T12:30:00-04:00,1439.98749041,1443.34000000,178.83271768,1261.15477273,1261.15477273,0.00000000,0.00000000,0.1241904661,0.1250000000,0,0,0.00000000
2024-03-13T12:45:00-04:00,1439.98749041,1443.34000000,178.83271768,1261.15477273,1261.15477273,0.00000000,0.00000000,0.1241904661,0.1250000000,0,0,0.00000000
2024-03-13T13:00:00-04:00,1439.98749041,1443.34000000,178.83271768,1261.15477273,1261.15477273,0.00000000,0.00000000,0.1241904661,0.1250000000,0,0,0.00000000
2024-03-13T13:15:00-04:00,1439.98749041,1443.34000000,178.83271768,1261.15477273,1261.15477273,0.00000000,0.00000000,0.1241904661,0.1250000000,0,0,0.00000000
2024-03-13T13:30:00-04:00,1440.26270981,1443.34000000,179.10793708,1261.15477273,1261.15477273,0.00000000,0.00000000,0.1243578243,0.1250000000,0,0,0.00000000
2024-03-13T13:45:00-04:00,1440.73250113,1443.34000000,179.57772839,1261.15477273,1261.15477273,0.00000000,0.00000000,0.1246433521,0.1250000000,0,0,0.00000000
2024-03-13T14:00:00-04:00,1440.73250113,1443.34000000,179.57772839,1261.15477273,1261.15477273,0.00000000,0.00000000,0.1246433521,0.1250000000,0,0,0.00000000
2024-03-13T14:15:00-04:00,1440.73250113,1443.34000000,179.57772839,1261.15477273,1261.15477273,0.00000000,0.00000000,0.1246433521,0.1250000000,0,0,0.00000000
2024-03-13T14:30:00-04:00,1440.73250113,1443.34000000,179.57772839,1261.15477273,1261.15477273,0.00000000,0.00000000,0.1246433521,0.1250000000,0,0,0.00000000
2024-03-13T14:45:00-04:00,1440.73250113,1443.34000000,179.57772839,1261.15477273,1261.15477273,0.00000000,0.00000000,0.1246433521,0.1250000000,0,0,0.00000000
2024-03-13T15:00:00-04:00,1440.73250113,1443.34000000,179.57772839,1261.15477273,1261.15477273,0.00000000,0.00000000,0.1246433521,0.1250000000,0,0,0.00000000
2024-03-13T15:15:00-04:00,1439.98866488,1443.34000000,178.83389215,1261.15477273,1261.15477273,0.00000000,0.00000000,0.1241911805,0.1250000000,0,0,0.00000000
2024-03-13T15:30:00-04:00,1439.98866488,1443.34000000,178.83389215,1261.15477273,1261.15477273,0.00000000,0.00000000,0.1241911805,0.1250000000,0,0,0.00000000
2024-03-13T15:45:00-04:00,1439.98866488,1443.34000000,178.83389215,1261.15477273,1261.15477273,0.00000000,0.00000000,0.1241911805,0.1250000000,0,0,0.00000000
2024-03-14T09:30:00-04:00,1440.69335185,1443.34000000,179.53857912,1261.15477273,1261.15477273,0.00000000,0.00000000,0.1246195652,0.1250000000,0,0,0.00000000
2024-03-14T09:45:00-04:00,1439.75376923,1443.34000000,178.59899650,1261.15477273,1261.15477273,0.00000000,0.00000000,0.1240482924,0.1250000000,0,0,0.00000000
2024-03-14T10:00:00-04:00,1439.75376923,1443.34000000,178.59899650,1261.15477273,1261.15477273,0.00000000,0.00000000,0.1240482924,0.1250000000,0,0,0.00000000
2024-03-14T10:15:00-04:00,1439.55802285,1443.34000000,178.40325012,1261.15477273,1261.15477273,0.00000000,0.00000000,0.1239291833,0.1250000000,0,0,0.00000000
2024-03-14T10:30:00-04:00,1439.55802285,1443.34000000,178.40325012,1261.15477273,1261.15477273,0.00000000,0.00000000,0.1239291833,0.1250000000,0,0,0.00000000
2024-03-14T10:45:00-04:00,1439.61165736,1443.34000000,178.45688463,1261.15477273,1261.15477273,0.00000000,0.00000000,0.1239618224,0.1250000000,0,0,0.00000000
2024-03-14T11:00:00-04:00,1439.61165736,1443.34000000,178.45688463,1261.15477273,1261.15477273,0.00000000,0.00000000,0.1239618224,0.1250000000,0,0,0.00000000
2024-03-14T11:15:00-04:00,1439.61165736,1443.34000000,178.45688463,1261.15477273,1261.15477273,0.00000000,0.00000000,0.1239618224,0.1250000000,0,0,0.00000000
2024-03-14T11:30:00-04:00,1439.61165736,1443.34000000,178.45688463,1261.15477273,1261.15477273,0.00000000,0.00000000,0.1239618224,0.1250000000,0,0,0.00000000
2024-03-14T11:45:00-04:00,1439.61165736,1443.34000000,178.45688463,1261.15477273,1261.15477273,0.00000000,0.00000000,0.1239618224,0.1250000000,0,0,0.00000000
2024-03-14T12:00:00-04:00,1439.61165736,1443.34000000,178.45688463,1261.15477273,1261.15477273,0.00000000,0.00000000,0.1239618224,0.1250000000,0,0,0.00000000
2024-03-14T12:15:00-04:00,1439.63632140,1443.34000000,178.48154867,1261.15477273,1261.15477273,0.00000000,0.00000000,0.1239768308,0.1250000000,0,0,0.00000000
2024-03-14T12:30:00-04:00,1439.63632140,1443.34000000,178.48154867,1261.15477273,1261.15477273,0.00000000,0.00000000,0.1239768308,0.1250000000,0,0,0.00000000
2024-03-14T12:45:00-04:00,1439.63632140,1443.34000000,178.48154867,1261.15477273,1261.15477273,0.00000000,0.00000000,0.1239768308,0.1250000000,0,0,0.00000000
2024-03-14T13:00:00-04:00,1439.63632140,1443.34000000,178.48154867,1261.15477273,1261.15477273,0.00000000,0.00000000,0.1239768308,0.1250000000,0,0,0.00000000
2024-03-14T13:15:00-04:00,1439.63632140,1443.34000000,178.48154867,1261.15477273,1261.15477273,0.00000000,0.00000000,0.1239768308,0.1250000000,0,0,0.00000000
2024-03-14T13:30:00-04:00,1439.63632140,1443.34000000,178.48154867,1261.15477273,1261.15477273,0.00000000,0.00000000,0.1239768308,0.1250000000,0,0,0.00000000
2024-03-14T13:45:00-04:00,1439.63632140,1443.34000000,178.48154867,1261.15477273,1261.15477273,0.00000000,0.00000000,0.1239768308,0.1250000000,0,0,0.00000000
2024-03-14T14:00:00-04:00,1439.63632140,1443.34000000,178.48154867,1261.15477273,1261.15477273,0.00000000,0.00000000,0.1239768308,0.1250000000,0,0,0.00000000
2024-03-14T14:15:00-04:00,1439.63632140,1443.34000000,178.48154867,1261.15477273,1261.15477273,0.00000000,0.00000000,0.1239768308,0.1250000000,0,0,0.00000000
2024-03-14T14:30:00-04:00,1439.63632140,1443.34000000,178.48154867,1261.15477273,1261.15477273,0.00000000,0.00000000,0.1239768308,0.1250000000,0,0,0.00000000
2024-03-14T14:45:00-04:00,1439.63632140,1443.34000000,178.48154867,1261.15477273,1261.15477273,0.00000000,0.00000000,0.1239768308,0.1250000000,0,0,0.00000000
2024-03-14T15:00:00-04:00,1439.28397792,1443.34000000,178.12920519,1261.15477273,1261.15477273,0.00000000,0.00000000,0.1237623762,0.1250000000,0,0,0.00000000
2024-03-14T15:15:00-04:00,1439.28397792,1443.34000000,178.12920519,1261.15477273,1261.15477273,0.00000000,0.00000000,0.1237623762,0.1250000000,0,0,0.00000000
2024-03-14T15:30:00-04:00,1439.28397792,1443.34000000,178.12920519,1261.15477273,1261.15477273,0.00000000,0.00000000,0.1237623762,0.1250000000,0,0,0.00000000
2024-03-14T15:45:00-04:00,1439.28397792,1443.34000000,178.12920519,1261.15477273,1261.15477273,0.00000000,0.00000000,0.1237623762,0.1250000000,0,0,0.00000000
2024-03-15T09:30:00-04:00,1439.28397792,1443.34000000,178.12920519,1261.15477273,1261.15477273,0.00000000,0.00000000,0.1237623762,0.1250000000,0,0,0.00000000
2024-03-15T09:45:00-04:00,1439.28397792,1443.34000000,178.12920519,1261.15477273,1261.15477273,0.00000000,0.00000000,0.1237623762,0.1250000000,0,0,0.00000000
2024-03-15T10:00:00-04:00,1437.63970833,1443.34000000,176.48493560,1261.15477273,1261.15477273,0.00000000,0.00000000,0.1227601982,0.1250000000,0,0,0.00000000
2024-03-15T10:15:00-04:00,1437.63970833,1443.34000000,176.48493560,1261.15477273,1261.15477273,0.00000000,0.00000000,0.1227601982,0.1250000000,0,0,0.00000000
2024-03-15T10:30:00-04:00,1437.63970833,1443.34000000,176.48493560,1261.15477273,1261.15477273,0.00000000,0.00000000,0.1227601982,0.1250000000,0,0,0.00000000
2024-03-15T10:45:00-04:00,1437.63970833,1443.34000000,176.48493560,1261.15477273,1261.15477273,0.00000000,0.00000000,0.1227601982,0.1250000000,0,0,0.00000000
2024-03-15T11:00:00-04:00,1438.26609675,1443.34000000,177.11132402,1261.15477273,1261.15477273,0.00000000,0.00000000,0.1231422505,0.1250000000,0,0,0.00000000
2024-03-15T11:15:00-04:00,1438.26609675,1443.34000000,177.11132402,1261.15477273,1261.15477273,0.00000000,0.00000000,0.1231422505,0.1250000000,0,0,0.00000000
2024-03-15T11:30:00-04:00,1437.91375326,1443.34000000,176.75898053,1261.15477273,1261.15477273,0.00000000,0.00000000,0.1229273871,0.1250000000,0,0,0.00000000
2024-03-15T11:45:00-04:00,1437.91375326,1443.34000000,176.75898053,1261.15477273,1261.15477273,0.00000000,0.00000000,0.1229273871,0.1250000000,0,0,0.00000000
2024-03-15T12:00:00-04:00,1437.48311123,1443.34000000,176.32833850,1261.15477273,1261.15477273,0.00000000,0.00000000,0.1226646331,0.1250000000,0,0,0.00000000
2024-03-15T12:15:00-04:00,1437.48311123,1443.34000000,176.32833850,1261.15477273,1261.15477273,0.00000000,0.00000000,0.1226646331,0.1250000000,0,0,0.00000000
2024-03-15T12:30:00-04:00,1437.48311123,1443.34000000,176.32833850,1261.15477273,1261.15477273,0.00000000,0.00000000,0.1226646331,0.1250000000,0,0,0.00000000
2024-03-15T12:45:00-04:00,1437.40481268,1443.34000000,176.25003995,1261.15477273,1261.15477273,0.00000000,0.00000000,0.1226168428,0.1250000000,0,0,0.00000000
2024-03-15T13:00:00-04:00,1437.32651412,1443.34000000,176.17174139,1261.15477273,1261.15477273,0.00000000,0.00000000,0.1225690472,0.1250000000,0,0,0.00000000
2024-03-15T13:15:00-04:00,1437.32651412,1443.34000000,176.17174139,1261.15477273,1261.15477273,0.00000000,0.00000000,0.1225690472,0.1250000000,0,0,0.00000000
2024-03-15T13:30:00-04:00,1437.32651412,1443.34000000,176.17174139,1261.15477273,1261.15477273,0.00000000,0.00000000,0.1225690472,0.1250000000,0,0,0.00000000
2024-03-15T13:45:00-04:00,1437.32651412,1443.34000000,176.17174139,1261.15477273,1261.15477273,0.00000000,0.00000000,0.1225690472,0.1250000000,0,0,0.00000000
2024-03-15T14:00:00-04:00,1437.32651412,1443.34000000,176.17174139,1261.15477273,1261.15477273,0.00000000,0.00000000,0.1225690472,0.1250000000,0,0,0.00000000
2024-03-15T14:15:00-04:00,1437.32651412,1443.34000000,176.17174139,1261.15477273,1261.15477273,0.00000000,0.00000000,0.1225690472,0.1250000000,0,0,0.00000000
2024-03-15T14:30:00-04:00,1437.32651412,1443.34000000,176.17174139,1261.15477273,1261.15477273,0.00000000,0.00000000,0.1225690472,0.1250000000,0,0,0.00000000
2024-03-15T14:45:00-04:00,1437.32651412,1443.34000000,176.17174139,1261.15477273,1261.15477273,0.00000000,0.00000000,0.1225690472,0.1250000000,0,0,0.00000000
2024-03-15T15:00:00-04:00,1437.32651412,1443.34000000,176.17174139,1261.15477273,1261.15477273,0.00000000,0.00000000,0.1225690472,0.1250000000,0,0,0.00000000
2024-03-15T15:15:00-04:00,1437.32651412,1443.34000000,176.17174139,1261.15477273,1261.15477273,0.00000000,0.00000000,0.1225690472,0.1250000000,0,0,0.00000000
2024-03-15T15:30:00-04:00,1438.03120109,1443.34000000,176.87642836,1261.15477273,1261.15477273,0.00000000,0.00000000,0.1229990199,0.1250000000,0,0,0.00000000
2024-03-15T15:45:00-04:00,1437.91375326,1443.34000000,176.75898053,1261.15477273,1261.15477273,0.00000000,0.00000000,0.1229273871,0.1250000000,0,0,0.00000000
2024-03-18T09:30:00-04:00,1440.53675475,1443.34000000,179.38198202,1261.15477273,1261.15477273,0.00000000,0.00000000,0.1245244048,0.1250000000,0,0,0.00000000
2024-03-18T09:45:00-04:00,1440.84994895,1443.34000000,179.69517622,1261.15477273,1261.15477273,0.00000000,0.00000000,0.1247147049,0.1250000000,0,0,0.00000000
2024-03-18T10:00:00-04:00,1440.81079968,1443.34000000,179.65602695,1261.15477273,1261.15477273,0.00000000,0.00000000,0.1246909219,0.1250000000,0,0,0.00000000
2024-03-18T10:15:00-04:00,1440.92824750,1443.34000000,179.77347477,1261.15477273,1261.15477273,0.00000000,0.00000000,0.1247622670,0.1250000000,0,0,0.00000000
2024-03-18T10:30:00-04:00,1440.45845619,1443.34000000,179.30368346,1261.15477273,1261.15477273,0.00000000,0.00000000,0.1244768169,0.1250000000,0,0,0.00000000
2024-03-18T10:45:00-04:00,1440.45845619,1443.34000000,179.30368346,1261.15477273,1261.15477273,0.00000000,0.00000000,0.1244768169,0.1250000000,0,0,0.00000000
2024-03-18T11:00:00-04:00,1440.45845619,1443.34000000,179.30368346,1261.15477273,1261.15477273,0.00000000,0.00000000,0.1244768169,0.1250000000,0,0,0.00000000
2024-03-18T11:15:00-04:00,1440.30185909,1443.34000000,179.14708636,1261.15477273,1261.15477273,0.00000000,0.00000000,0.1243816254,0.1250000000,0,0,0.00000000
2024-03-18T11:30:00-04:00,1440.30185909,1443.34000000,179.14708636,1261.15477273,1261.15477273,0.00000000,0.00000000,0.1243816254,0.1250000000,0,0,0.00000000
2024-03-18T11:45:00-04:00,1440.39973228,1443.34000000,179.24495955,1261.15477273,1261.15477273,0.00000000,0.00000000,0.1244411225,0.1250000000,0,0,0.00000000
2024-03-18T12:00:00-04:00,1440.26270981,1443.34000000,179.10793708,1261.15477273,1261.15477273,0.00000000,0.00000000,0.1243578243,0.1250000000,0,0,0.00000000
2024-03-18T12:15:00-04:00,1440.26270981,1443.34000000,179.10793708,1261.15477273,1261.15477273,0.00000000,0.00000000,0.1243578243,0.1250000000,0,0,0.00000000
2024-03-18T12:30:00-04:00,1440.18284529,1443.34000000,179.02807256,1261.15477273,1261.15477273,0.00000000,0.00000000,0.1243092661,0.1250000000,0,0,0.00000000
2024-03-18T12:45:00-04:00,1440.18284529,1443.34000000,179.02807256,1261.15477273,1261.15477273,0.00000000,0.00000000,0.1243092661,0.1250000000,0,0,0.00000000
2024-03-18T13:00:00-04:00,1439.63201498,1443.34000000,178.47724225,1261.15477273,1261.15477273,0.00000000,0.00000000,0.1239742103,0.1250000000,0,0,0.00000000
2024-03-18T13:15:00-04:00,1439.63201498,1443.34000000,178.47724225,1261.15477273,1261.15477273,0.00000000,0.00000000,0.1239742103,0.1250000000,0,0,0.00000000
2024-03-18T13:30:00-04:00,1439.63201498,1443.34000000,178.47724225,1261.15477273,1261.15477273,0.00000000,0.00000000,0.1239742103,0.1250000000,0,0,0.00000000
2024-03-18T13:45:00-04:00,1439.63201498,1443.34000000,178.47724225,1261.15477273,1261.15477273,0.00000000,0.00000000,0.1239742103,0.1250000000,0,0,0.00000000
2024-03-18T14:00:00-04:00,1439.63201498,1443.34000000,178.47724225,1261.15477273,1261.15477273,0.00000000,0.00000000,0.1239742103,0.1250000000,0,0,0.00000000
2024-03-18T14:15:00-04:00,1439.63201498,1443.34000000,178.47724225,1261.15477273,1261.15477273,0.00000000,0.00000000,0.1239742103,0.1250000000,0,0,0.00000000
2024-03-18T14:30:00-04:00,1440.06696344,1443.34000000,178.91219071,1261.15477273,1261.15477273,0.00000000,0.00000000,0.1242387995,0.1250000000,0,0,0.00000000
2024-03-18T14:45:00-04:00,1440.25409697,1443.34000000,179.09932424,1261.15477273,1261.15477273,0.00000000,0.00000000,0.1243525879,0.1250000000,0,0,0.00000000
2024-03-18T15:00:00-04:00,1440.53675475,1443.34000000,179.38198202,1261.15477273,1261.15477273,0.00000000,0.00000000,0.1245244048,0.1250000000,0,1,0.00000000
2024-03-18T15:15:00-04:00,1438.53237619,1443.34000000,179.30368346,1259.22869273,399.06869273,860.16000000,0.00000000,0.1246434814,0.1250000000,1,0,10.89914829
2024-03-18T15:30:00-04:00,1439.42088344,1443.34000000,178.91219071,1260.50869273,399.06869273,861.44000000,0.00000000,0.1242945637,0.1250000000,1,0,10.89914829
2024-03-18T15:45:00-04:00,1442.09833126,1443.34000000,179.02963853,1263.06869273,399.06869273,864.00000000,0.00000000,0.1241452366,0.1250000000,1,0,10.89914829
2024-03-19T09:30:00-04:00,1460.39789792,1443.34000000,178.12920519,1282.26869273,399.06869273,883.20000000,0.00000000,0.1219730633,0.1250000000,1,1,0.00000000
2024-03-19T09:45:00-04:00,1460.39958372,1443.34000000,178.12920519,1282.27037853,888.50778703,386.64000000,7.12259150,0.1225707185,0.1250000000,1,0,5.20088434
2024-03-19T10:00:00-04:00,1462.01958372,1443.34000000,178.12920519,1283.89037853,888.50778703,388.26000000,7.12259150,0.1224342384,0.1250000000,1,0,5.20088434
2024-03-19T10:15:00-04:00,1459.72458372,1443.34000000,178.12920519,1281.59537853,888.50778703,385.96500000,7.12259150,0.1226276751,0.1250000000,1,0,5.20088434
2024-03-19T10:30:00-04:00,1459.31958372,1443.34000000,178.12920519,1281.19037853,888.50778703,385.56000000,7.12259150,0.1226618745,0.1250000000,1,0,5.20088434
2024-03-19T10:45:00-04:00,1458.42724024,1443.34000000,177.77686171,1280.65037853,888.50778703,385.02000000,7.12259150,0.1224945168,0.1250000000,1,0,5.20088434
2024-03-19T11:00:00-04:00,1456.96383734,1443.34000000,177.93345881,1279.03037853,888.50778703,383.40000000,7.12259150,0.1227261670,0.1250000000,1,0,5.20088434
2024-03-19T11:15:00-04:00,1458.58383734,1443.34000000,177.93345881,1280.65037853,888.50778703,385.02000000,7.12259150,0.1225891903,0.1250000000,1,0,5.20088434
2024-03-19T11:30:00-04:00,1458.93213589,1443.34000000,178.01175736,1280.92037853,888.50778703,385.29000000,7.12259150,0.1226137120,0.1250000000,1,0,5.20088434
2024-03-19T11:45:00-04:00,1458.27083814,1443.34000000,178.02545961,1280.24537853,888.50778703,384.61500000,7.12259150,0.1226790302,0.1250000000,1,0,5.20088434
2024-03-19T12:00:00-04:00,1456.26723589,1443.34000000,178.01175736,1278.25547853,888.50778703,382.62510000,7.12259150,0.1228391921,0.1250000000,1,0,5.20088434
2024-03-19T12:15:00-04:00,1458.12213589,1443.34000000,178.01175736,1280.11037853,888.50778703,384.48000000,7.12259150,0.1226821594,0.1250000000,1,0,5.20088434
2024-03-19T12:30:00-04:00,1458.50919223,1443.34000000,178.12881370,1280.38037853,888.50778703,384.75000000,7.12259150,0.1227300938,0.1250000000,1,0,5.20088434
2024-03-19T12:45:00-04:00,1460.22001706,1443.34000000,179.02963853,1281.19037853,888.50778703,385.56000000,7.12259150,0.1232055301,0.1250000000,1,0,5.20088434
2024-03-19T13:00:00-04:00,1459.66840377,1443.34000000,178.47802524,1281.19037853,888.50778703,385.56000000,7.12259150,0.1228725619,0.1250000000,1,0,5.20088434
2024-03-19T13:15:00-04:00,1459.73965545,1443.34000000,178.54927692,1281.19037853,888.50778703,385.56000000,7.12259150,0.1229155855,0.1250000000,1,0,5.20088434
2024-03-19T13:30:00-04:00,1460.95465545,1443.34000000,178.54927692,1282.40537853,888.50778703,386.77500000,7.12259150,0.1228128622,0.1250000000,1,0,5.20088434
2024-03-19T13:45:00-04:00,1460.81965545,1443.34000000,178.54927692,1282.27037853,888.50778703,386.64000000,7.12259150,0.1228242674,0.1250000000,1,0,5.20088434
2024-03-19T14:00:00-04:00,1461.89965545,1443.34000000,178.54927692,1283.35037853,888.50778703,387.72000000,7.12259150,0.1227330849,0.1250000000,1,0,5.20088434
2024-03-19T14:15:00-04:00,1461.91427068,1443.34000000,178.83389215,1283.08037853,888.50778703,387.45000000,7.12259150,0.1229274918,0.1250000000,1,0,5.20088434
2024-03-19T14:30:00-04:00,1462.53256924,1443.34000000,178.91219071,1283.62037853,888.50778703,387.99000000,7.12259150,0.1229290670,0.1250000000,1,0,5.20088434
2024-03-19T14:45:00-04:00,1461.99256924,1443.34000000,178.91219071,1283.08037853,888.50778703,387.45000000,7.12259150,0.1229746943,0.1250000000,1,0,5.20088434
2024-03-19T15:00:00-04:00,1462.53256924,1443.34000000,178.91219071,1283.62037853,888.50778703,387.99000000,7.12259150,0.1229290670,0.1250000000,1,0,5.20088434
2024-03-19T15:15:00-04:00,1462.53256924,1443.34000000,178.91219071,1283.62037853,888.50778703,387.99000000,7.12259150,0.1229290670,0.1250000000,1,0,5.20088434
2024-03-19T15:30:00-04:00,1459.02256924,1443.34000000,178.91219071,1280.11037853,888.50778703,384.48000000,7.12259150,0.1232262507,0.1250000000,1,0,5.20088434
2024-03-19T15:45:00-04:00,1457.13256924,1443.34000000,178.91219071,1278.22037853,888.50778703,382.59000000,7.12259150,0.1233868687,0.1250000000,1,0,5.20088434
2024-03-20T09:30:00-04:00,1456.07604852,1443.34000000,179.49159999,1276.58444853,1271.57296881,0.00000000,5.01147972,0.1236964942,0.1250000000,0,0,0.00000000
2024-03-20T09:45:00-04:00,1455.64971290,1443.34000000,179.06526437,1276.58444853,1271.57296881,0.00000000,5.01147972,0.1234389528,0.1250000000,0,0,0.00000000
2024-03-20T10:00:00-04:00,1455.64971290,1443.34000000,179.06526437,1276.58444853,1271.57296881,0.00000000,5.01147972,0.1234389528,0.1250000000,0,0,0.00000000
2024-03-20T10:15:00-04:00,1455.64971290,1443.34000000,179.06526437,1276.58444853,1271.57296881,0.00000000,5.01147972,0.1234389528,0.1250000000,0,1,0.00000000
2024-03-20T10:30:00-04:00,1464.53267822,1443.34000000,179.10793708,1285.42474113,398.77566141,881.63760000,5.01147972,0.1227169138,0.1250000000,1,0,21.92435180
2024-03-20T10:45:00-04:00,1461.20884197,1443.34000000,178.36410084,1282.84474113,398.77566141,879.05760000,5.01147972,0.1224862134,0.1250000000,1,0,21.92435180
2024-03-20T11:00:00-04:00,1467.29764197,1443.34000000,178.36410084,1288.93354113,398.77566141,885.14640000,5.01147972,0.1219761942,0.1250000000,1,0,21.92435180
2024-03-20T11:15:00-04:00,1472.09836808,1443.34000000,179.65602695,1292.44234113,398.77566141,888.65520000,5.01147972,0.1224576597,0.1250000000,1,0,21.92435180
2024-03-20T11:30:00-04:00,1463.42956808,1443.34000000,179.65602695,1283.77354113,398.77566141,879.98640000,5.01147972,0.1231855449,0.1250000000,1,0,21.92435180
2024-03-20T11:45:00-04:00,1465.18396808,1443.34000000,179.65602695,1285.52794113,398.77566141,881.74080000,5.01147972,0.1230375373,0.1250000000,1,0,21.92435180
2024-03-20T12:00:00-04:00,1466.54687532,1443.34000000,179.26453419,1287.28234113,398.77566141,883.49520000,5.01147972,0.1226549386,0.1250000000,1,0,21.92435180
2024-03-20T12:15:00-04:00,1475.11247532,1443.34000000,179.26453419,1295.84794113,398.77566141,892.06080000,5.01147972,0.1219402849,0.1250000000,1,0,21.92435180
2024-03-20T12:30:00-04:00,1471.81007532,1443.34000000,179.26453419,1292.54554113,398.77566141,888.75840000,5.01147972,0.1222148254,0.1250000000,1,0,21.92435180
2024-03-20T12:45:00-04:00,1478.31167532,1443.34000000,179.26453419,1299.04714113,398.77566141,895.26000000,5.01147972,0.1216754974,0.1250000000,1,0,21.92435180
2024-03-20T13:00:00-04:00,1475.62847532,1443.34000000,179.26453419,1296.36394113,398.77566141,892.57680000,5.01147972,0.1218974993,0.1250000000,1,1,21.92435180
2024-03-20T13:15:00-04:00,1480.10264832,1443.34000000,179.26453419,1300.83811413,2.44263441,1293.38400000,5.01147972,0.1215277659,0.1250000000,2,0,27.81844242
2024-03-20T13:30:00-04:00,1467.76904832,1443.34000000,179.26453419,1288.50451413,2.44263441,1281.05040000,5.01147972,0.1225524571,0.1250000000,2,0,27.81844242
2024-03-20T13:45:00-04:00,1475.71064832,1443.34000000,179.26453419,1296.44611413,2.44263441,1288.99200000,5.01147972,0.1218906885,0.1250000000,2,0,27.81844242
2024-03-20T14:00:00-04:00,1486.86584832,1443.34000000,179.26453419,1307.60131413,2.44263441,1300.14720000,5.01147972,0.1209731118,0.1250000000,2,3,5.89409063
2024-03-20T14:15:00-04:00,1484.79524832,1443.34000000,179.26453419,1305.53071413,2.44263441,1298.07660000,5.01147972,0.1211423844,0.1250000000,2,0,5.89409063
2024-03-20T14:30:00-04:00,1492.13204832,1443.34000000,179.26453419,1312.86751413,2.44263441,1305.41340000,5.01147972,0.1205447211,0.1250000000,2,0,0.00000000
2024-03-20T14:45:00-04:00,1502.77784832,1443.34000000,179.26453419,1323.51331413,2.44263441,1316.05920000,5.01147972,0.1196879152,0.1250000000,2,1,0.00000000
2024-03-20T15:00:00-04:00,1502.55464832,1443.34000000,179.26453419,1323.29011413,2.44263441,1315.83600000,5.01147972,0.1197057540,0.1250000000,2,2,0.00000000
2024-03-20T15:15:00-04:00,1506.29097442,1443.34000000,180.55646029,1325.73451413,2.44263441,1318.28040000,5.01147972,0.1202683850,0.1250000000,2,1,0.00000000
2024-03-20T15:30:00-04:00,1506.53441123,1443.34000000,179.53897061,1326.99544062,902.43150983,403.58280000,20.98113078,0.1208566350,0.1250000000,1,0,0.00000000
2024-03-20T15:45:00-04:00,1507.76399656,1443.34000000,180.79135595,1326.97264062,902.43150983,403.56000000,20.98113078,0.1215990311,0.1250000000,1,0,0.00000000
2024-03-21T09:30:00-04:00,1513.66142603,1443.34000000,182.43366807,1331.22775796,1305.99825375,0.00000000,25.22950421,0.1225676938,0.1250000000,0,4,0.00000000
2024-03-21T09:45:00-04:00,1514.15695632,1443.34000000,182.55307336,1331.60388296,0.51987875,1305.85450000,25.22950421,0.1226070975,0.1250000000,3,0,20.32085859
2024-03-21T10:00:00-04:00,1509.61365632,1443.34000000,182.55307336,1327.06058296,0.51987875,1301.31120000,25.22950421,0.1229823648,0.1250000000,3,0,20.32085859
2024-03-21T10:15:00-04:00,1509.61225988,1443.34000000,181.98227692,1327.62998296,0.51987875,1301.88060000,25.22950421,0.1225979460,0.1250000000,3,0,20.32085859
2024-03-21T10:30:00-04:00,1502.01625988,1443.34000000,181.98227692,1320.03398296,0.51987875,1294.28460000,25.22950421,0.1232285408,0.1250000000,3,0,20.32085859
2024-03-21T10:45:00-04:00,1497.66725988,1443.34000000,181.98227692,1315.68498296,0.51987875,1289.93560000,25.22950421,0.1235925092,0.1250000000,3,0,20.32085859
2024-03-21T11:00:00-04:00,1496.15799420,1443.34000000,181.98227692,1314.17571728,396.53774777,895.48760000,22.15036951,0.1234608789,0.1250000000,2,0,12.29379815
2024-03-21T11:15:00-04:00,1495.10219420,1443.34000000,181.98227692,1313.11991728,396.53774777,894.43180000,22.15036951,0.1235493747,0.1250000000,2,1,12.29379815
2024-03-21T11:30:00-04:00,1497.62990670,1443.34000000,181.98227692,1315.64762978,0.39086027,1293.10640000,22.15036951,0.1233377165,0.1250000000,3,1,33.04725755
2024-03-21T11:45:00-04:00,1495.44144491,1443.34000000,181.98227692,1313.45916799,895.71737357,400.37240000,17.36939442,0.1231213843,0.1250000000,2,0,20.79411372
2024-03-21T12:00:00-04:00,1491.66704491,1443.34000000,181.98227692,1309.68476799,895.71737357,396.59800000,17.36939442,0.1234365916,0.1250000000,2,0,20.79411372
2024-03-21T12:15:00-04:00,1499.20474491,1443.34000000,181.98227692,1317.22246799,895.71737357,404.13570000,17.36939442,0.1228087026,0.1250000000,2,0,20.79411372
2024-03-21T12:30:00-04:00,1493.54534491,1443.34000000,181.98227692,1311.56306799,895.71737357,398.47630000,17.36939442,0.1232795297,0.1250000000,2,1,20.79411372
2024-03-21T12:45:00-04:00,1493.78283510,1443.34000000,182.55307336,1311.22976174,4.37436732,1289.48600000,17.36939442,0.1236463096,0.1250000000,3,0,37.21548240
2024-03-21T13:00:00-04:00,1498.54283510,1443.34000000,182.55307336,1315.98976174,4.37436732,1294.24600000,17.36939442,0.1232489514,0.1250000000,3,0,37.21548240
2024-03-21T13:15:00-04:00,1499.91683075,1443.34000000,182.78796902,1317.12886174,4.37436732,1295.38510000,17.36939442,0.1232931672,0.1250000000,3,0,37.21548240
2024-03-21T13:30:00-04:00,1485.72793075,1443.34000000,182.78796902,1302.93996174,4.37436732,1281.19620000,17.36939442,0.1244845618,0.1250000000,3,0,37.21548240
2024-03-21T13:45:00-04:00,1486.03813075,1443.34000000,182.78796902,1303.25016174,4.37436732,1281.50640000,17.36939442,0.1244582692,0.1250000000,3,0,37.21548240
2024-03-21T14:00:00-04:00,1478.34992807,1443.34000000,181.74346634,1296.60646174,4.37436732,1274.86270000,17.36939442,0.1243982806,0.1250000000,3,1,37.21548240
2024-03-21T14:15:00-04:00,1489.36647097,1443.34000000,181.74346634,1307.62300464,0.82891022,1289.42470000,17.36939442,0.1234672740,0.1250000000,4,0,37.30189519
2024-03-21T14:30:00-04:00,1488.18707097,1443.34000000,181.74346634,1306.44360464,0.82891022,1288.24530000,17.36939442,0.1235662783,0.1250000000,4,0,37.30189519
2024-03-21T14:45:00-04:00,1493.13347097,1443.34000000,181.74346634,1311.39000464,0.82891022,1293.19170000,17.36939442,0.1231521144,0.1250000000,4,0,37.30189519
2024-03-21T15:00:00-04:00,1495.11494900,1443.34000000,181.41774436,1313.69720464,0.82891022,1295.49890000,17.36939442,0.1227665641,0.1250000000,4,0,37.30189519
2024-03-21T15:15:00-04:00,1496.49765300,1443.34000000,181.63384836,1314.86380464,0.82891022,1296.66550000,17.36939442,0.1227979030,0.1250000000,4,0,37.30189519
2024-03-21T15:30:00-04:00,1494.45304465,1443.34000000,181.65264002,1312.80040464,0.82891022,1294.60210000,17.36939442,0.1229806044,0.1250000000,4,0,37.30189519
2024-03-21T15:45:00-04:00,1486.14476055,1443.34000000,181.52305591,1304.62170464,0.82891022,1286.42340000,17.36939442,0.1235880313,0.1250000000,4,0,37.30189519
2024-03-22T09:30:00-04:00,1481.86195720,1443.34000000,181.52305591,1300.33890129,5.03016336,1277.99500000,17.31373793,0.1239447452,0.1250000000,2,1,37.17482808
2024-03-22T09:45:00-04:00,1483.21995720,1443.34000000,181.52305591,1301.69690129,5.03016336,1279.35300000,17.31373793,0.1238299241,0.1250000000,2,1,37.17482808
2024-03-22T10:00:00-04:00,1491.21504855,1443.34000000,181.26114726,1309.95390129,5.03016336,1287.61000000,17.31373793,0.1229805184,0.1250000000,2,1,37.17482808
2024-03-22T10:15:00-04:00,1476.10504855,1443.34000000,181.26114726,1294.84390129,5.03016336,1272.50000000,17.31373793,0.1242543371,0.1250000000,2,0,37.17482808
2024-03-22T10:30:00-04:00,1472.51203315,1443.34000000,180.95813186,1291.55390129,5.03016336,1269.21000000,17.31373793,0.1243529026,0.1250000000,2,0,37.17482808
2024-03-22T10:45:00-04:00,1466.44203315,1443.34000000,180.95813186,1285.48390129,5.03016336,1263.14000000,17.31373793,0.1248737827,0.1250000000,2,0,37.17482808
2024-03-22T11:00:00-04:00,1466.93739203,1443.34000000,181.61349074,1285.32390129,5.03016336,1262.98000000,17.31373793,0.1252832004,0.1250000000,2,0,37.17482808
2024-03-22T11:15:00-04:00,1469.87504855,1443.34000000,181.26114726,1288.61390129,5.03016336,1266.27000000,17.31373793,0.1247872609,0.1250000000,2,0,37.17482808
2024-03-22T11:30:00-04:00,1470.07471356,1443.34000000,181.15231227,1288.92240129,5.03016336,1266.57850000,17.31373793,0.1246951944,0.1250000000,2,0,37.17482808
2024-03-22T11:45:00-04:00,1477.15569058,1443.34000000,181.69178929,1295.46390129,5.03016336,1273.12000000,17.31373793,0.1244599040,0.1250000000,2,0,37.17482808
2024-03-22T12:00:00-04:00,1475.88579493,1443.34000000,181.45689364,1294.42890129,5.03016336,1272.08500000,17.31373793,0.1244072192,0.1250000000,2,0,37.17482808
2024-03-22T12:15:00-04:00,1477.07494420,1443.34000000,181.49604291,1295.57890129,5.03016336,1273.23500000,17.31373793,0.1243326937,0.1250000000,2,0,37.17482808
2024-03-22T12:30:00-04:00,1475.76494420,1443.34000000,181.49604291,1294.26890129,5.03016336,1271.92500000,17.31373793,0.1244443709,0.1250000000,2,0,37.17482808
2024-03-22T12:45:00-04:00,1480.32354131,1443.34000000,181.65264002,1298.67090129,5.03016336,1276.32700000,17.31373793,0.1241636519,0.1250000000,2,0,37.17482808
2024-03-22T13:00:00-04:00,1482.72599940,1443.34000000,181.97209811,1300.75390129,5.03016336,1278.41000000,17.31373793,0.1241780916,0.1250000000,2,0,37.17482808
2024-03-22T13:15:00-04:00,1473.46099940,1443.34000000,181.97209811,1291.48890129,5.03016336,1269.14500000,17.31373793,0.1249681972,0.1250000000,2,0,37.17482808
2024-03-22T13:30:00-04:00,1477.23099940,1443.34000000,181.97209811,1295.25890129,5.03016336,1272.91500000,17.31373793,0.1246454870,0.1250000000,2,0,37.17482808
2024-03-22T13:45:00-04:00,1471.57599940,1443.34000000,181.97209811,1289.60390129,5.03016336,1267.26000000,17.31373793,0.1251301797,0.1250000000,2,0,37.17482808
2024-03-22T14:00:00-04:00,1472.31099940,1443.34000000,181.97209811,1290.33890129,5.03016336,1267.99500000,17.31373793,0.1250669695,0.1250000000,2,0,37.17482808
2024-03-22T14:15:00-04:00,1471.00099940,1443.34000000,181.97209811,1289.02890129,5.03016336,1266.68500000,17.31373793,0.1251796744,0.1250000000,2,1,37.17482808
2024-03-22T14:30:00-04:00,1471.57599940,1443.34000000,181.97209811,1289.60390129,5.03016336,1267.26000000,17.31373793,0.1251301797,0.1250000000,2,0,37.17482808
2024-03-22T14:45:00-04:00,1475.50599940,1443.34000000,181.97209811,1293.53390129,5.03016336,1271.19000000,17.31373793,0.1247929391,0.1250000000,2,0,37.17482808
2024-03-22T15:00:00-04:00,1473.03973551,1443.34000000,181.96583422,1291.07390129,5.03016336,1268.73000000,17.31373793,0.1250000581,0.1250000000,2,0,37.17482808
2024-03-22T15:15:00-04:00,1467.17054131,1443.34000000,181.65264002,1285.51790129,5.03016336,1263.17400000,17.31373793,0.1252900560,0.1250000000,2,1,37.17482808
2024-03-22T15:30:00-04:00,1464.29396951,1443.34000000,181.65264002,1282.64132949,0.27814880,1273.46500000,8.89818069,0.1248132236,0.1250000000,2,0,21.04105099
2024-03-22T15:45:00-04:00,1464.94896951,1443.34000000,181.65264002,1283.29632949,0.27814880,1274.12000000,8.89818069,0.1247570768,0.1250000000,2,0,21.04105099
2024-03-25T09:30:00-04:00,1489.73958224,1443.34000000,180.57603493,1309.16354731,392.48163873,904.47500000,12.20690858,0.1222145799,0.1250000000,1,4,0.00000000
2024-03-25T09:45:00-04:00,1482.93940837,1443.34000000,181.02625160,1301.91315677,897.05453593,389.32900000,15.52962085,0.1233644842,0.1250000000,3,1,5.31613329
2024-03-25T10:00:00-04:00,1482.18334186,1443.34000000,181.37859508,1300.80474677,26.52212593,1258.75300000,15.52962085,0.1236683155,0.1250000000,4,0,21.78838661
2024-03-25T10:15:00-04:00,1483.55829403,1443.34000000,181.26114726,1302.29714677,26.52212593,1260.24540000,15.52962085,0.1234724843,0.1250000000,4,0,21.78838661
2024-03-25T10:30:00-04:00,1484.25128135,1443.34000000,181.27093458,1302.98034677,26.52212593,1260.92860000,15.52962085,0.1234208901,0.1250000000,4,0,21.78838661
2024-03-25T10:45:00-04:00,1482.69143698,1443.34000000,181.30029653,1301.39114045,373.74241494,913.90580000,13.74292551,0.1234218185,0.1250000000,3,0,17.21874994
2024-03-25T11:00:00-04:00,1479.91994149,1443.34000000,181.08380104,1298.83614045,373.74241494,911.35080000,13.74292551,0.1235074613,0.1250000000,3,0,17.21874994
2024-03-25T11:15:00-04:00,1472.99142944,1443.34000000,181.41108898,1291.58034045,373.74241494,904.09500000,13.74292551,0.1243181600,0.1250000000,3,0,17.21874994
2024-03-25T11:30:00-04:00,1472.79883988,1443.34000000,181.14369943,1291.65514045,373.74241494,904.16980000,13.74292551,0.1241513075,0.1250000000,3,0,17.21874994
2024-03-25T11:45:00-04:00,1475.09615239,1443.34000000,181.35941194,1293.73674045,373.74241494,906.25140000,13.74292551,0.1241037475,0.1250000000,3,0,17.21874994
2024-03-25T12:00:00-04:00,1472.39114133,1443.34000000,181.06540088,1291.32574045,373.74241494,903.84040000,13.74292551,0.1241323294,0.1250000000,3,0,17.21874994
2024-03-25T12:15:00-04:00,1478.26338626,1443.34000000,181.33944581,1296.92394045,373.74241494,909.43860000,13.74292551,0.1238217223,0.1250000000,3,1,17.21874994
2024-03-25T12:30:00-04:00,1463.87001375,1443.34000000,181.25879830,1282.61121545,5.56648994,1263.30180000,13.74292551,0.1249951123,0.1250000000,4,0,49.44994167
2024-03-25T12:45:00-04:00,1472.45620509,1443.34000000,181.24078963,1291.21541545,5.56648994,1271.90600000,13.74292551,0.1242470280,0.1250000000,4,1,49.44994167
2024-03-25T13:00:00-04:00,1463.61666977,1443.34000000,181.33905432,1282.27761545,5.56648994,1262.96820000,13.74292551,0.1250723072,0.1250000000,4,0,49.44994167
2024-03-25T13:15:00-04:00,1474.12070574,1443.34000000,181.07049028,1293.05021545,5.56648994,1273.74080000,13.74292551,0.1239888012,0.1250000000,4,0,49.32779593
2024-03-25T13:30:00-04:00,1473.53359113,1443.34000000,181.10337568,1292.43021545,5.56648994,1273.12080000,13.74292551,0.1240611959,0.1250000000,4,0,49.32779593
2024-03-25T13:45:00-04:00,1464.59919113,1443.34000000,181.10337568,1283.49581545,5.56648994,1264.18640000,13.74292551,0.1248251670,0.1250000000,4,1,49.32779593
2024-03-25T14:00:00-04:00,1482.47231054,1443.34000000,181.37859508,1301.09371545,5.56648994,1281.78430000,13.74292551,0.1234935427,0.1250000000,4,2,49.32779593
2024-03-25T14:15:00-04:00,1471.24835981,1443.34000000,181.41774436,1289.83061545,5.56648994,1270.52120000,13.74292551,0.1244714017,0.1250000000,4,0,49.32779593
2024-03-25T14:30:00-04:00,1462.25791760,1443.34000000,181.45650214,1280.80141545,5.56648994,1261.49200000,13.74292551,0.1252707104,0.1250000000,4,0,49.32779593
2024-03-25T14:45:00-04:00,1463.53475692,1443.34000000,181.57434146,1281.96041545,5.56648994,1262.65100000,13.74292551,0.1252416640,0.1250000000,4,0,49.32779593
2024-03-25T15:00:00-04:00,1452.11573453,1443.34000000,181.41774436,1270.69799017,353.27803027,915.69580000,1.72415990,0.1250819072,0.1250000000,3,0,17.09660420
2024-03-25T15:15:00-04:00,1454.45373743,1443.34000000,181.26114726,1273.19259017,353.27803027,918.19040000,1.72415990,0.1247728070,0.1250000000,3,0,17.09660420
2024-03-25T15:30:00-04:00,1454.24408066,1443.34000000,181.49604291,1272.74803775,356.32338830,914.67000000,1.75464945,0.1249551556,0.1250000000,2,1,17.09660420
2024-03-25T15:45:00-04:00,1452.81356106,1443.34000000,181.33944581,1271.47411525,10.83446580,1258.88500000,1.75464945,0.1249704229,0.1250000000,3,0,26.48029186
2024-03-26T09:30:00-04:00,1466.65147699,1443.34000000,180.47816174,1286.17331525,10.83446580,1273.58420000,1.75464945,0.1232019609,0.1250000000,3,3,17.09660420
2024-03-26T09:45:00-04:00,1468.73981343,1443.34000000,180.39986319,1288.33995025,9.87179492,1276.65000000,1.81815532,0.1229785259,0.1250000000,4,0,25.43252629
2024-03-26T10:00:00-04:00,1469.19026993,1443.34000000,180.53531968,1288.65495025,9.87179492,1276.96500000,1.81815532,0.1230330861,0.1250000000,4,2,22.59725079
2024-03-26T10:15:00-04:00,1465.76209721,1443.34000000,180.28241536,1285.47968185,0.17332652,1283.48820000,1.81815532,0.1231484418,0.1250000000,5,0,6.52925104
2024-03-26T10:30:00-04:00,1465.65903686,1443.34000000,180.19315501,1285.46588185,0.17332652,1283.47440000,1.81815532,0.1230961352,0.1250000000,5,0,6.52925104
2024-03-26T10:45:00-04:00,1466.64459576,1443.34000000,180.36071391,1286.28388185,0.17332652,1284.29240000,1.81815532,0.1231277023,0.1250000000,5,1,6.52925104
2024-03-26T11:00:00-04:00,1468.70054809,1443.34000000,180.26166624,1288.43888185,0.17332652,1286.44740000,1.81815532,0.1228876065,0.1250000000,5,0,6.52925104
2024-03-26T11:15:00-04:00,1465.88589721,1443.34000000,180.28241536,1285.60348185,0.17332652,1283.61200000,1.81815532,0.1231380285,0.1250000000,5,1,6.52925104
2024-03-26T11:30:00-04:00,1464.54318677,1443.34000000,180.30590493,1284.23728185,0.17332652,1282.24580000,1.81815532,0.1232671220,0.1250000000,5,0,6.52925104
2024-03-26T11:45:00-04:00,1468.99142612,1443.34000000,180.30590493,1288.68552119,108.17202831,1176.62780000,3.88569288,0.1230668209,0.1250000000,4,0,6.52925104
2024-03-26T12:00:00-04:00,1471.33075294,1443.34000000,180.49773638,1290.83301656,146.93223041,1140.25680000,3.64398615,0.1229811023,0.1250000000,3,1,5.90490016
2024-03-26T12:15:00-04:00,1470.83011152,1443.34000000,180.43901246,1290.39109906,33.35711291,1253.39000000,3.64398615,0.1229830417,0.1250000000,4,0,8.38984061
2024-03-26T12:30:00-04:00,1466.04391152,1443.34000000,180.43901246,1285.60489906,33.35711291,1248.60380000,3.64398615,0.1233855455,0.1250000000,4,0,8.38984061
2024-03-26T12:45:00-04:00,1465.15182132,1443.34000000,180.34192226,1284.80989906,33.35711291,1247.80880000,3.64398615,0.1233944273,0.1250000000,4,0,8.38984061
2024-03-26T13:00:00-04:00,1470.81452132,1443.34000000,180.34192226,1290.47259906,33.35711291,1253.47150000,3.64398615,0.1229181734,0.1250000000,4,0,7.98558704
2024-03-26T13:15:00-04:00,1472.29942132,1443.34000000,180.34192226,1291.95749906,33.35711291,1254.95640000,3.64398615,0.1227938957,0.1250000000,4,0,7.98558704
2024-03-26T13:30:00-04:00,1471.62362132,1443.34000000,180.34192226,1291.28169906,33.35711291,1254.28060000,3.64398615,0.1228504251,0.1250000000,4,0,7.98558704
2024-03-26T13:45:00-04:00,1470.54359051,1443.34000000,180.22369145,1290.31989906,33.35711291,1253.31880000,3.64398615,0.1228602768,0.1250000000,4,0,7.98558704
2024-03-26T14:00:00-04:00,1473.10690827,1443.34000000,180.36071391,1292.74619436,43.55997626,1245.24600000,3.94021810,0.1227639553,0.1250000000,3,0,7.98558704
2024-03-26T14:15:00-04:00,1475.00980682,1443.34000000,180.43901246,1294.57079436,43.55997626,1247.07060000,3.94021810,0.1226583799,0.1250000000,3,0,7.98558704
2024-03-26T14:30:00-04:00,1475.01690827,1443.34000000,180.36071391,1294.65619436,43.55997626,1247.15600000,3.94021810,0.1226045624,0.1250000000,3,0,7.98558704
2024-03-26T14:45:00-04:00,1474.42920682,1443.34000000,180.43901246,1293.99019436,43.55997626,1246.49000000,3.94021810,0.1227068097,0.1250000000,3,0,7.98558704
2024-03-26T15:00:00-04:00,1468.20286334,1443.34000000,180.08666898,1288.11619436,43.55997626,1240.61600000,3.94021810,0.1229879555,0.1250000000,3,0,7.98558704
2024-03-26T15:15:00-04:00,1462.80436715,1443.34000000,179.69556772,1283.10879943,922.46898915,351.78000000,8.85981028,0.1235917607,0.1250000000,2,0,7.98558704
2024-03-26T15:30:00-04:00,1462.13782638,1443.34000000,179.65602695,1282.48179943,922.46898915,351.15300000,8.85981028,0.1236212376,0.1250000000,2,0,7.98558704
2024-03-26T15:45:00-04:00,1460.23993072,1443.34000000,179.42113129,1280.81879943,922.46898915,349.49000000,8.85981028,0.1236210478,0.1250000000,2,1,7.98558704
2024-03-27T09:30:00-04:00,1458.82567066,1443.34000000,180.08666898,1278.73900168,1272.93033729,0.00000000,5.80866439,0.1239398219,0.1250000000,0,0,0.00000000
2024-03-27T09:45:00-04:00,1458.31673007,1443.34000000,179.57772839,1278.73900168,1272.93033729,0.00000000,5.80866439,0.1236328614,0.1250000000,0,1,0.00000000
2024-03-27T10:00:00-04:00,1457.50690172,1443.34000000,179.42113129,1278.08577043,401.30210604,870.97500000,5.80866439,0.1235939582,0.1250000000,1,0,19.82892403
2024-03-27T10:15:00-04:00,1470.73690172,1443.34000000,179.42113129,1291.31577043,401.30210604,884.20500000,5.80866439,0.1224777615,0.1250000000,1,0,19.82892403
2024-03-27T10:30:00-04:00,1497.13451647,1443.34000000,179.42113129,1317.71338517,1297.48419889,0.00000000,20.22918628,0.1214845174,0.1250000000,0,0,0.00000000
2024-03-27T10:45:00-04:00,1496.68625726,1443.34000000,178.97287208,1317.71338517,1297.48419889,0.00000000,20.22918628,0.1212177960,0.1250000000,0,0,0.00000000
2024-03-27T11:00:00-04:00,1496.68625726,1443.34000000,178.97287208,1317.71338517,1297.48419889,0.00000000,20.22918628,0.1212177960,0.1250000000,0,1,0.00000000
2024-03-27T11:15:00-04:00,1501.21545726,1443.34000000,178.97287208,1322.24258517,402.41339889,899.60000000,20.22918628,0.1208470839,0.1250000000,1,0,30.15105675
2024-03-27T11:30:00-04:00,1505.13307443,1443.34000000,178.99048926,1326.14258517,402.41339889,903.50000000,20.22918628,0.1205401176,0.1250000000,1,1,30.15105675
2024-03-27T11:45:00-04:00,1505.25792443,1443.34000000,178.99048926,1326.26743517,1.91324889,1304.12500000,20.22918628,0.1205299835,0.1250000000,2,0,37.31206860
2024-03-27T12:00:00-04:00,1509.15792443,1443.34000000,178.99048926,1330.16743517,1.91324889,1308.02500000,20.22918628,0.1202142753,0.1250000000,2,0,37.31206860
2024-03-27T12:15:00-04:00,1518.65601429,1443.34000000,179.53857912,1339.11743517,1.91324889,1316.97500000,20.22918628,0.1198180490,0.1250000000,2,0,37.31206860
2024-03-27T12:30:00-04:00,1504.50601429,1443.34000000,179.53857912,1324.96743517,1.91324889,1302.82500000,20.22918628,0.1209603059,0.1250000000,2,3,37.31206860
2024-03-27T12:45:00-04:00,1500.03023131,1443.34000000,179.53779613,1320.49243517,1.91324889,1298.35000000,20.22918628,0.1213256314,0.1250000000,2,1,37.31206860
2024-03-27T13:00:00-04:00,1496.58771928,1443.34000000,179.37728410,1317.21043517,1.91324889,1295.06800000,20.22918628,0.1214998119,0.1250000000,2,0,37.31206860
2024-03-27T13:15:00-04:00,1494.23101737,1443.34000000,178.91258220,1315.31843517,1.91324889,1293.17600000,20.22918628,0.1213788059,0.1250000000,2,0,37.31206860
2024-03-27T13:30:00-04:00,1492.33755860,1443.34000000,179.49512342,1312.84243517,1.91324889,1290.70000000,20.22918628,0.1219306451,0.1250000000,2,0,37.31206860
2024-03-27T13:45:00-04:00,1483.31271574,1443.34000000,179.46028057,1303.85243517,1.91324889,1281.71000000,20.22918628,0.1226589439,0.1250000000,2,1,37.31206860
2024-03-27T14:00:00-04:00,1486.65271574,1443.34000000,179.46028057,1307.19243517,1.91324889,1285.05000000,20.22918628,0.1223795697,0.1250000000,2,1,37.31206860
2024-03-27T14:15:00-04:00,1482.91421574,1443.34000000,179.46028057,1303.45393517,1.91324889,1281.31150000,20.22918628,0.1226923616,0.1250000000,2,0,37.31206860
2024-03-27T14:30:00-04:00,1485.85271574,1443.34000000,179.46028057,1306.39243517,1.91324889,1284.25000000,20.22918628,0.1224463697,0.1250000000,2,0,37.31206860
2024-03-27T14:45:00-04:00,1500.80271574,1443.34000000,179.46028057,1321.34243517,1.91324889,1299.20000000,20.22918628,0.1212099751,0.1250000000,2,1,37.31206860
2024-03-27T15:00:00-04:00,1503.43526791,1443.34000000,179.34283274,1324.09243517,1.91324889,1301.95000000,20.22918628,0.1209156536,0.1250000000,2,0,37.31206860
2024-03-27T15:15:00-04:00,1498.77111864,1443.34000000,179.30368346,1319.46743517,1.91324889,1297.32500000,20.22918628,0.1212706110,0.1250000000,2,1,37.31206860
2024-03-27T15:30:00-04:00,1499.50487819,1443.34000000,179.30094301,1320.20393517,1.91324889,1298.06150000,20.22918628,0.1212086050,0.1250000000,2,3,37.31206860
2024-03-27T15:45:00-04:00,1497.75080560,1443.34000000,180.00837043,1317.74243517,1.91324889,1295.60000000,20.22918628,0.1218312938,0.1250000000,2,4,37.31206860
2024-03-28T09:30:00-04:00,1506.62071223,1443.34000000,183.62652595,1322.99418628,0.00000000,1302.76500000,20.22918628,0.1235384640,0.1250000000,2,4,30.15105675
2024-03-28T09:45:00-04:00,1498.64270475,1443.34000000,182.98851847,1315.65418628,0.00000000,1295.42500000,20.22918628,0.1237735696,0.1250000000,2,1,30.15105675
2024-03-28T10:00:00-04:00,1511.97494834,1443.34000000,183.29476206,1328.68018628,0.00000000,1308.45100000,20.22918628,0.1228726548,0.1250000000,2,0,30.15105675
2024-03-28T10:15:00-04:00,1514.28258022,1443.34000000,183.02839394,1331.25418628,0.00000000,1311.02500000,20.22918628,0.1225045870,0.1250000000,2,3,30.15105675
2024-03-28T10:30:00-04:00,1514.25220662,1443.34000000,183.14802034,1331.10418628,0.00000000,1310.87500000,20.22918628,0.1225871475,0.1250000000,2,1,30.15105675
2024-03-28T10:45:00-04:00,1509.93296129,1443.34000000,183.54677501,1326.38618628,0.00000000,1306.15700000,20.22918628,0.1232102503,0.1250000000,2,0,30.15105675
2024-03-28T11:00:00-04:00,1503.68133489,1443.34000000,183.42714861,1320.25418628,0.00000000,1300.02500000,20.22918628,0.1236488476,0.1250000000,2,0,30.15105675
2024-03-28T11:15:00-04:00,1502.47833116,1443.34000000,183.10814487,1319.37018628,0.00000000,1299.14100000,20.22918628,0.1235339858,0.1250000000,2,0,30.15105675
2024-03-28T11:30:00-04:00,1491.07131272,1443.34000000,183.24212644,1307.82918628,0.00000000,1287.60000000,20.22918628,0.1245831372,0.1250000000,2,0,30.15105675
2024-03-28T11:45:00-04:00,1499.59631272,1443.34000000,183.24212644,1316.35418628,0.00000000,1296.12500000,20.22918628,0.1238652145,0.1250000000,2,0,30.15105675
2024-03-28T12:00:00-04:00,1499.78133489,1443.34000000,183.42714861,1316.35418628,0.00000000,1296.12500000,20.22918628,0.1239747776,0.1250000000,2,0,30.15105675
2024-03-28T12:15:00-04:00,1512.78133489,1443.34000000,183.42714861,1329.35418628,0.00000000,1309.12500000,20.22918628,0.1228949680,0.1250000000,2,0,30.15105675
2024-03-28T12:30:00-04:00,1518.88994613,1443.34000000,183.24970278,1335.64024334,409.32702145,900.90000000,25.41322189,0.1227000728,0.1250000000,1,0,30.15105675
2024-03-28T12:45:00-04:00,1514.98994613,1443.34000000,183.24970278,1331.74024334,409.32702145,897.00000000,25.41322189,0.1230213253,0.1250000000,1,0,30.15105675
2024-03-28T13:00:00-04:00,1519.01876182,1443.34000000,182.98851847,1336.03024334,409.32702145,901.29000000,25.41322189,0.1225146222,0.1250000000,1,0,30.15105675
2024-03-28T13:15:00-04:00,1518.62876182,1443.34000000,182.98851847,1335.64024334,409.32702145,900.90000000,25.41322189,0.1225466208,0.1250000000,1,0,30.15105675
2024-03-28T13:30:00-04:00,1521.22876182,1443.34000000,182.98851847,1338.24024334,409.32702145,903.50000000,25.41322189,0.1223336124,0.1250000000,1,0,30.15105675
2024-03-28T13:45:00-04:00,1518.94776555,1443.34000000,183.30752221,1335.64024334,409.32702145,900.90000000,25.41322189,0.1227340358,0.1250000000,1,0,30.15105675
2024-03-28T14:00:00-04:00,1521.22876182,1443.34000000,182.98851847,1338.24024334,409.32702145,903.50000000,25.41322189,0.1223336124,0.1250000000,1,0,30.15105675
2024-03-28T14:15:00-04:00,1517.31719793,1443.34000000,182.97695459,1334.34024334,409.32702145,899.60000000,25.41322189,0.1226466029,0.1250000000,1,0,30.15105675
2024-03-28T14:30:00-04:00,1518.66863728,1443.34000000,183.02839394,1335.64024334,409.32702145,900.90000000,25.41322189,0.1225700520,0.1250000000,1,0,30.15105675
2024-03-28T14:45:00-04:00,1518.62876182,1443.34000000,182.98851847,1335.64024334,409.32702145,900.90000000,25.41322189,0.1225466208,0.1250000000,1,0,30.15105675
2024-03-28T15:00:00-04:00,1516.31227639,1443.34000000,183.27203304,1333.04024334,409.32702145,898.30000000,25.41322189,0.1229271911,0.1250000000,1,0,30.15105675
2024-03-28T15:15:00-04:00,1516.36770329,1443.34000000,183.32745994,1333.04024334,409.32702145,898.30000000,25.41322189,0.1229597967,0.1250000000,1,1,30.15105675
2024-03-28T15:30:00-04:00,1512.80937462,1443.34000000,183.22777128,1329.58160334,37.52838145,1266.64000000,25.41322189,0.1231869337,0.1250000000,2,0,34.27094355
2024-03-28T15:45:00-04:00,1511.34974822,1443.34000000,183.10814487,1328.24160334,37.52838145,1265.30000000,25.41322189,0.1232274338,0.1250000000,2,2,34.27094355
2024-04-01T09:30:00-04:00,1512.66627525,1443.34000000,184.74303903,1327.92323623,37.18921017,1265.52000000,25.21402606,0.1242009880,0.1250000000,2,3,30.15105675
2024-04-01T09:45:00-04:00,1521.12764616,1443.34000000,184.42403529,1336.70361087,2.98745067,1308.54100000,25.17516020,0.1232820140,0.1250000000,3,0,31.01027940
2024-04-01T10:00:00-04:00,1494.25658015,1443.34000000,184.12496929,1310.13161087,2.98745067,1281.96900000,25.17516020,0.1253334000,0.1250000000,3,0,31.01027940
2024-04-01T10:15:00-04:00,1481.99577256,1443.34000000,184.18478249,1297.81099008,1250.48687237,33.52500000,13.79911771,0.1254496677,0.1250000000,1,0,0.85922265
2024-04-01T10:30:00-04:00,1480.64593628,1443.34000000,183.10854363,1297.53739265,1284.06542151,0.00000000,13.47197114,0.1248035666,0.1250000000,0,0,0.00000000
2024-04-01T10:45:00-04:00,1481.07818634,1443.34000000,183.54079369,1297.53739265,1284.06542151,0.00000000,13.47197114,0.1250613358,0.1250000000,0,0,0.00000000
2024-04-01T11:00:00-04:00,1480.56578659,1443.34000000,183.02839394,1297.53739265,1284.06542151,0.00000000,13.47197114,0.1247557532,0.1250000000,0,0,0.00000000
2024-04-01T11:15:00-04:00,1480.56578659,1443.34000000,183.02839394,1297.53739265,1284.06542151,0.00000000,13.47197114,0.1247557532,0.1250000000,0,0,0.00000000
2024-04-01T11:30:00-04:00,1480.56578659,1443.34000000,183.02839394,1297.53739265,1284.06542151,0.00000000,13.47197114,0.1247557532,0.1250000000,0,0,0.00000000
2024-04-01T11:45:00-04:00,1480.56578659,1443.34000000,183.02839394,1297.53739265,1284.06542151,0.00000000,13.47197114,0.1247557532,0.1250000000,0,0,0.00000000
2024-04-01T12:00:00-04:00,1480.76516393,1443.34000000,183.22777128,1297.53739265,1284.06542151,0.00000000,13.47197114,0.1248746823,0.1250000000,0,0,0.00000000
2024-04-01T12:15:00-04:00,1480.76516393,1443.34000000,183.22777128,1297.53739265,1284.06542151,0.00000000,13.47197114,0.1248746823,0.1250000000,0,0,0.00000000
2024-04-01T12:30:00-04:00,1480.76516393,1443.34000000,183.22777128,1297.53739265,1284.06542151,0.00000000,13.47197114,0.1248746823,0.1250000000,0,0,0.00000000
2024-04-01T12:45:00-04:00,1480.84491486,1443.34000000,183.30752221,1297.53739265,1284.06542151,0.00000000,13.47197114,0.1249222449,0.1250000000,0,0,0.00000000
2024-04-01T13:00:00-04:00,1480.52591113,1443.34000000,182.98851847,1297.53739265,1284.06542151,0.00000000,13.47197114,0.1247319635,0.1250000000,0,0,0.00000000
2024-04-01T13:15:00-04:00,1480.44257140,1443.34000000,182.90517875,1297.53739265,1284.06542151,0.00000000,13.47197114,0.1246822388,0.1250000000,0,1,0.00000000
2024-04-01T13:30:00-04:00,1488.55561247,1443.34000000,182.90517875,1305.65043373,396.38826259,895.79020000,13.47197114,0.1239964797,0.1250000000,1,0,41.69473833
2024-04-01T13:45:00-04:00,1489.78671883,1443.34000000,183.12728510,1306.65943373,396.38826259,896.79920000,13.47197114,0.1240435249,0.1250000000,1,2,41.69473833
2024-04-01T14:00:00-04:00,1478.67983258,1443.34000000,183.22777128,1295.45206130,0.26149016,1281.71860000,13.47197114,0.1250524080,0.1250000000,3,0,52.35697117
2024-04-01T14:15:00-04:00,1509.07213258,1443.34000000,183.22777128,1325.84436130,0.26149016,1312.11090000,13.47197114,0.1225112005,0.1250000000,3,0,52.35697117
2024-04-01T14:30:00-04:00,1492.21913258,1443.34000000,183.22777128,1308.99136130,0.26149016,1295.25790000,13.47197114,0.1239074374,0.1250000000,3,0,52.35697117
2024-04-01T14:45:00-04:00,1492.01653258,1443.34000000,183.22777128,1308.78876130,0.26149016,1295.05530000,13.47197114,0.1239244160,0.1250000000,3,0,52.35697117
2024-04-01T15:00:00-04:00,1494.73483258,1443.34000000,183.22777128,1311.50706130,0.26149016,1297.77360000,13.47197114,0.1236969994,0.1250000000,3,0,52.35697117
2024-04-01T15:15:00-04:00,1495.43223258,1443.34000000,183.22777128,1312.20446130,0.26149016,1298.47100000,13.47197114,0.1236387885,0.1250000000,3,1,52.35697117
2024-04-01T15:30:00-04:00,1497.30983445,1443.34000000,183.38727314,1313.92256130,0.26149016,1300.18910000,13.47197114,0.1235898326,0.1250000000,3,2,52.35697117
2024-04-01T15:45:00-04:00,1496.55154391,1443.34000000,183.12808261,1313.42346130,0.26149016,1299.69000000,13.47197114,0.1234782583,0.1250000000,3,3,52.35697117
2024-04-02T09:30:00-04:00,1234.51324018,1443.34000000,181.23399792,1053.27924226,383.27924226,670.00000000,0.00000000,0.1468060382,0.1250000000,1,1,33.34581015
2024-04-02T09:45:00-04:00,1238.90200675,1443.34000000,181.15424699,1057.74775976,7.68775976,1050.06000000,0.00000000,0.1462216107,0.1250000000,2,0,37.93326549
2024-04-02T10:00:00-04:00,1227.08213128,1443.34000000,181.11437152,1045.96775976,7.68775976,1038.28000000,0.00000000,0.1475975951,0.1250000000,2,0,37.93326549
2024-04-02T10:15:00-04:00,1234.17300301,1443.34000000,180.83524325,1053.33775976,7.68775976,1045.65000000,0.00000000,0.1465234151,0.1250000000,2,0,37.93326549
2024-04-02T10:30:00-04:00,1226.29175768,1443.34000000,181.23399792,1045.05775976,7.68775976,1037.37000000,0.00000000,0.1477902765,0.1250000000,2,0,37.93326549
2024-04-02T10:45:00-04:00,1221.00275394,1443.34000000,180.91499419,1040.08775976,7.68775976,1032.40000000,0.00000000,0.1481691942,0.1250000000,2,0,37.93326549
2024-04-02T11:00:00-04:00,1220.61275394,1443.34000000,180.91499419,1039.69775976,7.68775976,1032.01000000,0.00000000,0.1482165360,0.1250000000,2,0,37.93326549
2024-04-02T11:15:00-04:00,1223.17138408,1443.34000000,181.35362432,1041.81775976,7.68775976,1034.13000000,0.00000000,0.1482650973,0.1250000000,2,0,37.93326549
2024-04-02T11:30:00-04:00,1225.55334149,1443.34000000,180.91898173,1044.63435976,7.68775976,1036.94660000,0.00000000,0.1476222826,0.1250000000,2,0,37.93326549
2024-04-02T11:45:00-04:00,1227.14086079,1443.34000000,181.39310104,1045.74775976,7.68775976,1038.06000000,0.00000000,0.1478176686,0.1250000000,2,0,37.93326549
2024-04-02T12:00:00-04:00,1230.57859280,1443.34000000,181.35083304,1049.22775976,7.68775976,1041.54000000,0.00000000,0.1473703785,0.1250000000,2,0,37.93326549
2024-04-02T12:15:00-04:00,1229.99120924,1443.34000000,181.15344948,1048.83775976,7.68775976,1041.15000000,0.00000000,0.1472802798,0.1250000000,2,0,37.93326549
2024-04-02T12:30:00-04:00,1232.52120924,1443.34000000,181.15344948,1051.36775976,7.68775976,1043.68000000,0.00000000,0.1469779572,0.1250000000,2,0,37.93326549
2024-04-02T12:45:00-04:00,1232.07125955,1443.34000000,181.39349979,1050.67775976,7.68775976,1042.99000000,0.00000000,0.1472264679,0.1250000000,2,0,37.93326549
2024-04-02T13:00:00-04:00,1237.01891733,1443.34000000,181.63115757,1055.38775976,7.68775976,1047.70000000,0.00000000,0.1468297332,0.1250000000,2,1,37.93326549
2024-04-02T13:15:00-04:00,1248.37589147,1443.34000000,181.63115757,1066.74473390,378.41353390,688.33120000,0.00000000,0.1454939645,0.1250000000,1,0,33.34581015
2024-04-02T13:30:00-04:00,1254.08653555,1443.34000000,181.55300166,1072.53353390,378.41353390,694.12000000,0.00000000,0.1447691180,0.1250000000,1,0,33.34581015
2024-04-02T13:45:00-04:00,1255.42653555,1443.34000000,181.55300166,1073.87353390,378.41353390,695.46000000,0.00000000,0.1446145963,0.1250000000,1,0,33.34581015
2024-04-02T14:00:00-04:00,1258.77653555,1443.34000000,181.55300166,1077.22353390,378.41353390,698.81000000,0.00000000,0.1442297314,0.1250000000,1,0,33.34581015
2024-04-02T14:15:00-04:00,1258.77653555,1443.34000000,181.55300166,1077.22353390,378.41353390,698.81000000,0.00000000,0.1442297314,0.1250000000,1,2,0.00000000
2024-04-02T14:30:00-04:00,1252.21001433,1443.34000000,181.62358124,1070.58643310,1.19643310,1069.39000000,0.00000000,0.1450424283,0.1250000000,2,0,7.29016066
2024-04-02T14:45:00-04:00,1241.14591290,1443.34000000,181.03501934,1060.11089356,682.51089356,377.60000000,0.00000000,0.1458611896,0.1250000000,1,0,7.29016066
2024-04-02T15:00:00-04:00,1238.10591290,1443.34000000,181.03501934,1057.07089356,682.51089356,374.56000000,0.00000000,0.1462193318,0.1250000000,1,0,7.29016066
2024-04-02T15:15:00-04:00,1238.26591290,1443.34000000,181.03501934,1057.23089356,682.51089356,374.72000000,0.00000000,0.1462004384,0.1250000000,1,1,7.29016066
2024-04-02T15:30:00-04:00,1239.07921040,1443.34000000,181.03501934,1058.04419106,19.74419106,1038.30000000,0.00000000,0.1461044765,0.1250000000,2,3,16.40873696
2024-04-02T15:45:00-04:00,1244.53416225,1443.34000000,181.83252868,1062.70163356,2.72143356,1059.98020000,0.00000000,0.1461048915,0.1250000000,3,0,16.65900049
2024-04-03T09:30:00-04:00,1249.64506913,1443.34000000,180.23711124,1069.40795788,1069.40795788,0.00000000,0.00000000,0.1442306425,0.1250000000,0,2,0.00000000
2024-04-03T09:45:00-04:00,1249.85795868,1443.34000000,180.30569705,1069.55226163,1.01226163,1068.54000000,0.00000000,0.1442609505,0.1250000000,2,1,24.58534276
2024-04-03T10:00:00-04:00,1248.27175769,1443.34000000,181.07449605,1067.19726163,1.01226163,1066.18500000,0.00000000,0.1450601561,0.1250000000,2,0,24.58534276
2024-04-03T10:15:00-04:00,1254.38640725,1443.34000000,181.25074562,1073.13566163,1.01226163,1072.12340000,0.00000000,0.1444935504,0.1250000000,2,0,24.58534276
2024-04-03T10:30:00-04:00,1252.50416342,1443.34000000,181.45690178,1071.04726163,1.01226163,1070.03500000,0.00000000,0.1448752883,0.1250000000,2,0,24.58534276
2024-04-03T10:45:00-04:00,1254.00479916,1443.34000000,181.41343752,1072.59136163,1.01226163,1071.57910000,0.00000000,0.1446672594,0.1250000000,2,0,24.58534276
2024-04-03T11:00:00-04:00,1252.29551236,1443.34000000,181.47325072,1070.82226163,1.01226163,1069.81000000,0.00000000,0.1449124819,0.1250000000,2,0,24.58534276
2024-04-03T11:15:00-04:00,1250.48526329,1443.34000000,181.55300166,1068.93226163,1.01226163,1067.92000000,0.00000000,0.1451860386,0.1250000000,2,0,24.58534276
2024-04-03T11:30:00-04:00,1246.86026329,1443.34000000,181.55300166,1065.30726163,1.01226163,1064.29500000,0.00000000,0.1456081383,0.1250000000,2,0,24.58534276
2024-04-03T11:45:00-04:00,1248.30069916,1443.34000000,181.41343752,1066.88726163,1.01226163,1065.87500000,0.00000000,0.1453283152,0.1250000000,2,0,24.58534276
2024-04-03T12:00:00-04:00,1249.39895956,1443.34000000,181.23399792,1068.16496163,1.01226163,1067.15270000,0.00000000,0.1450569464,0.1250000000,2,0,24.58534276
2024-04-03T12:15:00-04:00,1252.82009442,1443.34000000,181.22283279,1071.59726163,1.01226163,1070.58500000,0.00000000,0.1446519206,0.1250000000,2,0,24.58534276
2024-04-03T12:30:00-04:00,1253.91941248,1443.34000000,181.37715085,1072.54226163,1.01226163,1071.53000000,0.00000000,0.1446481720,0.1250000000,2,0,24.58534276
2024-04-03T12:45:00-04:00,1253.60941248,1443.34000000,181.37715085,1072.23226163,1.01226163,1071.22000000,0.00000000,0.1446839415,0.1250000000,2,0,24.58534276
2024-04-03T13:00:00-04:00,1254.55441248,1443.34000000,181.37715085,1073.17726163,1.01226163,1072.16500000,0.00000000,0.1445749575,0.1250000000,2,0,24.58534276
2024-04-03T13:15:00-04:00,1258.48941248,1443.34000000,181.37715085,1077.11226163,1.01226163,1076.10000000,0.00000000,0.1441229056,0.1250000000,2,0,24.58534276
2024-04-03T13:30:00-04:00,1261.65526329,1443.34000000,181.55300166,1080.10226163,1.01226163,1079.09000000,0.00000000,0.1439006414,0.1250000000,2,1,24.58534276
2024-04-03T13:45:00-04:00,1262.87516317,1443.34000000,181.32890153,1081.54626163,1.01226163,1080.53400000,0.00000000,0.1435841854,0.1250000000,2,0,24.58534276
2024-04-03T14:00:00-04:00,1263.74560576,1443.34000000,181.44334412,1082.30226163,1.01226163,1081.29000000,0.00000000,0.1435758457,0.1250000000,2,0,24.58534276
2024-04-03T14:15:00-04:00,1259.02698583,1443.34000000,181.44972420,1077.57726163,1.01226163,1076.56500000,0.00000000,0.1441190111,0.1250000000,2,0,24.58534276
2024-04-03T14:30:00-04:00,1259.85036566,1443.34000000,181.32810402,1078.52226163,1.01226163,1077.51000000,0.00000000,0.1439282862,0.1250000000,2,2,24.58534276
2024-04-03T14:45:00-04:00,1261.98616616,1443.34000000,181.26390452,1080.72226163,1.01226163,1079.71000000,0.00000000,0.1436338285,0.1250000000,2,1,24.58534276
2024-04-03T15:00:00-04:00,1258.20616616,1443.34000000,181.26390452,1076.94226163,1.01226163,1075.93000000,0.00000000,0.1440653443,0.1250000000,2,0,24.58534276
2024-04-03T15:15:00-04:00,1254.58812755,1443.34000000,180.63586592,1073.95226163,1.01226163,1072.94000000,0.00000000,0.1439802131,0.1250000000,2,0,24.58534276
2024-04-03T15:30:00-04:00,1257.75250862,1443.34000000,181.15424699,1076.59826163,1.01226163,1075.58600000,0.00000000,0.1440301218,0.1250000000,2,2,24.58534276
2024-04-03T15:45:00-04:00,1261.81117998,1443.34000000,180.84321834,1080.96796163,1.01226163,1079.95570000,0.00000000,0.1433203487,0.1250000000,2,2,24.58534276
2024-04-04T09:30:00-04:00,1263.23268983,1443.34000000,159.14059023,1104.09209960,24.84709960,1079.24500000,0.00000000,0.1259788410,0.1250000000,2,4,24.58534276
2024-04-04T09:45:00-04:00,1262.35084196,1443.34000000,158.93230736,1103.41853460,1.40953460,1102.00900000,0.00000000,0.1259018508,0.1250000000,4,0,25.11012684
2024-04-04T10:00:00-04:00,1259.55484404,1443.34000000,158.40310944,1101.15173460,1.40953460,1099.74220000,0.00000000,0.1257611847,0.1250000000,4,0,25.11012684
2024-04-04T10:15:00-04:00,1262.51900384,1443.34000000,157.99208867,1104.52691517,18.68671517,1085.84020000,0.00000000,0.1251403648,0.1250000000,3,0,24.74704502
2024-04-04T10:30:00-04:00,1264.30730328,1443.34000000,158.58158811,1105.72571517,18.68671517,1087.03900000,0.00000000,0.1254296228,0.1250000000,3,1,24.74704502
2024-04-04T10:45:00-04:00,1264.97559594,1443.34000000,158.17022077,1106.80537517,3.55537517,1103.25000000,0.00000000,0.1250381599,0.1250000000,4,0,25.26854626
2024-04-04T11:00:00-04:00,1265.64059594,1443.34000000,158.17022077,1107.47037517,3.55537517,1103.91500000,0.00000000,0.1249724616,0.1250000000,4,0,25.26854626
2024-04-04T11:15:00-04:00,1264.44386093,1443.34000000,158.82868576,1105.61517517,3.55537517,1102.05980000,0.00000000,0.1256114966,0.1250000000,4,0,25.26854626
2024-04-04T11:30:00-04:00,1266.20906093,1443.34000000,158.82868576,1107.38037517,3.55537517,1103.82500000,0.00000000,0.1254363838,0.1250000000,4,0,25.26854626
2024-04-04T11:45:00-04:00,1262.28319806,1443.34000000,158.72922289,1103.55397517,3.55537517,1099.99860000,0.00000000,0.1257477111,0.1250000000,4,0,25.26854626
2024-04-04T12:00:00-04:00,1257.13105329,1443.34000000,159.07127812,1098.05977517,3.55537517,1094.50440000,0.00000000,0.1265351593,0.1250000000,4,0,25.26854626
2024-04-04T12:15:00-04:00,1261.93929877,1443.34000000,159.09692360,1102.84237517,3.55537517,1099.28700000,0.00000000,0.1260733569,0.1250000000,4,0,25.26854626
2024-04-04T12:30:00-04:00,1256.16138895,1443.34000000,158.84601379,1097.31537517,3.55537517,1093.76000000,0.00000000,0.1264535076,0.1250000000,4,0,25.26854626
2024-04-04T12:45:00-04:00,1255.35978863,1443.34000000,158.62941346,1096.73037517,3.55537517,1093.17500000,0.00000000,0.1263617131,0.1250000000,4,0,25.26854626
2024-04-04T13:00:00-04:00,1257.33778863,1443.34000000,158.62941346,1098.70837517,3.55537517,1095.15300000,0.00000000,0.1261629253,0.1250000000,4,0,25.26854626
2024-04-04T13:15:00-04:00,1260.56734119,1443.34000000,159.00196602,1101.56537517,3.55537517,1098.01000000,0.00000000,0.1261352415,0.1250000000,4,0,25.26854626
2024-04-04T13:30:00-04:00,1260.44768514,1443.34000000,158.96730997,1101.48037517,3.55537517,1097.92500000,0.00000000,0.1261197207,0.1250000000,4,0,25.26854626
2024-04-04T13:45:00-04:00,1264.02509277,1443.34000000,158.72471760,1105.30037517,3.55537517,1101.74500000,0.00000000,0.1255708597,0.1250000000,4,0,25.26854626
2024-04-04T14:00:00-04:00,1264.94536857,1443.34000000,158.58609340,1106.35927517,3.55537517,1102.80390000,0.00000000,0.1253699150,0.1250000000,4,0,11.53380573
2024-04-04T14:15:00-04:00,1264.30265963,1443.34000000,157.96228446,1106.34037517,3.55537517,1102.78500000,0.00000000,0.1249402453,0.1250000000,4,0,11.53380573
2024-04-04T14:30:00-04:00,1260.60052122,1443.34000000,156.50673028,1104.09379094,9.17379094,1094.92000000,0.00000000,0.1241525191,0.1250000000,3,0,11.37210347
2024-04-04T14:45:00-04:00,1257.72380148,1443.34000000,156.68001054,1101.04379094,9.17379094,1091.87000000,0.00000000,0.1245742590,0.1250000000,3,0,11.37210347
2024-04-04T15:00:00-04:00,1253.79395354,1443.34000000,155.79628122,1097.99767232,23.77267232,1074.22500000,0.00000000,0.1242598760,0.1250000000,2,0,10.85060223
2024-04-04T15:15:00-04:00,1246.45638881,1443.34000000,155.53636083,1090.92002798,333.03002798,757.89000000,0.00000000,0.1247828341,0.1250000000,1,0,0.00000000
2024-04-04T15:30:00-04:00,1247.40138881,1443.34000000,155.53636083,1091.86502798,333.03002798,758.83500000,0.00000000,0.1246883018,0.1250000000,1,0,0.00000000
2024-04-04T15:45:00-04:00,1248.70223593,1443.34000000,154.94720795,1093.75502798,333.03002798,760.72500000,0.00000000,0.1240865945,0.1250000000,1,0,0.00000000
2024-04-05T09:30:00-04:00,1245.14661690,1443.34000000,155.43065987,1089.71595703,1089.71595703,0.00000000,0.00000000,0.1248292031,0.1250000000,0,0,0.00000000
2024-04-05T09:45:00-04:00,1245.46025417,1443.34000000,155.74429714,1089.71595703,1089.71595703,0.00000000,0.00000000,0.1250495924,0.1250000000,0,0,0.00000000
2024-04-05T10:00:00-04:00,1246.08406311,1443.34000000,156.36810608,1089.71595703,1089.71595703,0.00000000,0.00000000,0.1254876061,0.1250000000,0,0,0.00000000
2024-04-05T10:15:00-04:00,1245.66819048,1443.34000000,155.95223345,1089.71595703,1089.71595703,0.00000000,0.00000000,0.1251956457,0.1250000000,0,0,0.00000000
2024-04-05T10:30:00-04:00,1245.66819048,1443.34000000,155.95223345,1089.71595703,1089.71595703,0.00000000,0.00000000,0.1251956457,0.1250000000,0,2,0.00000000
2024-04-05T10:45:00-04:00,1239.15070101,1443.34000000,156.67966398,1082.47103703,42.37103703,1040.10000000,0.00000000,0.1264411696,0.1250000000,2,0,19.28466001
2024-04-05T11:00:00-04:00,1236.40173547,1443.34000000,156.61069844,1079.79103703,42.37103703,1037.42000000,0.00000000,0.1266665146,0.1250000000,2,0,19.28466001
2024-04-05T11:15:00-04:00,1236.88173547,1443.34000000,156.61069844,1080.27103703,42.37103703,1037.90000000,0.00000000,0.1266173588,0.1250000000,2,0,19.28466001
2024-04-05T11:30:00-04:00,1238.73554764,1443.34000000,156.61451061,1082.12103703,42.37103703,1039.75000000,0.00000000,0.1264309488,0.1250000000,2,0,19.28466001
2024-04-05T11:45:00-04:00,1239.23339389,1443.34000000,156.94235686,1082.29103703,42.37103703,1039.92000000,0.00000000,0.1266447125,0.1250000000,2,0,19.28466001
2024-04-05T12:00:00-04:00,1241.56694682,1443.34000000,156.92190979,1084.64503703,42.37103703,1042.27400000,0.00000000,0.1263902121,0.1250000000,2,0,19.28466001
2024-04-05T12:15:00-04:00,1237.94371955,1443.34000000,156.66268252,1081.28103703,42.37103703,1038.91000000,0.00000000,0.1265507309,0.1250000000,2,0,19.28466001
2024-04-05T12:30:00-04:00,1240.63104757,1443.34000000,156.68001054,1083.95103703,42.37103703,1041.58000000,0.00000000,0.1262905768,0.1250000000,2,0,19.28466001
2024-04-05T12:45:00-04:00,1239.29104757,1443.34000000,156.68001054,1082.61103703,42.37103703,1040.24000000,0.00000000,0.1264271301,0.1250000000,2,0,19.28466001
2024-04-05T13:00:00-04:00,1239.23104757,1443.34000000,156.68001054,1082.55103703,42.37103703,1040.18000000,0.00000000,0.1264332514,0.1250000000,2,0,19.28466001
2024-04-05T13:15:00-04:00,1240.23242337,1443.34000000,156.54138634,1083.69103703,42.37103703,1041.32000000,0.00000000,0.1262193952,0.1250000000,2,0,19.28466001
2024-04-05T13:30:00-04:00,1237.49242337,1443.34000000,156.54138634,1080.95103703,42.37103703,1038.58000000,0.00000000,0.1264988645,0.1250000000,2,0,19.28466001
2024-04-05T13:45:00-04:00,1235.33970363,1443.34000000,156.71466660,1078.62503703,42.37103703,1036.25400000,0.00000000,0.1268595724,0.1250000000,2,0,19.28466001
2024-04-05T14:00:00-04:00,1233.87591763,1443.34000000,156.45128060,1077.42463703,42.37103703,1035.05360000,0.00000000,0.1267966076,0.1250000000,2,0,19.28466001
2024-04-05T14:15:00-04:00,1231.12448706,1443.34000000,156.33345003,1074.79103703,42.37103703,1032.42000000,0.00000000,0.1269842747,0.1250000000,2,0,19.28466001
2024-04-05T14:30:00-04:00,1231.29448706,1443.34000000,156.33345003,1074.96103703,42.37103703,1032.59000000,0.00000000,0.1269667425,0.1250000000,2,0,19.28466001
2024-04-05T14:45:00-04:00,1229.81639152,1443.34000000,156.64535449,1073.17103703,42.37103703,1030.80000000,0.00000000,0.1273729604,0.1250000000,2,0,19.28466001
2024-04-05T15:00:00-04:00,1226.30560632,1443.34000000,156.64535449,1069.66025183,1069.66025183,0.00000000,0.00000000,0.1277376159,0.1250000000,0,1,0.00000000
2024-04-05T15:15:00-04:00,1218.30958882,1443.34000000,156.31612200,1061.99346683,386.76846683,675.22500000,0.00000000,0.1283057471,0.1250000000,1,0,11.91250191
2024-04-05T15:30:00-04:00,1216.59958882,1443.34000000,156.31612200,1060.28346683,386.76846683,673.51500000,0.00000000,0.1284860881,0.1250000000,1,0,11.91250191
2024-04-05T15:45:00-04:00,1216.37458882,1443.34000000,156.31612200,1060.05846683,386.76846683,673.29000000,0.00000000,0.1285098550,0.1250000000,1,1,11.91250191
2024-04-08T09:30:00-04:00,1228.40382132,1443.34000000,156.64535449,1071.75846683,386.76846683,684.99000000,0.00000000,0.1275194295,0.1250000000,1,5,1.20496387
2024-04-08T09:45:00-04:00,1223.77300256,1443.34000000,156.78397870,1066.98902386,681.38902386,385.60000000,0.00000000,0.1281152455,0.1250000000,2,0,8.31863396
2024-04-08T10:00:00-04:00,1220.37041020,1443.34000000,156.54138634,1063.82902386,681.38902386,382.44000000,0.00000000,0.1282736660,0.1250000000,2,0,8.31863396
2024-04-08T10:15:00-04:00,1218.83541020,1443.34000000,156.54138634,1062.29402386,681.38902386,380.90500000,0.00000000,0.1284352137,0.1250000000,2,0,8.31863396
2024-04-08T10:30:00-04:00,1224.08076308,1443.34000000,157.13053922,1066.95022386,681.38902386,385.56120000,0.00000000,0.1283661536,0.1250000000,2,1,8.31863396
2024-04-08T10:45:00-04:00,1224.93842334,1443.34000000,157.30381948,1067.63460386,8.32460386,1059.31000000,0.00000000,0.1284177363,0.1250000000,3,0,26.55461526
2024-04-08T11:00:00-04:00,1221.87054308,1443.34000000,157.13053922,1064.74000386,8.32460386,1056.41540000,0.00000000,0.1285983528,0.1250000000,3,0,26.55461526
2024-04-08T11:15:00-04:00,1224.37414308,1443.34000000,157.13053922,1067.24360386,8.32460386,1058.91900000,0.00000000,0.1283353949,0.1250000000,3,1,26.55461526
2024-04-08T11:30:00-04:00,1217.82521281,1443.34000000,156.68520895,1061.14000386,8.32460386,1052.81540000,0.00000000,0.1286598498,0.1250000000,3,0,26.55461526
2024-04-08T11:45:00-04:00,1212.55064625,1443.34000000,156.57604239,1055.97460386,8.32460386,1047.65000000,0.00000000,0.1291294866,0.1250000000,3,0,26.55461526
2024-04-08T12:00:00-04:00,1212.82042204,1443.34000000,156.43741818,1056.38300386,8.32460386,1048.05840000,0.00000000,0.1289864644,0.1250000000,3,0,26.55461526
2024-04-08T12:15:00-04:00,1215.54995836,1443.34000000,156.64535449,1058.90460386,8.32460386,1050.58000000,0.00000000,0.1288678868,0.1250000000,3,0,26.55461526
2024-04-08T12:30:00-04:00,1214.65838677,1443.34000000,156.81378290,1057.84460386,8.32460386,1049.52000000,0.00000000,0.1291011404,0.1250000000,3,0,26.55461526
2024-04-08T12:45:00-04:00,1214.77564625,1443.34000000,156.57604239,1058.19960386,8.32460386,1049.87500000,0.00000000,0.1288929712,0.1250000000,3,1,26.55461526
2024-04-08T13:00:00-04:00,1208.48322651,1443.34000000,156.74932265,1051.73390386,8.32460386,1043.40930000,0.00000000,0.1297074872,0.1250000000,3,0,26.55461526
2024-04-08T13:15:00-04:00,1208.57665658,1443.34000000,156.84705271,1051.72960386,8.32460386,1043.40500000,0.00000000,0.1297783238,0.1250000000,3,1,26.55461526
2024-04-08T13:30:00-04:00,1211.59374717,1443.34000000,156.74308456,1054.85066261,3.06566261,1051.78500000,0.00000000,0.1293693409,0.1250000000,4,0,26.72328722
2024-04-08T13:45:00-04:00,1212.04145895,1443.34000000,156.59579634,1055.44566261,3.06566261,1052.38000000,0.00000000,0.1292000329,0.1250000000,4,1,26.72328722
2024-04-08T14:00:00-04:00,1211.41920641,1443.34000000,156.76734379,1054.65186261,3.06566261,1051.58620000,0.00000000,0.1294080059,0.1250000000,4,0,26.72328722
2024-04-08T14:15:00-04:00,1212.82429736,1443.34000000,156.81863475,1056.00566261,3.06566261,1052.94000000,0.00000000,0.1293003736,0.1250000000,4,0,26.72328722
2024-04-08T14:30:00-04:00,1212.94101711,1443.34000000,156.64535449,1056.29566261,3.06566261,1053.23000000,0.00000000,0.1291450716,0.1250000000,4,0,26.72328722
2024-04-08T14:45:00-04:00,1213.51261533,1443.34000000,156.84705271,1056.66556261,3.06566261,1053.59990000,0.00000000,0.1292504509,0.1250000000,4,1,26.72328722
2024-04-08T15:00:00-04:00,1212.65589736,1443.34000000,156.81863475,1055.83726261,3.06566261,1052.77160000,0.00000000,0.1293183294,0.1250000000,4,1,26.72328722
2024-04-08T15:15:00-04:00,1211.78709469,1443.34000000,156.84913208,1054.93796261,3.06566261,1051.87230000,0.00000000,0.1294362127,0.1250000000,4,0,26.72328722
2024-04-08T15:30:00-04:00,1206.28498526,1443.34000000,156.74932265,1049.53566261,3.06566261,1046.47000000,0.00000000,0.1299438562,0.1250000000,4,1,26.72328722
2024-04-08T15:45:00-04:00,1203.60524658,1443.34000000,156.71466660,1046.89057999,657.40297999,389.48760000,0.00000000,0.1302043731,0.1250000000,3,3,8.48730592
2024-04-09T09:30:00-04:00,1227.24136957,1443.34000000,157.07855514,1070.16281443,666.86631443,403.29650000,0.00000000,0.1279932041,0.1250000000,3,3,0.29201807
2024-04-09T09:45:00-04:00,1218.86182273,1443.34000000,156.85329080,1062.00853193,3.85943193,1058.14910000,0.00000000,0.1286883286,0.1250000000,5,0,11.54152067
2024-04-09T10:00:00-04:00,1214.95837320,1443.34000000,156.88794686,1058.07042634,393.35612634,664.71430000,0.00000000,0.1291303063,0.1250000000,4,0,11.54152067
2024-04-09T10:15:00-04:00,1210.66338708,1443.34000000,156.81863475,1053.84475233,1008.88475233,44.96000000,0.00000000,0.1295311615,0.1250000000,3,0,1.33284212
2024-04-09T10:30:00-04:00,1209.24741114,1443.34000000,156.00005881,1053.24735233,1008.88475233,44.36260000,0.00000000,0.1290059068,0.1250000000,3,0,1.33284212
2024-04-09T10:45:00-04:00,1208.82379342,1443.34000000,155.70964109,1053.11415233,1008.88475233,44.22940000,0.00000000,0.1288108672,0.1250000000,3,0,1.33284212
2024-04-09T11:00:00-04:00,1209.01278218,1443.34000000,156.29879397,1052.71398820,1044.62468820,8.08930000,0.00000000,0.1292780327,0.1250000000,2,0,0.29201807
2024-04-09T11:15:00-04:00,1208.99308218,1443.34000000,156.29879397,1052.69428820,1044.62468820,8.06960000,0.00000000,0.1292801392,0.1250000000,2,0,0.29201807
2024-04-09T11:30:00-04:00,1208.96088218,1443.34000000,156.29879397,1052.66208820,1044.62468820,8.03740000,0.00000000,0.1292835825,0.1250000000,2,0,0.29201807
2024-04-09T11:45:00-04:00,1208.98528218,1443.34000000,156.29879397,1052.68648820,1044.62468820,8.06180000,0.00000000,0.1292809733,0.1250000000,2,0,0.29201807
2024-04-09T12:00:00-04:00,1209.08588262,1443.34000000,156.38439442,1052.70148820,1044.62468820,8.07680000,0.00000000,0.1293410143,0.1250000000,2,0,0.29201807
2024-04-09T12:15:00-04:00,1209.04848262,1443.34000000,156.38439442,1052.66408820,1044.62468820,8.03940000,0.00000000,0.1293450152,0.1250000000,2,0,0.29201807
2024-04-09T12:30:00-04:00,1209.18020549,1443.34000000,156.54346570,1052.63673979,1049.71113979,2.92560000,0.00000000,0.1294624780,0.1250000000,1,0,0.12334610
2024-04-09T12:45:00-04:00,1209.09921402,1443.34000000,156.47207423,1052.62713979,1049.71113979,2.91600000,0.00000000,0.1294121048,0.1250000000,1,0,0.12334610
2024-04-09T13:00:00-04:00,1208.84826636,1443.34000000,156.22948187,1052.61878449,1052.61878449,0.00000000,0.00000000,0.1292382892,0.1250000000,0,0,0.00000000
2024-04-09T13:15:00-04:00,1209.36810714,1443.34000000,156.74932265,1052.61878449,1052.61878449,0.00000000,0.00000000,0.1296125817,0.1250000000,0,0,0.00000000
2024-04-09T13:30:00-04:00,1209.02917095,1443.34000000,156.41038646,1052.61878449,1052.61878449,0.00000000,0.00000000,0.1293685795,0.1250000000,0,0,0.00000000
2024-04-09T13:45:00-04:00,1209.02917095,1443.34000000,156.41038646,1052.61878449,1052.61878449,0.00000000,0.00000000,0.1293685795,0.1250000000,0,0,0.00000000
2024-04-09T14:00:00-04:00,1209.02917095,1443.34000000,156.41038646,1052.61878449,1052.61878449,0.00000000,0.00000000,0.1293685795,0.1250000000,0,1,0.00000000
2024-04-09T14:15:00-04:00,1206.83950845,1443.34000000,156.41038646,1050.42912199,332.52912199,717.90000000,0.00000000,0.1296033030,0.1250000000,1,0,11.78126136
2024-04-09T14:30:00-04:00,1206.23950845,1443.34000000,156.41038646,1049.82912199,332.52912199,717.30000000,0.00000000,0.1296677694,0.1250000000,1,0,11.78126136
2024-04-09T14:45:00-04:00,1205.48950845,1443.34000000,156.41038646,1049.07912199,332.52912199,716.55000000,0.00000000,0.1297484427,0.1250000000,1,0,11.78126136
2024-04-09T15:00:00-04:00,1205.03135544,1443.34000000,155.95223345,1049.07912199,332.52912199,716.55000000,0.00000000,0.1294175730,0.1250000000,1,0,11.78126136
2024-04-09T15:15:00-04:00,1207.16085227,1443.34000000,156.50673028,1050.65412199,332.52912199,718.12500000,0.00000000,0.1296486131,0.1250000000,1,0,11.78126136
2024-04-09T15:30:00-04:00,1206.33585227,1443.34000000,156.50673028,1049.82912199,332.52912199,717.30000000,0.00000000,0.1297372784,0.1250000000,1,0,11.78126136
2024-04-09T15:45:00-04:00,1208.11310069,1443.34000000,156.78397870,1051.32912199,332.52912199,718.80000000,0.00000000,0.1297759114,0.1250000000,1,3,11.78126136
2024-04-10T09:30:00-04:00,1201.59340533,1443.34000000,155.57101688,1046.02238845,1046.02238845,0.00000000,0.00000000,0.1294705981,0.1250000000,0,1,0.00000000
2024-04-10T09:45:00-04:00,1197.12612909,1443.34000000,155.24178439,1041.88434470,394.80934470,647.07500000,0.00000000,0.1296787202,0.1250000000,1,0,12.02373617
2024-04-10T10:00:00-04:00,1188.77837272,1443.34000000,155.25911242,1033.51926030,1033.51926030,0.00000000,0.00000000,0.1306039174,0.1250000000,0,1,0.00000000
2024-04-10T10:15:00-04:00,1194.01195772,1443.34000000,155.25911242,1038.75284530,357.79284530,680.96000000,0.00000000,0.1300314552,0.1250000000,1,0,12.28828195
2024-04-10T10:30:00-04:00,1196.95195772,1443.34000000,155.25911242,1041.69284530,357.79284530,683.90000000,0.00000000,0.1297120669,0.1250000000,1,0,12.28828195
2024-04-10T10:45:00-04:00,1191.87592587,1443.34000000,155.36308057,1036.51284530,357.79284530,678.72000000,0.00000000,0.1303517230,0.1250000000,1,0,12.28828195
2024-04-10T11:00:00-04:00,1193.78256600,1443.34000000,155.44972070,1038.33284530,357.79284530,680.54000000,0.00000000,0.1302161090,0.1250000000,1,0,12.28828195
2024-04-10T11:15:00-04:00,1194.62256600,1443.34000000,155.44972070,1039.17284530,357.79284530,681.38000000,0.00000000,0.1301245474,0.1250000000,1,0,12.28828195
2024-04-10T11:30:00-04:00,1191.37902079,1443.34000000,155.70617549,1035.67284530,357.79284530,677.88000000,0.00000000,0.1306940720,0.1250000000,1,0,12.28828195
2024-04-10T11:45:00-04:00,1194.15195772,1443.34000000,155.25911242,1038.89284530,357.79284530,681.10000000,0.00000000,0.1300162106,0.1250000000,1,0,12.28828195
2024-04-10T12:00:00-04:00,1193.20523798,1443.34000000,155.43239268,1037.77284530,357.79284530,679.98000000,0.00000000,0.1302645913,0.1250000000,1,0,12.28828195
2024-04-10T12:15:00-04:00,1193.06351562,1443.34000000,155.57067032,1037.49284530,357.79284530,679.70000000,0.00000000,0.1303959666,0.1250000000,1,0,12.28828195
2024-04-10T12:30:00-04:00,1194.97626218,1443.34000000,155.57101688,1039.40524530,357.79284530,681.61240000,0.00000000,0.1301875374,0.1250000000,1,0,12.28828195
2024-04-10T12:45:00-04:00,1196.88264561,1443.34000000,155.18980031,1041.69284530,357.79284530,683.90000000,0.00000000,0.1296616681,0.1250000000,1,0,12.28828195
2024-04-10T13:00:00-04:00,1193.10126982,1443.34000000,155.32842452,1037.77284530,357.79284530,679.98000000,0.00000000,0.1301888016,0.1250000000,1,0,12.28828195
2024-04-10T13:15:00-04:00,1195.33566982,1443.34000000,155.32842452,1040.00724530,357.79284530,682.21440000,0.00000000,0.1299454441,0.1250000000,1,0,12.28828195
2024-04-10T13:30:00-04:00,1192.12126982,1443.34000000,155.32842452,1036.79284530,357.79284530,679.00000000,0.00000000,0.1302958251,0.1250000000,1,0,12.28828195
2024-04-10T13:45:00-04:00,1196.60126982,1443.34000000,155.32842452,1041.27284530,357.79284530,683.48000000,0.00000000,0.1298080058,0.1250000000,1,1,12.28828195
2024-04-10T14:00:00-04:00,1206.33667732,1443.34000000,155.32842452,1051.00825280,3.53735280,1047.47090000,0.00000000,0.1287604260,0.1250000000,2,0,6.93014486
2024-04-10T14:15:00-04:00,1201.41077732,1443.34000000,155.32842452,1046.08235280,3.53735280,1042.54500000,0.00000000,0.1292883562,0.1250000000,2,0,6.93014486
2024-04-10T14:30:00-04:00,1203.68577732,1443.34000000,155.32842452,1048.35735280,3.53735280,1044.82000000,0.00000000,0.1290439976,0.1250000000,2,0,6.93014486
2024-04-10T14:45:00-04:00,1199.50117732,1443.34000000,155.32842452,1044.17275280,3.53735280,1040.63540000,0.00000000,0.1294941826,0.1250000000,2,0,6.93014486
2024-04-10T15:00:00-04:00,1200.50180917,1443.34000000,155.22445636,1045.27735280,3.53735280,1041.74000000,0.00000000,0.1292996438,0.1250000000,2,0,6.93014486
2024-04-10T15:15:00-04:00,1203.47336968,1443.34000000,155.57101688,1047.90235280,3.53735280,1044.36500000,0.00000000,0.1292683501,0.1250000000,2,0,6.93014486
2024-04-10T15:30:00-04:00,1201.47802574,1443.34000000,155.60567294,1045.87235280,3.53735280,1042.33500000,0.00000000,0.1295118759,0.1250000000,2,0,6.93014486
2024-04-10T15:45:00-04:00,1202.72277707,1443.34000000,155.59042427,1047.13235280,3.53735280,1043.59500000,0.00000000,0.1293651598,0.1250000000,2,0,6.93014486
2024-04-11T09:30:00-04:00,1200.76389817,1443.34000000,150.66738727,1050.09651090,9.19791090,1040.89860000,0.00000000,0.1254762801,0.1250000000,2,0,6.93014486
2024-04-11T09:45:00-04:00,1198.68399617,1443.34000000,150.64968527,1048.03431090,9.19791090,1038.83640000,0.00000000,0.1256792330,0.1250000000,2,1,6.93014486
2024-04-11T10:00:00-04:00,1197.98438619,1443.34000000,150.32737530,1047.65701090,9.19791090,1038.45910000,0.00000000,0.1254835848,0.1250000000,2,1,6.93014486
2024-04-11T10:15:00-04:00,1190.82788895,1443.34000000,150.60058727,1040.22730168,689.87730168,350.35000000,0.00000000,0.1264671315,0.1250000000,1,0,6.93014486
2024-04-11T10:30:00-04:00,1188.21888898,1443.34000000,150.26658730,1037.95230168,689.87730168,348.07500000,0.00000000,0.1264637254,0.1250000000,1,0,6.93014486
2024-04-11T10:45:00-04:00,1187.37574260,1443.34000000,150.43358729,1036.94215531,1036.94215531,0.00000000,0.00000000,0.1266941726,0.1250000000,0,0,0.00000000
2024-04-11T11:00:00-04:00,1187.27554261,1443.34000000,150.33338730,1036.94215531,1036.94215531,0.00000000,0.00000000,0.1266204701,0.1250000000,0,0,0.00000000
2024-04-11T11:15:00-04:00,1187.45924259,1443.34000000,150.51708728,1036.94215531,1036.94215531,0.00000000,0.00000000,0.1267555819,0.1250000000,0,0,0.00000000
2024-04-11T11:30:00-04:00,1187.47594259,1443.34000000,150.53378728,1036.94215531,1036.94215531,0.00000000,0.00000000,0.1267678627,0.1250000000,0,0,0.00000000
2024-04-11T11:45:00-04:00,1187.80994256,1443.34000000,150.86778725,1036.94215531,1036.94215531,0.00000000,0.00000000,0.1270134066,0.1250000000,0,1,0.00000000
2024-04-11T12:00:00-04:00,1197.00591956,1443.34000000,150.86778725,1046.13813231,343.05813231,703.08000000,0.00000000,0.1260376284,0.1250000000,1,0,12.35860418
2024-04-11T12:15:00-04:00,1193.68380156,1443.34000000,150.97566924,1042.70813231,343.05813231,699.65000000,0.00000000,0.1264787786,0.1250000000,1,0,12.35860418
2024-04-11T12:30:00-04:00,1192.77380156,1443.34000000,150.97566924,1041.79813231,343.05813231,698.74000000,0.00000000,0.1265752727,0.1250000000,1,0,12.35860418
2024-04-11T12:45:00-04:00,1196.82611956,1443.34000000,150.96798724,1045.85813231,343.05813231,702.80000000,0.00000000,0.1261402845,0.1250000000,1,0,12.35860418
2024-04-11T13:00:00-04:00,1199.51311954,1443.34000000,151.13498723,1048.37813231,343.05813231,705.32000000,0.00000000,0.1259969439,0.1250000000,1,0,12.35860418
2024-04-11T13:15:00-04:00,1200.02831954,1443.34000000,151.13498723,1048.89333231,343.05813231,705.83520000,0.00000000,0.1259428505,0.1250000000,1,0,12.35860418
2024-04-11T13:30:00-04:00,1200.63171954,1443.34000000,151.13498723,1049.49673231,343.05813231,706.43860000,0.00000000,0.1258795555,0.1250000000,1,0,12.35860418
2024-04-11T13:45:00-04:00,1199.09311954,1443.34000000,151.13498723,1047.95813231,343.05813231,704.90000000,0.00000000,0.1260410762,0.1250000000,1,0,12.35860418
2024-04-11T14:00:00-04:00,1204.67105350,1443.34000000,151.60292119,1053.06813231,343.05813231,710.01000000,0.00000000,0.1258459069,0.1250000000,1,0,0.00000000
2024-04-11T14:15:00-04:00,1207.40851945,1443.34000000,152.17038714,1055.23813231,343.05813231,712.18000000,0.00000000,0.1260305727,0.1250000000,1,0,0.00000000
2024-04-11T14:30:00-04:00,1206.63211944,1443.34000000,152.30398713,1054.32813231,343.05813231,711.27000000,0.00000000,0.1262223876,0.1250000000,1,0,0.00000000
2024-04-11T14:45:00-04:00,1205.72211944,1443.34000000,152.30398713,1053.41813231,343.05813231,710.36000000,0.00000000,0.1263176520,0.1250000000,1,0,0.00000000
2024-04-11T15:00:00-04:00,1204.88211944,1443.34000000,152.30398713,1052.57813231,343.05813231,709.52000000,0.00000000,0.1264057161,0.1250000000,1,0,0.00000000
2024-04-11T15:15:00-04:00,1205.56505347,1443.34000000,151.93692116,1053.62813231,343.05813231,710.57000000,0.00000000,0.1260296329,0.1250000000,1,0,0.00000000
2024-04-11T15:30:00-04:00,1204.79505347,1443.34000000,151.93692116,1052.85813231,343.05813231,709.80000000,0.00000000,0.1261101801,0.1250000000,1,3,0.00000000
2024-04-11T15:45:00-04:00,1198.56445394,1443.34000000,152.32168913,1046.24276481,2.31276481,1043.93000000,0.00000000,0.1270867734,0.1250000000,3,3,6.14558208
2024-04-12T09:30:00-04:00,1200.40829565,1443.34000000,150.00606732,1050.40222833,718.42222833,331.98000000,0.00000000,0.1249625381,0.1250000000,1,2,4.64995962
2024-04-12T09:45:00-04:00,1197.78659560,1443.34000000,150.66738727,1047.11920833,0.52420833,1046.59500000,0.00000000,0.1257881728,0.1250000000,2,0,17.96036689
2024-04-12T10:00:00-04:00,1189.34163362,1443.34000000,150.35242529,1038.98920833,0.52420833,1038.46500000,0.00000000,0.1264165157,0.1250000000,2,1,17.96036689
2024-04-12T10:15:00-04:00,1193.96919364,1443.34000000,150.13198531,1043.83720833,0.52420833,1043.31300000,0.00000000,0.1257419254,0.1250000000,2,1,17.96036689
2024-04-12T10:30:00-04:00,1194.13619364,1443.34000000,150.13198531,1044.00420833,0.52420833,1043.48000000,0.00000000,0.1257243404,0.1250000000,2,0,17.96036689
2024-04-12T10:45:00-04:00,1188.18953642,1443.34000000,149.63198736,1038.55754906,328.51754906,710.04000000,0.00000000,0.1259327597,0.1250000000,1,1,13.31040726
2024-04-12T11:00:00-04:00,1215.18336444,1443.34000000,149.44828737,1065.73507706,93.04507706,972.69000000,0.00000000,0.1229841452,0.1250000000,2,0,48.05665769
2024-04-12T11:15:00-04:00,1251.33888558,1443.34000000,149.49838737,1101.84049822,1101.84049822,0.00000000,0.00000000,0.1194707438,0.1250000000,0,0,0.00000000
2024-04-12T11:30:00-04:00,1251.33888558,1443.34000000,149.49838737,1101.84049822,1101.84049822,0.00000000,0.00000000,0.1194707438,0.1250000000,0,0,0.00000000
2024-04-12T11:45:00-04:00,1251.33888558,1443.34000000,149.49838737,1101.84049822,1101.84049822,0.00000000,0.00000000,0.1194707438,0.1250000000,0,0,0.00000000
2024-04-12T12:00:00-04:00,1251.33888558,1443.34000000,149.49838737,1101.84049822,1101.84049822,0.00000000,0.00000000,0.1194707438,0.1250000000,0,0,0.00000000
2024-04-12T12:15:00-04:00,1251.50588557,1443.34000000,149.66538735,1101.84049822,1101.84049822,0.00000000,0.00000000,0.1195882409,0.1250000000,0,0,0.00000000
2024-04-12T12:30:00-04:00,1251.35558558,1443.34000000,149.51508737,1101.84049822,1101.84049822,0.00000000,0.00000000,0.1194824949,0.1250000000,0,0,0.00000000
2024-04-12T12:45:00-04:00,1251.10508560,1443.34000000,149.26458739,1101.84049822,1101.84049822,0.00000000,0.00000000,0.1193061951,0.1250000000,0,0,0.00000000
2024-04-12T13:00:00-04:00,1251.13848560,1443.34000000,149.29798738,1101.84049822,1101.84049822,0.00000000,0.00000000,0.1193297058,0.1250000000,0,0,0.00000000
2024-04-12T13:15:00-04:00,1251.03828561,1443.34000000,149.19778739,1101.84049822,1101.84049822,0.00000000,0.00000000,0.1192591699,0.1250000000,0,0,0.00000000
2024-04-12T13:30:00-04:00,1250.93808562,1443.34000000,149.09758740,1101.84049822,1101.84049822,0.00000000,0.00000000,0.1191886226,0.1250000000,0,0,0.00000000
2024-04-12T13:45:00-04:00,1251.30548559,1443.34000000,149.46498737,1101.84049822,1101.84049822,0.00000000,0.00000000,0.1194472406,0.1250000000,0,0,0.00000000
2024-04-12T14:00:00-04:00,1251.50588557,1443.34000000,149.66538735,1101.84049822,1101.84049822,0.00000000,0.00000000,0.1195882409,0.1250000000,0,0,0.00000000
2024-04-12T14:15:00-04:00,1250.80448563,1443.34000000,148.96398741,1101.84049822,1101.84049822,0.00000000,0.00000000,0.1190945421,0.1250000000,0,0,0.00000000
2024-04-12T14:30:00-04:00,1250.80448563,1443.34000000,148.96398741,1101.84049822,1101.84049822,0.00000000,0.00000000,0.1190945421,0.1250000000,0,0,0.00000000
2024-04-12T14:45:00-04:00,1251.17188560,1443.34000000,149.33138738,1101.84049822,1101.84049822,0.00000000,0.00000000,0.1193532153,0.1250000000,0,0,0.00000000
2024-04-12T15:00:00-04:00,1251.17188560,1443.34000000,149.33138738,1101.84049822,1101.84049822,0.00000000,0.00000000,0.1193532153,0.1250000000,0,0,0.00000000
2024-04-12T15:15:00-04:00,1250.98183961,1443.34000000,149.14134140,1101.84049822,1101.84049822,0.00000000,0.00000000,0.1192194296,0.1250000000,0,0,0.00000000
2024-04-12T15:30:00-04:00,1250.98183961,1443.34000000,149.14134140,1101.84049822,1101.84049822,0.00000000,0.00000000,0.1192194296,0.1250000000,0,0,0.00000000
2024-04-12T15:45:00-04:00,1251.13848560,1443.34000000,149.29798738,1101.84049822,1101.84049822,0.00000000,0.00000000,0.1193297058,0.1250000000,0,0,0.00000000
2024-04-15T09:30:00-04:00,1252.00721953,1443.34000000,150.16672131,1101.84049822,1101.84049822,0.00000000,0.00000000,0.1199407791,0.1250000000,0,0,0.00000000
2024-04-15T09:45:00-04:00,1251.96747353,1443.34000000,150.12697531,1101.84049822,1101.84049822,0.00000000,0.00000000,0.1199128400,0.1250000000,0,0,0.00000000
2024-04-15T10:00:00-04:00,1251.87328554,1443.34000000,150.03278732,1101.84049822,1101.84049822,0.00000000,0.00000000,0.1198466243,0.1250000000,0,0,0.00000000
2024-04-15T10:15:00-04:00,1251.57268556,1443.34000000,149.73218735,1101.84049822,1101.84049822,0.00000000,0.00000000,0.1196352310,0.1250000000,0,0,0.00000000
2024-04-15T10:30:00-04:00,1251.63948556,1443.34000000,149.79898734,1101.84049822,1101.84049822,0.00000000,0.00000000,0.1196822161,0.1250000000,0,0,0.00000000
2024-04-15T10:45:00-04:00,1251.63948556,1443.34000000,149.79898734,1101.84049822,1101.84049822,0.00000000,0.00000000,0.1196822161,0.1250000000,0,0,0.00000000
2024-04-15T11:00:00-04:00,1251.63948556,1443.34000000,149.79898734,1101.84049822,1101.84049822,0.00000000,0.00000000,0.1196822161,0.1250000000,0,0,0.00000000
2024-04-15T11:15:00-04:00,1251.13881960,1443.34000000,149.29832138,1101.84049822,1101.84049822,0.00000000,0.00000000,0.1193299409,0.1250000000,0,0,0.00000000
2024-04-15T11:30:00-04:00,1251.13881960,1443.34000000,149.29832138,1101.84049822,1101.84049822,0.00000000,0.00000000,0.1193299409,0.1250000000,0,0,0.00000000
2024-04-15T11:45:00-04:00,1251.30548559,1443.34000000,149.46498737,1101.84049822,1101.84049822,0.00000000,0.00000000,0.1194472406,0.1250000000,0,0,0.00000000
2024-04-15T12:00:00-04:00,1251.30548559,1443.34000000,149.46498737,1101.84049822,1101.84049822,0.00000000,0.00000000,0.1194472406,0.1250000000,0,0,0.00000000
2024-04-15T12:15:00-04:00,1251.20528559,1443.34000000,149.36478738,1101.84049822,1101.84049822,0.00000000,0.00000000,0.1193767235,0.1250000000,0,0,0.00000000
2024-04-15T12:30:00-04:00,1251.03828561,1443.34000000,149.19778739,1101.84049822,1101.84049822,0.00000000,0.00000000,0.1192591699,0.1250000000,0,0,0.00000000
2024-04-15T12:45:00-04:00,1250.80448563,1443.34000000,148.96398741,1101.84049822,1101.84049822,0.00000000,0.00000000,0.1190945421,0.1250000000,0,0,0.00000000
2024-04-15T13:00:00-04:00,1250.73768563,1443.34000000,148.89718742,1101.84049822,1101.84049822,0.00000000,0.00000000,0.1190474942,0.1250000000,0,0,0.00000000
2024-04-15T13:15:00-04:00,1250.47048566,1443.34000000,148.62998744,1101.84049822,1101.84049822,0.00000000,0.00000000,0.1188592527,0.1250000000,0,0,0.00000000
2024-04-15T13:30:00-04:00,1250.47048566,1443.34000000,148.62998744,1101.84049822,1101.84049822,0.00000000,0.00000000,0.1188592527,0.1250000000,0,1,0.00000000
2024-04-15T13:45:00-04:00,1247.42007576,1443.34000000,147.39418754,1100.02588822,922.22588822,177.80000000,0.00000000,0.1181592235,0.1250000000,1,0,36.06059859
2024-04-15T14:00:00-04:00,1257.07367575,1443.34000000,147.52778753,1109.54588822,922.22588822,187.32000000,0.00000000,0.1173581075,0.1250000000,1,0,36.06059859
2024-04-15T14:15:00-04:00,1253.92687576,1443.34000000,147.46098754,1106.46588822,922.22588822,184.24000000,0.00000000,0.1175993516,0.1250000000,1,0,36.06059859
2024-04-15T14:30:00-04:00,1256.30687576,1443.34000000,147.46098754,1108.84588822,922.22588822,186.62000000,0.00000000,0.1173765665,0.1250000000,1,0,36.06059859
2024-04-15T14:45:00-04:00,1244.93987577,1443.34000000,147.29398755,1097.64588822,922.22588822,175.42000000,0.00000000,0.1183141374,0.1250000000,1,0,36.06059859
2024-04-15T15:00:00-04:00,1249.22620980,1443.34000000,146.96032158,1102.26588822,922.22588822,180.04000000,0.00000000,0.1176410809,0.1250000000,1,0,36.06059859
2024-04-15T15:15:00-04:00,1247.01287578,1443.34000000,147.12698757,1099.88588822,922.22588822,177.66000000,0.00000000,0.1179835352,0.1250000000,1,0,36.06059859
2024-04-15T15:30:00-04:00,1247.57287578,1443.34000000,147.12698757,1100.44588822,922.22588822,178.22000000,0.00000000,0.1179305758,0.1250000000,1,0,36.06059859
2024-04-15T15:45:00-04:00,1245.50627578,1443.34000000,147.16038756,1098.34588822,922.22588822,176.12000000,0.00000000,0.1181530679,0.1250000000,1,0,36.06059859
2024-04-16T09:30:00-04:00,1213.02333567,1443.34000000,147.35110155,1065.67223412,1065.67223412,0.00000000,0.00000000,0.1214742513,0.1250000000,0,0,0.00000000
2024-04-16T09:45:00-04:00,1213.02333567,1443.34000000,147.35110155,1065.67223412,1065.67223412,0.00000000,0.00000000,0.1214742513,0.1250000000,0,0,0.00000000
2024-04-16T10:00:00-04:00,1213.02333567,1443.34000000,147.35110155,1065.67223412,1065.67223412,0.00000000,0.00000000,0.1214742513,0.1250000000,0,0,0.00000000
2024-04-16T10:15:00-04:00,1213.02333567,1443.34000000,147.35110155,1065.67223412,1065.67223412,0.00000000,0.00000000,0.1214742513,0.1250000000,0,0,0.00000000
2024-04-16T10:30:00-04:00,1213.02333567,1443.34000000,147.35110155,1065.67223412,1065.67223412,0.00000000,0.00000000,0.1214742513,0.1250000000,0,0,0.00000000
2024-04-16T10:45:00-04:00,1212.68165370,1443.34000000,147.00941958,1065.67223412,1065.67223412,0.00000000,0.00000000,0.1212267202,0.1250000000,0,0,0.00000000
2024-04-16T11:00:00-04:00,1212.68165370,1443.34000000,147.00941958,1065.67223412,1065.67223412,0.00000000,0.00000000,0.1212267202,0.1250000000,0,0,0.00000000
2024-04-16T11:15:00-04:00,1212.63222170,1443.34000000,146.95998758,1065.67223412,1065.67223412,0.00000000,0.00000000,0.1211908977,0.1250000000,0,0,0.00000000
2024-04-16T11:30:00-04:00,1212.63222170,1443.34000000,146.95998758,1065.67223412,1065.67223412,0.00000000,0.00000000,0.1211908977,0.1250000000,0,0,0.00000000
2024-04-16T11:45:00-04:00,1212.96622168,1443.34000000,147.29398755,1065.67223412,1065.67223412,0.00000000,0.00000000,0.1214328849,0.1250000000,0,0,0.00000000
2024-04-16T12:00:00-04:00,1212.96622168,1443.34000000,147.29398755,1065.67223412,1065.67223412,0.00000000,0.00000000,0.1214328849,0.1250000000,0,0,0.00000000
2024-04-16T12:15:00-04:00,1212.96622168,1443.34000000,147.29398755,1065.67223412,1065.67223412,0.00000000,0.00000000,0.1214328849,0.1250000000,0,0,0.00000000
2024-04-16T12:30:00-04:00,1212.96622168,1443.34000000,147.29398755,1065.67223412,1065.67223412,0.00000000,0.00000000,0.1214328849,0.1250000000,0,0,0.00000000
2024-04-16T12:45:00-04:00,1213.13322166,1443.34000000,147.46098754,1065.67223412,1065.67223412,0.00000000,0.00000000,0.1215538285,0.1250000000,0,0,0.00000000
2024-04-16T13:00:00-04:00,1212.91612168,1443.34000000,147.24388756,1065.67223412,1065.67223412,0.00000000,0.00000000,0.1213965953,0.1250000000,0,0,0.00000000
2024-04-16T13:15:00-04:00,1212.91612168,1443.34000000,147.24388756,1065.67223412,1065.67223412,0.00000000,0.00000000,0.1213965953,0.1250000000,0,0,0.00000000
2024-04-16T13:30:00-04:00,1212.91612168,1443.34000000,147.24388756,1065.67223412,1065.67223412,0.00000000,0.00000000,0.1213965953,0.1250000000,0,0,0.00000000
2024-04-16T13:45:00-04:00,1212.84030369,1443.34000000,147.16806956,1065.67223412,1065.67223412,0.00000000,0.00000000,0.1213416714,0.1250000000,0,0,0.00000000
2024-04-16T14:00:00-04:00,1212.84030369,1443.34000000,147.16806956,1065.67223412,1065.67223412,0.00000000,0.00000000,0.1213416714,0.1250000000,0,0,0.00000000
2024-04-16T14:15:00-04:00,1212.96622168,1443.34000000,147.29398755,1065.67223412,1065.67223412,0.00000000,0.00000000,0.1214328849,0.1250000000,0,0,0.00000000
2024-04-16T14:30:00-04:00,1213.03302167,1443.34000000,147.36078755,1065.67223412,1065.67223412,0.00000000,0.00000000,0.1214812663,0.1250000000,0,0,0.00000000
2024-04-16T14:45:00-04:00,1213.16662166,1443.34000000,147.49438754,1065.67223412,1065.67223412,0.00000000,0.00000000,0.1215780132,0.1250000000,0,0,0.00000000
2024-04-16T15:00:00-04:00,1213.16662166,1443.34000000,147.49438754,1065.67223412,1065.67223412,0.00000000,0.00000000,0.1215780132,0.1250000000,0,0,0.00000000
2024-04-16T15:15:00-04:00,1213.30022165,1443.34000000,147.62798753,1065.67223412,1065.67223412,0.00000000,0.00000000,0.1216747388,0.1250000000,0,0,0.00000000
2024-04-16T15:30:00-04:00,1213.63088162,1443.34000000,147.95864750,1065.67223412,1065.67223412,0.00000000,0.00000000,0.1219140430,0.1250000000,0,0,0.00000000
2024-04-16T15:45:00-04:00,1213.63088162,1443.34000000,147.95864750,1065.67223412,1065.67223412,0.00000000,0.00000000,0.1219140430,0.1250000000,0,0,0.00000000
2024-04-17T09:30:00-04:00,1212.93282168,1443.34000000,147.26058756,1065.67223412,1065.67223412,0.00000000,0.00000000,0.1214086922,0.1250000000,0,0,0.00000000
2024-04-17T09:45:00-04:00,1212.69902170,1443.34000000,147.02678758,1065.67223412,1065.67223412,0.00000000,0.00000000,0.1212393058,0.1250000000,0,0,0.00000000
2024-04-17T10:00:00-04:00,1212.13122175,1443.34000000,146.45898762,1065.67223412,1065.67223412,0.00000000,0.00000000,0.1208276670,0.1250000000,0,0,0.00000000
2024-04-17T10:15:00-04:00,1212.13122175,1443.34000000,146.45898762,1065.67223412,1065.67223412,0.00000000,0.00000000,0.1208276670,0.1250000000,0,0,0.00000000
2024-04-17T10:30:00-04:00,1212.42580972,1443.34000000,146.75357560,1065.67223412,1065.67223412,0.00000000,0.00000000,0.1210412830,0.1250000000,0,0,0.00000000
2024-04-17T10:45:00-04:00,1211.73042178,1443.34000000,146.05818766,1065.67223412,1065.67223412,0.00000000,0.00000000,0.1205368661,0.1250000000,0,0,0.00000000
2024-04-17T11:00:00-04:00,1211.73042178,1443.34000000,146.05818766,1065.67223412,1065.67223412,0.00000000,0.00000000,0.1205368661,0.1250000000,0,1,0.00000000
2024-04-17T11:15:00-04:00,1223.18294098,1443.34000000,146.09025166,1077.09268932,377.22988932,699.86280000,0.00000000,0.1194345071,0.1250000000,1,0,36.33964677
2024-04-17T11:30:00-04:00,1235.82587703,1443.34000000,145.45698771,1090.36888932,377.22988932,713.13900000,0.00000000,0.1177002282,0.1250000000,1,0,36.33964677
2024-04-17T11:45:00-04:00,1239.77735698,1443.34000000,145.99806766,1093.77928932,377.22988932,716.54940000,0.00000000,0.1177615213,0.1250000000,1,0,36.33964677
2024-04-17T12:00:00-04:00,1226.15847704,1443.34000000,145.28998772,1080.86848932,377.22988932,703.63860000,0.00000000,0.1184920142,0.1250000000,1,0,36.33964677
2024-04-17T12:15:00-04:00,1239.06927704,1443.34000000,145.28998772,1093.77928932,377.22988932,716.54940000,0.00000000,0.1172573563,0.1250000000,1,0,36.33964677
2024-04-17T12:30:00-04:00,1224.64187704,1443.34000000,145.35678772,1079.28508932,377.22988932,702.05520000,0.00000000,0.1186933016,0.1250000000,1,0,36.33964677
2024-04-17T12:45:00-04:00,1233.93207704,1443.34000000,145.39018771,1088.54188932,377.22988932,711.31200000,0.00000000,0.1178267349,0.1250000000,1,0,36.33964677
2024-04-17T13:00:00-04:00,1241.06817704,1443.34000000,145.34008772,1095.72808932,377.22988932,718.49820000,0.00000000,0.1171088667,0.1250000000,1,0,36.33964677
2024-04-17T13:15:00-04:00,1242.49147703,1443.34000000,145.42358771,1097.06788932,377.22988932,719.83800000,0.00000000,0.1170419197,0.1250000000,1,0,36.33964677
2024-04-17T13:30:00-04:00,1241.15167703,1443.34000000,145.42358771,1095.72808932,377.22988932,718.49820000,0.00000000,0.1171682643,0.1250000000,1,0,36.33964677
2024-04-17T13:45:00-04:00,1199.25247703,1443.34000000,145.42358771,1053.82888932,377.22988932,676.59900000,0.00000000,0.1212618614,0.1250000000,1,0,36.33964677
2024-04-17T14:00:00-04:00,1174.26709804,1443.34000000,145.42358771,1028.84351033,1028.84351033,0.00000000,0.00000000,0.1238420015,0.1250000000,0,0,0.00000000
2024-04-17T14:15:00-04:00,1174.26709804,1443.34000000,145.42358771,1028.84351033,1028.84351033,0.00000000,0.00000000,0.1238420015,0.1250000000,0,0,0.00000000
2024-04-17T14:30:00-04:00,1174.26709804,1443.34000000,145.42358771,1028.84351033,1028.84351033,0.00000000,0.00000000,0.1238420015,0.1250000000,0,0,0.00000000
2024-04-17T14:45:00-04:00,1174.96849798,1443.34000000,146.12498765,1028.84351033,1028.84351033,0.00000000,0.00000000,0.1243650259,0.1250000000,0,0,0.00000000
2024-04-17T15:00:00-04:00,1174.96849798,1443.34000000,146.12498765,1028.84351033,1028.84351033,0.00000000,0.00000000,0.1243650259,0.1250000000,0,0,0.00000000
2024-04-17T15:15:00-04:00,1173.93309806,1443.34000000,145.08958774,1028.84351033,1028.84351033,0.00000000,0.00000000,0.1235927226,0.1250000000,0,0,0.00000000
2024-04-17T15:30:00-04:00,1173.99989806,1443.34000000,145.15638773,1028.84351033,1028.84351033,0.00000000,0.00000000,0.1236425897,0.1250000000,0,0,0.00000000
2024-04-17T15:45:00-04:00,1174.16689805,1443.34000000,145.32338772,1028.84351033,1028.84351033,0.00000000,0.00000000,0.1237672327,0.1250000000,0,0,0.00000000
2024-04-18T09:30:00-04:00,1173.63249809,1443.34000000,144.78898777,1028.84351033,1028.84351033,0.00000000,0.00000000,0.1233682503,0.1250000000,0,0,0.00000000
2024-04-18T09:45:00-04:00,1173.83289807,1443.34000000,144.98938775,1028.84351033,1028.84351033,0.00000000,0.00000000,0.1235179113,0.1250000000,0,0,0.00000000
2024-04-18T10:00:00-04:00,1173.69929808,1443.34000000,144.85578776,1028.84351033,1028.84351033,0.00000000,0.00000000,0.1234181430,0.1250000000,0,0,0.00000000
2024-04-18T10:15:00-04:00,1174.06402605,1443.34000000,145.22051573,1028.84351033,1028.84351033,0.00000000,0.00000000,0.1236904568,0.1250000000,0,0,0.00000000
2024-04-18T10:30:00-04:00,1174.06402605,1443.34000000,145.22051573,1028.84351033,1028.84351033,0.00000000,0.00000000,0.1236904568,0.1250000000,0,0,0.00000000
2024-04-18T10:45:00-04:00,1174.26709804,1443.34000000,145.42358771,1028.84351033,1028.84351033,0.00000000,0.00000000,0.1238420015,0.1250000000,0,1,0.00000000
2024-04-18T11:00:00-04:00,1174.30167804,1443.34000000,145.42358771,1028.87809033,327.75809033,701.12000000,0.00000000,0.1238383547,0.1250000000,1,0,27.25173783
2024-04-18T11:15:00-04:00,1168.42167804,1443.34000000,145.42358771,1022.99809033,327.75809033,695.24000000,0.00000000,0.1244615625,0.1250000000,1,0,27.25173783
2024-04-18T11:30:00-04:00,1163.94167804,1443.34000000,145.42358771,1018.51809033,327.75809033,690.76000000,0.00000000,0.1249406138,0.1250000000,1,0,27.25173783
2024-04-18T11:45:00-04:00,1164.81507803,1443.34000000,145.45698771,1019.35809033,327.75809033,691.60000000,0.00000000,0.1248756051,0.1250000000,1,0,27.25173783
2024-04-18T12:00:00-04:00,1157.53507803,1443.34000000,145.45698771,1012.07809033,327.75809033,684.32000000,0.00000000,0.1256609760,0.1250000000,1,0,27.25173783
2024-04-18T12:15:00-04:00,1146.41980495,1443.34000000,145.33340772,1001.08639723,1001.08639723,0.00000000,0.00000000,0.1267715431,0.1250000000,0,0,0.00000000
2024-04-18T12:30:00-04:00,1146.41980495,1443.34000000,145.33340772,1001.08639723,1001.08639723,0.00000000,0.00000000,0.1267715431,0.1250000000,0,0,0.00000000
2024-04-18T12:45:00-04:00,1146.41980495,1443.34000000,145.33340772,1001.08639723,1001.08639723,0.00000000,0.00000000,0.1267715431,0.1250000000,0,0,0.00000000
2024-04-18T13:00:00-04:00,1146.41980495,1443.34000000,145.33340772,1001.08639723,1001.08639723,0.00000000,0.00000000,0.1267715431,0.1250000000,0,0,0.00000000
2024-04-18T13:15:00-04:00,1146.41980495,1443.34000000,145.33340772,1001.08639723,1001.08639723,0.00000000,0.00000000,0.1267715431,0.1250000000,0,0,0.00000000
2024-04-18T13:30:00-04:00,1146.41980495,1443.34000000,145.33340772,1001.08639723,1001.08639723,0.00000000,0.00000000,0.1267715431,0.1250000000,0,0,0.00000000
2024-04-18T13:45:00-04:00,1146.41980495,1443.34000000,145.33340772,1001.08639723,1001.08639723,0.00000000,0.00000000,0.1267715431,0.1250000000,0,0,0.00000000
2024-04-18T14:00:00-04:00,1146.41980495,1443.34000000,145.33340772,1001.08639723,1001.08639723,0.00000000,0.00000000,0.1267715431,0.1250000000,0,0,0.00000000
2024-04-18T14:15:00-04:00,1145.80324101,1443.34000000,144.71684377,1001.08639723,1001.08639723,0.00000000,0.00000000,0.1263016534,0.1250000000,0,0,0.00000000
2024-04-18T14:30:00-04:00,1145.60818502,1443.34000000,144.52178779,1001.08639723,1001.08639723,0.00000000,0.00000000,0.1261528939,0.1250000000,0,0,0.00000000
2024-04-18T14:45:00-04:00,1145.44118504,1443.34000000,144.35478780,1001.08639723,1001.08639723,0.00000000,0.00000000,0.1260254910,0.1250000000,0,0,0.00000000
2024-04-18T15:00:00-04:00,1145.27418505,1443.34000000,144.18778782,1001.08639723,1001.08639723,0.00000000,0.00000000,0.1258980511,0.1250000000,0,0,0.00000000
2024-04-18T15:15:00-04:00,1145.27418505,1443.34000000,144.18778782,1001.08639723,1001.08639723,0.00000000,0.00000000,0.1258980511,0.1250000000,0,0,0.00000000
2024-04-18T15:30:00-04:00,1145.27418505,1443.34000000,144.18778782,1001.08639723,1001.08639723,0.00000000,0.00000000,0.1258980511,0.1250000000,0,0,0.00000000
2024-04-18T15:45:00-04:00,1145.54138503,1443.34000000,144.45498779,1001.08639723,1001.08639723,0.00000000,0.00000000,0.1261019372,0.1250000000,0,0,0.00000000
2024-04-19T09:30:00-04:00,1146.43362921,1443.34000000,144.45498779,1001.97864142,1001.97864142,0.00000000,0.00000000,0.1260037948,0.1250000000,0,1,0.00000000
2024-04-19T09:45:00-04:00,1149.72479621,1443.34000000,144.45498779,1005.26980842,315.01980842,690.25000000,0.00000000,0.1256431002,0.1250000000,1,0,13.51077696
2024-04-19T10:00:00-04:00,1147.33999627,1443.34000000,143.72018786,1003.61980842,315.01980842,688.60000000,0.00000000,0.1252638175,0.1250000000,1,0,13.51077696
2024-04-19T10:15:00-04:00,1138.50439637,1443.34000000,142.58458795,995.91980842,315.01980842,680.90000000,0.00000000,0.1252385045,0.1250000000,1,0,13.51077696
2024-04-19T10:30:00-04:00,1137.37133037,1443.34000000,142.55152195,994.81980842,315.01980842,679.80000000,0.00000000,0.1253341966,0.1250000000,1,0,13.51077696
2024-04-19T10:45:00-04:00,1139.49193633,1443.34000000,143.02212791,996.46980842,315.01980842,681.45000000,0.00000000,0.1255139447,0.1250000000,1,0,13.51077696
2024-04-19T11:00:00-04:00,1136.74193633,1443.34000000,143.02212791,993.71980842,315.01980842,678.70000000,0.00000000,0.1258175874,0.1250000000,1,0,13.51077696
2024-04-19T11:15:00-04:00,1137.29193633,1443.34000000,143.02212791,994.26980842,315.01980842,679.25000000,0.00000000,0.1257567414,0.1250000000,1,0,13.51077696
2024-04-19T11:30:00-04:00,1133.45586638,1443.34000000,142.48605796,990.96980842,315.01980842,675.95000000,0.00000000,0.1257094009,0.1250000000,1,0,13.51077696
2024-04-19T11:45:00-04:00,1134.55586638,1443.34000000,142.48605796,992.06980842,315.01980842,677.05000000,0.00000000,0.1255875204,0.1250000000,1,0,13.51077696
2024-04-19T12:00:00-04:00,1130.14623240,1443.34000000,142.18345399,987.96277842,987.96277842,0.00000000,0.00000000,0.1258097845,0.1250000000,0,0,0.00000000
2024-04-19T12:15:00-04:00,1130.14623240,1443.34000000,142.18345399,987.96277842,987.96277842,0.00000000,0.00000000,0.1258097845,0.1250000000,0,0,0.00000000
2024-04-19T12:30:00-04:00,1129.80421643,1443.34000000,141.84143801,987.96277842,987.96277842,0.00000000,0.00000000,0.1255451484,0.1250000000,0,1,0.00000000
2024-04-19T12:45:00-04:00,1131.46676139,1443.34000000,142.28398798,989.18277342,371.36067342,617.82210000,0.00000000,0.1257518054,0.1250000000,1,0,33.88273543
2024-04-19T13:00:00-04:00,1125.05966139,1443.34000000,142.28398798,982.77567342,371.36067342,611.41500000,0.00000000,0.1264679491,0.1250000000,1,0,33.88273543
2024-04-19T13:15:00-04:00,1124.09576139,1443.34000000,142.28398798,981.81177342,371.36067342,610.45110000,0.00000000,0.1265763940,0.1250000000,1,0,33.88273543
2024-04-19T13:30:00-04:00,1128.83966139,1443.34000000,142.28398798,986.55567342,371.36067342,615.19500000,0.00000000,0.1260444622,0.1250000000,1,0,33.88273543
2024-04-19T13:45:00-04:00,1123.16966139,1443.34000000,142.28398798,980.88567342,371.36067342,609.52500000,0.00000000,0.1266807615,0.1250000000,1,0,33.88273543
2024-04-19T14:00:00-04:00,1119.86706143,1443.34000000,141.81638802,978.05067342,371.36067342,606.69000000,0.00000000,0.1266368062,0.1250000000,1,0,33.88273543
2024-04-19T14:15:00-04:00,1113.58606140,1443.34000000,142.15038799,971.43567342,371.36067342,600.07500000,0.00000000,0.1276510123,0.1250000000,1,0,33.88273543
2024-04-19T14:30:00-04:00,1112.64106140,1443.34000000,142.15038799,970.49067342,371.36067342,599.13000000,0.00000000,0.1277594302,0.1250000000,1,0,33.88273543
2024-04-19T14:45:00-04:00,1112.03986145,1443.34000000,141.54918804,970.49067342,371.36067342,599.13000000,0.00000000,0.1272878724,0.1250000000,1,0,33.88273543
2024-04-19T15:00:00-04:00,1120.54486145,1443.34000000,141.54918804,978.99567342,371.36067342,607.63500000,0.00000000,0.1263217502,0.1250000000,1,0,33.88273543
2024-04-19T15:15:00-04:00,1112.07766145,1443.34000000,141.54918804,970.52847342,371.36067342,599.16780000,0.00000000,0.1272835459,0.1250000000,1,0,33.88273543
2024-04-19T15:30:00-04:00,1102.60876145,1443.34000000,141.54918804,961.05957342,371.36067342,589.69890000,0.00000000,0.1283766219,0.1250000000,1,0,33.88273543
2024-04-19T15:45:00-04:00,1109.79415148,1443.34000000,141.19347807,968.60067342,371.36067342,597.24000000,0.00000000,0.1272249253,0.1250000000,1,1,33.88273543
2024-04-22T09:30:00-04:00,1096.04967645,1443.34000000,142.10028799,953.94938846,588.54938846,365.40000000,0.00000000,0.1296476711,0.1250000000,1,0,6.25474880
2024-04-22T09:45:00-04:00,1095.75967645,1443.34000000,142.10028799,953.65938846,588.54938846,365.11000000,0.00000000,0.1296819832,0.1250000000,1,0,6.25474880
2024-04-22T10:00:00-04:00,1095.76611047,1443.34000000,141.81672202,953.94938846,588.54938846,365.40000000,0.00000000,0.1294224385,0.1250000000,1,0,6.25474880
2024-04-22T10:15:00-04:00,1095.62157643,1443.34000000,142.35078797,953.27078846,588.54938846,364.72140000,0.00000000,0.1299269666,0.1250000000,1,1,6.25474880
2024-04-22T10:30:00-04:00,1092.46373718,1443.34000000,142.35078797,950.11294921,78.24794921,871.86500000,0.00000000,0.1303025292,0.1250000000,2,0,38.98351585
2024-04-22T10:45:00-04:00,1094.44630323,1443.34000000,141.71585402,952.73044921,78.24794921,874.48250000,0.00000000,0.1294863472,0.1250000000,2,0,38.98351585
2024-04-22T11:00:00-04:00,1092.92394125,1443.34000000,141.45099205,951.47294921,78.24794921,873.22500000,0.00000000,0.1294243695,0.1250000000,2,0,38.98351585
2024-04-22T11:15:00-04:00,1106.89344125,1443.34000000,141.45099205,965.44244921,78.24794921,887.19450000,0.00000000,0.1277909750,0.1250000000,2,0,38.98351585
2024-04-22T11:30:00-04:00,1105.51394125,1443.34000000,141.45099205,964.06294921,78.24794921,885.81500000,0.00000000,0.1279504371,0.1250000000,2,0,38.98351585
2024-04-22T11:45:00-04:00,1119.49854324,1443.34000000,141.58559404,977.91294921,78.24794921,899.66500000,0.00000000,0.1264723343,0.1250000000,2,0,38.98351585
2024-04-22T12:00:00-04:00,1117.91283719,1443.34000000,142.15038799,975.76244921,78.24794921,897.51450000,0.00000000,0.1271569511,0.1250000000,2,0,38.98351585
2024-04-22T12:15:00-04:00,1117.28493718,1443.34000000,142.28398798,975.00094921,78.24794921,896.75300000,0.00000000,0.1273479873,0.1250000000,2,0,38.98351585
2024-04-22T12:30:00-04:00,1099.43343721,1443.34000000,141.94998800,957.48344921,78.24794921,879.23550000,0.00000000,0.1291119437,0.1250000000,2,0,38.98351585
2024-04-22T12:45:00-04:00,1108.81943721,1443.34000000,141.94998800,966.86944921,78.24794921,888.62150000,0.00000000,0.1280190293,0.1250000000,2,0,38.98351585
2024-04-22T13:00:00-04:00,1105.68483719,1443.34000000,142.15038799,963.53444921,78.24794921,885.28650000,0.00000000,0.1285632064,0.1250000000,2,0,38.98351585
2024-04-22T13:15:00-04:00,1108.81333719,1443.34000000,142.15038799,966.66294921,78.24794921,888.41500000,0.00000000,0.1282004673,0.1250000000,2,0,38.98351585
2024-04-22T13:30:00-04:00,1107.70293714,1443.34000000,142.78498793,964.91794921,78.24794921,886.67000000,0.00000000,0.1289018772,0.1250000000,2,0,32.72876705
2024-04-22T13:45:00-04:00,1116.02793714,1443.34000000,142.78498793,973.24294921,78.24794921,894.99500000,0.00000000,0.1279403348,0.1250000000,2,0,32.72876705
2024-04-22T14:00:00-04:00,1119.36693711,1443.34000000,143.11898791,976.24794921,78.24794921,898.00000000,0.00000000,0.1278570799,0.1250000000,2,0,32.72876705
2024-04-22T14:15:00-04:00,1119.90513707,1443.34000000,143.55318787,976.35194921,78.24794921,898.10400000,0.00000000,0.1281833462,0.1250000000,2,0,32.72876705
2024-04-22T14:30:00-04:00,1118.23020306,1443.34000000,143.75325385,974.47694921,78.24794921,896.22900000,0.00000000,0.1285542578,0.1250000000,2,0,32.72876705
2024-04-22T14:45:00-04:00,1120.87892491,1443.34000000,143.75325385,977.12567106,448.56017106,528.56550000,0.00000000,0.1282504744,0.1250000000,1,0,32.72876705
2024-04-22T15:00:00-04:00,1121.15792491,1443.34000000,143.75325385,977.40467106,448.56017106,528.84450000,0.00000000,0.1282185593,0.1250000000,1,1,32.72876705
2024-04-22T15:15:00-04:00,1117.45324991,1443.34000000,143.75325385,973.69999606,1.32499606,972.37500000,0.00000000,0.1286436402,0.1250000000,2,0,44.29573144
2024-04-22T15:30:00-04:00,1117.77774997,1443.34000000,143.08525391,974.69249606,1.32499606,973.36750000,0.00000000,0.1280086796,0.1250000000,2,0,44.29573144
2024-04-22T15:45:00-04:00,1115.85324997,1443.34000000,143.08525391,972.76799606,1.32499606,971.44300000,0.00000000,0.1282294548,0.1250000000,2,0,44.29573144
2024-04-23T09:30:00-04:00,1121.45418389,1443.34000000,143.97068783,977.48349606,1.32499606,976.15850000,0.00000000,0.1283785730,0.1250000000,2,0,44.29573144
2024-04-23T09:45:00-04:00,1134.54808387,1443.34000000,144.25458781,990.29349606,1.32499606,988.96850000,0.00000000,0.1271471786,0.1250000000,2,0,44.29573144
2024-04-23T10:00:00-04:00,1130.90518384,1443.34000000,144.55518778,986.34999606,1.32499606,985.02500000,0.00000000,0.1278225530,0.1250000000,2,0,11.56696438
2024-04-23T10:15:00-04:00,1118.69633385,1443.34000000,144.46333779,974.23299606,1.32499606,972.90800000,0.00000000,0.1291354351,0.1250000000,2,0,11.56696438
2024-04-23T10:30:00-04:00,1124.70518384,1443.34000000,144.55518778,980.14999606,1.32499606,978.82500000,0.00000000,0.1285271819,0.1250000000,2,1,11.56696438
2024-04-23T10:45:00-04:00,1124.80538384,1443.34000000,144.65538778,980.14999606,1.32499606,978.82500000,0.00000000,0.1286048145,0.1250000000,2,0,11.56696438
2024-04-23T11:00:00-04:00,1122.40484984,1443.34000000,144.55485378,977.84999606,1.32499606,976.52500000,0.00000000,0.1287902968,0.1250000000,2,0,11.56696438
2024-04-23T11:15:00-04:00,1125.39308384,1443.34000000,144.58858778,980.80449606,1.32499606,979.47950000,0.00000000,0.1284782978,0.1250000000,2,0,11.56696438
2024-04-23T11:30:00-04:00,1121.96358384,1443.34000000,144.58858778,977.37499606,1.32499606,976.05000000,0.00000000,0.1288710167,0.1250000000,2,0,11.56696438
2024-04-23T11:45:00-04:00,1125.31358384,1443.34000000,144.58858778,980.72499606,1.32499606,979.40000000,0.00000000,0.1284873744,0.1250000000,2,0,11.56696438
2024-04-23T12:00:00-04:00,1135.64658384,1443.34000000,144.58858778,991.05799606,1.32499606,989.73300000,0.00000000,0.1273182959,0.1250000000,2,0,11.56696438
2024-04-23T12:15:00-04:00,1130.21358384,1443.34000000,144.58858778,985.62499606,1.32499606,984.30000000,0.00000000,0.1279303221,0.1250000000,2,0,11.56696438
2024-04-23T12:30:00-04:00,1132.29046785,1443.34000000,144.44697179,987.84349606,1.32499606,986.51850000,0.00000000,0.1275705977,0.1250000000,2,0,11.56696438
2024-04-23T12:45:00-04:00,1125.69696785,1443.34000000,144.44697179,981.24999606,1.32499606,979.92500000,0.00000000,0.1283178119,0.1250000000,2,0,11.56696438
2024-04-23T13:00:00-04:00,1127.70471788,1443.34000000,144.15472182,983.54999606,1.32499606,982.22500000,0.00000000,0.1278302019,0.1250000000,2,0,11.56696438
2024-04-23T13:15:00-04:00,1129.80394983,1443.34000000,144.68845377,985.11549606,1.32499606,983.79050000,0.00000000,0.1280650982,0.1250000000,2,0,11.56696438
2024-04-23T13:30:00-04:00,1127.21344983,1443.34000000,144.68845377,982.52499606,1.32499606,981.20000000,0.00000000,0.1283594104,0.1250000000,2,0,11.56696438
2024-04-23T13:45:00-04:00,1124.08844983,1443.34000000,144.68845377,979.39999606,1.32499606,978.07500000,0.00000000,0.1287162534,0.1250000000,2,0,11.56696438
2024-04-23T14:00:00-04:00,1119.78726383,1443.34000000,144.76226777,975.02499606,1.32499606,973.70000000,0.00000000,0.1292765800,0.1250000000,2,0,11.56696438
2024-04-23T14:15:00-04:00,1120.56226383,1443.34000000,144.76226777,975.79999606,1.32499606,974.47500000,0.00000000,0.1291871701,0.1250000000,2,0,11.56696438
2024-04-23T14:30:00-04:00,1121.29718383,1443.34000000,144.72218777,976.57499606,1.32499606,975.25000000,0.00000000,0.1290667540,0.1250000000,2,0,11.56696438
2024-04-23T14:45:00-04:00,1119.74718383,1443.34000000,144.72218777,975.02499606,1.32499606,973.70000000,0.00000000,0.1292454135,0.1250000000,2,0,11.56696438
2024-04-23T15:00:00-04:00,1112.98466705,1443.34000000,144.72218777,968.26247928,968.26247928,0.00000000,0.00000000,0.1300307112,0.1250000000,0,0,0.00000000
2024-04-23T15:15:00-04:00,1112.87578306,1443.34000000,144.61330378,968.26247928,968.26247928,0.00000000,0.00000000,0.1299455932,0.1250000000,0,0,0.00000000
2024-04-23T15:30:00-04:00,1112.95126706,1443.34000000,144.68878777,968.26247928,968.26247928,0.00000000,0.00000000,0.1300046031,0.1250000000,0,0,0.00000000
2024-04-23T15:45:00-04:00,1112.95126706,1443.34000000,144.68878777,968.26247928,968.26247928,0.00000000,0.00000000,0.1300046031,0.1250000000,0,0,0.00000000
2024-04-24T09:30:00-04:00,1112.95126706,1443.34000000,144.68878777,968.26247928,968.26247928,0.00000000,0.00000000,0.1300046031,0.1250000000,0,0,0.00000000
2024-04-24T09:45:00-04:00,1112.88446706,1443.34000000,144.62198778,968.26247928,968.26247928,0.00000000,0.00000000,0.1299523824,0.1250000000,0,0,0.00000000
2024-04-24T10:00:00-04:00,1112.95126706,1443.34000000,144.68878777,968.26247928,968.26247928,0.00000000,0.00000000,0.1300046031,0.1250000000,0,2,0.00000000
2024-04-24T10:15:00-04:00,1096.86707433,1443.34000000,144.68878777,952.17828656,2.34828656,949.83000000,0.00000000,0.1319109591,0.1250000000,2,0,29.03822953
2024-04-24T10:30:00-04:00,1093.03555141,1443.34000000,144.59960978,948.43594163,292.44094163,655.99500000,0.00000000,0.1322917718,0.1250000000,1,0,20.56469739
2024-04-24T10:45:00-04:00,1094.55055141,1443.34000000,144.59960978,949.95094163,292.44094163,657.51000000,0.00000000,0.1321086629,0.1250000000,1,0,20.56469739
2024-04-24T11:00:00-04:00,1092.49012945,1443.34000000,144.05418783,948.43594163,292.44094163,655.99500000,0.00000000,0.1318585715,0.1250000000,1,0,20.56469739
2024-04-24T11:15:00-04:00,1091.94472945,1443.34000000,144.05418783,947.89054163,292.44094163,655.44960000,0.00000000,0.1319244317,0.1250000000,1,0,20.56469739
2024-04-24T11:30:00-04:00,1089.51022945,1443.34000000,144.10428782,945.40594163,292.44094163,652.96500000,0.00000000,0.1322651995,0.1250000000,1,0,20.56469739
2024-04-24T11:45:00-04:00,1091.02522945,1443.34000000,144.10428782,946.92094163,292.44094163,654.48000000,0.00000000,0.1320815357,0.1250000000,1,0,20.56469739
2024-04-24T12:00:00-04:00,1089.51022945,1443.34000000,144.10428782,945.40594163,292.44094163,652.96500000,0.00000000,0.1322651995,0.1250000000,1,0,20.56469739
2024-04-24T12:15:00-04:00,1091.02522945,1443.34000000,144.10428782,946.92094163,292.44094163,654.48000000,0.00000000,0.1320815357,0.1250000000,1,0,20.56469739
2024-04-24T12:30:00-04:00,1092.86352949,1443.34000000,143.67008786,949.19344163,292.44094163,656.75250000,0.00000000,0.1314620572,0.1250000000,1,0,20.56469739
2024-04-24T12:45:00-04:00,1091.88892950,1443.34000000,143.45298788,948.43594163,292.44094163,655.99500000,0.00000000,0.1313805681,0.1250000000,1,0,20.56469739
2024-04-24T13:00:00-04:00,1096.43392950,1443.34000000,143.45298788,952.98094163,292.44094163,660.54000000,0.00000000,0.1308359619,0.1250000000,1,0,20.56469739
2024-04-24T13:15:00-04:00,1091.10872944,1443.34000000,144.18778782,946.92094163,292.44094163,654.48000000,0.00000000,0.1321479555,0.1250000000,1,0,20.56469739
2024-04-24T13:30:00-04:00,1091.24232943,1443.34000000,144.32138780,946.92094163,292.44094163,654.48000000,0.00000000,0.1322542060,0.1250000000,1,0,20.56469739
2024-04-24T13:45:00-04:00,1092.75732943,1443.34000000,144.32138780,948.43594163,292.44094163,655.99500000,0.00000000,0.1320708486,0.1250000000,1,0,20.56469739
2024-04-24T14:00:00-04:00,1089.52692945,1443.34000000,144.12098782,945.40594163,292.44094163,652.96500000,0.00000000,0.1322784999,0.1250000000,1,0,20.56469739
2024-04-24T14:15:00-04:00,1089.52692945,1443.34000000,144.12098782,945.40594163,292.44094163,652.96500000,0.00000000,0.1322784999,0.1250000000,1,0,20.56469739
2024-04-24T14:30:00-04:00,1084.98192945,1443.34000000,144.12098782,940.86094163,292.44094163,648.42000000,0.00000000,0.1328326158,0.1250000000,1,1,20.56469739
2024-04-24T14:45:00-04:00,1082.11109686,1443.34000000,144.12098782,937.99010903,649.66010903,288.33000000,0.00000000,0.1331850198,0.1250000000,1,0,2.89791952
2024-04-24T15:00:00-04:00,1082.39269686,1443.34000000,144.08758782,938.30510903,649.66010903,288.64500000,0.00000000,0.1331195122,0.1250000000,1,0,2.89791952
2024-04-24T15:15:00-04:00,1082.53109686,1443.34000000,144.12098782,938.41010903,649.66010903,288.75000000,0.00000000,0.1331333467,0.1250000000,1,0,2.89791952
2024-04-24T15:30:00-04:00,1082.32109686,1443.34000000,144.12098782,938.20010903,649.66010903,288.54000000,0.00000000,0.1331591782,0.1250000000,1,0,2.89791952
2024-04-24T15:45:00-04:00,1082.00609686,1443.34000000,144.12098782,937.88510903,649.66010903,288.22500000,0.00000000,0.1331979443,0.1250000000,1,2,2.89791952
2024-04-25T09:30:00-04:00,1066.78708237,1443.34000000,133.97913549,932.80794687,0.25494687,932.55300000,0.00000000,0.1255912616,0.1250000000,2,1,20.21989736
2024-04-25T09:45:00-04:00,1063.53782890,1443.34000000,134.10538203,929.43244687,0.25494687,929.17750000,0.00000000,0.1260936644,0.1250000000,2,0,20.21989736
2024-04-25T10:00:00-04:00,1069.91432890,1443.34000000,134.10538203,935.80894687,0.25494687,935.55400000,0.00000000,0.1253421684,0.1250000000,2,0,20.21989736
2024-04-25T10:15:00-04:00,1076.84482890,1443.34000000,134.10538203,942.73944687,0.25494687,942.48450000,0.00000000,0.1245354748,0.1250000000,2,2,20.21989736
2024-04-25T10:30:00-04:00,1075.99049338,1443.34000000,133.80554650,942.18494687,0.25494687,941.93000000,0.00000000,0.1243556958,0.1250000000,2,1,20.21989736
2024-04-25T10:45:00-04:00,1075.41534276,1443.34000000,133.60039588,941.81494687,0.25494687,941.56000000,0.00000000,0.1242314393,0.1250000000,2,0,20.21989736
2024-04-25T11:00:00-04:00,1079.23432838,1443.34000000,134.01038151,945.22394687,0.25494687,944.96900000,0.00000000,0.1241717188,0.1250000000,2,0,20.21989736
2024-04-25T11:15:00-04:00,1078.55896603,1443.34000000,133.66351915,944.89544687,0.25494687,944.64050000,0.00000000,0.1239278735,0.1250000000,2,0,20.21989736
2024-04-25T11:30:00-04:00,1078.58296603,1443.34000000,133.66351915,944.91944687,0.25494687,944.66450000,0.00000000,0.1239251160,0.1250000000,2,1,20.21989736
2024-04-25T11:45:00-04:00,1078.99346603,1443.34000000,133.66351915,945.32994687,0.25494687,945.07500000,0.00000000,0.1238779690,0.1250000000,2,0,20.21989736
2024-04-25T12:00:00-04:00,1084.11863603,1443.34000000,134.07318916,950.04544687,0.25494687,949.79050000,0.00000000,0.1236702190,0.1250000000,2,0,20.21989736
2024-04-25T12:15:00-04:00,1086.80163603,1443.34000000,134.07318916,952.72844687,0.25494687,952.47350000,0.00000000,0.1233649129,0.1250000000,2,0,20.21989736
2024-04-25T12:30:00-04:00,1087.74663603,1443.34000000,134.07318916,953.67344687,0.25494687,953.41850000,0.00000000,0.1232577373,0.1250000000,2,0,20.21989736
2024-04-25T12:45:00-04:00,1088.76013603,1443.34000000,134.07318916,954.68694687,0.25494687,954.43200000,0.00000000,0.1231429997,0.1250000000,2,0,20.21989736
2024-04-25T13:00:00-04:00,1087.37563603,1443.34000000,134.07318916,953.30244687,0.25494687,953.04750000,0.00000000,0.1232997915,0.1250000000,2,0,20.21989736
2024-04-25T13:15:00-04:00,1086.83813603,1443.34000000,134.07318916,952.76494687,0.25494687,952.51000000,0.00000000,0.1233607698,0.1250000000,2,0,20.21989736
2024-04-25T13:30:00-04:00,1089.63513603,1443.34000000,134.07318916,955.56194687,0.25494687,955.30700000,0.00000000,0.1230441133,0.1250000000,2,1,20.21989736
2024-04-25T13:45:00-04:00,1093.25713603,1443.34000000,134.07318916,959.18394687,0.25494687,958.92900000,0.00000000,0.1226364638,0.1250000000,2,2,8.74011516
2024-04-25T14:00:00-04:00,1096.80413603,1443.34000000,134.07318916,962.73094687,0.25494687,962.47600000,0.00000000,0.1222398647,0.1250000000,2,0,0.00000000
2024-04-25T14:15:00-04:00,1091.33424648,1443.34000000,134.83129960,956.50294687,0.25494687,956.24800000,0.00000000,0.1235472084,0.1250000000,2,0,0.00000000
2024-04-25T14:30:00-04:00,1088.01424648,1443.34000000,134.83129960,953.18294687,0.25494687,952.92800000,0.00000000,0.1239242042,0.1250000000,2,0,0.00000000
2024-04-25T14:45:00-04:00,1092.12406851,1443.34000000,134.48412163,957.63994687,0.25494687,957.38500000,0.00000000,0.1231399669,0.1250000000,2,3,0.00000000
2024-04-25T15:00:00-04:00,1097.48599146,1443.34000000,134.67254459,962.81344687,0.25494687,962.55850000,0.00000000,0.1227100351,0.1250000000,2,4,0.00000000
2024-04-25T15:15:00-04:00,1098.94644524,1443.34000000,134.42099836,964.52544687,0.25494687,964.27050000,0.00000000,0.1223180610,0.1250000000,2,4,0.00000000
2024-04-25T15:30:00-04:00,1094.57682197,1443.34000000,134.35787510,960.21894687,0.25494687,959.96400000,0.00000000,0.1227486937,0.1250000000,2,0,0.00000000
2024-04-25T15:45:00-04:00,1092.67882197,1443.34000000,134.35787510,958.32094687,0.25494687,958.06600000,0.00000000,0.1229619101,0.1250000000,2,1,0.00000000
2024-04-26T09:30:00-04:00,1088.50964061,1443.34000000,135.77404560,952.73559500,952.73559500,0.00000000,0.00000000,0.1247338935,0.1250000000,0,4,0.00000000
2024-04-26T09:45:00-04:00,1103.25269429,1443.34000000,135.93595679,967.31673750,0.21173750,967.10500000,0.00000000,0.1232138000,0.1250000000,2,2,26.03933000
2024-04-26T10:00:00-04:00,1116.98475592,1443.34000000,135.96751842,981.01723750,0.21173750,980.80550000,0.00000000,0.1217272820,0.1250000000,2,1,9.24542058
2024-04-26T10:15:00-04:00,1103.68425592,1443.34000000,135.96751842,967.71673750,0.21173750,967.50500000,0.00000000,0.1231942176,0.1250000000,2,0,9.24542058
2024-04-26T10:30:00-04:00,1103.92835592,1443.34000000,135.96751842,967.96083750,0.21173750,967.74910000,0.00000000,0.1231669770,0.1250000000,2,0,9.24542058
2024-04-26T10:45:00-04:00,1100.61845592,1443.34000000,135.96751842,964.65093750,0.21173750,964.43920000,0.00000000,0.1235373782,0.1250000000,2,0,9.24542058
2024-04-26T11:00:00-04:00,1100.28405786,1443.34000000,135.96751842,964.31653944,657.11873944,307.19780000,0.00000000,0.1235749236,0.1250000000,1,0,9.24542058
2024-04-26T11:15:00-04:00,1102.03125786,1443.34000000,135.96751842,966.06373944,657.11873944,308.94500000,0.00000000,0.1233790035,0.1250000000,1,0,9.24542058
2024-04-26T11:30:00-04:00,1106.12625786,1443.34000000,135.96751842,970.15873944,657.11873944,313.04000000,0.00000000,0.1229222410,0.1250000000,1,0,0.00000000
2024-04-26T11:45:00-04:00,1107.94625786,1443.34000000,135.96751842,971.97873944,657.11873944,314.86000000,0.00000000,0.1227203192,0.1250000000,1,0,0.00000000
2024-04-26T12:00:00-04:00,1107.04535786,1443.34000000,135.96751842,971.07783944,657.11873944,313.95910000,0.00000000,0.1228201875,0.1250000000,1,0,0.00000000
2024-04-26T12:15:00-04:00,1107.32436107,1443.34000000,136.19192164,971.13243944,657.11873944,314.01370000,0.00000000,0.1229918951,0.1250000000,1,0,0.00000000
2024-04-26T12:30:00-04:00,1107.30616107,1443.34000000,136.19192164,971.11423944,657.11873944,313.99550000,0.00000000,0.1229939166,0.1250000000,1,1,0.00000000
2024-04-26T12:45:00-04:00,1109.32949982,1443.34000000,136.19192164,973.13757819,1.61247819,971.52510000,0.00000000,0.1227695844,0.1250000000,2,0,18.07304747
2024-04-26T13:00:00-04:00,1109.47939982,1443.34000000,136.19192164,973.28747819,1.61247819,971.67500000,0.00000000,0.1227529972,0.1250000000,2,2,18.07304747
2024-04-26T13:15:00-04:00,1112.62439982,1443.34000000,136.19192164,976.43247819,1.61247819,974.82000000,0.00000000,0.1224060174,0.1250000000,2,0,18.07304747
2024-04-26T13:30:00-04:00,1108.96439982,1443.34000000,136.19192164,972.77247819,1.61247819,971.16000000,0.00000000,0.1228100033,0.1250000000,2,0,18.07304747
2024-04-26T13:45:00-04:00,1106.25439982,1443.34000000,136.19192164,970.06247819,1.61247819,968.45000000,0.00000000,0.1231108520,0.1250000000,2,0,18.07304747
2024-04-26T14:00:00-04:00,1103.49467461,1443.34000000,136.34657364,967.14810096,309.44310096,657.70500000,0.00000000,0.1235588869,0.1250000000,1,1,18.07304747
2024-04-26T14:15:00-04:00,1093.11820590,1443.34000000,136.34846734,956.76973856,2.32973856,954.44000000,0.00000000,0.1247335070,0.1250000000,2,0,21.92070877
2024-04-26T14:30:00-04:00,1090.64035822,1443.34000000,136.37781966,954.26253856,2.32973856,951.93280000,0.00000000,0.1250438044,0.1250000000,2,0,21.92070877
2024-04-26T14:45:00-04:00,1092.75755822,1443.34000000,136.37781966,956.37973856,2.32973856,954.05000000,0.00000000,0.1248015341,0.1250000000,2,0,21.92070877
2024-04-26T15:00:00-04:00,1093.02692751,1443.34000000,136.47218894,956.55473856,2.32973856,954.22500000,0.00000000,0.1248571151,0.1250000000,2,1,21.92070877
2024-04-26T15:15:00-04:00,1091.21972398,1443.34000000,136.37308541,954.84663856,2.32973856,952.51690000,0.00000000,0.1249730759,0.1250000000,2,3,21.92070877
2024-04-26T15:30:00-04:00,1090.62782398,1443.34000000,136.37308541,954.25473856,2.32973856,951.92500000,0.00000000,0.1250409007,0.1250000000,2,1,21.92070877
2024-04-26T15:45:00-04:00,1096.20683023,1443.34000000,136.37308541,959.83374481,1.00374481,958.83000000,0.00000000,0.1244045208,0.1250000000,3,2,21.95831920
2024-04-29T09:30:00-04:00,1103.48358752,1443.34000000,136.40149088,967.08209663,304.04199663,663.04010000,0.00000000,0.1236098955,0.1250000000,2,2,0.03761043
2024-04-29T09:45:00-04:00,1101.53938366,1443.34000000,136.36203884,965.17734481,664.03234481,301.14500000,0.00000000,0.1237922501,0.1250000000,2,0,8.04673899
2024-04-29T10:00:00-04:00,1102.09948649,1443.34000000,136.94214167,965.15734481,664.03234481,301.12500000,0.00000000,0.1242556986,0.1250000000,2,0,8.04673899
2024-04-29T10:15:00-04:00,1101.57424625,1443.34000000,136.81400144,964.76024481,664.03234481,300.72790000,0.00000000,0.1241986202,0.1250000000,2,0,8.04673899
2024-04-29T10:30:00-04:00,1102.32634625,1443.34000000,136.81400144,965.51234481,664.03234481,301.48000000,0.00000000,0.1241138814,0.1250000000,2,0,8.04673899
2024-04-29T10:45:00-04:00,1100.67858898,1443.34000000,136.85124417,963.82734481,664.03234481,299.79500000,0.00000000,0.1243335207,0.1250000000,2,0,8.04673899
2024-04-29T11:00:00-04:00,1101.91201038,1443.34000000,136.75466557,965.15734481,664.03234481,301.12500000,0.00000000,0.1241067021,0.1250000000,2,0,8.04673899
2024-04-29T11:15:00-04:00,1100.05665059,1443.34000000,136.25188874,963.80476185,665.31976185,298.48500000,0.00000000,0.1238589746,0.1250000000,1,0,8.00912856
2024-04-29T11:30:00-04:00,1100.05665059,1443.34000000,136.25188874,963.80476185,665.31976185,298.48500000,0.00000000,0.1238589746,0.1250000000,1,0,8.00912856
2024-04-29T11:45:00-04:00,1101.72773212,1443.34000000,136.58297028,965.14476185,665.31976185,299.82500000,0.00000000,0.1239716187,0.1250000000,1,0,8.00912856
2024-04-29T12:00:00-04:00,1103.06773212,1443.34000000,136.58297028,966.48476185,665.31976185,301.16500000,0.00000000,0.1238210187,0.1250000000,1,0,8.00912856
2024-04-29T12:15:00-04:00,1103.73773212,1443.34000000,136.58297028,967.15476185,665.31976185,301.83500000,0.00000000,0.1237458558,0.1250000000,1,0,8.00912856
2024-04-29T12:30:00-04:00,1101.05773212,1443.34000000,136.58297028,964.47476185,665.31976185,299.15500000,0.00000000,0.1240470561,0.1250000000,1,0,8.00912856
2024-04-29T12:45:00-04:00,1098.97198420,1443.34000000,136.50722236,962.46476185,665.31976185,297.14500000,0.00000000,0.1242135599,0.1250000000,1,0,8.00912856
2024-04-29T13:00:00-04:00,1099.95444438,1443.34000000,136.81968253,963.13476185,665.31976185,297.81500000,0.00000000,0.1243866810,0.1250000000,1,0,8.00912856
2024-04-29T13:15:00-04:00,1101.96444438,1443.34000000,136.81968253,965.14476185,665.31976185,299.82500000,0.00000000,0.1241597977,0.1250000000,1,1,8.00912856
2024-04-29T13:30:00-04:00,1097.31178438,1443.34000000,136.81968253,960.49210185,7.94710185,952.54500000,0.00000000,0.1246862419,0.1250000000,2,1,19.11669895
2024-04-29T13:45:00-04:00,1096.97678438,1443.34000000,136.81968253,960.15710185,7.94710185,952.21000000,0.00000000,0.1247243191,0.1250000000,2,0,19.11669895
2024-04-29T14:00:00-04:00,1093.24459255,1443.34000000,136.97749070,956.26710185,7.94710185,948.32000000,0.00000000,0.1252944598,0.1250000000,2,0,19.11669895
2024-04-29T14:15:00-04:00,1095.18959255,1443.34000000,136.97749070,958.21210185,7.94710185,950.26500000,0.00000000,0.1250719434,0.1250000000,2,0,19.11669895
2024-04-29T14:30:00-04:00,1094.15631458,1443.34000000,136.63031273,957.52600185,7.94710185,949.57890000,0.00000000,0.1248727544,0.1250000000,2,0,19.11669895
2024-04-29T14:45:00-04:00,1093.29366111,1443.34000000,136.75655927,956.53710185,7.94710185,948.59000000,0.00000000,0.1250867577,0.1250000000,2,1,19.11669895
2024-04-29T15:00:00-04:00,1091.92917410,1443.34000000,136.39707226,955.53210185,7.94710185,947.58500000,0.00000000,0.1249138456,0.1250000000,2,0,19.11669895
2024-04-29T15:15:00-04:00,1090.92417410,1443.34000000,136.39707226,954.52710185,7.94710185,946.58000000,0.00000000,0.1250289209,0.1250000000,2,1,19.11669895
2024-04-29T15:30:00-04:00,1097.21179824,1443.34000000,136.31469639,960.89710185,7.94710185,952.95000000,0.00000000,0.1242373593,0.1250000000,2,1,19.11669895
2024-04-29T15:45:00-04:00,1097.54679824,1443.34000000,136.31469639,961.23210185,7.94710185,953.28500000,0.00000000,0.1241994388,0.1250000000,2,4,19.11669895
2024-04-30T09:30:00-04:00,1084.01961601,1443.34000000,136.85124417,947.16837185,0.51197185,946.65640000,0.00000000,0.1262442507,0.1250000000,3,1,12.81785174
2024-04-30T09:45:00-04:00,1084.01689274,1443.34000000,136.78812090,947.22877185,0.51197185,946.71680000,0.00000000,0.1261863370,0.1250000000,3,1,12.81785174
2024-04-30T10:00:00-04:00,1082.09509274,1443.34000000,136.78812090,945.30697185,0.51197185,944.79500000,0.00000000,0.1264104438,0.1250000000,3,0,12.81785174
2024-04-30T10:15:00-04:00,1078.77502929,1443.34000000,136.56718946,942.20783983,19.38783983,922.82000000,0.00000000,0.1265946891,0.1250000000,2,1,12.26331475
2024-04-30T10:30:00-04:00,1080.61076286,1443.34000000,136.34625803,944.26450483,1.59450483,942.67000000,0.00000000,0.1261751805,0.1250000000,3,1,12.84621491
2024-04-30T10:45:00-04:00,1076.07918895,1443.34000000,136.34625803,939.73293092,631.78223092,307.95070000,0.00000000,0.1267065281,0.1250000000,2,1,5.46876655
2024-04-30T11:00:00-04:00,1074.20039761,1443.34000000,136.03064169,938.16975592,68.05975592,870.11000000,0.00000000,0.1266343245,0.1250000000,3,0,13.98684593
2024-04-30T11:15:00-04:00,1074.97159532,1443.34000000,136.34183940,938.62975592,68.05975592,870.57000000,0.00000000,0.1268329693,0.1250000000,3,0,13.98684593
2024-04-30T11:30:00-04:00,1070.49008944,1443.34000000,135.87283352,934.61725592,68.05975592,866.55750000,0.00000000,0.1269258210,0.1250000000,3,0,13.98684593
2024-04-30T11:45:00-04:00,1069.68388944,1443.34000000,135.87283352,933.81105592,68.05975592,865.75130000,0.00000000,0.1270214826,0.1250000000,3,0,13.98684593
2024-04-30T12:00:00-04:00,1067.44725893,1443.34000000,136.18750301,931.25975592,68.05975592,863.20000000,0.00000000,0.1275824186,0.1250000000,3,0,13.98684593
2024-04-30T12:15:00-04:00,1068.21039761,1443.34000000,136.03064169,932.17975592,68.05975592,864.12000000,0.00000000,0.1273444276,0.1250000000,3,0,13.98684593
2024-04-30T12:30:00-04:00,1063.96266301,1443.34000000,135.84127188,928.12139112,352.61739112,575.50400000,0.00000000,0.1276748486,0.1250000000,2,0,9.10097954
2024-04-30T12:45:00-04:00,1063.69116994,1443.34000000,135.58877881,928.10239112,352.61739112,575.48500000,0.00000000,0.1274700615,0.1250000000,2,0,9.10097954
2024-04-30T13:00:00-04:00,1065.65236994,1443.34000000,135.58877881,930.06359112,352.61739112,577.44620000,0.00000000,0.1272354688,0.1250000000,2,0,9.10097954
2024-04-30T13:15:00-04:00,1064.24193327,1443.34000000,135.44454215,928.79739112,352.61739112,576.18000000,0.00000000,0.1272685636,0.1250000000,2,0,9.10097954
2024-04-30T13:30:00-04:00,1063.50960831,1443.34000000,135.55721718,927.95239112,352.61739112,575.33500000,0.00000000,0.1274621462,0.1250000000,2,0,9.10097954
2024-04-30T13:45:00-04:00,1063.96741647,1443.34000000,135.71502535,928.25239112,352.61739112,575.63500000,0.00000000,0.1275556218,0.1250000000,2,0,9.10097954
2024-04-30T14:00:00-04:00,1063.76741647,1443.34000000,135.71502535,928.05239112,352.61739112,575.43500000,0.00000000,0.1275796036,0.1250000000,2,0,9.10097954
2024-04-30T14:15:00-04:00,1061.89241647,1443.34000000,135.71502535,926.17739112,352.61739112,573.56000000,0.00000000,0.1278048729,0.1250000000,2,0,9.10097954
2024-04-30T14:30:00-04:00,1062.41241647,1443.34000000,135.71502535,926.69739112,352.61739112,574.08000000,0.00000000,0.1277423186,0.1250000000,2,0,9.10097954
2024-04-30T14:45:00-04:00,1063.18460831,1443.34000000,135.55721718,927.62739112,352.61739112,575.01000000,0.00000000,0.1275011095,0.1250000000,2,0,9.10097954
2024-04-30T15:00:00-04:00,1061.84723157,1443.34000000,135.62034045,926.22689112,352.61739112,573.60950000,0.00000000,0.1277211414,0.1250000000,2,0,9.10097954
2024-04-30T15:15:00-04:00,1060.54979246,1443.34000000,135.39940901,925.15038344,907.40538344,17.74500000,0.00000000,0.1276690731,0.1250000000,1,0,0.58290016
2024-04-30T15:30:00-04:00,1060.74221624,1443.34000000,135.55753280,925.18468344,907.40538344,17.77930000,0.00000000,0.1277949823,0.1250000000,1,0,0.58290016
2024-04-30T15:45:00-04:00,1060.54979246,1443.34000000,135.39940901,925.15038344,907.40538344,17.74500000,0.00000000,0.1276690731,0.1250000000,1,1,0.58290016
2024-05-01T09:30:00-04:00,1077.25253045,1443.34000000,133.53695700,943.71557344,273.85057344,669.86500000,0.00000000,0.1239606807,0.1250000000,2,2,0.58290016
2024-05-01T09:45:00-04:00,1084.12646308,1443.34000000,133.19009465,950.93636844,660.53336844,290.40300000,0.00000000,0.1228547584,0.1250000000,2,1,9.37044889
2024-05-01T10:00:00-04:00,1075.75829011,1443.34000000,132.84291667,942.91537344,12.58777344,930.32760000,0.00000000,0.1234876997,0.1250000000,3,0,21.48114668
2024-05-01T10:15:00-04:00,1070.42464259,1443.34000000,133.06384811,937.36079448,647.94579448,289.41500000,0.00000000,0.1243094028,0.1250000000,2,1,9.37044889
2024-05-01T10:30:00-04:00,1068.93746340,1443.34000000,133.07962893,935.85783448,10.18783448,925.67000000,0.00000000,0.1244971137,0.1250000000,3,0,19.99010484
2024-05-01T10:45:00-04:00,1074.06246340,1443.34000000,133.07962893,940.98283448,10.18783448,930.79500000,0.00000000,0.1239030629,0.1250000000,3,1,19.99010484
2024-05-01T11:00:00-04:00,1069.93746340,1443.34000000,133.07962893,936.85783448,10.18783448,926.67000000,0.00000000,0.1243807545,0.1250000000,3,0,19.99010484
2024-05-01T11:15:00-04:00,1070.00418951,1443.34000000,132.81135504,937.19283448,10.18783448,927.00500000,0.00000000,0.1241222757,0.1250000000,3,0,19.99010484
2024-05-01T11:30:00-04:00,1073.01918951,1443.34000000,132.81135504,940.20783448,10.18783448,930.02000000,0.00000000,0.1237735134,0.1250000000,3,0,19.40720468
2024-05-01T11:45:00-04:00,1068.61277798,1443.34000000,132.88994351,935.72283448,10.18783448,925.53500000,0.00000000,0.1243574345,0.1250000000,3,0,19.40720468
2024-05-01T12:00:00-04:00,1068.19070727,1443.34000000,132.71667014,935.47403713,28.15403713,907.32000000,0.00000000,0.1242443594,0.1250000000,2,0,19.40720468
2024-05-01T12:15:00-04:00,1066.91596963,1443.34000000,133.06353249,933.85243713,28.15403713,905.69840000,0.00000000,0.1247179125,0.1250000000,2,0,19.40720468
2024-05-01T12:30:00-04:00,1065.08477635,1443.34000000,132.59073922,932.49403713,28.15403713,904.34000000,0.00000000,0.1244884371,0.1250000000,2,0,19.40720468
2024-05-01T12:45:00-04:00,1064.05477635,1443.34000000,132.59073922,931.46403713,28.15403713,903.31000000,0.00000000,0.1246089413,0.1250000000,2,0,19.40720468
2024-05-01T13:00:00-04:00,1061.10477635,1443.34000000,132.59073922,928.51403713,28.15403713,900.36000000,0.00000000,0.1249553693,0.1250000000,2,0,19.40720468
2024-05-01T13:15:00-04:00,1062.58320034,1443.34000000,132.96916321,929.61403713,28.15403713,901.46000000,0.00000000,0.1251376487,0.1250000000,2,0,19.40720468
2024-05-01T13:30:00-04:00,1062.24320034,1443.34000000,132.96916321,929.27403713,28.15403713,901.12000000,0.00000000,0.1251777024,0.1250000000,2,0,19.40720468
2024-05-01T13:45:00-04:00,1065.95946125,1443.34000000,132.68542412,933.27403713,28.15403713,905.12000000,0.00000000,0.1244751127,0.1250000000,2,1,19.40720468
2024-05-01T14:00:00-04:00,1067.91571375,1443.34000000,132.68542412,935.23028963,0.20308963,935.02720000,0.00000000,0.1242470940,0.1250000000,3,1,19.99689554
2024-05-01T14:15:00-04:00,1071.50351375,1443.34000000,132.68542412,938.81808963,0.20308963,938.61500000,0.00000000,0.1238310677,0.1250000000,3,0,19.99689554
2024-05-01T14:30:00-04:00,1082.17119938,1443.34000000,133.09540974,949.07578963,0.20308963,948.87270000,0.00000000,0.1229892367,0.1250000000,3,3,8.78754873
2024-05-01T14:45:00-04:00,1080.55007641,1443.34000000,134.16850529,946.38157111,29.31157111,917.07000000,0.00000000,0.1241668556,0.1250000000,2,4,8.78754873
2024-05-01T15:00:00-04:00,1078.78054967,1443.34000000,134.23162856,944.54892111,2.29132111,942.25760000,0.00000000,0.1244290404,0.1250000000,3,0,9.72239633
2024-05-01T15:15:00-04:00,1075.54512713,1443.34000000,134.48380601,941.06132111,2.29132111,938.77000000,0.00000000,0.1250378088,0.1250000000,3,0,9.72239633
2024-05-01T15:30:00-04:00,1067.34820501,1443.34000000,133.47414935,933.87405566,668.16405566,265.71000000,0.00000000,0.1250521139,0.1250000000,1,0,8.78754873
2024-05-01T15:45:00-04:00,1066.39634214,1443.34000000,133.03228648,933.36405566,668.16405566,265.20000000,0.00000000,0.1247493837,0.1250000000,1,0,8.78754873
2024-05-02T09:30:00-04:00,1064.43644994,1443.34000000,134.07350478,930.36294516,930.36294516,0.00000000,0.00000000,0.1259572657,0.1250000000,0,1,0.00000000
2024-05-02T09:45:00-04:00,1041.76718796,1443.34000000,134.07350478,907.69368319,907.69368319,0.00000000,0.00000000,0.1286981452,0.1250000000,0,0,0.00000000
2024-05-02T10:00:00-04:00,1040.88377783,1443.34000000,133.19009465,907.69368319,907.69368319,0.00000000,0.00000000,0.1279586612,0.1250000000,0,0,0.00000000
2024-05-02T10:15:00-04:00,1041.44778423,1443.34000000,133.75410104,907.69368319,907.69368319,0.00000000,0.00000000,0.1284309238,0.1250000000,0,2,0.00000000
2024-05-02T10:30:00-04:00,1041.07753118,1443.34000000,133.23743710,907.84009409,87.36009409,820.48000000,0.00000000,0.1279803215,0.1250000000,2,1,23.72877366
2024-05-02T10:45:00-04:00,1046.40520618,1443.34000000,133.23743710,913.16776909,6.59956909,906.56820000,0.00000000,0.1273287215,0.1250000000,3,0,25.94197249
2024-05-02T11:00:00-04:00,1045.93870458,1443.34000000,133.97913549,911.95956909,6.59956909,905.36000000,0.00000000,0.1280946339,0.1250000000,3,0,25.94197249
2024-05-02T11:15:00-04:00,1040.78870458,1443.34000000,133.97913549,906.80956909,6.59956909,900.21000000,0.00000000,0.1287284680,0.1250000000,3,0,25.94197249
2024-05-02T11:30:00-04:00,1043.01558131,1443.34000000,133.91601222,909.09956909,6.59956909,902.50000000,0.00000000,0.1283931080,0.1250000000,3,0,25.94197249
2024-05-02T11:45:00-04:00,1044.95358131,1443.34000000,133.91601222,911.03756909,6.59956909,904.43800000,0.00000000,0.1281549866,0.1250000000,3,0,25.94197249
2024-05-02T12:00:00-04:00,1043.49667723,1443.34000000,133.83710814,909.65956909,6.59956909,903.06000000,0.00000000,0.1282582983,0.1250000000,3,0,25.94197249
2024-05-02T12:15:00-04:00,1042.26667723,1443.34000000,133.83710814,908.42956909,6.59956909,901.83000000,0.00000000,0.1284096585,0.1250000000,3,1,25.94197249
2024-05-02T12:30:00-04:00,1044.86255223,1443.34000000,133.83710814,911.02544409,1.09544409,909.93000000,0.00000000,0.1280906353,0.1250000000,4,0,26.13341124
2024-05-02T12:45:00-04:00,1042.10115223,1443.34000000,133.83710814,908.26404409,1.09544409,907.16860000,0.00000000,0.1284300548,0.1250000000,4,1,26.13341124
2024-05-02T13:00:00-04:00,1046.85474606,1443.34000000,134.28970197,912.56504409,1.09544409,911.46960000,0.00000000,0.1282792121,0.1250000000,4,0,26.13341124
2024-05-02T13:15:00-04:00,1049.54389900,1443.34000000,134.06845491,915.47544409,1.09544409,914.38000000,0.00000000,0.1277397306,0.1250000000,4,0,26.13341124
2024-05-02T13:30:00-04:00,1050.09389900,1443.34000000,134.06845491,916.02544409,1.09544409,914.93000000,0.00000000,0.1276728253,0.1250000000,4,0,26.13341124
2024-05-02T13:45:00-04:00,1049.43339592,1443.34000000,134.29475183,915.13864409,1.09544409,914.04320000,0.00000000,0.1279688186,0.1250000000,4,0,26.13341124
2024-05-02T14:00:00-04:00,1052.80259592,1443.34000000,134.29475183,918.50784409,1.09544409,917.41240000,0.00000000,0.1275592902,0.1250000000,4,0,26.13341124
2024-05-02T14:15:00-04:00,1052.92019592,1443.34000000,134.29475183,918.62544409,1.09544409,917.53000000,0.00000000,0.1275450432,0.1250000000,4,2,26.13341124
2024-05-02T14:30:00-04:00,1054.29066164,1443.34000000,134.40521755,919.88544409,1.09544409,918.79000000,0.00000000,0.1274840255,0.1250000000,4,2,16.94266872
2024-05-02T14:45:00-04:00,1060.03566164,1443.34000000,134.40521755,925.63044409,1.09544409,924.53500000,0.00000000,0.1267931093,0.1250000000,4,2,16.94266872
2024-05-02T15:00:00-04:00,1057.89049716,1443.34000000,134.70505307,923.18544409,1.09544409,922.09000000,0.00000000,0.1273336451,0.1250000000,4,2,16.75122997
2024-05-02T15:15:00-04:00,1056.05889716,1443.34000000,134.70505307,921.35384409,1.09544409,920.25840000,0.00000000,0.1275544891,0.1250000000,4,0,16.75122997
2024-05-02T15:30:00-04:00,1053.42937443,1443.34000000,134.70505307,918.72432136,251.23432136,667.49000000,0.00000000,0.1278728848,0.1250000000,3,0,16.75122997
2024-05-02T15:45:00-04:00,1054.45360903,1443.34000000,134.46928766,919.98432136,251.23432136,668.75000000,0.00000000,0.1275250865,0.1250000000,3,2,16.75122997
2024-05-03T09:30:00-04:00,1061.62605781,1443.34000000,137.17916954,924.44688827,343.94688827,580.50000000,0.00000000,0.1292160912,0.1250000000,1,5,14.53803115
2024-05-03T09:45:00-04:00,1067.10124625,1443.34000000,137.89277808,929.20846817,0.46266817,928.74580000,0.00000000,0.1292218321,0.1250000000,2,4,24.02087158
2024-05-03T10:00:00-04:00,1061.79067600,1443.34000000,137.37800783,924.41266817,0.46266817,923.95000000,0.00000000,0.1293833247,0.1250000000,2,0,24.02087158
2024-05-03T10:15:00-04:00,1056.36425194,1443.34000000,137.22998377,919.13426817,0.46266817,918.67160000,0.00000000,0.1299078263,0.1250000000,2,0,24.02087158
2024-05-03T10:30:00-04:00,1058.66325194,1443.34000000,137.22998377,921.43326817,0.46266817,920.97060000,0.00000000,0.1296257176,0.1250000000,2,0,24.02087158
2024-05-03T10:45:00-04:00,1059.22705194,1443.34000000,137.22998377,921.99706817,0.46266817,921.53440000,0.00000000,0.1295567211,0.1250000000,2,1,24.02087158
2024-05-03T11:00:00-04:00,1052.92319775,1443.34000000,137.04092959,915.88226817,0.46266817,915.41960000,0.00000000,0.1301528258,0.1250000000,2,0,24.02087158
2024-05-03T11:15:00-04:00,1055.71886011,1443.34000000,137.38779194,918.33106817,0.46266817,917.86840000,0.00000000,0.1301367221,0.1250000000,2,0,24.02087158
2024-05-03T11:30:00-04:00,1053.20030664,1443.34000000,137.51403848,915.68626817,0.46266817,915.22360000,0.00000000,0.1305677919,0.1250000000,2,0,24.02087158
2024-05-03T11:45:00-04:00,1057.79907645,1443.34000000,137.70340828,920.09566817,0.46266817,919.63300000,0.00000000,0.1301791723,0.1250000000,2,0,24.02087158
2024-05-03T12:00:00-04:00,1063.04982500,1443.34000000,137.52855683,925.52126817,0.46266817,925.05860000,0.00000000,0.1293716942,0.1250000000,2,0,24.02087158
2024-05-03T12:15:00-04:00,1063.71722500,1443.34000000,137.52855683,926.18866817,0.46266817,925.72600000,0.00000000,0.1292905235,0.1250000000,2,0,24.02087158
2024-05-03T12:30:00-04:00,1065.58083808,1443.34000000,137.73496991,927.84586817,0.46266817,927.38320000,0.00000000,0.1292581144,0.1250000000,2,0,24.02087158
2024-05-03T12:45:00-04:00,1062.80021842,1443.34000000,137.54055025,925.25966817,0.46266817,924.79700000,0.00000000,0.1294133628,0.1250000000,2,0,24.02087158
2024-05-03T13:00:00-04:00,1062.59527645,1443.34000000,137.70340828,924.89186817,0.46266817,924.42920000,0.00000000,0.1295915871,0.1250000000,2,0,24.02087158
2024-05-03T13:15:00-04:00,1062.65370664,1443.34000000,137.51403848,925.13966817,0.46266817,924.67700000,0.00000000,0.1294062568,0.1250000000,2,0,24.02087158
2024-05-03T13:30:00-04:00,1060.21650664,1443.34000000,137.51403848,922.70246817,0.46266817,922.23980000,0.00000000,0.1297037328,0.1250000000,2,0,24.02087158
2024-05-03T13:45:00-04:00,1062.80530664,1443.34000000,137.51403848,925.29126817,0.46266817,924.82860000,0.00000000,0.1293877981,0.1250000000,2,0,24.02087158
2024-05-03T14:00:00-04:00,1064.09370664,1443.34000000,137.51403848,926.57966817,0.46266817,926.11700000,0.00000000,0.1292311360,0.1250000000,2,1,24.02087158
2024-05-03T14:15:00-04:00,1066.53090664,1443.34000000,137.51403848,929.01686817,0.46266817,928.55420000,0.00000000,0.1289358214,0.1250000000,2,1,24.02087158
2024-05-03T14:30:00-04:00,1061.27571204,1443.34000000,137.77284387,923.50286817,0.46266817,923.04020000,0.00000000,0.1298181446,0.1250000000,2,0,24.02087158
2024-05-03T14:45:00-04:00,1063.53132298,1443.34000000,137.82965481,925.70166817,0.46266817,925.23900000,0.00000000,0.1295962346,0.1250000000,2,0,24.02087158
2024-05-03T15:00:00-04:00,1065.82332793,1443.34000000,137.76305977,928.06026817,0.46266817,927.59760000,0.00000000,0.1292550615,0.1250000000,2,3,24.02087158
2024-05-03T15:15:00-04:00,1067.55624625,1443.34000000,137.89277808,929.66346817,0.46266817,929.20080000,0.00000000,0.1291667568,0.1250000000,2,1,24.02087158
2024-05-03T15:30:00-04:00,1070.31544625,1443.34000000,137.89277808,932.42266817,0.46266817,931.96000000,0.00000000,0.1288337738,0.1250000000,2,4,24.02087158
2024-05-03T15:45:00-04:00,1081.11257836,1443.34000000,137.67184665,943.44073171,362.64073171,580.80000000,0.00000000,0.1273427480,0.1250000000,1,3,14.53803115
2024-05-06T09:30:00-04:00,1100.19270611,1443.34000000,138.71022440,961.48248171,5.37298171,956.10950000,0.00000000,0.1260781167,0.1250000000,2,4,14.53803115
2024-05-06T09:45:00-04:00,1093.44194725,1443.34000000,138.87087311,954.57107414,1.35987414,953.21120000,0.00000000,0.1270034257,0.1250000000,3,0,14.62041656
2024-05-06T10:00:00-04:00,1094.33900039,1443.34000000,138.76072301,955.57827738,358.42827738,597.15000000,0.00000000,0.1267986638,0.1250000000,2,1,14.62041656
2024-05-06T10:15:00-04:00,1099.10522314,1443.34000000,138.86582325,960.23939988,33.01439988,927.22500000,0.00000000,0.1263444303,0.1250000000,3,1,7.53776243
2024-05-06T10:30:00-04:00,1100.44075051,1443.34000000,138.87118873,961.56956178,0.93956178,960.63000000,0.00000000,0.1261959707,0.1250000000,4,0,8.93318225
2024-05-06T10:45:00-04:00,1104.51859054,1443.34000000,138.77902876,965.73956178,0.93956178,964.80000000,0.00000000,0.1256466210,0.1250000000,4,0,8.93318225
2024-05-06T11:00:00-04:00,1104.18227809,1443.34000000,138.74494219,965.43733590,4.86733590,960.57000000,0.00000000,0.1256540201,0.1250000000,3,0,8.85079683
2024-05-06T11:15:00-04:00,1105.62540136,1443.34000000,138.80806546,966.81733590,4.86733590,961.95000000,0.00000000,0.1255471024,0.1250000000,3,0,8.85079683
2024-05-06T11:30:00-04:00,1104.94008626,1443.34000000,138.90275036,966.03733590,4.86733590,961.17000000,0.00000000,0.1257106626,0.1250000000,3,0,8.85079683
2024-05-06T11:45:00-04:00,1106.02133228,1443.34000000,138.93399638,967.08733590,4.86733590,962.22000000,0.00000000,0.1256160187,0.1250000000,3,0,8.85079683
2024-05-06T12:00:00-04:00,1109.11525755,1443.34000000,138.86519202,970.25006553,612.80006553,357.45000000,0.00000000,0.1252035720,0.1250000000,2,0,8.85079683
2024-05-06T12:15:00-04:00,1108.24480724,1443.34000000,138.53474171,969.71006553,612.80006553,356.91000000,0.00000000,0.1250037364,0.1250000000,2,0,8.85079683
2024-05-06T12:30:00-04:00,1109.43370724,1443.34000000,138.53474171,970.89896553,612.80006553,358.09890000,0.00000000,0.1248697789,0.1250000000,2,0,8.85079683
2024-05-06T12:45:00-04:00,1108.39480724,1443.34000000,138.53474171,969.86006553,612.80006553,357.06000000,0.00000000,0.1249868195,0.1250000000,2,0,8.85079683
2024-05-06T13:00:00-04:00,1107.82600724,1443.34000000,138.53474171,969.29126553,612.80006553,356.49120000,0.00000000,0.1250509925,0.1250000000,2,0,8.85079683
2024-05-06T13:15:00-04:00,1108.60500772,1443.34000000,138.74494219,969.86006553,612.80006553,357.06000000,0.00000000,0.1251527291,0.1250000000,2,1,8.85079683
2024-05-06T13:30:00-04:00,1107.49723479,1443.34000000,138.96555801,968.53167678,1.15667678,967.37500000,0.00000000,0.1254771151,0.1250000000,3,0,22.05629840
2024-05-06T13:45:00-04:00,1110.33723479,1443.34000000,138.96555801,971.37167678,1.15667678,970.21500000,0.00000000,0.1251561721,0.1250000000,3,0,22.05629840
2024-05-06T14:00:00-04:00,1105.07663479,1443.34000000,138.96555801,966.11107678,1.15667678,964.95440000,0.00000000,0.1257519647,0.1250000000,3,2,22.05629840
2024-05-06T14:15:00-04:00,1105.02319695,1443.34000000,139.09212017,965.93107678,1.15667678,964.77440000,0.00000000,0.1258725795,0.1250000000,3,0,22.05629840
2024-05-06T14:30:00-04:00,1103.19848133,1443.34000000,139.09180455,964.10667678,1.15667678,962.95000000,0.00000000,0.1260804895,0.1250000000,3,0,22.05629840
2024-05-06T14:45:00-04:00,1103.94848133,1443.34000000,139.09180455,964.85667678,1.15667678,963.70000000,0.00000000,0.1259948330,0.1250000000,3,0,22.05629840
2024-05-06T15:00:00-04:00,1100.54278133,1443.34000000,139.09180455,961.45097678,1.15667678,960.29430000,0.00000000,0.1263847321,0.1250000000,3,0,22.05629840
2024-05-06T15:15:00-04:00,1101.47368133,1443.34000000,139.09180455,962.38187678,1.15667678,961.22520000,0.00000000,0.1262779192,0.1250000000,3,0,22.05629840
2024-05-06T15:30:00-04:00,1099.82535858,1443.34000000,139.12368180,960.70167678,1.15667678,959.54500000,0.00000000,0.1264961575,0.1250000000,3,1,22.05629840
2024-05-06T15:45:00-04:00,1100.91316675,1443.34000000,139.28148997,961.63167678,1.15667678,960.47500000,0.00000000,0.1265145101,0.1250000000,3,3,22.05629840
2024-05-07T09:30:00-04:00,1092.38410165,1443.34000000,139.59489699,952.78920466,916.02000466,36.76920000,0.00000000,0.1277892060,0.1250000000,1,3,1.19795545
2024-05-07T09:45:00-04:00,1079.97940850,1443.34000000,139.40773650,940.57167199,859.43167199,81.14000000,0.00000000,0.1290836986,0.1250000000,2,0,2.86260149
2024-05-07T10:00:00-04:00,1080.41340850,1443.34000000,139.40773650,941.00567199,859.43167199,81.57400000,0.00000000,0.1290318460,0.1250000000,2,1,2.86260149
2024-05-07T10:15:00-04:00,1074.90248081,1443.34000000,139.18680507,935.71567574,242.97467574,692.74100000,0.00000000,0.1294878443,0.1250000000,3,0,16.32496461
2024-05-07T10:30:00-04:00,1075.12448898,1443.34000000,139.34461324,935.77987574,242.97467574,692.80520000,0.00000000,0.1296078870,0.1250000000,3,0,16.32496461
2024-05-07T10:45:00-04:00,1078.41522042,1443.34000000,139.56554467,938.84967574,242.97467574,695.87500000,0.00000000,0.1294172616,0.1250000000,3,1,16.32496461
2024-05-07T11:00:00-04:00,1080.14040792,1443.34000000,139.56554467,940.57486324,51.88146324,888.69340000,0.00000000,0.1292105579,0.1250000000,4,0,18.24831731
2024-05-07T11:15:00-04:00,1082.00235445,1443.34000000,139.69179121,942.31056324,51.88146324,890.42910000,0.00000000,0.1291048865,0.1250000000,4,0,18.24831731
2024-05-07T11:30:00-04:00,1083.00945445,1443.34000000,139.69179121,943.31766324,51.88146324,891.43620000,0.00000000,0.1289848308,0.1250000000,4,1,18.24831731
2024-05-07T11:45:00-04:00,1081.87388465,1443.34000000,139.50242141,942.37146324,51.88146324,890.49000000,0.00000000,0.1289451787,0.1250000000,4,1,18.24831731
2024-05-07T12:00:00-04:00,1083.07758465,1443.34000000,139.50242141,943.57516324,51.88146324,891.69370000,0.00000000,0.1288018729,0.1250000000,4,0,18.24831731
2024-05-07T12:15:00-04:00,1081.30981609,1443.34000000,139.72335284,941.58646324,51.88146324,889.70500000,0.00000000,0.1292167617,0.1250000000,4,0,18.24831731
2024-05-07T12:30:00-04:00,1080.92929116,1443.34000000,139.72082791,941.20846324,51.88146324,889.32700000,0.00000000,0.1292599146,0.1250000000,4,0,18.24831731
2024-05-07T12:45:00-04:00,1080.94099282,1443.34000000,139.66022957,941.28076324,51.88146324,889.39930000,0.00000000,0.1292024546,0.1250000000,4,0,18.24831731
2024-05-07T13:00:00-04:00,1079.99723118,1443.34000000,139.62866794,940.36856324,51.88146324,888.48710000,0.00000000,0.1292861351,0.1250000000,4,1,18.24831731
2024-05-07T13:15:00-04:00,1078.83964362,1443.34000000,139.56554467,939.27409894,0.69069894,938.58340000,0.00000000,0.1293663479,0.1250000000,5,1,19.97585287
2024-05-07T13:30:00-04:00,1076.15672852,1443.34000000,139.66022957,936.49649894,0.69069894,935.80580000,0.00000000,0.1297768493,0.1250000000,5,0,19.97585287
2024-05-07T13:45:00-04:00,1072.92933545,1443.34000000,139.40773650,933.52159894,0.69069894,932.83090000,0.00000000,0.1299318901,0.1250000000,5,0,19.97585287
2024-05-07T14:00:00-04:00,1069.51943545,1443.34000000,139.40773650,930.11169894,0.69069894,929.42100000,0.00000000,0.1303461460,0.1250000000,5,1,19.97585287
2024-05-07T14:15:00-04:00,1065.92381444,1443.34000000,139.24992834,926.67388610,603.23308610,323.44080000,0.00000000,0.1306377871,0.1250000000,4,1,6.51348975
2024-05-07T14:30:00-04:00,1066.95415755,1443.34000000,139.07633935,927.87781820,130.52161820,797.35620000,0.00000000,0.1303489361,0.1250000000,5,0,37.39354953
2024-05-07T14:45:00-04:00,1070.48635755,1443.34000000,139.07633935,931.41001820,130.52161820,800.88840000,0.00000000,0.1299188340,0.1250000000,5,0,37.39354953
2024-05-07T15:00:00-04:00,1062.93354269,1443.34000000,139.27612449,923.65741820,130.52161820,793.13580000,0.00000000,0.1310299458,0.1250000000,5,0,36.19559408
2024-05-07T15:15:00-04:00,1066.58176018,1443.34000000,139.43614197,927.14561820,130.52161820,796.62400000,0.00000000,0.1307317893,0.1250000000,5,0,36.19559408
2024-05-07T15:30:00-04:00,1053.38220100,1443.34000000,139.28148997,914.10071103,170.48571103,743.61500000,0.00000000,0.1322231284,0.1250000000,4,0,36.19559408
2024-05-07T15:45:00-04:00,1050.92680100,1443.34000000,139.28148997,911.64531103,170.48571103,741.15960000,0.00000000,0.1325320563,0.1250000000,4,0,36.19559408
2024-05-08T09:30:00-04:00,1024.20263157,1443.34000000,137.51403848,886.68859310,834.68859310,52.00000000,0.00000000,0.1342644846,0.1250000000,1,1,0.00000000
2024-05-08T09:45:00-04:00,1004.43893069,1443.34000000,137.79840880,866.64052189,866.64052189,0.00000000,0.00000000,0.1371894344,0.1250000000,0,0,0.00000000
2024-05-08T10:00:00-04:00,1004.56486160,1443.34000000,137.92433972,866.64052189,866.64052189,0.00000000,0.00000000,0.1372975952,0.1250000000,0,0,0.00000000
2024-05-08T10:15:00-04:00,1004.71793553,1443.34000000,138.07741364,866.64052189,866.64052189,0.00000000,0.00000000,0.1374290323,0.1250000000,0,1,0.00000000
2024-05-08T10:30:00-04:00,1002.43141553,1443.34000000,138.07741364,864.35400189,378.11440189,486.23960000,0.00000000,0.1377425044,0.1250000000,1,0,7.97509892
2024-05-08T10:45:00-04:00,1004.00781120,1443.34000000,137.89340931,866.11440189,378.11440189,488.00000000,0.00000000,0.1373429646,0.1250000000,1,0,7.97509892
2024-05-08T11:00:00-04:00,1003.22498814,1443.34000000,138.05058625,865.17440189,378.11440189,487.06000000,0.00000000,0.1376068059,0.1250000000,1,0,7.97509892
2024-05-08T11:15:00-04:00,1004.12717997,1443.34000000,137.89277808,866.23440189,378.11440189,488.12000000,0.00000000,0.1373260089,0.1250000000,1,0,7.97509892
2024-05-08T11:30:00-04:00,1005.21452242,1443.34000000,137.94012053,867.27440189,378.11440189,489.16000000,0.00000000,0.1372245600,0.1250000000,1,1,7.97509892
2024-05-08T11:45:00-04:00,989.20089208,1443.34000000,137.96726354,851.23362854,0.53362854,850.70000000,0.00000000,0.1394734524,0.1250000000,2,0,36.18817540
2024-05-08T12:00:00-04:00,980.66089208,1443.34000000,137.96726354,842.69362854,0.53362854,842.16000000,0.00000000,0.1406880448,0.1250000000,2,0,36.18817540
2024-05-08T12:15:00-04:00,984.74265316,1443.34000000,138.01902462,846.72362854,0.53362854,846.19000000,0.00000000,0.1401574555,0.1250000000,2,0,36.18817540
2024-05-08T12:30:00-04:00,991.10385316,1443.34000000,138.01902462,853.08482854,0.53362854,852.55120000,0.00000000,0.1392578832,0.1250000000,2,0,36.18817540
2024-05-08T12:45:00-04:00,992.72156825,1443.34000000,137.92433972,854.79722854,0.53362854,854.26360000,0.00000000,0.1389355728,0.1250000000,2,0,36.18817540
2024-05-08T13:00:00-04:00,986.13576825,1443.34000000,137.92433972,848.21142854,0.53362854,847.67780000,0.00000000,0.1398634388,0.1250000000,2,0,36.18817540
2024-05-08T13:15:00-04:00,989.36355676,1443.34000000,137.88772822,851.47582854,0.53362854,850.94220000,0.00000000,0.1393701307,0.1250000000,2,0,36.18817540
2024-05-08T13:30:00-04:00,987.42115676,1443.34000000,137.88772822,849.53342854,0.53362854,848.99980000,0.00000000,0.1396442919,0.1250000000,2,0,36.18817540
2024-05-08T13:45:00-04:00,988.52355676,1443.34000000,137.88772822,850.63582854,0.53362854,850.10220000,0.00000000,0.1394885608,0.1250000000,2,0,36.18817540
2024-05-08T14:00:00-04:00,989.63233754,1443.34000000,138.01870900,851.61362854,0.53362854,851.08000000,0.00000000,0.1394646312,0.1250000000,2,0,36.18817540
2024-05-08T14:15:00-04:00,999.33253754,1443.34000000,138.01870900,861.31382854,0.53362854,860.78020000,0.00000000,0.1381108928,0.1250000000,2,0,36.18817540
2024-05-08T14:30:00-04:00,985.66226084,1443.34000000,137.96663230,847.69562854,0.53362854,847.16200000,0.00000000,0.1399735364,0.1250000000,2,0,36.18817540
2024-05-08T14:45:00-04:00,976.28593194,1443.34000000,137.96663230,838.31929964,349.63929964,488.68000000,0.00000000,0.1413178535,0.1250000000,1,0,7.97509892
2024-05-08T15:00:00-04:00,975.38486892,1443.34000000,137.98556929,837.39929964,349.63929964,487.76000000,0.00000000,0.1414678182,0.1250000000,1,1,7.97509892
2024-05-08T15:15:00-04:00,976.52511892,1443.34000000,137.98556929,838.53954964,3.57994964,834.95960000,0.00000000,0.1413026318,0.1250000000,2,0,21.83791379
2024-05-08T15:30:00-04:00,972.55053589,1443.34000000,138.05058625,834.49994964,3.57994964,830.92000000,0.00000000,0.1419469541,0.1250000000,2,1,21.83791379
2024-05-08T15:45:00-04:00,968.72209752,1443.34000000,138.08214788,830.63994964,3.57994964,827.06000000,0.00000000,0.1425405163,0.1250000000,2,3,21.83791379
2024-05-09T09:30:00-04:00,964.62879406,1443.34000000,120.98913637,843.63965769,332.01965769,511.62000000,0.00000000,0.1254255908,0.1250000000,2,4,8.58600434
2024-05-09T09:45:00-04:00,962.52284577,1443.34000000,121.23831308,841.28453269,0.67133269,840.61320000,0.00000000,0.1259588940,0.1250000000,3,0,14.44262809
2024-05-09T10:00:00-04:00,963.91973207,1443.34000000,121.26599938,842.65373269,0.67133269,841.98240000,0.00000000,0.1258050804,0.1250000000,3,0,14.44262809
2024-05-09T10:15:00-04:00,962.78083357,1443.34000000,121.07191841,841.70891517,325.91891517,515.79000000,0.00000000,0.1257523147,0.1250000000,2,0,8.58600434
2024-05-09T10:30:00-04:00,966.87641107,1443.34000000,121.31749590,845.55891517,325.91891517,519.64000000,0.00000000,0.1254736329,0.1250000000,2,1,0.61090542
2024-05-09T10:45:00-04:00,963.66463641,1443.34000000,121.59823499,842.06640142,2.59160142,839.47480000,0.00000000,0.1261831455,0.1250000000,3,0,19.76767365
2024-05-09T11:00:00-04:00,963.69963641,1443.34000000,121.59823499,842.10140142,2.59160142,839.50980000,0.00000000,0.1261785627,0.1250000000,3,0,19.76767365
2024-05-09T11:15:00-04:00,963.90095216,1443.34000000,121.66745075,842.23350142,2.59160142,839.64190000,0.00000000,0.1262240176,0.1250000000,3,1,19.76767365
2024-05-09T11:30:00-04:00,965.04205216,1443.34000000,121.66745075,843.37460142,2.59160142,840.78300000,0.00000000,0.1260747658,0.1250000000,3,0,19.76767365
2024-05-09T11:45:00-04:00,968.84904615,1443.34000000,121.12784474,847.72120142,2.59160142,845.12960000,0.00000000,0.1250224121,0.1250000000,3,0,19.76767365
2024-05-09T12:00:00-04:00,972.58558695,1443.34000000,121.54258553,851.04300142,2.59160142,848.45140000,0.00000000,0.1249685243,0.1250000000,3,0,19.76767365
2024-05-09T12:15:00-04:00,970.99957601,1443.34000000,121.59297460,849.40660142,2.59160142,846.81500000,0.00000000,0.1252245393,0.1250000000,3,0,19.76767365
2024-05-09T12:30:00-04:00,971.60317601,1443.34000000,121.59297460,850.01020142,2.59160142,847.41860000,0.00000000,0.1251467447,0.1250000000,3,0,19.76767365
2024-05-09T12:45:00-04:00,968.13037601,1443.34000000,121.59297460,846.53740142,2.59160142,843.94580000,0.00000000,0.1255956611,0.1250000000,3,0,19.76767365
2024-05-09T13:00:00-04:00,967.51177751,1443.34000000,121.51517609,845.99660142,2.59160142,843.40500000,0.00000000,0.1255955523,0.1250000000,3,0,19.76767365
2024-05-09T13:15:00-04:00,968.66177751,1443.34000000,121.51517609,847.14660142,2.59160142,844.55500000,0.00000000,0.1254464447,0.1250000000,3,1,19.76767365
2024-05-09T13:30:00-04:00,972.09334296,1443.34000000,121.51517609,850.57816687,0.01026687,850.56790000,0.00000000,0.1250036089,0.1250000000,4,0,19.90377364
2024-05-09T13:45:00-04:00,969.05675569,1443.34000000,121.62592130,847.43083440,495.82653440,351.60430000,0.00000000,0.1255095954,0.1250000000,3,0,19.90377364
2024-05-09T14:00:00-04:00,970.69925569,1443.34000000,121.62592130,849.07333440,495.82653440,353.24680000,0.00000000,0.1252972232,0.1250000000,3,0,19.90377364
2024-05-09T14:15:00-04:00,971.22565569,1443.34000000,121.62592130,849.59973440,495.82653440,353.77320000,0.00000000,0.1252293127,0.1250000000,3,0,19.90377364
2024-05-09T14:30:00-04:00,970.23689679,1443.34000000,121.54286239,848.69403440,495.82653440,352.86750000,0.00000000,0.1252713258,0.1250000000,3,2,19.90377364
2024-05-09T14:45:00-04:00,967.14386554,1443.34000000,121.54286239,845.60100315,0.88060315,844.72040000,0.00000000,0.1256719571,0.1250000000,4,1,33.98759563
2024-05-09T15:00:00-04:00,971.39386554,1443.34000000,121.54286239,849.85100315,0.88060315,848.97040000,0.00000000,0.1251221227,0.1250000000,4,1,33.98759563
2024-05-09T15:15:00-04:00,968.88712033,1443.34000000,121.43211719,847.45500315,0.88060315,846.57440000,0.00000000,0.1253315424,0.1250000000,4,1,33.98759563
2024-05-09T15:30:00-04:00,966.49472033,1443.34000000,121.43211719,845.06260315,0.88060315,844.18200000,0.00000000,0.1256417802,0.1250000000,4,0,33.98759563
2024-05-09T15:45:00-04:00,964.24012033,1443.34000000,121.43211719,842.80800315,0.88060315,841.92740000,0.00000000,0.1259355576,0.1250000000,4,1,33.98759563
2024-05-10T09:30:00-04:00,948.92868982,1443.34000000,122.23335874,826.69533107,4.80033107,821.89500000,0.00000000,0.1288119540,0.1250000000,3,2,33.85149565
2024-05-10T09:45:00-04:00,948.73484771,1443.34000000,122.09658842,826.63825929,4.50325929,822.13500000,0.00000000,0.1286941116,0.1250000000,3,2,33.85149565
2024-05-10T10:00:00-04:00,943.57320021,1443.34000000,122.09658842,821.47661179,1.37091179,820.10570000,0.00000000,0.1293981096,0.1250000000,4,0,33.98439800
2024-05-10T10:15:00-04:00,937.42333700,1443.34000000,122.09658842,815.32674858,24.25764858,791.06910000,0.00000000,0.1302470118,0.1250000000,2,0,33.24059022
2024-05-10T10:30:00-04:00,931.81979159,1443.34000000,121.81972540,810.00006619,328.20006619,481.80000000,0.00000000,0.1307331380,0.1250000000,1,0,14.08382199
2024-05-10T10:45:00-04:00,935.24830118,1443.34000000,121.59823499,813.65006619,328.20006619,485.45000000,0.00000000,0.1300170605,0.1250000000,1,0,14.08382199
2024-05-10T11:00:00-04:00,933.42330118,1443.34000000,121.59823499,811.82506619,328.20006619,483.62500000,0.00000000,0.1302712658,0.1250000000,1,0,14.08382199
2024-05-10T11:15:00-04:00,930.53066761,1443.34000000,121.82913875,808.70152887,808.70152887,0.00000000,0.00000000,0.1309243671,0.1250000000,0,0,0.00000000
2024-05-10T11:30:00-04:00,930.32745016,1443.34000000,121.62592130,808.70152887,808.70152887,0.00000000,0.00000000,0.1307345293,0.1250000000,0,0,0.00000000
2024-05-10T11:45:00-04:00,930.32745016,1443.34000000,121.62592130,808.70152887,808.70152887,0.00000000,0.00000000,0.1307345293,0.1250000000,0,0,0.00000000
2024-05-10T12:00:00-04:00,930.32745016,1443.34000000,121.62592130,808.70152887,808.70152887,0.00000000,0.00000000,0.1307345293,0.1250000000,0,0,0.00000000
2024-05-10T12:15:00-04:00,930.57994923,1443.34000000,121.87842036,808.70152887,808.70152887,0.00000000,0.00000000,0.1309703916,0.1250000000,0,0,0.00000000
2024-05-10T12:30:00-04:00,930.52125427,1443.34000000,121.81972540,808.70152887,808.70152887,0.00000000,0.00000000,0.1309155754,0.1250000000,0,0,0.00000000
2024-05-10T12:45:00-04:00,930.52125427,1443.34000000,121.81972540,808.70152887,808.70152887,0.00000000,0.00000000,0.1309155754,0.1250000000,0,1,0.00000000
2024-05-10T13:00:00-04:00,925.63140827,1443.34000000,121.81972540,803.81168287,417.68048287,386.13120000,0.00000000,0.1316071649,0.1250000000,1,0,27.90799188
2024-05-10T13:15:00-04:00,928.46020827,1443.34000000,121.81972540,806.64048287,417.68048287,388.96000000,0.00000000,0.1312061888,0.1250000000,1,0,27.90799188
2024-05-10T13:30:00-04:00,930.51259252,1443.34000000,121.75050965,808.76208287,417.68048287,391.08160000,0.00000000,0.1308424095,0.1250000000,1,0,27.90799188
2024-05-10T13:45:00-04:00,929.62859252,1443.34000000,121.75050965,807.87808287,417.68048287,390.19760000,0.00000000,0.1309668298,0.1250000000,1,0,27.90799188
2024-05-10T14:00:00-04:00,929.09819252,1443.34000000,121.75050965,807.34768287,417.68048287,389.66720000,0.00000000,0.1310415956,0.1250000000,1,1,27.90799188
2024-05-10T14:15:00-04:00,924.37716752,1443.34000000,121.75050965,802.62665787,54.70845787,747.91820000,0.00000000,0.1317108578,0.1250000000,2,0,31.74957129
2024-05-10T14:30:00-04:00,931.75136752,1443.34000000,121.75050965,810.00085787,54.70845787,755.29240000,0.00000000,0.1306684529,0.1250000000,2,0,31.74957129
2024-05-10T14:45:00-04:00,926.27056752,1443.34000000,121.75050965,804.52005787,54.70845787,749.81160000,0.00000000,0.1314416262,0.1250000000,2,0,31.74957129
2024-05-10T15:00:00-04:00,926.26110108,1443.34000000,121.98584321,804.27525787,54.70845787,749.56680000,0.00000000,0.1316970378,0.1250000000,2,0,31.74957129
2024-05-10T15:15:00-04:00,922.71210519,1443.34000000,122.17964732,800.53245787,54.70845787,745.82400000,0.00000000,0.1324136170,0.1250000000,2,0,31.74957129
2024-05-10T15:30:00-04:00,915.68398738,1443.34000000,122.01352951,793.67045787,54.70845787,738.96200000,0.00000000,0.1332485128,0.1250000000,2,0,31.74957129
2024-05-10T15:45:00-04:00,913.96198738,1443.34000000,122.01352951,791.94845787,54.70845787,737.24000000,0.00000000,0.1334995669,0.1250000000,2,1,31.74957129
2024-05-13T09:30:00-04:00,916.29849035,1443.34000000,122.24803248,794.05045787,54.70845787,739.34200000,0.00000000,0.1334150757,0.1250000000,2,4,27.90799188
2024-05-13T09:45:00-04:00,931.76352742,1443.34000000,122.06890211,809.69462531,371.94582531,437.74880000,0.00000000,0.1310084571,0.1250000000,2,4,29.88327667
2024-05-13T10:00:00-04:00,932.38381043,1443.34000000,122.34576513,810.03804531,1.82844531,808.20960000,0.00000000,0.1312182427,0.1250000000,4,2,39.94285524
2024-05-13T10:15:00-04:00,918.13752009,1443.34000000,122.42882403,795.70869606,0.02809606,795.68060000,0.00000000,0.1333447565,0.1250000000,5,1,40.02249683
2024-05-13T10:30:00-04:00,920.98217355,1443.34000000,122.40113773,798.58103583,244.14963583,554.43140000,0.00000000,0.1329028305,0.1250000000,4,1,34.09973518
2024-05-13T10:45:00-04:00,914.49842355,1443.34000000,122.40113773,792.09728583,2.16828583,789.92900000,0.00000000,0.1338451052,0.1250000000,5,0,44.81312637
2024-05-13T11:00:00-04:00,920.58873725,1443.34000000,122.37345143,798.21528583,2.16828583,796.04700000,0.00000000,0.1329295553,0.1250000000,5,1,44.81312637
2024-05-13T11:15:00-04:00,922.64831404,1443.34000000,122.37345143,800.27486262,59.21586262,741.05900000,0.00000000,0.1326328240,0.1250000000,4,0,44.81312637
2024-05-13T11:30:00-04:00,914.18005287,1443.34000000,122.37179025,791.80826262,59.21586262,732.59240000,0.00000000,0.1338596154,0.1250000000,4,0,44.81312637
2024-05-13T11:45:00-04:00,919.28494541,1443.34000000,122.37068280,796.91426262,59.21586262,737.69840000,0.00000000,0.1331150732,0.1250000000,4,0,44.81312637
2024-05-13T12:00:00-04:00,916.20888665,1443.34000000,122.42882403,793.78006262,59.21586262,734.56420000,0.00000000,0.1336254492,0.1250000000,4,0,44.81312637
2024-05-13T12:15:00-04:00,907.83940598,1443.34000000,122.42882403,785.41058195,422.05658195,363.35400000,0.00000000,0.1348573583,0.1250000000,3,0,16.90513449
2024-05-13T12:30:00-04:00,905.13563338,1443.34000000,122.37345143,782.76218195,422.05658195,360.70560000,0.00000000,0.1351990209,0.1250000000,3,1,16.90513449
2024-05-13T12:45:00-04:00,909.27731873,1443.34000000,122.56725554,786.71006320,0.51566320,786.19440000,0.00000000,0.1347963410,0.1250000000,4,1,36.26747774
2024-05-13T13:00:00-04:00,898.43508312,1443.34000000,122.23501992,776.20006320,0.51566320,775.68440000,0.00000000,0.1360532577,0.1250000000,4,1,36.26747774
2024-05-13T13:15:00-04:00,902.47388312,1443.34000000,122.23501992,780.23886320,0.51566320,779.72320000,0.00000000,0.1354443848,0.1250000000,4,1,36.26747774
2024-05-13T13:30:00-04:00,901.55577353,1443.34000000,122.45651033,779.09926320,0.51566320,778.58360000,0.00000000,0.1358279919,0.1250000000,4,0,36.26747774
2024-05-13T13:45:00-04:00,903.07611541,1443.34000000,122.36985221,780.70626320,0.51566320,780.19060000,0.00000000,0.1355033647,0.1250000000,4,1,36.26747774
2024-05-13T14:00:00-04:00,901.16031541,1443.34000000,122.36985221,778.79046320,0.51566320,778.27480000,0.00000000,0.1357914348,0.1250000000,4,0,36.26747774
2024-05-13T14:15:00-04:00,906.18831541,1443.34000000,122.36985221,783.81846320,0.51566320,783.30280000,0.00000000,0.1350379939,0.1250000000,4,0,36.26747774
2024-05-13T14:30:00-04:00,899.23365742,1443.34000000,122.42439422,776.80926320,0.51566320,776.29360000,0.00000000,0.1361430294,0.1250000000,4,0,36.26747774
2024-05-13T14:45:00-04:00,900.52011228,1443.34000000,122.38424909,778.13586320,0.51566320,777.62020000,0.00000000,0.1359039597,0.1250000000,4,1,36.26747774
2024-05-13T15:00:00-04:00,894.51671228,1443.34000000,122.38424909,772.13246320,0.51566320,771.61680000,0.00000000,0.1368160565,0.1250000000,4,0,36.26747774
2024-05-13T15:15:00-04:00,890.60531228,1443.34000000,122.38424909,768.22106320,0.51566320,767.70540000,0.00000000,0.1374169314,0.1250000000,4,0,36.26747774
2024-05-13T15:30:00-04:00,894.50071228,1443.34000000,122.38424909,772.11646320,0.51566320,771.60080000,0.00000000,0.1368185038,0.1250000000,4,2,36.26747774
2024-05-13T15:45:00-04:00,899.03409120,1443.34000000,122.48142800,776.55266320,0.51566320,776.03700000,0.00000000,0.1362366891,0.1250000000,4,2,36.26747774
2024-05-14T09:30:00-04:00,1223.40555012,1443.34000000,122.62262814,1100.78292198,974.28292198,126.50000000,0.00000000,0.1002305639,0.1250000000,1,5,6.11210170
2024-05-14T09:45:00-04:00,1220.37649966,1443.34000000,122.37345143,1098.00304823,0.38804823,1097.61500000,0.00000000,0.1002751622,0.1250000000,5,1,34.20808064
2024-05-14T10:00:00-04:00,1249.24724486,1443.34000000,122.48419663,1126.76304823,0.38804823,1126.37500000,0.00000000,0.0980464013,0.1250000000,5,0,34.20808064
2024-05-14T10:15:00-04:00,1243.89704982,1443.34000000,122.74500159,1121.15204823,0.38804823,1120.76400000,0.00000000,0.0986777817,0.1250000000,5,1,29.91488255
2024-05-14T10:30:00-04:00,1230.60030376,1443.34000000,122.56725554,1108.03304823,0.38804823,1107.64500000,0.00000000,0.0995995655,0.1250000000,5,0,29.91488255
2024-05-14T10:45:00-04:00,1239.49674825,1443.34000000,122.81615539,1116.68059286,125.13059286,991.55000000,0.00000000,0.0990855003,0.1250000000,4,2,29.91488255
2024-05-14T11:00:00-04:00,1237.32972039,1443.34000000,122.87042054,1114.45929985,0.70539985,1113.75390000,0.00000000,0.0993028928,0.1250000000,5,0,38.61893684
2024-05-14T11:15:00-04:00,1239.95458859,1443.34000000,122.83968874,1117.11489985,0.70539985,1116.40950000,0.00000000,0.0990678932,0.1250000000,5,1,38.61893684
2024-05-14T11:30:00-04:00,1232.03741429,1443.34000000,122.65031444,1109.38709985,0.70539985,1108.68170000,0.00000000,0.0995508034,0.1250000000,5,0,38.61893684
2024-05-14T11:45:00-04:00,1224.96381429,1443.34000000,122.65031444,1102.31349985,0.70539985,1101.60810000,0.00000000,0.1001256633,0.1250000000,5,0,38.61893684
2024-05-14T12:00:00-04:00,1225.21743959,1443.34000000,122.65031444,1102.56712515,6.51222515,1096.05490000,0.00000000,0.1001049369,0.1250000000,4,0,38.61893684
2024-05-14T12:15:00-04:00,1232.84226699,1443.34000000,122.59494184,1110.24732515,6.51222515,1103.73510000,0.00000000,0.0994408978,0.1250000000,4,0,38.61893684
2024-05-14T12:30:00-04:00,1241.31167031,1443.34000000,122.56725554,1118.74441477,121.97441477,996.77000000,0.00000000,0.0987401138,0.1250000000,3,0,29.77136071
2024-05-14T12:45:00-04:00,1239.40946882,1443.34000000,122.64505404,1116.76441477,121.97441477,994.79000000,0.00000000,0.0989544272,0.1250000000,3,0,29.77136071
2024-05-14T13:00:00-04:00,1232.86667031,1443.34000000,122.56725554,1110.29941477,121.97441477,988.32500000,0.00000000,0.0994164726,0.1250000000,3,0,29.77136071
2024-05-14T13:15:00-04:00,1233.16204291,1443.34000000,122.62262814,1110.53941477,121.97441477,988.56500000,0.00000000,0.0994375628,0.1250000000,3,0,29.77136071
2024-05-14T13:30:00-04:00,1228.28385562,1443.34000000,122.65031444,1105.63354118,148.79854118,956.83500000,0.00000000,0.0998550245,0.1250000000,2,0,29.77136071
2024-05-14T13:45:00-04:00,1234.48301247,1443.34000000,122.63647129,1111.84654118,148.79854118,963.04800000,0.00000000,0.0993423725,0.1250000000,2,0,29.77136071
2024-05-14T14:00:00-04:00,1235.12520097,1443.34000000,122.51215980,1112.61304118,148.79854118,963.81450000,0.00000000,0.0991900738,0.1250000000,2,0,29.77136071
2024-05-14T14:15:00-04:00,1234.87570097,1443.34000000,122.51215980,1112.36354118,148.79854118,963.56500000,0.00000000,0.0992101146,0.1250000000,2,0,29.77136071
2024-05-14T14:30:00-04:00,1235.52570097,1443.34000000,122.51215980,1113.01354118,148.79854118,964.21500000,0.00000000,0.0991579210,0.1250000000,2,0,29.77136071
2024-05-14T14:45:00-04:00,1232.17090493,1443.34000000,122.95486375,1109.21604118,148.79854118,960.41750000,0.00000000,0.0997871831,0.1250000000,2,1,29.77136071
2024-05-14T15:00:00-04:00,1228.33565331,1443.34000000,122.92717745,1105.40847585,240.50847585,864.90000000,0.00000000,0.1000762105,0.1250000000,2,1,30.94018605
2024-05-14T15:15:00-04:00,1217.44901341,1443.34000000,122.98255006,1094.46646335,73.43326335,1021.03320000,0.00000000,0.1010165918,0.1250000000,3,0,33.81121369
2024-05-14T15:30:00-04:00,1219.52081341,1443.34000000,122.98255006,1096.53826335,73.43326335,1023.10500000,0.00000000,0.1008449784,0.1250000000,3,2,33.81121369
2024-05-14T15:45:00-04:00,1217.79652488,1443.34000000,123.03515403,1094.76137085,4.19137085,1090.57000000,0.00000000,0.1010309617,0.1250000000,4,2,35.41972252
2024-05-15T09:30:00-04:00,1216.15389652,1443.34000000,122.37372829,1093.78016823,68.22716823,1025.55300000,0.00000000,0.1006235548,0.1250000000,3,3,41.75377989
2024-05-15T09:45:00-04:00,1205.94773746,1443.34000000,122.24471013,1083.70302734,130.38382734,953.31920000,0.00000000,0.1013681657,0.1250000000,3,0,33.50663068
2024-05-15T10:00:00-04:00,1204.70353746,1443.34000000,122.24471013,1082.45882734,130.38382734,952.07500000,0.00000000,0.1014728573,0.1250000000,3,0,33.50663068
2024-05-15T10:15:00-04:00,1198.84080295,1443.34000000,122.65197562,1076.18882734,130.38382734,945.80500000,0.00000000,0.1023088097,0.1250000000,3,0,33.50663068
2024-05-15T10:30:00-04:00,1199.64064560,1443.34000000,122.95181826,1076.68882734,130.38382734,946.30500000,0.00000000,0.1024905406,0.1250000000,3,0,33.50663068
2024-05-15T10:45:00-04:00,1200.62141643,1443.34000000,122.80258910,1077.81882734,130.38382734,947.43500000,0.00000000,0.1022825242,0.1250000000,3,0,33.50663068
2024-05-15T11:00:00-04:00,1207.36850479,1443.34000000,122.92717745,1084.44132734,130.38382734,954.05750000,0.00000000,0.1018141329,0.1250000000,3,0,32.64238835
2024-05-15T11:15:00-04:00,1195.76984794,1443.34000000,122.94102060,1072.82882734,130.38382734,942.44500000,0.00000000,0.1028132803,0.1250000000,3,0,32.64238835
2024-05-15T11:30:00-04:00,1198.32574794,1443.34000000,122.94102060,1075.38472734,130.38382734,945.00090000,0.00000000,0.1025939907,0.1250000000,3,0,32.64238835
2024-05-15T11:45:00-04:00,1201.57110053,1443.34000000,122.98227319,1078.58882734,130.38382734,948.20500000,0.00000000,0.1023512243,0.1250000000,3,1,32.64238835
2024-05-15T12:00:00-04:00,1197.74127879,1443.34000000,122.92717745,1074.81410134,1.71940134,1073.09470000,0.00000000,0.1026324964,0.1250000000,4,0,38.11104153
2024-05-15T12:15:00-04:00,1197.14429724,1443.34000000,122.94849590,1074.19580134,1.71940134,1072.47640000,0.00000000,0.1027014840,0.1250000000,4,0,38.11104153
2024-05-15T12:30:00-04:00,1195.74418276,1443.34000000,122.97978143,1072.76440134,1.71940134,1071.04500000,0.00000000,0.1028479028,0.1250000000,4,0,38.11104153
2024-05-15T12:45:00-04:00,1196.89918276,1443.34000000,122.97978143,1073.91940134,1.71940134,1072.20000000,0.00000000,0.1027486552,0.1250000000,4,1,38.11104153
2024-05-15T13:00:00-04:00,1192.46137899,1443.34000000,123.03792266,1069.42345634,0.45845634,1068.96500000,0.00000000,0.1031797967,0.1250000000,5,0,38.15532395
2024-05-15T13:15:00-04:00,1196.26359695,1443.34000000,122.95514062,1073.30845634,0.45845634,1072.85000000,0.00000000,0.1027826483,0.1250000000,5,0,38.15532395
2024-05-15T13:30:00-04:00,1183.97203038,1443.34000000,123.09301840,1060.87901199,703.43401199,357.44500000,0.00000000,0.1039661540,0.1250000000,4,0,8.38396324
2024-05-15T13:45:00-04:00,1183.97120725,1443.34000000,123.09329526,1060.87791199,703.43401199,357.44390000,0.00000000,0.1039664601,0.1250000000,4,1,8.38396324
2024-05-15T14:00:00-04:00,1176.41076615,1443.34000000,123.17635416,1053.23441199,547.31701199,505.91740000,0.00000000,0.1047052252,0.1250000000,5,0,38.61163193
2024-05-15T14:15:00-04:00,1178.62337026,1443.34000000,123.37015827,1055.25321199,547.31701199,507.93620000,0.00000000,0.1046730969,0.1250000000,5,0,38.61163193
2024-05-15T14:30:00-04:00,1180.21037026,1443.34000000,123.37015827,1056.84021199,547.31701199,509.52320000,0.00000000,0.1045323456,0.1250000000,5,0,38.61163193
2024-05-15T14:45:00-04:00,1183.76197026,1443.34000000,123.37015827,1060.39181199,547.31701199,513.07480000,0.00000000,0.1042187208,0.1250000000,5,0,38.61163193
2024-05-15T15:00:00-04:00,1186.56448396,1443.34000000,123.34247197,1063.22201199,547.31701199,515.90500000,0.00000000,0.1039492363,0.1250000000,5,1,38.61163193
2024-05-15T15:15:00-04:00,1191.13754646,1443.34000000,123.34247197,1067.79507449,17.67007449,1050.12500000,0.00000000,0.1035501503,0.1250000000,6,0,39.04153404
2024-05-15T15:30:00-04:00,1194.22329166,1443.34000000,123.45321718,1070.77007449,17.67007449,1053.10000000,0.00000000,0.1033753219,0.1250000000,6,0,39.04153404
2024-05-15T15:45:00-04:00,1188.35172317,1443.34000000,123.59164868,1064.76007449,17.67007449,1047.09000000,0.00000000,0.1040025830,0.1250000000,6,0,39.04153404
2024-05-16T09:30:00-04:00,1174.23391254,1443.34000000,147.88437157,1026.34954097,597.29514097,429.05440000,0.00000000,0.1259411519,0.1250000000,3,1,33.09869632
2024-05-16T09:45:00-04:00,1179.31407254,1443.34000000,147.88437157,1031.42970097,26.58970097,1004.84000000,0.00000000,0.1253986322,0.1250000000,3,1,58.90068008
2024-05-16T10:00:00-04:00,1191.69949344,1443.34000000,147.71876497,1043.98072847,5.54392847,1038.43680000,0.00000000,0.1239563882,0.1250000000,4,0,60.01539254
2024-05-16T10:15:00-04:00,1195.72189344,1443.34000000,147.71876497,1048.00312847,5.54392847,1042.45920000,0.00000000,0.1235393997,0.1250000000,4,1,60.01539254
2024-05-16T10:30:00-04:00,1192.47026830,1443.34000000,148.01313983,1044.45712847,5.54392847,1038.91320000,0.00000000,0.1241231281,0.1250000000,4,1,60.01539254
2024-05-16T10:45:00-04:00,1186.00262800,1443.34000000,148.06789953,1037.93472847,5.54392847,1032.39080000,0.00000000,0.1248461816,0.1250000000,4,1,60.01539254
2024-05-16T11:00:00-04:00,1170.29025542,1443.34000000,148.06491264,1022.22534278,131.33884278,890.88650000,0.00000000,0.1265198201,0.1250000000,3,1,29.78772385
2024-05-16T11:15:00-04:00,1174.34880154,1443.34000000,148.06258950,1026.28621204,21.36761204,1004.91860000,0.00000000,0.1260805898,0.1250000000,3,0,30.26526210
2024-05-16T11:30:00-04:00,1180.15930978,1443.34000000,148.08349775,1032.07581204,21.36761204,1010.70820000,0.00000000,0.1254775491,0.1250000000,3,0,30.26526210
2024-05-16T11:45:00-04:00,1186.74035330,1443.34000000,148.14954126,1038.59081204,21.36761204,1017.22320000,0.00000000,0.1248373672,0.1250000000,3,0,30.26526210
2024-05-16T12:00:00-04:00,1182.38164670,1443.34000000,147.98393466,1034.39771204,21.36761204,1013.03010000,0.00000000,0.1251575031,0.1250000000,3,0,30.26526210
2024-05-16T12:15:00-04:00,1177.50134670,1443.34000000,147.98393466,1029.51741204,21.36761204,1008.14980000,0.00000000,0.1256762339,0.1250000000,3,0,30.26526210
2024-05-16T12:30:00-04:00,1177.52154670,1443.34000000,147.98393466,1029.53761204,21.36761204,1008.17000000,0.00000000,0.1256740780,0.1250000000,3,0,30.26526210
2024-05-16T12:45:00-04:00,1183.29954670,1443.34000000,147.98393466,1035.31561204,21.36761204,1013.94800000,0.00000000,0.1250604169,0.1250000000,3,0,30.26526210
2024-05-16T13:00:00-04:00,1182.19110978,1443.34000000,148.08349775,1034.10761204,21.36761204,1012.74000000,0.00000000,0.1252618942,0.1250000000,3,0,30.26526210
2024-05-16T13:15:00-04:00,1173.63943283,1443.34000000,147.75162079,1025.88781204,21.36761204,1004.52020000,0.00000000,0.1258918341,0.1250000000,3,0,30.26526210
2024-05-16T13:30:00-04:00,1171.94380822,1443.34000000,147.81799618,1024.12581204,21.36761204,1002.75820000,0.00000000,0.1261306175,0.1250000000,3,0,30.26526210
2024-05-16T13:45:00-04:00,1173.33242052,1443.34000000,147.78480849,1025.54761204,21.36761204,1004.18000000,0.00000000,0.1259530598,0.1250000000,3,0,30.26526210
2024-05-16T14:00:00-04:00,1169.39010331,1443.34000000,147.75162079,1021.63848251,149.56648251,872.07200000,0.00000000,0.1263492998,0.1250000000,2,0,28.67301140
2024-05-16T14:15:00-04:00,1162.91810331,1443.34000000,147.75162079,1015.16648251,149.56648251,865.60000000,0.00000000,0.1270524729,0.1250000000,2,0,28.67301140
2024-05-16T14:30:00-04:00,1163.89410331,1443.34000000,147.75162079,1016.14248251,149.56648251,866.57600000,0.00000000,0.1269459312,0.1250000000,2,0,28.67301140
2024-05-16T14:45:00-04:00,1168.53810331,1443.34000000,147.75162079,1020.78648251,149.56648251,871.22000000,0.00000000,0.1264414232,0.1250000000,2,1,28.67301140
2024-05-16T15:00:00-04:00,1163.51346581,1443.34000000,147.75162079,1015.76184501,16.61684501,999.14500000,0.00000000,0.1269874609,0.1250000000,3,0,30.22870034
2024-05-16T15:15:00-04:00,1161.97766581,1443.34000000,147.75162079,1014.22604501,16.61684501,997.60920000,0.00000000,0.1271553018,0.1250000000,3,0,30.22870034
2024-05-16T15:30:00-04:00,1158.95527811,1443.34000000,147.71843310,1011.23684501,16.61684501,994.62000000,0.00000000,0.1274582686,0.1250000000,3,0,30.22870034
2024-05-16T15:45:00-04:00,1156.77340116,1443.34000000,147.38655614,1009.38684501,16.61684501,992.77000000,0.00000000,0.1274117783,0.1250000000,3,0,30.22870034
2024-05-17T09:30:00-04:00,1139.25782439,1443.34000000,147.85118388,991.40664051,825.16664051,166.24000000,0.00000000,0.1297785108,0.1250000000,1,1,2.87102763
2024-05-17T09:45:00-04:00,1133.14202439,1443.34000000,147.85118388,985.29084051,155.86504051,829.42580000,0.00000000,0.1304789521,0.1250000000,2,2,16.23427636
2024-05-17T10:00:00-04:00,1132.10626755,1443.34000000,147.75162079,984.35464676,4.02624676,980.32840000,0.00000000,0.1305103814,0.1250000000,3,1,18.17426621
2024-05-17T10:15:00-04:00,1139.73330618,1443.34000000,148.01081669,991.72248948,0.21368948,991.50880000,0.00000000,0.1298644305,0.1250000000,4,1,18.30364394
2024-05-17T10:30:00-04:00,1141.40577336,1443.34000000,147.85118388,993.55458948,0.21368948,993.34090000,0.00000000,0.1295342877,0.1250000000,4,1,18.30364394
2024-05-17T10:45:00-04:00,1141.94778567,1443.34000000,147.81799618,994.12978948,0.21368948,993.91610000,0.00000000,0.1294437434,0.1250000000,4,1,18.30364394
2024-05-17T11:00:00-04:00,1142.23693489,1443.34000000,147.68524540,994.55168948,0.21368948,994.33800000,0.00000000,0.1292947557,0.1250000000,4,0,16.36365408
2024-05-17T11:15:00-04:00,1142.64713247,1443.34000000,148.01645860,994.63067387,155.81567387,838.81500000,0.00000000,0.1295382051,0.1250000000,3,0,16.36365408
2024-05-17T11:30:00-04:00,1138.50471927,1443.34000000,147.68524540,990.81947387,155.81567387,835.00380000,0.00000000,0.1297186063,0.1250000000,3,0,16.36365408
2024-05-17T11:45:00-04:00,1140.43591927,1443.34000000,147.68524540,992.75067387,155.81567387,836.93500000,0.00000000,0.1294989424,0.1250000000,3,2,16.36365408
2024-05-17T12:00:00-04:00,1137.60425784,1443.34000000,147.75128891,989.85296892,0.09236892,989.76060000,0.00000000,0.1298793389,0.1250000000,5,0,19.23150460
2024-05-17T12:15:00-04:00,1136.37875360,1443.34000000,147.88138468,988.49736892,0.09236892,988.40500000,0.00000000,0.1301338873,0.1250000000,5,0,19.23150460
2024-05-17T12:30:00-04:00,1134.37803149,1443.34000000,147.68524540,986.69278609,3.77278609,982.92000000,0.00000000,0.1301905020,0.1250000000,4,0,19.10212688
2024-05-17T12:45:00-04:00,1134.60303149,1443.34000000,147.68524540,986.91778609,3.77278609,983.14500000,0.00000000,0.1301646843,0.1250000000,4,0,19.10212688
2024-05-17T13:00:00-04:00,1133.48078227,1443.34000000,147.81799618,985.66278609,3.77278609,981.89000000,0.00000000,0.1304106770,0.1250000000,4,0,19.10212688
2024-05-17T13:15:00-04:00,1131.16483149,1443.34000000,147.68524540,983.47958609,3.77278609,979.70680000,0.00000000,0.1305603227,0.1250000000,4,0,19.10212688
2024-05-17T13:30:00-04:00,1128.89262900,1443.34000000,147.68524540,981.20738360,659.21918360,321.98820000,0.00000000,0.1308231107,0.1250000000,3,0,5.73887816
2024-05-17T13:45:00-04:00,1128.84761670,1443.34000000,147.71843310,981.12918360,659.21918360,321.91000000,0.00000000,0.1308577269,0.1250000000,3,0,5.73887816
2024-05-17T14:00:00-04:00,1126.18255205,1443.34000000,147.35336844,978.82918360,659.21918360,319.61000000,0.00000000,0.1308432351,0.1250000000,3,0,5.73887816
2024-05-17T14:15:00-04:00,1125.88457606,1443.34000000,147.10446073,978.78011533,823.30021533,155.47990000,0.00000000,0.1306567865,0.1250000000,2,0,2.86785052
2024-05-17T14:30:00-04:00,1125.36902069,1443.34000000,147.25380536,978.11521533,823.30021533,154.81500000,0.00000000,0.1308493504,0.1250000000,2,0,2.86785052
2024-05-17T14:45:00-04:00,1125.32402069,1443.34000000,147.25380536,978.07021533,823.30021533,154.77000000,0.00000000,0.1308545829,0.1250000000,2,1,2.86785052
2024-05-17T15:00:00-04:00,1126.67004120,1443.34000000,147.55249462,979.11754658,148.56954658,830.54800000,0.00000000,0.1309633604,0.1250000000,3,0,28.37255480
2024-05-17T15:15:00-04:00,1148.95154120,1443.34000000,147.55249462,1001.39904658,148.56954658,852.82950000,0.00000000,0.1284236013,0.1250000000,3,1,28.37255480
2024-05-17T15:30:00-04:00,1121.29622139,1443.34000000,147.16087981,974.13534158,1.51934158,972.61600000,0.00000000,0.1312417513,0.1250000000,4,0,5.73154232
2024-05-17T15:45:00-04:00,1123.66929435,1443.34000000,147.15424227,976.51505208,671.80225208,304.71280000,0.00000000,0.1309586753,0.1250000000,3,3,4.29458624
2024-05-20T09:30:00-04:00,1119.12129096,1443.34000000,148.08349775,971.03779321,152.28279321,818.75500000,0.00000000,0.1323212229,0.1250000000,3,3,20.14758550
2024-05-20T09:45:00-04:00,1135.30946781,1443.34000000,148.18505210,987.12441571,1.39971571,985.72470000,0.00000000,0.1305239288,0.1250000000,5,1,23.26862166
2024-05-20T10:00:00-04:00,1120.21035194,1443.34000000,148.24943623,971.96091571,1.39971571,970.56120000,0.00000000,0.1323407126,0.1250000000,5,1,21.35765503
2024-05-20T10:15:00-04:00,1122.01138315,1443.34000000,148.34866744,973.66271571,1.39971571,972.26300000,0.00000000,0.1322167223,0.1250000000,5,1,21.35765503
2024-05-20T10:30:00-04:00,1121.58483229,1443.34000000,148.22620484,973.35862745,162.73762745,810.62100000,0.00000000,0.1321578186,0.1250000000,3,0,21.35765503
2024-05-20T10:45:00-04:00,1130.01878049,1443.34000000,148.34435304,981.67442745,162.73762745,818.93680000,0.00000000,0.1312760067,0.1250000000,3,2,21.35765503
2024-05-20T11:00:00-04:00,1132.33802782,1443.34000000,148.31581162,984.02221620,4.20381620,979.81840000,0.00000000,0.1309819223,0.1250000000,5,0,26.16632470
2024-05-20T11:15:00-04:00,1135.95012782,1443.34000000,148.31581162,987.63431620,4.20381620,983.43050000,0.00000000,0.1305654254,0.1250000000,5,0,26.16632470
2024-05-20T11:30:00-04:00,1140.75122782,1443.34000000,148.31581162,992.43541620,4.20381620,988.23160000,0.00000000,0.1300159123,0.1250000000,5,0,26.16632470
2024-05-20T11:45:00-04:00,1143.08444012,1443.34000000,148.28262392,994.80181620,4.20381620,990.59800000,0.00000000,0.1297214963,0.1250000000,5,0,26.16632470
2024-05-20T12:00:00-04:00,1143.53844012,1443.34000000,148.28262392,995.25581620,4.20381620,991.05200000,0.00000000,0.1296699951,0.1250000000,5,0,26.16632470
2024-05-20T12:15:00-04:00,1143.79121552,1443.34000000,148.34899931,995.44221620,4.20381620,991.23840000,0.00000000,0.1296993693,0.1250000000,5,0,26.16632470
2024-05-20T12:30:00-04:00,1142.62789091,1443.34000000,148.41537470,994.21251620,4.20381620,990.00870000,0.00000000,0.1298895081,0.1250000000,5,0,26.16632470
2024-05-20T12:45:00-04:00,1146.32048814,1443.34000000,148.47677194,997.84371620,4.20381620,993.63990000,0.00000000,0.1295246604,0.1250000000,5,0,26.16632470
2024-05-20T13:00:00-04:00,1137.79389091,1443.34000000,148.41537470,989.37851620,4.20381620,985.17470000,0.00000000,0.1304413531,0.1250000000,5,0,25.74619292
2024-05-20T13:15:00-04:00,1135.02141552,1443.34000000,148.34899931,986.67241620,4.20381620,982.46860000,0.00000000,0.1307014980,0.1250000000,5,0,25.74619292
2024-05-20T13:30:00-04:00,1138.18781552,1443.34000000,148.34899931,989.83881620,4.20381620,985.63500000,0.00000000,0.1303378909,0.1250000000,5,0,25.74619292
2024-05-20T13:45:00-04:00,1127.14812782,1443.34000000,148.31581162,978.83231620,4.20381620,974.62850000,0.00000000,0.1315850224,0.1250000000,5,0,25.74619292
2024-05-20T14:00:00-04:00,1131.21250548,1443.34000000,148.34368928,982.86881620,4.20381620,978.66500000,0.00000000,0.1311368895,0.1250000000,5,0,25.74619292
2024-05-20T14:15:00-04:00,1127.66845600,1443.34000000,148.21823979,979.45021620,4.20381620,975.24640000,0.00000000,0.1314377812,0.1250000000,5,0,25.74619292
2024-05-20T14:30:00-04:00,1132.80055600,1443.34000000,148.21823979,984.58231620,4.20381620,980.37850000,0.00000000,0.1308423085,0.1250000000,5,1,25.74619292
2024-05-20T14:45:00-04:00,1132.58605903,1443.34000000,148.41504283,984.17101620,4.20381620,979.96720000,0.00000000,0.1310408526,0.1250000000,5,1,25.74619292
2024-05-20T15:00:00-04:00,1133.53765569,1443.34000000,148.41504283,985.12261286,9.54291286,975.57970000,0.00000000,0.1309308448,0.1250000000,4,0,25.74619292
2024-05-20T15:15:00-04:00,1134.37191218,1443.34000000,148.34899931,986.02291286,9.54291286,976.48000000,0.00000000,0.1307763333,0.1250000000,4,0,25.74619292
2024-05-20T15:30:00-04:00,1132.55318757,1443.34000000,148.41537470,984.13781286,9.54291286,974.59490000,0.00000000,0.1310449490,0.1250000000,4,0,25.74619292
2024-05-20T15:45:00-04:00,1129.31584909,1443.34000000,148.24943623,981.06641286,9.54291286,971.52350000,0.00000000,0.1312736701,0.1250000000,4,1,25.74619292
2024-05-21T09:30:00-04:00,1119.02848542,1443.34000000,148.05031005,970.97817536,149.08817536,821.89000000,0.00000000,0.1323025392,0.1250000000,3,3,22.13588154
2024-05-21T09:45:00-04:00,1107.27476673,1443.34000000,148.05031005,959.22445668,657.47685668,301.74760000,0.00000000,0.1337069303,0.1250000000,3,1,6.70468123
2024-05-21T10:00:00-04:00,1108.38263148,1443.34000000,148.11303480,960.26959668,2.50599668,957.76360000,0.00000000,0.1336298771,0.1250000000,4,0,17.69969122
2024-05-21T10:15:00-04:00,1104.01721904,1443.34000000,148.01712236,956.00009668,2.50599668,953.49410000,0.00000000,0.1340713893,0.1250000000,4,0,17.69969122
2024-05-21T10:30:00-04:00,1098.89774677,1443.34000000,148.48175009,950.41599668,2.50599668,947.91000000,0.00000000,0.1351188048,0.1250000000,4,0,17.69969122
2024-05-21T10:45:00-04:00,1103.44435128,1443.34000000,148.48175009,954.96260118,143.70260118,811.26000000,0.00000000,0.1345620646,0.1250000000,3,0,14.89427266
2024-05-21T11:00:00-04:00,1104.80450420,1443.34000000,148.44690301,956.35760118,143.70260118,812.65500000,0.00000000,0.1343648604,0.1250000000,3,0,14.89427266
2024-05-21T11:15:00-04:00,1104.77789270,1443.34000000,148.51029151,956.26760118,143.70260118,812.56500000,0.00000000,0.1344254737,0.1250000000,3,0,14.89427266
2024-05-21T11:30:00-04:00,1103.07126149,1443.34000000,148.41106030,954.66020118,143.70260118,810.95760000,0.00000000,0.1345434928,0.1250000000,3,0,14.89427266
2024-05-21T11:45:00-04:00,1100.27616358,1443.34000000,148.44856240,951.82760118,143.70260118,808.12500000,0.00000000,0.1349193660,0.1250000000,3,2,14.89427266
2024-05-21T12:00:00-04:00,1098.99825228,1443.34000000,148.26603007,950.73222221,3.09192221,947.64030000,0.00000000,0.1349101600,0.1250000000,4,0,18.43148680
2024-05-21T12:15:00-04:00,1098.69092152,1443.34000000,148.34899931,950.34192221,3.09192221,947.25000000,0.00000000,0.1350234141,0.1250000000,4,0,18.43148680
2024-05-21T12:30:00-04:00,1098.32954354,1443.34000000,148.26802134,950.06152221,3.09192221,946.96960000,0.00000000,0.1349941119,0.1250000000,4,0,18.43148680
2024-05-21T12:45:00-04:00,1100.31910922,1443.34000000,148.38218701,951.93692221,3.09192221,948.84500000,0.00000000,0.1348537763,0.1250000000,4,0,18.43148680
2024-05-21T13:00:00-04:00,1100.32729691,1443.34000000,148.41537470,951.91192221,3.09192221,948.82000000,0.00000000,0.1348829345,0.1250000000,4,1,18.43148680
2024-05-21T13:15:00-04:00,1103.92380922,1443.34000000,148.38218701,955.54162221,3.09192221,952.44970000,0.00000000,0.1344134312,0.1250000000,4,0,18.43148680
2024-05-21T13:30:00-04:00,1106.43318461,1443.34000000,148.44856240,957.98462221,3.09192221,954.89270000,0.00000000,0.1341685738,0.1250000000,4,0,14.89427266
2024-05-21T13:45:00-04:00,1108.05367230,1443.34000000,148.48175009,959.57192221,3.09192221,956.48000000,0.00000000,0.1340023086,0.1250000000,4,0,14.89427266
2024-05-21T14:00:00-04:00,1110.19890765,1443.34000000,148.11668544,962.08222221,3.09192221,958.99030000,0.00000000,0.1334145480,0.1250000000,4,0,14.89427266
2024-05-21T14:15:00-04:00,1109.83295109,1443.34000000,148.11668544,961.71626565,150.66626565,811.05000000,0.00000000,0.1334585401,0.1250000000,3,0,14.89427266
2024-05-21T14:30:00-04:00,1105.67120344,1443.34000000,148.51493779,957.15626565,150.66626565,806.49000000,0.00000000,0.1343210688,0.1250000000,3,0,14.89427266
2024-05-21T14:45:00-04:00,1104.67519180,1443.34000000,148.44922615,956.22596565,150.66626565,805.55970000,0.00000000,0.1343826921,0.1250000000,3,0,14.89427266
2024-05-21T15:00:00-04:00,1104.44773518,1443.34000000,148.38616953,956.06156565,150.66626565,805.39530000,0.00000000,0.1343532743,0.1250000000,3,1,14.89427266
2024-05-21T15:15:00-04:00,1104.03007801,1443.34000000,148.54812549,955.48195253,644.87225253,310.60970000,0.00000000,0.1345507957,0.1250000000,3,0,9.41746505
2024-05-21T15:30:00-04:00,1105.22254569,1443.34000000,148.36559316,956.85695253,644.87225253,311.98470000,0.00000000,0.1342404693,0.1250000000,3,2,9.41746505
2024-05-21T15:45:00-04:00,1108.10963128,1443.34000000,148.46515625,959.64447503,6.02347503,953.62100000,0.00000000,0.1339805666,0.1250000000,5,0,17.32304631
2024-05-22T09:30:00-04:00,1115.79701957,1443.34000000,147.81799618,967.97902339,734.49832339,233.48070000,0.00000000,0.1324774969,0.1250000000,3,3,2.17167507
2024-05-22T09:45:00-04:00,1126.17163948,1443.34000000,148.05031005,978.12132943,194.12632943,783.99500000,0.00000000,0.1314633621,0.1250000000,4,1,11.24822812
2024-05-22T10:00:00-04:00,1120.79093220,1443.34000000,148.08349775,972.70743446,1.58873446,971.11870000,0.00000000,0.1321241041,0.1250000000,5,1,14.62692283
2024-05-22T10:15:00-04:00,1119.61044451,1443.34000000,148.05031005,971.56013446,1.58873446,969.97140000,0.00000000,0.1322337700,0.1250000000,5,0,14.62692283
2024-05-22T10:30:00-04:00,1118.76864451,1443.34000000,148.05031005,970.71833446,1.58873446,969.12960000,0.00000000,0.1323332673,0.1250000000,5,0,14.62692283
2024-05-22T10:45:00-04:00,1119.03703794,1443.34000000,148.05031005,970.98672789,644.27042789,326.71630000,0.00000000,0.1323015280,0.1250000000,4,0,6.54291931
2024-05-22T11:00:00-04:00,1120.17430673,1443.34000000,147.95107884,972.22322789,644.27042789,327.95280000,0.00000000,0.1320786220,0.1250000000,4,0,6.54291931
2024-05-22T11:15:00-04:00,1121.31738286,1443.34000000,147.98393466,973.33344820,711.52574820,261.80770000,0.00000000,0.1319732815,0.1250000000,3,2,2.19090783
2024-05-22T11:30:00-04:00,1109.81522423,1443.34000000,148.21624853,961.59897570,1.96397570,959.63500000,0.00000000,0.1335503832,0.1250000000,5,0,33.20975921
2024-05-22T11:45:00-04:00,1110.70261294,1443.34000000,147.99853725,962.70407570,1.96397570,960.74010000,0.00000000,0.1332476718,0.1250000000,5,0,33.20975921
2024-05-22T12:00:00-04:00,1116.88261294,1443.34000000,147.99853725,968.88407570,1.96397570,966.92010000,0.00000000,0.1325103780,0.1250000000,5,0,33.20975921
2024-05-22T12:15:00-04:00,1122.64281294,1443.34000000,147.99853725,974.64427570,1.96397570,972.68030000,0.00000000,0.1318304767,0.1250000000,5,0,33.20975921
2024-05-22T12:30:00-04:00,1121.36686114,1443.34000000,148.11668544,973.25017570,1.96397570,971.28620000,0.00000000,0.1320858415,0.1250000000,5,0,33.20975921
2024-05-22T12:45:00-04:00,1111.06203653,1443.34000000,148.18306083,962.87897570,1.96397570,960.91500000,0.00000000,0.1333706453,0.1250000000,5,0,33.20975921
2024-05-22T13:00:00-04:00,1110.12674170,1443.34000000,148.21226601,961.91447570,1.96397570,959.95050000,0.00000000,0.1335093196,0.1250000000,5,0,33.20975921
2024-05-22T13:15:00-04:00,1107.58021203,1443.34000000,148.21226601,959.36794603,196.47434603,762.89360000,0.00000000,0.1338162820,0.1250000000,4,1,33.20975921
2024-05-22T13:30:00-04:00,1107.24675428,1443.34000000,147.85118388,959.39557040,0.35987040,959.03570000,0.00000000,0.1335304739,0.1250000000,5,0,39.96522526
2024-05-22T13:45:00-04:00,1108.10685428,1443.34000000,147.85118388,960.25567040,0.35987040,959.89580000,0.00000000,0.1334268291,0.1250000000,5,0,39.96522526
2024-05-22T14:00:00-04:00,1106.27199119,1443.34000000,147.75162079,958.52037040,0.35987040,958.16050000,0.00000000,0.1335581321,0.1250000000,5,1,39.96522526
2024-05-22T14:15:00-04:00,1103.03337051,1443.34000000,147.38655614,955.64681437,84.89231437,870.75450000,0.00000000,0.1336193084,0.1250000000,3,0,37.82611365
2024-05-22T14:30:00-04:00,1102.01496083,1443.34000000,147.38655614,954.62840469,274.10930469,680.51910000,0.00000000,0.1337427906,0.1250000000,2,0,31.07064760
2024-05-22T14:45:00-04:00,1102.19676083,1443.34000000,147.38655614,954.81020469,274.10930469,680.70090000,0.00000000,0.1337207306,0.1250000000,2,0,31.07064760
2024-05-22T15:00:00-04:00,1105.28521776,1443.34000000,147.50271307,957.78250469,274.10930469,683.67320000,0.00000000,0.1334521721,0.1250000000,2,0,31.07064760
2024-05-22T15:15:00-04:00,1100.85998700,1443.34000000,147.58568231,953.27430469,274.10930469,679.16500000,0.00000000,0.1340639900,0.1250000000,2,0,31.07064760
2024-05-22T15:30:00-04:00,1101.21789360,1443.34000000,147.75128891,953.46660469,274.10930469,679.35730000,0.00000000,0.1341708029,0.1250000000,2,0,31.07064760
2024-05-22T15:45:00-04:00,1108.42482391,1443.34000000,147.48611923,960.93870469,274.10930469,686.82940000,0.00000000,0.1330591990,0.1250000000,2,2,31.07064760
2024-05-23T09:30:00-04:00,1088.79075216,1443.34000000,138.35937862,950.43137354,274.24047354,676.19090000,0.00000000,0.1270761883,0.1250000000,2,2,31.07064760
2024-05-23T09:45:00-04:00,1081.37122850,1443.34000000,138.28511496,943.08611354,1.55611354,941.53000000,0.00000000,0.1278794103,0.1250000000,3,0,46.27371918
2024-05-23T10:00:00-04:00,1078.01730319,1443.34000000,138.59145254,939.42585065,643.35585065,296.07000000,0.00000000,0.1285614360,0.1250000000,2,0,16.40142987
2024-05-23T10:15:00-04:00,1079.66586211,1443.34000000,138.80991146,940.85595065,643.35585065,297.50010000,0.00000000,0.1285674729,0.1250000000,2,0,16.40142987
2024-05-23T10:30:00-04:00,1077.88964186,1443.34000000,138.73379121,939.15585065,643.35585065,295.80000000,0.00000000,0.1287087155,0.1250000000,2,0,16.40142987
2024-05-23T10:45:00-04:00,1088.03091113,1443.34000000,138.53266048,949.49825065,643.35585065,306.14240000,0.00000000,0.1273241955,0.1250000000,2,0,2.07595344
2024-05-23T11:00:00-04:00,1099.63169641,1443.34000000,138.53266048,961.09903593,946.21903593,14.88000000,0.00000000,0.1259809634,0.1250000000,1,0,1.19835829
2024-05-23T11:15:00-04:00,1099.76669641,1443.34000000,138.53266048,961.23403593,946.21903593,15.01500000,0.00000000,0.1259654988,0.1250000000,1,0,1.19835829
2024-05-23T11:30:00-04:00,1100.25502412,1443.34000000,138.90428819,961.35073593,946.21903593,15.13170000,0.00000000,0.1262473564,0.1250000000,1,0,1.19835829
2024-05-23T11:45:00-04:00,1100.17401469,1443.34000000,138.90397876,961.27003593,946.21903593,15.05100000,0.00000000,0.1262563712,0.1250000000,1,0,1.19835829
2024-05-23T12:00:00-04:00,1099.97272179,1443.34000000,138.68768586,961.28503593,946.21903593,15.06600000,0.00000000,0.1260828411,0.1250000000,1,0,1.19835829
2024-05-23T12:15:00-04:00,1100.02672179,1443.34000000,138.68768586,961.33903593,946.21903593,15.12000000,0.00000000,0.1260766517,0.1250000000,1,0,1.19835829
2024-05-23T12:30:00-04:00,1099.96671236,1443.34000000,138.68737643,961.27933593,946.21903593,15.06030000,0.00000000,0.1260832486,0.1250000000,1,0,1.19835829
2024-05-23T12:45:00-04:00,1099.87546917,1443.34000000,138.65643324,961.21903593,946.21903593,15.00000000,0.00000000,0.1260655748,0.1250000000,1,0,1.19835829
2024-05-23T13:00:00-04:00,1099.69546917,1443.34000000,138.65643324,961.03903593,946.21903593,14.82000000,0.00000000,0.1260862094,0.1250000000,1,0,1.19835829
2024-05-23T13:15:00-04:00,1099.35792365,1443.34000000,138.40888772,960.94903593,946.21903593,14.73000000,0.00000000,0.1258997500,0.1250000000,1,0,1.19835829
2024-05-23T13:30:00-04:00,1098.41425567,1443.34000000,137.85221974,960.56203593,946.21903593,14.34300000,0.00000000,0.1255011204,0.1250000000,1,0,1.19835829
2024-05-23T13:45:00-04:00,1098.47124922,1443.34000000,137.97011329,960.50113593,946.21903593,14.28210000,0.00000000,0.1256019340,0.1250000000,1,0,1.19835829
2024-05-23T14:00:00-04:00,1098.43914922,1443.34000000,137.97011329,960.46903593,946.21903593,14.25000000,0.00000000,0.1256056045,0.1250000000,1,0,1.19835829
2024-05-23T14:15:00-04:00,1097.64709839,1443.34000000,137.38776246,960.25933593,946.21903593,14.04030000,0.00000000,0.1251656955,0.1250000000,1,0,1.19835829
2024-05-23T14:30:00-04:00,1097.38708244,1443.34000000,137.23304651,960.15403593,946.21903593,13.93500000,0.00000000,0.1250543666,0.1250000000,1,0,1.19835829
2024-05-23T14:45:00-04:00,1097.18376649,1443.34000000,137.07833056,960.10543593,946.21903593,13.88640000,0.00000000,0.1249365282,0.1250000000,1,0,1.19835829
2024-05-23T15:00:00-04:00,1097.41771620,1443.34000000,137.26368027,960.15403593,946.21903593,13.93500000,0.00000000,0.1250787902,0.1250000000,1,0,1.19835829
2024-05-23T15:15:00-04:00,1097.52555520,1443.34000000,137.35681927,960.16873593,946.21903593,13.94970000,0.00000000,0.1251513631,0.1250000000,1,0,1.19835829
2024-05-23T15:30:00-04:00,1097.67679839,1443.34000000,137.38776246,960.28903593,946.21903593,14.07000000,0.00000000,0.1251623089,0.1250000000,1,0,1.19835829
2024-05-23T15:45:00-04:00,1097.31679839,1443.34000000,137.38776246,959.92903593,946.21903593,13.71000000,0.00000000,0.1252033712,0.1250000000,1,0,1.19835829
2024-05-24T09:30:00-04:00,1098.82806961,1443.34000000,137.76031847,961.06775115,946.92275115,14.14500000,0.00000000,0.1253702215,0.1250000000,1,2,1.19835829
2024-05-24T09:45:00-04:00,1085.58334801,1443.34000000,137.63561741,947.94773060,499.10273060,448.84500000,0.00000000,0.1267849379,0.1250000000,2,0,22.64776270
2024-05-24T10:00:00-04:00,1094.53312961,1443.34000000,138.13039901,956.40273060,499.10273060,457.30000000,0.00000000,0.1262002906,0.1250000000,2,3,22.64776270
2024-05-24T10:15:00-04:00,1098.84980875,1443.34000000,138.31605815,960.53375060,40.11875060,920.41500000,0.00000000,0.1258734879,0.1250000000,3,3,39.34644677
2024-05-24T10:30:00-04:00,1116.71563832,1443.34000000,138.40888772,978.30675060,40.11875060,938.18800000,0.00000000,0.1239428221,0.1250000000,3,0,17.89704236
2024-05-24T10:45:00-04:00,1116.41123832,1443.34000000,138.40888772,978.00235060,40.11875060,937.88360000,0.00000000,0.1239766163,0.1250000000,3,0,17.89704236
2024-05-24T11:00:00-04:00,1119.68153832,1443.34000000,138.40888772,981.27265060,40.11875060,941.15390000,0.00000000,0.1236145127,0.1250000000,3,2,17.89704236
2024-05-24T11:15:00-04:00,1127.64489979,1443.34000000,138.81114919,988.83375060,40.11875060,948.71500000,0.00000000,0.1230982814,0.1250000000,3,2,17.89704236
2024-05-24T11:30:00-04:00,1127.77756022,1443.34000000,138.71831962,989.05924060,7.41424060,981.64500000,0.00000000,0.1230014894,0.1250000000,4,0,19.24432788
2024-05-24T11:45:00-04:00,1111.98190108,1443.34000000,138.53266048,973.44924060,7.41424060,966.03500000,0.00000000,0.1245817583,0.1250000000,4,1,19.24432788
2024-05-24T12:00:00-04:00,1116.64047358,1443.34000000,138.53266048,978.10781310,0.43901310,977.66880000,0.00000000,0.1240620090,0.1250000000,5,0,19.36268070
2024-05-24T12:15:00-04:00,1117.61553024,1443.34000000,138.80681714,978.80871310,0.43901310,978.36970000,0.00000000,0.1241990769,0.1250000000,5,0,19.36268070
2024-05-24T12:30:00-04:00,1116.86485286,1443.34000000,138.81083976,978.05401310,0.43901310,977.61500000,0.00000000,0.1242861564,0.1250000000,5,0,19.36268070
2024-05-24T12:45:00-04:00,1109.88671385,1443.34000000,138.71770076,971.16901310,0.43901310,970.73000000,0.00000000,0.1249836574,0.1250000000,5,0,19.36268070
2024-05-24T13:00:00-04:00,1110.72578556,1443.34000000,138.71677246,972.00901310,0.43901310,971.57000000,0.00000000,0.1248884056,0.1250000000,5,0,19.36268070
2024-05-24T13:15:00-04:00,1116.19578556,1443.34000000,138.71677246,977.47901310,0.43901310,977.04000000,0.00000000,0.1242763808,0.1250000000,5,0,19.36268070
2024-05-24T13:30:00-04:00,1115.21520927,1443.34000000,138.55679617,976.65841310,0.43901310,976.21940000,0.00000000,0.1242422046,0.1250000000,5,0,19.36268070
2024-05-24T13:45:00-04:00,1118.49080927,1443.34000000,138.55679617,979.93401310,0.43901310,979.49500000,0.00000000,0.1238783502,0.1250000000,5,0,19.36268070
2024-05-24T14:00:00-04:00,1114.67580927,1443.34000000,138.55679617,976.11901310,0.43901310,975.68000000,0.00000000,0.1243023263,0.1250000000,5,0,19.36268070
2024-05-24T14:15:00-04:00,1113.64790927,1443.34000000,138.55679617,975.09111310,0.43901310,974.65210000,0.00000000,0.1244170577,0.1250000000,5,0,19.36268070
2024-05-24T14:30:00-04:00,1113.95833272,1443.34000000,138.71831962,975.24001310,0.43901310,974.80100000,0.00000000,0.1245273863,0.1250000000,5,0,19.36268070
2024-05-24T14:45:00-04:00,1115.33800315,1443.34000000,138.62549005,976.71251310,0.43901310,976.27350000,0.00000000,0.1242901162,0.1250000000,5,0,19.36268070
2024-05-24T15:00:00-04:00,1120.65374656,1443.34000000,138.62363346,982.03011310,0.43901310,981.59110000,0.00000000,0.1236988980,0.1250000000,5,0,19.36268070
2024-05-24T15:15:00-04:00,1122.24324656,1443.34000000,138.62363346,983.61961310,0.43901310,983.18060000,0.00000000,0.1235236959,0.1250000000,5,0,19.36268070
2024-05-24T15:30:00-04:00,1131.32386369,1443.34000000,138.42435932,992.89950437,476.09040437,516.80910000,0.00000000,0.1223560854,0.1250000000,4,2,19.36268070
2024-05-24T15:45:00-04:00,1132.49819300,1443.34000000,138.39341613,994.10477687,2.76567687,991.33910000,0.00000000,0.1222018869,0.1250000000,5,1,35.69874155
2024-05-28T09:30:00-04:00,1144.70235115,1443.34000000,138.72667428,1005.97567687,2.76567687,1003.21000000,0.00000000,0.1211901715,0.1250000000,5,1,1.19835829
2024-05-28T09:45:00-04:00,1141.37361838,1443.34000000,138.62549005,1002.74812833,590.80312833,411.94500000,0.00000000,0.1214549625,0.1250000000,3,0,6.93799142
2024-05-28T10:00:00-04:00,1144.42783433,1443.34000000,138.78020600,1005.64762833,590.80312833,414.84450000,0.00000000,0.1212660177,0.1250000000,3,0,6.93799142
2024-05-28T10:15:00-04:00,1142.56710709,1443.34000000,138.90397876,1003.66312833,590.80312833,412.86000000,0.00000000,0.1215718341,0.1250000000,3,0,6.93799142
2024-05-28T10:30:00-04:00,1144.59746958,1443.34000000,138.86994125,1005.72752833,590.80312833,414.92440000,0.00000000,0.1213264444,0.1250000000,3,0,6.93799142
2024-05-28T10:45:00-04:00,1147.16538098,1443.34000000,139.08932846,1008.07605251,598.00965251,410.06640000,0.00000000,0.1212461000,0.1250000000,2,0,6.93799142
2024-05-28T11:00:00-04:00,1147.02661004,1443.34000000,138.97545753,1008.05115251,598.00965251,410.04150000,0.00000000,0.1211614938,0.1250000000,2,0,6.93799142
2024-05-28T11:15:00-04:00,1147.48576310,1443.34000000,138.94111059,1008.54465251,598.00965251,410.53500000,0.00000000,0.1210830801,0.1250000000,2,0,6.93799142
2024-05-28T11:30:00-04:00,1148.24597155,1443.34000000,139.08901903,1009.15695251,598.00965251,411.14730000,0.00000000,0.1211317283,0.1250000000,2,0,6.93799142
2024-05-28T11:45:00-04:00,1148.49004165,1443.34000000,139.04538914,1009.44465251,598.00965251,411.43500000,0.00000000,0.1210679972,0.1250000000,2,0,6.93799142
2024-05-28T12:00:00-04:00,1148.66427446,1443.34000000,138.93492195,1009.72935251,598.00965251,411.71970000,0.00000000,0.1209534631,0.1250000000,2,1,5.73963313
2024-05-28T12:15:00-04:00,1151.93633096,1443.34000000,138.93492195,1013.00140901,3.90640901,1009.09500000,0.00000000,0.1206098968,0.1250000000,3,0,38.11461344
2024-05-28T12:30:00-04:00,1160.37318894,1443.34000000,139.01227992,1021.36090901,3.90640901,1017.45450000,0.00000000,0.1197996311,0.1250000000,3,0,38.11461344
2024-05-28T12:45:00-04:00,1155.02987119,1443.34000000,139.08963790,1015.94023329,19.10023329,996.84000000,0.00000000,0.1204208145,0.1250000000,2,0,38.11461344
2024-05-28T13:00:00-04:00,1154.88758481,1443.34000000,139.02775152,1015.85983329,19.10023329,996.75960000,0.00000000,0.1203820643,0.1250000000,2,0,38.11461344
2024-05-28T13:15:00-04:00,1149.10550495,1443.34000000,139.12027165,1009.98523329,19.10023329,990.88500000,0.00000000,0.1210683188,0.1250000000,2,0,38.11461344
2024-05-28T13:30:00-04:00,1147.36392800,1443.34000000,139.05869471,1008.30523329,19.10023329,989.20500000,0.00000000,0.1211984195,0.1250000000,2,0,38.11461344
2024-05-28T13:45:00-04:00,1141.95956617,1443.34000000,138.99433287,1002.96523329,19.10023329,983.86500000,0.00000000,0.1217156342,0.1250000000,2,0,38.11461344
2024-05-28T14:00:00-04:00,1142.39816864,1443.34000000,138.90583535,1003.49233329,19.10023329,984.39210000,0.00000000,0.1215914373,0.1250000000,2,0,38.11461344
2024-05-28T14:15:00-04:00,1128.69543929,1443.34000000,138.78020600,989.91523329,19.10023329,970.81500000,0.00000000,0.1229562920,0.1250000000,2,0,38.11461344
2024-05-28T14:30:00-04:00,1120.05350739,1443.34000000,138.47077410,981.58273329,19.10023329,962.48250000,0.00000000,0.1236287134,0.1250000000,2,0,38.11461344
2024-05-28T14:45:00-04:00,1130.21600739,1443.34000000,138.47077410,991.74523329,19.10023329,972.64500000,0.00000000,0.1225170881,0.1250000000,2,0,38.11461344
2024-05-28T15:00:00-04:00,1138.74050739,1443.34000000,138.47077410,1000.26973329,19.10023329,981.16950000,0.00000000,0.1215999371,0.1250000000,2,0,38.11461344
2024-05-28T15:15:00-04:00,1147.08989610,1443.34000000,138.74926281,1008.34063329,19.10023329,989.24040000,0.00000000,0.1209576192,0.1250000000,2,0,38.11461344
2024-05-28T15:30:00-04:00,1175.66138248,1443.34000000,138.81114919,1036.85023329,19.10023329,1017.75000000,0.00000000,0.1180706888,0.1250000000,2,1,38.11461344
2024-05-28T15:45:00-04:00,1178.88009050,1443.34000000,139.05869471,1039.82139579,0.63639579,1039.18500000,0.00000000,0.1179583028,0.1250000000,3,1,6.26059905
2024-05-29T09:30:00-04:00,1273.30495830,1443.34000000,138.05056559,1135.25439272,739.91439272,395.34000000,0.00000000,0.1084190906,0.1250000000,1,0,5.73963313
2024-05-29T09:45:00-04:00,1275.14374155,1443.34000000,138.29934883,1136.84439272,739.91439272,396.93000000,0.00000000,0.1084578501,0.1250000000,1,0,0.00000000
2024-05-29T10:00:00-04:00,1274.41045087,1443.34000000,138.31605815,1136.09439272,739.91439272,396.18000000,0.00000000,0.1085333678,0.1250000000,1,0,0.00000000
2024-05-29T10:15:00-04:00,1274.56052534,1443.34000000,138.46613262,1136.09439272,739.91439272,396.18000000,0.00000000,0.1086383344,0.1250000000,1,1,0.00000000
2024-05-29T10:30:00-04:00,1270.55997683,1443.34000000,138.51842661,1132.04155022,0.37015022,1131.67140000,0.00000000,0.1090215567,0.1250000000,2,0,29.23324839
2024-05-29T10:45:00-04:00,1271.04381347,1443.34000000,138.68366325,1132.36015022,0.37015022,1131.99000000,0.00000000,0.1091100572,0.1250000000,2,0,29.23324839
2024-05-29T11:00:00-04:00,1273.56186751,1443.34000000,138.50171729,1135.06015022,0.37015022,1134.69000000,0.00000000,0.1087514638,0.1250000000,2,0,29.23324839
2024-05-29T11:15:00-04:00,1274.31092432,1443.34000000,138.47077410,1135.84015022,0.37015022,1135.47000000,0.00000000,0.1086632559,0.1250000000,2,0,29.23324839
2024-05-29T11:30:00-04:00,1274.25092432,1443.34000000,138.47077410,1135.78015022,0.37015022,1135.41000000,0.00000000,0.1086683725,0.1250000000,2,0,29.23324839
2024-05-29T11:45:00-04:00,1277.12279701,1443.34000000,138.32224679,1138.80055022,0.37015022,1138.43040000,0.00000000,0.1083077110,0.1250000000,2,0,29.23324839
2024-05-29T12:00:00-04:00,1273.88882316,1443.34000000,138.36247294,1135.52635022,0.37015022,1135.15620000,0.00000000,0.1086142452,0.1250000000,2,0,29.23324839
2024-05-29T12:15:00-04:00,1271.16186751,1443.34000000,138.50171729,1132.66015022,0.37015022,1132.29000000,0.00000000,0.1089567905,0.1250000000,2,0,29.23324839
2024-05-29T12:30:00-04:00,1264.30232432,1443.34000000,138.47077410,1125.83155022,0.37015022,1125.46140000,0.00000000,0.1095234672,0.1250000000,2,0,29.23324839
2024-05-29T12:45:00-04:00,1272.07209333,1443.34000000,138.59114311,1133.48095022,0.37015022,1133.11080000,0.00000000,0.1089491263,0.1250000000,2,0,29.23324839
2024-05-29T13:00:00-04:00,1274.34186751,1443.34000000,138.50171729,1135.84015022,0.37015022,1135.47000000,0.00000000,0.1086848991,0.1250000000,2,0,29.23324839
2024-05-29T13:15:00-04:00,1263.66217843,1443.34000000,138.56112822,1125.10105022,0.37015022,1124.73090000,0.00000000,0.1096504513,0.1250000000,2,0,29.23324839
2024-05-29T13:30:00-04:00,1267.05507600,1443.34000000,138.36092578,1128.69415022,0.37015022,1128.32400000,0.00000000,0.1091988252,0.1250000000,2,0,29.23324839
2024-05-29T13:45:00-04:00,1267.45107600,1443.34000000,138.36092578,1129.09015022,0.37015022,1128.72000000,0.00000000,0.1091647073,0.1250000000,2,0,29.23324839
2024-05-29T14:00:00-04:00,1264.69592432,1443.34000000,138.47077410,1126.22515022,0.37015022,1125.85500000,0.00000000,0.1094893812,0.1250000000,2,0,29.23324839
2024-05-29T14:15:00-04:00,1263.69092432,1443.34000000,138.47077410,1125.22015022,0.37015022,1124.85000000,0.00000000,0.1095764569,0.1250000000,2,0,29.23324839
2024-05-29T14:30:00-04:00,1270.74092432,1443.34000000,138.47077410,1132.27015022,0.37015022,1131.90000000,0.00000000,0.1089685328,0.1250000000,2,0,29.23324839
2024-05-29T14:45:00-04:00,1270.39232316,1443.34000000,138.36247294,1132.02985022,0.37015022,1131.65970000,0.00000000,0.1089131841,0.1250000000,2,0,29.23324839
2024-05-29T15:00:00-04:00,1267.53092432,1443.34000000,138.47077410,1129.06015022,0.37015022,1128.69000000,0.00000000,0.1092444937,0.1250000000,2,1,29.23324839
2024-05-29T15:15:00-04:00,1267.70903794,1443.34000000,138.40888772,1129.30015022,0.37015022,1128.93000000,0.00000000,0.1091803273,0.1250000000,2,3,29.23324839
2024-05-29T15:30:00-04:00,1266.99564027,1443.34000000,138.62549005,1128.37015022,0.37015022,1128.00000000,0.00000000,0.1094127601,0.1250000000,2,0,29.23324839
2024-05-29T15:45:00-04:00,1262.24980141,1443.34000000,138.31605815,1123.93374326,395.65374326,728.28000000,0.00000000,0.1095789898,0.1250000000,1,0,29.23324839
2024-05-30T09:30:00-04:00,1330.28149908,1443.34000000,160.13132699,1170.15017210,1170.15017210,0.00000000,0.00000000,0.1203740164,0.1250000000,0,4,0.00000000
2024-05-30T09:45:00-04:00,1351.53489908,1443.34000000,160.13132699,1191.40357210,0.47357210,1190.93000000,0.00000000,0.1184810892,0.1250000000,2,1,6.76325103
2024-05-30T10:00:00-04:00,1333.39054873,1443.34000000,159.98657314,1173.40397559,787.96397559,385.44000000,0.00000000,0.1199847811,0.1250000000,1,1,6.76325103
2024-05-30T10:15:00-04:00,1332.54183186,1443.34000000,160.13168797,1172.41014389,62.04434389,1110.36580000,0.00000000,0.1201701021,0.1250000000,2,0,18.49535796
2024-05-30T10:30:00-04:00,1321.16473739,1443.34000000,159.69850937,1161.46622802,775.69622802,385.77000000,0.00000000,0.1208770601,0.1250000000,1,0,6.76325103
2024-05-30T10:45:00-04:00,1320.91353382,1443.34000000,159.77070580,1161.14282802,775.69622802,385.44660000,0.00000000,0.1209547042,0.1250000000,1,1,6.76325103
2024-05-30T11:00:00-04:00,1313.87074452,1443.34000000,159.55411651,1154.31662802,2.31662802,1152.00000000,0.00000000,0.1214382139,0.1250000000,2,1,21.09567000
2024-05-30T11:15:00-04:00,1319.54074452,1443.34000000,159.55411651,1159.98662802,2.31662802,1157.67000000,0.00000000,0.1209164000,0.1250000000,2,1,21.09567000
2024-05-30T11:30:00-04:00,1313.45074452,1443.34000000,159.55411651,1153.89662802,2.31662802,1151.58000000,0.00000000,0.1214770460,0.1250000000,2,0,21.09567000
2024-05-30T11:45:00-04:00,1316.22953025,1443.34000000,159.84290224,1156.38662802,2.31662802,1154.07000000,0.00000000,0.1214399909,0.1250000000,2,0,14.33241898
2024-05-30T12:00:00-04:00,1321.05985276,1443.34000000,159.87322474,1161.18662802,2.31662802,1158.87000000,0.00000000,0.1210189110,0.1250000000,2,1,14.33241898
2024-05-30T12:15:00-04:00,1319.92522901,1443.34000000,159.90860099,1160.01662802,2.31662802,1157.70000000,0.00000000,0.1211497420,0.1250000000,2,1,14.33241898
2024-05-30T12:30:00-04:00,1320.06092312,1443.34000000,159.98729510,1160.07362802,2.31662802,1157.75700000,0.00000000,0.1211969026,0.1250000000,2,1,14.33241898
2024-05-30T12:45:00-04:00,1322.76593018,1443.34000000,159.91473769,1162.85119249,0.13429249,1162.71690000,0.00000000,0.1208942066,0.1250000000,3,0,14.39599518
2024-05-30T13:00:00-04:00,1323.01602945,1443.34000000,159.98729510,1163.02873434,396.45043434,766.57830000,0.00000000,0.1209261956,0.1250000000,2,2,14.39599518
2024-05-30T13:15:00-04:00,1321.79974320,1443.34000000,159.98729510,1161.81244809,1.63954809,1160.17290000,0.00000000,0.1210374687,0.1250000000,3,2,27.93059322
2024-05-30T13:30:00-04:00,1317.62824320,1443.34000000,159.98729510,1157.64094809,1.63954809,1156.00140000,0.00000000,0.1214206632,0.1250000000,3,0,27.93059322
2024-05-30T13:45:00-04:00,1317.04394676,1443.34000000,159.91509867,1157.12884809,1.63954809,1155.48930000,0.00000000,0.1214197135,0.1250000000,3,2,27.93059322
2024-05-30T14:00:00-04:00,1326.06169587,1443.34000000,159.93314778,1166.12854809,1.63954809,1164.48900000,0.00000000,0.1206076220,0.1250000000,3,0,27.93059322
2024-05-30T14:15:00-04:00,1323.97365747,1443.34000000,159.69850937,1164.27514809,1.63954809,1162.63560000,0.00000000,0.1206206094,0.1250000000,3,1,27.93059322
2024-05-30T14:30:00-04:00,1321.75723005,1443.34000000,159.66638196,1162.09084809,1.63954809,1160.45130000,0.00000000,0.1207985690,0.1250000000,3,1,27.93059322
2024-05-30T14:45:00-04:00,1318.82623005,1443.34000000,159.66638196,1159.15984809,1.63954809,1157.52030000,0.00000000,0.1210670355,0.1250000000,3,1,27.93059322
2024-05-30T15:00:00-04:00,1316.28696335,1443.34000000,159.61981526,1156.66714809,1.63954809,1155.02760000,0.00000000,0.1212652102,0.1250000000,3,0,27.93059322
2024-05-30T15:15:00-04:00,1312.98486995,1443.34000000,159.44582186,1153.53904809,1.63954809,1151.89950000,0.00000000,0.1214376689,0.1250000000,3,0,27.93059322
2024-05-30T15:30:00-04:00,1310.56247807,1443.34000000,159.19313434,1151.36934373,760.11744373,391.25190000,0.00000000,0.1214693210,0.1250000000,2,0,13.59817424
2024-05-30T15:45:00-04:00,1311.24289413,1443.34000000,158.86825039,1152.37464373,760.11744373,392.25720000,0.00000000,0.1211585215,0.1250000000,2,1,13.59817424
2024-05-31T09:30:00-04:00,1341.11852565,1443.34000000,159.19313434,1181.92539131,2.21519131,1179.71020000,0.00000000,0.1187017637,0.1250000000,3,3,34.38082435
2024-05-31T09:45:00-04:00,1314.63296667,1443.34000000,158.36287536,1156.27009131,2.21519131,1154.05490000,0.00000000,0.1204616645,0.1250000000,3,0,34.38082435
2024-05-31T10:00:00-04:00,1289.07914227,1443.34000000,158.25458071,1130.82456155,4.33236155,1126.49220000,0.00000000,0.1227656049,0.1250000000,2,0,34.31724814
2024-05-31T10:15:00-04:00,1293.26348753,1443.34000000,157.96579498,1135.29769255,385.32269255,749.97500000,0.00000000,0.1221450977,0.1250000000,1,0,20.78265011
2024-05-31T10:30:00-04:00,1287.99798240,1443.34000000,157.28028985,1130.71769255,385.32269255,745.39500000,0.00000000,0.1221122176,0.1250000000,1,0,20.78265011
2024-05-31T10:45:00-04:00,1294.22799645,1443.34000000,157.78530390,1136.44269255,385.32269255,751.12000000,0.00000000,0.1219146119,0.1250000000,1,0,20.78265011
2024-05-31T11:00:00-04:00,1298.27972142,1443.34000000,157.27992887,1140.99979255,385.32269255,755.67710000,0.00000000,0.1211448706,0.1250000000,1,0,20.78265011
2024-05-31T11:15:00-04:00,1295.94042499,1443.34000000,157.20773244,1138.73269255,385.32269255,753.41000000,0.00000000,0.1213078390,0.1250000000,1,0,20.78265011
2024-05-31T11:30:00-04:00,1288.96213034,1443.34000000,157.09943779,1131.86269255,385.32269255,746.54000000,0.00000000,0.1218805689,0.1250000000,1,0,20.78265011
2024-05-31T11:45:00-04:00,1300.44570168,1443.34000000,157.13300913,1143.31269255,385.32269255,757.99000000,0.00000000,0.1208301192,0.1250000000,1,0,20.78265011
2024-05-31T12:00:00-04:00,1293.63565174,1443.34000000,156.66625919,1136.96939255,385.32269255,751.64670000,0.00000000,0.1211053970,0.1250000000,1,1,20.78265011
2024-05-31T12:15:00-04:00,1293.32472388,1443.34000000,156.52186633,1136.80285755,5.25785755,1131.54500000,0.00000000,0.1210228672,0.1250000000,2,0,28.24547456
2024-05-31T12:30:00-04:00,1285.67731496,1443.34000000,156.70235741,1128.97495755,5.25785755,1123.71710000,0.00000000,0.1218831161,0.1250000000,2,0,28.24547456
2024-05-31T12:45:00-04:00,1282.51760942,1443.34000000,157.02724136,1125.49036806,742.48036806,383.01000000,0.00000000,0.1224367137,0.1250000000,1,0,7.46282446
2024-05-31T13:00:00-04:00,1284.28725638,1443.34000000,156.92688832,1127.36036806,742.48036806,384.88000000,0.00000000,0.1221898664,0.1250000000,1,1,7.46282446
2024-05-31T13:15:00-04:00,1284.08714349,1443.34000000,157.53189442,1126.55524906,0.43224906,1126.12300000,0.00000000,0.1226800652,0.1250000000,2,1,29.65151812
2024-05-31T13:30:00-04:00,1289.21887258,1443.34000000,157.38822352,1131.83064906,0.43224906,1131.39840000,0.00000000,0.1220802975,0.1250000000,2,1,29.65151812
2024-05-31T13:45:00-04:00,1291.19266364,1443.34000000,157.16441458,1134.02824906,0.43224906,1133.59600000,0.00000000,0.1217203435,0.1250000000,2,2,29.65151812
2024-05-31T14:00:00-04:00,1297.02567258,1443.34000000,157.38822352,1139.63744906,0.43224906,1139.20520000,0.00000000,0.1213454960,0.1250000000,2,0,29.65151812
2024-05-31T14:15:00-04:00,1294.45787258,1443.34000000,157.38822352,1137.06964906,0.43224906,1136.63740000,0.00000000,0.1215862075,0.1250000000,2,2,29.65151812
2024-05-31T14:30:00-04:00,1291.44358864,1443.34000000,157.06333957,1134.38024906,0.43224906,1133.94800000,0.00000000,0.1216184284,0.1250000000,2,0,29.65151812
2024-05-31T14:45:00-04:00,1300.81527972,1443.34000000,157.24383066,1143.57144906,0.43224906,1143.13920000,0.00000000,0.1208809837,0.1250000000,2,2,29.65151812
2024-05-31T15:00:00-04:00,1297.50235297,1443.34000000,157.78530390,1139.71704906,0.43224906,1139.28480000,0.00000000,0.1216069501,0.1250000000,2,0,22.18869366
2024-05-31T15:15:00-04:00,1295.35405832,1443.34000000,157.67700925,1137.67704906,0.43224906,1137.24480000,0.00000000,0.1217250282,0.1250000000,2,0,22.18869366
2024-05-31T15:30:00-04:00,1296.16102264,1443.34000000,158.39897358,1137.76204906,0.43224906,1137.32980000,0.00000000,0.1222062466,0.1250000000,2,0,22.18869366
2024-05-31T15:45:00-04:00,1281.10079411,1443.34000000,158.97654504,1122.12424906,0.43224906,1121.69200000,0.00000000,0.1240937058,0.1250000000,2,4,22.18869366
2024-06-03T09:30:00-04:00,1341.34655279,1443.34000000,160.38437548,1180.96217731,1180.96217731,0.00000000,0.00000000,0.1195696781,0.1250000000,0,6,0.00000000
2024-06-03T09:45:00-04:00,1324.45188735,1443.34000000,159.55411651,1164.89777085,1.28777085,1163.61000000,0.00000000,0.1204680351,0.1250000000,2,0,30.68057466
2024-06-03T10:00:00-04:00,1324.39945882,1443.34000000,160.13168797,1164.26777085,1.28777085,1162.98000000,0.00000000,0.1209089047,0.1250000000,2,0,30.68057466
2024-06-03T10:15:00-04:00,1314.92168491,1443.34000000,160.23998262,1154.68170229,782.98170229,371.70000000,0.00000000,0.1218627577,0.1250000000,1,0,8.45308768
2024-06-03T10:30:00-04:00,1315.60483541,1443.34000000,159.66313312,1155.94170229,782.98170229,372.96000000,0.00000000,0.1213610112,0.1250000000,1,0,8.45308768
2024-06-03T10:45:00-04:00,1314.18031367,1443.34000000,158.86861138,1155.31170229,782.98170229,372.33000000,0.00000000,0.1208879860,0.1250000000,1,0,8.45308768
2024-06-03T11:00:00-04:00,1314.58691701,1443.34000000,159.59021472,1154.99670229,782.98170229,372.01500000,0.00000000,0.1213995154,0.1250000000,1,0,8.45308768
2024-06-03T11:15:00-04:00,1311.56172236,1443.34000000,159.48192007,1152.07980229,782.98170229,369.09810000,0.00000000,0.1215969614,0.1250000000,1,0,8.45308768
2024-06-03T11:30:00-04:00,1313.00667416,1443.34000000,159.64797187,1153.35870229,782.98170229,370.37700000,0.00000000,0.1215896119,0.1250000000,1,0,8.45308768
2024-06-03T11:45:00-04:00,1311.11561701,1443.34000000,159.59021472,1151.52540229,782.98170229,368.54370000,0.00000000,0.1217209319,0.1250000000,1,0,8.45308768
2024-06-03T12:00:00-04:00,1308.57787791,1443.34000000,159.19313434,1149.38474357,1149.38474357,0.00000000,0.00000000,0.1216535424,0.1250000000,0,0,0.00000000
2024-06-03T12:15:00-04:00,1308.33060513,1443.34000000,158.94586156,1149.38474357,1149.38474357,0.00000000,0.00000000,0.1214875361,0.1250000000,0,0,0.00000000
2024-06-03T12:30:00-04:00,1308.46958326,1443.34000000,159.08483969,1149.38474357,1149.38474357,0.00000000,0.00000000,0.1215808466,0.1250000000,0,0,0.00000000
2024-06-03T12:45:00-04:00,1308.03640467,1443.34000000,158.65166110,1149.38474357,1149.38474357,0.00000000,0.00000000,0.1212899431,0.1250000000,0,0,0.00000000
2024-06-03T13:00:00-04:00,1307.96420823,1443.34000000,158.57946466,1149.38474357,1149.38474357,0.00000000,0.00000000,0.1212414404,0.1250000000,0,0,0.00000000
2024-06-03T13:15:00-04:00,1308.61397613,1443.34000000,159.22923256,1149.38474357,1149.38474357,0.00000000,0.00000000,0.1216777716,0.1250000000,0,0,0.00000000
2024-06-03T13:30:00-04:00,1309.00419785,1443.34000000,159.61945428,1149.38474357,1149.38474357,0.00000000,0.00000000,0.1219396046,0.1250000000,0,1,0.00000000
2024-06-03T13:45:00-04:00,1308.00731508,1443.34000000,159.55411651,1148.45319857,867.11319857,281.34000000,0.00000000,0.1219825873,0.1250000000,1,0,35.83615985
2024-06-03T14:00:00-04:00,1304.43868864,1443.34000000,159.44149007,1144.99719857,867.11319857,277.88400000,0.00000000,0.1222299610,0.1250000000,1,0,35.83615985
2024-06-03T14:15:00-04:00,1309.15558864,1443.34000000,159.44149007,1149.71409857,867.11319857,282.60090000,0.00000000,0.1217895653,0.1250000000,1,0,35.83615985
2024-06-03T14:30:00-04:00,1306.84621686,1443.34000000,159.51801829,1147.32819857,867.11319857,280.21500000,0.00000000,0.1220633432,0.1250000000,1,1,35.83615985
2024-06-03T14:45:00-04:00,1300.90330934,1443.34000000,159.26533077,1141.63797857,100.77887857,1040.85910000,0.00000000,0.1224267243,0.1250000000,2,1,52.79883280
2024-06-03T15:00:00-04:00,1285.84480881,1443.34000000,159.30142899,1126.54337982,0.03837982,1126.50500000,0.00000000,0.1238885345,0.1250000000,3,0,55.27435023
2024-06-03T15:15:00-04:00,1282.69129811,1443.34000000,159.51801829,1123.17327982,0.03837982,1123.13490000,0.00000000,0.1243619712,0.1250000000,3,1,55.27435023
2024-06-03T15:30:00-04:00,1257.55585851,1443.34000000,159.48192007,1098.07393843,246.28893843,851.78500000,0.00000000,0.1268189552,0.1250000000,2,2,19.43819039
2024-06-03T15:45:00-04:00,1255.11314652,1443.34000000,159.80680402,1095.30634249,749.29534249,346.01100000,0.00000000,0.1273246197,0.1250000000,2,1,10.22431886
2024-06-04T09:30:00-04:00,1245.41825959,1443.34000000,159.73460759,1085.68365201,349.94365201,735.74000000,0.00000000,0.1282578012,0.1250000000,2,3,9.43500358
2024-06-04T09:45:00-04:00,1237.40904376,1443.34000000,159.69850937,1077.71053439,102.33053439,975.38000000,0.00000000,0.1290587863,0.1250000000,2,0,22.30099277
2024-06-04T10:00:00-04:00,1239.09026718,1443.34000000,159.51801829,1079.57224889,729.65224889,349.92000000,0.00000000,0.1287380125,0.1250000000,1,0,12.86598919
2024-06-04T10:15:00-04:00,1236.84729442,1443.34000000,159.67504553,1077.17224889,729.65224889,347.52000000,0.00000000,0.1290984314,0.1250000000,1,2,12.86598919
2024-06-04T10:30:00-04:00,1224.34461362,1443.34000000,159.84290224,1064.50171139,1.45651139,1063.04520000,0.00000000,0.1305538493,0.1250000000,2,1,43.25610486
2024-06-04T10:45:00-04:00,1224.65852254,1443.34000000,159.66241115,1064.99611139,1.45651139,1063.53960000,0.00000000,0.1303730046,0.1250000000,2,1,43.25610486
2024-06-04T11:00:00-04:00,1225.54233324,1443.34000000,159.44582186,1066.09651139,1.45651139,1064.64000000,0.00000000,0.1301022556,0.1250000000,2,0,43.25610486
2024-06-04T11:15:00-04:00,1223.93932968,1443.34000000,159.51801829,1064.42131139,1.45651139,1062.96480000,0.00000000,0.1303316385,0.1250000000,2,1,43.25610486
2024-06-04T11:30:00-04:00,1217.49013681,1443.34000000,159.37362542,1058.11651139,1.45651139,1056.66000000,0.00000000,0.1309034222,0.1250000000,2,1,43.25610486
2024-06-04T11:45:00-04:00,1221.92403859,1443.34000000,159.33752721,1062.58651139,1.45651139,1061.13000000,0.00000000,0.1303988809,0.1250000000,2,0,43.25610486
2024-06-04T12:00:00-04:00,1226.97013681,1443.34000000,159.37362542,1067.59651139,1.45651139,1066.14000000,0.00000000,0.1298920166,0.1250000000,2,0,43.25610486
2024-06-04T12:15:00-04:00,1234.97413681,1443.34000000,159.37362542,1075.60051139,1.45651139,1074.14400000,0.00000000,0.1290501725,0.1250000000,2,0,43.25610486
2024-06-04T12:30:00-04:00,1238.97062789,1443.34000000,159.55411651,1079.41651139,1.45651139,1077.96000000,0.00000000,0.1287795795,0.1250000000,2,0,43.25610486
2024-06-04T12:45:00-04:00,1227.81062789,1443.34000000,159.55411651,1068.25651139,1.45651139,1066.80000000,0.00000000,0.1299501021,0.1250000000,2,0,43.25610486
2024-06-04T13:00:00-04:00,1228.21843146,1443.34000000,159.48192007,1068.73651139,1.45651139,1067.28000000,0.00000000,0.1298481736,0.1250000000,2,1,43.25610486
2024-06-04T13:15:00-04:00,1229.49159540,1443.34000000,159.64508401,1069.84651139,1.45651139,1068.39000000,0.00000000,0.1298464216,0.1250000000,2,0,43.25610486
2024-06-04T13:30:00-04:00,1229.73159540,1443.34000000,159.64508401,1070.08651139,1.45651139,1068.63000000,0.00000000,0.1298210802,0.1250000000,2,0,43.25610486
2024-06-04T13:45:00-04:00,1234.41721719,1443.34000000,159.77070580,1074.64651139,1.45651139,1073.19000000,0.00000000,0.1294300692,0.1250000000,2,0,43.25610486
2024-06-04T14:00:00-04:00,1229.21600292,1443.34000000,160.05949154,1069.15651139,1.45651139,1067.70000000,0.00000000,0.1302126649,0.1250000000,2,0,43.25610486
2024-06-04T14:15:00-04:00,1237.17278865,1443.34000000,160.34827727,1076.82451139,1.45651139,1075.36800000,0.00000000,0.1296086357,0.1250000000,2,0,43.25610486
2024-06-04T14:30:00-04:00,1238.04667846,1443.34000000,160.19016708,1077.85651139,1.45651139,1076.40000000,0.00000000,0.1293894405,0.1250000000,2,0,43.25610486
2024-06-04T14:45:00-04:00,1229.94357438,1443.34000000,160.63706300,1069.30651139,1.45651139,1067.85000000,0.00000000,0.1306052297,0.1250000000,2,1,43.25610486
2024-06-04T15:00:00-04:00,1209.90819935,1443.34000000,160.13168797,1049.77651139,1.45651139,1048.32000000,0.00000000,0.1323502792,0.1250000000,2,0,43.25610486
2024-06-04T15:15:00-04:00,1210.47869044,1443.34000000,160.31217905,1050.16651139,1.45651139,1048.71000000,0.00000000,0.1324370105,0.1250000000,2,0,43.25610486
2024-06-04T15:30:00-04:00,1203.75046697,1443.34000000,160.13168797,1043.61877900,698.73877900,344.88000000,0.00000000,0.1330273112,0.1250000000,1,0,12.86598919
2024-06-04T15:45:00-04:00,1207.23144913,1443.34000000,160.49267013,1046.73877900,698.73877900,348.00000000,0.00000000,0.1329427512,0.1250000000,1,1,12.86598919
2024-06-05T09:30:00-04:00,1216.28346547,1443.34000000,161.90266646,1054.38079900,5.97959900,1048.40120000,0.00000000,0.1331126099,0.1250000000,2,4,22.40102431
2024-06-05T09:45:00-04:00,1217.38146520,1443.34000000,162.11708987,1055.26437533,0.21037533,1055.05400000,0.00000000,0.1331686858,0.1250000000,4,2,22.46339463
2024-06-05T10:00:00-04:00,1207.01563036,1443.34000000,161.81025503,1045.20537533,0.21037533,1044.99500000,0.00000000,0.1340581273,0.1250000000,4,1,22.46339463
2024-06-05T10:15:00-04:00,1210.37757270,1443.34000000,162.12719737,1048.25037533,0.21037533,1048.04000000,0.00000000,0.1339476218,0.1250000000,4,1,22.46339463
2024-06-05T10:30:00-04:00,1216.60575985,1443.34000000,162.22538452,1054.38037533,0.21037533,1054.17000000,0.00000000,0.1333426077,0.1250000000,4,2,22.46339463
2024-06-05T10:45:00-04:00,1219.93246520,1443.34000000,162.11708987,1057.81537533,0.21037533,1057.60500000,0.00000000,0.1328902169,0.1250000000,4,1,22.46339463
2024-06-05T11:00:00-04:00,1225.30198816,1443.34000000,162.44161284,1062.86037533,0.21037533,1062.65000000,0.00000000,0.1325727163,0.1250000000,4,1,22.46339463
2024-06-05T11:15:00-04:00,1232.77454558,1443.34000000,162.51417025,1070.26037533,0.21037533,1070.05000000,0.00000000,0.1318279736,0.1250000000,4,0,9.59740545
2024-06-05T11:30:00-04:00,1237.28989224,1443.34000000,162.62246490,1074.66742734,4.60742734,1070.06000000,0.00000000,0.1314344083,0.1250000000,3,2,0.13097873
2024-06-05T11:45:00-04:00,1235.28706701,1443.34000000,162.62246490,1072.66460211,0.70420211,1071.96040000,0.00000000,0.1316475087,0.1250000000,4,0,0.10933722
2024-06-05T12:00:00-04:00,1236.52597593,1443.34000000,162.44197382,1074.08400211,0.70420211,1073.37980000,0.00000000,0.1313696412,0.1250000000,4,0,0.10933722
2024-06-05T12:15:00-04:00,1245.21059711,1443.34000000,162.80259500,1082.40800211,0.70420211,1081.70380000,0.00000000,0.1307430208,0.1250000000,4,0,0.10933722
2024-06-05T12:30:00-04:00,1246.91521500,1443.34000000,162.58636668,1084.32884831,2.40384831,1081.92500000,0.00000000,0.1303908756,0.1250000000,3,2,0.00000000
2024-06-05T12:45:00-04:00,1248.50460786,1443.34000000,162.73075955,1085.77384831,2.40384831,1083.37000000,0.00000000,0.1303405358,0.1250000000,3,1,0.00000000
2024-06-05T13:00:00-04:00,1250.84740786,1443.34000000,162.73075955,1088.11664831,2.40384831,1085.71280000,0.00000000,0.1300964119,0.1250000000,3,0,0.00000000
2024-06-05T13:15:00-04:00,1253.49865071,1443.34000000,162.67300240,1090.82564831,2.40384831,1088.42180000,0.00000000,0.1297751715,0.1250000000,3,0,0.00000000
2024-06-05T13:30:00-04:00,1252.91498617,1443.34000000,162.73075955,1090.18422662,713.69922662,376.48500000,0.00000000,0.1298817249,0.1250000000,2,1,0.00000000
2024-06-05T13:45:00-04:00,1257.15917918,1443.34000000,162.80295598,1094.35622320,376.57622320,717.78000000,0.00000000,0.1295006700,0.1250000000,2,0,8.76135281
2024-06-05T14:00:00-04:00,1253.63776579,1443.34000000,162.87154259,1090.76622320,376.57622320,714.19000000,0.00000000,0.1299191417,0.1250000000,2,0,8.76135281
2024-06-05T14:15:00-04:00,1252.52447918,1443.34000000,162.80295598,1089.72152320,376.57622320,713.14530000,0.00000000,0.1299798596,0.1250000000,2,0,8.76135281
2024-06-05T14:30:00-04:00,1250.51527739,1443.34000000,162.83905420,1087.67622320,376.57622320,711.10000000,0.00000000,0.1302175648,0.1250000000,2,1,8.76135281
2024-06-05T14:45:00-04:00,1250.46851846,1443.34000000,162.76685777,1087.70166070,3.54666070,1084.15500000,0.00000000,0.1301646986,0.1250000000,3,0,14.72576581
2024-06-05T15:00:00-04:00,1255.25351489,1443.34000000,162.83905420,1092.41446070,3.54666070,1088.86780000,0.00000000,0.1297260293,0.1250000000,3,2,14.72576581
2024-06-05T15:15:00-04:00,1253.63062560,1443.34000000,162.62246490,1091.00816070,3.54666070,1087.46150000,0.00000000,0.1297211966,0.1250000000,3,1,14.72576581
2024-06-05T15:30:00-04:00,1255.36881846,1443.34000000,162.76685777,1092.60196070,3.54666070,1089.05530000,0.00000000,0.1296566040,0.1250000000,3,3,14.72576581
2024-06-05T15:45:00-04:00,1256.87753630,1443.34000000,162.40587560,1094.47166070,3.54666070,1090.92500000,0.00000000,0.1292137626,0.1250000000,3,3,14.72576581
2024-06-06T09:30:00-04:00,1242.28209188,1443.34000000,153.60232639,1088.67976548,6.24236548,1082.43740000,0.00000000,0.1236452875,0.1250000000,2,3,16.05687222
2024-06-06T09:45:00-04:00,1231.70003398,1443.34000000,153.60266849,1078.09736548,6.24236548,1071.85500000,0.00000000,0.1247078544,0.1250000000,2,1,16.05687222
2024-06-06T10:00:00-04:00,1228.28785378,1443.34000000,153.63379955,1074.65405423,1.82405423,1072.83000000,0.00000000,0.1250796375,0.1250000000,3,0,16.27598800
2024-06-06T10:15:00-04:00,1226.53624153,1443.34000000,153.73608729,1072.80015423,1.82405423,1070.97610000,0.00000000,0.1253416590,0.1250000000,3,1,16.27598800
2024-06-06T10:30:00-04:00,1228.56409288,1443.34000000,153.50003865,1075.06405423,1.82405423,1073.24000000,0.00000000,0.1249426379,0.1250000000,3,3,16.27598800
2024-06-06T10:45:00-04:00,1227.76747068,1443.34000000,153.56811645,1074.19935423,1.82405423,1072.37530000,0.00000000,0.1250791539,0.1250000000,3,1,16.27598800
2024-06-06T11:00:00-04:00,1230.94093268,1443.34000000,153.63687844,1077.30405423,1.82405423,1075.48000000,0.00000000,0.1248125514,0.1250000000,3,0,16.07132299
2024-06-06T11:15:00-04:00,1234.28315257,1443.34000000,153.70529834,1080.57785423,1.82405423,1078.75380000,0.00000000,0.1245300141,0.1250000000,3,1,16.06640231
2024-06-06T11:30:00-04:00,1237.48593268,1443.34000000,153.63687844,1083.84905423,1.82405423,1082.02500000,0.00000000,0.1241524242,0.1250000000,3,0,16.06238668
2024-06-06T11:45:00-04:00,1238.35465788,1443.34000000,153.70290364,1084.65175423,1.82405423,1082.82770000,0.00000000,0.1241186462,0.1250000000,3,0,16.06062216
2024-06-06T12:00:00-04:00,1236.79976384,1443.34000000,153.66150960,1083.13825423,1.82405423,1081.31420000,0.00000000,0.1242412184,0.1250000000,3,0,16.06062216
2024-06-06T12:15:00-04:00,1241.43081278,1443.34000000,153.56845854,1087.86235423,1.82405423,1086.03830000,0.00000000,0.1237027927,0.1250000000,3,0,16.05687222
2024-06-06T12:30:00-04:00,1240.17988293,1443.34000000,153.46582870,1086.71405423,1.82405423,1084.89000000,0.00000000,0.1237448138,0.1250000000,3,2,16.05687222
2024-06-06T12:45:00-04:00,1240.62403918,1443.34000000,153.46582870,1087.15821048,0.69821048,1086.46000000,0.00000000,0.1237005119,0.1250000000,4,1,16.09128882
2024-06-06T13:00:00-04:00,1243.46589450,1443.34000000,153.46582870,1090.00006580,5.13006580,1084.87000000,0.00000000,0.1234178029,0.1250000000,3,0,8.79576940
2024-06-06T13:15:00-04:00,1252.61946678,1443.34000000,153.73950829,1098.87995849,380.34995849,718.53000000,0.00000000,0.1227344077,0.1250000000,2,4,8.79576940
2024-06-06T13:30:00-04:00,1255.80619152,1443.34000000,153.91055803,1101.89563349,0.96563349,1100.93000000,0.00000000,0.1225591648,0.1250000000,3,1,13.41800252
2024-06-06T13:45:00-04:00,1253.66747162,1443.34000000,153.84213813,1099.82533349,0.96563349,1098.85970000,0.00000000,0.1227136714,0.1250000000,3,0,13.41800252
2024-06-06T14:00:00-04:00,1243.17830198,1443.34000000,153.60266849,1089.57563349,0.96563349,1088.61000000,0.00000000,0.1235564265,0.1250000000,3,0,13.41800252
2024-06-06T14:15:00-04:00,1244.52430198,1443.34000000,153.60266849,1090.92163349,0.96563349,1089.95600000,0.00000000,0.1234227956,0.1250000000,3,0,13.41800252
2024-06-06T14:30:00-04:00,1245.76330198,1443.34000000,153.60266849,1092.16063349,0.96563349,1091.19500000,0.00000000,0.1233000428,0.1250000000,3,0,13.41800252
2024-06-06T14:45:00-04:00,1246.61921957,1443.34000000,153.80758608,1092.81163349,0.96563349,1091.84600000,0.00000000,0.1233797648,0.1250000000,3,0,13.41800252
2024-06-06T15:00:00-04:00,1252.56535172,1443.34000000,153.77371824,1098.79163349,0.96563349,1097.82600000,0.00000000,0.1227670221,0.1250000000,3,0,13.41800252
2024-06-06T15:15:00-04:00,1254.47330198,1443.34000000,153.60266849,1100.87063349,0.96563349,1099.90500000,0.00000000,0.1224439518,0.1250000000,3,0,13.41800252
2024-06-06T15:30:00-04:00,1250.55330198,1443.34000000,153.60266849,1096.95063349,0.96563349,1095.98500000,0.00000000,0.1228277661,0.1250000000,3,0,13.41800252
2024-06-06T15:45:00-04:00,1258.11481117,1443.34000000,153.71761392,1104.39719725,729.25719725,375.14000000,0.00000000,0.1221809111,0.1250000000,2,2,13.41800252
2024-06-07T09:30:00-04:00,1266.08049184,1443.34000000,152.78197183,1113.29852001,4.91852001,1108.38000000,0.00000000,0.1206731901,0.1250000000,2,1,37.16370425
2024-06-07T09:45:00-04:00,1281.25613876,1443.34000000,153.43161875,1127.82452001,4.91852001,1122.90600000,0.00000000,0.1197509336,0.1250000000,2,1,37.16370425
2024-06-07T10:00:00-04:00,1265.93663646,1443.34000000,153.56811645,1112.36852001,4.91852001,1107.45000000,0.00000000,0.1213079012,0.1250000000,2,0,37.16370425
2024-06-07T10:15:00-04:00,1261.25255866,1443.34000000,153.50003865,1107.75252001,4.91852001,1102.83400000,0.00000000,0.1217044418,0.1250000000,2,0,37.16370425
2024-06-07T10:30:00-04:00,1264.68445171,1443.34000000,153.59993170,1111.08452001,4.91852001,1106.16600000,0.00000000,0.1214531668,0.1250000000,2,0,37.16370425
2024-06-07T10:45:00-04:00,1263.33783112,1443.34000000,153.26091111,1110.07692001,4.91852001,1105.15840000,0.00000000,0.1213142735,0.1250000000,2,0,37.16370425
2024-06-07T11:00:00-04:00,1259.24156064,1443.34000000,153.38304062,1105.85852001,4.91852001,1100.94000000,0.00000000,0.1218058913,0.1250000000,2,0,37.16370425
2024-06-07T11:15:00-04:00,1258.89355866,1443.34000000,153.50003865,1105.39352001,4.91852001,1100.47500000,0.00000000,0.1219324998,0.1250000000,2,0,37.16370425
2024-06-07T11:30:00-04:00,1259.92618850,1443.34000000,153.60266849,1106.32352001,4.91852001,1101.40500000,0.00000000,0.1219140215,0.1250000000,2,0,37.16370425
2024-06-07T11:45:00-04:00,1267.47718850,1443.34000000,153.60266849,1113.87452001,4.91852001,1108.95600000,0.00000000,0.1211877183,0.1250000000,2,0,37.16370425
2024-06-07T12:00:00-04:00,1259.80561835,1443.34000000,153.70529834,1106.10032001,4.91852001,1101.18180000,0.00000000,0.1220071542,0.1250000000,2,0,37.16370425
2024-06-07T12:15:00-04:00,1268.26647823,1443.34000000,153.58795822,1114.67852001,4.91852001,1109.76000000,0.00000000,0.1211006999,0.1250000000,2,0,37.16370425
2024-06-07T12:30:00-04:00,1267.35818323,1443.34000000,153.91466322,1113.44352001,4.91852001,1108.52500000,0.00000000,0.1214452751,0.1250000000,2,0,37.16370425
2024-06-07T12:45:00-04:00,1267.04618850,1443.34000000,153.60266849,1113.44352001,4.91852001,1108.52500000,0.00000000,0.1212289417,0.1250000000,2,0,37.16370425
2024-06-07T13:00:00-04:00,1253.51215584,1443.34000000,153.97863583,1099.53352001,4.91852001,1094.61500000,0.00000000,0.1228377684,0.1250000000,2,0,37.16370425
2024-06-07T13:15:00-04:00,1254.63661783,1443.34000000,154.04739782,1100.58922001,4.91852001,1095.67070000,0.00000000,0.1227824819,0.1250000000,2,0,37.16370425
2024-06-07T13:30:00-04:00,1247.50749684,1443.34000000,154.04397683,1093.46352001,4.91852001,1088.54500000,0.00000000,0.1234814037,0.1250000000,2,0,37.16370425
2024-06-07T13:45:00-04:00,1243.06118301,1443.34000000,153.92766300,1089.13352001,4.91852001,1084.21500000,0.00000000,0.1238295147,0.1250000000,2,0,37.16370425
2024-06-07T14:00:00-04:00,1233.85437078,1443.34000000,153.29854205,1080.55582873,706.55582873,374.00000000,0.00000000,0.1242436269,0.1250000000,1,0,13.38358592
2024-06-07T14:15:00-04:00,1233.95323753,1443.34000000,153.39740880,1080.55582873,706.55582873,374.00000000,0.00000000,0.1243137942,0.1250000000,1,0,13.38358592
2024-06-07T14:30:00-04:00,1232.49270717,1443.34000000,153.63687844,1078.85582873,706.55582873,372.30000000,0.00000000,0.1246554057,0.1250000000,1,0,13.38358592
2024-06-07T14:45:00-04:00,1230.86091712,1443.34000000,153.67108839,1077.18982873,706.55582873,370.63400000,0.00000000,0.1248484587,0.1250000000,1,0,13.38358592
2024-06-07T15:00:00-04:00,1232.52657502,1443.34000000,153.67074629,1078.85582873,706.55582873,372.30000000,0.00000000,0.1246794588,0.1250000000,1,0,13.38358592
2024-06-07T15:15:00-04:00,1232.35586738,1443.34000000,153.50003865,1078.85582873,706.55582873,372.30000000,0.00000000,0.1245582082,0.1250000000,1,0,13.38358592
2024-06-07T15:30:00-04:00,1232.32165743,1443.34000000,153.46582870,1078.85582873,706.55582873,372.30000000,0.00000000,0.1245339054,0.1250000000,1,0,13.38358592
2024-06-07T15:45:00-04:00,1230.75815512,1443.34000000,153.60232639,1077.15582873,706.55582873,370.60000000,0.00000000,0.1248030133,0.1250000000,1,2,13.38358592
2024-06-10T09:30:00-04:00,1227.43720546,1443.34000000,153.59651070,1073.84069476,366.72329476,707.11740000,0.00000000,0.1251359418,0.1250000000,1,0,16.03709795
2024-06-10T09:45:00-04:00,1220.01385827,1443.34000000,153.58556352,1066.42829476,366.72329476,699.70500000,0.00000000,0.1258883762,0.1250000000,1,0,16.03709795
2024-06-10T10:00:00-04:00,1230.85201299,1443.34000000,153.77371824,1077.07829476,366.72329476,710.35500000,0.00000000,0.1249327430,0.1250000000,1,1,16.03709795
2024-06-10T10:15:00-04:00,1230.61257909,1443.34000000,153.77371824,1076.83886086,4.00626086,1072.83260000,0.00000000,0.1249570505,0.1250000000,2,2,30.67183712
2024-06-10T10:30:00-04:00,1236.92997909,1443.34000000,153.77371824,1083.15626086,4.00626086,1079.15000000,0.00000000,0.1243188546,0.1250000000,2,1,30.67183712
2024-06-10T10:45:00-04:00,1238.57181888,1443.34000000,153.91055803,1084.66126086,4.00626086,1080.65500000,0.00000000,0.1242645406,0.1250000000,2,2,30.67183712
2024-06-10T11:00:00-04:00,1249.48444873,1443.34000000,154.01318787,1095.47126086,4.00626086,1091.46500000,0.00000000,0.1232613884,0.1250000000,2,2,16.03709795
2024-06-10T11:15:00-04:00,1254.76075796,1443.34000000,154.01318787,1100.74757009,392.07857009,708.66900000,0.00000000,0.1227430703,0.1250000000,2,1,16.17948238
2024-06-10T11:30:00-04:00,1258.38476820,1443.34000000,153.85924311,1104.52552509,121.41572509,983.10980000,0.00000000,0.1222672485,0.1250000000,3,0,20.51113612
2024-06-10T11:45:00-04:00,1257.41249307,1443.34000000,153.94476798,1103.46772509,121.41572509,982.05200000,0.00000000,0.1224298063,0.1250000000,3,0,20.51113612
2024-06-10T12:00:00-04:00,1257.88499307,1443.34000000,153.94476798,1103.94022509,121.41572509,982.52450000,0.00000000,0.1223838179,0.1250000000,3,0,20.51113612
2024-06-10T12:15:00-04:00,1260.38409607,1443.34000000,154.07887098,1106.30522509,121.41572509,984.88950000,0.00000000,0.1222475525,0.1250000000,3,1,20.51113612
2024-06-10T12:30:00-04:00,1267.23218942,1443.34000000,153.87634808,1113.35584134,11.88864134,1101.46720000,0.00000000,0.1214271144,0.1250000000,4,0,23.83866139
2024-06-10T12:45:00-04:00,1267.42274911,1443.34000000,154.08160777,1113.34114134,11.88864134,1101.45250000,0.00000000,0.1215708081,0.1250000000,4,0,23.69627697
2024-06-10T13:00:00-04:00,1266.77146049,1443.34000000,154.03131915,1112.74014134,11.88864134,1100.85150000,0.00000000,0.1215936133,0.1250000000,4,0,23.69627697
2024-06-10T13:15:00-04:00,1261.17875142,1443.34000000,153.94511008,1107.23364134,11.88864134,1095.34500000,0.00000000,0.1220644654,0.1250000000,4,1,23.69627697
2024-06-10T13:30:00-04:00,1262.84019664,1443.34000000,153.97863583,1108.86156081,0.03906081,1108.82250000,0.00000000,0.1219304202,0.1250000000,5,1,23.91486393
2024-06-10T13:45:00-04:00,1265.44489089,1443.34000000,154.04397683,1111.40091406,3.94111406,1107.45980000,0.00000000,0.1217310828,0.1250000000,4,2,23.91486393
2024-06-10T14:00:00-04:00,1261.77111938,1443.34000000,154.04739782,1107.72372156,0.74872156,1106.97500000,0.00000000,0.1220882262,0.1250000000,5,1,23.98943759
2024-06-10T14:15:00-04:00,1258.03337959,1443.34000000,153.91055803,1104.12282156,0.74872156,1103.37410000,0.00000000,0.1223421894,0.1250000000,5,1,23.98943759
2024-06-10T14:30:00-04:00,1258.17927959,1443.34000000,153.91055803,1104.26872156,0.74872156,1103.52000000,0.00000000,0.1223280025,0.1250000000,5,1,23.98943759
2024-06-10T14:45:00-04:00,1258.92690943,1443.34000000,154.01318787,1104.91372156,0.74872156,1104.16500000,0.00000000,0.1223368781,0.1250000000,5,1,23.98943759
2024-06-10T15:00:00-04:00,1256.54940943,1443.34000000,154.01318787,1102.53622156,0.74872156,1101.78750000,0.00000000,0.1225683501,0.1250000000,5,1,23.98943759
2024-06-10T15:15:00-04:00,1256.05012933,1443.34000000,154.08160777,1101.96852156,0.74872156,1101.21980000,0.00000000,0.1226715433,0.1250000000,5,1,23.98943759
2024-06-10T15:30:00-04:00,1252.45006964,1443.34000000,153.87634808,1098.57372156,0.74872156,1097.82500000,0.00000000,0.1228602655,0.1250000000,5,1,23.98943759
2024-06-10T15:45:00-04:00,1249.51497845,1443.34000000,153.87634808,1095.63863037,106.86863037,988.77000000,0.00000000,0.1231488623,0.1250000000,4,1,20.66191232
2024-06-11T09:30:00-04:00,1244.84932166,1443.34000000,153.67074629,1091.17857537,14.45937537,1076.71920000,0.00000000,0.1234452585,0.1250000000,5,1,21.49770179
2024-06-11T09:45:00-04:00,1238.00492808,1443.34000000,153.22635906,1084.77856902,295.32856902,789.45000000,0.00000000,0.1237687796,0.1250000000,2,1,16.87288742
2024-06-11T10:00:00-04:00,1245.73647052,1443.34000000,153.53390650,1092.20256402,5.37126402,1086.83130000,0.00000000,0.1232475007,0.1250000000,3,2,29.82158466
2024-06-11T10:15:00-04:00,1241.11443501,1443.34000000,153.60266849,1087.51176652,0.43756652,1087.07420000,0.00000000,0.1237618902,0.1250000000,4,2,30.05967868
2024-06-11T10:30:00-04:00,1245.47802455,1443.34000000,153.91055803,1091.56746652,0.43756652,1091.12990000,0.00000000,0.1235754907,0.1250000000,4,1,30.05967868
2024-06-11T10:45:00-04:00,1250.49940696,1443.34000000,153.70564044,1096.79376652,0.43756652,1096.35620000,0.00000000,0.1229154045,0.1250000000,4,0,30.05967868
2024-06-11T11:00:00-04:00,1249.69320696,1443.34000000,153.70564044,1095.98756652,0.43756652,1095.55000000,0.00000000,0.1229946995,0.1250000000,4,0,30.05967868
2024-06-11T11:15:00-04:00,1248.23870696,1443.34000000,153.70564044,1094.53306652,0.43756652,1094.09550000,0.00000000,0.1231380181,0.1250000000,4,0,30.05967868
2024-06-11T11:30:00-04:00,1241.72901460,1443.34000000,153.87634808,1087.85266652,0.43756652,1087.41510000,0.00000000,0.1239210377,0.1250000000,4,0,30.05967868
2024-06-11T11:45:00-04:00,1242.24911460,1443.34000000,153.87634808,1088.37276652,0.43756652,1087.93520000,0.00000000,0.1238691550,0.1250000000,4,0,30.05967868
2024-06-11T12:00:00-04:00,1244.18111460,1443.34000000,153.87634808,1090.30476652,0.43756652,1089.86720000,0.00000000,0.1236768074,0.1250000000,4,0,30.05967868
2024-06-11T12:15:00-04:00,1243.02312455,1443.34000000,153.91055803,1089.11256652,0.43756652,1088.67500000,0.00000000,0.1238195453,0.1250000000,4,0,30.05967868
2024-06-11T12:30:00-04:00,1248.93245439,1443.34000000,154.01318787,1094.91926652,0.43756652,1094.48170000,0.00000000,0.1233158665,0.1250000000,4,1,30.05967868
2024-06-11T12:45:00-04:00,1245.57262224,1443.34000000,154.04705572,1091.52556652,0.43756652,1091.08800000,0.00000000,0.1236756918,0.1250000000,4,1,30.05967868
2024-06-11T13:00:00-04:00,1250.94722755,1443.34000000,154.04466103,1096.90256652,0.43756652,1096.46500000,0.00000000,0.1231424137,0.1250000000,4,2,30.05967868
2024-06-11T13:15:00-04:00,1250.64003947,1443.34000000,154.01318787,1096.62685159,0.01735159,1096.60950000,0.00000000,0.1231474949,0.1250000000,5,0,16.89230165
2024-06-11T13:30:00-04:00,1254.95251906,1443.34000000,154.28686746,1100.66565159,0.01735159,1100.64830000,0.00000000,0.1229423943,0.1250000000,5,1,16.89230165
2024-06-11T13:45:00-04:00,1255.28395713,1443.34000000,154.32107741,1100.96287972,5.42317972,1095.53970000,0.00000000,0.1229371861,0.1250000000,4,1,16.89230165
2024-06-11T14:00:00-04:00,1258.14582622,1443.34000000,154.18423762,1103.96158860,2.09918860,1101.86240000,0.00000000,0.1225487812,0.1250000000,5,0,16.98191630
2024-06-11T14:15:00-04:00,1267.76118160,1443.34000000,154.83388454,1112.92729706,317.71699706,795.21030000,0.00000000,0.1221317444,0.1250000000,4,0,16.98191630
2024-06-11T14:30:00-04:00,1269.06947344,1443.34000000,155.00527638,1114.06419706,317.71699706,796.34720000,0.00000000,0.1221408911,0.1250000000,4,1,16.98191630
2024-06-11T14:45:00-04:00,1263.69951530,1443.34000000,154.74733337,1108.95218193,2.12698193,1106.82520000,0.00000000,0.1224557986,0.1250000000,5,0,29.22199380
2024-06-11T15:00:00-04:00,1265.06821903,1443.34000000,154.52633710,1110.54188193,2.12698193,1108.41490000,0.00000000,0.1221486200,0.1250000000,5,0,29.22199380
2024-06-11T15:15:00-04:00,1263.45252898,1443.34000000,154.56054705,1108.89198193,2.12698193,1106.76500000,0.00000000,0.1223318989,0.1250000000,5,0,29.22199380
2024-06-11T15:30:00-04:00,1265.52913714,1443.34000000,154.38915521,1111.13998193,2.12698193,1109.01300000,0.00000000,0.1219957334,0.1250000000,5,1,29.22199380
2024-06-11T15:45:00-04:00,1269.17113714,1443.34000000,154.38915521,1114.78198193,2.12698193,1112.65500000,0.00000000,0.1216456557,0.1250000000,5,1,29.22199380
2024-06-12T09:30:00-04:00,1338.03407895,1443.34000000,156.29943873,1181.73464022,1089.68474022,92.04990000,0.00000000,0.1168127488,0.1250000000,1,2,8.84000354
2024-06-12T09:45:00-04:00,1314.58050037,1443.34000000,156.09999473,1158.48050564,420.47180564,738.00870000,0.00000000,0.1187451013,0.1250000000,2,0,48.95106346
2024-06-12T10:00:00-04:00,1300.39252078,1443.34000000,155.82631514,1144.56620564,420.47180564,724.09440000,0.00000000,0.1198302148,0.1250000000,2,0,48.95106346
2024-06-12T10:15:00-04:00,1282.94868735,1443.34000000,156.64632761,1126.30235975,1036.85765975,89.44470000,0.00000000,0.1220986694,0.1250000000,1,1,8.84000354
2024-06-12T10:30:00-04:00,1262.65838391,1443.34000000,156.47630416,1106.18207975,382.12697975,724.05510000,0.00000000,0.1239260802,0.1250000000,2,0,47.31435629
2024-06-12T10:45:00-04:00,1278.68910432,1443.34000000,156.20262457,1122.48647975,382.12697975,740.35950000,0.00000000,0.1221584074,0.1250000000,2,0,47.31435629
2024-06-12T11:00:00-04:00,1282.79339437,1443.34000000,156.16841463,1126.62497975,382.12697975,744.49800000,0.00000000,0.1217408940,0.1250000000,2,0,38.47435275
2024-06-12T11:15:00-04:00,1275.05468391,1443.34000000,156.47630416,1118.57837975,382.12697975,736.45140000,0.00000000,0.1227212496,0.1250000000,2,0,38.47435275
2024-06-12T11:30:00-04:00,1276.90981427,1443.34000000,156.23683452,1120.67297975,382.12697975,738.54600000,0.00000000,0.1223554184,0.1250000000,2,0,38.47435275
2024-06-12T11:45:00-04:00,1275.65401427,1443.34000000,156.23683452,1119.41717975,382.12697975,737.29020000,0.00000000,0.1224758695,0.1250000000,2,0,38.47435275
2024-06-12T12:00:00-04:00,1262.53636811,1443.34000000,156.03157483,1106.50479328,472.44879328,634.05600000,0.00000000,0.1235858061,0.1250000000,1,0,38.47435275
2024-06-12T12:15:00-04:00,1260.15522334,1443.34000000,155.87763006,1104.27759328,472.44879328,631.82880000,0.00000000,0.1236971662,0.1250000000,1,0,38.47435275
2024-06-12T12:30:00-04:00,1258.74375816,1443.34000000,155.99736488,1102.74639328,472.44879328,630.29760000,0.00000000,0.1239309938,0.1250000000,1,0,38.47435275
2024-06-12T12:45:00-04:00,1270.25664832,1443.34000000,155.95665505,1114.29999328,472.44879328,641.85120000,0.00000000,0.1227757046,0.1250000000,1,0,38.47435275
2024-06-12T13:00:00-04:00,1269.14445121,1443.34000000,156.09725793,1113.04719328,472.44879328,640.59840000,0.00000000,0.1229940830,0.1250000000,1,0,38.47435275
2024-06-12T13:15:00-04:00,1263.54839905,1443.34000000,156.06920578,1107.47919328,472.44879328,635.03040000,0.00000000,0.1235166028,0.1250000000,1,1,38.47435275
2024-06-12T13:30:00-04:00,1264.93270404,1443.34000000,155.86120929,1109.07149475,3.03229475,1106.03920000,0.00000000,0.1232169971,0.1250000000,2,0,59.11345305
2024-06-12T13:45:00-04:00,1261.10104969,1443.34000000,155.96315494,1105.13789475,3.03229475,1102.10560000,0.00000000,0.1236722109,0.1250000000,2,1,59.11345305
2024-06-12T14:00:00-04:00,1262.21464969,1443.34000000,155.96315494,1106.25149475,3.03229475,1103.21920000,0.00000000,0.1235631000,0.1250000000,2,1,59.11345305
2024-06-12T14:15:00-04:00,1269.42784491,1443.34000000,156.03157483,1113.39627008,0.19727008,1113.19900000,0.00000000,0.1229148828,0.1250000000,3,1,59.27757797
2024-06-12T14:30:00-04:00,1265.57024491,1443.34000000,156.03157483,1109.53867008,0.19727008,1109.34140000,0.00000000,0.1232895412,0.1250000000,3,0,59.27757797
2024-06-12T14:45:00-04:00,1265.98803496,1443.34000000,155.99736488,1109.99067008,0.19727008,1109.79340000,0.00000000,0.1232218319,0.1250000000,3,0,59.27757797
2024-06-12T15:00:00-04:00,1274.30473266,1443.34000000,156.13386258,1118.17087008,0.19727008,1117.97360000,0.00000000,0.1225247451,0.1250000000,3,0,59.27757797
2024-06-12T15:15:00-04:00,1261.64989465,1443.34000000,156.20262457,1105.44727008,0.19727008,1105.25000000,0.00000000,0.1238082175,0.1250000000,3,0,59.27757797
2024-06-12T15:30:00-04:00,1265.10365932,1443.34000000,156.42498924,1108.67867008,0.19727008,1108.48140000,0.00000000,0.1236459859,0.1250000000,3,0,59.27757797
2024-06-12T15:45:00-04:00,1276.08500958,1443.34000000,156.25393950,1119.83107008,0.19727008,1119.63380000,0.00000000,0.1224479077,0.1250000000,3,0,59.27757797
2024-06-13T09:30:00-04:00,1266.36128189,1443.34000000,156.75511524,1109.60616665,2.86616665,1106.74000000,0.00000000,0.1237838818,0.1250000000,2,2,38.47435275
2024-06-13T09:45:00-04:00,1278.13857030,1443.34000000,156.81840365,1121.32016665,2.86616665,1118.45400000,0.00000000,0.1226928029,0.1250000000,2,1,38.47435275
2024-06-13T10:00:00-04:00,1257.52295556,1443.34000000,156.64735390,1100.87560165,618.66030165,482.21530000,0.00000000,0.1245681864,0.1250000000,1,0,0.00000000
2024-06-13T10:15:00-04:00,1246.63573375,1443.34000000,156.30457022,1090.33116353,1090.33116353,0.00000000,0.00000000,0.1253811085,0.1250000000,0,0,0.00000000
2024-06-13T10:30:00-04:00,1246.67952249,1443.34000000,156.34835896,1090.33116353,1090.33116353,0.00000000,0.00000000,0.1254118289,0.1250000000,0,1,0.00000000
2024-06-13T10:45:00-04:00,1231.33358635,1443.34000000,156.30662282,1075.02696353,444.24696353,630.78000000,0.00000000,0.1269409237,0.1250000000,1,0,37.16025917
2024-06-13T11:00:00-04:00,1224.88337816,1443.34000000,156.16841463,1068.71496353,444.24696353,624.46800000,0.00000000,0.1274965580,0.1250000000,1,0,37.16025917
2024-06-13T11:15:00-04:00,1228.92429399,1443.34000000,156.47733046,1072.44696353,444.24696353,628.20000000,0.00000000,0.1273286981,0.1250000000,1,0,37.16025917
2024-06-13T11:30:00-04:00,1215.32852739,1443.34000000,156.68156385,1058.64696353,444.24696353,614.40000000,0.00000000,0.1289211603,0.1250000000,1,1,37.16025917
2024-06-13T11:45:00-04:00,1211.01976254,1443.34000000,156.57893401,1054.44082853,11.74282853,1042.69800000,0.00000000,0.1292951105,0.1250000000,2,0,44.91642679
2024-06-13T12:00:00-04:00,1211.43729290,1443.34000000,156.33946437,1055.09782853,11.74282853,1043.35500000,0.00000000,0.1290528740,0.1250000000,2,0,44.91642679
2024-06-13T12:15:00-04:00,1203.23829290,1443.34000000,156.33946437,1046.89882853,11.74282853,1035.15600000,0.00000000,0.1299322547,0.1250000000,2,0,44.91642679
2024-06-13T12:30:00-04:00,1200.97894718,1443.34000000,156.33946437,1044.63948281,1044.63948281,0.00000000,0.00000000,0.1301766902,0.1250000000,0,0,0.00000000
2024-06-13T12:45:00-04:00,1200.79079247,1443.34000000,156.15130965,1044.63948281,1044.63948281,0.00000000,0.00000000,0.1300403956,0.1250000000,0,0,0.00000000
2024-06-13T13:00:00-04:00,1201.14999693,1443.34000000,156.51051411,1044.63948281,1044.63948281,0.00000000,0.00000000,0.1303005574,0.1250000000,0,0,0.00000000
2024-06-13T13:15:00-04:00,1201.14999693,1443.34000000,156.51051411,1044.63948281,1044.63948281,0.00000000,0.00000000,0.1303005574,0.1250000000,0,0,0.00000000
2024-06-13T13:30:00-04:00,1200.98784177,1443.34000000,156.34835896,1044.63948281,1044.63948281,0.00000000,0.00000000,0.1301831322,0.1250000000,0,0,0.00000000
2024-06-13T13:45:00-04:00,1201.08157703,1443.34000000,156.44209421,1044.63948281,1044.63948281,0.00000000,0.00000000,0.1302510148,0.1250000000,0,1,0.00000000
2024-06-13T14:00:00-04:00,1206.40168323,1443.34000000,156.47630416,1049.92537906,325.29537906,724.63000000,0.00000000,0.1297049783,0.1250000000,1,0,28.67217503
2024-06-13T14:15:00-04:00,1205.23668323,1443.34000000,156.47630416,1048.76037906,325.29537906,723.46500000,0.00000000,0.1298303531,0.1250000000,1,1,28.67217503
2024-06-13T14:30:00-04:00,1206.09839532,1443.34000000,156.68156385,1049.41683146,0.85543146,1048.56140000,0.00000000,0.1299077791,0.1250000000,2,0,42.96381689
2024-06-13T14:45:00-04:00,1204.18799532,1443.34000000,156.68156385,1047.50643146,0.85543146,1046.65100000,0.00000000,0.1301138730,0.1250000000,2,0,42.96381689
2024-06-13T15:00:00-04:00,1210.34362758,1443.34000000,156.64119611,1053.70243146,0.85543146,1052.84700000,0.00000000,0.1294187804,0.1250000000,2,0,42.96381689
2024-06-13T15:15:00-04:00,1213.41901521,1443.34000000,156.74998375,1056.66903146,0.85543146,1055.81360000,0.00000000,0.1291804247,0.1250000000,2,0,42.96381689
2024-06-13T15:30:00-04:00,1211.75594558,1443.34000000,156.51051411,1055.24543146,0.85543146,1054.39000000,0.00000000,0.1291600959,0.1250000000,2,0,42.96381689
2024-06-13T15:45:00-04:00,1227.57781521,1443.34000000,156.74998375,1070.82783146,0.85543146,1069.97240000,0.00000000,0.1276904664,0.1250000000,2,0,42.96381689
2024-06-14T09:30:00-04:00,1210.70815556,1443.34000000,156.61280186,1054.09535371,1.65735371,1052.43800000,0.00000000,0.1293563615,0.1250000000,2,2,42.96381689
2024-06-14T09:45:00-04:00,1200.70201705,1443.34000000,157.02366334,1043.67835371,1.65735371,1042.02100000,0.00000000,0.1307765466,0.1250000000,2,0,42.96381689
2024-06-14T10:00:00-04:00,1208.71002699,1443.34000000,156.73287878,1051.97714821,311.57304821,740.40410000,0.00000000,0.1296695446,0.1250000000,1,1,28.67217503
2024-06-14T10:15:00-04:00,1198.08344565,1443.34000000,156.68703744,1041.39640821,3.82240821,1037.57400000,0.00000000,0.1307814059,0.1250000000,2,0,42.49237192
2024-06-14T10:30:00-04:00,1185.66547206,1443.34000000,156.68156385,1028.98390821,3.82240821,1025.16150000,0.00000000,0.1321465182,0.1250000000,2,0,42.49237192
2024-06-14T10:45:00-04:00,1190.22923175,1443.34000000,156.88682354,1033.34240821,3.82240821,1029.52000000,0.00000000,0.1318122756,0.1250000000,2,0,42.49237192
2024-06-14T11:00:00-04:00,1189.15423175,1443.34000000,156.88682354,1032.26740821,3.82240821,1028.44500000,0.00000000,0.1319314344,0.1250000000,2,0,42.49237192
2024-06-14T11:15:00-04:00,1180.19888965,1443.34000000,156.88648144,1023.31240821,3.82240821,1019.49000000,0.00000000,0.1329322395,0.1250000000,2,0,42.49237192
2024-06-14T11:30:00-04:00,1172.97279196,1443.34000000,156.74998375,1016.22280821,3.82240821,1012.40040000,0.00000000,0.1336347994,0.1250000000,2,0,42.49237192
2024-06-14T11:45:00-04:00,1171.48890995,1443.34000000,156.33980647,1015.14910348,297.53240348,717.61670000,0.00000000,0.1334539364,0.1250000000,1,0,28.67217503
2024-06-14T12:00:00-04:00,1164.54550995,1443.34000000,156.33980647,1008.20570348,297.53240348,710.67330000,0.00000000,0.1342496323,0.1250000000,1,0,28.67217503
2024-06-14T12:15:00-04:00,1144.63609811,1443.34000000,156.94976985,987.68632826,987.68632826,0.00000000,0.00000000,0.1371176133,0.1250000000,0,0,0.00000000
2024-06-14T12:30:00-04:00,1144.64294010,1443.34000000,156.95661184,987.68632826,987.68632826,0.00000000,0.00000000,0.1371227711,0.1250000000,0,0,0.00000000
2024-06-14T12:45:00-04:00,1144.72709657,1443.34000000,157.04076831,987.68632826,987.68632826,0.00000000,0.00000000,0.1371862069,0.1250000000,0,0,0.00000000
2024-06-14T13:00:00-04:00,1144.74420154,1443.34000000,157.05787329,987.68632826,987.68632826,0.00000000,0.00000000,0.1371990992,0.1250000000,0,1,0.00000000
2024-06-14T13:15:00-04:00,1144.41196153,1443.34000000,157.33121077,987.08075076,326.42075076,660.66000000,0.00000000,0.1374777755,0.1250000000,1,0,17.10485116
2024-06-14T13:30:00-04:00,1145.68945886,1443.34000000,157.17760811,988.51185076,326.42075076,662.09110000,0.00000000,0.1371904113,0.1250000000,1,0,17.10485116
2024-06-14T13:45:00-04:00,1147.12204394,1443.34000000,157.12629318,989.99575076,326.42075076,663.57500000,0.00000000,0.1369743472,0.1250000000,1,0,17.10485116
2024-06-14T14:00:00-04:00,1145.67125389,1443.34000000,157.16050313,988.51075076,326.42075076,662.09000000,0.00000000,0.1371776612,0.1250000000,1,0,17.10485116
2024-06-14T14:15:00-04:00,1145.73754317,1443.34000000,157.17179241,988.56575076,326.42075076,662.14500000,0.00000000,0.1371795778,0.1250000000,1,0,17.10485116
2024-06-14T14:30:00-04:00,1145.74583399,1443.34000000,157.09208323,988.65375076,326.42075076,662.23300000,0.00000000,0.1371090154,0.1250000000,1,0,17.10485116
2024-06-14T14:45:00-04:00,1148.81230363,1443.34000000,157.33155287,991.48075076,326.42075076,665.06000000,0.00000000,0.1369514867,0.1250000000,1,1,17.10485116
2024-06-14T15:00:00-04:00,1144.51139631,1443.34000000,157.21181805,987.29957826,17.95957826,969.34000000,0.00000000,0.1373615139,0.1250000000,2,2,20.76951774
2024-06-14T15:15:00-04:00,1145.17671634,1443.34000000,157.19471308,987.98200326,7.85200326,980.13000000,0.00000000,0.1372667736,0.1250000000,3,0,21.10797029
2024-06-14T15:30:00-04:00,1142.24568894,1443.34000000,157.25868568,984.98700326,7.85200326,977.13500000,0.00000000,0.1376750092,0.1250000000,3,0,21.10797029
2024-06-14T15:45:00-04:00,1142.30934618,1443.34000000,157.29734292,985.01200326,7.85200326,977.16000000,0.00000000,0.1377011783,0.1250000000,3,0,21.10797029
2024-06-17T09:30:00-04:00,1148.15866740,1443.34000000,157.28776414,990.87090326,7.85200326,983.01890000,0.00000000,0.1369913137,0.1250000000,3,3,21.10797029
2024-06-17T09:45:00-04:00,1145.35749588,1443.34000000,157.27134336,988.08615252,10.83255252,977.25360000,0.00000000,0.1373120130,0.1250000000,3,1,21.02118269
2024-06-17T10:00:00-04:00,1146.12940277,1443.34000000,157.47899775,988.65040502,0.49480502,988.15560000,0.00000000,0.1374007135,0.1250000000,4,2,21.42302192
2024-06-17T10:15:00-04:00,1137.09321810,1443.34000000,157.19471308,979.89850502,0.49480502,979.40370000,0.00000000,0.1382425914,0.1250000000,4,2,21.42302192
2024-06-17T10:30:00-04:00,1140.36059930,1443.34000000,157.28023795,983.08036135,10.42326135,972.65710000,0.00000000,0.1379214943,0.1250000000,3,0,20.76951774
2024-06-17T10:45:00-04:00,1142.12853522,1443.34000000,157.33497387,984.79356135,10.42326135,974.37030000,0.00000000,0.1377559259,0.1250000000,3,0,20.76951774
2024-06-17T11:00:00-04:00,1148.35470204,1443.34000000,157.46839267,990.88630937,18.71620937,972.17010000,0.00000000,0.1371252213,0.1250000000,2,0,20.76951774
2024-06-17T11:15:00-04:00,1151.09828163,1443.34000000,157.74207225,993.35620937,18.71620937,974.64000000,0.00000000,0.1370361461,0.1250000000,2,0,20.76951774
2024-06-17T11:30:00-04:00,1150.72330152,1443.34000000,157.81049215,992.91280937,18.71620937,974.19660000,0.00000000,0.1371402595,0.1250000000,2,1,20.76951774
2024-06-17T11:45:00-04:00,1149.28817378,1443.34000000,157.70820441,991.57996937,0.38246937,991.19750000,0.00000000,0.1372225069,0.1250000000,3,0,21.66840503
2024-06-17T12:00:00-04:00,1154.81717147,1443.34000000,157.84470210,996.97246937,0.38246937,996.59000000,0.00000000,0.1366837158,0.1250000000,3,0,18.00373845
2024-06-17T12:15:00-04:00,1166.42030389,1443.34000000,158.08417174,1008.33613215,315.93613215,692.40000000,0.00000000,0.1355293381,0.1250000000,2,1,18.00373845
2024-06-17T12:30:00-04:00,1164.83142404,1443.34000000,157.98154189,1006.84988215,0.69988215,1006.15000000,0.00000000,0.1356260989,0.1250000000,3,0,30.71465263
2024-06-17T12:45:00-04:00,1163.94905389,1443.34000000,158.08417174,1005.86488215,0.69988215,1005.16500000,0.00000000,0.1358170886,0.1250000000,3,0,30.71465263
2024-06-17T13:00:00-04:00,1174.82915974,1443.34000000,158.04927759,1016.77988215,0.69988215,1016.08000000,0.00000000,0.1345295835,0.1250000000,3,0,30.71465263
2024-06-17T13:15:00-04:00,1179.59898373,1443.34000000,158.18680158,1021.41218215,0.69988215,1020.71230000,0.00000000,0.1341021854,0.1250000000,3,0,30.71465263
2024-06-17T13:30:00-04:00,1188.56293347,1443.34000000,158.35785133,1030.20508215,0.69988215,1029.50520000,0.00000000,0.1332347214,0.1250000000,3,0,0.89888730
2024-06-17T13:45:00-04:00,1195.19299316,1443.34000000,158.56311102,1036.62988215,0.69988215,1035.93000000,0.00000000,0.1326673700,0.1250000000,3,0,0.89888730
2024-06-17T14:00:00-04:00,1195.44727773,1443.34000000,158.85389558,1036.59338215,0.69988215,1035.89350000,0.00000000,0.1328823935,0.1250000000,3,0,0.89888730
2024-06-17T14:15:00-04:00,1194.17851255,1443.34000000,158.97363040,1035.20488215,0.69988215,1034.50500000,0.00000000,0.1331238410,0.1250000000,3,0,0.89888730
2024-06-17T14:30:00-04:00,1190.66878322,1443.34000000,158.52890107,1032.13988215,0.69988215,1031.44000000,0.00000000,0.1331427373,0.1250000000,3,0,0.89888730
2024-06-17T14:45:00-04:00,1196.27830311,1443.34000000,158.59732097,1037.68098215,0.69988215,1036.98110000,0.00000000,0.1325756060,0.1250000000,3,0,0.89888730
2024-06-17T15:00:00-04:00,1192.03820311,1443.34000000,158.59732097,1033.44088215,0.69988215,1032.74100000,0.00000000,0.1330471797,0.1250000000,3,0,0.89888730
2024-06-17T15:15:00-04:00,1195.82562301,1443.34000000,158.66574086,1037.15988215,0.69988215,1036.46000000,0.00000000,0.1326830081,0.1250000000,3,1,0.89888730
2024-06-17T15:30:00-04:00,1195.79220311,1443.34000000,158.59732097,1037.19488215,0.69988215,1036.49500000,0.00000000,0.1326294991,0.1250000000,3,1,0.89888730
2024-06-17T15:45:00-04:00,1195.47404291,1443.34000000,158.73416076,1036.73988215,0.69988215,1036.04000000,0.00000000,0.1327792617,0.1250000000,3,1,0.89888730
2024-06-18T09:30:00-04:00,1198.20832082,1443.34000000,158.46048117,1039.74783965,303.25283965,736.49500000,0.00000000,0.1322478558,0.1250000000,2,0,0.89888730
2024-06-18T09:45:00-04:00,1196.73338103,1443.34000000,158.32364138,1038.40973965,303.25283965,735.15690000,0.00000000,0.1322965030,0.1250000000,2,0,0.89888730
2024-06-18T10:00:00-04:00,1194.80026347,1443.34000000,158.22101153,1036.57925194,1018.65925194,17.92000000,0.00000000,0.1324246540,0.1250000000,1,0,0.89888730
2024-06-18T10:15:00-04:00,1195.08552316,1443.34000000,158.42627122,1036.65925194,1018.65925194,18.00000000,0.00000000,0.1325647982,0.1250000000,1,0,0.89888730
2024-06-18T10:30:00-04:00,1194.94868337,1443.34000000,158.28943143,1036.65925194,1018.65925194,18.00000000,0.00000000,0.1324654637,0.1250000000,1,0,0.89888730
2024-06-18T10:45:00-04:00,1194.99447342,1443.34000000,158.25522148,1036.73925194,1018.65925194,18.08000000,0.00000000,0.1324317601,0.1250000000,1,0,0.89888730
2024-06-18T11:00:00-04:00,1194.81184358,1443.34000000,158.15259164,1036.65925194,1018.65925194,18.00000000,0.00000000,0.1323661064,0.1250000000,1,0,0.89888730
2024-06-18T11:15:00-04:00,1194.86414855,1443.34000000,158.16969661,1036.69445194,1018.65925194,18.03520000,0.00000000,0.1323746275,0.1250000000,1,0,0.89888730
2024-06-18T11:30:00-04:00,1194.82586965,1443.34000000,158.16661771,1036.65925194,1018.65925194,18.00000000,0.00000000,0.1323762916,0.1250000000,1,1,0.89888730
2024-06-18T11:45:00-04:00,1185.04301827,1443.34000000,158.35785133,1026.68516694,301.74196694,724.94320000,0.00000000,0.1336304665,0.1250000000,2,0,33.58629043
2024-06-18T12:00:00-04:00,1187.58800832,1443.34000000,158.32364138,1029.26436694,301.74196694,727.52240000,0.00000000,0.1333152914,0.1250000000,2,0,33.58629043
2024-06-18T12:15:00-04:00,1193.67709340,1443.34000000,158.27232646,1035.40476694,301.74196694,733.66280000,0.00000000,0.1325922457,0.1250000000,2,0,33.58629043
2024-06-18T12:30:00-04:00,1171.58931329,1443.34000000,158.34074635,1013.24856694,301.74196694,711.50660000,0.00000000,0.1351503847,0.1250000000,2,0,33.58629043
2024-06-18T12:45:00-04:00,1183.55124811,1443.34000000,158.46048117,1025.09076694,301.74196694,723.34880000,0.00000000,0.1338856103,0.1250000000,2,0,33.58629043
2024-06-18T13:00:00-04:00,1188.58504811,1443.34000000,158.46048117,1030.12456694,301.74196694,728.38260000,0.00000000,0.1333185887,0.1250000000,2,0,33.58629043
2024-06-18T13:15:00-04:00,1174.47526801,1443.34000000,158.52890107,1015.94636694,301.74196694,714.20440000,0.00000000,0.1349784924,0.1250000000,2,0,33.58629043
2024-06-18T13:30:00-04:00,1179.05667906,1443.34000000,158.49811212,1020.55856694,301.74196694,718.81660000,0.00000000,0.1344278990,0.1250000000,2,0,33.58629043
2024-06-18T13:45:00-04:00,1172.28226801,1443.34000000,158.52890107,1013.75336694,301.74196694,712.01140000,0.00000000,0.1352309980,0.1250000000,2,0,33.58629043
2024-06-18T14:00:00-04:00,1179.52111882,1443.34000000,158.32535188,1021.19576694,301.74196694,719.45380000,0.00000000,0.1342285012,0.1250000000,2,0,33.58629043
2024-06-18T14:15:00-04:00,1186.27881827,1443.34000000,158.35785133,1027.92096694,301.74196694,726.17900000,0.00000000,0.1334912576,0.1250000000,2,0,33.58629043
2024-06-18T14:30:00-04:00,1179.74560832,1443.34000000,158.32364138,1021.42196694,301.74196694,719.68000000,0.00000000,0.1342015094,0.1250000000,2,0,33.58629043
2024-06-18T14:45:00-04:00,1179.66560832,1443.34000000,158.32364138,1021.34196694,301.74196694,719.60000000,0.00000000,0.1342106104,0.1250000000,2,0,33.58629043
2024-06-18T15:00:00-04:00,1181.95901827,1443.34000000,158.35785133,1023.60116694,301.74196694,721.85920000,0.00000000,0.1339791388,0.1250000000,2,0,33.58629043
2024-06-18T15:15:00-04:00,1183.04034314,1443.34000000,158.44337620,1024.59696694,301.74196694,722.85500000,0.00000000,0.1339289713,0.1250000000,2,0,33.58629043
2024-06-18T15:30:00-04:00,1186.88402822,1443.34000000,158.39206127,1028.49196694,301.74196694,726.75000000,0.00000000,0.1334520117,0.1250000000,2,0,33.58629043
2024-06-18T15:45:00-04:00,1173.70064811,1443.34000000,158.46048117,1015.24016694,301.74196694,713.49820000,0.00000000,0.1350092815,0.1250000000,2,0,33.58629043
2024-06-20T09:30:00-04:00,1160.60086015,1443.34000000,145.98988984,1014.61097031,1014.61097031,0.00000000,0.00000000,0.1257881972,0.1250000000,0,1,0.00000000
2024-06-20T09:45:00-04:00,1157.78498881,1443.34000000,145.89498851,1011.89000031,326.13500031,685.75500000,0.00000000,0.1260121611,0.1250000000,1,2,12.04287520
2024-06-20T10:00:00-04:00,1153.19811597,1443.34000000,145.51538316,1007.68273281,4.60403281,1003.07870000,0.00000000,0.1261842013,0.1250000000,3,0,15.87201268
2024-06-20T10:15:00-04:00,1157.55278085,1443.34000000,145.38884804,1012.16393281,4.60403281,1007.55990000,0.00000000,0.1256001890,0.1250000000,3,0,15.87201268
2024-06-20T10:30:00-04:00,1153.90464707,1443.34000000,145.35721427,1008.54743281,4.60403281,1003.94340000,0.00000000,0.1259698664,0.1250000000,3,0,15.87201268
2024-06-20T10:45:00-04:00,1156.03988486,1443.34000000,145.67355205,1010.36633281,4.60403281,1005.76230000,0.00000000,0.1260108358,0.1250000000,3,0,15.87201268
2024-06-20T11:00:00-04:00,1158.71840175,1443.34000000,145.68936894,1013.02903281,4.60403281,1008.42500000,0.00000000,0.1257331969,0.1250000000,3,0,15.87201268
2024-06-20T11:15:00-04:00,1154.45236719,1443.34000000,145.57833438,1008.87403281,4.60403281,1004.27000000,0.00000000,0.1261016379,0.1250000000,3,0,15.87201268
2024-06-20T11:30:00-04:00,1157.47167311,1443.34000000,145.57264030,1011.89903281,4.60403281,1007.29500000,0.00000000,0.1257677779,0.1250000000,3,0,15.87201268
2024-06-20T11:45:00-04:00,1154.45651463,1443.34000000,145.42048182,1009.03603281,4.60403281,1004.43200000,0.00000000,0.1259644517,0.1250000000,3,0,15.87201268
2024-06-20T12:00:00-04:00,1157.47196530,1443.34000000,145.46793249,1012.00403281,4.60403281,1007.40000000,0.00000000,0.1256772836,0.1250000000,3,0,15.87201268
2024-06-20T12:15:00-04:00,1154.11674039,1443.34000000,144.88270758,1009.23403281,4.60403281,1004.63000000,0.00000000,0.1255355741,0.1250000000,3,1,15.87201268
2024-06-20T12:30:00-04:00,1149.70258370,1443.34000000,144.40820090,1005.29438281,0.40088281,1004.89350000,0.00000000,0.1256048329,0.1250000000,4,0,16.05365880
2024-06-20T12:45:00-04:00,1148.78865394,1443.34000000,144.66127113,1004.12738281,0.40088281,1003.72650000,0.00000000,0.1259250521,0.1250000000,4,0,16.05365880
2024-06-20T13:00:00-04:00,1147.48592149,1443.34000000,144.72453869,1002.76138281,0.40088281,1002.36050000,0.00000000,0.1261231497,0.1250000000,4,0,16.05365880
2024-06-20T13:15:00-04:00,1148.07240777,1443.34000000,144.62552496,1003.44688281,0.40088281,1003.04600000,0.00000000,0.1259724770,0.1250000000,4,0,15.87201268
2024-06-20T13:30:00-04:00,1148.24857702,1443.34000000,143.93369421,1004.31488281,0.40088281,1003.91400000,0.00000000,0.1253506402,0.1250000000,4,0,15.87201268
2024-06-20T13:45:00-04:00,1148.52206115,1443.34000000,144.06117834,1004.46088281,0.40088281,1004.06000000,0.00000000,0.1254317903,0.1250000000,4,1,15.87201268
2024-06-20T14:00:00-04:00,1149.88674273,1443.34000000,144.57585993,1005.31088281,0.40088281,1004.91000000,0.00000000,0.1257305216,0.1250000000,4,0,15.87201268
2024-06-20T14:15:00-04:00,1153.71025260,1443.34000000,144.56636979,1009.14388281,0.40088281,1008.74300000,0.00000000,0.1253056124,0.1250000000,4,0,15.87201268
2024-06-20T14:30:00-04:00,1152.63030193,1443.34000000,144.51891912,1008.11138281,0.40088281,1007.71050000,0.00000000,0.1253818496,0.1250000000,4,0,15.87201268
2024-06-20T14:45:00-04:00,1149.51468237,1443.34000000,144.31329956,1005.20138281,0.40088281,1004.80050000,0.00000000,0.1255428067,0.1250000000,4,0,15.87201268
2024-06-20T15:00:00-04:00,1148.77062624,1443.34000000,144.50310223,1004.26752400,311.21252400,693.05500000,0.00000000,0.1257893429,0.1250000000,2,0,12.56833282
2024-06-20T15:15:00-04:00,1145.89460478,1443.34000000,144.18708078,1001.70752400,311.21252400,690.49500000,0.00000000,0.1258292693,0.1250000000,2,0,12.56833282
2024-06-20T15:30:00-04:00,1145.91337461,1443.34000000,144.60085061,1001.31252400,311.21252400,690.10000000,0.00000000,0.1261882912,0.1250000000,2,0,12.56833282
2024-06-20T15:45:00-04:00,1143.04612875,1443.34000000,144.69290491,998.35322385,998.35322385,0.00000000,0.00000000,0.1265853593,0.1250000000,0,0,0.00000000
2024-06-21T09:30:00-04:00,1143.79502181,1443.34000000,144.42401779,999.37100402,999.37100402,0.00000000,0.00000000,0.1262673950,0.1250000000,0,6,0.00000000
2024-06-21T09:45:00-04:00,1127.13172955,1443.34000000,144.18676444,982.94496510,542.21356510,440.73140000,0.00000000,0.1279236141,0.1250000000,2,0,12.15187485
2024-06-21T10:00:00-04:00,1128.99259978,1443.34000000,144.43983468,984.55276510,542.21356510,442.33920000,0.00000000,0.1279369189,0.1250000000,2,0,12.15187485
2024-06-21T10:15:00-04:00,1129.20539710,1443.34000000,144.25003200,984.95536510,542.21356510,442.74180000,0.00000000,0.1277447242,0.1250000000,2,1,12.15187485
2024-06-21T10:30:00-04:00,1116.19795726,1443.34000000,144.51164335,971.68631390,0.40591390,971.28040000,0.00000000,0.1294677547,0.1250000000,3,0,37.04805567
2024-06-21T10:45:00-04:00,1123.99495125,1443.34000000,144.62963735,979.36531390,0.40591390,978.95940000,0.00000000,0.1286746326,0.1250000000,3,0,37.04805567
2024-06-21T11:00:00-04:00,1112.93286492,1443.34000000,144.44015101,968.49271390,0.40591390,968.08680000,0.00000000,0.1297833459,0.1250000000,3,0,37.04805567
2024-06-21T11:15:00-04:00,1117.35518236,1443.34000000,144.47146845,972.88371390,0.40591390,972.47780000,0.00000000,0.1292977119,0.1250000000,3,0,37.04805567
2024-06-21T11:30:00-04:00,1115.90771747,1443.34000000,144.59800357,971.30971390,0.40591390,970.90380000,0.00000000,0.1295788185,0.1250000000,3,0,37.04805567
2024-06-21T11:45:00-04:00,1121.40195395,1443.34000000,144.41864004,976.98331390,0.40591390,976.57740000,0.00000000,0.1287840096,0.1250000000,3,0,37.04805567
2024-06-21T12:00:00-04:00,1117.74514991,1443.34000000,144.53473601,973.21041390,0.40591390,972.80450000,0.00000000,0.1293092044,0.1250000000,3,0,37.04805567
2024-06-21T12:15:00-04:00,1116.86482055,1443.34000000,144.62710665,972.23771390,0.40591390,971.83180000,0.00000000,0.1294938331,0.1250000000,3,0,37.04805567
2024-06-21T12:30:00-04:00,1118.95676814,1443.34000000,144.64545424,974.31131390,0.40591390,973.90540000,0.00000000,0.1292681347,0.1250000000,3,0,37.04805567
2024-06-21T12:45:00-04:00,1108.01028925,1443.34000000,144.69258857,963.31770068,516.92970068,446.38800000,0.00000000,0.1305877662,0.1250000000,2,1,12.15187485
2024-06-21T13:00:00-04:00,1107.25429047,1443.34000000,144.56636979,962.68792068,17.51542068,945.17250000,0.00000000,0.1305629349,0.1250000000,3,0,17.53107466
2024-06-21T13:15:00-04:00,1103.85269181,1443.34000000,144.66127113,959.19142068,17.51542068,941.67600000,0.00000000,0.1310512464,0.1250000000,3,0,17.53107466
2024-06-21T13:30:00-04:00,1101.40528914,1443.34000000,144.47146845,956.93382068,17.51542068,939.41840000,0.00000000,0.1311701241,0.1250000000,3,0,17.53107466
2024-06-21T13:45:00-04:00,1100.40872024,1443.34000000,144.31329956,956.09542068,17.51542068,938.58000000,0.00000000,0.1311451799,0.1250000000,3,1,17.53107466
2024-06-21T14:00:00-04:00,1103.12471703,1443.34000000,144.47937690,958.64534013,0.59534013,958.05000000,0.00000000,0.1309728399,0.1250000000,4,0,18.17482282
2024-06-21T14:15:00-04:00,1103.50801126,1443.34000000,144.66127113,958.84674013,0.59534013,958.25140000,0.00000000,0.1310921803,0.1250000000,4,0,18.17482282
2024-06-21T14:30:00-04:00,1102.89621126,1443.34000000,144.66127113,958.23494013,0.59534013,957.63960000,0.00000000,0.1311648999,0.1250000000,4,0,18.17482282
2024-06-21T14:45:00-04:00,1101.13961126,1443.34000000,144.66127113,956.47834013,0.59534013,955.88300000,0.00000000,0.1313741415,0.1250000000,4,0,18.17482282
2024-06-21T15:00:00-04:00,1103.54024237,1443.34000000,144.50310223,959.03714013,0.59534013,958.44180000,0.00000000,0.1309450228,0.1250000000,4,0,18.17482282
2024-06-21T15:15:00-04:00,1104.10632870,1443.34000000,144.69258857,959.41374013,0.59534013,958.81840000,0.00000000,0.1310495057,0.1250000000,4,1,18.17482282
2024-06-21T15:30:00-04:00,1107.12205384,1443.34000000,144.69258857,962.42946528,16.85946528,945.57000000,0.00000000,0.1306925357,0.1250000000,3,0,17.53107466
2024-06-21T15:45:00-04:00,1107.66093373,1443.34000000,144.47146845,963.18946528,16.85946528,946.33000000,0.00000000,0.1304293255,0.1250000000,3,3,17.53107466
2024-06-24T09:30:00-04:00,1129.52680932,1443.34000000,143.74357520,985.78323412,476.87983412,508.90340000,0.00000000,0.1272599942,0.1250000000,3,1,5.59286313
2024-06-24T09:45:00-04:00,1133.21932105,1443.34000000,144.02859555,989.19072550,496.63922550,492.55150000,0.00000000,0.1270968407,0.1250000000,3,1,25.86905055
2024-06-24T10:00:00-04:00,1142.74744064,1443.34000000,144.20258133,998.54485930,19.25985930,979.28500000,0.00000000,0.1261893715,0.1250000000,4,0,34.39777733
2024-06-24T10:15:00-04:00,1127.21074950,1443.34000000,143.64899020,983.56175930,19.25985930,964.30190000,0.00000000,0.1274375624,0.1250000000,4,0,34.39777733
2024-06-24T10:30:00-04:00,1125.54465101,1443.34000000,143.51929171,982.02535930,19.25985930,962.76550000,0.00000000,0.1275109713,0.1250000000,4,0,34.39777733
2024-06-24T10:45:00-04:00,1117.91092642,1443.34000000,144.37656712,973.53435930,19.25985930,954.27450000,0.00000000,0.1291485428,0.1250000000,4,0,34.39777733
2024-06-24T11:00:00-04:00,1120.61973391,1443.34000000,144.52967461,976.09005930,19.25985930,956.83020000,0.00000000,0.1289729872,0.1250000000,4,0,34.39777733
2024-06-24T11:15:00-04:00,1118.75989130,1443.34000000,144.25003200,974.50985930,19.25985930,955.25000000,0.00000000,0.1289374361,0.1250000000,4,0,34.39777733
2024-06-24T11:30:00-04:00,1104.41652508,1443.34000000,144.28166578,960.13485930,19.25985930,940.87500000,0.00000000,0.1306406256,0.1250000000,4,1,34.39777733
2024-06-24T11:45:00-04:00,1112.62241087,1443.34000000,144.45565157,968.16675930,19.25985930,948.90690000,0.00000000,0.1298334908,0.1250000000,4,1,34.39777733
2024-06-24T12:00:00-04:00,1102.59060953,1443.34000000,144.36075023,958.22985930,19.25985930,938.97000000,0.00000000,0.1309286955,0.1250000000,4,0,34.39777733
2024-06-24T12:15:00-04:00,1106.16034331,1443.34000000,144.39238401,961.76795930,19.25985930,942.50810000,0.00000000,0.1305347682,0.1250000000,4,0,34.39777733
2024-06-24T12:30:00-04:00,1106.75585886,1443.34000000,144.31329956,962.44255930,19.25985930,943.18270000,0.00000000,0.1303930749,0.1250000000,4,1,34.39777733
2024-06-24T12:45:00-04:00,1103.22099337,1443.34000000,144.09186311,959.12913026,11.23683026,947.89230000,0.00000000,0.1306101533,0.1250000000,4,0,35.40139715
2024-06-24T13:00:00-04:00,1101.92195702,1443.34000000,143.77552532,958.14643170,479.73583170,478.41060000,0.00000000,0.1304770491,0.1250000000,3,0,26.87267036
2024-06-24T13:15:00-04:00,1101.77995702,1443.34000000,143.77552532,958.00443170,479.73583170,478.26860000,0.00000000,0.1304938653,0.1250000000,3,0,26.87267036
2024-06-24T13:30:00-04:00,1099.61212986,1443.34000000,143.92989816,955.68223170,479.73583170,475.94640000,0.00000000,0.1308915155,0.1250000000,3,0,26.87267036
2024-06-24T13:45:00-04:00,1107.27278946,1443.34000000,143.71225776,963.56053170,479.73583170,483.82470000,0.00000000,0.1297893881,0.1250000000,3,0,26.87267036
2024-06-24T14:00:00-04:00,1114.72415434,1443.34000000,143.58572264,971.13843170,479.73583170,491.40260000,0.00000000,0.1288082994,0.1250000000,3,0,26.87267036
2024-06-24T14:15:00-04:00,1115.84513077,1443.34000000,143.09539907,972.74973170,479.73583170,493.01390000,0.00000000,0.1282394798,0.1250000000,3,1,26.87267036
2024-06-24T14:30:00-04:00,1112.63515649,1443.34000000,143.20611730,969.42903920,2.58823920,966.84080000,0.00000000,0.1287089631,0.1250000000,4,0,34.45898172
2024-06-24T14:45:00-04:00,1112.63562539,1443.34000000,143.36428619,969.27133920,2.58823920,966.68310000,0.00000000,0.1288510658,0.1250000000,4,0,34.45898172
2024-06-24T15:00:00-04:00,1116.10859295,1443.34000000,143.42755375,972.68103920,2.58823920,970.09280000,0.00000000,0.1285068090,0.1250000000,4,0,34.45898172
2024-06-24T15:15:00-04:00,1112.23668024,1443.34000000,143.47184104,968.76483920,2.58823920,966.17660000,0.00000000,0.1289939845,0.1250000000,4,0,34.45898172
2024-06-24T15:30:00-04:00,1110.01649161,1443.34000000,143.33265241,966.68383920,2.58823920,964.09560000,0.00000000,0.1291265972,0.1250000000,4,0,34.45898172
2024-06-24T15:45:00-04:00,1103.96784714,1443.34000000,142.54180794,961.42603920,2.58823920,958.83780000,0.00000000,0.1291177169,0.1250000000,4,0,34.45898172
2024-06-25T09:30:00-04:00,1094.72840739,1443.34000000,143.45918753,951.26921986,473.91011986,477.35910000,0.00000000,0.1310454598,0.1250000000,2,2,26.82432327
2024-06-25T09:45:00-04:00,1087.81101393,1443.34000000,143.50980157,944.30121236,1.14581236,943.15540000,0.00000000,0.1319253066,0.1250000000,3,0,45.57191369
2024-06-25T10:00:00-04:00,1098.95142781,1443.34000000,143.78501545,955.16641236,1.14581236,954.02060000,0.00000000,0.1308383718,0.1250000000,3,3,45.57191369
2024-06-25T10:15:00-04:00,1121.29096878,1443.34000000,143.61735642,977.67361236,1.14581236,976.52780000,0.00000000,0.1280821485,0.1250000000,3,1,45.57191369
2024-06-25T10:30:00-04:00,1107.77118567,1443.34000000,143.63317331,964.13801236,1.14581236,962.99220000,0.00000000,0.1296596041,0.1250000000,3,1,45.57191369
2024-06-25T10:45:00-04:00,1118.20376878,1443.34000000,143.61735642,974.58641236,1.14581236,973.44060000,0.00000000,0.1284357650,0.1250000000,3,1,45.57191369
2024-06-25T11:00:00-04:00,1112.29623634,1443.34000000,143.68062398,968.61561236,1.14581236,967.46980000,0.00000000,0.1291747821,0.1250000000,3,1,45.57191369
2024-06-25T11:15:00-04:00,1108.66824779,1443.34000000,143.90206043,964.76618736,0.04498736,964.72120000,0.00000000,0.1297972236,0.1250000000,4,0,45.65089464
2024-06-25T11:30:00-04:00,1106.24184890,1443.34000000,143.93306154,962.30878736,0.04498736,962.26380000,0.00000000,0.1301099409,0.1250000000,4,0,45.65089464
2024-06-25T11:45:00-04:00,1108.22786657,1443.34000000,144.02827921,964.19958736,0.04498736,964.15460000,0.00000000,0.1299626941,0.1250000000,4,2,45.65089464
2024-06-25T12:00:00-04:00,1102.59336854,1443.34000000,144.02638119,958.56698736,0.04498736,958.52200000,0.00000000,0.1306251110,0.1250000000,4,0,45.57191369
2024-06-25T12:15:00-04:00,1102.45564779,1443.34000000,143.90206043,958.55358736,0.04498736,958.50860000,0.00000000,0.1305286618,0.1250000000,4,0,45.57191369
2024-06-25T12:30:00-04:00,1092.53942017,1443.34000000,143.92863281,948.61078736,0.04498736,948.56580000,0.00000000,0.1317377022,0.1250000000,4,0,45.57191369
2024-06-25T12:45:00-04:00,1095.53008157,1443.34000000,143.93369421,951.59638736,0.04498736,951.55140000,0.00000000,0.1313826947,0.1250000000,4,0,45.57191369
2024-06-25T13:00:00-04:00,1096.53282823,1443.34000000,143.69644087,952.83638736,0.04498736,952.79140000,0.00000000,0.1310461823,0.1250000000,4,0,45.57191369
2024-06-25T13:15:00-04:00,1114.16861268,1443.34000000,143.77552532,970.39308736,0.04498736,970.34810000,0.00000000,0.1290428789,0.1250000000,4,1,45.57191369
2024-06-25T13:30:00-04:00,1108.94368023,1443.34000000,143.83879288,965.10488736,0.04498736,965.05990000,0.00000000,0.1297079333,0.1250000000,4,1,45.57191369
2024-06-25T13:45:00-04:00,1108.58711401,1443.34000000,143.87042665,964.71668736,0.04498736,964.67170000,0.00000000,0.1297781878,0.1250000000,4,0,45.57191369
2024-06-25T14:00:00-04:00,1110.34886657,1443.34000000,144.02827921,966.32058736,0.04498736,966.27560000,0.00000000,0.1297144380,0.1250000000,4,0,45.57191369
2024-06-25T14:15:00-04:00,1107.93668157,1443.34000000,143.93369421,964.00298736,0.04498736,963.95800000,0.00000000,0.1299114801,0.1250000000,4,0,45.57191369
2024-06-25T14:30:00-04:00,1104.34378157,1443.34000000,143.93369421,960.41008736,0.04498736,960.36510000,0.00000000,0.1303341374,0.1250000000,4,0,45.57191369
2024-06-25T14:45:00-04:00,1100.32165816,1443.34000000,143.96532799,956.35633016,1.30283016,955.05350000,0.00000000,0.1308393113,0.1250000000,3,0,45.57191369
2024-06-25T15:00:00-04:00,1093.69770938,1443.34000000,144.02827921,949.66943016,1.30283016,948.36660000,0.00000000,0.1316892940,0.1250000000,3,0,45.57191369
2024-06-25T15:15:00-04:00,1092.30814344,1443.34000000,143.95931757,948.34882587,449.05122587,499.29760000,0.00000000,0.1317936870,0.1250000000,2,1,19.75121024
2024-06-25T15:30:00-04:00,1084.93867761,1443.34000000,144.05991299,940.87876462,4.90336462,935.97540000,0.00000000,0.1327816180,0.1250000000,3,0,30.19347509
2024-06-25T15:45:00-04:00,1088.46802505,1443.34000000,143.90206043,944.56596462,4.90336462,939.66260000,0.00000000,0.1322060521,0.1250000000,3,3,30.19347509
2024-06-26T09:30:00-04:00,1247.15291028,1443.34000000,144.15513067,1102.99777962,6.83917962,1096.15860000,0.00000000,0.1155873746,0.1250000000,4,1,24.48258082
2024-06-26T09:45:00-04:00,1253.58639130,1443.34000000,144.21839822,1109.36799307,21.66599307,1087.70200000,0.00000000,0.1150446425,0.1250000000,4,0,24.71133278
2024-06-26T10:00:00-04:00,1251.28289531,1443.34000000,144.50310223,1106.77979307,21.66599307,1085.11380000,0.00000000,0.1154839587,0.1250000000,4,0,24.48258082
2024-06-26T10:15:00-04:00,1251.03184892,1443.34000000,144.14089546,1106.89095345,632.63475345,474.25620000,0.00000000,0.1152176066,0.1250000000,1,0,18.74759043
2024-06-26T10:30:00-04:00,1251.00988412,1443.34000000,144.15513067,1106.85475345,632.63475345,474.22000000,0.00000000,0.1152310086,0.1250000000,1,0,18.74759043
2024-06-26T10:45:00-04:00,1251.07315167,1443.34000000,144.21839822,1106.85475345,632.63475345,474.22000000,0.00000000,0.1152757519,0.1250000000,1,0,18.74759043
2024-06-26T11:00:00-04:00,1247.13681388,1443.34000000,143.90206043,1103.23475345,632.63475345,470.60000000,0.00000000,0.1153859455,0.1250000000,1,0,18.74759043
2024-06-26T11:15:00-04:00,1247.32092248,1443.34000000,144.08616903,1103.23475345,632.63475345,470.60000000,0.00000000,0.1155165174,0.1250000000,1,0,18.74759043
2024-06-26T11:30:00-04:00,1247.32661656,1443.34000000,144.09186311,1103.23475345,632.63475345,470.60000000,0.00000000,0.1155205551,0.1250000000,1,3,18.74759043
2024-06-26T11:45:00-04:00,1258.87910987,1443.34000000,144.29748267,1114.58162720,1.32662720,1113.25500000,0.00000000,0.1146237804,0.1250000000,2,0,41.56418895
2024-06-26T12:00:00-04:00,1246.27002542,1443.34000000,144.21839822,1102.05162720,1.32662720,1100.72500000,0.00000000,0.1157200248,0.1250000000,2,0,41.56418895
2024-06-26T12:15:00-04:00,1249.59053323,1443.34000000,144.32310603,1105.26742720,1.32662720,1103.94080000,0.00000000,0.1154963183,0.1250000000,2,0,41.56418895
2024-06-26T12:30:00-04:00,1244.75849031,1443.34000000,144.09186311,1100.66662720,1.32662720,1099.34000000,0.00000000,0.1157588916,0.1250000000,2,0,41.56418895
2024-06-26T12:45:00-04:00,1251.88601170,1443.34000000,144.11938450,1107.76662720,1.32662720,1106.44000000,0.00000000,0.1151218107,0.1250000000,2,0,41.56418895
2024-06-26T13:00:00-04:00,1251.15798044,1443.34000000,144.10135324,1107.05662720,1.32662720,1105.73000000,0.00000000,0.1151743868,0.1250000000,2,0,41.56418895
2024-06-26T13:15:00-04:00,1249.78934066,1443.34000000,144.18771346,1105.60162720,1.32662720,1104.27500000,0.00000000,0.1153696137,0.1250000000,2,1,41.56418895
2024-06-26T13:30:00-04:00,1250.36869432,1443.34000000,144.37656712,1105.99212720,1.32662720,1104.66550000,0.00000000,0.1154671960,0.1250000000,2,0,41.56418895
2024-06-26T13:45:00-04:00,1255.86279330,1443.34000000,144.23326610,1111.62952720,1.32662720,1110.30290000,0.00000000,0.1148479491,0.1250000000,2,0,41.56418895
2024-06-26T14:00:00-04:00,1250.33786567,1443.34000000,144.25983847,1106.07802720,1.32662720,1104.75140000,0.00000000,0.1153766853,0.1250000000,2,0,41.56418895
2024-06-26T14:15:00-04:00,1257.30539432,1443.34000000,144.37656712,1112.92882720,1.32662720,1111.60220000,0.00000000,0.1148301501,0.1250000000,2,0,41.56418895
2024-06-26T14:30:00-04:00,1256.95197554,1443.34000000,144.25034834,1112.70162720,1.32662720,1111.37500000,0.00000000,0.1147620205,0.1250000000,2,0,41.56418895
2024-06-26T14:45:00-04:00,1261.17274365,1443.34000000,144.32911645,1116.84362720,1.32662720,1115.51700000,0.00000000,0.1144404025,0.1250000000,2,0,41.56418895
2024-06-26T15:00:00-04:00,1258.33060853,1443.34000000,144.20258133,1114.12802720,1.32662720,1112.80140000,0.00000000,0.1145983260,0.1250000000,2,0,41.56418895
2024-06-26T15:15:00-04:00,1256.97656054,1443.34000000,144.34493334,1112.63162720,1.32662720,1111.30500000,0.00000000,0.1148350239,0.1250000000,2,0,41.56418895
2024-06-26T15:30:00-04:00,1263.13099566,1443.34000000,144.47146845,1118.65952720,1.32662720,1117.33290000,0.00000000,0.1143756815,0.1250000000,2,3,41.56418895
2024-06-26T15:45:00-04:00,1252.51299699,1443.34000000,144.56636979,1107.94662720,1.32662720,1106.62000000,0.00000000,0.1154210536,0.1250000000,2,3,41.56418895
2024-06-27T09:30:00-04:00,1259.05341865,1443.34000000,145.26341865,1113.79000000,0.00000000,1113.79000000,0.00000000,0.1153751036,0.1250000000,2,3,41.56418895
2024-06-27T09:45:00-04:00,1261.50956660,1443.34000000,145.19956660,1116.31000000,0.00000000,1116.31000000,0.00000000,0.1150998537,0.1250000000,2,2,41.56418895
2024-06-27T10:00:00-04:00,1261.49631865,1443.34000000,145.26341865,1116.23290000,0.00000000,1116.23290000,0.00000000,0.1151516786,0.1250000000,2,1,41.56418895
2024-06-27T10:15:00-04:00,1256.46266330,1443.34000000,145.33046330,1111.13220000,0.00000000,1111.13220000,0.00000000,0.1156663604,0.1250000000,2,3,41.56418895
2024-06-27T10:30:00-04:00,1260.11791865,1443.34000000,145.26341865,1114.85450000,0.00000000,1114.85450000,0.00000000,0.1152776391,0.1250000000,2,0,41.56418895
2024-06-27T10:45:00-04:00,1249.85815839,1443.34000000,144.94415839,1104.91400000,0.00000000,1104.91400000,0.00000000,0.1159684860,0.1250000000,2,0,41.56418895
2024-06-27T11:00:00-04:00,1251.05801044,1443.34000000,145.00801044,1106.05000000,0.00000000,1106.05000000,0.00000000,0.1159083026,0.1250000000,2,0,41.56418895
2024-06-27T11:15:00-04:00,1240.75810223,1443.34000000,144.75260223,1096.00550000,0.00000000,1096.00550000,0.00000000,0.1166646440,0.1250000000,2,0,41.56418895
2024-06-27T11:30:00-04:00,1241.27297210,1443.34000000,144.59297210,1096.68000000,0.00000000,1096.68000000,0.00000000,0.1164876505,0.1250000000,2,0,41.56418895
2024-06-27T11:45:00-04:00,1247.23643236,1443.34000000,144.91223236,1102.32420000,0.00000000,1102.32420000,0.00000000,0.1161866576,0.1250000000,2,0,41.56418895
2024-06-27T12:00:00-04:00,1250.40571454,1443.34000000,145.13571454,1105.27000000,0.00000000,1105.27000000,0.00000000,0.1160708983,0.1250000000,2,0,41.56418895
2024-06-27T12:15:00-04:00,1252.95424734,1443.34000000,145.19924734,1107.75500000,0.00000000,1107.75500000,0.00000000,0.1158855143,0.1250000000,2,0,41.56418895
2024-06-27T12:30:00-04:00,1261.45493647,1443.34000000,145.03993647,1116.41500000,0.00000000,1116.41500000,0.00000000,0.1149782939,0.1250000000,2,1,41.56418895
2024-06-27T12:45:00-04:00,1257.88463647,1443.34000000,145.03993647,1112.84470000,0.00000000,1112.84470000,0.00000000,0.1153046410,0.1250000000,2,1,41.56418895
2024-06-27T13:00:00-04:00,1260.21678175,1443.34000000,145.07218175,1115.14460000,0.00000000,1115.14460000,0.00000000,0.1151168464,0.1250000000,2,0,41.56418895
2024-06-27T13:15:00-04:00,1264.51841865,1443.34000000,145.26341865,1119.25500000,0.00000000,1119.25500000,0.00000000,0.1148764751,0.1250000000,2,0,41.56418895
2024-06-27T13:30:00-04:00,1259.24484057,1443.34000000,145.16764057,1114.07720000,0.00000000,1114.07720000,0.00000000,0.1152815051,0.1250000000,2,1,41.56418895
2024-06-27T13:45:00-04:00,1258.82598852,1443.34000000,145.10378852,1113.72220000,0.00000000,1113.72220000,0.00000000,0.1152691395,0.1250000000,2,0,41.56418895
2024-06-27T14:00:00-04:00,1255.34153647,1443.34000000,145.03993647,1110.30160000,0.00000000,1110.30160000,0.00000000,0.1155382278,0.1250000000,2,0,41.56418895
2024-06-27T14:15:00-04:00,1253.18493647,1443.34000000,145.03993647,1108.14500000,0.00000000,1108.14500000,0.00000000,0.1157370570,0.1250000000,2,1,41.56418895
2024-06-27T14:30:00-04:00,1251.04123647,1443.34000000,145.03993647,1106.00130000,0.00000000,1106.00130000,0.00000000,0.1159353763,0.1250000000,2,2,41.56418895
2024-06-27T14:45:00-04:00,1256.83071454,1443.34000000,145.13571454,1111.69500000,0.00000000,1111.69500000,0.00000000,0.1154775364,0.1250000000,2,0,41.56418895
2024-06-27T15:00:00-04:00,1258.98925230,1443.34000000,145.12805230,1113.86120000,0.00000000,1113.86120000,0.00000000,0.1152734640,0.1250000000,2,1,41.56418895
2024-06-27T15:15:00-04:00,1260.41264057,1443.34000000,145.16764057,1115.24500000,0.00000000,1115.24500000,0.00000000,0.1151746943,0.1250000000,2,1,41.56418895
2024-06-27T15:30:00-04:00,1265.45300205,1443.34000000,145.16700205,1120.28600000,0.00000000,1120.28600000,0.00000000,0.1147154433,0.1250000000,2,1,41.56418895
2024-06-27T15:45:00-04:00,1265.41764057,1443.34000000,145.16764057,1120.25000000,0.00000000,1120.25000000,0.00000000,0.1147191535,0.1250000000,2,1,41.56418895
2024-06-28T09:30:00-04:00,1293.54426799,1443.34000000,145.38824941,1148.15601858,677.55601858,470.60000000,0.00000000,0.1123952639,0.1250000000,1,5,18.74759043
2024-06-28T09:45:00-04:00,1278.40998843,1443.34000000,145.80616109,1132.60382733,0.79382733,1131.81000000,0.00000000,0.1140527393,0.1250000000,2,0,43.25177032
2024-06-28T10:00:00-04:00,1273.73959663,1443.34000000,146.06156930,1127.67802733,0.79382733,1126.88420000,0.00000000,0.1146714522,0.1250000000,2,0,43.25177032
2024-06-28T10:15:00-04:00,1278.42457061,1443.34000000,146.02964327,1132.39492733,0.79382733,1131.60110000,0.00000000,0.1142262490,0.1250000000,2,0,43.25177032
2024-06-28T10:30:00-04:00,1261.93806240,1443.34000000,145.77423507,1116.16382733,0.79382733,1115.37000000,0.00000000,0.1155161568,0.1250000000,2,0,43.25177032
2024-06-28T10:45:00-04:00,1263.74806240,1443.34000000,145.77423507,1117.97382733,0.79382733,1117.18000000,0.00000000,0.1153507091,0.1250000000,2,0,43.25177032
2024-06-28T11:00:00-04:00,1260.28271078,1443.34000000,145.58267891,1114.70003187,454.47003187,660.23000000,0.00000000,0.1155158899,0.1250000000,1,0,24.50417990
2024-06-28T11:15:00-04:00,1256.91808065,1443.34000000,145.42304878,1111.49503187,454.47003187,657.02500000,0.00000000,0.1156981119,0.1250000000,1,0,24.50417990
2024-06-28T11:30:00-04:00,1263.55156283,1443.34000000,145.64653096,1117.90503187,454.47003187,663.43500000,0.00000000,0.1152675801,0.1250000000,1,2,24.50417990
2024-06-28T11:45:00-04:00,1265.16296386,1443.34000000,145.67845699,1119.48450687,6.23410687,1113.25040000,0.00000000,0.1151460019,0.1250000000,3,0,32.20414848
2024-06-28T12:00:00-04:00,1263.75146652,1443.34000000,145.58235965,1118.16910687,6.23410687,1111.93500000,0.00000000,0.1151985683,0.1250000000,3,0,32.20414848
2024-06-28T12:15:00-04:00,1265.11433192,1443.34000000,145.45657111,1119.65776081,420.22776081,699.43000000,0.00000000,0.1149750401,0.1250000000,2,1,24.79248071
2024-06-28T12:30:00-04:00,1260.79142601,1443.34000000,145.32727070,1115.46415531,0.43915531,1115.02500000,0.00000000,0.1152667029,0.1250000000,3,0,43.63430211
2024-06-28T12:45:00-04:00,1250.58335204,1443.34000000,145.35919673,1105.22415531,0.43915531,1104.78500000,0.00000000,0.1162331135,0.1250000000,3,0,43.63430211
2024-06-28T13:00:00-04:00,1261.63394583,1443.34000000,145.57789001,1116.05605582,26.65105582,1089.40500000,0.00000000,0.1153883743,0.1250000000,2,0,43.34600129
2024-06-28T13:15:00-04:00,1264.23258678,1443.34000000,145.64653096,1118.58605582,26.65105582,1091.93500000,0.00000000,0.1152054871,0.1250000000,2,0,43.34600129
2024-06-28T13:30:00-04:00,1258.64796472,1443.34000000,145.48083489,1113.16712984,427.29712984,685.87000000,0.00000000,0.1155850079,0.1250000000,1,0,24.50417990
2024-06-28T13:45:00-04:00,1249.02434470,1443.34000000,145.47221486,1103.55212984,427.29712984,676.25500000,0.00000000,0.1164686785,0.1250000000,1,1,24.50417990
2024-06-28T14:00:00-04:00,1248.81465625,1443.34000000,145.58267891,1103.23197734,0.10697734,1103.12500000,0.00000000,0.1165766899,0.1250000000,2,0,38.31838625
2024-06-28T14:15:00-04:00,1249.58502612,1443.34000000,145.42304878,1104.16197734,0.10697734,1104.05500000,0.00000000,0.1163770738,0.1250000000,2,1,38.31838625
2024-06-28T14:30:00-04:00,1259.33195214,1443.34000000,145.45497481,1113.87697734,0.10697734,1113.77000000,0.00000000,0.1155016948,0.1250000000,2,0,38.31838625
2024-06-28T14:45:00-04:00,1266.70810009,1443.34000000,145.39112275,1121.31697734,0.10697734,1121.21000000,0.00000000,0.1147787109,0.1250000000,2,0,38.31838625
2024-06-28T15:00:00-04:00,1267.95732201,1443.34000000,145.29534467,1122.66197734,0.10697734,1122.55500000,0.00000000,0.1145900908,0.1250000000,2,1,38.31838625
2024-06-28T15:15:00-04:00,1267.47424804,1443.34000000,145.32727070,1122.14697734,0.10697734,1122.04000000,0.00000000,0.1146589534,0.1250000000,2,1,38.31838625
2024-06-28T15:30:00-04:00,1272.09228367,1443.34000000,144.88030634,1127.21197734,0.10697734,1127.10500000,0.00000000,0.1138913491,0.1250000000,2,1,38.31838625
2024-06-28T15:45:00-04:00,1264.43306175,1443.34000000,144.97608441,1119.45697734,0.10697734,1119.35000000,0.00000000,0.1146569864,0.1250000000,2,4,24.50417990
2024-07-01T09:30:00-04:00,1288.68340207,1443.34000000,145.02397345,1143.65942862,454.58442862,689.07500000,0.00000000,0.1125365417,0.1250000000,1,4,24.50417990
2024-07-01T09:45:00-04:00,1284.94017792,1443.34000000,144.77814305,1140.16203487,0.51913487,1139.64290000,0.00000000,0.1126730610,0.1250000000,4,0,43.76331604
2024-07-01T10:00:00-04:00,1277.05440286,1443.34000000,144.46526800,1132.58913487,0.51913487,1132.07000000,0.00000000,0.1131238166,0.1250000000,4,1,43.76331604
2024-07-01T10:15:00-04:00,1278.46822338,1443.34000000,145.10378852,1133.36443487,0.51913487,1132.84530000,0.00000000,0.1134981581,0.1250000000,4,1,43.76331604
2024-07-01T10:30:00-04:00,1275.81081019,1443.34000000,145.03450904,1130.77630115,3.97130115,1126.80500000,0.00000000,0.1136802635,0.1250000000,3,0,43.71544839
2024-07-01T10:45:00-04:00,1261.06399233,1443.34000000,145.00769118,1116.05630115,3.97130115,1112.08500000,0.00000000,0.1149883686,0.1250000000,3,0,43.71544839
2024-07-01T11:00:00-04:00,1266.07871105,1443.34000000,145.13571454,1120.94299650,433.67799650,687.26500000,0.00000000,0.1146340376,0.1250000000,2,1,24.59805816
2024-07-01T11:15:00-04:00,1264.28116368,1443.34000000,145.29534467,1118.98581900,3.78581900,1115.20000000,0.00000000,0.1149232851,0.1250000000,3,0,34.31796053
2024-07-01T11:30:00-04:00,1258.59190342,1443.34000000,144.97608441,1113.61581900,3.78581900,1109.83000000,0.00000000,0.1151891125,0.1250000000,3,0,34.31796053
2024-07-01T11:45:00-04:00,1259.98960752,1443.34000000,145.10378852,1114.88581900,3.78581900,1111.10000000,0.00000000,0.1151626868,0.1250000000,3,0,34.31796053
2024-07-01T12:00:00-04:00,1260.50849791,1443.34000000,145.58267891,1114.92581900,3.78581900,1111.14000000,0.00000000,0.1154951983,0.1250000000,3,0,34.31796053
2024-07-01T12:15:00-04:00,1262.58198010,1443.34000000,145.80616109,1116.77581900,3.78581900,1112.99000000,0.00000000,0.1154825298,0.1250000000,3,1,34.31796053
2024-07-01T12:30:00-04:00,1262.29523900,1443.34000000,145.69442000,1116.60081900,3.78581900,1112.81500000,0.00000000,0.1154202404,0.1250000000,3,0,34.31796053
2024-07-01T12:45:00-04:00,1258.97186147,1443.34000000,145.77104246,1113.20081900,3.78581900,1109.41500000,0.00000000,0.1157857828,0.1250000000,3,0,34.31796053
2024-07-01T13:00:00-04:00,1258.99973481,1443.34000000,145.77391581,1113.22581900,3.78581900,1109.44000000,0.00000000,0.1157855016,0.1250000000,3,0,34.31796053
2024-07-01T13:15:00-04:00,1258.79349791,1443.34000000,145.58267891,1113.21081900,3.78581900,1109.42500000,0.00000000,0.1156525508,0.1250000000,3,0,34.31796053
2024-07-01T13:30:00-04:00,1261.76364793,1443.34000000,145.70782893,1116.05581900,3.78581900,1112.27000000,0.00000000,0.1154794950,0.1250000000,3,0,34.31796053
2024-07-01T13:45:00-04:00,1258.36880874,1443.34000000,145.49168974,1112.87711900,3.78581900,1109.09130000,0.00000000,0.1156192753,0.1250000000,3,0,34.31796053
2024-07-01T14:00:00-04:00,1262.81734996,1443.34000000,145.64653096,1117.17081900,3.78581900,1113.38500000,0.00000000,0.1153345976,0.1250000000,3,1,34.31796053
2024-07-01T14:15:00-04:00,1263.46849791,1443.34000000,145.58267891,1117.88581900,3.78581900,1114.10000000,0.00000000,0.1152246211,0.1250000000,3,0,34.31796053
2024-07-01T14:30:00-04:00,1265.13473481,1443.34000000,145.77391581,1119.36081900,3.78581900,1115.57500000,0.00000000,0.1152240246,0.1250000000,3,0,34.31796053
2024-07-01T14:45:00-04:00,1262.14269791,1443.34000000,145.58267891,1116.56001900,3.78581900,1112.77420000,0.00000000,0.1153456572,0.1250000000,3,0,34.31796053
2024-07-01T15:00:00-04:00,1261.96698010,1443.34000000,145.80616109,1116.16081900,3.78581900,1112.37500000,0.00000000,0.1155388084,0.1250000000,3,0,34.31796053
2024-07-01T15:15:00-04:00,1258.13464586,1443.34000000,145.51882686,1112.61581900,3.78581900,1108.83000000,0.00000000,0.1156623636,0.1250000000,3,0,34.31796053
2024-07-01T15:30:00-04:00,1257.16720887,1443.34000000,145.53478987,1111.63241900,3.78581900,1107.84660000,0.00000000,0.1157640677,0.1250000000,3,1,34.31796053
2024-07-01T15:45:00-04:00,1257.28946093,1443.34000000,145.59864192,1111.69081900,3.78581900,1107.90500000,0.00000000,0.1158035969,0.1250000000,3,0,34.31796053
2024-07-02T09:30:00-04:00,1250.62578131,1443.34000000,145.48626231,1105.13951900,3.78581900,1101.35370000,0.00000000,0.1163307718,0.1250000000,3,2,34.22408227
2024-07-02T09:45:00-04:00,1244.20442546,1443.34000000,145.42304878,1098.78137668,1.66787668,1097.11350000,0.00000000,0.1168803500,0.1250000000,3,0,34.27754172
2024-07-02T10:00:00-04:00,1230.82892266,1443.34000000,145.47604598,1085.35287668,1.66787668,1083.68500000,0.00000000,0.1181935550,0.1250000000,3,1,34.27754172
2024-07-02T10:15:00-04:00,1230.87878311,1443.34000000,145.38090642,1085.49787668,1.66787668,1083.83000000,0.00000000,0.1181114732,0.1250000000,3,1,34.27754172
2024-07-02T10:30:00-04:00,1222.36384665,1443.34000000,145.54500620,1076.81884045,1073.29384045,3.52500000,0.00000000,0.1190684808,0.1250000000,1,0,0.05345946
2024-07-02T10:45:00-04:00,1222.49187141,1443.34000000,145.64653096,1076.84534045,1073.29384045,3.55150000,0.00000000,0.1191390588,0.1250000000,1,0,0.05345946
2024-07-02T11:00:00-04:00,1222.46514692,1443.34000000,145.63120647,1076.83394045,1073.29384045,3.54010000,0.00000000,0.1191291276,0.1250000000,1,0,0.05345946
2024-07-02T11:15:00-04:00,1222.48940840,1443.34000000,145.63056795,1076.85884045,1073.29384045,3.56500000,0.00000000,0.1191262411,0.1250000000,1,0,0.05345946
2024-07-02T11:30:00-04:00,1222.52229744,1443.34000000,145.67845699,1076.84384045,1073.29384045,3.55000000,0.00000000,0.1191622086,0.1250000000,1,0,0.05345946
2024-07-02T11:45:00-04:00,1222.51229744,1443.34000000,145.67845699,1076.83384045,1073.29384045,3.54000000,0.00000000,0.1191631833,0.1250000000,1,0,0.05345946
2024-07-02T12:00:00-04:00,1222.54212346,1443.34000000,145.71038301,1076.83174045,1073.29384045,3.53790000,0.00000000,0.1191863906,0.1250000000,1,0,0.05345946
2024-07-02T12:15:00-04:00,1222.63936302,1443.34000000,145.80552257,1076.83384045,1073.29384045,3.54000000,0.00000000,0.1192547263,0.1250000000,1,0,0.05345946
2024-07-02T12:30:00-04:00,1222.53380127,1443.34000000,145.71996082,1076.81384045,1073.29384045,3.52000000,0.00000000,0.1191950363,0.1250000000,1,0,0.05345946
2024-07-02T12:45:00-04:00,1222.62000154,1443.34000000,145.80616109,1076.81384045,1073.29384045,3.52000000,0.00000000,0.1192571371,0.1250000000,1,0,0.05345946
2024-07-02T13:00:00-04:00,1222.72758702,1443.34000000,145.89874657,1076.82884045,1073.29384045,3.53500000,0.00000000,0.1193223643,0.1250000000,1,0,0.05345946
2024-07-02T13:15:00-04:00,1222.72077962,1443.34000000,145.90193917,1076.81884045,1073.29384045,3.52500000,0.00000000,0.1193256397,0.1250000000,1,0,0.05345946
2024-07-02T13:30:00-04:00,1222.75270565,1443.34000000,145.93386520,1076.81884045,1073.29384045,3.52500000,0.00000000,0.1193486340,0.1250000000,1,0,0.05345946
2024-07-02T13:45:00-04:00,1222.60818368,1443.34000000,145.77934323,1076.82884045,1073.29384045,3.53500000,0.00000000,0.1192363548,0.1250000000,1,1,0.05345946
2024-07-02T14:00:00-04:00,1226.23492750,1443.34000000,145.86554350,1080.36938400,344.53908400,735.83030000,0.00000000,0.1189539951,0.1250000000,2,1,26.30932082
2024-07-02T14:15:00-04:00,1225.07598795,1443.34000000,145.93386520,1079.14212275,1.66712275,1077.47500000,0.00000000,0.1191222966,0.1250000000,3,0,38.93552879
2024-07-02T14:30:00-04:00,1223.72092786,1443.34000000,145.90800512,1077.81292275,1.66712275,1076.14580000,0.00000000,0.1192330717,0.1250000000,3,0,38.93552879
2024-07-02T14:45:00-04:00,1221.93308795,1443.34000000,145.93386520,1075.99922275,1.66712275,1074.33210000,0.00000000,0.1194286877,0.1250000000,3,1,38.93552879
2024-07-02T15:00:00-04:00,1226.30098795,1443.34000000,145.93386520,1080.36712275,1.66712275,1078.70000000,0.00000000,0.1190033007,0.1250000000,3,1,38.93552879
2024-07-02T15:15:00-04:00,1227.20343910,1443.34000000,145.94631635,1081.25712275,1.66712275,1079.59000000,0.00000000,0.1189259349,0.1250000000,3,1,38.93552879
2024-07-02T15:30:00-04:00,1223.31588795,1443.34000000,145.93386520,1077.38202275,1.66712275,1075.71490000,0.00000000,0.1192936891,0.1250000000,3,1,38.93552879
2024-07-02T15:45:00-04:00,1219.22406192,1443.34000000,145.90193917,1073.32212275,1.66712275,1071.65500000,0.00000000,0.1196678640,0.1250000000,3,3,38.93552879
2024-07-03T09:30:00-04:00,1257.13054140,1443.34000000,145.26341865,1111.86712275,1.66712275,1110.20000000,0.00000000,0.1155515787,0.1250000000,3,3,26.30932082
2024-07-03T09:45:00-04:00,1239.06009310,1443.34000000,145.19956660,1093.86052650,0.07092650,1093.78960000,0.00000000,0.1171852499,0.1250000000,4,0,26.35007997
2024-07-03T10:00:00-04:00,1265.01368625,1443.34000000,145.54947584,1119.46421041,367.91921041,751.54500000,0.00000000,0.1150576294,0.1250000000,3,3,26.35007997
2024-07-03T10:15:00-04:00,1260.82798919,1443.34000000,145.42304878,1115.40494041,1.68474041,1113.72020000,0.00000000,0.1153393247,0.1250000000,4,1,31.57595672
2024-07-03T10:30:00-04:00,1257.03095581,1443.34000000,145.64461540,1111.38634041,1.68474041,1109.70160000,0.00000000,0.1158639847,0.1250000000,4,1,31.48173812
2024-07-03T10:45:00-04:00,1250.76585834,1443.34000000,145.64653096,1105.11932738,5.26802738,1099.85130000,0.00000000,0.1164458799,0.1250000000,3,1,31.48173812
2024-07-03T11:00:00-04:00,1250.41921209,1443.34000000,145.64653096,1104.77268113,0.26928113,1104.50340000,0.00000000,0.1164781615,0.1250000000,4,0,31.57303997
2024-07-03T11:15:00-04:00,1255.08204899,1443.34000000,145.83776786,1109.24428113,0.26928113,1108.97500000,0.00000000,0.1161977960,0.1250000000,4,0,31.57303997
2024-07-03T11:30:00-04:00,1246.59912332,1443.34000000,145.68484219,1100.91428113,0.26928113,1100.64500000,0.00000000,0.1168658308,0.1250000000,4,0,31.57303997
2024-07-03T11:45:00-04:00,1239.63081209,1443.34000000,145.64653096,1093.98428113,0.26928113,1093.71500000,0.00000000,0.1174918609,0.1250000000,4,0,31.57303997
2024-07-03T12:00:00-04:00,1241.36273812,1443.34000000,145.67845699,1095.68428113,0.26928113,1095.41500000,0.00000000,0.1173536570,0.1250000000,4,1,31.57303997
2024-07-03T12:15:00-04:00,1229.08531209,1443.34000000,145.64653096,1083.43878113,0.26928113,1083.16950000,0.00000000,0.1184999361,0.1250000000,4,2,31.57303997
2024-07-03T12:30:00-04:00,1232.19910707,1443.34000000,145.64653096,1086.55257611,2.05257611,1084.50000000,0.00000000,0.1182004841,0.1250000000,3,2,31.57303997
2024-07-03T12:45:00-04:00,1234.71177091,1443.34000000,145.39112275,1089.32064816,0.28064816,1089.04000000,0.00000000,0.1177530871,0.1250000000,4,0,31.68353217
2024-07-03T13:00:00-04:00,1233.22800514,1443.34000000,145.67845699,1087.54954816,0.28064816,1087.26890000,0.00000000,0.1181277561,0.1250000000,4,0,31.68353217
2024-07-05T09:30:00-04:00,1216.37761715,1443.34000000,145.93386520,1070.44375195,1068.52375195,1.92000000,0.00000000,0.1199741455,0.1250000000,1,3,0.00000000
2024-07-05T09:45:00-04:00,1222.66762343,1443.34000000,146.05837670,1076.60924673,2.13684673,1074.47240000,0.00000000,0.1194587751,0.1250000000,2,0,38.52624005
2024-07-05T10:00:00-04:00,1226.09175712,1443.34000000,146.17331039,1079.91844673,2.13684673,1077.78160000,0.00000000,0.1192188998,0.1250000000,2,1,38.52624005
2024-07-05T10:15:00-04:00,1224.05382424,1443.34000000,146.31697751,1077.73684673,2.13684673,1075.60000000,0.00000000,0.1195347579,0.1250000000,2,0,38.52624005
2024-07-05T10:30:00-04:00,1228.60535027,1443.34000000,146.34890354,1082.25644673,2.13684673,1080.11960000,0.00000000,0.1191179116,0.1250000000,2,0,26.12127835
2024-07-05T10:45:00-04:00,1226.20189821,1443.34000000,146.28505148,1079.91684673,2.13684673,1077.78000000,0.00000000,0.1192993191,0.1250000000,2,0,26.12127835
2024-07-05T11:00:00-04:00,1230.68226808,1443.34000000,146.12542135,1084.55684673,2.13684673,1082.42000000,0.00000000,0.1187352944,0.1250000000,2,0,26.12127835
2024-07-05T11:15:00-04:00,1224.17833520,1443.34000000,146.26908847,1077.90924673,2.13684673,1075.77240000,0.00000000,0.1194834807,0.1250000000,2,1,26.12127835
2024-07-05T11:30:00-04:00,1226.75971328,1443.34000000,146.36486655,1080.39484673,2.13684673,1078.25800000,0.00000000,0.1193101346,0.1250000000,2,0,26.12127835
2024-07-05T11:45:00-04:00,1230.07211454,1443.34000000,146.29526781,1083.77684673,2.13684673,1081.64000000,0.00000000,0.1189322692,0.1250000000,2,0,26.12127835
2024-07-05T12:00:00-04:00,1236.72258040,1443.34000000,146.50853367,1090.21404673,2.13684673,1088.07720000,0.00000000,0.1184651562,0.1250000000,2,0,26.12127835
2024-07-05T12:15:00-04:00,1236.67624655,1443.34000000,146.54045969,1090.13578686,695.08778686,395.04800000,0.00000000,0.1184954107,0.1250000000,1,1,26.12127835
2024-07-05T12:30:00-04:00,1246.81744786,1443.34000000,146.49257065,1100.32487721,9.62787721,1090.69700000,0.00000000,0.1174931991,0.1250000000,2,0,55.20161816
2024-07-05T12:45:00-04:00,1246.14641087,1443.34000000,146.50853367,1099.63787721,9.62787721,1090.01000000,0.00000000,0.1175692779,0.1250000000,2,0,55.20161816
2024-07-05T13:00:00-04:00,1238.84551380,1443.34000000,146.49863660,1092.34687721,9.62787721,1082.71900000,0.00000000,0.1182541608,0.1250000000,2,0,55.20161816
2024-07-05T13:15:00-04:00,1241.59801764,1443.34000000,146.54014043,1095.05787721,9.62787721,1085.43000000,0.00000000,0.1180254304,0.1250000000,2,0,55.20161816
2024-07-05T13:30:00-04:00,1246.96996125,1443.34000000,146.51268405,1100.45727721,9.62787721,1090.82940000,0.00000000,0.1174949587,0.1250000000,2,0,55.20161816
2024-07-05T13:45:00-04:00,1247.37429991,1443.34000000,146.55642270,1100.81787721,9.62787721,1091.19000000,0.00000000,0.1174919370,0.1250000000,2,1,55.20161816
2024-07-05T14:00:00-04:00,1256.75829014,1443.34000000,146.54014043,1110.21814971,1.85204971,1108.36610000,0.00000000,0.1166016899,0.1250000000,3,0,55.46112004
2024-07-05T14:15:00-04:00,1261.56750940,1443.34000000,146.54045969,1115.02704971,1.85204971,1113.17500000,0.00000000,0.1161574459,0.1250000000,3,1,55.46112004
2024-07-05T14:30:00-04:00,1258.07254778,1443.34000000,146.49799808,1111.57454971,1.85204971,1109.72250000,0.00000000,0.1164463833,0.1250000000,3,0,55.46112004
2024-07-05T14:45:00-04:00,1262.87250940,1443.34000000,146.54045969,1116.33204971,1.85204971,1114.48000000,0.00000000,0.1160374136,0.1250000000,3,0,55.46112004
2024-07-05T15:00:00-04:00,1260.49172090,1443.34000000,146.66497119,1113.82674971,1.85204971,1111.97470000,0.00000000,0.1163553626,0.1250000000,3,0,55.46112004
2024-07-05T15:15:00-04:00,1264.60896145,1443.34000000,146.60431174,1118.00464971,1.85204971,1116.15260000,0.00000000,0.1159285726,0.1250000000,3,3,55.46112004
2024-07-05T15:30:00-04:00,1268.50638238,1443.34000000,146.66433267,1121.84204971,1.85204971,1119.99000000,0.00000000,0.1156197042,0.1250000000,3,3,55.46112004
2024-07-05T15:45:00-04:00,1268.47636145,1443.34000000,146.60431174,1121.87204971,1.85204971,1120.02000000,0.00000000,0.1155751232,0.1250000000,3,3,55.46112004
2024-07-08T09:30:00-04:00,1301.70369568,1443.34000000,146.89164598,1154.81204971,1.85204971,1152.96000000,0.00000000,0.1128456856,0.1250000000,3,3,26.38078023
2024-07-08T09:45:00-04:00,1290.06538329,1443.34000000,146.94719726,1143.11818603,0.56618603,1142.55200000,0.00000000,0.1139067827,0.1250000000,4,2,26.41631628
2024-07-08T10:00:00-04:00,1291.20088406,1443.34000000,146.95549803,1144.24538603,0.56618603,1143.67920000,0.00000000,0.1138130401,0.1250000000,4,2,26.38078023
2024-07-08T10:15:00-04:00,1280.88975804,1443.34000000,146.92357200,1133.96618603,0.56618603,1133.40000000,0.00000000,0.1147043070,0.1250000000,4,1,26.38078023
2024-07-08T10:30:00-04:00,1270.12075923,1443.34000000,146.57238572,1123.54837352,701.12477352,422.42360000,0.00000000,0.1154003544,0.1250000000,3,1,26.38078023
2024-07-08T10:45:00-04:00,1296.32147504,1443.34000000,146.58515613,1149.73631892,2.92871892,1146.80760000,0.00000000,0.1130777812,0.1250000000,4,2,26.12127835
2024-07-08T11:00:00-04:00,1309.85103919,1443.34000000,146.76394187,1163.08709731,741.07769731,422.00940000,0.00000000,0.1120462843,0.1250000000,3,3,26.12127835
2024-07-08T11:15:00-04:00,1310.56400434,1443.34000000,146.89164598,1163.67235836,1.40475836,1162.26760000,0.00000000,0.1120827716,0.1250000000,5,1,50.85620185
2024-07-08T11:30:00-04:00,1315.61065302,1443.34000000,146.83322135,1168.77743167,9.21753167,1159.55990000,0.00000000,0.1116084162,0.1250000000,4,1,50.85620185
2024-07-08T11:45:00-04:00,1322.66482970,1443.34000000,146.95549803,1175.70933167,9.21753167,1166.49180000,0.00000000,0.1111056216,0.1250000000,4,2,50.85620185
2024-07-08T12:00:00-04:00,1311.26197186,1443.34000000,146.73201585,1164.52995601,10.52495601,1154.00500000,0.00000000,0.1119013736,0.1250000000,3,0,50.85620185
2024-07-08T12:15:00-04:00,1310.91621002,1443.34000000,146.85365401,1164.06255601,10.52495601,1153.53760000,0.00000000,0.1120236769,0.1250000000,3,0,50.85620185
2024-07-08T12:30:00-04:00,1301.49611981,1443.34000000,146.66816380,1154.82795601,10.52495601,1144.30300000,0.00000000,0.1126919716,0.1250000000,3,0,50.85620185
2024-07-08T12:45:00-04:00,1301.77054583,1443.34000000,146.70008982,1155.07045601,10.52495601,1144.54550000,0.00000000,0.1126927401,0.1250000000,3,0,50.85620185
2024-07-08T13:00:00-04:00,1294.42667596,1443.34000000,146.85971995,1147.56695601,10.52495601,1137.04200000,0.00000000,0.1134554183,0.1250000000,3,0,50.85620185
2024-07-08T13:15:00-04:00,1285.74689963,1443.34000000,146.82013168,1138.92676795,724.92676795,414.00000000,0.00000000,0.1141905392,0.1250000000,1,1,26.12127835
2024-07-08T13:30:00-04:00,1286.71965973,1443.34000000,146.95549803,1139.76416170,0.90916170,1138.85500000,0.00000000,0.1142094138,0.1250000000,2,0,53.02987799
2024-07-08T13:45:00-04:00,1281.94656482,1443.34000000,146.92740313,1135.01916170,0.90916170,1134.11000000,0.00000000,0.1146127359,0.1250000000,2,0,53.02987799
2024-07-08T14:00:00-04:00,1285.70356239,1443.34000000,146.85940069,1138.84416170,0.90916170,1137.93500000,0.00000000,0.1142249310,0.1250000000,2,0,53.02987799
2024-07-08T14:15:00-04:00,1270.89580767,1443.34000000,146.89164598,1124.00416170,0.90916170,1123.09500000,0.00000000,0.1155811870,0.1250000000,2,0,53.02987799
2024-07-08T14:30:00-04:00,1272.75310357,1443.34000000,146.76394187,1125.98916170,0.90916170,1125.08000000,0.00000000,0.1153121854,0.1250000000,2,0,53.02987799
2024-07-08T14:45:00-04:00,1266.15080767,1443.34000000,146.89164598,1119.25916170,0.90916170,1118.35000000,0.00000000,0.1160143366,0.1250000000,2,0,53.02987799
2024-07-08T15:00:00-04:00,1258.43695562,1443.34000000,146.82779393,1111.60916170,0.90916170,1110.70000000,0.00000000,0.1166747315,0.1250000000,2,1,53.02987799
2024-07-08T15:15:00-04:00,1256.86331541,1443.34000000,146.74797886,1110.11533655,697.49533655,412.62000000,0.00000000,0.1167573093,0.1250000000,1,1,26.12127835
2024-07-08T15:30:00-04:00,1255.98497240,1443.34000000,146.73201585,1109.25295655,27.15295655,1082.10000000,0.00000000,0.1168262512,0.1250000000,2,3,36.32003814
2024-07-08T15:45:00-04:00,1254.11981708,1443.34000000,146.95549803,1107.16431905,2.28431905,1104.88000000,0.00000000,0.1171781962,0.1250000000,3,3,36.67200429
2024-07-09T09:30:00-04:00,1222.70415165,1443.34000000,147.62594458,1075.07820707,375.45320707,699.62500000,0.00000000,0.1207372563,0.1250000000,2,4,10.55072595
2024-07-09T09:45:00-04:00,1221.84563568,1443.34000000,147.75364868,1074.09198700,0.61218700,1073.47980000,0.00000000,0.1209266084,0.1250000000,4,0,19.20726630
2024-07-09T10:00:00-04:00,1226.96640352,1443.34000000,147.65531652,1079.31108700,0.61218700,1078.69890000,0.00000000,0.1203417764,0.1250000000,4,2,19.20726630
2024-07-09T10:15:00-04:00,1209.52307464,1443.34000000,147.45737516,1062.06569948,660.26069948,401.80500000,0.00000000,0.1219136520,0.1250000000,3,0,9.00850650
2024-07-09T10:30:00-04:00,1211.29393996,1443.34000000,147.49824047,1063.79569948,660.26069948,403.53500000,0.00000000,0.1217691558,0.1250000000,3,1,9.00850650
2024-07-09T10:45:00-04:00,1221.43743974,1443.34000000,147.46631445,1073.97112529,672.06112529,401.91000000,0.00000000,0.1207317785,0.1250000000,3,1,9.00850650
2024-07-09T11:00:00-04:00,1219.42741371,1443.34000000,147.43438842,1071.99302529,0.75802529,1071.23500000,0.00000000,0.1209046039,0.1250000000,4,0,37.10754629
2024-07-09T11:15:00-04:00,1212.74314240,1443.34000000,147.37021711,1065.37292529,0.75802529,1064.61490000,0.00000000,0.1215180791,0.1250000000,4,0,37.10754629
2024-07-09T11:30:00-04:00,1219.06324240,1443.34000000,147.37021711,1071.69302529,0.75802529,1070.93500000,0.00000000,0.1208880819,0.1250000000,4,0,37.10754629
2024-07-09T11:45:00-04:00,1222.38991371,1443.34000000,147.43438842,1074.95552529,0.75802529,1074.19750000,0.00000000,0.1206115878,0.1250000000,4,1,37.10754629
2024-07-09T12:00:00-04:00,1222.76902048,1443.34000000,147.46599519,1075.30302529,0.75802529,1074.54500000,0.00000000,0.1206000420,0.1250000000,4,2,30.78346576
2024-07-09T12:15:00-04:00,1227.70651371,1443.34000000,147.43438842,1080.27212529,0.75802529,1079.51410000,0.00000000,0.1200892777,0.1250000000,4,2,30.78346576
2024-07-09T12:30:00-04:00,1223.47256166,1443.34000000,147.37053637,1076.10202529,0.75802529,1075.34400000,0.00000000,0.1204526697,0.1250000000,4,0,30.78346576
2024-07-09T12:45:00-04:00,1217.77309035,1443.34000000,147.30636506,1070.46672529,0.75802529,1069.70870000,0.00000000,0.1209637216,0.1250000000,4,0,30.78346576
2024-07-09T13:00:00-04:00,1237.53739864,1443.34000000,147.35457336,1090.18282529,0.75802529,1089.42480000,0.00000000,0.1190708043,0.1250000000,4,1,30.78346576
2024-07-09T13:15:00-04:00,1223.88237537,1443.34000000,147.01935008,1076.86302529,0.75802529,1076.10500000,0.00000000,0.1201253920,0.1250000000,4,0,30.78346576
2024-07-09T13:30:00-04:00,1225.81940140,1443.34000000,147.05127611,1078.76812529,0.75802529,1078.01010000,0.00000000,0.1199616158,0.1250000000,4,1,30.78346576
2024-07-09T13:45:00-04:00,1226.86585755,1443.34000000,147.24283227,1079.62302529,0.75802529,1078.86500000,0.00000000,0.1200154290,0.1250000000,4,0,30.78346576
2024-07-09T14:00:00-04:00,1230.76104249,1443.34000000,147.16301720,1083.59802529,0.75802529,1082.84000000,0.00000000,0.1195707470,0.1250000000,4,0,30.78346576
2024-07-09T14:15:00-04:00,1225.90893153,1443.34000000,147.21090624,1078.69802529,0.75802529,1077.94000000,0.00000000,0.1200830685,0.1250000000,4,0,30.78346576
2024-07-09T14:30:00-04:00,1224.14720577,1443.34000000,147.26518048,1076.88202529,0.75802529,1076.12400000,0.00000000,0.1203002219,0.1250000000,4,0,30.78346576
2024-07-09T14:45:00-04:00,1220.02057785,1443.34000000,147.33765256,1072.68292529,0.75802529,1071.92490000,0.00000000,0.1207665307,0.1250000000,4,0,30.78346576
2024-07-09T15:00:00-04:00,1220.42416166,1443.34000000,147.37053637,1073.05362529,0.75802529,1072.29560000,0.00000000,0.1207535388,0.1250000000,4,0,30.78346576
2024-07-09T15:15:00-04:00,1216.06513459,1443.34000000,147.24410931,1068.82102529,0.75802529,1068.06300000,0.00000000,0.1210824199,0.1250000000,4,0,30.78346576
2024-07-09T15:30:00-04:00,1216.56695489,1443.34000000,147.33892960,1069.22802529,0.75802529,1068.47000000,0.00000000,0.1211104157,0.1250000000,4,2,30.78346576
2024-07-09T15:45:00-04:00,1216.08038768,1443.34000000,147.40246240,1068.67792529,0.75802529,1067.91990000,0.00000000,0.1212111172,0.1250000000,4,1,30.78346576
2024-07-10T09:30:00-04:00,1218.17838421,1443.34000000,147.94775892,1070.23062529,0.75802529,1069.47260000,0.00000000,0.1214499952,0.1250000000,4,2,30.78346576
2024-07-10T09:45:00-04:00,1225.79900821,1443.34000000,148.04098292,1077.75802529,0.75802529,1077.00000000,0.00000000,0.1207710089,0.1250000000,4,1,30.78346576
2024-07-10T10:00:00-04:00,1213.59929843,1443.34000000,148.12079798,1065.47850045,260.40350045,805.07500000,0.00000000,0.1220508270,0.1250000000,3,0,30.78346576
2024-07-10T10:15:00-04:00,1219.57157304,1443.34000000,148.05407259,1071.51750045,260.40350045,811.11400000,0.00000000,0.1213984286,0.1250000000,3,0,30.78346576
2024-07-10T10:30:00-04:00,1216.72135184,1443.34000000,147.90785139,1068.81350045,260.40350045,808.41000000,0.00000000,0.1215626332,0.1250000000,3,1,30.78346576
2024-07-10T10:45:00-04:00,1211.91896701,1443.34000000,147.93881963,1063.98014738,1.20514738,1062.77500000,0.00000000,0.1220698938,0.1250000000,4,1,38.44799765
2024-07-10T11:00:00-04:00,1212.44342619,1443.34000000,147.91327881,1064.53014738,1.20514738,1063.32500000,0.00000000,0.1219960252,0.1250000000,4,1,38.44799765
2024-07-10T11:15:00-04:00,1213.36420427,1443.34000000,148.00905689,1065.35514738,1.20514738,1064.15000000,0.00000000,0.1219823828,0.1250000000,4,1,38.44799765
2024-07-10T11:30:00-04:00,1210.41774229,1443.34000000,148.08759492,1062.33014738,1.20514738,1061.12500000,0.00000000,0.1223442038,0.1250000000,4,1,38.09603150
2024-07-10T11:45:00-04:00,1210.91546308,1443.34000000,148.10451571,1062.81094738,1.20514738,1061.60580000,0.00000000,0.1223078904,0.1250000000,4,1,38.09603150
2024-07-10T12:00:00-04:00,1208.69998235,1443.34000000,148.10483497,1060.59514738,1.20514738,1059.39000000,0.00000000,0.1225323382,0.1250000000,4,1,38.09603150
2024-07-10T12:15:00-04:00,1213.94193850,1443.34000000,148.29639113,1065.64554738,1.20514738,1064.44040000,0.00000000,0.1221610247,0.1250000000,4,2,38.09603150
2024-07-10T12:30:00-04:00,1206.33839299,1443.34000000,148.42824561,1057.91014738,1.20514738,1056.70500000,0.00000000,0.1230403065,0.1250000000,4,1,38.09603150
2024-07-10T12:45:00-04:00,1205.78637233,1443.34000000,148.45442496,1057.33194738,1.20514738,1056.12680000,0.00000000,0.1231183470,0.1250000000,4,1,38.09603150
2024-07-10T13:00:00-04:00,1205.26917959,1443.34000000,148.40813222,1056.86104738,1.20514738,1055.65590000,0.00000000,0.1231327696,0.1250000000,4,0,38.09603150
2024-07-10T13:15:00-04:00,1208.56116863,1443.34000000,148.45602126,1060.10514738,1.20514738,1058.90000000,0.00000000,0.1228369942,0.1250000000,4,1,38.09603150
2024-07-10T13:30:00-04:00,1205.52405767,1443.34000000,148.50391030,1057.02014738,1.20514738,1055.81500000,0.00000000,0.1231861856,0.1250000000,4,1,38.09603150
2024-07-10T13:45:00-04:00,1200.21338446,1443.34000000,148.54413709,1051.66924738,1.20514738,1050.46410000,0.00000000,0.1237647730,0.1250000000,4,1,38.09603150
2024-07-10T14:00:00-04:00,1200.60278586,1443.34000000,148.51763849,1052.08514738,1.20514738,1050.88000000,0.00000000,0.1237025603,0.1250000000,4,1,38.09603150
2024-07-10T14:15:00-04:00,1201.76598370,1443.34000000,148.53583632,1053.23014738,1.20514738,1052.02500000,0.00000000,0.1235979703,0.1250000000,4,1,38.09603150
2024-07-10T14:30:00-04:00,1201.61284671,1443.34000000,148.55179933,1053.06104738,1.20514738,1051.85590000,0.00000000,0.1236270066,0.1250000000,4,0,38.09603150
2024-07-10T14:45:00-04:00,1204.69579876,1443.34000000,148.61565139,1056.08014738,1.20514738,1054.87500000,0.00000000,0.1233636338,0.1250000000,4,0,38.09603150
2024-07-10T15:00:00-04:00,1202.49115531,1443.34000000,148.45761756,1054.03353775,26.75853775,1027.27500000,0.00000000,0.1234583863,0.1250000000,3,1,38.09603150
2024-07-10T15:15:00-04:00,1208.87310226,1443.34000000,148.54956451,1060.32353775,26.75853775,1033.56500000,0.00000000,0.1228826783,0.1250000000,3,2,38.09603150
2024-07-10T15:30:00-04:00,1203.85000112,1443.34000000,148.59968837,1055.25031275,2.44031275,1052.81000000,0.00000000,0.1234370463,0.1250000000,4,1,38.94717584
2024-07-10T15:45:00-04:00,1216.24939016,1443.34000000,148.64757741,1067.60181275,2.44031275,1065.16150000,0.00000000,0.1222180078,0.1250000000,4,2,38.94717584
2024-07-11T09:30:00-04:00,1241.91707768,1443.34000000,149.86707768,1092.05000000,0.00000000,1092.05000000,0.00000000,0.1206739809,0.1250000000,4,2,38.09603150
2024-07-11T09:45:00-04:00,1264.79974192,1443.34000000,149.71974192,1115.08000000,0.00000000,1115.08000000,0.00000000,0.1183742667,0.1250000000,4,2,9.99699171
2024-07-11T10:00:00-04:00,1278.05156695,1443.34000000,149.18556867,1128.86599829,26.00099829,1102.86500000,0.00000000,0.1167289118,0.1250000000,3,2,9.99699171
2024-07-11T10:15:00-04:00,1288.39397848,1443.34000000,148.95839899,1139.43557948,727.10717948,412.32840000,0.00000000,0.1156155660,0.1250000000,3,0,10.42879452
2024-07-11T10:30:00-04:00,1289.59939756,1443.34000000,148.60141808,1140.99797948,727.10717948,413.89080000,0.00000000,0.1152306820,0.1250000000,3,2,8.09633471
2024-07-11T10:45:00-04:00,1289.98529508,1443.34000000,148.34179560,1141.64349948,1.52339948,1140.12010000,0.00000000,0.1149949508,0.1250000000,4,0,34.63610467
2024-07-11T11:00:00-04:00,1284.86696483,1443.34000000,148.44856535,1136.41839948,1.52339948,1134.89500000,0.00000000,0.1155361367,0.1250000000,4,0,34.63610467
2024-07-11T11:15:00-04:00,1255.27095012,1443.34000000,147.82255064,1107.44839948,1.52339948,1105.92500000,0.00000000,0.1177614686,0.1250000000,4,0,34.63610467
2024-07-11T11:30:00-04:00,1251.25514198,1443.34000000,147.17349443,1104.08164755,699.61164755,404.47000000,0.00000000,0.1176206910,0.1250000000,3,0,7.66453190
2024-07-11T11:45:00-04:00,1251.82298715,1443.34000000,147.20562271,1104.61736443,725.55636443,379.06100000,0.00000000,0.1175930017,0.1250000000,2,0,7.66453190
2024-07-11T12:00:00-04:00,1254.49579338,1443.34000000,147.53047534,1106.96531804,849.93771804,257.02760000,0.00000000,0.1176014110,0.1250000000,1,0,7.66453190
2024-07-11T12:15:00-04:00,1254.51347652,1443.34000000,147.33575848,1107.17771804,849.93771804,257.24000000,0.00000000,0.1174445402,0.1250000000,1,0,7.66453190
2024-07-11T12:30:00-04:00,1257.69064619,1443.34000000,147.56292815,1110.12771804,849.93771804,260.19000000,0.00000000,0.1173284771,0.1250000000,1,0,7.66453190
2024-07-11T12:45:00-04:00,1257.45017482,1443.34000000,147.02745679,1110.42271804,849.93771804,260.48500000,0.00000000,0.1169250756,0.1250000000,1,0,7.66453190
2024-07-11T13:00:00-04:00,1258.32706162,1443.34000000,147.01934358,1111.30771804,849.93771804,261.37000000,0.00000000,0.1168371468,0.1250000000,1,0,7.66453190
2024-07-11T13:15:00-04:00,1260.21285966,1443.34000000,147.14104162,1113.07181804,849.93771804,263.13410000,0.00000000,0.1167588797,0.1250000000,1,1,7.66453190
2024-07-11T13:30:00-04:00,1252.85742061,1443.34000000,146.97877757,1105.87864304,97.27364304,1008.60500000,0.00000000,0.1173148478,0.1250000000,2,0,33.62183027
2024-07-11T13:45:00-04:00,1246.09553407,1443.34000000,146.55689104,1099.53864304,97.27364304,1002.26500000,0.00000000,0.1176128852,0.1250000000,2,1,33.62183027
2024-07-11T14:00:00-04:00,1247.53710768,1443.34000000,146.52346464,1101.01364304,97.27364304,1003.74000000,0.00000000,0.1174501854,0.1250000000,2,0,33.62183027
2024-07-11T14:15:00-04:00,1253.54377171,1443.34000000,146.72012867,1106.82364304,97.27364304,1009.55000000,0.00000000,0.1170442804,0.1250000000,2,1,33.62183027
2024-07-11T14:30:00-04:00,1254.88400315,1443.34000000,146.82917011,1108.05483304,1.32173304,1106.73310000,0.00000000,0.1170061693,0.1250000000,3,3,36.77169096
2024-07-11T14:45:00-04:00,1255.06396342,1443.34000000,147.01123038,1108.05273304,1.32173304,1106.73100000,0.00000000,0.1171344526,0.1250000000,3,0,36.77169096
2024-07-11T15:00:00-04:00,1250.52097466,1443.34000000,147.14104162,1103.37993304,1.32173304,1102.05820000,0.00000000,0.1176637934,0.1250000000,3,0,36.77169096
2024-07-11T15:15:00-04:00,1259.53530312,1443.34000000,146.88077008,1112.65453304,1.32173304,1111.33280000,0.00000000,0.1166150482,0.1250000000,3,2,36.77169096
2024-07-11T15:30:00-04:00,1269.49551061,1443.34000000,146.97877757,1122.51673304,1.32173304,1121.19500000,0.00000000,0.1157773118,0.1250000000,3,3,29.10715907
2024-07-11T15:45:00-04:00,1273.43815218,1443.34000000,146.88141914,1126.55673304,1.32173304,1125.23500000,0.00000000,0.1153424050,0.1250000000,3,0,29.10715907
2024-07-12T09:30:00-04:00,1309.48525153,1443.34000000,147.40033957,1162.08491196,381.69491196,780.39000000,0.00000000,0.1125635737,0.1250000000,1,5,0.00000000
2024-07-12T09:45:00-04:00,1306.45840802,1443.34000000,147.89102607,1158.56738196,0.16898196,1158.39840000,0.00000000,0.1131999497,0.1250000000,2,4,10.06061179
2024-07-12T10:00:00-04:00,1302.25431743,1443.34000000,147.93613547,1154.31818196,0.16898196,1154.14920000,0.00000000,0.1136000346,0.1250000000,2,0,10.06061179
2024-07-12T10:15:00-04:00,1306.97945730,1443.34000000,147.53047534,1159.44898196,0.16898196,1159.28000000,0.00000000,0.1128789550,0.1250000000,2,3,10.06061179
2024-07-12T10:30:00-04:00,1306.76040057,1443.34000000,147.74141861,1159.01898196,0.16898196,1158.85000000,0.00000000,0.1130593019,0.1250000000,2,4,10.06061179
2024-07-12T10:45:00-04:00,1309.97273259,1443.34000000,147.82255064,1162.15018196,0.16898196,1161.98120000,0.00000000,0.1128439905,0.1250000000,2,0,10.06061179
2024-07-12T11:00:00-04:00,1318.19378540,1443.34000000,147.85500345,1170.33878196,0.16898196,1170.16980000,0.00000000,0.1121648464,0.1250000000,2,0,10.06061179
2024-07-12T11:15:00-04:00,1319.93958540,1443.34000000,147.85500345,1172.08458196,0.16898196,1171.91560000,0.00000000,0.1120164931,0.1250000000,2,0,10.06061179
2024-07-12T11:30:00-04:00,1322.45824197,1443.34000000,147.91926001,1174.53898196,0.16898196,1174.37000000,0.00000000,0.1118517435,0.1250000000,2,0,10.06061179
2024-07-12T11:45:00-04:00,1330.39417416,1443.34000000,147.72519221,1182.66898196,0.16898196,1182.50000000,0.00000000,0.1110386644,0.1250000000,2,0,10.06061179
2024-07-12T12:00:00-04:00,1324.20081573,1443.34000000,147.62783377,1176.57298196,0.16898196,1176.40400000,0.00000000,0.1114844758,0.1250000000,2,0,10.06061179
2024-07-12T12:15:00-04:00,1325.79457416,1443.34000000,147.72519221,1178.06938196,0.16898196,1177.90040000,0.00000000,0.1114238926,0.1250000000,2,1,10.06061179
2024-07-12T12:30:00-04:00,1319.69890632,1443.34000000,147.59992436,1172.09898196,0.16898196,1171.93000000,0.00000000,0.1118436362,0.1250000000,2,1,10.06061179
2024-07-12T12:45:00-04:00,1323.75344960,1443.34000000,147.77646765,1175.97698196,0.16898196,1175.80800000,0.00000000,0.1116344344,0.1250000000,2,2,10.06061179
2024-07-12T13:00:00-04:00,1324.46775900,1443.34000000,147.83877704,1176.62898196,0.16898196,1176.46000000,0.00000000,0.1116212728,0.1250000000,2,3,10.06061179
2024-07-12T13:15:00-04:00,1326.78398540,1443.34000000,147.85500345,1178.92898196,0.16898196,1178.76000000,0.00000000,0.1114386404,0.1250000000,2,1,10.06061179
2024-07-12T13:30:00-04:00,1329.38378158,1443.34000000,147.95236188,1181.43141971,804.14421971,377.28720000,0.00000000,0.1112939423,0.1250000000,1,1,10.06061179
2024-07-12T13:45:00-04:00,1328.23571368,1443.34000000,147.66645262,1180.56926106,7.86926106,1172.70000000,0.00000000,0.1111748849,0.1250000000,2,1,40.16356235
2024-07-12T14:00:00-04:00,1332.12400019,1443.34000000,147.84851288,1184.27548731,3.10068731,1181.17480000,0.00000000,0.1109870499,0.1250000000,3,1,40.25961843
2024-07-12T14:15:00-04:00,1332.00370200,1443.34000000,147.98481469,1184.01888731,3.10068731,1180.91820000,0.00000000,0.1110994020,0.1250000000,3,1,40.25961843
2024-07-12T14:30:00-04:00,1336.01093980,1443.34000000,147.87285249,1188.13808731,3.10068731,1185.03740000,0.00000000,0.1106823665,0.1250000000,3,0,40.25961843
2024-07-12T14:45:00-04:00,1338.09737008,1443.34000000,147.73168277,1190.36568731,3.10068731,1187.26500000,0.00000000,0.1104042845,0.1250000000,3,1,40.25961843
2024-07-12T15:00:00-04:00,1334.87069075,1443.34000000,147.85500345,1187.01568731,3.10068731,1183.91500000,0.00000000,0.1107635402,0.1250000000,3,2,40.25961843
2024-07-12T15:15:00-04:00,1333.07726409,1443.34000000,147.94554679,1185.13171731,0.73891731,1184.39280000,0.00000000,0.1109804741,0.1250000000,4,0,40.33328553
2024-07-12T15:30:00-04:00,1328.15054723,1443.34000000,147.75082993,1180.39971731,0.73891731,1179.66080000,0.00000000,0.1112455438,0.1250000000,4,1,40.33328553
2024-07-12T15:45:00-04:00,1329.95146794,1443.34000000,147.82255064,1182.12891731,0.73891731,1181.39000000,0.00000000,0.1111488308,0.1250000000,4,1,40.33328553
2024-07-15T09:30:00-04:00,1369.60651291,1443.34000000,148.34179560,1221.26471731,0.73891731,1220.52580000,0.00000000,0.1083097913,0.1250000000,4,2,10.23033497
2024-07-15T09:45:00-04:00,1372.67281853,1443.34000000,148.40670122,1224.26611731,0.73891731,1223.52720000,0.00000000,0.1081151307,0.1250000000,4,2,10.23033497
2024-07-15T10:00:00-04:00,1368.73269944,1443.34000000,148.76368213,1219.96901731,0.73891731,1219.23010000,0.00000000,0.1086871689,0.1250000000,4,1,10.23033497
2024-07-15T10:15:00-04:00,1377.98672772,1443.34000000,148.79581042,1229.19091731,0.73891731,1228.45200000,0.00000000,0.1079805831,0.1250000000,4,0,10.23033497
2024-07-15T10:30:00-04:00,1369.89030506,1443.34000000,148.82858775,1221.06171731,0.73891731,1220.32280000,0.00000000,0.1086427046,0.1250000000,4,0,10.23033497
2024-07-15T10:45:00-04:00,1383.04727473,1443.34000000,149.05575743,1233.99151731,0.73891731,1233.25260000,0.00000000,0.1077734363,0.1250000000,4,0,10.23033497
2024-07-15T11:00:00-04:00,1375.15400302,1443.34000000,149.08788571,1226.06611731,0.73891731,1225.32720000,0.00000000,0.1084154105,0.1250000000,4,2,10.23033497
2024-07-15T11:15:00-04:00,1379.32841068,1443.34000000,148.89349337,1230.43491731,0.73891731,1229.69600000,0.00000000,0.1079463688,0.1250000000,4,0,10.23033497
2024-07-15T11:30:00-04:00,1379.50976911,1443.34000000,148.99085180,1230.51891731,0.73891731,1229.78000000,0.00000000,0.1080027522,0.1250000000,4,2,10.23033497
2024-07-15T11:45:00-04:00,1382.45453896,1443.34000000,148.92562166,1233.52891731,0.73891731,1232.79000000,0.00000000,0.1077255110,0.1250000000,4,1,10.15666787
2024-07-15T12:00:00-04:00,1386.44759944,1443.34000000,148.76368213,1237.68391731,0.73891731,1236.94500000,0.00000000,0.1072984527,0.1250000000,4,0,10.15666787
2024-07-15T12:15:00-04:00,1390.27596546,1443.34000000,148.78704816,1241.48891731,0.73891731,1240.75000000,0.00000000,0.1070197945,0.1250000000,4,0,10.15666787
2024-07-15T12:30:00-04:00,1401.10855137,1443.34000000,148.79613494,1252.31241643,856.57741643,395.73500000,0.00000000,0.1061988629,0.1250000000,3,1,10.15666787
2024-07-15T12:45:00-04:00,1418.55072215,1443.34000000,148.74745573,1269.80326643,23.75326643,1246.05000000,0.00000000,0.1048587501,0.1250000000,4,0,40.94260065
2024-07-15T13:00:00-04:00,1402.09232608,1443.34000000,148.50405965,1253.58826643,23.75326643,1229.83500000,0.00000000,0.1059160348,0.1250000000,4,0,40.94260065
2024-07-15T13:15:00-04:00,1399.27462046,1443.34000000,148.43915403,1250.83546643,23.75326643,1227.08220000,0.00000000,0.1060829317,0.1250000000,4,1,40.94260065
2024-07-15T13:30:00-04:00,1391.51461270,1443.34000000,148.40150877,1243.11310393,10.19310393,1232.92000000,0.00000000,0.1066474670,0.1250000000,5,0,41.42812671
2024-07-15T13:45:00-04:00,1388.86446369,1443.34000000,148.31485977,1240.54960393,10.19310393,1230.35650000,0.00000000,0.1067885770,0.1250000000,5,0,41.42812671
2024-07-15T14:00:00-04:00,1397.06269953,1443.34000000,148.34179560,1248.72090393,10.19310393,1238.52780000,0.00000000,0.1061812012,0.1250000000,5,0,41.42812671
2024-07-15T14:15:00-04:00,1412.32269953,1443.34000000,148.34179560,1263.98090393,10.19310393,1253.78780000,0.00000000,0.1050339244,0.1250000000,5,0,41.42812671
2024-07-15T14:30:00-04:00,1418.24735796,1443.34000000,148.43915403,1269.80820393,10.19310393,1259.61510000,0.00000000,0.1046637973,0.1250000000,5,0,41.42812671
2024-07-15T14:45:00-04:00,1425.70600123,1443.34000000,148.63289731,1277.07310393,10.19310393,1266.88000000,0.00000000,0.1042521370,0.1250000000,5,0,41.42812671
2024-07-15T15:00:00-04:00,1431.24688606,1443.34000000,148.76368213,1282.48320393,10.19310393,1272.29010000,0.00000000,0.1039399167,0.1250000000,5,1,41.42812671
2024-07-15T15:15:00-04:00,1426.95894281,1443.34000000,148.69877651,1278.26016630,5.81516630,1272.44500000,0.00000000,0.1042067659,0.1250000000,5,1,10.85260261
2024-07-15T15:30:00-04:00,1431.32576971,1443.34000000,148.37424841,1282.95152130,0.95152130,1282.00000000,0.00000000,0.1036621093,0.1250000000,6,0,11.00079700
2024-07-15T15:45:00-04:00,1436.36048657,1443.34000000,148.56896527,1287.79152130,0.95152130,1286.84000000,0.00000000,0.1034343166,0.1250000000,6,0,11.00079700
2024-07-16T09:30:00-04:00,1449.32020343,1443.34000000,148.76368213,1300.55652130,0.95152130,1299.60500000,0.00000000,0.1026437648,0.1250000000,6,0,0.84412913
2024-07-16T09:45:00-04:00,1460.55858789,1443.34000000,148.60141808,1311.95716981,10.46876981,1301.48840000,0.00000000,0.1017428670,0.1250000000,4,2,0.69593474
2024-07-16T10:00:00-04:00,1425.72584526,1443.34000000,148.24443717,1277.48140809,1247.14130809,30.34010000,0.00000000,0.1039782211,0.1250000000,3,0,1.08246904
2024-07-16T10:15:00-04:00,1425.28919807,1443.34000000,148.27688998,1277.01230809,1247.14130809,29.87100000,0.00000000,0.1040328448,0.1250000000,3,0,1.08246904
2024-07-16T10:30:00-04:00,1425.15809807,1443.34000000,148.27688998,1276.88120809,1247.14130809,29.73990000,0.00000000,0.1040424148,0.1250000000,3,2,1.08246904
2024-07-16T10:45:00-04:00,1441.55905307,1443.34000000,148.27688998,1293.28216309,4.14976309,1289.13240000,0.00000000,0.1028586999,0.1250000000,5,1,54.21841790
2024-07-16T11:00:00-04:00,1443.94121150,1443.34000000,148.37424841,1295.56696309,4.14976309,1291.41720000,0.00000000,0.1027564330,0.1250000000,5,1,54.21841790
2024-07-16T11:15:00-04:00,1448.80232993,1443.34000000,148.47160684,1300.33072309,0.22682309,1300.10390000,0.00000000,0.1024788570,0.1250000000,6,0,54.37384171
2024-07-16T11:30:00-04:00,1439.64097712,1443.34000000,148.43915403,1291.20182309,0.22682309,1290.97500000,0.00000000,0.1031084530,0.1250000000,6,0,54.37384171
2024-07-16T11:45:00-04:00,1446.13881869,1443.34000000,148.34179560,1297.79702309,0.22682309,1297.57020000,0.00000000,0.1025778395,0.1250000000,6,0,54.37384171
2024-07-16T12:00:00-04:00,1444.63875464,1443.34000000,148.17953155,1296.45922309,0.22682309,1296.23240000,0.00000000,0.1025720313,0.1250000000,6,0,54.37384171
2024-07-16T12:15:00-04:00,1454.11785284,1443.34000000,148.02602976,1306.09182309,0.22682309,1305.86500000,0.00000000,0.1017978216,0.1250000000,6,0,54.37384171
2024-07-16T12:30:00-04:00,1442.50047168,1443.34000000,148.08184859,1294.41862309,0.22682309,1294.19180000,0.00000000,0.1026563606,0.1250000000,6,0,54.37384171
2024-07-16T12:45:00-04:00,1449.22484509,1443.34000000,148.35802200,1300.86682309,0.22682309,1300.64000000,0.00000000,0.1023706035,0.1250000000,6,0,54.37384171
2024-07-16T13:00:00-04:00,1452.58896588,1443.34000000,148.30934279,1304.27962309,0.22682309,1304.05280000,0.00000000,0.1021000065,0.1250000000,6,0,54.37384171
2024-07-16T13:15:00-04:00,1452.27561120,1443.34000000,148.24378811,1304.03182309,0.22682309,1303.80500000,0.00000000,0.1020768971,0.1250000000,6,0,54.37384171
2024-07-16T13:30:00-04:00,1463.58898292,1443.34000000,148.21165983,1315.37732309,0.22682309,1315.15050000,0.00000000,0.1012659029,0.1250000000,6,0,54.16343302
2024-07-16T13:45:00-04:00,1472.62173573,1443.34000000,148.24411264,1324.37762309,0.22682309,1324.15080000,0.00000000,0.1006667965,0.1250000000,6,0,53.77689872
2024-07-16T14:00:00-04:00,1467.14953762,1443.34000000,148.24281453,1318.90672309,0.22682309,1318.67990000,0.00000000,0.1010413804,0.1250000000,6,0,53.77689872
2024-07-16T14:15:00-04:00,1466.92544886,1443.34000000,148.37262577,1318.55282309,0.22682309,1318.32600000,0.00000000,0.1011453076,0.1250000000,6,0,43.33798101
2024-07-16T14:30:00-04:00,1474.05724117,1443.34000000,148.60141808,1325.45582309,0.22682309,1325.22900000,0.00000000,0.1008111584,0.1250000000,6,0,43.33798101
2024-07-16T14:45:00-04:00,1480.22138063,1443.34000000,148.50405965,1331.71732098,7.52732098,1324.19000000,0.00000000,0.1003255740,0.1250000000,5,1,43.33798101
2024-07-16T15:00:00-04:00,1478.39303906,1443.34000000,148.60141808,1329.79162098,7.52732098,1322.26430000,0.00000000,0.1005155017,0.1250000000,5,1,43.33798101
2024-07-16T15:15:00-04:00,1479.80049594,1443.34000000,148.66632370,1331.13417223,2.65867223,1328.47550000,0.00000000,0.1004637612,0.1250000000,6,0,43.42417533
2024-07-16T15:30:00-04:00,1479.08754313,1443.34000000,148.63387089,1330.45367223,2.65867223,1327.79500000,0.00000000,0.1004902459,0.1250000000,6,0,43.42417533
2024-07-16T15:45:00-04:00,1490.74094875,1443.34000000,148.69877651,1342.04217223,2.65867223,1339.38350000,0.00000000,0.0997482337,0.1250000000,6,0,43.42417533
2024-07-17T09:30:00-04:00,1443.48639745,1443.34000000,145.90783483,1297.57856262,480.13056262,817.44800000,0.00000000,0.1010801592,0.1250000000,3,3,43.33798101
2024-07-17T09:45:00-04:00,1474.42705775,1443.34000000,146.07009888,1328.35695887,0.96645887,1327.39050000,0.00000000,0.0990690574,0.1250000000,6,0,12.60115725
2024-07-17T10:00:00-04:00,1450.17014216,1443.34000000,145.68066516,1304.48947700,5.00087700,1299.48860000,0.00000000,0.1004576366,0.1250000000,5,0,12.60115725
2024-07-17T10:15:00-04:00,1450.76408935,1443.34000000,145.64821235,1305.11587700,5.00087700,1300.11500000,0.00000000,0.1003941395,0.1250000000,5,0,12.60115725
2024-07-17T10:30:00-04:00,1435.97047450,1443.34000000,145.77802359,1290.19245091,800.95745091,489.23500000,0.00000000,0.1015188168,0.1250000000,4,0,12.60115725
2024-07-17T10:45:00-04:00,1432.07730483,1443.34000000,145.55085392,1286.52645091,800.95745091,485.56900000,0.00000000,0.1016361711,0.1250000000,4,0,12.60115725
2024-07-17T11:00:00-04:00,1433.46469841,1443.34000000,145.48594830,1287.97875011,806.40875011,481.57000000,0.00000000,0.1014925226,0.1250000000,3,0,12.43733674
2024-07-17T11:15:00-04:00,1426.63074470,1443.34000000,145.58330673,1281.04743797,1264.31243797,16.73500000,0.00000000,0.1020469433,0.1250000000,2,0,0.63243513
2024-07-17T11:30:00-04:00,1426.37001004,1443.34000000,145.31427293,1281.05573711,1267.65563711,13.40010000,0.00000000,0.1018769828,0.1250000000,1,0,0.48552605
2024-07-17T11:45:00-04:00,1426.27719307,1443.34000000,145.29155597,1280.98563711,1267.65563711,13.33000000,0.00000000,0.1018676851,0.1250000000,1,0,0.48552605
2024-07-17T12:00:00-04:00,1425.95117810,1443.34000000,145.09554099,1280.85563711,1267.65563711,13.20000000,0.00000000,0.1017535125,0.1250000000,1,0,0.48552605
2024-07-17T12:15:00-04:00,1425.81665762,1443.34000000,145.09619005,1280.72046758,1280.72046758,0.00000000,0.00000000,0.1017635678,0.1250000000,0,0,0.00000000
2024-07-17T12:30:00-04:00,1425.73585013,1443.34000000,145.01538255,1280.72046758,1280.72046758,0.00000000,0.00000000,0.1017126577,0.1250000000,0,0,0.00000000
2024-07-17T12:45:00-04:00,1425.92505001,1443.34000000,145.20458243,1280.72046758,1280.72046758,0.00000000,0.00000000,0.1018318476,0.1250000000,0,0,0.00000000
2024-07-17T13:00:00-04:00,1425.81698215,1443.34000000,145.09651458,1280.72046758,1280.72046758,0.00000000,0.00000000,0.1017637722,0.1250000000,0,0,0.00000000
2024-07-17T13:15:00-04:00,1426.00520845,1443.34000000,145.28474088,1280.72046758,1280.72046758,0.00000000,0.00000000,0.1018823354,0.1250000000,0,1,0.00000000
2024-07-17T13:30:00-04:00,1425.73808046,1443.34000000,145.12896739,1280.60911308,426.27411308,854.33500000,0.00000000,0.1017921660,0.1250000000,1,1,35.57087001
2024-07-17T13:45:00-04:00,1446.20027672,1443.34000000,144.99915615,1301.20112058,1.96612058,1299.23500000,0.00000000,0.1002621549,0.1250000000,2,0,55.60291904
2024-07-17T14:00:00-04:00,1469.93568234,1443.34000000,145.06406177,1324.87162058,1.96612058,1322.90550000,0.00000000,0.0986873531,0.1250000000,2,0,55.60291904
2024-07-17T14:15:00-04:00,1453.99188796,1443.34000000,145.12896739,1308.86292058,1.96612058,1306.89680000,0.00000000,0.0998141521,0.1250000000,2,1,55.60291904
2024-07-17T14:30:00-04:00,1455.58768796,1443.34000000,145.12896739,1310.45872058,1.96612058,1308.49260000,0.00000000,0.0997047231,0.1250000000,2,0,55.60291904
2024-07-17T14:45:00-04:00,1462.05126156,1443.34000000,145.11274098,1316.93852058,1.96612058,1314.97240000,0.00000000,0.0992528407,0.1250000000,2,1,55.60291904
2024-07-17T15:00:00-04:00,1484.60526406,1443.34000000,145.11274098,1339.49252308,0.63512308,1338.85740000,0.00000000,0.0977449996,0.1250000000,3,0,55.64817792
2024-07-17T15:15:00-04:00,1486.37593561,1443.34000000,145.35581253,1341.02012308,0.63512308,1340.38500000,0.00000000,0.0977920922,0.1250000000,3,0,20.07730791
2024-07-17T15:30:00-04:00,1486.15409046,1443.34000000,145.12896739,1341.02512308,0.63512308,1340.39000000,0.00000000,0.0976540510,0.1250000000,3,0,20.07730791
2024-07-17T15:45:00-04:00,1488.06192079,1443.34000000,144.90179771,1343.16012308,0.63512308,1342.52500000,0.00000000,0.0973761882,0.1250000000,3,0,20.07730791
2024-07-18T09:30:00-04:00,1823.61903364,1443.34000000,209.64114940,1613.97788424,1034.63947566,452.44000000,126.89840857,0.1235566694,0.1250000000,2,4,0.00000000
2024-07-18T09:45:00-04:00,1834.45958789,1443.34000000,209.43011865,1625.02946924,2.64606066,1495.48500000,126.89840857,0.1226486765,0.1250000000,4,2,19.93168303
2024-07-18T10:00:00-04:00,1849.52725645,1443.34000000,209.61759686,1639.90965959,1048.61913898,450.15160000,141.13892060,0.1226990330,0.1250000000,3,3,0.28986935
2024-07-18T10:15:00-04:00,1851.51355602,1443.34000000,209.24028519,1642.27327084,0.64875023,1500.48560000,141.13892060,0.1223359379,0.1250000000,5,1,26.11153233
2024-07-18T10:30:00-04:00,1838.70028720,1443.34000000,208.21151028,1630.48877692,446.19172169,1040.89000000,143.40705523,0.1228174019,0.1250000000,2,0,25.53931130
2024-07-18T10:45:00-04:00,1847.08979761,1443.34000000,208.91102069,1638.17877692,446.19172169,1048.58000000,143.40705523,0.1226231947,0.1250000000,2,0,25.53931130
2024-07-18T11:00:00-04:00,1840.14475681,1443.34000000,207.91097989,1632.23377692,446.19172169,1042.63500000,143.40705523,0.1225357223,0.1250000000,2,1,25.53931130
2024-07-18T11:15:00-04:00,1840.11541894,1443.34000000,207.45076328,1632.66465567,0.36260044,1488.89500000,143.40705523,0.1222666003,0.1250000000,3,0,43.49002763
2024-07-18T11:30:00-04:00,1827.51403584,1443.34000000,207.83938017,1619.67465567,0.36260044,1475.90500000,143.40705523,0.1234122194,0.1250000000,3,0,43.49002763
2024-07-18T11:45:00-04:00,1822.25752402,1443.34000000,207.49786835,1614.75965567,0.36260044,1470.99000000,143.40705523,0.1235952053,0.1250000000,3,0,43.49002763
2024-07-18T12:00:00-04:00,1829.37246968,1443.34000000,207.26281401,1622.10965567,0.36260044,1478.34000000,143.40705523,0.1229342027,0.1250000000,3,0,43.49002763
2024-07-18T12:15:00-04:00,1822.69173418,1443.34000000,207.59207851,1615.09965567,0.36260044,1471.33000000,143.40705523,0.1236193488,0.1250000000,3,0,43.49002763
2024-07-18T12:30:00-04:00,1827.38775992,1443.34000000,207.73810425,1619.64965567,0.36260044,1475.88000000,143.40705523,0.1233613329,0.1250000000,3,0,43.49002763
2024-07-18T12:45:00-04:00,1831.61067480,1443.34000000,207.96891913,1623.64175567,0.36260044,1479.87210000,143.40705523,0.1231894759,0.1250000000,3,0,43.49002763
2024-07-18T13:00:00-04:00,1820.68120527,1443.34000000,208.25154960,1612.42965567,0.36260044,1468.66000000,143.40705523,0.1241607102,0.1250000000,3,0,43.49002763
2024-07-18T13:15:00-04:00,1816.04226394,1443.34000000,208.05370827,1607.98855567,0.36260044,1464.21890000,143.40705523,0.1243867803,0.1250000000,3,0,43.49002763
2024-07-18T13:30:00-04:00,1817.08704945,1443.34000000,208.39239378,1608.69465567,0.36260044,1464.92500000,143.40705523,0.1245114923,0.1250000000,3,0,43.49002763
2024-07-18T13:45:00-04:00,1803.73624152,1443.34000000,207.97975330,1595.75648822,1.72001702,1450.61390000,143.42257120,0.1252653381,0.1250000000,2,0,43.49002763
2024-07-18T14:00:00-04:00,1794.94780483,1443.34000000,207.68346236,1587.26434247,1460.33357065,0.00000000,126.93077182,0.1245091976,0.1250000000,0,0,0.00000000
2024-07-18T14:15:00-04:00,1794.80931590,1443.34000000,207.54497343,1587.26434247,1460.33357065,0.00000000,126.93077182,0.1244365030,0.1250000000,0,0,0.00000000
2024-07-18T14:30:00-04:00,1794.48381981,1443.34000000,207.21947734,1587.26434247,1460.33357065,0.00000000,126.93077182,0.1242655984,0.1250000000,0,0,0.00000000
2024-07-18T14:45:00-04:00,1794.52668543,1443.34000000,207.26234296,1587.26434247,1460.33357065,0.00000000,126.93077182,0.1242881092,0.1250000000,0,0,0.00000000
2024-07-18T15:00:00-04:00,1793.63168895,1443.34000000,206.36734648,1587.26434247,1460.33357065,0.00000000,126.93077182,0.1238178634,0.1250000000,0,0,0.00000000
2024-07-18T15:15:00-04:00,1794.22050242,1443.34000000,206.95615996,1587.26434247,1460.33357065,0.00000000,126.93077182,0.1241272924,0.1250000000,0,0,0.00000000
2024-07-18T15:30:00-04:00,1795.28036668,1443.34000000,208.01602421,1587.26434247,1460.33357065,0.00000000,126.93077182,0.1246837143,0.1250000000,0,0,0.00000000
2024-07-18T15:45:00-04:00,1795.34066118,1443.34000000,208.07631871,1587.26434247,1460.33357065,0.00000000,126.93077182,0.1247153473,0.1250000000,0,0,0.00000000
2024-07-19T09:30:00-04:00,1796.35741515,1443.34000000,208.08668183,1588.27073332,1461.33996150,0.00000000,126.93077182,0.1246455977,0.1250000000,0,2,0.00000000
2024-07-19T09:45:00-04:00,1832.45800684,1443.34000000,208.20444452,1624.25356232,8.02279050,1489.30000000,126.93077182,0.1220762942,0.1250000000,2,0,67.37841469
2024-07-19T10:00:00-04:00,1855.23579669,1443.34000000,208.11023437,1647.12556232,8.02279050,1512.17200000,126.93077182,0.1204129082,0.1250000000,2,0,67.37841469
2024-07-19T10:15:00-04:00,1882.54564083,1443.34000000,207.59207851,1674.95356232,8.02279050,1540.00000000,126.93077182,0.1182446573,0.1250000000,2,0,17.17577248
2024-07-19T10:30:00-04:00,1859.19274591,1443.34000000,207.63918359,1651.55356232,8.02279050,1516.60000000,126.93077182,0.1198659248,0.1250000000,2,0,17.17577248
2024-07-19T10:45:00-04:00,1877.80283456,1443.34000000,207.84927223,1669.95356232,8.02279050,1535.00000000,126.93077182,0.1187118560,0.1250000000,2,0,17.17577248
2024-07-19T11:00:00-04:00,1852.46092246,1443.34000000,207.57936014,1644.88156232,8.02279050,1509.92800000,126.93077182,0.1202988890,0.1250000000,2,2,17.17577248
2024-07-19T11:15:00-04:00,1838.79609543,1443.34000000,208.01272685,1630.78336857,1.09259675,1502.76000000,126.93077182,0.1215123199,0.1250000000,3,0,17.45019580
2024-07-19T11:30:00-04:00,1851.27107465,1443.34000000,207.27270608,1643.99836857,1.09259675,1515.97500000,126.93077182,0.1202040605,0.1250000000,3,0,17.45019580
2024-07-19T11:45:00-04:00,1864.61544708,1443.34000000,207.59207851,1657.02336857,1.09259675,1529.00000000,126.93077182,0.1194647576,0.1250000000,3,1,17.45019580
2024-07-19T12:00:00-04:00,1873.20976231,1443.34000000,207.73339374,1665.47636857,1.09259675,1537.45300000,126.93077182,0.1189577352,0.1250000000,3,1,17.45019580
2024-07-19T12:15:00-04:00,1884.47647423,1443.34000000,207.38010566,1677.09636857,1.09259675,1549.07300000,126.93077182,0.1179941468,0.1250000000,3,0,17.45019580
2024-07-19T12:30:00-04:00,1896.96335083,1443.34000000,206.93260742,1690.03074341,1141.22686717,385.05000000,163.75387624,0.1193927280,0.1250000000,2,0,17.45019580
2024-07-19T12:45:00-04:00,1901.36048095,1443.34000000,207.30473753,1694.05574341,1141.22686717,389.07500000,163.75387624,0.1193047592,0.1250000000,2,0,17.45019580
2024-07-19T13:00:00-04:00,1902.29993052,1443.34000000,206.74418711,1695.55574341,1141.22686717,390.57500000,163.75387624,0.1189178662,0.1250000000,2,0,17.45019580
2024-07-19T13:15:00-04:00,1901.84131437,1443.34000000,206.83557096,1695.00574341,1141.22686717,390.02500000,163.75387624,0.1190018214,0.1250000000,2,0,17.45019580
2024-07-19T13:30:00-04:00,1899.55572036,1443.34000000,206.64997695,1692.90574341,1141.22686717,387.92500000,163.75387624,0.1190515943,0.1250000000,2,0,17.45019580
2024-07-19T13:45:00-04:00,1898.86914067,1443.34000000,206.83839726,1692.03074341,1141.22686717,387.05000000,163.75387624,0.1192072950,0.1250000000,2,0,17.45019580
2024-07-19T14:00:00-04:00,1896.74598130,1443.34000000,207.21523789,1689.53074341,1141.22686717,384.55000000,163.75387624,0.1195707916,0.1250000000,2,0,17.45019580
2024-07-19T14:15:00-04:00,1893.52250665,1443.34000000,206.79176323,1686.73074341,1141.22686717,381.75000000,163.75387624,0.1195487995,0.1250000000,2,0,17.45019580
2024-07-19T14:30:00-04:00,1891.89414067,1443.34000000,206.83839726,1685.05574341,1141.22686717,380.07500000,163.75387624,0.1196884313,0.1250000000,2,0,17.45019580
2024-07-19T14:45:00-04:00,1892.84887622,1443.34000000,207.16813281,1685.68074341,1141.22686717,380.70000000,163.75387624,0.1198130426,0.1250000000,2,0,17.45019580
2024-07-19T15:00:00-04:00,1895.37137446,1443.34000000,207.61563105,1687.75574341,1141.22686717,382.77500000,163.75387624,0.1198969352,0.1250000000,2,0,17.45019580
2024-07-19T15:15:00-04:00,1899.56793060,1443.34000000,208.06218719,1691.50574341,1141.22686717,386.52500000,163.75387624,0.1198643292,0.1250000000,2,0,17.45019580
2024-07-19T15:30:00-04:00,1893.40032368,1443.34000000,207.14458027,1686.25574341,1141.22686717,381.27500000,163.75387624,0.1197612267,0.1250000000,2,0,17.45019580
2024-07-19T15:45:00-04:00,1892.04308637,1443.34000000,207.26234296,1684.78074341,1141.22686717,379.80000000,163.75387624,0.1199234143,0.1250000000,2,0,17.45019580
2024-07-22T09:30:00-04:00,1913.42189281,1443.34000000,209.64114940,1703.78074341,1141.22686717,398.80000000,163.75387624,0.1198176725,0.1250000000,2,3,0.27442332
2024-07-22T09:45:00-04:00,1909.75057598,1443.34000000,209.71180702,1700.03876896,383.07106956,1150.83500000,166.13269941,0.1202739487,0.1250000000,3,0,25.62326782
2024-07-22T10:00:00-04:00,1915.13937266,1443.34000000,209.21720370,1705.92216896,383.07106956,1156.71840000,166.13269941,0.1196205863,0.1250000000,3,1,25.62326782
2024-07-22T10:15:00-04:00,1918.52817469,1443.34000000,209.57002073,1708.95815396,1.96545456,1540.86000000,166.13269941,0.1195905968,0.1250000000,4,0,36.22354247
2024-07-22T10:30:00-04:00,1913.06179145,1443.34000000,209.99443748,1703.06735396,1.96545456,1534.96920000,166.13269941,0.1202077625,0.1250000000,4,0,36.22354247
2024-07-22T10:45:00-04:00,1907.47272367,1443.34000000,209.82956971,1697.64315396,1.96545456,1529.54500000,166.13269941,0.1204989070,0.1250000000,4,0,36.22354247
2024-07-22T11:00:00-04:00,1905.36380512,1443.34000000,209.19365116,1696.17015396,1.96545456,1528.07200000,166.13269941,0.1202793869,0.1250000000,4,0,36.22354247
2024-07-22T11:15:00-04:00,1900.29891372,1443.34000000,208.34575976,1691.95315396,1.96545456,1523.85500000,166.13269941,0.1201417477,0.1250000000,4,0,36.22354247
2024-07-22T11:30:00-04:00,1900.88683368,1443.34000000,208.62367972,1692.26315396,1.96545456,1524.16500000,166.13269941,0.1202612379,0.1250000000,4,0,36.22354247
2024-07-22T11:45:00-04:00,1902.03810688,1443.34000000,208.74615292,1693.29195396,1.96545456,1525.19380000,166.13269941,0.1202520322,0.1250000000,4,0,36.22354247
2024-07-22T12:00:00-04:00,1895.60823192,1443.34000000,209.07117796,1686.53705396,1.96545456,1518.43890000,166.13269941,0.1208870400,0.1250000000,4,0,36.22354247
2024-07-22T12:15:00-04:00,1900.79558989,1443.34000000,209.05233593,1691.74325396,1.96545456,1523.64510000,166.13269941,0.1205146758,0.1250000000,4,1,36.22354247
2024-07-22T12:30:00-04:00,1910.91470004,1443.34000000,209.14654608,1701.76815396,1.96545456,1533.67000000,166.13269941,0.1198697293,0.1250000000,4,0,36.01938925
2024-07-22T12:45:00-04:00,1913.55944574,1443.34000000,209.57049178,1703.98895396,1.96545456,1535.89080000,166.13269941,0.1199309168,0.1250000000,4,1,36.01938925
2024-07-22T13:00:00-04:00,1913.51302040,1443.34000000,209.99396643,1703.51905396,1.96545456,1535.42090000,166.13269941,0.1201764515,0.1250000000,4,0,36.01938925
2024-07-22T13:15:00-04:00,1914.01133383,1443.34000000,209.92377987,1704.08755396,1.96545456,1535.98940000,166.13269941,0.1201020344,0.1250000000,4,0,36.01938925
2024-07-22T13:30:00-04:00,1922.05969652,1443.34000000,210.04154256,1712.01815396,1.96545456,1543.92000000,166.13269941,0.1196186077,0.1250000000,4,0,36.01938925
2024-07-22T13:45:00-04:00,1921.64982547,1443.34000000,210.04107151,1711.60875396,1.96545456,1543.51060000,166.13269941,0.1196462674,0.1250000000,4,0,36.01938925
2024-07-22T14:00:00-04:00,1916.41560160,1443.34000000,210.08864764,1706.32695396,1.96545456,1538.22880000,166.13269941,0.1200312517,0.1250000000,4,0,36.01938925
2024-07-22T14:15:00-04:00,1916.04811684,1443.34000000,210.22996287,1705.81815396,1.96545456,1537.72000000,166.13269941,0.1201372139,0.1250000000,4,0,36.01938925
2024-07-22T14:30:00-04:00,1913.07522191,1443.34000000,210.27706795,1702.79815396,1.96545456,1534.70000000,166.13269941,0.1203686242,0.1250000000,4,0,36.01938925
2024-07-22T14:45:00-04:00,1916.34769638,1443.34000000,210.07734242,1706.27035396,1.96545456,1538.17220000,166.13269941,0.1200294494,0.1250000000,4,1,36.01938925
2024-07-22T15:00:00-04:00,1913.66802855,1443.34000000,210.14611584,1703.52191271,0.30921331,1537.08000000,166.13269941,0.1202528569,0.1250000000,5,0,36.06961929
2024-07-22T15:15:00-04:00,1915.08825527,1443.34000000,210.04154256,1705.04671271,0.30921331,1538.60480000,166.13269941,0.1200954146,0.1250000000,5,0,36.06961929
2024-07-22T15:30:00-04:00,1915.73758574,1443.34000000,210.32417303,1705.41341271,0.30921331,1538.97150000,166.13269941,0.1202123832,0.1250000000,5,0,36.06961929
2024-07-22T15:45:00-04:00,1910.17929445,1443.34000000,210.11738174,1700.06191271,0.30921331,1533.62000000,166.13269941,0.1204769313,0.1250000000,5,1,36.06961929
2024-07-23T09:30:00-04:00,1914.34774379,1443.34000000,210.65390858,1703.69383521,4.64688757,1532.88520000,166.16174764,0.1204985677,0.1250000000,4,1,36.06961929
2024-07-23T09:45:00-04:00,1920.03424751,1443.34000000,210.58325096,1709.45099655,378.89926576,1168.41490000,162.13683079,0.1197926847,0.1250000000,3,1,0.32465336
2024-07-23T10:00:00-04:00,1926.88027782,1443.34000000,210.22996287,1716.65031495,9.31348416,1545.20000000,162.13683079,0.1191277765,0.1250000000,4,2,0.32465336
2024-07-23T10:15:00-04:00,1931.47637773,1443.34000000,210.41461478,1721.06176295,384.37527104,1166.85500000,169.83149191,0.1194421285,0.1250000000,4,1,0.47504742
2024-07-23T10:30:00-04:00,1938.81425360,1443.34000000,210.39483065,1728.41942295,1.76853104,1556.81940000,169.83149191,0.1189354895,0.1250000000,5,0,18.78867131
2024-07-23T10:45:00-04:00,1933.30926410,1443.34000000,210.39954115,1722.90972295,1.76853104,1551.30970000,169.83149191,0.1193094376,0.1250000000,5,0,18.78867131
2024-07-23T11:00:00-04:00,1939.53169422,1443.34000000,210.77167127,1728.76002295,1.76853104,1557.16000000,169.83149191,0.1191002131,0.1250000000,5,1,18.78867131
2024-07-23T11:15:00-04:00,1936.52524648,1443.34000000,210.86682353,1725.65842295,1.76853104,1554.05840000,169.83149191,0.1193567493,0.1250000000,5,0,18.78867131
2024-07-23T11:30:00-04:00,1949.67310438,1443.34000000,210.86588143,1738.80722295,1.76853104,1567.20720000,169.83149191,0.1184745204,0.1250000000,5,0,18.78867131
2024-07-23T11:45:00-04:00,1946.20445691,1443.34000000,210.88943397,1735.31502295,1.76853104,1563.71500000,169.83149191,0.1187191193,0.1250000000,5,0,18.78867131
2024-07-23T12:00:00-04:00,1950.54235184,1443.34000000,210.84232889,1739.70002295,1.76853104,1568.10000000,169.83149191,0.1184034610,0.1250000000,5,0,18.78867131
2024-07-23T12:15:00-04:00,1945.88891043,1443.34000000,210.32417303,1735.56473740,9.29596570,1556.49500000,169.77377170,0.1184180960,0.1250000000,4,0,18.63827725
2024-07-23T12:30:00-04:00,1942.48957313,1443.34000000,210.44193572,1732.04763740,9.29596570,1552.97790000,169.77377170,0.1187116037,0.1250000000,4,0,18.63827725
2024-07-23T12:45:00-04:00,1936.37416763,1443.34000000,210.50223022,1725.87193740,9.29596570,1546.80220000,169.77377170,0.1191566756,0.1250000000,4,0,18.63827725
2024-07-23T13:00:00-04:00,1937.22434090,1443.34000000,210.60680350,1726.61753740,9.29596570,1547.54780000,169.77377170,0.1191585254,0.1250000000,4,0,18.63827725
2024-07-23T13:15:00-04:00,1941.00522566,1443.34000000,210.46548826,1730.53973740,9.29596570,1551.47000000,169.77377170,0.1188243850,0.1250000000,4,0,18.63827725
2024-07-23T13:30:00-04:00,1942.72588328,1443.34000000,210.53614588,1732.18973740,9.29596570,1553.12000000,169.77377170,0.1187489185,0.1250000000,4,0,18.63827725
2024-07-23T13:45:00-04:00,1946.27576186,1443.34000000,210.51259334,1735.76316851,16.56839899,1549.22000000,169.97476953,0.1185117805,0.1250000000,3,0,18.63827725
2024-07-23T14:00:00-04:00,1945.66176693,1443.34000000,210.55969842,1735.10206851,16.56839899,1548.55890000,169.97476953,0.1185792872,0.1250000000,3,0,18.63827725
2024-07-23T14:15:00-04:00,1950.42076693,1443.34000000,210.55969842,1739.86106851,16.56839899,1553.31790000,169.97476953,0.1182623336,0.1250000000,3,0,18.63827725
2024-07-23T14:30:00-04:00,1952.75286693,1443.34000000,210.55969842,1742.19316851,16.56839899,1555.65000000,169.97476953,0.1181076314,0.1250000000,3,0,18.63827725
2024-07-23T14:45:00-04:00,1955.80423291,1443.34000000,210.51306439,1745.29116851,16.56839899,1558.74800000,169.97476953,0.1178797129,0.1250000000,3,1,18.63827725
2024-07-23T15:00:00-04:00,1953.89472829,1443.34000000,210.53284853,1743.36187976,1.37201024,1572.01510000,169.97476953,0.1180169814,0.1250000000,4,1,18.96757352
2024-07-23T15:15:00-04:00,1955.86389850,1443.34000000,210.74811873,1745.11577976,1.37201024,1573.76900000,169.97476953,0.1180073921,0.1250000000,4,1,18.96757352
2024-07-23T15:30:00-04:00,1946.98873978,1443.34000000,210.28696002,1736.70177976,1.37201024,1565.35500000,169.97476953,0.1183372576,0.1250000000,4,0,18.96757352
2024-07-23T15:45:00-04:00,1937.80138729,1443.34000000,210.18285780,1727.61852949,1145.82315619,405.56500000,176.23037330,0.1193155746,0.1250000000,3,0,18.96757352
2024-07-24T09:30:00-04:00,1930.48166582,1443.34000000,206.27313633,1724.20852949,1145.82315619,402.15500000,176.23037330,0.1175847139,0.1250000000,3,0,18.96757352
2024-07-24T09:45:00-04:00,1921.34576736,1443.34000000,205.89629570,1715.44947166,1160.80506359,378.54000000,176.10440807,0.1179758287,0.1250000000,2,0,18.63827725
2024-07-24T10:00:00-04:00,1919.75771150,1443.34000000,205.37813985,1714.37957166,1160.80506359,377.47010000,176.10440807,0.1177861100,0.1250000000,2,0,18.63827725
2024-07-24T10:15:00-04:00,1919.17856228,1443.34000000,205.84919062,1713.32937166,1160.80506359,376.41990000,176.10440807,0.1180954867,0.1250000000,2,0,18.63827725
2024-07-24T10:30:00-04:00,1914.58123181,1443.34000000,205.56656016,1709.01467166,1160.80506359,372.10520000,176.10440807,0.1182452118,0.1250000000,2,0,18.63827725
2024-07-24T10:45:00-04:00,1913.51603181,1443.34000000,205.56656016,1707.94947166,1160.80506359,371.04000000,176.10440807,0.1183177074,0.1250000000,2,0,18.63827725
2024-07-24T11:00:00-04:00,1915.37840135,1443.34000000,205.28392969,1710.09447166,1160.80506359,373.18500000,176.10440807,0.1180285168,0.1250000000,2,0,18.63827725
2024-07-24T11:15:00-04:00,1921.58208403,1443.34000000,205.00271237,1716.57937166,1160.80506359,379.66990000,176.10440807,0.1174479142,0.1250000000,2,0,18.63827725
2024-07-24T11:30:00-04:00,1918.49141506,1443.34000000,205.14214340,1713.34927166,1160.80506359,376.43980000,176.10440807,0.1177362679,0.1250000000,2,0,18.63827725
2024-07-24T11:45:00-04:00,1915.00844549,1443.34000000,204.76577383,1710.24267166,1160.80506359,373.33320000,176.10440807,0.1177556492,0.1250000000,2,0,18.63827725
2024-07-24T12:00:00-04:00,1913.16240486,1443.34000000,204.38893321,1708.77347166,1160.80506359,371.86400000,176.10440807,0.1176638509,0.1250000000,2,0,18.63827725
2024-07-24T12:15:00-04:00,1914.42629979,1443.34000000,204.34182813,1710.08447166,1160.80506359,373.17500000,176.10440807,0.1175512022,0.1250000000,2,0,18.63827725
2024-07-24T12:30:00-04:00,1911.04363709,1443.34000000,204.22406544,1706.81957166,1160.80506359,369.91010000,176.10440807,0.1177125181,0.1250000000,2,0,18.63827725
2024-07-24T12:45:00-04:00,1912.30830486,1443.34000000,204.38893321,1707.91937166,1160.80506359,371.00990000,176.10440807,0.1177217339,0.1250000000,2,0,18.63827725
2024-07-24T13:00:00-04:00,1913.63085906,1443.34000000,204.65978741,1708.97107166,1160.80506359,372.06160000,176.10440807,0.1177880125,0.1250000000,2,1,18.63827725
2024-07-24T13:15:00-04:00,1914.56893033,1443.34000000,204.67156368,1709.89736666,15.00635859,1518.78660000,176.10440807,0.1177312284,0.1250000000,3,2,69.18957294
2024-07-24T13:30:00-04:00,1918.20472553,1443.34000000,204.78932637,1713.41539916,0.50549109,1536.80550000,176.10440807,0.1175531193,0.1250000000,4,0,69.81393123
2024-07-24T13:45:00-04:00,1909.33817475,1443.34000000,204.31827559,1705.01989916,0.50549109,1528.41000000,176.10440807,0.1178826997,0.1250000000,4,0,69.81393123
2024-07-24T14:00:00-04:00,1905.29282912,1443.34000000,204.34182813,1700.95100099,14.60645622,1510.47500000,175.86954477,0.1181560524,0.1250000000,3,0,69.18957294
2024-07-24T14:15:00-04:00,1871.63019865,1443.34000000,204.05919766,1667.57100099,14.60645622,1477.09500000,175.86954477,0.1203349053,0.1250000000,3,0,69.18957294
2024-07-24T14:30:00-04:00,1854.12523350,1443.34000000,203.86748000,1650.25775351,1498.76461196,1.61010000,149.88304155,0.1196235376,0.1250000000,1,0,0.05023004
2024-07-24T14:45:00-04:00,1853.80859531,1443.34000000,203.54104181,1650.26755351,1498.76461196,1.61990000,149.88304155,0.1194541870,0.1250000000,1,0,0.05023004
2024-07-24T15:00:00-04:00,1853.75659024,1443.34000000,203.49393673,1650.26265351,1498.76461196,1.61500000,149.88304155,0.1194301871,0.1250000000,1,0,0.05023004
2024-07-24T15:15:00-04:00,1853.55797662,1443.34000000,203.30551642,1650.25246021,1500.38844944,0.00000000,149.86401077,0.1193321808,0.1250000000,0,0,0.00000000
2024-07-24T15:30:00-04:00,1854.26455279,1443.34000000,204.01209258,1650.25246021,1500.38844944,0.00000000,149.86401077,0.1196972704,0.1250000000,0,0,0.00000000
2024-07-24T15:45:00-04:00,1853.39310885,1443.34000000,203.14064864,1650.25246021,1500.38844944,0.00000000,149.86401077,0.1192469497,0.1250000000,0,0,0.00000000
2024-07-25T09:30:00-04:00,1850.73831910,1443.34000000,211.22076824,1639.51755086,1489.65354010,0.00000000,149.86401077,0.1241836432,0.1250000000,0,1,0.00000000
2024-07-25T09:45:00-04:00,1896.59301156,1443.34000000,210.50496070,1686.08805086,382.82404010,1153.40000000,149.86401077,0.1205138064,0.1250000000,1,0,0.00000000
2024-07-25T10:00:00-04:00,1899.52213011,1443.34000000,209.48407925,1690.03805086,382.82404010,1157.35000000,149.86401077,0.1197285784,0.1250000000,1,0,0.00000000
2024-07-25T10:15:00-04:00,1941.56708325,1443.34000000,210.67461155,1730.89247170,1547.21974022,0.00000000,183.67273148,0.1198448652,0.1250000000,0,0,0.00000000
2024-07-25T10:30:00-04:00,1942.60830295,1443.34000000,211.71583126,1730.89247170,1547.21974022,0.00000000,183.67273148,0.1203658819,0.1250000000,0,0,0.00000000
2024-07-25T10:45:00-04:00,1943.10485413,1443.34000000,212.21238244,1730.89247170,1547.21974022,0.00000000,183.67273148,0.1206141344,0.1250000000,0,1,0.00000000
2024-07-25T11:00:00-04:00,1945.28380708,1443.34000000,212.01396039,1733.26984670,382.84711522,1166.75000000,183.67273148,0.1203523089,0.1250000000,1,0,50.12597451
2024-07-25T11:15:00-04:00,1925.96089876,1443.34000000,212.19105206,1713.76984670,382.84711522,1147.25000000,183.67273148,0.1217887236,0.1250000000,1,0,50.12597451
2024-07-25T11:30:00-04:00,1932.23420157,1443.34000000,211.96435487,1720.26984670,382.84711522,1153.75000000,183.67273148,0.1212221352,0.1250000000,1,0,50.12597451
2024-07-25T11:45:00-04:00,1942.17865518,1443.34000000,212.15880848,1730.01984670,382.84711522,1163.50000000,183.67273148,0.1206471958,0.1250000000,1,0,50.12597451
2024-07-25T12:00:00-04:00,1951.98222913,1443.34000000,212.21238244,1739.76984670,382.84711522,1173.25000000,183.67273148,0.1200086199,0.1250000000,1,0,50.12597451
2024-07-25T12:15:00-04:00,1953.07355041,1443.34000000,213.30370371,1739.76984670,382.84711522,1173.25000000,183.67273148,0.1205513762,0.1250000000,1,0,50.12597451
2024-07-25T12:30:00-04:00,1963.16197746,1443.34000000,213.18713076,1749.97484670,382.84711522,1183.45500000,183.67273148,0.1198024272,0.1250000000,1,0,50.12597451
2024-07-25T12:45:00-04:00,1982.07949129,1443.34000000,213.05964459,1769.01984670,382.84711522,1202.50000000,183.67273148,0.1184713322,0.1250000000,1,0,50.12597451
2024-07-25T13:00:00-04:00,1985.57355041,1443.34000000,213.30370371,1772.26984670,382.84711522,1205.75000000,183.67273148,0.1183770502,0.1250000000,1,0,50.12597451
2024-07-25T13:15:00-04:00,1978.62710080,1443.34000000,212.85725410,1765.76984670,382.84711522,1199.25000000,183.67273148,0.1185864431,0.1250000000,1,0,50.12597451
2024-07-25T13:30:00-04:00,1978.64049429,1443.34000000,212.87064759,1765.76984670,382.84711522,1199.25000000,183.67273148,0.1185930199,0.1250000000,1,0,50.12597451
2024-07-25T13:45:00-04:00,1972.22631182,1443.34000000,212.95646512,1759.26984670,382.84711522,1192.75000000,183.67273148,0.1190663044,0.1250000000,1,0,50.12597451
2024-07-25T14:00:00-04:00,1962.44160474,1443.34000000,212.85675804,1749.58484670,382.84711522,1183.06500000,183.67273148,0.1196652141,0.1250000000,1,0,50.12597451
2024-07-25T14:15:00-04:00,1958.77986221,1443.34000000,212.51001551,1746.26984670,382.84711522,1179.75000000,183.67273148,0.1197167269,0.1250000000,1,0,50.12597451
2024-07-25T14:30:00-04:00,1952.23025670,1443.34000000,212.46041000,1739.76984670,382.84711522,1173.25000000,183.67273148,0.1201320324,0.1250000000,1,0,50.12597451
2024-07-25T14:45:00-04:00,1955.13301811,1443.34000000,212.11317141,1743.01984670,382.84711522,1176.50000000,183.67273148,0.1197391627,0.1250000000,1,0,50.12597451
2024-07-25T15:00:00-04:00,1964.78380708,1443.34000000,212.01396039,1752.76984670,382.84711522,1186.25000000,183.67273148,0.1190346651,0.1250000000,1,0,50.12597451
2024-07-25T15:15:00-04:00,1971.31237694,1443.34000000,212.82253024,1758.48984670,382.84711522,1191.97000000,183.67273148,0.1190522546,0.1250000000,1,0,50.12597451
2024-07-25T15:30:00-04:00,1964.51097677,1443.34000000,211.74113007,1752.76984670,382.84711522,1186.25000000,183.67273148,0.1188996983,0.1250000000,1,0,50.12597451
2024-07-25T15:45:00-04:00,1953.74406376,1443.34000000,210.72421706,1743.01984670,382.84711522,1176.50000000,183.67273148,0.1190484322,0.1250000000,1,0,50.12597451
2024-07-26T09:30:00-04:00,1988.45775760,1443.34000000,211.26987770,1777.18787990,384.51514843,1209.00000000,183.67273148,0.1170609655,0.1250000000,1,2,0.00000000
2024-07-26T09:45:00-04:00,1981.86004366,1443.34000000,211.31948321,1770.54056045,1.13522898,1585.73260000,183.67273148,0.1175180593,0.1250000000,2,1,12.64143686
2024-07-26T10:00:00-04:00,1987.49626020,1443.34000000,211.46829975,1776.02796045,1.13522898,1591.22000000,183.67273148,0.1172333637,0.1250000000,2,0,12.64143686
2024-07-26T10:15:00-04:00,1972.42955391,1443.34000000,212.31159346,1760.11796045,1.13522898,1575.31000000,183.67273148,0.1186922620,0.1250000000,2,0,12.64143686
2024-07-26T10:30:00-04:00,1970.15016381,1443.34000000,211.79073558,1758.35942823,1175.56356292,393.21740000,189.57846530,0.1189453566,0.1250000000,1,0,12.64143686
2024-07-26T10:45:00-04:00,1966.95638310,1443.34000000,211.96435487,1754.99202823,1175.56356292,389.85000000,189.57846530,0.1192567730,0.1250000000,1,0,12.64143686
2024-07-26T11:00:00-04:00,1966.07391461,1443.34000000,212.21188638,1753.86202823,1175.56356292,388.72000000,189.57846530,0.1194553504,0.1250000000,1,0,12.64143686
2024-07-26T11:15:00-04:00,1956.88559412,1443.34000000,212.06356590,1744.82202823,1175.56356292,379.68000000,189.57846530,0.1199924803,0.1250000000,1,0,12.64143686
2024-07-26T11:30:00-04:00,1960.52312563,1443.34000000,212.31109740,1748.21202823,1175.56356292,383.07000000,189.57846530,0.1198857887,0.1250000000,1,0,12.64143686
2024-07-26T11:45:00-04:00,1961.90164925,1443.34000000,212.55962102,1749.34202823,1175.56356292,384.20000000,189.57846530,0.1199327656,0.1250000000,1,0,12.64143686
2024-07-26T12:00:00-04:00,1962.14967681,1443.34000000,212.80764859,1749.34202823,1175.56356292,384.20000000,189.57846530,0.1200559093,0.1250000000,1,1,12.64143686
2024-07-26T12:15:00-04:00,1965.73705437,1443.34000000,213.05567615,1752.68137823,0.48291292,1562.62000000,189.57846530,0.1199530703,0.1250000000,2,0,59.38839681
2024-07-26T12:30:00-04:00,1963.93365989,1443.34000000,213.10528166,1750.82837823,0.48291292,1560.76700000,189.57846530,0.1201029435,0.1250000000,2,0,59.38839681
2024-07-26T12:45:00-04:00,1958.86860242,1443.34000000,213.45202419,1745.41657823,0.48291292,1555.35520000,189.57846530,0.1206427480,0.1250000000,2,0,59.38839681
2024-07-26T13:00:00-04:00,1957.77287642,1443.34000000,213.25409820,1744.51877823,0.48291292,1554.45740000,189.57846530,0.1206055719,0.1250000000,2,0,59.38839681
2024-07-26T13:15:00-04:00,1963.18912927,1443.34000000,213.29775105,1749.89137823,0.48291292,1559.83000000,189.57846530,0.1202618790,0.1250000000,2,0,59.38839681
2024-07-26T13:30:00-04:00,1951.83284834,1443.34000000,212.64147012,1739.19137823,0.48291292,1549.13000000,189.57846530,0.1206644581,0.1250000000,2,0,59.38839681
2024-07-26T13:45:00-04:00,1960.43902681,1443.34000000,212.80764859,1747.63137823,0.48291292,1557.57000000,189.57846530,0.1201718832,0.1250000000,2,0,59.38839681
2024-07-26T14:00:00-04:00,1966.03705437,1443.34000000,213.05567615,1752.98137823,0.48291292,1562.92000000,189.57846530,0.1199328132,0.1250000000,2,1,59.38839681
2024-07-26T14:15:00-04:00,1959.80248831,1443.34000000,213.00111008,1746.80137823,0.48291292,1556.74000000,189.57846530,0.1203243812,0.1250000000,2,0,59.38839681
2024-07-26T14:30:00-04:00,1961.56902681,1443.34000000,212.80764859,1748.76137823,0.48291292,1558.70000000,189.57846530,0.1200952495,0.1250000000,2,0,59.38839681
2024-07-26T14:45:00-04:00,1961.66823784,1443.34000000,212.90685961,1748.76137823,0.48291292,1558.70000000,189.57846530,0.1201445112,0.1250000000,2,0,59.38839681
2024-07-26T15:00:00-04:00,1963.75461854,1443.34000000,212.73324032,1751.02137823,0.48291292,1560.96000000,189.57846530,0.1199053656,0.1250000000,2,0,59.38839681
2024-07-26T15:15:00-04:00,1967.36784335,1443.34000000,212.95646512,1754.41137823,0.48291292,1564.35000000,189.57846530,0.1197872300,0.1250000000,2,0,59.38839681
2024-07-26T15:30:00-04:00,1971.23823784,1443.34000000,212.90685961,1758.33137823,0.48291292,1568.27000000,189.57846530,0.1194991675,0.1250000000,2,1,59.38839681
2024-07-26T15:45:00-04:00,1982.76823784,1443.34000000,212.90685961,1769.86137823,0.48291292,1579.80000000,189.57846530,0.1187308019,0.1250000000,2,1,59.38839681
2024-07-29T09:30:00-04:00,2059.88135772,1443.34000000,214.60684052,1845.27451719,1233.86533097,387.59000000,223.81918622,0.1168842994,0.1250000000,1,1,0.00000000
2024-07-29T09:45:00-04:00,2111.15653515,1443.34000000,214.97292921,1896.18360594,385.16424614,1285.75000000,225.26935980,0.1139903447,0.1250000000,1,0,0.00000000
2024-07-29T10:00:00-04:00,2100.10402542,1443.34000000,214.34541947,1885.75860594,385.16424614,1275.32500000,225.26935980,0.1143276383,0.1250000000,1,0,0.00000000
2024-07-29T10:15:00-04:00,2096.87705298,1443.34000000,214.59344703,1882.28360594,385.16424614,1271.85000000,225.26935980,0.1146572798,0.1250000000,1,0,0.00000000
2024-07-29T10:30:00-04:00,2096.57941990,1443.34000000,214.29581396,1882.28360594,385.16424614,1271.85000000,225.26935980,0.1145164655,0.1250000000,1,0,0.00000000
2024-07-29T10:45:00-04:00,2110.20658958,1443.34000000,214.02298364,1896.18360594,385.16424614,1285.75000000,225.26935980,0.1135438254,0.1250000000,1,0,0.00000000
2024-07-29T11:00:00-04:00,2099.31033722,1443.34000000,213.55173127,1885.75860594,385.16424614,1275.32500000,225.26935980,0.1139525410,0.1250000000,1,1,0.00000000
2024-07-29T11:15:00-04:00,2079.49652362,1443.34000000,213.65094230,1865.84558132,0.17622152,1640.40000000,225.26935980,0.1152237150,0.1250000000,2,0,15.30337315
2024-07-29T11:30:00-04:00,2093.39652362,1443.34000000,213.65094230,1879.74558132,0.17622152,1654.30000000,225.26935980,0.1143663806,0.1250000000,2,0,15.30337315
2024-07-29T11:45:00-04:00,2121.59834005,1443.34000000,214.30275873,1907.29558132,0.17622152,1681.85000000,225.26935980,0.1130092726,0.1250000000,2,0,15.30337315
2024-07-29T12:00:00-04:00,2142.78863387,1443.34000000,214.64305255,1928.14558132,0.17622152,1702.70000000,225.26935980,0.1119378853,0.1250000000,2,0,15.30337315
2024-07-29T12:15:00-04:00,2143.40580656,1443.34000000,214.69265806,1928.71314850,1284.85386978,389.15000000,254.70927872,0.1136723952,0.1250000000,1,1,15.30337315
2024-07-29T12:30:00-04:00,2139.01912958,1443.34000000,214.74226357,1924.27686600,0.58138728,1668.98620000,254.70927872,0.1139633503,0.1250000000,2,0,67.74724115
2024-07-29T12:45:00-04:00,2146.85732406,1443.34000000,214.69265806,1932.16466600,0.58138728,1676.87400000,254.70927872,0.1134650423,0.1250000000,2,0,67.74724115
2024-07-29T13:00:00-04:00,2154.55595714,1443.34000000,214.99029113,1939.56566600,0.58138728,1684.27500000,254.70927872,0.1131619165,0.1250000000,2,0,67.74724115
2024-07-29T13:15:00-04:00,2138.14466532,1443.34000000,214.52399932,1923.62066600,0.58138728,1668.33000000,254.70927872,0.1139003763,0.1250000000,2,0,67.74724115
2024-07-29T13:30:00-04:00,2124.56714560,1443.34000000,214.52647959,1910.04066600,0.58138728,1654.75000000,254.70927872,0.1147287628,0.1250000000,2,0,67.74724115
2024-07-29T13:45:00-04:00,2139.18097302,1443.34000000,214.48530702,1924.69566600,0.58138728,1669.40500000,254.70927872,0.1138172081,0.1250000000,2,0,67.74724115
2024-07-29T14:00:00-04:00,2153.38155791,1443.34000000,214.09739191,1939.28416600,0.58138728,1683.99350000,254.70927872,0.1127616357,0.1250000000,2,0,67.74724115
2024-07-29T14:15:00-04:00,2166.02384689,1443.34000000,213.99818088,1952.02566600,0.58138728,1696.73500000,254.70927872,0.1119638726,0.1250000000,2,0,67.74724115
2024-07-29T14:30:00-04:00,2176.06003035,1443.34000000,213.84936435,1962.21066600,0.58138728,1706.92000000,254.70927872,0.1113015748,0.1250000000,2,0,67.74724115
2024-07-29T14:45:00-04:00,2156.32474138,1443.34000000,213.94857537,1942.37616600,0.58138728,1687.08550000,254.70927872,0.1125088534,0.1250000000,2,0,67.74724115
2024-07-29T15:00:00-04:00,2173.96047996,1443.34000000,214.29581396,1959.66466600,0.58138728,1704.37400000,254.70927872,0.1116559489,0.1250000000,2,0,67.74724115
2024-07-29T15:15:00-04:00,2183.39569099,1443.34000000,214.39502498,1969.00066600,0.58138728,1713.71000000,254.70927872,0.1111611632,0.1250000000,2,0,67.74724115
2024-07-29T15:30:00-04:00,2189.13861698,1443.34000000,214.59295098,1974.54566600,0.58138728,1719.25500000,254.70927872,0.1109334659,0.1250000000,2,0,15.30337315
2024-07-29T15:45:00-04:00,2164.99845240,1443.34000000,214.04778640,1950.95066600,0.58138728,1695.66000000,254.70927872,0.1120499395,0.1250000000,2,1,15.30337315
2024-07-30T09:30:00-04:00,2253.55946137,1443.34000000,214.59344703,2038.96601434,1350.27676526,395.55700000,293.13224908,0.1094625935,0.1250000000,1,2,15.30337315
2024-07-30T09:45:00-04:00,2225.49754586,1443.34000000,214.54384152,2010.95370434,2.18645526,1715.63500000,293.13224908,0.1110265445,0.1250000000,2,0,67.28076293
2024-07-30T10:00:00-04:00,2189.31385270,1443.34000000,214.24620845,1975.06764425,1307.28470210,399.90000000,267.88294215,0.1115034672,0.1250000000,1,0,0.00000000
2024-07-30T10:15:00-04:00,2193.47875607,1443.34000000,214.13261182,1979.34614425,1307.28470210,404.17850000,267.88294215,0.1112033015,0.1250000000,1,0,0.00000000
2024-07-30T10:30:00-04:00,2194.09358655,1443.34000000,213.65094230,1980.44264425,1307.28470210,405.27500000,267.88294215,0.1109177456,0.1250000000,1,0,0.00000000
2024-07-30T10:45:00-04:00,2189.59516450,1443.34000000,213.45252025,1976.14264425,1307.28470210,400.97500000,267.88294215,0.1110741337,0.1250000000,1,0,0.00000000
2024-07-30T11:00:00-04:00,2191.42460463,1443.34000000,212.01396039,1979.41064425,1307.28470210,404.24300000,267.88294215,0.1102206230,0.1250000000,1,0,0.00000000
2024-07-30T11:15:00-04:00,2202.96073460,1443.34000000,212.51001551,1990.45071909,1711.35860837,0.00000000,279.09211073,0.1104597335,0.1250000000,0,1,0.00000000
2024-07-30T11:30:00-04:00,2183.71545913,1443.34000000,211.61711629,1972.09834284,390.93403212,1302.07220000,279.09211073,0.1111070682,0.1250000000,1,0,61.25045399
2024-07-30T11:45:00-04:00,2187.21045737,1443.34000000,211.52931453,1975.68114284,390.93403212,1305.65500000,279.09211073,0.1108575445,0.1250000000,1,0,61.25045399
2024-07-30T12:00:00-04:00,2194.26266740,1443.34000000,211.69152455,1982.57114284,390.93403212,1312.54500000,279.09211073,0.1105340325,0.1250000000,1,0,61.25045399
2024-07-30T12:15:00-04:00,2204.12641503,1443.34000000,211.22027219,1992.90614284,390.93403212,1322.88000000,279.09211073,0.1097228614,0.1250000000,1,0,61.25045399
2024-07-30T12:30:00-04:00,2207.67062606,1443.34000000,211.31948321,1996.35114284,390.93403212,1326.32500000,279.09211073,0.1095726627,0.1250000000,1,0,61.25045399
2024-07-30T12:45:00-04:00,2192.28342802,1443.34000000,210.40128517,1981.88214284,390.93403212,1311.85600000,279.09211073,0.1099739912,0.1250000000,1,0,61.25045399
2024-07-30T13:00:00-04:00,2189.75114888,1443.34000000,210.62500604,1979.12614284,390.93403212,1309.10000000,279.09211073,0.1102368355,0.1250000000,1,0,61.25045399
2024-07-30T13:15:00-04:00,2190.29532135,1443.34000000,211.16917851,1979.12614284,390.93403212,1309.10000000,279.09211073,0.1104901757,0.1250000000,1,0,61.25045399
2024-07-30T13:30:00-04:00,2197.29792587,1443.34000000,211.28178302,1986.01614284,390.93403212,1315.99000000,279.09211073,0.1101455232,0.1250000000,1,0,61.25045399
2024-07-30T13:45:00-04:00,2194.40323708,1443.34000000,211.41869424,1982.98454284,390.93403212,1312.95840000,279.09211073,0.1103834731,0.1250000000,1,0,61.25045399
2024-07-30T14:00:00-04:00,2201.03559839,1443.34000000,211.57445554,1989.46114284,390.93403212,1319.43500000,279.09211073,0.1100835987,0.1250000000,1,0,61.25045399
2024-07-30T14:15:00-04:00,2201.42549772,1443.34000000,211.96435487,1989.46114284,390.93403212,1319.43500000,279.09211073,0.1102640969,0.1250000000,1,0,61.25045399
2024-07-30T14:30:00-04:00,2197.98049772,1443.34000000,211.96435487,1986.01614284,390.93403212,1315.99000000,279.09211073,0.1104620552,0.1250000000,1,0,61.25045399
2024-07-30T14:45:00-04:00,2204.47762206,1443.34000000,211.57147921,1992.90614284,390.93403212,1322.88000000,279.09211073,0.1098852557,0.1250000000,1,0,61.25045399
2024-07-30T15:00:00-04:00,2193.89062606,1443.34000000,211.31948321,1982.57114284,390.93403212,1312.54500000,279.09211073,0.1103612111,0.1250000000,1,0,61.25045399
2024-07-30T15:15:00-04:00,2183.87255362,1443.34000000,211.56751077,1972.30504284,390.93403212,1302.27890000,279.09211073,0.1110718621,0.1250000000,1,0,61.25045399
2024-07-30T15:30:00-04:00,2200.96912700,1443.34000000,211.50798416,1989.46114284,390.93403212,1319.43500000,279.09211073,0.1100528194,0.1250000000,1,0,61.25045399
2024-07-30T15:45:00-04:00,2197.18680952,1443.34000000,211.17066667,1986.01614284,390.93403212,1315.99000000,279.09211073,0.1100939734,0.1250000000,1,2,61.25045399
2024-07-31T09:30:00-04:00,2223.81177474,1443.34000000,216.03200690,2007.77976784,2.14265712,1726.54500000,279.09211073,0.1110864516,0.1250000000,2,4,106.40609539
2024-07-31T09:45:00-04:00,2171.60059128,1443.34000000,216.18082343,1955.41976784,2.14265712,1674.18500000,279.09211073,0.1142297779,0.1250000000,2,1,106.40609539
2024-07-31T10:00:00-04:00,2167.04550149,1443.34000000,216.38073365,1950.66476784,2.14265712,1669.43000000,279.09211073,0.1146112689,0.1250000000,2,1,106.40609539
2024-07-31T10:15:00-04:00,2172.27901333,1443.34000000,216.37924548,1955.89976784,2.14265712,1674.66500000,279.09211073,0.1142936522,0.1250000000,2,0,106.40609539
2024-07-31T10:30:00-04:00,2179.12172987,1443.34000000,216.52806202,1962.59366784,2.14265712,1681.35890000,279.09211073,0.1139603614,0.1250000000,2,1,106.40609539
2024-07-31T10:45:00-04:00,2202.84892987,1443.34000000,216.52806202,1986.32086784,2.14265712,1705.08610000,279.09211073,0.1125547990,0.1250000000,2,1,106.40609539
2024-07-31T11:00:00-04:00,2192.52024522,1443.34000000,216.70217737,1975.81806784,2.14265712,1694.58330000,279.09211073,0.1132533663,0.1250000000,2,3,106.40609539
2024-07-31T11:15:00-04:00,2199.86204089,1443.34000000,216.62727305,1983.23476784,2.14265712,1702.00000000,279.09211073,0.1127814787,0.1250000000,2,0,106.40609539
2024-07-31T11:30:00-04:00,2205.85235192,1443.34000000,216.72648407,1989.12586784,2.14265712,1707.89110000,279.09211073,0.1124823314,0.1250000000,2,1,106.40609539
2024-07-31T11:45:00-04:00,2221.41585743,1443.34000000,216.77608958,2004.63976784,2.14265712,1723.40500000,279.09211073,0.1116065692,0.1250000000,2,0,106.40609539
2024-07-31T12:00:00-04:00,2223.19935743,1443.34000000,216.77608958,2006.42326784,2.14265712,1725.18850000,279.09211073,0.1115041827,0.1250000000,2,2,106.40609539
2024-07-31T12:15:00-04:00,2211.53436926,1443.34000000,216.77460142,1994.75976784,2.14265712,1713.52500000,279.09211073,0.1121764961,0.1250000000,2,0,106.40609539
2024-07-31T12:30:00-04:00,2214.67085743,1443.34000000,216.77608958,1997.89476784,2.14265712,1716.66000000,279.09211073,0.1119954897,0.1250000000,2,0,106.40609539
2024-07-31T12:45:00-04:00,2234.14589688,1443.34000000,216.77112903,2017.37476784,2.14265712,1736.14000000,279.09211073,0.1108773224,0.1250000000,2,1,106.40609539
2024-07-31T13:00:00-04:00,2239.88585743,1443.34000000,216.77608958,2023.10976784,2.14265712,1741.87500000,279.09211073,0.1105552738,0.1250000000,2,0,61.25045399
2024-07-31T13:15:00-04:00,2218.41605467,1443.34000000,216.75128683,2001.66476784,2.14265712,1720.43000000,279.09211073,0.1117664161,0.1250000000,2,0,61.25045399
2024-07-31T13:30:00-04:00,2238.52585743,1443.34000000,216.77608958,2021.74976784,2.14265712,1740.51500000,279.09211073,0.1106320078,0.1250000000,2,0,61.25045399
2024-07-31T13:45:00-04:00,2265.31584365,1443.34000000,216.65207580,2048.66376784,2.14265712,1767.42900000,279.09211073,0.1090773774,0.1250000000,2,1,61.25045399
2024-07-31T14:00:00-04:00,2243.77585743,1443.34000000,216.77608958,2026.99976784,2.14265712,1745.76500000,279.09211073,0.1103363785,0.1250000000,2,1,61.25045399
2024-07-31T14:15:00-04:00,2261.01585743,1443.34000000,216.77608958,2044.23976784,2.14265712,1763.00500000,279.09211073,0.1093766044,0.1250000000,2,1,61.25045399
2024-07-31T14:30:00-04:00,2273.35671531,1443.34000000,217.29694747,2056.05976784,2.14265712,1774.82500000,279.09211073,0.1089609408,0.1250000000,2,0,61.25045399
2024-07-31T14:45:00-04:00,2290.34345195,1443.34000000,217.51868411,2072.82476784,2.14265712,1791.59000000,279.09211073,0.1081509206,0.1250000000,2,3,61.25045399
2024-07-31T15:00:00-04:00,2295.31364861,1443.34000000,217.49536952,2077.81827909,0.15616837,1798.57000000,279.09211073,0.1078727538,0.1250000000,3,0,61.32786982
2024-07-31T15:15:00-04:00,2264.99166349,1443.34000000,217.05338440,2047.93827909,0.15616837,1768.69000000,279.09211073,0.1092972623,0.1250000000,3,0,61.32786982
2024-07-31T15:30:00-04:00,2273.18424034,1443.34000000,217.42096125,2055.76327909,0.15616837,1776.51500000,279.09211073,0.1090325557,0.1250000000,3,0,61.32786982
2024-07-31T15:45:00-04:00,2279.41002932,1443.34000000,217.32175022,2062.08827909,0.15616837,1782.84000000,279.09211073,0.1086436052,0.1250000000,3,0,61.32786982
2024-08-01T09:30:00-04:00,2303.74918471,1443.34000000,248.43883135,2055.31035336,420.74216513,1317.98000000,316.58818823,0.1250219946,0.1250000000,2,0,61.32786982
2024-08-01T09:45:00-04:00,2296.96767779,1443.34000000,248.15392443,2048.81375336,420.74216513,1311.48340000,316.58818823,0.1253062485,0.1250000000,2,0,61.32786982
2024-08-01T10:00:00-04:00,2268.48993603,1443.34000000,247.66958267,2020.82035336,420.74216513,1283.49000000,316.58818823,0.1268862959,0.1250000000,2,0,61.32786982
2024-08-01T10:15:00-04:00,2271.73587835,1443.34000000,247.51288387,2024.22299448,422.67897988,1284.98500000,316.55901460,0.1265936031,0.1250000000,1,0,61.25045399
2024-08-01T10:30:00-04:00,2260.33247741,1443.34000000,246.44448293,2013.88799448,422.67897988,1274.65000000,316.55901460,0.1267866280,0.1250000000,1,0,61.25045399
2024-08-01T10:45:00-04:00,2256.02933778,1443.34000000,245.58634330,2010.44299448,422.67897988,1271.20500000,316.55901460,0.1266254711,0.1250000000,1,0,61.25045399
2024-08-01T11:00:00-04:00,2258.73699868,1443.34000000,244.84900420,2013.88799448,422.67897988,1274.65000000,316.55901460,0.1260692924,0.1250000000,1,0,61.25045399
2024-08-01T11:15:00-04:00,2268.67312899,1443.34000000,244.45013451,2024.22299448,422.67897988,1284.98500000,316.55901460,0.1252232811,0.1250000000,1,0,61.25045399
2024-08-01T11:30:00-04:00,2260.41614561,1443.34000000,243.08315113,2017.33299448,422.67897988,1278.09500000,316.55901460,0.1250519636,0.1250000000,1,0,61.25045399
2024-08-01T11:45:00-04:00,2257.40078524,1443.34000000,243.51279076,2013.88799448,422.67897988,1274.65000000,316.55901460,0.1254676164,0.1250000000,1,0,61.25045399
2024-08-01T12:00:00-04:00,2261.15633378,1443.34000000,243.82333930,2017.33299448,422.67897988,1278.09500000,316.55901460,0.1253850023,0.1250000000,1,0,61.25045399
2024-08-01T12:15:00-04:00,2256.85661303,1443.34000000,242.96861855,2013.88799448,422.67897988,1274.65000000,316.55901460,0.1252223467,0.1250000000,1,0,61.25045399
2024-08-01T12:30:00-04:00,2252.81330850,1443.34000000,242.37031402,2010.44299448,422.67897988,1271.20500000,316.55901460,0.1251748362,0.1250000000,1,0,61.25045399
2024-08-01T12:45:00-04:00,2249.93608058,1443.34000000,242.45578610,2007.48029448,422.67897988,1268.24230000,316.55901460,0.1254053285,0.1250000000,1,0,61.25045399
2024-08-01T13:00:00-04:00,2239.18276426,1443.34000000,241.71502811,1997.46773615,1703.92081034,0.00000000,293.54692581,0.1242344653,0.1250000000,0,0,0.00000000
2024-08-01T13:15:00-04:00,2238.92634803,1443.34000000,241.45861189,1997.46773615,1703.92081034,0.00000000,293.54692581,0.1241190326,0.1250000000,0,0,0.00000000
2024-08-01T13:30:00-04:00,2237.81521106,1443.34000000,240.34747491,1997.46773615,1703.92081034,0.00000000,293.54692581,0.1236184722,0.1250000000,0,0,0.00000000
2024-08-01T13:45:00-04:00,2238.48759138,1443.34000000,241.01985524,1997.46773615,1703.92081034,0.00000000,293.54692581,0.1239214437,0.1250000000,0,0,0.00000000
2024-08-01T14:00:00-04:00,2238.53032742,1443.34000000,241.06259127,1997.46773615,1703.92081034,0.00000000,293.54692581,0.1239406933,0.1250000000,0,0,0.00000000
2024-08-01T14:15:00-04:00,2237.30180880,1443.34000000,239.83407265,1997.46773615,1703.92081034,0.00000000,293.54692581,0.1233869943,0.1250000000,0,0,0.00000000
2024-08-01T14:30:00-04:00,2237.33086930,1443.34000000,239.86313316,1997.46773615,1703.92081034,0.00000000,293.54692581,0.1234001001,0.1250000000,0,0,0.00000000
2024-08-01T14:45:00-04:00,2237.13143446,1443.34000000,239.66369831,1997.46773615,1703.92081034,0.00000000,293.54692581,0.1233101505,0.1250000000,0,0,0.00000000
2024-08-01T15:00:00-04:00,2237.74512396,1443.34000000,240.27738781,1997.46773615,1703.92081034,0.00000000,293.54692581,0.1235868792,0.1250000000,0,0,0.00000000
2024-08-01T15:15:00-04:00,2238.15709936,1443.34000000,240.68936321,1997.46773615,1703.92081034,0.00000000,293.54692581,0.1237725517,0.1250000000,0,0,0.00000000
2024-08-01T15:30:00-04:00,2238.20952223,1443.34000000,240.74178609,1997.46773615,1703.92081034,0.00000000,293.54692581,0.1237961724,0.1250000000,0,1,0.00000000
2024-08-01T15:45:00-04:00,2269.59728766,1443.34000000,241.03125151,2028.56603615,607.49911034,1127.52000000,293.54692581,0.1219762695,0.1250000000,1,0,66.31462233
2024-08-02T09:30:00-04:00,2200.64334851,1443.34000000,236.93656931,1963.70677921,610.31985340,1059.84000000,293.54692581,0.1242394283,0.1250000000,1,0,66.31462233
2024-08-02T09:45:00-04:00,2169.24665704,1443.34000000,236.04538047,1933.20127657,1664.47661573,0.00000000,268.72466083,0.1242002886,0.1250000000,0,0,0.00000000
2024-08-02T10:00:00-04:00,2168.16116169,1443.34000000,234.95988512,1933.20127657,1664.47661573,0.00000000,268.72466083,0.1236997841,0.1250000000,0,0,0.00000000
2024-08-02T10:15:00-04:00,2168.92756129,1443.34000000,235.72628473,1933.20127657,1664.47661573,0.00000000,268.72466083,0.1240532180,0.1250000000,0,0,0.00000000
2024-08-02T10:30:00-04:00,2168.59080132,1443.34000000,235.38952475,1933.20127657,1664.47661573,0.00000000,268.72466083,0.1238979525,0.1250000000,0,0,0.00000000
2024-08-02T10:45:00-04:00,2168.99935784,1443.34000000,235.79808127,1933.20127657,1664.47661573,0.00000000,268.72466083,0.1240863132,0.1250000000,0,0,0.00000000
2024-08-02T11:00:00-04:00,2168.81929666,1443.34000000,235.61802010,1933.20127657,1664.47661573,0.00000000,268.72466083,0.1240033079,0.1250000000,0,0,0.00000000
2024-08-02T11:15:00-04:00,2169.19309454,1443.34000000,235.99181797,1933.20127657,1664.47661573,0.00000000,268.72466083,0.1241756052,0.1250000000,0,0,0.00000000
2024-08-02T11:30:00-04:00,2169.67401741,1443.34000000,236.47274085,1933.20127657,1664.47661573,0.00000000,268.72466083,0.1243971808,0.1250000000,0,1,0.00000000
2024-08-02T11:45:00-04:00,2157.80691521,1443.34000000,236.58670361,1921.22021159,873.53055076,778.96500000,268.72466083,0.1252389636,0.1250000000,1,0,64.62236541
2024-08-02T12:00:00-04:00,2177.18549898,1443.34000000,236.33028739,1940.85521159,873.53055076,798.60000000,268.72466083,0.1238329248,0.1250000000,1,0,64.62236541
2024-08-02T12:15:00-04:00,2178.75462651,1443.34000000,236.58271492,1942.17191159,873.53055076,799.91670000,268.72466083,0.1238633525,0.1250000000,1,1,64.62236541
2024-08-02T12:30:00-04:00,2195.30999683,1443.34000000,236.50522024,1958.80477659,12.30511576,1677.77500000,268.72466083,0.1227587566,0.1250000000,2,0,86.83687646
2024-08-02T12:45:00-04:00,2235.63779669,1443.34000000,235.61802010,2000.01977659,12.30511576,1718.99000000,268.72466083,0.1197907604,0.1250000000,2,0,86.83687646
2024-08-02T13:00:00-04:00,2310.30410497,1443.34000000,236.24367569,2074.06042928,884.24057099,873.53000000,316.28985829,0.1184764232,0.1250000000,1,0,22.21451105
2024-08-02T13:15:00-04:00,2311.20976786,1443.34000000,235.95933858,2075.25042928,884.24057099,874.72000000,316.28985829,0.1182801061,0.1250000000,1,0,22.21451105
2024-08-02T13:30:00-04:00,2313.13939353,1443.34000000,235.78896425,2077.35042928,884.24057099,876.82000000,316.28985829,0.1180804863,0.1250000000,1,0,22.21451105
2024-08-02T13:45:00-04:00,2320.08241214,1443.34000000,235.73198286,2084.35042928,884.24057099,883.82000000,316.28985829,0.1176429079,0.1250000000,1,0,22.21451105
2024-08-02T14:00:00-04:00,2313.63224260,1443.34000000,235.79181332,2077.84042928,884.24057099,877.31000000,316.28985829,0.1180527761,0.1250000000,1,0,22.21451105
2024-08-02T14:15:00-04:00,2319.02920736,1443.34000000,236.35877808,2082.67042928,884.24057099,882.14000000,316.28985829,0.1180177431,0.1250000000,1,0,22.21451105
2024-08-02T14:30:00-04:00,2311.66543768,1443.34000000,236.38840840,2075.27702928,884.24057099,874.74660000,316.28985829,0.1184681274,0.1250000000,1,0,22.21451105
2024-08-02T14:45:00-04:00,2308.21335629,1443.34000000,235.90292701,2072.31042928,884.24057099,871.78000000,316.28985829,0.1184297124,0.1250000000,1,0,22.21451105
2024-08-02T15:00:00-04:00,2312.50561893,1443.34000000,236.41518965,2076.09042928,884.24057099,875.56000000,316.28985829,0.1184316817,0.1250000000,1,1,22.21451105
2024-08-02T15:15:00-04:00,2320.48377398,1443.34000000,236.51832595,2083.96544803,163.72558974,1603.95000000,316.28985829,0.1180116974,0.1250000000,2,0,90.15053852
2024-08-02T15:30:00-04:00,2309.71465164,1443.34000000,236.58670361,2073.12794803,163.72558974,1593.11250000,316.28985829,0.1186835362,0.1250000000,2,1,90.15053852
2024-08-02T15:45:00-04:00,2327.78299611,1443.34000000,236.35877808,2091.42421803,1.96435974,1773.17000000,316.28985829,0.1175041434,0.1250000000,3,0,98.74903312
2024-08-05T09:30:00-04:00,2150.98393866,1443.34000000,226.49530062,1924.48863803,1658.98765346,0.00000000,265.50098457,0.1201258808,0.1250000000,0,0,0.00000000
2024-08-05T09:45:00-04:00,2152.12926446,1443.34000000,227.64062643,1924.48863803,1658.98765346,0.00000000,265.50098457,0.1206600308,0.1250000000,0,0,0.00000000
2024-08-05T10:00:00-04:00,2153.25749585,1443.34000000,228.76885782,1924.48863803,1658.98765346,0.00000000,265.50098457,0.1211855748,0.1250000000,0,0,0.00000000
2024-08-05T10:15:00-04:00,2152.69907829,1443.34000000,228.21044026,1924.48863803,1658.98765346,0.00000000,265.50098457,0.1209255356,0.1250000000,0,0,0.00000000
2024-08-05T10:30:00-04:00,2153.81021527,1443.34000000,229.32157724,1924.48863803,1658.98765346,0.00000000,265.50098457,0.1214428090,0.1250000000,0,0,0.00000000
2024-08-05T10:45:00-04:00,2153.66776181,1443.34000000,229.17912378,1924.48863803,1658.98765346,0.00000000,265.50098457,0.1213765259,0.1250000000,0,0,0.00000000
2024-08-05T11:00:00-04:00,2153.83870596,1443.34000000,229.35006793,1924.48863803,1658.98765346,0.00000000,265.50098457,0.1214560644,0.1250000000,0,0,0.00000000
2024-08-05T11:15:00-04:00,2153.89568734,1443.34000000,229.40704931,1924.48863803,1658.98765346,0.00000000,265.50098457,0.1214825740,0.1250000000,0,0,0.00000000
2024-08-05T11:30:00-04:00,2153.61078043,1443.34000000,229.12214240,1924.48863803,1658.98765346,0.00000000,265.50098457,0.1213500099,0.1250000000,0,0,0.00000000
2024-08-05T11:45:00-04:00,2154.00965011,1443.34000000,229.52101208,1924.48863803,1658.98765346,0.00000000,265.50098457,0.1215355885,0.1250000000,0,0,0.00000000
2024-08-05T12:00:00-04:00,2154.18059426,1443.34000000,229.69195623,1924.48863803,1658.98765346,0.00000000,265.50098457,0.1216150982,0.1250000000,0,0,0.00000000
2024-08-05T12:15:00-04:00,2154.35153841,1443.34000000,229.86290038,1924.48863803,1658.98765346,0.00000000,265.50098457,0.1216945935,0.1250000000,0,0,0.00000000
2024-08-05T12:30:00-04:00,2153.83870596,1443.34000000,229.35006793,1924.48863803,1658.98765346,0.00000000,265.50098457,0.1214560644,0.1250000000,0,0,0.00000000
2024-08-05T12:45:00-04:00,2153.95266873,1443.34000000,229.46403070,1924.48863803,1658.98765346,0.00000000,265.50098457,0.1215090821,0.1250000000,0,0,0.00000000
2024-08-05T13:00:00-04:00,2153.98115942,1443.34000000,229.49252139,1924.48863803,1658.98765346,0.00000000,265.50098457,0.1215223355,0.1250000000,0,0,0.00000000
2024-08-05T13:15:00-04:00,2154.00965011,1443.34000000,229.52101208,1924.48863803,1658.98765346,0.00000000,265.50098457,0.1215355885,0.1250000000,0,0,0.00000000
2024-08-05T13:30:00-04:00,2154.23757564,1443.34000000,229.74893761,1924.48863803,1658.98765346,0.00000000,265.50098457,0.1216415983,0.1250000000,0,0,0.00000000
2024-08-05T13:45:00-04:00,2153.95266873,1443.34000000,229.46403070,1924.48863803,1658.98765346,0.00000000,265.50098457,0.1215090821,0.1250000000,0,0,0.00000000
2024-08-05T14:00:00-04:00,2153.89568734,1443.34000000,229.40704931,1924.48863803,1658.98765346,0.00000000,265.50098457,0.1214825740,0.1250000000,0,0,0.00000000
2024-08-05T14:15:00-04:00,2153.89568734,1443.34000000,229.40704931,1924.48863803,1658.98765346,0.00000000,265.50098457,0.1214825740,0.1250000000,0,0,0.00000000
2024-08-05T14:30:00-04:00,2153.61078043,1443.34000000,229.12214240,1924.48863803,1658.98765346,0.00000000,265.50098457,0.1213500099,0.1250000000,0,0,0.00000000
2024-08-05T14:45:00-04:00,2153.66776181,1443.34000000,229.17912378,1924.48863803,1658.98765346,0.00000000,265.50098457,0.1213765259,0.1250000000,0,0,0.00000000
2024-08-05T15:00:00-04:00,2153.59368601,1443.34000000,229.10504798,1924.48863803,1658.98765346,0.00000000,265.50098457,0.1213420548,0.1250000000,0,0,0.00000000
2024-08-05T15:15:00-04:00,2153.95209891,1443.34000000,229.46346088,1924.48863803,1658.98765346,0.00000000,265.50098457,0.1215088170,0.1250000000,0,0,0.00000000
2024-08-05T15:30:00-04:00,2153.83870596,1443.34000000,229.35006793,1924.48863803,1658.98765346,0.00000000,265.50098457,0.1214560644,0.1250000000,0,0,0.00000000
2024-08-05T15:45:00-04:00,2153.66776181,1443.34000000,229.17912378,1924.48863803,1658.98765346,0.00000000,265.50098457,0.1213765259,0.1250000000,0,0,0.00000000
2024-08-06T09:30:00-04:00,2153.75323389,1443.34000000,229.26459585,1924.48863803,1658.98765346,0.00000000,265.50098457,0.1214162970,0.1250000000,0,0,0.00000000
2024-08-06T09:45:00-04:00,2155.60512884,1443.34000000,231.11649081,1924.48863803,1658.98765346,0.00000000,265.50098457,0.1222771198,0.1250000000,0,0,0.00000000
2024-08-06T10:00:00-04:00,2155.86154507,1443.34000000,231.37290704,1924.48863803,1658.98765346,0.00000000,265.50098457,0.1223961777,0.1250000000,0,0,0.00000000
2024-08-06T10:15:00-04:00,2156.39944933,1443.34000000,231.91081130,1924.48863803,1658.98765346,0.00000000,265.50098457,0.1226458298,0.1250000000,0,0,0.00000000
2024-08-06T10:30:00-04:00,2156.40286821,1443.34000000,231.91423018,1924.48863803,1658.98765346,0.00000000,265.50098457,0.1226474161,0.1250000000,0,0,0.00000000
2024-08-06T10:45:00-04:00,2157.05815412,1443.34000000,232.56951609,1924.48863803,1658.98765346,0.00000000,265.50098457,0.1229513545,0.1250000000,0,0,0.00000000
2024-08-06T11:00:00-04:00,2156.74475651,1443.34000000,232.25611848,1924.48863803,1658.98765346,0.00000000,265.50098457,0.1228060189,0.1250000000,0,0,0.00000000
2024-08-06T11:15:00-04:00,2156.14645199,1443.34000000,231.65781395,1924.48863803,1658.98765346,0.00000000,265.50098457,0.1225284264,0.1250000000,0,0,0.00000000
2024-08-06T11:30:00-04:00,2156.34588683,1443.34000000,231.85724880,1924.48863803,1658.98765346,0.00000000,265.50098457,0.1226209767,0.1250000000,0,0,0.00000000
2024-08-06T11:45:00-04:00,2157.50773723,1443.34000000,233.01909920,1924.48863803,1658.98765346,0.00000000,265.50098457,0.1231597609,0.1250000000,0,0,0.00000000
2024-08-06T12:00:00-04:00,2157.48551449,1443.34000000,232.99687646,1924.48863803,1658.98765346,0.00000000,265.50098457,0.1231494617,0.1250000000,0,0,0.00000000
2024-08-06T12:15:00-04:00,2157.25758896,1443.34000000,232.76895093,1924.48863803,1658.98765346,0.00000000,265.50098457,0.1230438157,0.1250000000,0,0,0.00000000
2024-08-06T12:30:00-04:00,2157.59947726,1443.34000000,233.11083923,1924.48863803,1658.98765346,0.00000000,265.50098457,0.1232022752,0.1250000000,0,0,0.00000000
2024-08-06T12:45:00-04:00,2158.19778179,1443.34000000,233.70914375,1924.48863803,1658.98765346,0.00000000,265.50098457,0.1234794417,0.1250000000,0,0,0.00000000
2024-08-06T13:00:00-04:00,2158.11230971,1443.34000000,233.62367168,1924.48863803,1658.98765346,0.00000000,265.50098457,0.1234398572,0.1250000000,0,0,0.00000000
2024-08-06T13:15:00-04:00,2157.65645864,1443.34000000,233.16782061,1924.48863803,1658.98765346,0.00000000,265.50098457,0.1232286796,0.1250000000,0,0,0.00000000
2024-08-06T13:30:00-04:00,2158.11230971,1443.34000000,233.62367168,1924.48863803,1658.98765346,0.00000000,265.50098457,0.1234398572,0.1250000000,0,0,0.00000000
2024-08-06T13:45:00-04:00,2157.71344003,1443.34000000,233.22480200,1924.48863803,1658.98765346,0.00000000,265.50098457,0.1232550823,0.1250000000,0,0,0.00000000
2024-08-06T14:00:00-04:00,2158.28268405,1443.34000000,233.79404602,1924.48863803,1658.98765346,0.00000000,265.50098457,0.1235187587,0.1250000000,0,0,0.00000000
2024-08-06T14:15:00-04:00,2158.62514216,1443.34000000,234.13650413,1924.48863803,1658.98765346,0.00000000,265.50098457,0.1236773104,0.1250000000,0,0,0.00000000
2024-08-06T14:30:00-04:00,2158.11230971,1443.34000000,233.62367168,1924.48863803,1658.98765346,0.00000000,265.50098457,0.1234398572,0.1250000000,0,0,0.00000000
2024-08-06T14:45:00-04:00,2158.26103112,1443.34000000,233.77239309,1924.48863803,1658.98765346,0.00000000,265.50098457,0.1235087319,0.1250000000,0,0,0.00000000
2024-08-06T15:00:00-04:00,2157.17211689,1443.34000000,232.68347885,1924.48863803,1658.98765346,0.00000000,265.50098457,0.1230041918,0.1250000000,0,0,0.00000000
2024-08-06T15:15:00-04:00,2158.08381902,1443.34000000,233.59518099,1924.48863803,1658.98765346,0.00000000,265.50098457,0.1234266616,0.1250000000,0,0,0.00000000
2024-08-06T15:30:00-04:00,2157.77042141,1443.34000000,233.28178338,1924.48863803,1658.98765346,0.00000000,265.50098457,0.1232814835,0.1250000000,0,0,0.00000000
2024-08-06T15:45:00-04:00,2156.11796129,1443.34000000,231.62932326,1924.48863803,1658.98765346,0.00000000,265.50098457,0.1225152033,0.1250000000,0,0,0.00000000
2024-08-07T09:30:00-04:00,2161.12719470,1443.34000000,236.63855667,1924.48863803,1658.98765346,0.00000000,265.50098457,0.1248339759,0.1250000000,0,1,0.00000000
2024-08-07T09:45:00-04:00,2168.58329946,1443.34000000,236.24139643,1932.34190303,369.04091846,1297.80000000,265.50098457,0.1241361945,0.1250000000,1,1,63.06485343
2024-08-07T10:00:00-04:00,2167.21678045,1443.34000000,236.52915242,1930.68762803,3.06664346,1662.12000000,265.50098457,0.1243767091,0.1250000000,2,0,69.87563001
2024-08-07T10:15:00-04:00,2182.44334121,1443.34000000,235.33311318,1947.11022803,3.06664346,1678.54260000,265.50098457,0.1227648356,0.1250000000,2,1,69.87563001
2024-08-07T10:30:00-04:00,2219.24649919,1443.34000000,236.07387116,1983.17262803,3.06664346,1714.60500000,265.50098457,0.1208314335,0.1250000000,2,1,69.87563001
2024-08-07T10:45:00-04:00,2212.48918749,1443.34000000,236.41575946,1976.07342803,3.06664346,1707.50580000,265.50098457,0.1214263954,0.1250000000,2,1,69.87563001
2024-08-07T11:00:00-04:00,2237.10848058,1443.34000000,236.13085255,2000.97762803,3.06664346,1732.41000000,265.50098457,0.1197656496,0.1250000000,2,0,6.81077657
2024-08-07T11:15:00-04:00,2236.02355970,1443.34000000,235.67443167,2000.34912803,3.06664346,1731.78150000,265.50098457,0.1195999653,0.1250000000,2,0,6.81077657
2024-08-07T11:30:00-04:00,2215.87586674,1443.34000000,235.56103871,1980.31482803,3.06664346,1711.74720000,265.50098457,0.1207773136,0.1250000000,2,0,6.81077657
2024-08-07T11:45:00-04:00,2243.58592738,1443.34000000,234.76329935,2008.82262803,3.06664346,1740.25500000,265.50098457,0.1186821123,0.1250000000,2,0,6.81077657
2024-08-07T12:00:00-04:00,2214.76130171,1443.34000000,234.93367368,1979.82762803,3.06664346,1711.26000000,265.50098457,0.1205245249,0.1250000000,2,0,6.81077657
2024-08-07T12:15:00-04:00,2207.22935983,1443.34000000,235.27613180,1971.95322803,3.06664346,1703.38560000,265.50098457,0.1211684058,0.1250000000,2,0,6.81077657
2024-08-07T12:30:00-04:00,2176.00087192,1443.34000000,234.59634389,1941.40452803,3.06664346,1672.83690000,265.50098457,0.1227931734,0.1250000000,2,0,6.81077657
2024-08-07T12:45:00-04:00,2172.11758609,1443.34000000,234.30744828,1937.81013781,1303.16631657,363.18000000,271.46382124,0.1232772915,0.1250000000,1,0,6.81077657
2024-08-07T13:00:00-04:00,2168.25116320,1443.34000000,232.54102540,1935.71013781,1303.16631657,361.08000000,271.46382124,0.1225973098,0.1250000000,1,0,6.81077657
2024-08-07T13:15:00-04:00,2168.69210735,1443.34000000,232.71196955,1935.98013781,1303.16631657,361.35000000,271.46382124,0.1226589184,0.1250000000,1,0,6.81077657
2024-08-07T13:30:00-04:00,2168.43418182,1443.34000000,232.48404401,1935.95013781,1303.16631657,361.32000000,271.46382124,0.1225554436,0.1250000000,1,0,6.81077657
2024-08-07T13:45:00-04:00,2165.06811480,1443.34000000,231.54385119,1933.52426361,1664.68009757,0.00000000,268.84416604,0.1221078614,0.1250000000,0,0,0.00000000
2024-08-07T14:00:00-04:00,2164.29886613,1443.34000000,230.77460251,1933.52426361,1664.68009757,0.00000000,268.84416604,0.1217515789,0.1250000000,0,0,0.00000000
2024-08-07T14:15:00-04:00,2164.64075443,1443.34000000,231.11649081,1933.52426361,1664.68009757,0.00000000,268.84416604,0.1219099624,0.1250000000,0,0,0.00000000
2024-08-07T14:30:00-04:00,2164.35584751,1443.34000000,230.83158390,1933.52426361,1664.68009757,0.00000000,268.84416604,0.1217779801,0.1250000000,0,0,0.00000000
2024-08-07T14:45:00-04:00,2164.01395921,1443.34000000,230.48969560,1933.52426361,1664.68009757,0.00000000,268.84416604,0.1216195490,0.1250000000,0,0,0.00000000
2024-08-07T15:00:00-04:00,2165.09090736,1443.34000000,231.56664374,1933.52426361,1664.68009757,0.00000000,268.84416604,0.1221184135,0.1250000000,0,1,0.00000000
2024-08-07T15:15:00-04:00,2199.71591705,1443.34000000,231.26863111,1968.44728594,1010.75311990,688.85000000,268.84416604,0.1197742061,0.1250000000,1,0,62.99750276
2024-08-07T15:30:00-04:00,2199.00435814,1443.34000000,231.17347220,1967.83088594,1010.75311990,688.23360000,268.84416604,0.1197690602,0.1250000000,1,0,62.99750276
2024-08-07T15:45:00-04:00,2204.06018632,1443.34000000,229.86290038,1974.19728594,1010.75311990,694.60000000,268.84416604,0.1187789363,0.1250000000,1,0,62.99750276
2024-08-08T09:30:00-04:00,2137.43872797,1443.34000000,237.84050122,1899.59822674,1001.93406071,628.82000000,268.84416604,0.1272830961,0.1250000000,1,0,62.99750276
2024-08-08T09:45:00-04:00,2099.38603622,1443.34000000,238.12153167,1861.26450456,1615.89339747,0.00000000,245.37110709,0.1284356064,0.1250000000,0,1,0.00000000
2024-08-08T10:00:00-04:00,2091.42887850,1443.34000000,239.02437894,1852.40449956,361.61339247,1245.42000000,245.37110709,0.1294782767,0.1250000000,1,0,38.65463529
2024-08-08T10:15:00-04:00,2112.04739445,1443.34000000,240.50289489,1871.54449956,361.61339247,1264.56000000,245.37110709,0.1288401725,0.1250000000,1,1,38.65463529
2024-08-08T10:30:00-04:00,2114.68862344,1443.34000000,240.69517888,1873.99344456,26.62233747,1602.00000000,245.37110709,0.1287609926,0.1250000000,2,0,50.63654977
2024-08-08T10:45:00-04:00,2108.59201818,1443.34000000,241.03537363,1867.55664456,26.62233747,1595.56320000,245.37110709,0.1293648929,0.1250000000,2,0,50.63654977
2024-08-08T11:00:00-04:00,2110.81010008,1443.34000000,240.23665553,1870.57344456,26.62233747,1598.58000000,245.37110709,0.1287829066,0.1250000000,2,1,50.63654977
2024-08-08T11:15:00-04:00,2111.95383166,1443.34000000,240.73955211,1871.21427956,5.98687247,1619.85630000,245.37110709,0.1289734170,0.1250000000,3,0,51.72912271
2024-08-08T11:30:00-04:00,2107.21486496,1443.34000000,240.53188540,1866.68297956,5.98687247,1615.32500000,245.37110709,0.1291901559,0.1250000000,3,0,51.72912271
2024-08-08T11:45:00-04:00,2108.43371749,1443.34000000,241.09453793,1867.33917956,5.98687247,1615.98120000,245.37110709,0.1294076413,0.1250000000,3,0,51.72912271
2024-08-08T12:00:00-04:00,2106.02750331,1443.34000000,241.44952375,1864.57797956,5.98687247,1613.22000000,245.37110709,0.1297657774,0.1250000000,3,0,51.72912271
2024-08-08T12:15:00-04:00,2104.20919354,1443.34000000,241.48561398,1862.72357956,5.98687247,1611.36560000,245.37110709,0.1299121294,0.1250000000,3,0,51.72912271
2024-08-08T12:30:00-04:00,2093.76763166,1443.34000000,240.73955211,1853.02807956,5.98687247,1601.67010000,245.37110709,0.1302423744,0.1250000000,3,0,51.72912271
2024-08-08T12:45:00-04:00,2090.52941876,1443.34000000,241.27143920,1849.25797956,5.98687247,1597.90000000,245.37110709,0.1307592079,0.1250000000,3,0,51.72912271
2024-08-08T13:00:00-04:00,2094.56611295,1443.34000000,241.20813339,1853.35797956,5.98687247,1602.00000000,245.37110709,0.1304395332,0.1250000000,3,0,51.72912271
2024-08-08T13:15:00-04:00,2110.69174635,1443.34000000,242.04116679,1868.65057956,5.98687247,1617.29260000,245.37110709,0.1297584778,0.1250000000,3,0,39.74720822
2024-08-08T13:30:00-04:00,2109.87966349,1443.34000000,241.82048394,1868.05917956,5.98687247,1616.70120000,245.37110709,0.1296966341,0.1250000000,3,0,39.74720822
2024-08-08T13:45:00-04:00,2105.69437622,1443.34000000,242.33639667,1863.35797956,5.98687247,1612.00000000,245.37110709,0.1302657450,0.1250000000,3,0,39.74720822
2024-08-08T14:00:00-04:00,2113.93842651,1443.34000000,242.12044696,1871.81797956,5.98687247,1620.46000000,245.37110709,0.1295754477,0.1250000000,3,0,39.74720822
2024-08-08T14:15:00-04:00,2107.17686913,1443.34000000,242.51388958,1864.66297956,5.98687247,1613.30500000,245.37110709,0.1302573526,0.1250000000,3,0,38.65463529
2024-08-08T14:30:00-04:00,2105.18281774,1443.34000000,241.92283818,1863.25997956,5.98687247,1611.90200000,245.37110709,0.1300792101,0.1250000000,3,0,38.65463529
2024-08-08T14:45:00-04:00,2108.23822850,1443.34000000,242.07074894,1866.16747956,5.98687247,1614.80950000,245.37110709,0.1299452581,0.1250000000,3,0,38.65463529
2024-08-08T15:00:00-04:00,2109.39377325,1443.34000000,242.20209370,1867.19167956,5.98687247,1615.83370000,245.37110709,0.1299351655,0.1250000000,3,1,38.65463529
2024-08-08T15:15:00-04:00,2102.19998204,1443.34000000,241.98200249,1860.21797956,5.98687247,1608.86000000,245.37110709,0.1303200342,0.1250000000,3,1,38.65463529
2024-08-08T15:30:00-04:00,2107.15900356,1443.34000000,242.27782401,1864.88117956,5.98687247,1613.52320000,245.37110709,0.1301318074,0.1250000000,3,0,38.65463529
2024-08-08T15:45:00-04:00,2126.11162508,1443.34000000,242.57364552,1883.53797956,5.98687247,1632.18000000,245.37110709,0.1289777315,0.1250000000,3,0,38.65463529
2024-08-09T09:30:00-04:00,2139.47158077,1443.34000000,242.15949540,1897.31208537,30.92413566,1620.21120000,246.17674972,0.1279037429,0.1250000000,2,0,38.65463529
2024-08-09T09:45:00-04:00,2131.70146052,1443.34000000,242.04057515,1889.66088537,30.92413566,1612.56000000,246.17674972,0.1283677555,0.1250000000,2,0,38.65463529
2024-08-09T10:00:00-04:00,2151.63523115,1443.34000000,243.40194578,1908.23328537,30.92413566,1631.13240000,246.17674972,0.1277393069,0.1250000000,2,0,38.65463529
2024-08-09T10:15:00-04:00,2140.31600596,1443.34000000,242.78072059,1897.53528537,30.92413566,1620.43440000,246.17674972,0.1281746945,0.1250000000,2,0,38.65463529
2024-08-09T10:30:00-04:00,2141.44829153,1443.34000000,242.30740616,1899.14088537,30.92413566,1622.04000000,246.17674972,0.1278483852,0.1250000000,2,0,38.65463529
2024-08-09T10:45:00-04:00,2150.97700963,1443.34000000,243.10612426,1907.87088537,30.92413566,1630.77000000,246.17674972,0.1276281453,0.1250000000,2,0,38.65463529
2024-08-09T11:00:00-04:00,2165.76515618,1443.34000000,243.63860299,1922.12655319,380.84279673,1286.34000000,254.94375646,0.1275046444,0.1250000000,1,0,38.65463529
2024-08-09T11:15:00-04:00,2168.45085646,1443.34000000,243.63150328,1924.81935319,380.84279673,1289.03280000,254.94375646,0.1273219751,0.1250000000,1,0,38.65463529
2024-08-09T11:30:00-04:00,2163.43936302,1443.34000000,242.63280983,1920.80655319,380.84279673,1285.02000000,254.94375646,0.1271330198,0.1250000000,1,0,38.65463529
2024-08-09T11:45:00-04:00,2164.70019871,1443.34000000,242.57364552,1922.12655319,380.84279673,1286.34000000,254.94375646,0.1270181056,0.1250000000,1,0,38.65463529
2024-08-09T12:00:00-04:00,2162.03061656,1443.34000000,242.54406337,1919.48655319,380.84279673,1283.70000000,254.94375646,0.1271803967,0.1250000000,1,0,38.65463529
2024-08-09T12:15:00-04:00,2161.67103441,1443.34000000,242.51448122,1919.15655319,380.84279673,1283.37000000,254.94375646,0.1271888665,0.1250000000,1,0,38.65463529
2024-08-09T12:30:00-04:00,2170.03017036,1443.34000000,243.28361717,1926.74655319,380.84279673,1290.96000000,254.94375646,0.1270353209,0.1250000000,1,0,38.65463529
2024-08-09T12:45:00-04:00,2174.86184175,1443.34000000,243.16528856,1931.69655319,380.84279673,1295.91000000,254.94375646,0.1266539913,0.1250000000,1,0,38.65463529
2024-08-09T13:00:00-04:00,2187.69306694,1443.34000000,243.78651375,1943.90655319,380.84279673,1308.12000000,254.94375646,0.1261345755,0.1250000000,1,0,0.00000000
2024-08-09T13:15:00-04:00,2191.34345643,1443.34000000,244.46690325,1946.87655319,380.84279673,1311.09000000,254.94375646,0.1262481621,0.1250000000,1,0,0.00000000
2024-08-09T13:30:00-04:00,2183.99694934,1443.34000000,244.64439616,1939.35255319,380.84279673,1303.56600000,254.94375646,0.1268209695,0.1250000000,1,0,0.00000000
2024-08-09T13:45:00-04:00,2180.12805276,1443.34000000,244.14149958,1935.98655319,380.84279673,1300.20000000,254.94375646,0.1268146120,0.1250000000,1,0,0.00000000
2024-08-09T14:00:00-04:00,2187.53596352,1443.34000000,244.28941033,1943.24655319,380.84279673,1307.46000000,254.94375646,0.1264050478,0.1250000000,1,0,0.00000000
2024-08-09T14:15:00-04:00,2184.98930631,1443.34000000,244.05275312,1940.93655319,380.84279673,1305.15000000,254.94375646,0.1264492194,0.1250000000,1,0,0.00000000
2024-08-09T14:30:00-04:00,2187.35847061,1443.34000000,244.11191742,1943.24655319,380.84279673,1307.46000000,254.94375646,0.1263248078,0.1250000000,1,0,0.00000000
2024-08-09T14:45:00-04:00,2188.50097770,1443.34000000,243.93442451,1944.56655319,380.84279673,1308.78000000,254.94375646,0.1261583685,0.1250000000,1,0,0.00000000
2024-08-09T15:00:00-04:00,2193.71721707,1443.34000000,244.20066388,1949.51655319,380.84279673,1313.73000000,254.94375646,0.1259562651,0.1250000000,1,0,0.00000000
2024-08-09T15:15:00-04:00,2202.71596352,1443.34000000,244.28941033,1958.42655319,380.84279673,1322.64000000,254.94375646,0.1254199077,0.1250000000,1,0,0.00000000
2024-08-09T15:30:00-04:00,2189.06763491,1443.34000000,244.17108173,1944.89655319,380.84279673,1309.11000000,254.94375646,0.1262437657,0.1250000000,1,0,0.00000000
2024-08-09T15:45:00-04:00,2180.70844719,1443.34000000,244.34857464,1936.35987255,1664.28758978,0.00000000,272.07228277,0.1280226055,0.1250000000,0,0,0.00000000
2024-08-12T09:30:00-04:00,2180.59011858,1443.34000000,244.23024603,1936.35987255,1664.28758978,0.00000000,272.07228277,0.1279685426,0.1250000000,0,0,0.00000000
2024-08-12T09:45:00-04:00,2180.23513276,1443.34000000,243.87526021,1936.35987255,1664.28758978,0.00000000,272.07228277,0.1278063139,0.1250000000,0,0,0.00000000
2024-08-12T10:00:00-04:00,2181.53674744,1443.34000000,245.17687489,1936.35987255,1664.28758978,0.00000000,272.07228277,0.1284008576,0.1250000000,0,0,0.00000000
2024-08-12T10:15:00-04:00,2181.95089757,1443.34000000,245.59102502,1936.35987255,1664.28758978,0.00000000,272.07228277,0.1285898607,0.1250000000,0,0,0.00000000
2024-08-12T10:30:00-04:00,2182.18755479,1443.34000000,245.82768223,1936.35987255,1664.28758978,0.00000000,272.07228277,0.1286978256,0.1250000000,0,0,0.00000000
2024-08-12T10:45:00-04:00,2182.18755479,1443.34000000,245.82768223,1936.35987255,1664.28758978,0.00000000,272.07228277,0.1286978256,0.1250000000,0,0,0.00000000
2024-08-12T11:00:00-04:00,2182.66086922,1443.34000000,246.30099666,1936.35987255,1664.28758978,0.00000000,272.07228277,0.1289136753,0.1250000000,0,0,0.00000000
2024-08-12T11:15:00-04:00,2180.82677580,1443.34000000,244.46690325,1936.35987255,1664.28758978,0.00000000,272.07228277,0.1280766616,0.1250000000,0,0,0.00000000
2024-08-12T11:30:00-04:00,2181.35925453,1443.34000000,244.99938198,1936.35987255,1664.28758978,0.00000000,272.07228277,0.1283198312,0.1250000000,0,0,0.00000000
2024-08-12T11:45:00-04:00,2181.83316061,1443.34000000,245.47328805,1936.35987255,1664.28758978,0.00000000,272.07228277,0.1285361382,0.1250000000,0,0,0.00000000
2024-08-12T12:00:00-04:00,2181.89173327,1443.34000000,245.53186071,1936.35987255,1664.28758978,0.00000000,272.07228277,0.1285628653,0.1250000000,0,0,0.00000000
2024-08-12T12:15:00-04:00,2182.11951584,1443.34000000,245.75964328,1936.35987255,1664.28758978,0.00000000,272.07228277,0.1286667885,0.1250000000,0,0,0.00000000
2024-08-12T12:30:00-04:00,2182.12839048,1443.34000000,245.76851793,1936.35987255,1664.28758978,0.00000000,272.07228277,0.1286708369,0.1250000000,0,0,0.00000000
2024-08-12T12:45:00-04:00,2181.30009023,1443.34000000,244.94021768,1936.35987255,1664.28758978,0.00000000,272.07228277,0.1282928191,0.1250000000,0,0,0.00000000
2024-08-12T13:00:00-04:00,2181.47758314,1443.34000000,245.11771059,1936.35987255,1664.28758978,0.00000000,272.07228277,0.1283738505,0.1250000000,0,0,0.00000000
2024-08-12T13:15:00-04:00,2181.54266387,1443.34000000,245.18279132,1936.35987255,1664.28758978,0.00000000,272.07228277,0.1284035583,0.1250000000,0,0,0.00000000
2024-08-12T13:30:00-04:00,2181.35925453,1443.34000000,244.99938198,1936.35987255,1664.28758978,0.00000000,272.07228277,0.1283198312,0.1250000000,0,0,0.00000000
2024-08-12T13:45:00-04:00,2181.01610157,1443.34000000,244.65622902,1936.35987255,1664.28758978,0.00000000,272.07228277,0.1281631374,0.1250000000,0,0,0.00000000
2024-08-12T14:00:00-04:00,2181.30009023,1443.34000000,244.94021768,1936.35987255,1664.28758978,0.00000000,272.07228277,0.1282928191,0.1250000000,0,0,0.00000000
2024-08-12T14:15:00-04:00,2181.41486898,1443.34000000,245.05499643,1936.35987255,1664.28758978,0.00000000,272.07228277,0.1283452211,0.1250000000,0,0,0.00000000
2024-08-12T14:30:00-04:00,2181.30009023,1443.34000000,244.94021768,1936.35987255,1664.28758978,0.00000000,272.07228277,0.1282928191,0.1250000000,0,0,0.00000000
2024-08-12T14:45:00-04:00,2181.53674744,1443.34000000,245.17687489,1936.35987255,1664.28758978,0.00000000,272.07228277,0.1284008576,0.1250000000,0,0,0.00000000
2024-08-12T15:00:00-04:00,2181.12851375,1443.34000000,244.76864120,1936.35987255,1664.28758978,0.00000000,272.07228277,0.1282144744,0.1250000000,0,0,0.00000000
2024-08-12T15:15:00-04:00,2181.30009023,1443.34000000,244.94021768,1936.35987255,1664.28758978,0.00000000,272.07228277,0.1282928191,0.1250000000,0,0,0.00000000
2024-08-12T15:30:00-04:00,2181.12259732,1443.34000000,244.76272477,1936.35987255,1664.28758978,0.00000000,272.07228277,0.1282117726,0.1250000000,0,0,0.00000000
2024-08-12T15:45:00-04:00,2181.53674744,1443.34000000,245.17687489,1936.35987255,1664.28758978,0.00000000,272.07228277,0.1284008576,0.1250000000,0,0,0.00000000
2024-08-13T09:30:00-04:00,2184.49496263,1443.34000000,248.13509008,1936.35987255,1664.28758978,0.00000000,272.07228277,0.1297490836,0.1250000000,0,0,0.00000000
2024-08-13T09:45:00-04:00,2184.64287339,1443.34000000,248.28300084,1936.35987255,1664.28758978,0.00000000,272.07228277,0.1298163854,0.1250000000,0,0,0.00000000
2024-08-13T10:00:00-04:00,2184.84994846,1443.34000000,248.49007590,1936.35987255,1664.28758978,0.00000000,272.07228277,0.1299105904,0.1250000000,0,0,0.00000000
2024-08-13T10:15:00-04:00,2184.90911276,1443.34000000,248.54924021,1936.35987255,1664.28758978,0.00000000,272.07228277,0.1299375024,0.1250000000,0,0,0.00000000
2024-08-13T10:30:00-04:00,2184.90911276,1443.34000000,248.54924021,1936.35987255,1664.28758978,0.00000000,272.07228277,0.1299375024,0.1250000000,0,0,0.00000000
2024-08-13T10:45:00-04:00,2185.32267124,1443.34000000,248.96279869,1936.35987255,1664.28758978,0.00000000,272.07228277,0.1301255707,0.1250000000,0,0,0.00000000
2024-08-13T11:00:00-04:00,2185.50075580,1443.34000000,249.14088325,1936.35987255,1664.28758978,0.00000000,272.07228277,0.1302065307,0.1250000000,0,0,0.00000000
2024-08-13T11:15:00-04:00,2185.67824871,1443.34000000,249.31837616,1936.35987255,1664.28758978,0.00000000,272.07228277,0.1302872068,0.1250000000,0,0,0.00000000
2024-08-13T11:30:00-04:00,2185.73267987,1443.34000000,249.37280732,1936.35987255,1664.28758978,0.00000000,272.07228277,0.1303119444,0.1250000000,0,0,0.00000000
2024-08-13T11:45:00-04:00,2185.73682137,1443.34000000,249.37694882,1936.35987255,1664.28758978,0.00000000,272.07228277,0.1303138266,0.1250000000,0,0,0.00000000
2024-08-13T12:00:00-04:00,2185.85574162,1443.34000000,249.49586907,1936.35987255,1664.28758978,0.00000000,272.07228277,0.1303678679,0.1250000000,0,0,0.00000000
2024-08-13T12:15:00-04:00,2185.97407023,1443.34000000,249.61419768,1936.35987255,1664.28758978,0.00000000,272.07228277,0.1304216336,0.1250000000,0,0,0.00000000
2024-08-13T12:30:00-04:00,2186.15156314,1443.34000000,249.79169059,1936.35987255,1664.28758978,0.00000000,272.07228277,0.1305022698,0.1250000000,0,0,0.00000000
2024-08-13T12:45:00-04:00,2186.32905605,1443.34000000,249.96918350,1936.35987255,1664.28758978,0.00000000,272.07228277,0.1305828910,0.1250000000,0,0,0.00000000
2024-08-13T13:00:00-04:00,2186.27994968,1443.34000000,249.92007713,1936.35987255,1664.28758978,0.00000000,272.07228277,0.1305605873,0.1250000000,0,0,0.00000000
2024-08-13T13:15:00-04:00,2186.38822036,1443.34000000,250.02834780,1936.35987255,1664.28758978,0.00000000,272.07228277,0.1306097614,0.1250000000,0,0,0.00000000
2024-08-13T13:30:00-04:00,2186.09239884,1443.34000000,249.73252628,1936.35987255,1664.28758978,0.00000000,272.07228277,0.1304753927,0.1250000000,0,0,0.00000000
2024-08-13T13:45:00-04:00,2186.18114529,1443.34000000,249.82127274,1936.35987255,1664.28758978,0.00000000,272.07228277,0.1305157077,0.1250000000,0,0,0.00000000
2024-08-13T14:00:00-04:00,2186.38822036,1443.34000000,250.02834780,1936.35987255,1664.28758978,0.00000000,272.07228277,0.1306097614,0.1250000000,0,0,0.00000000
2024-08-13T14:15:00-04:00,2186.49471610,1443.34000000,250.13484355,1936.35987255,1664.28758978,0.00000000,272.07228277,0.1306581239,0.1250000000,0,0,0.00000000
2024-08-13T14:30:00-04:00,2186.32905605,1443.34000000,249.96918350,1936.35987255,1664.28758978,0.00000000,272.07228277,0.1305828910,0.1250000000,0,0,0.00000000
2024-08-13T14:45:00-04:00,2186.56571327,1443.34000000,250.20584071,1936.35987255,1664.28758978,0.00000000,272.07228277,0.1306903626,0.1250000000,0,0,0.00000000
2024-08-13T15:00:00-04:00,2186.56512162,1443.34000000,250.20524907,1936.35987255,1664.28758978,0.00000000,272.07228277,0.1306900940,0.1250000000,0,0,0.00000000
2024-08-13T15:15:00-04:00,2186.56098012,1443.34000000,250.20110757,1936.35987255,1664.28758978,0.00000000,272.07228277,0.1306882135,0.1250000000,0,0,0.00000000
2024-08-13T15:30:00-04:00,2186.58405420,1443.34000000,250.22418165,1936.35987255,1664.28758978,0.00000000,272.07228277,0.1306986906,0.1250000000,0,0,0.00000000
2024-08-13T15:45:00-04:00,2186.68404187,1443.34000000,250.32416932,1936.35987255,1664.28758978,0.00000000,272.07228277,0.1307440885,0.1250000000,0,0,0.00000000
2024-08-14T09:30:00-04:00,2186.38822036,1443.34000000,250.02834780,1936.35987255,1664.28758978,0.00000000,272.07228277,0.1306097614,0.1250000000,0,6,0.00000000
2024-08-14T09:45:00-04:00,2177.17145095,1443.34000000,249.49586907,1927.67558188,0.11949911,1655.48380000,272.07228277,0.1309621427,0.1250000000,4,0,73.90908539
2024-08-14T10:00:00-04:00,2221.97492234,1443.34000000,249.37754046,1972.59738188,0.11949911,1700.40560000,272.07228277,0.1278923036,0.1250000000,4,0,73.90908539
2024-08-14T10:15:00-04:00,2249.80681525,1443.34000000,249.55503337,2000.25178188,0.11949911,1728.06000000,272.07228277,0.1261822703,0.1250000000,4,0,73.90908539
2024-08-14T10:30:00-04:00,2228.01348664,1443.34000000,249.43670476,1978.57678188,0.11949911,1706.38500000,272.07228277,0.1275277111,0.1250000000,4,0,73.90908539
2024-08-14T10:45:00-04:00,2228.15855120,1443.34000000,250.32416932,1977.83438188,0.11949911,1705.64260000,272.07228277,0.1279719475,0.1250000000,4,0,73.90908539
2024-08-14T11:00:00-04:00,2271.24163702,1443.34000000,250.67915514,2020.56248188,0.11949911,1748.37070000,272.07228277,0.1253916556,0.1250000000,4,0,8.48348339
2024-08-14T11:15:00-04:00,2318.87342993,1443.34000000,250.85664806,2068.01678188,0.11949911,1795.82500000,272.07228277,0.1225603417,0.1250000000,4,2,8.48348339
2024-08-14T11:30:00-04:00,2324.36292322,1443.34000000,251.06372312,2073.29920010,1233.70289456,519.46500000,320.13130554,0.1252668209,0.1250000000,3,1,8.48348339
2024-08-14T11:45:00-04:00,2324.00883537,1443.34000000,251.80268527,2072.20615010,4.58174456,1747.49310000,320.13130554,0.1256577219,0.1250000000,4,1,36.56580676
2024-08-14T12:00:00-04:00,2319.62477816,1443.34000000,251.56602806,2068.05875010,4.58174456,1743.34570000,320.13130554,0.1258148784,0.1250000000,4,0,36.56580676
2024-08-14T12:15:00-04:00,2300.19478372,1443.34000000,250.38333362,2049.81145010,4.58174456,1725.09840000,320.13130554,0.1264521751,0.1250000000,4,0,36.56580676
2024-08-14T12:30:00-04:00,2290.59044541,1443.34000000,250.02834780,2040.56209761,1215.44353999,515.71100000,309.40755762,0.1262015482,0.1250000000,3,0,8.48348339
2024-08-14T12:45:00-04:00,2291.28267911,1443.34000000,250.43658150,2040.84609761,1215.44353999,515.99500000,309.40755762,0.1263634519,0.1250000000,3,0,8.48348339
2024-08-14T13:00:00-04:00,2290.85859554,1443.34000000,250.44249793,2040.41609761,1215.44353999,515.56500000,309.40755762,0.1263934829,0.1250000000,3,0,8.48348339
2024-08-14T13:15:00-04:00,2292.63514922,1443.34000000,250.55905161,2042.07609761,1215.44353999,517.22500000,309.40755762,0.1263390307,0.1250000000,3,0,8.48348339
2024-08-14T13:30:00-04:00,2288.06849554,1443.34000000,250.44249793,2037.62599761,1215.44353999,512.77490000,309.40755762,0.1265717098,0.1250000000,3,0,8.48348339
2024-08-14T13:45:00-04:00,2288.48859554,1443.34000000,250.44249793,2038.04609761,1215.44353999,513.19500000,309.40755762,0.1265448423,0.1250000000,3,0,8.48348339
2024-08-14T14:00:00-04:00,2287.35775984,1443.34000000,250.50166223,2036.85609761,1215.44353999,512.00500000,309.40755762,0.1266471026,0.1250000000,3,0,8.48348339
2024-08-14T14:15:00-04:00,2287.36585858,1443.34000000,250.32476096,2037.04109761,1215.44353999,512.19000000,309.40755762,0.1265571478,0.1250000000,3,0,8.48348339
2024-08-14T14:30:00-04:00,2287.59408845,1443.34000000,250.61999084,2036.97409761,1215.44353999,512.12300000,309.40755762,0.1266917891,0.1250000000,3,0,8.48348339
2024-08-14T14:45:00-04:00,2288.80190997,1443.34000000,250.91581236,2037.88609761,1215.44353999,513.03500000,309.40755762,0.1267639326,0.1250000000,3,0,8.48348339
2024-08-14T15:00:00-04:00,2287.23277402,1443.34000000,250.14667641,2037.08609761,1215.44353999,512.23500000,309.40755762,0.1264756230,0.1250000000,3,2,8.48348339
2024-08-14T15:15:00-04:00,2280.56084055,1443.34000000,250.26500502,2030.29583554,2.31827792,1718.57000000,309.40755762,0.1269637461,0.1250000000,4,0,75.79370256
2024-08-14T15:30:00-04:00,2278.74666207,1443.34000000,250.56082654,2028.18583554,2.31827792,1716.46000000,309.40755762,0.1272309202,0.1250000000,4,2,75.79370256
2024-08-14T15:45:00-04:00,2271.52081220,1443.34000000,250.97497666,2020.54583554,2.31827792,1708.82000000,309.40755762,0.1279105455,0.1250000000,4,2,75.79370256
2024-08-15T09:30:00-04:00,2319.81745524,1443.34000000,251.56661970,2068.25083554,2.31827792,1756.52500000,309.40755762,0.1251320042,0.1250000000,4,2,67.31021917
2024-08-15T09:45:00-04:00,2294.90823778,1443.34000000,252.62980224,2042.27843554,2.31827792,1730.55260000,309.40755762,0.1272373285,0.1250000000,4,0,67.31021917
2024-08-15T10:00:00-04:00,2289.55490562,1443.34000000,252.80907008,2036.74583554,2.31827792,1725.02000000,309.40755762,0.1276718474,0.1250000000,4,2,67.31021917
2024-08-15T10:15:00-04:00,2302.89959033,1443.34000000,253.02501979,2049.87457054,0.49691292,1739.97010000,309.40755762,0.1269255235,0.1250000000,5,0,67.37538474
2024-08-15T10:30:00-04:00,2332.15397757,1443.34000000,253.34450703,2078.80947054,0.49691292,1768.90500000,309.40755762,0.1252477842,0.1250000000,5,0,67.37538474
2024-08-15T10:45:00-04:00,2321.49416214,1443.34000000,253.10489160,2068.38927054,0.49691292,1758.48480000,309.40755762,0.1257922452,0.1250000000,5,0,67.37538474
2024-08-15T11:00:00-04:00,2305.30820150,1443.34000000,253.45987742,2051.84832408,523.35089222,1212.95900000,315.53843185,0.1273815098,0.1250000000,2,3,67.37538474
2024-08-15T11:15:00-04:00,2271.46084636,1443.34000000,253.69298478,2017.76786158,1.00942972,1701.22000000,315.53843185,0.1297050348,0.1250000000,3,0,76.34021655
2024-08-15T11:30:00-04:00,2274.02464310,1443.34000000,253.56578153,2020.45886158,1.00942972,1703.91100000,315.53843185,0.1294702919,0.1250000000,3,1,76.27505097
2024-08-15T11:45:00-04:00,2265.25395318,1443.34000000,253.10489160,2012.14906158,1.00942972,1695.60120000,315.53843185,0.1298163188,0.1250000000,3,1,76.27505097
2024-08-15T12:00:00-04:00,2274.75233533,1443.34000000,253.13447375,2021.61786158,1.00942972,1705.07000000,315.53843185,0.1292020607,0.1250000000,3,0,76.27505097
2024-08-15T12:15:00-04:00,2274.14649963,1443.34000000,253.19363805,2020.95286158,1.00942972,1704.40500000,315.53843185,0.1292722328,0.1250000000,3,0,76.27505097
2024-08-15T12:30:00-04:00,2271.23275318,1443.34000000,253.10489160,2018.12786158,1.00942972,1701.58000000,315.53843185,0.1294194542,0.1250000000,3,0,76.27505097
2024-08-15T12:45:00-04:00,2281.99594242,1443.34000000,252.95698084,2029.03896158,1.00942972,1712.49110000,315.53843185,0.1286358741,0.1250000000,3,0,76.27505097
2024-08-15T13:00:00-04:00,2276.02673675,1443.34000000,253.09897517,2022.92776158,1.00942972,1706.37990000,315.53843185,0.1290999668,0.1250000000,3,1,76.27505097
2024-08-15T13:15:00-04:00,2299.69775318,1443.34000000,253.10489160,2046.59286158,1.00942972,1730.04500000,315.53843185,0.1275627864,0.1250000000,3,1,76.27505097
2024-08-15T13:30:00-04:00,2282.84723533,1443.34000000,253.13447375,2029.71276158,1.00942972,1713.16490000,315.53843185,0.1286704321,0.1250000000,3,0,76.27505097
2024-08-15T13:45:00-04:00,2268.37775318,1443.34000000,253.10489160,2015.27286158,1.00942972,1698.72500000,315.53843185,0.1296086620,0.1250000000,3,0,76.27505097
2024-08-15T14:00:00-04:00,2266.33264482,1443.34000000,253.10548324,2013.22716158,1.00942972,1696.67930000,315.53843185,0.1297448401,0.1250000000,3,0,76.27505097
2024-08-15T14:15:00-04:00,2275.50139184,1443.34000000,253.18003026,2022.32136158,1.00942972,1705.77350000,315.53843185,0.1291759260,0.1250000000,3,0,76.27505097
2024-08-15T14:30:00-04:00,2273.92039014,1443.34000000,253.22262856,2020.69776158,1.00942972,1704.14990000,315.53843185,0.1293019615,0.1250000000,3,0,76.27505097
2024-08-15T14:45:00-04:00,2256.84618178,1443.34000000,253.22322021,2003.62296158,1.00942972,1687.07510000,315.53843185,0.1304395041,0.1250000000,3,1,76.27505097
2024-08-15T15:00:00-04:00,2278.53879396,1443.34000000,253.33563238,2025.20316158,1.00942972,1708.65530000,315.53843185,0.1290553162,0.1250000000,3,0,76.27505097
2024-08-15T15:15:00-04:00,2288.90284609,1443.34000000,253.28238451,2035.62046158,1.00942972,1719.07260000,315.53843185,0.1283505381,0.1250000000,3,0,76.27505097
2024-08-15T15:30:00-04:00,2306.29490147,1443.34000000,253.35633989,2052.93856158,1.00942972,1736.39070000,315.53843185,0.1272663652,0.1250000000,3,2,76.27505097
2024-08-15T15:45:00-04:00,2293.58357470,1443.34000000,253.40071312,2040.18286158,1.00942972,1723.63500000,315.53843185,0.1281066380,0.1250000000,3,2,76.27505097
2024-08-16T09:30:00-04:00,2225.33999062,1443.34000000,252.27659135,1973.06339928,354.71982779,1335.40000000,282.94357149,0.1298790447,0.1250000000,1,5,35.97400222
2024-08-16T09:45:00-04:00,2224.84774500,1443.34000000,252.27659135,1972.57115365,0.12658216,1689.50100000,282.94357149,0.1299119672,0.1250000000,3,3,47.22157965
2024-08-16T10:00:00-04:00,2229.69599240,1443.34000000,252.74990578,1976.94608662,5.14153035,1688.85000000,282.95455627,0.1298322936,0.1250000000,2,2,47.22157965
2024-08-16T10:15:00-04:00,2217.96032100,1443.34000000,252.86823438,1965.09208662,5.14153035,1676.99600000,282.95455627,0.1306808688,0.1250000000,2,1,47.22157965
2024-08-16T10:30:00-04:00,2210.64104190,1443.34000000,252.89781654,1957.74322537,1.32366910,1673.46500000,282.95455627,0.1311924000,0.1250000000,3,0,47.38951069
2024-08-16T10:45:00-04:00,2217.59517293,1443.34000000,252.74694756,1964.84822537,1.32366910,1680.57000000,282.95455627,0.1306428416,0.1250000000,3,1,47.38951069
2024-08-16T11:00:00-04:00,2221.78657266,1443.34000000,252.33634729,1969.45022537,1.32366910,1685.17200000,282.95455627,0.1301486385,0.1250000000,3,1,47.38951069
2024-08-16T11:15:00-04:00,2215.02304899,1443.34000000,252.72032362,1962.30272537,1.32366910,1678.02450000,282.95455627,0.1308029837,0.1250000000,3,0,47.38951069
2024-08-16T11:30:00-04:00,2215.81762406,1443.34000000,252.92739869,1962.89022537,1.32366910,1678.61200000,282.95455627,0.1308563462,0.1250000000,3,0,47.38951069
2024-08-16T11:45:00-04:00,2224.66961697,1443.34000000,253.10489160,1971.56472537,1.32366910,1687.28650000,282.95455627,0.1303512017,0.1250000000,3,0,47.38951069
2024-08-16T12:00:00-04:00,2226.76152206,1443.34000000,253.39479669,1973.36672537,1.32366910,1689.08850000,282.95455627,0.1303600621,0.1250000000,3,2,47.38951069
2024-08-16T12:15:00-04:00,2228.83903013,1443.34000000,253.40130476,1975.43772537,1.32366910,1691.15950000,282.95455627,0.1302242287,0.1250000000,3,2,47.38951069
2024-08-16T12:30:00-04:00,2230.81699570,1443.34000000,253.63737033,1977.17962537,1.32366910,1692.90140000,282.95455627,0.1302131841,0.1250000000,3,2,47.38951069
2024-08-16T12:45:00-04:00,2236.76508861,1443.34000000,253.81486324,1982.95022537,1.32366910,1698.67200000,282.95455627,0.1299076134,0.1250000000,3,0,47.38951069
2024-08-16T13:00:00-04:00,2231.05202304,1443.34000000,253.57879767,1977.47322537,1.32366910,1693.19500000,282.95455627,0.1301674079,0.1250000000,3,0,47.38951069
2024-08-16T13:15:00-04:00,2226.41202304,1443.34000000,253.57879767,1972.83322537,1.32366910,1688.55500000,282.95455627,0.1304781823,0.1250000000,3,0,47.38951069
2024-08-16T13:30:00-04:00,2222.81892431,1443.34000000,253.75569894,1969.06322537,1.32366910,1684.78500000,282.95455627,0.1308110521,0.1250000000,3,1,47.38951069
2024-08-16T13:45:00-04:00,2222.82476001,1443.34000000,253.69653464,1969.12822537,1.32366910,1684.85000000,282.95455627,0.1307801595,0.1250000000,3,0,47.38951069
2024-08-16T14:00:00-04:00,2210.06526709,1443.34000000,253.51904173,1956.54622537,1.32366910,1672.26800000,282.95455627,0.1315539581,0.1250000000,3,0,47.38951069
2024-08-16T14:15:00-04:00,2212.92726709,1443.34000000,253.51904173,1959.40822537,1.32366910,1675.13000000,282.95455627,0.1313588738,0.1250000000,3,0,47.38951069
2024-08-16T14:30:00-04:00,2212.44143140,1443.34000000,253.57820603,1958.86322537,1.32366910,1674.58500000,282.95455627,0.1314226126,0.1250000000,3,0,47.38951069
2024-08-16T14:45:00-04:00,2217.10376709,1443.34000000,253.51904173,1963.58472537,1.32366910,1679.30650000,282.95455627,0.1310752243,0.1250000000,3,1,47.38951069
2024-08-16T15:00:00-04:00,2212.55167545,1443.34000000,253.51845008,1959.03322537,1.32366910,1674.75500000,282.95455627,0.1313841359,0.1250000000,3,0,47.38951069
2024-08-16T15:15:00-04:00,2221.70476709,1443.34000000,253.51904173,1968.18572537,1.32366910,1683.90750000,282.95455627,0.1307641595,0.1250000000,3,2,47.22157965
2024-08-16T15:30:00-04:00,2219.00017785,1443.34000000,253.66695248,1965.33322537,1.32366910,1681.05500000,282.95455627,0.1310232309,0.1250000000,3,1,47.22157965
2024-08-16T15:45:00-04:00,2215.58308861,1443.34000000,253.81486324,1961.76822537,1.32366910,1677.49000000,282.95455627,0.1313314271,0.1250000000,3,2,47.22157965
2024-08-19T09:30:00-04:00,2228.62095684,1443.34000000,255.02773147,1973.59322537,1.32366910,1689.31500000,282.95455627,0.1310747471,0.1250000000,3,3,47.22157965
2024-08-19T09:45:00-04:00,2232.72912061,1443.34000000,254.19943122,1978.52968939,5.22570010,1690.30000000,283.00398929,0.1303770604,0.1250000000,2,2,47.22157965
2024-08-19T10:00:00-04:00,2240.12244922,1443.34000000,254.31775983,1985.80468939,5.22570010,1697.57500000,283.00398929,0.1299450008,0.1250000000,2,4,36.00764797
2024-08-19T10:15:00-04:00,2242.95499558,1443.34000000,254.09589369,1988.85910189,0.17191260,1705.68320000,283.00398929,0.1296440028,0.1250000000,3,3,36.10225926
2024-08-19T10:30:00-04:00,2243.28925805,1443.34000000,253.99235616,1989.29690189,0.17191260,1706.12100000,283.00398929,0.1295690786,0.1250000000,3,3,36.10225926
2024-08-19T10:45:00-04:00,2245.39817404,1443.34000000,254.21777215,1991.18040189,0.17191260,1708.00450000,283.00398929,0.1295447032,0.1250000000,3,3,36.10225926
2024-08-19T11:00:00-04:00,2248.47357248,1443.34000000,254.46567059,1994.00790189,0.17191260,1710.83200000,283.00398929,0.1294681295,0.1250000000,3,3,36.10225926
2024-08-19T11:15:00-04:00,2249.45948083,1443.34000000,254.46507894,1994.99440189,0.17191260,1711.81850000,283.00398929,0.1294029181,0.1250000000,3,1,36.10225926
2024-08-19T11:30:00-04:00,2245.22546383,1443.34000000,254.47336195,1990.75210189,0.17191260,1707.57620000,283.00398929,0.1296863607,0.1250000000,3,1,36.10225926
2024-08-19T11:45:00-04:00,2241.49790817,1443.34000000,254.40650628,1987.09140189,0.17191260,1703.91550000,283.00398929,0.1298990535,0.1250000000,3,0,36.10225926
2024-08-19T12:00:00-04:00,2244.63073678,1443.34000000,254.52483489,1990.10590189,0.17191260,1706.93000000,283.00398929,0.1297519190,0.1250000000,3,1,36.10225926
2024-08-19T12:15:00-04:00,2246.45790108,1443.34000000,254.58399919,1991.87390189,0.17191260,1708.69800000,283.00398929,0.1296613064,0.1250000000,3,0,36.10225926
2024-08-19T12:30:00-04:00,2245.36490108,1443.34000000,254.58399919,1990.78090189,0.17191260,1707.60500000,283.00398929,0.1297335254,0.1250000000,3,0,36.10225926
2024-08-19T12:45:00-04:00,2249.52929767,1443.34000000,255.08689578,1994.44240189,0.17191260,1711.26650000,283.00398929,0.1297145247,0.1250000000,3,2,36.10225926
2024-08-19T13:00:00-04:00,2246.74405121,1443.34000000,254.99814932,1991.74590189,0.17191260,1708.57000000,283.00398929,0.1298533112,0.1250000000,3,0,36.10225926
2024-08-19T13:15:00-04:00,2246.83421551,1443.34000000,255.05731362,1991.77690189,0.17191260,1708.60100000,283.00398929,0.1298774763,0.1250000000,3,0,36.10225926
2024-08-19T13:30:00-04:00,2249.96587982,1443.34000000,255.11647793,1994.84940189,0.17191260,1711.67350000,283.00398929,0.1297007731,0.1250000000,3,0,36.10225926
2024-08-19T13:45:00-04:00,2253.61887982,1443.34000000,255.11647793,1998.50240189,0.17191260,1715.32650000,283.00398929,0.1294603421,0.1250000000,3,2,36.10225926
2024-08-19T14:00:00-04:00,2250.78862627,1443.34000000,255.20522438,1995.58340189,0.17191260,1712.40750000,283.00398929,0.1296916439,0.1250000000,3,0,36.10225926
2024-08-19T14:15:00-04:00,2253.70420842,1443.34000000,255.23480654,1998.46940189,0.17191260,1715.29350000,283.00398929,0.1295147806,0.1250000000,3,2,36.10225926
2024-08-19T14:30:00-04:00,2264.96036564,1443.34000000,255.47146375,2009.48890189,0.17191260,1726.31300000,283.00398929,0.1288986311,0.1250000000,3,0,36.10225926
2024-08-19T14:45:00-04:00,2261.42194539,1443.34000000,255.35254350,2006.06940189,0.17191260,1722.89350000,283.00398929,0.1290690588,0.1250000000,3,1,36.10225926
2024-08-19T15:00:00-04:00,2259.28578109,1443.34000000,255.29337920,2003.99240189,0.17191260,1720.81650000,283.00398929,0.1291786324,0.1250000000,3,0,36.10225926
2024-08-19T15:15:00-04:00,2261.95703703,1443.34000000,255.35313514,2006.60390189,0.17191260,1723.42800000,283.00398929,0.1290344586,0.1250000000,3,3,36.10225926
2024-08-19T15:30:00-04:00,2254.13194539,1443.34000000,255.35254350,1998.77940189,0.17191260,1715.60350000,283.00398929,0.1295464065,0.1250000000,3,0,36.10225926
2024-08-19T15:45:00-04:00,2261.50736564,1443.34000000,255.47146375,2006.03590189,0.17191260,1722.86000000,283.00398929,0.1291235925,0.1250000000,3,3,36.10225926
2024-08-20T09:30:00-04:00,2268.77405631,1443.34000000,255.73770312,2013.03635320,6.89037993,1713.17480000,292.97117326,0.1294348264,0.1250000000,4,2,41.08703718
2024-08-20T09:45:00-04:00,2279.47763011,1443.34000000,255.76787691,2023.70975320,6.89037993,1723.84820000,292.97117326,0.1287526029,0.1250000000,4,2,37.04384963
2024-08-20T10:00:00-04:00,2280.77149814,1443.34000000,255.11647793,2025.65502021,350.73044723,1379.21900000,295.70557298,0.1285178868,0.1250000000,3,0,36.98485102
2024-08-20T10:15:00-04:00,2280.39000523,1443.34000000,254.93898502,2025.45102021,350.73044723,1379.01500000,295.70557298,0.1284531590,0.1250000000,3,0,36.98485102
2024-08-20T10:30:00-04:00,2269.93909933,1443.34000000,254.52483489,2015.41426444,357.08806981,1362.76000000,295.56619462,0.1289142665,0.1250000000,2,0,0.63881771
2024-08-20T10:45:00-04:00,2270.23219404,1443.34000000,254.76149211,2015.47070194,1696.07722269,19.07500000,300.31847925,0.1293262188,0.1250000000,1,0,0.63881771
2024-08-20T11:00:00-04:00,2270.54968695,1443.34000000,254.93898502,2015.61070194,1696.07722269,19.21500000,300.31847925,0.1293954659,0.1250000000,1,1,0.63881771
2024-08-20T11:15:00-04:00,2282.98068122,1443.34000000,254.87390428,2028.10677694,387.19629769,1340.59200000,300.31847925,0.1285513508,0.1250000000,2,0,68.70492326
2024-08-20T11:30:00-04:00,2276.23876195,1443.34000000,254.93898502,2021.29977694,387.19629769,1333.78500000,300.31847925,0.1290229101,0.1250000000,2,0,68.70492326
2024-08-20T11:45:00-04:00,2306.04280854,1443.34000000,255.23303161,2050.80977694,387.19629769,1363.29500000,300.31847925,0.1272522988,0.1250000000,2,1,68.70492326
2024-08-20T12:00:00-04:00,2314.16533153,1443.34000000,255.29397084,2058.87136069,2.35288144,1756.20000000,300.31847925,0.1267693075,0.1250000000,3,0,81.47443426
2024-08-20T12:15:00-04:00,2305.14808267,1443.34000000,255.05672198,2050.09136069,2.35288144,1747.42000000,300.31847925,0.1272211471,0.1250000000,3,0,81.47443426
2024-08-20T12:30:00-04:00,2287.95851001,1443.34000000,254.99814932,2032.96036069,2.35288144,1730.28900000,300.31847925,0.1282919167,0.1250000000,3,0,81.47443426
2024-08-20T12:45:00-04:00,2290.13108140,1443.34000000,254.87982071,2035.25126069,2.35288144,1732.57990000,300.31847925,0.1280923743,0.1250000000,3,0,81.47443426
2024-08-20T13:00:00-04:00,2278.90028962,1443.34000000,254.67392894,2024.22636069,2.35288144,1721.55500000,300.31847925,0.1287153898,0.1250000000,3,0,81.47443426
2024-08-20T13:15:00-04:00,2281.36101710,1443.34000000,254.82065641,2026.54036069,2.35288144,1723.86900000,300.31847925,0.1286295733,0.1250000000,3,0,68.70492326
2024-08-20T13:30:00-04:00,2296.10951001,1443.34000000,254.99814932,2041.11136069,2.35288144,1738.44000000,300.31847925,0.1277679604,0.1250000000,3,0,68.70492326
2024-08-20T13:45:00-04:00,2306.59367431,1443.34000000,255.05731362,2051.53636069,2.35288144,1748.86500000,300.31847925,0.1271297747,0.1250000000,3,0,68.70492326
2024-08-20T14:00:00-04:00,2314.59996113,1443.34000000,255.17860045,2059.42136069,2.35288144,1756.75000000,300.31847925,0.1266846778,0.1250000000,3,0,68.70492326
2024-08-20T14:15:00-04:00,2316.53698874,1443.34000000,255.53062805,2061.00636069,2.35288144,1758.33500000,300.31847925,0.1267375668,0.1250000000,3,0,68.70492326
2024-08-20T14:30:00-04:00,2323.77231735,1443.34000000,255.64895666,2068.12336069,2.35288144,1765.45200000,300.31847925,0.1263428658,0.1250000000,3,0,68.70492326
2024-08-20T14:45:00-04:00,2339.61615305,1443.34000000,255.58979236,2084.02636069,2.35288144,1781.35500000,300.31847925,0.1253322630,0.1250000000,3,0,68.70492326
2024-08-20T15:00:00-04:00,2333.35282444,1443.34000000,255.47146375,2077.88136069,2.35288144,1775.21000000,300.31847925,0.1256601810,0.1250000000,3,1,68.70492326
2024-08-20T15:15:00-04:00,2338.76066013,1443.34000000,255.41229945,2083.34836069,2.35288144,1780.67700000,300.31847925,0.1252977896,0.1250000000,3,1,68.70492326
2024-08-20T15:30:00-04:00,2338.26606013,1443.34000000,255.41229945,2082.85376069,2.35288144,1780.18240000,300.31847925,0.1253281987,0.1250000000,3,1,68.70492326
2024-08-20T15:45:00-04:00,2337.50116722,1443.34000000,255.23480654,2082.26636069,2.35288144,1779.59500000,300.31847925,0.1252881286,0.1250000000,3,0,68.70492326
2024-08-21T09:30:00-04:00,2345.43493694,1443.34000000,255.47146375,2089.96347319,405.27490133,1373.75250000,310.93607186,0.1255697254,0.1250000000,2,4,68.70492326
2024-08-21T09:45:00-04:00,2355.74862061,1443.34000000,255.79686742,2099.95175319,6.01568133,1783.00000000,310.93607186,0.1250955094,0.1250000000,4,2,74.17641814
2024-08-21T10:00:00-04:00,2304.11104383,1443.34000000,255.67853881,2048.43250501,177.31221171,1561.11100000,310.00929330,0.1282173985,0.1250000000,4,1,71.87674748
2024-08-21T10:15:00-04:00,2322.42091037,1443.34000000,255.88561388,2066.53529649,222.65295383,1535.08000000,308.80234266,0.1270775002,0.1250000000,4,1,77.29273938
2024-08-21T10:30:00-04:00,2324.11742271,1443.34000000,256.53642122,2067.58100149,43.45865883,1715.32000000,308.80234266,0.1272934559,0.1250000000,5,1,79.06269401
2024-08-21T10:45:00-04:00,2297.24041879,1443.34000000,255.38271729,2041.85770149,3.82895883,1729.22640000,308.80234266,0.1284338297,0.1250000000,6,0,79.97211397
2024-08-21T11:00:00-04:00,2298.61631537,1443.34000000,255.88561388,2042.73070149,3.82895883,1730.09940000,308.80234266,0.1285977571,0.1250000000,6,0,79.97211397
2024-08-21T11:15:00-04:00,2306.81048803,1443.34000000,255.94418654,2050.86630149,3.82895883,1738.23500000,308.80234266,0.1280996712,0.1250000000,6,0,79.97211397
2024-08-21T11:30:00-04:00,2316.53912246,1443.34000000,255.70812097,2060.83100149,3.82895883,1748.19970000,308.80234266,0.1273613770,0.1250000000,6,0,79.97211397
2024-08-21T11:45:00-04:00,2304.18419158,1443.34000000,255.64659009,2048.53760149,3.82895883,1735.90630000,308.80234266,0.1281191318,0.1250000000,6,0,79.97211397
2024-08-21T12:00:00-04:00,2305.49192955,1443.34000000,255.53062805,2049.96130149,3.82895883,1737.33000000,308.80234266,0.1279771426,0.1250000000,6,0,79.97211397
2024-08-21T12:15:00-04:00,2296.51558676,1443.34000000,255.76728527,2040.74830149,3.82895883,1728.11700000,308.80234266,0.1286741365,0.1250000000,6,0,79.97211397
2024-08-21T12:30:00-04:00,2310.95107967,1443.34000000,255.94477818,2055.00630149,3.82895883,1742.37500000,308.80234266,0.1278350471,0.1250000000,6,0,79.97211397
2024-08-21T12:45:00-04:00,2318.25120828,1443.34000000,256.06310679,2062.18810149,3.82895883,1749.55680000,308.80234266,0.1274295212,0.1250000000,6,0,79.97211397
2024-08-21T13:00:00-04:00,2321.26415233,1443.34000000,256.00335084,2065.26080149,3.82895883,1752.62950000,308.80234266,0.1272090479,0.1250000000,6,0,79.97211397
2024-08-21T13:15:00-04:00,2326.54797258,1443.34000000,256.12227109,2070.42570149,3.82895883,1757.79440000,308.80234266,0.1269348660,0.1250000000,6,0,79.97211397
2024-08-21T13:30:00-04:00,2325.49268094,1443.34000000,256.12167945,2069.37100149,3.82895883,1756.73970000,308.80234266,0.1270009949,0.1250000000,6,0,79.33329626
2024-08-21T13:45:00-04:00,2323.00439410,1443.34000000,256.41809261,2066.58630149,3.82895883,1753.95500000,308.80234266,0.1273050499,0.1250000000,6,0,79.25880862
2024-08-21T14:00:00-04:00,2316.32383093,1443.34000000,256.33052944,2059.99330149,3.82895883,1747.36200000,308.80234266,0.1276850738,0.1250000000,6,0,79.25880862
2024-08-21T14:15:00-04:00,2321.47745967,1443.34000000,256.65415818,2064.82330149,3.82895883,1752.19200000,308.80234266,0.1275189205,0.1250000000,6,0,79.25880862
2024-08-21T14:30:00-04:00,2315.10425556,1443.34000000,256.41809261,2058.68616295,7.61876691,1742.21100000,308.85639604,0.1278097775,0.1250000000,5,0,79.25880862
2024-08-21T14:45:00-04:00,2331.81878417,1443.34000000,256.53642122,2075.28236295,7.61876691,1758.80720000,308.85639604,0.1268122545,0.1250000000,5,1,79.25880862
2024-08-21T15:00:00-04:00,2341.19576265,1443.34000000,256.24059970,2084.95516295,7.61876691,1768.48000000,308.85639604,0.1260816003,0.1250000000,5,0,79.25880862
2024-08-21T15:15:00-04:00,2348.37307704,1443.34000000,256.24059970,2092.13247734,27.20191700,1755.80470000,309.12586034,0.1256545051,0.1250000000,4,2,79.25880862
2024-08-21T15:30:00-04:00,2349.77347558,1443.34000000,256.15185324,2093.62162234,0.84216200,1783.65360000,309.12586034,0.1255247850,0.1250000000,5,1,71.52191667
2024-08-21T15:45:00-04:00,2347.98442938,1443.34000000,256.89140704,2091.09302234,0.84216200,1781.12500000,309.12586034,0.1259976592,0.1250000000,5,1,71.52191667
2024-08-22T09:30:00-04:00,2347.60485305,1443.34000000,254.87982071,2092.72503234,38.12766239,1739.66000000,314.93736995,0.1253917932,0.1250000000,4,2,69.75196204
2024-08-22T09:45:00-04:00,2342.95235125,1443.34000000,254.82065641,2088.13169484,5.48066024,1768.25000000,314.40103460,0.1256170619,0.1250000000,4,0,73.91872146
2024-08-22T10:00:00-04:00,2305.04754390,1443.34000000,254.16984907,2050.87769484,5.48066024,1730.99600000,314.40103460,0.1276820610,0.1250000000,4,1,73.91872146
2024-08-22T10:15:00-04:00,2272.15651058,1443.34000000,254.11068476,2018.04582582,31.33917211,1672.60000000,314.10665371,0.1297774333,0.1250000000,3,0,73.14228493
2024-08-22T10:30:00-04:00,2272.10068907,1443.34000000,253.81486324,2018.28582582,31.33917211,1672.84000000,314.10665371,0.1296300493,0.1250000000,3,0,73.14228493
2024-08-22T10:45:00-04:00,2279.89936046,1443.34000000,253.69653464,2026.20282582,31.33917211,1680.75700000,314.10665371,0.1290555885,0.1250000000,3,0,73.14228493
2024-08-22T11:00:00-04:00,2290.61319615,1443.34000000,253.63737033,2036.97582582,31.33917211,1691.53000000,314.10665371,0.1283260970,0.1250000000,3,1,73.14228493
2024-08-22T11:15:00-04:00,2277.36475361,1443.34000000,252.89781654,2024.46693707,0.13078336,1710.22950000,314.10665371,0.1288153690,0.1250000000,4,1,74.08249439
2024-08-22T11:30:00-04:00,2278.28070022,1443.34000000,251.03709918,2027.24360104,356.16706706,1358.61000000,312.46653398,0.1277013379,0.1250000000,3,0,69.91573498
2024-08-22T11:45:00-04:00,2277.47087795,1443.34000000,251.80327692,2025.66760104,356.16706706,1357.03400000,312.46653398,0.1281438780,0.1250000000,3,0,69.91573498
2024-08-22T12:00:00-04:00,2318.91353517,1443.34000000,252.03993413,2066.87360104,356.16706706,1398.24000000,312.46653398,0.1256150469,0.1250000000,3,0,69.91573498
2024-08-22T12:15:00-04:00,2314.22590099,1443.34000000,253.10429996,2061.12160104,356.16706706,1392.48800000,312.46653398,0.1264409220,0.1250000000,3,0,69.91573498
2024-08-22T12:30:00-04:00,2322.66116403,1443.34000000,252.98656299,2069.67460104,356.16706706,1401.04100000,312.46653398,0.1258517754,0.1250000000,3,0,69.91573498
2024-08-22T12:45:00-04:00,2325.61480289,1443.34000000,251.59620185,2074.01860104,356.16706706,1405.38500000,312.46653398,0.1249764887,0.1250000000,3,0,69.91573498
2024-08-22T13:00:00-04:00,2330.98589213,1443.34000000,251.44829109,2079.53760104,356.16706706,1410.90400000,312.46653398,0.1245706612,0.1250000000,3,0,69.91573498
2024-08-22T13:15:00-04:00,2354.96844934,1443.34000000,251.68494831,2103.28350104,356.16706706,1434.64990000,312.46653398,0.1232238493,0.1250000000,3,0,69.91573498
2024-08-22T13:30:00-04:00,2349.72238446,1443.34000000,251.09330527,2098.62907919,386.76882213,1399.75000000,312.11025706,0.1232291965,0.1250000000,2,0,68.97552552
2024-08-22T13:45:00-04:00,2328.17283066,1443.34000000,250.35375147,2077.81907919,386.76882213,1378.94000000,312.11025706,0.1241795541,0.1250000000,2,0,68.97552552
2024-08-22T14:00:00-04:00,2316.46739864,1443.34000000,250.73831945,2065.72907919,386.76882213,1366.85000000,312.11025706,0.1250966279,0.1250000000,2,0,68.97552552
2024-08-22T14:15:00-04:00,2319.78869778,1443.34000000,250.75961860,2069.02907919,386.76882213,1370.15000000,312.11025706,0.1249002896,0.1250000000,2,0,68.97552552
2024-08-22T14:30:00-04:00,2313.23613560,1443.34000000,250.85605641,2062.38007919,386.76882213,1363.50100000,312.11025706,0.1253574596,0.1250000000,2,0,68.97552552
2024-08-22T14:45:00-04:00,2318.11291990,1443.34000000,250.20584071,2067.90707919,386.76882213,1369.02800000,312.11025706,0.1247285686,0.1250000000,2,0,68.97552552
2024-08-22T15:00:00-04:00,2344.00764269,1443.34000000,250.67856350,2093.32907919,386.76882213,1394.45000000,312.11025706,0.1233716650,0.1250000000,2,0,68.97552552
2024-08-22T15:15:00-04:00,2332.24826269,1443.34000000,249.96918350,2082.27907919,386.76882213,1383.40000000,312.11025706,0.1237386668,0.1250000000,2,0,68.97552552
2024-08-22T15:30:00-04:00,2323.13093408,1443.34000000,249.85085489,2073.28007919,386.76882213,1374.40100000,312.11025706,0.1242408185,0.1250000000,2,0,68.97552552
2024-08-22T15:45:00-04:00,2317.73160547,1443.34000000,249.73252628,2067.99907919,386.76882213,1369.12000000,312.11025706,0.1245162884,0.1250000000,2,1,68.97552552
2024-08-23T09:30:00-04:00,2440.74020713,1443.34000000,251.56661970,2189.17358743,1396.37540341,430.72000000,362.07818402,0.1210233395,0.1250000000,2,4,9.43770257
2024-08-23T09:45:00-04:00,2440.25488100,1443.34000000,251.98076983,2188.27411118,2.69592716,1823.50000000,362.07818402,0.1212508880,0.1250000000,4,0,62.88020343
2024-08-23T10:00:00-04:00,2477.14750987,1443.34000000,252.92739869,2224.22011118,2.69592716,1859.44600000,362.07818402,0.1195835028,0.1250000000,4,2,61.97078347
2024-08-23T10:15:00-04:00,2502.22148083,1443.34000000,252.68423340,2249.53724743,0.20906341,1887.25000000,362.07818402,0.1180688386,0.1250000000,5,1,62.10475425
2024-08-23T10:30:00-04:00,2492.32747105,1443.34000000,252.72032362,2239.60714743,0.20906341,1877.31990000,362.07818402,0.1186341548,0.1250000000,5,1,62.10475425
2024-08-23T10:45:00-04:00,2461.15560320,1443.34000000,252.03993413,2209.11566907,9.04735184,1838.15960000,361.90871723,0.1200620736,0.1250000000,3,2,61.65324239
2024-08-23T11:00:00-04:00,2460.57633771,1443.34000000,252.18784489,2208.38849282,1.60677559,1844.87300000,361.90871723,0.1201656910,0.1250000000,4,1,61.79441115
2024-08-23T11:15:00-04:00,2473.69857708,1443.34000000,252.45408426,2221.24449282,1.60677559,1857.72900000,361.90871723,0.1195450784,0.1250000000,4,2,61.79441115
2024-08-23T11:30:00-04:00,2464.80291987,1443.34000000,252.21742704,2212.58549282,1.60677559,1849.07000000,361.90871723,0.1199382388,0.1250000000,4,1,61.79441115
2024-08-23T11:45:00-04:00,2461.24364480,1443.34000000,252.01035198,2209.23329282,1.60677559,1845.71780000,361.90871723,0.1200429473,0.1250000000,4,0,61.79441115
2024-08-23T12:00:00-04:00,2440.94129100,1443.34000000,251.27079818,2189.67049282,1.60677559,1826.15500000,361.90871723,0.1208594812,0.1250000000,4,0,61.79441115
2024-08-23T12:15:00-04:00,2443.19196240,1443.34000000,251.15246957,2192.03949282,1.60677559,1828.52400000,361.90871723,0.1206719317,0.1250000000,4,2,61.79441115
2024-08-23T12:30:00-04:00,2439.82023012,1443.34000000,250.70873730,2189.11149282,1.60677559,1825.59600000,361.90871723,0.1206541933,0.1250000000,4,0,61.79441115
2024-08-23T12:45:00-04:00,2455.45275319,1443.34000000,251.17436037,2204.27839282,1.60677559,1840.76290000,361.90871723,0.1199756757,0.1250000000,4,0,61.79441115
2024-08-23T13:00:00-04:00,2463.19614695,1443.34000000,251.33055413,2211.86559282,1.60677559,1848.35010000,361.90871723,0.1196078892,0.1250000000,4,0,61.79441115
2024-08-23T13:15:00-04:00,2475.76995556,1443.34000000,252.15826274,2223.61169282,1.60677559,1860.09620000,361.90871723,0.1192879921,0.1250000000,4,2,61.79441115
2024-08-23T13:30:00-04:00,2489.73374138,1443.34000000,252.51324856,2237.22049282,1.60677559,1873.70500000,361.90871723,0.1186719987,0.1250000000,4,1,61.79441115
2024-08-23T13:45:00-04:00,2486.77375556,1443.34000000,252.15826274,2234.61549282,1.60677559,1871.10000000,361.90871723,0.1186702488,0.1250000000,4,0,61.79441115
2024-08-23T14:00:00-04:00,2490.34754223,1443.34000000,252.49194941,2237.85559282,1.60677559,1874.34010000,361.90871723,0.1186277691,0.1250000000,4,0,61.79441115
2024-08-23T14:15:00-04:00,2485.00123248,1443.34000000,252.11033965,2232.89089282,1.60677559,1869.37540000,361.90871723,0.1187467517,0.1250000000,4,0,61.79441115
2024-08-23T14:30:00-04:00,2488.56796999,1443.34000000,252.63157717,2235.93639282,1.60677559,1872.42090000,361.90871723,0.1187926918,0.1250000000,4,0,61.79441115
2024-08-23T14:45:00-04:00,2484.12926265,1443.34000000,251.98076983,2232.14849282,1.60677559,1868.63300000,361.90871723,0.1187344880,0.1250000000,4,0,61.79441115
2024-08-23T15:00:00-04:00,2495.77498442,1443.34000000,253.10489160,2242.67009282,1.60677559,1879.15460000,361.90871723,0.1186132868,0.1250000000,4,1,61.79441115
2024-08-23T15:15:00-04:00,2503.67896602,1443.34000000,252.73097320,2250.94799282,1.60677559,1887.43250000,361.90871723,0.1180009730,0.1250000000,4,2,53.26612854
2024-08-23T15:30:00-04:00,2492.02246999,1443.34000000,252.63157717,2239.39089282,1.60677559,1875.87540000,361.90871723,0.1186000404,0.1250000000,4,0,53.26612854
2024-08-23T15:45:00-04:00,2498.63065993,1443.34000000,252.67476711,2245.95589282,1.60677559,1882.44040000,361.90871723,0.1182534620,0.1250000000,4,2,53.26612854
2024-08-26T09:30:00-04:00,2463.91386794,1443.34000000,252.92799033,2210.98587761,439.14972621,1403.61800000,368.21815140,0.1206892720,0.1250000000,2,4,53.12495978
2024-08-26T09:45:00-04:00,2465.19880371,1443.34000000,252.74990578,2212.44889794,14.30542476,1829.82300000,368.32047317,0.1205362763,0.1250000000,3,3,62.27870241
2024-08-26T10:00:00-04:00,2426.20193983,1443.34000000,251.80327692,2174.39866291,0.24818974,1805.83000000,368.32047317,0.1223604377,0.1250000000,5,0,62.64191595
2024-08-26T10:15:00-04:00,2402.40861591,1443.34000000,251.35895299,2151.04966291,0.24818974,1782.48100000,368.32047317,0.1235732846,0.1250000000,5,0,62.64191595
2024-08-26T10:30:00-04:00,2390.37910313,1443.34000000,250.67915514,2139.69994799,1355.39662574,436.03500000,348.26832225,0.1227549247,0.1250000000,3,0,9.44898722
2024-08-26T10:45:00-04:00,2389.50322721,1443.34000000,251.03414097,2138.46908624,1746.51220877,46.89030000,345.06657748,0.1227889067,0.1250000000,2,0,1.08677672
2024-08-26T11:00:00-04:00,2389.96374873,1443.34000000,251.32996249,2138.63378624,1746.51220877,47.05500000,345.06657748,0.1229059172,0.1250000000,2,0,1.08677672
2024-08-26T11:15:00-04:00,2389.99625582,1443.34000000,251.15246957,2138.84378624,1746.51220877,47.26500000,345.06657748,0.1228171669,0.1250000000,2,0,1.08677672
2024-08-26T11:30:00-04:00,2390.07150227,1443.34000000,251.24121603,2138.83028624,1746.51220877,47.25150000,345.06657748,0.1228560445,0.1250000000,2,0,1.08677672
2024-08-26T11:45:00-04:00,2389.59860144,1443.34000000,250.84481519,2138.75378624,1746.51220877,47.17500000,345.06657748,0.1226905777,0.1250000000,2,0,1.08677672
2024-08-26T12:00:00-04:00,2389.59626999,1443.34000000,250.79748375,2138.79878624,1746.51220877,47.22000000,345.06657748,0.1226675673,0.1250000000,2,0,1.08677672
2024-08-26T12:15:00-04:00,2390.67350594,1443.34000000,251.56661970,2139.10688624,1746.51220877,47.52810000,345.06657748,0.1229789635,0.1250000000,2,0,1.08677672
2024-08-26T12:30:00-04:00,2390.63434291,1443.34000000,251.68435667,2138.94998624,1746.51220877,47.37120000,345.06657748,0.1230388750,0.1250000000,2,0,1.08677672
2024-08-26T12:45:00-04:00,2390.36707734,1443.34000000,251.44829109,2138.91878624,1746.51220877,47.34000000,345.06657748,0.1229395344,0.1250000000,2,0,1.08677672
2024-08-26T13:00:00-04:00,2390.63535000,1443.34000000,251.50686375,2139.12848624,1746.51220877,47.54970000,345.06657748,0.1229520450,0.1250000000,2,0,1.08677672
2024-08-26T13:15:00-04:00,2390.45628342,1443.34000000,251.50449718,2138.95178624,1746.51220877,47.37300000,345.06657748,0.1229616520,0.1250000000,2,0,1.08677672
2024-08-26T13:30:00-04:00,2389.95760936,1443.34000000,251.06372312,2138.89388624,1746.51220877,47.31510000,345.06657748,0.1227760889,0.1250000000,2,0,1.08677672
2024-08-26T13:45:00-04:00,2389.52120569,1443.34000000,250.73831945,2138.78288624,1746.51220877,47.20410000,345.06657748,0.1226431323,0.1250000000,2,0,1.08677672
2024-08-26T14:00:00-04:00,2389.34391760,1443.34000000,250.44013136,2138.90378624,1746.51220877,47.32500000,345.06657748,0.1225079036,0.1250000000,2,0,1.08677672
2024-08-26T14:15:00-04:00,2390.03895950,1443.34000000,251.06017326,2138.97878624,1746.51220877,47.40000000,345.06657748,0.1227694689,0.1250000000,2,0,1.08677672
2024-08-26T14:30:00-04:00,2390.48707734,1443.34000000,251.44829109,2139.03878624,1746.51220877,47.46000000,345.06657748,0.1229323218,0.1250000000,2,1,1.08677672
2024-08-26T14:45:00-04:00,2386.97929585,1443.34000000,251.48556460,2135.49373124,318.70215377,1471.72500000,345.06657748,0.1231617602,0.1250000000,3,0,33.58346334
2024-08-26T15:00:00-04:00,2390.73827588,1443.34000000,251.35954464,2139.37873124,318.70215377,1475.61000000,345.06657748,0.1228738438,0.1250000000,3,0,33.58346334
2024-08-26T15:15:00-04:00,2386.07620082,1443.34000000,251.15246957,2134.92373124,318.70215377,1471.15500000,345.06657748,0.1230530551,0.1250000000,3,0,33.58346334
2024-08-26T15:30:00-04:00,2390.62424360,1443.34000000,250.91581236,2139.70843124,318.70215377,1475.93970000,345.06657748,0.1226637687,0.1250000000,3,2,33.58346334
2024-08-26T15:45:00-04:00,2395.75796551,1443.34000000,250.97497666,2144.78298884,1.74141137,1797.97500000,345.06657748,0.1223855418,0.1250000000,4,0,47.81422546
2024-08-27T09:30:00-04:00,2373.76548262,1443.34000000,249.79228223,2123.97320039,48.73206474,1730.58960000,344.65153566,0.1231041177,0.1250000000,2,1,46.72744874
2024-08-27T09:45:00-04:00,2379.73086263,1443.34000000,250.50166223,2129.22920039,48.73206474,1735.84560000,344.65153566,0.1230918416,0.1250000000,2,0,46.72744874
2024-08-27T10:00:00-04:00,2388.27235554,1443.34000000,250.67915514,2137.59320039,48.73206474,1744.20960000,344.65153566,0.1226642206,0.1250000000,2,0,46.72744874
2024-08-27T10:15:00-04:00,2394.13321529,1443.34000000,251.26961490,2142.86360039,48.73206474,1749.48000000,344.65153566,0.1226015423,0.1250000000,2,1,46.72744874
2024-08-27T10:30:00-04:00,2393.52697984,1443.34000000,251.44769945,2142.07928039,16.54794474,1780.87980000,344.65153566,0.1227247367,0.1250000000,3,1,47.47331848
2024-08-27T10:45:00-04:00,2387.02904481,1443.34000000,251.80327692,2135.22576789,4.38883224,1786.18540000,344.65153566,0.1232892919,0.1250000000,4,0,47.70791434
2024-08-27T11:00:00-04:00,2380.39825899,1443.34000000,251.44829109,2128.94996789,4.38883224,1779.90960000,344.65153566,0.1235164906,0.1250000000,4,0,47.70791434
2024-08-27T11:15:00-04:00,2378.08150363,1443.34000000,251.32996249,2126.75154115,16.39451501,1765.79560000,344.56142614,0.1235935486,0.1250000000,3,0,47.47331848
2024-08-27T11:30:00-04:00,2365.27233933,1443.34000000,251.27079818,2114.00154115,16.39451501,1753.04560000,344.56142614,0.1243477217,0.1250000000,3,0,47.47331848
2024-08-27T11:45:00-04:00,2352.49740477,1443.34000000,251.30156362,2101.19584115,16.39451501,1740.23990000,344.56142614,0.1251541714,0.1250000000,3,1,47.47331848
2024-08-27T12:00:00-04:00,2369.49423224,1443.34000000,251.44829109,2118.04594115,16.39451501,1757.09000000,344.56142614,0.1241761160,0.1250000000,3,0,47.47331848
2024-08-27T12:15:00-04:00,2355.13339655,1443.34000000,251.50745540,2103.62594115,16.39451501,1742.67000000,344.56142614,0.1250924906,0.1250000000,3,0,47.47331848
2024-08-27T12:30:00-04:00,2347.78700357,1443.34000000,251.31812962,2096.46887395,324.24683737,1433.01000000,339.21203658,0.1251226037,0.1250000000,2,0,33.24255637
2024-08-27T12:45:00-04:00,2348.86716504,1443.34000000,251.44829109,2097.41887395,324.24683737,1433.96000000,339.21203658,0.1251201201,0.1250000000,2,0,33.24255637
2024-08-27T13:00:00-04:00,2352.47908911,1443.34000000,251.68021516,2100.79887395,324.24683737,1437.34000000,339.21203658,0.1250108449,0.1250000000,2,0,33.24255637
2024-08-27T13:15:00-04:00,2354.73382226,1443.34000000,251.68494831,2103.04887395,324.24683737,1439.59000000,339.21203658,0.1248733455,0.1250000000,2,0,33.24255637
2024-08-27T13:30:00-04:00,2359.85298656,1443.34000000,251.74411261,2108.10887395,324.24683737,1444.65000000,339.21203658,0.1245862669,0.1250000000,2,0,33.24255637
2024-08-27T13:45:00-04:00,2357.24234931,1443.34000000,251.63347536,2105.60887395,324.24683737,1442.15000000,339.21203658,0.1246926143,0.1250000000,2,1,33.24255637
2024-08-27T14:00:00-04:00,2349.23352613,1443.34000000,251.74707083,2097.48645530,6.25031872,1752.02410000,339.21203658,0.1252459599,0.1250000000,3,0,37.31326585
2024-08-27T14:15:00-04:00,2344.94490191,1443.34000000,251.72754661,2093.21735530,6.25031872,1747.75500000,339.21203658,0.1255040245,0.1250000000,3,1,37.31326585
2024-08-27T14:30:00-04:00,2358.14646791,1443.34000000,251.74411261,2106.40235530,6.25031872,1760.94000000,339.21203658,0.1246915743,0.1250000000,3,2,37.31326585
2024-08-27T14:45:00-04:00,2354.96476861,1443.34000000,251.68494831,2103.27982030,2.86778372,1761.20000000,339.21203658,0.1248590387,0.1250000000,4,0,33.34222872
2024-08-27T15:00:00-04:00,2355.11055076,1443.34000000,251.71453046,2103.39602030,2.86778372,1761.31620000,339.21203658,0.1248646838,0.1250000000,4,0,33.34222872
2024-08-27T15:15:00-04:00,2354.96704127,1443.34000000,251.74352097,2103.22352030,2.86778372,1761.14370000,339.21203658,0.1248879553,0.1250000000,4,0,33.34222872
2024-08-27T15:30:00-04:00,2350.81893291,1443.34000000,251.74411261,2099.07482030,2.86778372,1756.99500000,339.21203658,0.1251457793,0.1250000000,4,1,33.34222872
2024-08-27T15:45:00-04:00,2342.26579075,1443.34000000,251.62578400,2090.64000674,1725.52429379,38.14500000,326.97071296,0.1248580353,0.1250000000,3,2,0.92640024
2024-08-28T09:30:00-04:00,2331.43740713,1443.34000000,250.98621788,2080.45118924,10.14262444,1743.37670000,326.93186481,0.1252110371,0.1250000000,4,1,29.26381213
2024-08-28T09:45:00-04:00,2331.85071945,1443.34000000,250.88623021,2080.96448924,10.14262444,1743.89000000,326.93186481,0.1251353538,0.1250000000,4,1,29.26381213
2024-08-28T10:00:00-04:00,2335.88718309,1443.34000000,250.73831945,2085.14886364,2.48753403,1755.76000000,326.90132961,0.1248084047,0.1250000000,4,0,29.53532516
2024-08-28T10:15:00-04:00,2329.34626182,1443.34000000,251.27079818,2078.07546364,2.48753403,1748.68660000,326.90132961,0.1254820016,0.1250000000,4,0,29.53532516
2024-08-28T10:30:00-04:00,2319.37343609,1443.34000000,250.32416932,2069.04926677,1429.94726794,321.03000000,318.07199883,0.1250806923,0.1250000000,1,0,6.73704037
2024-08-28T10:45:00-04:00,2318.21095736,1443.34000000,249.79169059,2068.41926677,1429.94726794,320.40000000,318.07199883,0.1248871682,0.1250000000,1,0,6.73704037
2024-08-28T11:00:00-04:00,2316.30767128,1443.34000000,248.60840451,2067.69926677,1429.94726794,319.68000000,318.07199883,0.1244139557,0.1250000000,1,0,6.73704037
2024-08-28T11:15:00-04:00,2316.12516419,1443.34000000,248.78589742,2067.33926677,1429.94726794,319.32000000,318.07199883,0.1245141529,0.1250000000,1,0,6.73704037
2024-08-28T11:30:00-04:00,2315.69590498,1443.34000000,249.01663821,2066.67926677,1429.94726794,318.66000000,318.07199883,0.1246564168,0.1250000000,1,0,6.73704037
2024-08-28T11:45:00-04:00,2314.40865242,1443.34000000,249.28938565,2065.11926677,1429.94726794,317.10000000,318.07199883,0.1248734201,0.1250000000,1,0,6.73704037
2024-08-28T12:00:00-04:00,2315.93404293,1443.34000000,249.31837616,2066.61566677,1429.94726794,318.59640000,318.07199883,0.1247925886,0.1250000000,1,0,6.73704037
2024-08-28T12:15:00-04:00,2312.99506928,1443.34000000,249.07580251,2063.91926677,1429.94726794,315.90000000,318.07199883,0.1248548409,0.1250000000,1,0,6.73704037
2024-08-28T12:30:00-04:00,2313.47537989,1443.34000000,249.43611312,2064.03926677,1429.94726794,316.02000000,318.07199883,0.1250053576,0.1250000000,1,0,6.73704037
2024-08-28T12:45:00-04:00,2315.39095736,1443.34000000,249.79169059,2065.59926677,1429.94726794,317.58000000,318.07199883,0.1250634955,0.1250000000,1,0,6.73704037
2024-08-28T13:00:00-04:00,2313.20722508,1443.34000000,249.34795831,2063.85926677,1429.94726794,315.84000000,318.07199883,0.1249779739,0.1250000000,1,0,6.73704037
2024-08-28T13:15:00-04:00,2312.15638938,1443.34000000,249.40712261,2062.74926677,1429.94726794,314.73000000,318.07199883,0.1250735043,0.1250000000,1,0,6.73704037
2024-08-28T13:30:00-04:00,2312.58098571,1443.34000000,249.08171894,2063.49926677,1429.94726794,315.48000000,318.07199883,0.1248837286,0.1250000000,1,0,6.73704037
2024-08-28T13:45:00-04:00,2310.89143660,1443.34000000,248.01616983,2062.87526677,1429.94726794,314.85600000,318.07199883,0.1244549130,0.1250000000,1,0,6.73704037
2024-08-28T14:00:00-04:00,2311.57101407,1443.34000000,248.37174730,2063.19926677,1429.94726794,315.18000000,318.07199883,0.1245908553,0.1250000000,1,0,6.73704037
2024-08-28T14:15:00-04:00,2310.58602825,1443.34000000,248.01676147,2062.56926677,1429.94726794,314.55000000,318.07199883,0.1244742862,0.1250000000,1,0,6.73704037
2024-08-28T14:30:00-04:00,2309.05519255,1443.34000000,248.07592578,2060.97926677,1429.94726794,312.96000000,318.07199883,0.1245997086,0.1250000000,1,0,6.73704037
2024-08-28T14:45:00-04:00,2311.08349280,1443.34000000,248.90422603,2062.17926677,1429.94726794,314.16000000,318.07199883,0.1248885051,0.1250000000,1,1,6.73704037
2024-08-28T15:00:00-04:00,2308.11265182,1443.34000000,249.20004755,2058.91260427,53.36560544,1687.47500000,318.07199883,0.1252235964,0.1250000000,2,0,35.40702104
2024-08-28T15:15:00-04:00,2304.81013056,1443.34000000,249.73252628,2055.07760427,53.36560544,1683.64000000,318.07199883,0.1256997700,0.1250000000,2,1,35.40702104
2024-08-28T15:30:00-04:00,2299.33008205,1443.34000000,249.71596028,2049.61412177,22.03212294,1709.51000000,318.07199883,0.1260390872,0.1250000000,3,0,36.06888329
2024-08-28T15:45:00-04:00,2302.97915514,1443.34000000,249.55503337,2053.42412177,22.03212294,1713.32000000,318.07199883,0.1257263004,0.1250000000,3,0,36.06888329
2024-08-29T09:30:00-04:00,2302.40479852,1443.34000000,254.63494618,2047.76985234,1410.52812230,327.30000000,309.94173004,0.1277990795,0.1250000000,1,3,0.00000000
2024-08-29T09:45:00-04:00,2327.09560676,1443.34000000,255.27009690,2071.82550986,333.52163685,1423.46880000,314.83507301,0.1268573789,0.1250000000,2,1,30.84927004
2024-08-29T10:00:00-04:00,2311.22982491,1443.34000000,254.78617254,2056.44365236,5.06547935,1736.54310000,314.83507301,0.1276231428,0.1250000000,3,1,38.26541915
2024-08-29T10:15:00-04:00,2300.60114029,1443.34000000,254.96764418,2045.63349611,1.78802310,1729.01040000,314.83507301,0.1283976237,0.1250000000,4,0,37.67292415
2024-08-29T10:30:00-04:00,2311.55027611,1443.34000000,255.05837999,2056.49189611,1.78802310,1739.86880000,314.83507301,0.1277389883,0.1250000000,4,0,37.67292415
2024-08-29T10:45:00-04:00,2309.28422138,1443.34000000,255.08862526,2054.19559611,1.78802310,1737.57250000,314.83507301,0.1278992876,0.1250000000,4,0,37.67292415
2024-08-29T11:00:00-04:00,2299.52758811,1443.34000000,255.26949199,2044.25809611,1.78802310,1727.63500000,314.83507301,0.1286191640,0.1250000000,4,0,37.67292415
2024-08-29T11:15:00-04:00,2296.22178343,1443.34000000,255.03418377,2041.18759966,33.73832949,1692.10500000,315.34427017,0.1287480836,0.1250000000,3,0,37.67292415
2024-08-29T11:30:00-04:00,2296.77073438,1443.34000000,255.02813472,2041.74259966,33.73832949,1692.66000000,315.34427017,0.1287093613,0.1250000000,3,0,37.67292415
2024-08-29T11:45:00-04:00,2309.86567965,1443.34000000,255.05837999,2054.80729966,33.73832949,1705.72470000,315.34427017,0.1278794897,0.1250000000,3,0,37.67292415
2024-08-29T12:00:00-04:00,2316.88318710,1443.34000000,255.33058744,2061.55259966,33.73832949,1712.47000000,315.34427017,0.1275671361,0.1250000000,3,0,37.67292415
2024-08-29T12:15:00-04:00,2319.96220601,1443.34000000,255.20960635,2064.75259966,33.73832949,1715.67000000,315.34427017,0.1273108465,0.1250000000,3,0,37.67292415
2024-08-29T12:30:00-04:00,2323.76269656,1443.34000000,255.27009690,2068.49259966,33.73832949,1719.41000000,315.34427017,0.1271000572,0.1250000000,3,0,37.67292415
2024-08-29T12:45:00-04:00,2319.05356328,1443.34000000,255.45096363,2063.60259966,33.73832949,1714.52000000,315.34427017,0.1274890347,0.1250000000,3,0,37.67292415
2024-08-29T13:00:00-04:00,2312.39318710,1443.34000000,255.33058744,2057.06259966,33.73832949,1707.98000000,315.34427017,0.1278539475,0.1250000000,3,1,37.67292415
2024-08-29T13:15:00-04:00,2313.57260720,1443.34000000,255.32998254,2058.24262466,0.41335449,1742.48500000,315.34427017,0.1277781812,0.1250000000,4,0,38.14483022
2024-08-29T13:30:00-04:00,2322.08860265,1443.34000000,255.39107799,2066.69752466,0.41335449,1750.93990000,315.34427017,0.1272663756,0.1250000000,4,0,38.14483022
2024-08-29T13:45:00-04:00,2318.70419319,1443.34000000,255.45156853,2063.25262466,0.41335449,1747.49500000,315.34427017,0.1275115697,0.1250000000,4,0,38.14483022
2024-08-29T14:00:00-04:00,2314.13235365,1443.34000000,255.22472899,2058.90762466,0.41335449,1743.15000000,315.34427017,0.1276897391,0.1250000000,4,0,38.14483022
2024-08-29T14:15:00-04:00,2299.13081611,1443.34000000,254.66519145,2044.46562466,0.41335449,1728.70800000,315.34427017,0.1283732829,0.1250000000,4,0,38.14483022
2024-08-29T14:30:00-04:00,2282.61951203,1443.34000000,253.44388737,2029.17562466,0.41335449,1713.41800000,315.34427017,0.1288299075,0.1250000000,4,0,38.14483022
2024-08-29T14:45:00-04:00,2292.48789577,1443.34000000,253.51587111,2038.97202466,0.41335449,1723.21440000,315.34427017,0.1282232954,0.1250000000,4,0,38.14483022
2024-08-29T15:00:00-04:00,2287.57849979,1443.34000000,252.85047513,2034.72802466,0.41335449,1718.97040000,315.34427017,0.1282050942,0.1250000000,4,0,38.14483022
2024-08-29T15:15:00-04:00,2296.02340523,1443.34000000,253.45538057,2042.56802466,0.41335449,1726.81040000,315.34427017,0.1279638767,0.1250000000,4,0,38.14483022
2024-08-29T15:30:00-04:00,2307.49996741,1443.34000000,253.69734275,2053.80262466,0.41335449,1738.04500000,315.34427017,0.1273481501,0.1250000000,4,0,38.14483022
2024-08-29T15:45:00-04:00,2303.34104305,1443.34000000,253.21341839,2050.12762466,0.41335449,1734.37000000,315.34427017,0.1273711416,0.1250000000,4,0,38.14483022
2024-08-30T09:30:00-04:00,2311.88084529,1443.34000000,255.69353071,2056.18731458,38.14101333,1703.12730000,314.91900125,0.1280412700,0.1250000000,2,2,37.56513343
2024-08-30T09:45:00-04:00,2306.41911742,1443.34000000,255.93549288,2050.48362453,2.66102328,1732.90360000,314.91900125,0.1285139232,0.1250000000,4,0,39.12112446
2024-08-30T10:00:00-04:00,2305.04887908,1443.34000000,255.75462616,2049.29425292,326.29331544,1410.91500000,312.08593748,0.1283288419,0.1250000000,3,0,31.70497536
2024-08-30T10:15:00-04:00,2310.24753836,1443.34000000,255.66328544,2054.58425292,326.29331544,1416.20500000,312.08593748,0.1279492536,0.1250000000,3,0,31.70497536
2024-08-30T10:30:00-04:00,2320.17376472,1443.34000000,255.81451180,2064.35925292,326.29331544,1425.98000000,312.08593748,0.1273920933,0.1250000000,3,0,31.70497536
2024-08-30T10:45:00-04:00,2312.34343951,1443.34000000,255.27009690,2057.07334261,329.38932023,1415.64000000,312.04402237,0.1276159432,0.1250000000,2,0,31.59398358
2024-08-30T11:00:00-04:00,2314.86343951,1443.34000000,255.27009690,2059.59334261,329.38932023,1418.16000000,312.04402237,0.1274553735,0.1250000000,2,0,31.59398358
2024-08-30T11:15:00-04:00,2310.08712036,1443.34000000,255.00877775,2055.07834261,329.38932023,1413.64500000,312.04402237,0.1276292679,0.1250000000,2,0,31.59398358
2024-08-30T11:30:00-04:00,2306.81976042,1443.34000000,254.81641782,2052.00334261,329.38932023,1410.57000000,312.04402237,0.1277418874,0.1250000000,2,0,31.59398358
2024-08-30T11:45:00-04:00,2312.82000570,1443.34000000,254.84666309,2057.97334261,329.38932023,1416.54000000,312.04402237,0.1273739115,0.1250000000,2,0,31.59398358
2024-08-30T12:00:00-04:00,2313.92937242,1443.34000000,255.02752981,2058.90184261,329.38932023,1417.46850000,312.04402237,0.1273936741,0.1250000000,2,0,31.59398358
2024-08-30T12:15:00-04:00,2305.13826810,1443.34000000,254.44742550,2050.69084261,329.38932023,1409.25750000,312.04402237,0.1276645227,0.1250000000,2,0,31.59398358
2024-08-30T12:30:00-04:00,2305.67460971,1443.34000000,254.18126710,2051.49334261,329.38932023,1410.06000000,312.04402237,0.1274966730,0.1250000000,2,0,31.59398358
2024-08-30T12:45:00-04:00,2315.02476042,1443.34000000,254.81641782,2060.20834261,329.38932023,1418.77500000,312.04402237,0.1272186062,0.1250000000,2,0,31.59398358
2024-08-30T13:00:00-04:00,2315.22221315,1443.34000000,255.11887054,2060.10334261,329.38932023,1418.67000000,312.04402237,0.1273570528,0.1250000000,2,0,31.59398358
2024-08-30T13:15:00-04:00,2314.29025097,1443.34000000,254.87690836,2059.41334261,329.38932023,1417.98000000,312.04402237,0.1272954868,0.1250000000,2,0,31.59398358
2024-08-30T13:30:00-04:00,2315.63107130,1443.34000000,255.00272869,2060.62834261,329.38932023,1419.19500000,312.04402237,0.1272730969,0.1250000000,2,1,31.59398358
2024-08-30T13:45:00-04:00,2316.06818906,1443.34000000,254.66519145,2061.40299761,8.68897523,1740.67000000,312.04402237,0.1270769064,0.1250000000,3,0,41.35166789
2024-08-30T14:00:00-04:00,2325.71053233,1443.34000000,255.02813472,2070.68239761,8.68897523,1749.94940000,312.04402237,0.1266486449,0.1250000000,3,0,41.35166789
2024-08-30T14:15:00-04:00,2315.99092518,1443.34000000,254.97792757,2061.01299761,8.68897523,1740.28000000,312.04402237,0.1272378660,0.1250000000,3,0,41.35166789
2024-08-30T14:30:00-04:00,2323.01711342,1443.34000000,255.14911581,2067.86799761,8.68897523,1747.13500000,312.04402237,0.1268784336,0.1250000000,3,0,41.35166789
2024-08-30T14:45:00-04:00,2325.58002684,1443.34000000,255.60702923,2069.97299761,8.68897523,1749.24000000,312.04402237,0.1269443549,0.1250000000,3,0,41.35166789
2024-08-30T15:00:00-04:00,2321.05423789,1443.34000000,255.31244028,2065.74179761,8.68897523,1745.00880000,312.04402237,0.1270836944,0.1250000000,3,1,41.35166789
2024-08-30T15:15:00-04:00,2327.40898104,1443.34000000,255.99598343,2071.41299761,8.68897523,1750.68000000,312.04402237,0.1270221467,0.1250000000,3,0,41.35166789
2024-08-30T15:30:00-04:00,2321.08762377,1443.34000000,255.75462616,2065.33299761,8.68897523,1744.60000000,312.04402237,0.1273016803,0.1250000000,3,1,41.35166789
2024-08-30T15:45:00-04:00,2332.75241485,1443.34000000,256.41941724,2076.33299761,8.68897523,1755.60000000,312.04402237,0.1268958046,0.1250000000,3,3,39.90666863
2024-09-03T09:30:00-04:00,2333.21740214,1443.34000000,256.19257770,2077.02482444,333.90800022,1422.57000000,320.54682422,0.1272898707,0.1250000000,2,2,32.29541350
2024-09-03T09:45:00-04:00,2322.12104079,1443.34000000,255.75341635,2066.36762444,4.06080022,1741.76000000,320.54682422,0.1277761345,0.1250000000,3,2,40.80402586
2024-09-03T10:00:00-04:00,2302.18030850,1443.34000000,254.23268406,2047.94762444,4.06080022,1723.34000000,320.54682422,0.1282945035,0.1250000000,3,0,40.80402586
2024-09-03T10:15:00-04:00,2318.53002951,1443.34000000,254.30224819,2064.22778132,44.96127066,1699.52500000,319.74151067,0.1272281914,0.1250000000,2,0,38.65759669
2024-09-03T10:30:00-04:00,2311.98350172,1443.34000000,252.88072040,2059.10278132,44.96127066,1694.40000000,319.74151067,0.1269327328,0.1250000000,2,0,38.65759669
2024-09-03T10:45:00-04:00,2300.60638883,1443.34000000,252.00360751,2048.60278132,44.96127066,1683.90000000,319.74151067,0.1272189791,0.1250000000,2,0,38.65759669
2024-09-03T11:00:00-04:00,2313.77178482,1443.34000000,252.66900349,2061.10278132,44.96127066,1696.40000000,319.74151067,0.1267127219,0.1250000000,2,0,38.65759669
2024-09-03T11:15:00-04:00,2305.55080373,1443.34000000,252.54802240,2053.00278132,44.96127066,1688.30000000,319.74151067,0.1271763725,0.1250000000,2,0,38.65759669
2024-09-03T11:30:00-04:00,2298.45638883,1443.34000000,252.00360751,2046.45278132,44.96127066,1681.75000000,319.74151067,0.1273572106,0.1250000000,2,0,38.65759669
2024-09-03T11:45:00-04:00,2299.09548398,1443.34000000,251.84270266,2047.25278132,44.96127066,1682.55000000,319.74151067,0.1272347978,0.1250000000,2,0,38.65759669
2024-09-03T12:00:00-04:00,2300.51944556,1443.34000000,251.64066424,2048.87878132,44.96127066,1684.17600000,319.74151067,0.1270413305,0.1250000000,2,0,38.65759669
2024-09-03T12:15:00-04:00,2306.02491720,1443.34000000,251.82213587,2054.20278132,44.96127066,1689.50000000,319.74151067,0.1267805667,0.1250000000,2,0,38.65759669
2024-09-03T12:30:00-04:00,2311.45038883,1443.34000000,252.00360751,2059.44678132,44.96127066,1694.74400000,319.74151067,0.1265263263,0.1250000000,2,0,38.65759669
2024-09-03T12:45:00-04:00,2311.77369084,1443.34000000,251.67090951,2060.10278132,44.96127066,1695.40000000,319.74151067,0.1263387771,0.1250000000,2,0,38.65759669
2024-09-03T13:00:00-04:00,2314.73295502,1443.34000000,251.58017370,2063.15278132,44.96127066,1698.45000000,319.74151067,0.1261058910,0.1250000000,2,0,38.65759669
2024-09-03T13:15:00-04:00,2324.33540774,1443.34000000,251.88262642,2072.45278132,44.96127066,1707.75000000,319.74151067,0.1256526954,0.1250000000,2,0,38.65759669
2024-09-03T13:30:00-04:00,2318.90635957,1443.34000000,251.51907825,2067.38728132,44.96127066,1702.68450000,319.74151067,0.1258120752,0.1250000000,2,0,38.65759669
2024-09-03T13:45:00-04:00,2312.99952121,1443.34000000,251.15673989,2061.84278132,44.96127066,1697.14000000,319.74151067,0.1260031258,0.1250000000,2,0,38.65759669
2024-09-03T14:00:00-04:00,2297.65924786,1443.34000000,250.50646653,2047.15278132,44.96127066,1682.45000000,319.74151067,0.1266516103,0.1250000000,2,0,38.65759669
2024-09-03T14:15:00-04:00,2294.23765359,1443.34000000,250.30987227,2043.92778132,44.96127066,1679.22500000,319.74151067,0.1267715175,0.1250000000,2,0,38.65759669
2024-09-03T14:30:00-04:00,2286.87100007,1443.34000000,250.37036281,2036.50063726,1397.88676808,330.40000000,308.21386918,0.1265354967,0.1250000000,1,0,8.50861236
2024-09-03T14:45:00-04:00,2286.41353405,1443.34000000,250.31289679,2036.10063726,1397.88676808,330.00000000,308.21386918,0.1265357088,0.1250000000,1,0,8.50861236
2024-09-03T15:00:00-04:00,2286.47100007,1443.34000000,250.37036281,2036.10063726,1397.88676808,330.00000000,308.21386918,0.1265610819,0.1250000000,1,0,8.50861236
2024-09-03T15:15:00-04:00,2286.96854735,1443.34000000,250.06791009,2036.90063726,1397.88676808,330.80000000,308.21386918,0.1263764088,0.1250000000,1,0,8.50861236
2024-09-03T15:30:00-04:00,2285.81060083,1443.34000000,249.30996357,2036.50063726,1397.88676808,330.40000000,308.21386918,0.1260671398,0.1250000000,1,0,8.50861236
2024-09-03T15:45:00-04:00,2287.90799060,1443.34000000,249.40735335,2038.50063726,1397.88676808,332.40000000,308.21386918,0.1259827721,0.1250000000,1,0,8.50861236
2024-09-04T09:30:00-04:00,2294.96554792,1443.34000000,248.46491067,2046.50063726,1397.88676808,340.40000000,308.21386918,0.1250608787,0.1250000000,1,0,0.00000000
2024-09-04T09:45:00-04:00,2292.77726483,1443.34000000,248.67662757,2044.10063726,1397.88676808,338.00000000,308.21386918,0.1253054592,0.1250000000,1,0,0.00000000
2024-09-04T10:00:00-04:00,2291.57179320,1443.34000000,248.49515594,2043.07663726,1397.88676808,336.97600000,308.21386918,0.1252901218,0.1250000000,1,0,0.00000000
2024-09-04T10:15:00-04:00,2293.87971755,1443.34000000,248.97908029,2044.90063726,1397.88676808,338.80000000,308.21386918,0.1253882069,0.1250000000,1,0,0.00000000
2024-09-04T10:30:00-04:00,2297.52658517,1443.34000000,249.82594791,2047.70063726,1397.88676808,341.60000000,308.21386918,0.1255840502,0.1250000000,1,0,0.00000000
2024-09-04T10:45:00-04:00,2298.73489634,1443.34000000,250.23425909,2048.50063726,1397.88676808,342.40000000,308.21386918,0.1257129443,0.1250000000,1,0,0.00000000
2024-09-04T11:00:00-04:00,2296.84560408,1443.34000000,249.70496682,2047.14063726,1397.88676808,341.04000000,308.21386918,0.1255662184,0.1250000000,1,0,0.00000000
2024-09-04T11:15:00-04:00,2297.24013245,1443.34000000,249.52349519,2047.71663726,1397.88676808,341.61600000,308.21386918,0.1254500756,0.1250000000,1,0,0.00000000
2024-09-04T11:30:00-04:00,2296.34020809,1443.34000000,249.03957084,2047.30063726,1397.88676808,341.20000000,308.21386918,0.1252634533,0.1250000000,1,0,0.00000000
2024-09-04T11:45:00-04:00,2294.58156537,1443.34000000,249.28092811,2045.30063726,1397.88676808,339.20000000,308.21386918,0.1254958629,0.1250000000,1,0,0.00000000
2024-09-04T12:00:00-04:00,2295.32167973,1443.34000000,249.22104247,2046.10063726,1397.88676808,340.00000000,308.21386918,0.1254189839,0.1250000000,1,0,0.00000000
2024-09-04T12:15:00-04:00,2296.24266082,1443.34000000,249.34202356,2046.90063726,1397.88676808,340.80000000,308.21386918,0.1254217366,0.1250000000,1,0,0.00000000
2024-09-04T12:30:00-04:00,2296.42305887,1443.34000000,249.51442161,2046.90863726,1397.88676808,340.80800000,308.21386918,0.1254970669,0.1250000000,1,0,0.00000000
2024-09-04T12:45:00-04:00,2297.03584935,1443.34000000,249.73521210,2047.30063726,1397.88676808,341.20000000,308.21386918,0.1255694148,0.1250000000,1,0,0.00000000
2024-09-04T13:00:00-04:00,2297.32013245,1443.34000000,249.52349519,2047.79663726,1397.88676808,341.69600000,308.21386918,0.1254450302,0.1250000000,1,0,0.00000000
2024-09-04T13:15:00-04:00,2296.64266082,1443.34000000,249.34202356,2047.30063726,1397.88676808,341.20000000,308.21386918,0.1253965063,0.1250000000,1,0,0.00000000
2024-09-04T13:30:00-04:00,2296.52167973,1443.34000000,249.22104247,2047.30063726,1397.88676808,341.20000000,308.21386918,0.1253432900,0.1250000000,1,0,0.00000000
2024-09-04T13:45:00-04:00,2296.54511354,1443.34000000,249.64447628,2046.90063726,1397.88676808,340.80000000,308.21386918,0.1255547721,0.1250000000,1,0,0.00000000
2024-09-04T14:00:00-04:00,2297.00560408,1443.34000000,249.70496682,2047.30063726,1397.88676808,341.20000000,308.21386918,0.1255561165,0.1250000000,1,0,0.00000000
2024-09-04T14:15:00-04:00,2297.33771844,1443.34000000,249.64508118,2047.69263726,1397.88676808,341.59200000,308.21386918,0.1255050465,0.1250000000,1,0,0.00000000
2024-09-04T14:30:00-04:00,2294.51563067,1443.34000000,249.21499341,2045.30063726,1397.88676808,339.20000000,308.21386918,0.1254668340,0.1250000000,1,0,0.00000000
2024-09-04T14:45:00-04:00,2292.95873646,1443.34000000,248.85809920,2044.10063726,1397.88676808,338.00000000,308.21386918,0.1253854353,0.1250000000,1,0,0.00000000
2024-09-04T15:00:00-04:00,2291.94406634,1443.34000000,248.85446977,2043.08959657,1732.23327645,0.00000000,310.85632012,0.1256150669,0.1250000000,0,0,0.00000000
2024-09-04T15:15:00-04:00,2292.37112958,1443.34000000,249.28153301,2043.08959657,1732.23327645,0.00000000,310.85632012,0.1258035175,0.1250000000,0,0,0.00000000
2024-09-04T15:30:00-04:00,2292.58284649,1443.34000000,249.49324992,2043.08959657,1732.23327645,0.00000000,310.85632012,0.1258969119,0.1250000000,0,0,0.00000000
2024-09-04T15:45:00-04:00,2292.67297740,1443.34000000,249.58338083,2043.08959657,1732.23327645,0.00000000,310.85632012,0.1259366652,0.1250000000,0,0,0.00000000
2024-09-05T09:30:00-04:00,2290.64714907,1443.34000000,247.55755250,2043.08959657,1732.23327645,0.00000000,310.85632012,0.1250422766,0.1250000000,0,0,0.00000000
2024-09-05T09:45:00-04:00,2290.98045197,1443.34000000,247.89085540,2043.08959657,1732.23327645,0.00000000,310.85632012,0.1251895532,0.1250000000,0,0,0.00000000
2024-09-05T10:00:00-04:00,2290.97984706,1443.34000000,247.89025049,2043.08959657,1732.23327645,0.00000000,310.85632012,0.1251892860,0.1250000000,0,0,0.00000000
2024-09-05T10:15:00-04:00,2291.43352614,1443.34000000,248.34392958,2043.08959657,1732.23327645,0.00000000,310.85632012,0.1253896737,0.1250000000,0,0,0.00000000
2024-09-05T10:30:00-04:00,2291.16131869,1443.34000000,248.07172213,2043.08959657,1732.23327645,0.00000000,310.85632012,0.1252694521,0.1250000000,0,0,0.00000000
2024-09-05T10:45:00-04:00,2290.61992832,1443.34000000,247.53033176,2043.08959657,1732.23327645,0.00000000,310.85632012,0.1250302464,0.1250000000,0,0,0.00000000
2024-09-05T11:00:00-04:00,2290.25275072,1443.34000000,247.16315415,2043.08959657,1732.23327645,0.00000000,310.85632012,0.1248679397,0.1250000000,0,0,0.00000000
2024-09-05T11:15:00-04:00,2289.34660237,1443.34000000,246.25700580,2043.08959657,1732.23327645,0.00000000,310.85632012,0.1244671293,0.1250000000,0,0,0.00000000
2024-09-05T11:30:00-04:00,2289.64905509,1443.34000000,246.55945852,2043.08959657,1732.23327645,0.00000000,310.85632012,0.1246009520,0.1250000000,0,0,0.00000000
2024-09-05T11:45:00-04:00,2289.11431868,1443.34000000,246.02472211,2043.08959657,1732.23327645,0.00000000,310.85632012,0.1243643257,0.1250000000,0,0,0.00000000
2024-09-05T12:00:00-04:00,2289.46758345,1443.34000000,246.37798689,2043.08959657,1732.23327645,0.00000000,310.85632012,0.1245206633,0.1250000000,0,0,0.00000000
2024-09-05T12:15:00-04:00,2289.77064108,1443.34000000,246.68104451,2043.08959657,1732.23327645,0.00000000,310.85632012,0.1246547371,0.1250000000,0,0,0.00000000
2024-09-05T12:30:00-04:00,2290.42393896,1443.34000000,247.33434239,2043.08959657,1732.23327645,0.00000000,310.85632012,0.1249436190,0.1250000000,0,0,0.00000000
2024-09-05T12:45:00-04:00,2290.01260326,1443.34000000,246.92300669,2043.08959657,1732.23327645,0.00000000,310.85632012,0.1247617527,0.1250000000,0,0,0.00000000
2024-09-05T13:00:00-04:00,2289.95150781,1443.34000000,246.86191124,2043.08959657,1732.23327645,0.00000000,310.85632012,0.1247347337,0.1250000000,0,0,0.00000000
2024-09-05T13:15:00-04:00,2289.70954563,1443.34000000,246.61994906,2043.08959657,1732.23327645,0.00000000,310.85632012,0.1246277116,0.1250000000,0,0,0.00000000
2024-09-05T13:30:00-04:00,2290.43543216,1443.34000000,247.34583560,2043.08959657,1732.23327645,0.00000000,310.85632012,0.1249486995,0.1250000000,0,0,0.00000000
2024-09-05T13:45:00-04:00,2290.79837543,1443.34000000,247.70877886,2043.08959657,1732.23327645,0.00000000,310.85632012,0.1251091052,0.1250000000,0,0,0.00000000
2024-09-05T14:00:00-04:00,2290.85886597,1443.34000000,247.76926941,2043.08959657,1732.23327645,0.00000000,310.85632012,0.1251358338,0.1250000000,0,0,0.00000000
2024-09-05T14:15:00-04:00,2290.49652761,1443.34000000,247.40693105,2043.08959657,1732.23327645,0.00000000,310.85632012,0.1249757052,0.1250000000,0,0,0.00000000
2024-09-05T14:30:00-04:00,2290.70763961,1443.34000000,247.61804305,2043.08959657,1732.23327645,0.00000000,310.85632012,0.1250690093,0.1250000000,0,0,0.00000000
2024-09-05T14:45:00-04:00,2290.73425545,1443.34000000,247.64465888,2043.08959657,1732.23327645,0.00000000,310.85632012,0.1250807711,0.1250000000,0,0,0.00000000
2024-09-05T15:00:00-04:00,2290.49592271,1443.34000000,247.40632614,2043.08959657,1732.23327645,0.00000000,310.85632012,0.1249754379,0.1250000000,0,0,0.00000000
2024-09-05T15:15:00-04:00,2290.43543216,1443.34000000,247.34583560,2043.08959657,1732.23327645,0.00000000,310.85632012,0.1249486995,0.1250000000,0,0,0.00000000
2024-09-05T15:30:00-04:00,2290.07248890,1443.34000000,246.98289233,2043.08959657,1732.23327645,0.00000000,310.85632012,0.1247882350,0.1250000000,0,0,0.00000000
2024-09-05T15:45:00-04:00,2290.37494162,1443.34000000,247.28534505,2043.08959657,1732.23327645,0.00000000,310.85632012,0.1249219595,0.1250000000,0,0,0.00000000
2024-09-06T09:30:00-04:00,2290.76443418,1443.34000000,245.68234563,2045.08208856,1734.22576844,0.00000000,310.85632012,0.1240877513,0.1250000000,0,1,0.00000000
2024-09-06T09:45:00-04:00,2285.01881186,1443.34000000,244.68485655,2040.33395531,363.68763519,1365.79000000,310.85632012,0.1239436255,0.1250000000,1,0,30.70199810
2024-09-06T10:00:00-04:00,2273.24622586,1443.34000000,244.56327056,2028.68295531,363.68763519,1354.13900000,310.85632012,0.1246252184,0.1250000000,1,0,30.70199810
2024-09-06T10:15:00-04:00,2267.12464134,1443.34000000,243.50468603,2023.61995531,363.68763519,1349.07600000,310.85632012,0.1244740731,0.1250000000,1,0,30.70199810
2024-09-06T10:30:00-04:00,2255.76082432,1443.34000000,242.38561096,2013.37521335,1714.25043706,0.00000000,299.12477629,0.1238787414,0.1250000000,0,0,0.00000000
2024-09-06T10:45:00-04:00,2255.33557579,1443.34000000,241.96036244,2013.37521335,1714.25043706,0.00000000,299.12477629,0.1236882868,0.1250000000,0,0,0.00000000
2024-09-06T11:00:00-04:00,2255.45474216,1443.34000000,242.07952881,2013.37521335,1714.25043706,0.00000000,299.12477629,0.1237416658,0.1250000000,0,0,0.00000000
2024-09-06T11:15:00-04:00,2255.45776669,1443.34000000,242.08255334,2013.37521335,1714.25043706,0.00000000,299.12477629,0.1237430205,0.1250000000,0,0,0.00000000
2024-09-06T11:30:00-04:00,2255.12567360,1443.34000000,241.75046025,2013.37521335,1714.25043706,0.00000000,299.12477629,0.1235942481,0.1250000000,0,0,0.00000000
2024-09-06T11:45:00-04:00,2254.67199452,1443.34000000,241.29678117,2013.37521335,1714.25043706,0.00000000,299.12477629,0.1233909255,0.1250000000,0,0,0.00000000
2024-09-06T12:00:00-04:00,2254.79297561,1443.34000000,241.41776226,2013.37521335,1714.25043706,0.00000000,299.12477629,0.1234451541,0.1250000000,0,0,0.00000000
2024-09-06T12:15:00-04:00,2254.43003234,1443.34000000,241.05481899,2013.37521335,1714.25043706,0.00000000,299.12477629,0.1232824482,0.1250000000,0,0,0.00000000
2024-09-06T12:30:00-04:00,2254.67199452,1443.34000000,241.29678117,2013.37521335,1714.25043706,0.00000000,299.12477629,0.1233909255,0.1250000000,0,0,0.00000000
2024-09-06T12:45:00-04:00,2254.36772708,1443.34000000,240.99251373,2013.37521335,1714.25043706,0.00000000,299.12477629,0.1232545110,0.1250000000,0,0,0.00000000
2024-09-06T13:00:00-04:00,2255.15591887,1443.34000000,241.78070552,2013.37521335,1714.25043706,0.00000000,299.12477629,0.1236077996,0.1250000000,0,0,0.00000000
2024-09-06T13:15:00-04:00,2255.08635475,1443.34000000,241.71114140,2013.37521335,1714.25043706,0.00000000,299.12477629,0.1235766306,0.1250000000,0,0,0.00000000
2024-09-06T13:30:00-04:00,2254.67199452,1443.34000000,241.29678117,2013.37521335,1714.25043706,0.00000000,299.12477629,0.1233909255,0.1250000000,0,0,0.00000000
2024-09-06T13:45:00-04:00,2254.85346615,1443.34000000,241.47825280,2013.37521335,1714.25043706,0.00000000,299.12477629,0.1234722659,0.1250000000,0,0,0.00000000
2024-09-06T14:00:00-04:00,2254.70223979,1443.34000000,241.32702644,2013.37521335,1714.25043706,0.00000000,299.12477629,0.1234044833,0.1250000000,0,0,0.00000000
2024-09-06T14:15:00-04:00,2254.58125870,1443.34000000,241.20604535,2013.37521335,1714.25043706,0.00000000,299.12477629,0.1233502497,0.1250000000,0,0,0.00000000
2024-09-06T14:30:00-04:00,2254.74881751,1443.34000000,241.37360416,2013.37521335,1714.25043706,0.00000000,299.12477629,0.1234253615,0.1250000000,0,0,0.00000000
2024-09-06T14:45:00-04:00,2255.03493778,1443.34000000,241.65972443,2013.37521335,1714.25043706,0.00000000,299.12477629,0.1235535912,0.1250000000,0,0,0.00000000
2024-09-06T15:00:00-04:00,2255.33739051,1443.34000000,241.96217715,2013.37521335,1714.25043706,0.00000000,299.12477629,0.1236890997,0.1250000000,0,1,0.00000000
2024-09-06T15:15:00-04:00,2254.99125614,1443.34000000,242.16603029,2012.82522585,366.59044956,1347.11000000,299.12477629,0.1238152158,0.1250000000,1,0,41.46382249
2024-09-06T15:30:00-04:00,2254.02495028,1443.34000000,241.65972443,2012.36522585,366.59044956,1346.65000000,299.12477629,0.1236174244,0.1250000000,1,0,41.46382249
2024-09-06T15:45:00-04:00,2252.33053539,1443.34000000,241.11530953,2011.21522585,366.59044956,1345.50000000,299.12477629,0.1234459342,0.1250000000,1,0,41.46382249
2024-09-09T09:30:00-04:00,2214.76912777,1443.34000000,243.83738403,1970.93174374,1687.51105120,0.00000000,283.42069254,0.1262524046,0.1250000000,0,0,0.00000000
2024-09-09T09:45:00-04:00,2215.19256158,1443.34000000,244.26081784,1970.93174374,1687.51105120,0.00000000,283.42069254,0.1264439253,0.1250000000,0,0,0.00000000
2024-09-09T10:00:00-04:00,2215.13207103,1443.34000000,244.20032729,1970.93174374,1687.51105120,0.00000000,283.42069254,0.1264165703,0.1250000000,0,0,0.00000000
2024-09-09T10:15:00-04:00,2214.40618450,1443.34000000,243.47444076,1970.93174374,1687.51105120,0.00000000,283.42069254,0.1260881771,0.1250000000,0,0,0.00000000
2024-09-09T10:30:00-04:00,2213.61980742,1443.34000000,242.68806369,1970.93174374,1687.51105120,0.00000000,283.42069254,0.1257321391,0.1250000000,0,0,0.00000000
2024-09-09T10:45:00-04:00,2213.19637361,1443.34000000,242.26462988,1970.93174374,1687.51105120,0.00000000,283.42069254,0.1255403062,0.1250000000,0,0,0.00000000
2024-09-09T11:00:00-04:00,2212.89392089,1443.34000000,241.96217715,1970.93174374,1687.51105120,0.00000000,283.42069254,0.1254032311,0.1250000000,0,0,0.00000000
2024-09-09T11:15:00-04:00,2213.80127906,1443.34000000,242.86953532,1970.93174374,1687.51105120,0.00000000,283.42069254,0.1258143275,0.1250000000,0,0,0.00000000
2024-09-09T11:30:00-04:00,2214.04324123,1443.34000000,243.11149750,1970.93174374,1687.51105120,0.00000000,283.42069254,0.1259238879,0.1250000000,0,0,0.00000000
2024-09-09T11:45:00-04:00,2214.52716559,1443.34000000,243.59542185,1970.93174374,1687.51105120,0.00000000,283.42069254,0.1261429265,0.1250000000,0,0,0.00000000
2024-09-09T12:00:00-04:00,2214.64814668,1443.34000000,243.71640294,1970.93174374,1687.51105120,0.00000000,283.42069254,0.1261976690,0.1250000000,0,0,0.00000000
2024-09-09T12:15:00-04:00,2214.95059940,1443.34000000,244.01885566,1970.93174374,1687.51105120,0.00000000,283.42069254,0.1263344952,0.1250000000,0,0,0.00000000
2024-09-09T12:30:00-04:00,2215.31354266,1443.34000000,244.38179893,1970.93174374,1687.51105120,0.00000000,283.42069254,0.1264986300,0.1250000000,0,0,0.00000000
2024-09-09T12:45:00-04:00,2215.55550484,1443.34000000,244.62376110,1970.93174374,1687.51105120,0.00000000,283.42069254,0.1266080190,0.1250000000,0,0,0.00000000
2024-09-09T13:00:00-04:00,2215.43452375,1443.34000000,244.50278001,1970.93174374,1687.51105120,0.00000000,283.42069254,0.1265533280,0.1250000000,0,0,0.00000000
2024-09-09T13:15:00-04:00,2215.61599539,1443.34000000,244.68425165,1970.93174374,1687.51105120,0.00000000,283.42069254,0.1266353620,0.1250000000,0,0,0.00000000
2024-09-09T13:30:00-04:00,2214.82961831,1443.34000000,243.89787457,1970.93174374,1687.51105120,0.00000000,283.42069254,0.1262797698,0.1250000000,0,0,0.00000000
2024-09-09T13:45:00-04:00,2214.70863722,1443.34000000,243.77689348,1970.93174374,1687.51105120,0.00000000,283.42069254,0.1262250376,0.1250000000,0,0,0.00000000
2024-09-09T14:00:00-04:00,2214.46667504,1443.34000000,243.53493131,1970.93174374,1687.51105120,0.00000000,283.42069254,0.1261155527,0.1250000000,0,0,0.00000000
2024-09-09T14:15:00-04:00,2214.27915436,1443.34000000,243.34741062,1970.93174374,1687.51105120,0.00000000,283.42069254,0.1260306829,0.1250000000,0,0,0.00000000
2024-09-09T14:30:00-04:00,2214.01299596,1443.34000000,243.08125222,1970.93174374,1687.51105120,0.00000000,283.42069254,0.1259101944,0.1250000000,0,0,0.00000000
2024-09-09T14:45:00-04:00,2214.23802079,1443.34000000,243.30627705,1970.93174374,1687.51105120,0.00000000,283.42069254,0.1260120642,0.1250000000,0,0,0.00000000
2024-09-09T15:00:00-04:00,2214.22229325,1443.34000000,243.29054951,1970.93174374,1687.51105120,0.00000000,283.42069254,0.1260049450,0.1250000000,0,0,0.00000000
2024-09-09T15:15:00-04:00,2214.28520341,1443.34000000,243.35345967,1970.93174374,1687.51105120,0.00000000,283.42069254,0.1260334209,0.1250000000,0,0,0.00000000
2024-09-09T15:30:00-04:00,2214.76973267,1443.34000000,243.83798893,1970.93174374,1687.51105120,0.00000000,283.42069254,0.1262526782,0.1250000000,0,0,0.00000000
2024-09-09T15:45:00-04:00,2215.25305212,1443.34000000,244.32130838,1970.93174374,1687.51105120,0.00000000,283.42069254,0.1264712785,0.1250000000,0,0,0.00000000
2024-09-10T09:30:00-04:00,2216.09991974,1443.34000000,245.16817600,1970.93174374,1687.51105120,0.00000000,283.42069254,0.1268540441,0.1250000000,0,3,0.00000000
2024-09-10T09:45:00-04:00,2249.60728801,1443.34000000,245.53111927,2004.07616874,2.54827620,1718.10720000,283.42069254,0.1248768148,0.1250000000,3,0,37.98122916
2024-09-10T10:00:00-04:00,2235.43567311,1443.34000000,244.98670437,1990.44896874,2.54827620,1704.48000000,283.42069254,0.1255045206,0.1250000000,3,0,25.85620808
2024-09-10T10:15:00-04:00,2235.86639746,1443.34000000,245.47062872,1990.39576874,2.54827620,1704.42680000,283.42069254,0.1257246888,0.1250000000,3,0,25.85620808
2024-09-10T10:30:00-04:00,2218.48219714,1443.34000000,245.28915709,1973.19304005,348.47431737,1341.20000000,283.51872267,0.1267668152,0.1250000000,2,0,25.85620808
2024-09-10T10:45:00-04:00,2226.88672550,1443.34000000,245.10768546,1981.77904005,348.47431737,1349.78600000,283.51872267,0.1261252038,0.1250000000,2,0,25.85620808
2024-09-10T11:00:00-04:00,2223.08342350,1443.34000000,245.44038345,1977.64304005,348.47431737,1345.65000000,283.51872267,0.1265440557,0.1250000000,2,0,25.85620808
2024-09-10T11:15:00-04:00,2230.72650258,1443.34000000,245.89406253,1984.83244005,348.47431737,1352.83940000,283.51872267,0.1262803410,0.1250000000,2,0,25.85620808
2024-09-10T11:30:00-04:00,2228.71406877,1443.34000000,245.47062872,1983.24344005,348.47431737,1351.25040000,283.51872267,0.1261933046,0.1250000000,2,0,25.85620808
2024-09-10T11:45:00-04:00,2211.73483897,1443.34000000,244.38179893,1967.35304005,348.47431737,1335.36000000,283.51872267,0.1267398384,0.1250000000,2,0,25.85620808
2024-09-10T12:00:00-04:00,2199.65591462,1443.34000000,243.89787457,1955.75804005,348.47431737,1323.76500000,283.51872267,0.1272862275,0.1250000000,2,0,25.85620808
2024-09-10T12:15:00-04:00,2200.41385788,1443.34000000,244.26081784,1956.15304005,348.47431737,1324.16000000,283.51872267,0.1274252375,0.1250000000,2,0,25.85620808
2024-09-10T12:30:00-04:00,2207.78093442,1443.34000000,244.44289438,1963.33804005,348.47431737,1331.34500000,283.51872267,0.1270320089,0.1250000000,2,0,25.85620808
2024-09-10T12:45:00-04:00,2202.56372521,1443.34000000,244.88568516,1957.67804005,348.47431737,1325.68500000,283.51872267,0.1276080993,0.1250000000,2,0,25.85620808
2024-09-10T13:00:00-04:00,2215.52440458,1443.34000000,245.56136454,1969.96304005,348.47431737,1337.97000000,283.51872267,0.1271017818,0.1250000000,2,0,25.85620808
2024-09-10T13:15:00-04:00,2213.51998768,1443.34000000,245.34964763,1968.17034005,348.47431737,1336.17730000,283.51872267,0.1271240864,0.1250000000,2,0,25.85620808
2024-09-10T13:30:00-04:00,2216.83007244,1443.34000000,245.76703239,1971.06304005,348.47431737,1339.07000000,283.51872267,0.1271223243,0.1250000000,2,0,25.85620808
2024-09-10T13:45:00-04:00,2220.58773839,1443.34000000,245.98479835,1974.60294005,348.47431737,1342.60990000,283.51872267,0.1269881436,0.1250000000,2,0,25.85620808
2024-09-10T14:00:00-04:00,2225.21219857,1443.34000000,246.55945852,1978.65274005,348.47431737,1346.65970000,283.51872267,0.1269816588,0.1250000000,2,1,25.85620808
2024-09-10T14:15:00-04:00,2233.41683982,1443.34000000,246.55945852,1986.85738130,0.66865862,1702.67000000,283.51872267,0.1264473545,0.1250000000,3,0,39.34669372
2024-09-10T14:30:00-04:00,2238.63082888,1443.34000000,246.53344759,1992.09738130,0.66865862,1707.91000000,283.51872267,0.1260968344,0.1250000000,3,1,39.34669372
2024-09-10T14:45:00-04:00,2232.66015873,1443.34000000,246.43847743,1986.22168130,0.66865862,1702.03430000,283.51872267,0.1264343741,0.1250000000,3,0,39.34669372
2024-09-10T15:00:00-04:00,2232.69275418,1443.34000000,246.49957288,1986.19318130,0.66865862,1702.00580000,283.51872267,0.1264636040,0.1250000000,3,1,39.34669372
2024-09-10T15:15:00-04:00,2244.14440690,1443.34000000,246.80202560,1997.34238130,0.66865862,1713.15500000,283.51872267,0.1258792168,0.1250000000,3,1,39.34669372
2024-09-10T15:30:00-04:00,2239.88915329,1443.34000000,246.85707200,1993.03208130,0.66865862,1708.84470000,283.51872267,0.1261811506,0.1250000000,3,1,39.34669372
2024-09-10T15:45:00-04:00,2249.95027363,1443.34000000,246.98289233,2002.96738130,0.66865862,1718.78000000,283.51872267,0.1255995370,0.1250000000,3,2,39.34669372
2024-09-11T09:30:00-04:00,2235.40601736,1443.34000000,247.08693607,1988.31908130,0.66865862,1704.13170000,283.51872267,0.1265887312,0.1250000000,3,1,39.34669372
2024-09-11T09:45:00-04:00,2234.93698709,1443.34000000,246.25700580,1988.67998130,0.66865862,1704.49260000,283.51872267,0.1261938613,0.1250000000,3,0,25.85620808
2024-09-11T10:00:00-04:00,2226.94574784,1443.34000000,245.22866655,1981.71708130,0.66865862,1697.52970000,283.51872267,0.1261836248,0.1250000000,3,0,25.85620808
2024-09-11T10:15:00-04:00,2216.98908566,1443.34000000,244.98670437,1972.00238130,0.66865862,1687.81500000,283.51872267,0.1267082801,0.1250000000,3,0,25.85620808
2024-09-11T10:30:00-04:00,2200.18294021,1443.34000000,243.77689348,1956.40604673,10.56437892,1662.46500000,283.37666781,0.1271786810,0.1250000000,2,0,25.47959676
2024-09-11T10:45:00-04:00,2201.60306338,1443.34000000,244.01825075,1957.58481263,1322.96234086,361.03500000,273.58747176,0.1265644592,0.1250000000,1,0,0.00000000
2024-09-11T11:00:00-04:00,2204.28602645,1443.34000000,244.92621382,1959.35981263,1322.96234086,362.81000000,273.58747176,0.1268588580,0.1250000000,1,0,0.00000000
2024-09-11T11:15:00-04:00,2198.98280305,1443.34000000,244.94799042,1954.03481263,1322.96234086,357.48500000,273.58747176,0.1272195826,0.1250000000,1,0,0.00000000
2024-09-11T11:30:00-04:00,2204.31779952,1443.34000000,246.37798689,1957.93981263,1322.96234086,361.39000000,273.58747176,0.1276086999,0.1250000000,1,0,0.00000000
2024-09-11T11:45:00-04:00,2201.70758409,1443.34000000,246.25277146,1955.45481263,1322.96234086,358.90500000,273.58747176,0.1277165099,0.1250000000,1,0,0.00000000
2024-09-11T12:00:00-04:00,2200.83752263,1443.34000000,247.15771000,1953.67981263,1322.96234086,357.13000000,273.58747176,0.1282437169,0.1250000000,1,0,0.00000000
2024-09-11T12:15:00-04:00,2201.63055367,1443.34000000,247.95074104,1953.67981263,1322.96234086,357.13000000,273.58747176,0.1286022825,0.1250000000,1,0,0.00000000
2024-09-11T12:30:00-04:00,2198.90359149,1443.34000000,247.70877886,1951.19481263,1322.96234086,354.64500000,273.58747176,0.1286587570,0.1250000000,1,0,0.00000000
2024-09-11T12:45:00-04:00,2204.47055367,1443.34000000,247.95074104,1956.51981263,1322.96234086,359.97000000,273.58747176,0.1284131304,0.1250000000,1,0,0.00000000
2024-09-11T13:00:00-04:00,2204.47910184,1443.34000000,248.31428921,1956.16481263,1322.96234086,359.61500000,273.58747176,0.1286008419,0.1250000000,1,0,0.00000000
2024-09-11T13:15:00-04:00,2205.54478624,1443.34000000,248.66997361,1956.87481263,1322.96234086,360.32500000,273.58747176,0.1287140103,0.1250000000,1,0,0.00000000
2024-09-11T13:30:00-04:00,2202.36438347,1443.34000000,249.03957084,1953.32481263,1322.96234086,356.77500000,273.58747176,0.1291178722,0.1250000000,1,0,0.00000000
2024-09-11T13:45:00-04:00,2201.31878584,1443.34000000,249.22104247,1952.09774337,1675.64563097,0.00000000,276.45211240,0.1294744441,0.1250000000,0,0,0.00000000
2024-09-11T14:00:00-04:00,2201.83416528,1443.34000000,249.73642191,1952.09774337,1675.64563097,0.00000000,276.45211240,0.1297074633,0.1250000000,0,0,0.00000000
2024-09-11T14:15:00-04:00,2202.38341942,1443.34000000,250.28567605,1952.09774337,1675.64563097,0.00000000,276.45211240,0.1299556610,0.1250000000,0,0,0.00000000
2024-09-11T14:30:00-04:00,2202.89153999,1443.34000000,250.79379662,1952.09774337,1675.64563097,0.00000000,276.45211240,0.1301851452,0.1250000000,0,3,0.00000000
2024-09-11T14:45:00-04:00,2188.51716042,1443.34000000,250.11932705,1938.39783337,4.11292097,1657.83280000,276.45211240,0.1308110973,0.1250000000,2,0,54.40420489
2024-09-11T15:00:00-04:00,2177.34121149,1443.34000000,250.81617812,1926.52503337,4.11292097,1645.96000000,276.45211240,0.1319467707,0.1250000000,2,0,54.40420489
2024-09-11T15:15:00-04:00,2183.71294346,1443.34000000,250.06791009,1933.64503337,4.11292097,1653.08000000,276.45211240,0.1311136401,0.1250000000,2,0,54.40420489
2024-09-11T15:30:00-04:00,2205.32537177,1443.34000000,250.04673840,1955.27863337,4.11292097,1674.71360000,276.45211240,0.1296335761,0.1250000000,2,1,54.40420489
2024-09-11T15:45:00-04:00,2203.06992237,1443.34000000,249.94692900,1953.12299337,1.39088097,1675.28000000,276.45211240,0.1297335298,0.1250000000,3,2,54.48901404
2024-09-12T09:30:00-04:00,2188.39974092,1443.34000000,239.95465884,1948.44508208,9.14296968,1662.85000000,276.45211240,0.1255027362,0.1250000000,3,3,54.48901404
2024-09-12T09:45:00-04:00,2180.47303001,1443.34000000,239.25149500,1941.22153501,12.07794054,1652.99120000,276.15239447,0.1256361405,0.1250000000,2,1,54.40420489
2024-09-12T10:00:00-04:00,2201.83080398,1443.34000000,239.36868898,1962.46211501,1.10972054,1685.20000000,276.15239447,0.1243035638,0.1250000000,3,0,54.78550153
2024-09-12T10:15:00-04:00,2205.82414672,1443.34000000,240.48203172,1965.34211501,1.10972054,1688.08000000,276.15239447,0.1246232845,0.1250000000,3,0,54.78550153
2024-09-12T10:30:00-04:00,2206.73966028,1443.34000000,240.21834528,1966.52131501,1.10972054,1689.25920000,276.15239447,0.1244276027,0.1250000000,3,0,54.78550153
2024-09-12T10:45:00-04:00,2207.33677385,1443.34000000,239.95465884,1967.38211501,1.10972054,1690.12000000,276.15239447,0.1242525889,0.1250000000,3,0,54.78550153
2024-09-12T11:00:00-04:00,2228.29572864,1443.34000000,240.83361363,1987.46211501,1.10972054,1710.20000000,276.15239447,0.1233688169,0.1250000000,3,0,54.78550153
2024-09-12T11:15:00-04:00,2216.27116179,1443.34000000,240.18904678,1976.08211501,1.10972054,1698.82000000,276.15239447,0.1238012079,0.1250000000,3,0,54.78550153
2024-09-12T11:30:00-04:00,2215.28797385,1443.34000000,239.95465884,1975.33331501,1.10972054,1698.07120000,276.15239447,0.1237431056,0.1250000000,3,0,54.78550153
2024-09-12T11:45:00-04:00,2217.10098289,1443.34000000,239.77886788,1977.32211501,1.10972054,1700.06000000,276.15239447,0.1235369496,0.1250000000,3,0,54.78550153
2024-09-12T12:00:00-04:00,2215.80795576,1443.34000000,240.30624076,1975.50171501,1.10972054,1698.23960000,276.15239447,0.1238911926,0.1250000000,3,0,54.78550153
2024-09-12T12:15:00-04:00,2213.94245426,1443.34000000,240.33553925,1973.60691501,1.10972054,1696.34480000,276.15239447,0.1240255816,0.1250000000,3,0,54.40420489
2024-09-12T12:30:00-04:00,2195.62046028,1443.34000000,240.21834528,1955.40211501,1.10972054,1678.14000000,276.15239447,0.1251483937,0.1250000000,3,0,54.40420489
2024-09-12T12:45:00-04:00,2204.43575878,1443.34000000,240.24764377,1964.18811501,1.10972054,1686.92600000,276.15239447,0.1245914621,0.1250000000,3,0,54.40420489
2024-09-12T13:00:00-04:00,2196.86967166,1443.34000000,241.00940459,1955.86026707,12.17239774,1667.48000000,276.20786934,0.1254824792,0.1250000000,2,0,54.40420489
2024-09-12T13:15:00-04:00,2200.78405961,1443.34000000,241.24379254,1959.54026707,12.17239774,1671.16000000,276.20786934,0.1253490476,0.1250000000,2,0,54.40420489
2024-09-12T13:30:00-04:00,2204.97225659,1443.34000000,241.30238952,1963.66986707,12.17239774,1675.28960000,276.20786934,0.1251072402,0.1250000000,2,0,54.40420489
2024-09-12T13:45:00-04:00,2220.15423851,1443.34000000,241.65397144,1978.50026707,12.17239774,1690.12000000,276.20786934,0.1243110280,0.1250000000,2,0,54.40420489
2024-09-12T14:00:00-04:00,2209.07704454,1443.34000000,241.53677747,1967.54026707,12.17239774,1679.16000000,276.20786934,0.1249628172,0.1250000000,2,0,54.40420489
2024-09-12T14:15:00-04:00,2207.20774605,1443.34000000,241.50747898,1965.70026707,12.17239774,1677.32000000,276.20786934,0.1250686144,0.1250000000,2,0,54.40420489
2024-09-12T14:30:00-04:00,2201.94003550,1443.34000000,241.71256843,1960.22746707,12.17239774,1671.84720000,276.20786934,0.1255172306,0.1250000000,2,0,54.40420489
2024-09-12T14:45:00-04:00,2203.03547091,1443.34000000,241.33520384,1961.70026707,12.17239774,1673.32000000,276.20786934,0.1252500243,0.1250000000,2,1,54.40420489
2024-09-12T15:00:00-04:00,2207.37844755,1443.34000000,241.47818048,1965.90026707,12.17239774,1677.52000000,276.20786934,0.1250423879,0.1250000000,2,3,54.40420489
2024-09-12T15:15:00-04:00,2204.74380972,1443.34000000,241.38735515,1963.35645457,0.41358524,1686.73500000,276.20786934,0.1251661170,0.1250000000,3,1,54.82162530
2024-09-12T15:30:00-04:00,2211.59432752,1443.34000000,241.62467295,1969.96965457,0.41358524,1693.34820000,276.20786934,0.1248456978,0.1250000000,3,0,54.82162530
2024-09-12T15:45:00-04:00,2218.88682903,1443.34000000,241.59537445,1977.29145457,0.41358524,1700.67000000,276.20786934,0.1243619659,0.1250000000,3,0,54.82162530
2024-09-13T09:30:00-04:00,2251.82947591,1443.34000000,242.35713528,2009.47234064,3.10897130,1730.15550000,276.20786934,0.1226738635,0.1250000000,3,3,6.93902213
2024-09-13T09:45:00-04:00,2254.43258797,1443.34000000,242.12274733,2012.30984064,3.10897130,1732.99300000,276.20786934,0.1223939551,0.1250000000,3,0,6.93902213
2024-09-13T10:00:00-04:00,2256.97058797,1443.34000000,242.12274733,2014.84784064,3.10897130,1735.53100000,276.20786934,0.1222371287,0.1250000000,3,0,6.93902213
2024-09-13T10:15:00-04:00,2246.54739399,1443.34000000,242.00555336,2004.54184064,3.10897130,1725.22500000,276.20786934,0.1228242901,0.1250000000,3,0,6.52160172
2024-09-13T10:30:00-04:00,2244.66777290,1443.34000000,242.41573226,2002.25204064,3.10897130,1722.93520000,276.20786934,0.1231499467,0.1250000000,3,0,6.52160172
2024-09-13T10:45:00-04:00,2240.57626838,1443.34000000,242.50362774,1998.07264064,3.10897130,1718.75580000,276.20786934,0.1234511957,0.1250000000,3,0,6.52160172
2024-09-13T11:00:00-04:00,2235.01976687,1443.34000000,242.53292624,1992.48684064,3.10897130,1713.17000000,276.20786934,0.1238163432,0.1250000000,3,1,6.52160172
2024-09-13T11:15:00-04:00,2239.30765632,1443.34000000,242.73801569,1996.56964064,3.10897130,1717.25280000,276.20786934,0.1236503703,0.1250000000,3,2,6.52160172
2024-09-13T11:30:00-04:00,2229.38677580,1443.34000000,242.65012021,1986.73665559,1333.86291152,369.23880000,283.63494407,0.1247076406,0.1250000000,2,2,6.52160172
2024-09-13T11:45:00-04:00,2235.33129875,1443.34000000,242.88450815,1992.44679059,2.64524652,1706.16660000,283.63494407,0.1244478976,0.1250000000,3,0,55.54268651
2024-09-13T12:00:00-04:00,2233.51311683,1443.34000000,242.53292624,1990.98019059,2.64524652,1704.70000000,283.63494407,0.1243836305,0.1250000000,3,0,55.54268651
2024-09-13T12:15:00-04:00,2226.83011381,1443.34000000,242.59152322,1984.23859059,2.64524652,1697.95840000,283.63494407,0.1248415635,0.1250000000,3,1,55.54268651
2024-09-13T12:30:00-04:00,2227.37644433,1443.34000000,242.53292624,1984.84351809,0.41357402,1700.79500000,283.63494407,0.1247763276,0.1250000000,4,0,55.61170062
2024-09-13T12:45:00-04:00,2225.49103726,1443.34000000,242.94251917,1982.54851809,0.41357402,1698.50000000,283.63494407,0.1251084053,0.1250000000,4,0,55.61170062
2024-09-13T13:00:00-04:00,2224.87381720,1443.34000000,243.06029911,1981.81351809,0.41357402,1697.76500000,283.63494407,0.1252088563,0.1250000000,4,0,55.61170062
2024-09-13T13:15:00-04:00,2220.34422022,1443.34000000,243.00170213,1977.34251809,0.41357402,1693.29400000,283.63494407,0.1254714402,0.1250000000,4,0,55.61170062
2024-09-13T13:30:00-04:00,2220.32570374,1443.34000000,243.12768565,1977.19801809,0.41357402,1693.14950000,283.63494407,0.1255376907,0.1250000000,4,0,55.61170062
2024-09-13T13:45:00-04:00,2215.81960816,1443.34000000,243.23609007,1972.58351809,0.41357402,1688.53500000,283.63494407,0.1258865649,0.1250000000,4,1,55.61170062
2024-09-13T14:00:00-04:00,2224.84572474,1443.34000000,242.91380665,1981.93191809,0.41357402,1697.88340000,283.63494407,0.1251352038,0.1250000000,4,0,55.61170062
2024-09-13T14:15:00-04:00,2226.58141643,1443.34000000,242.82591117,1983.75550527,12.33213857,1687.69460000,283.72876670,0.1249842139,0.1250000000,3,0,55.61170062
2024-09-13T14:30:00-04:00,2228.72161144,1443.34000000,242.65070618,1986.07090527,12.33213857,1690.01000000,283.72876670,0.1247566061,0.1250000000,3,2,55.61170062
2024-09-13T14:45:00-04:00,2229.37579791,1443.34000000,242.94310514,1986.43269277,1.37392607,1701.33000000,283.72876670,0.1248649427,0.1250000000,4,1,55.91153877
2024-09-13T15:00:00-04:00,2224.90239791,1443.34000000,242.94310514,1981.95929277,1.37392607,1696.85660000,283.72876670,0.1251526918,0.1250000000,4,0,55.91153877
2024-09-13T15:15:00-04:00,2229.23332615,1443.34000000,243.17163339,1986.06169277,1.37392607,1700.95900000,283.72876670,0.1249915515,0.1250000000,4,0,55.91153877
2024-09-13T15:30:00-04:00,2248.57399988,1443.34000000,243.17690711,2005.39709277,1.37392607,1720.29440000,283.72876670,0.1237638991,0.1250000000,4,2,55.91153877
2024-09-13T15:45:00-04:00,2251.34439489,1443.34000000,243.00170213,2008.34269277,1.37392607,1723.24000000,283.72876670,0.1235005957,0.1250000000,4,2,55.91153877
2024-09-16T09:30:00-04:00,2228.63827023,1443.34000000,241.53677747,1987.10149277,1.37392607,1701.99880000,283.72876670,0.1241892114,0.1250000000,4,2,55.91153877
2024-09-16T09:45:00-04:00,2234.95076335,1443.34000000,242.17607059,1992.77469277,1.37392607,1707.67200000,283.72876670,0.1241150781,0.1250000000,4,0,55.91153877
2024-09-16T10:00:00-04:00,2241.48060965,1443.34000000,242.06473631,1999.41587333,12.13820445,1703.66280000,283.61486888,0.1236370458,0.1250000000,3,1,55.61170062
2024-09-16T10:15:00-04:00,2229.76513281,1443.34000000,241.69205948,1988.07307333,12.13820445,1692.32000000,283.61486888,0.1241898244,0.1250000000,3,0,55.61170062
2024-09-16T10:30:00-04:00,2264.15259346,1443.34000000,240.97952013,2023.17307333,12.13820445,1727.42000000,283.61486888,0.1216737844,0.1250000000,3,0,55.61170062
2024-09-16T10:45:00-04:00,2239.52367190,1443.34000000,241.12659856,1998.39707333,12.13820445,1702.64400000,283.61486888,0.1232811050,0.1250000000,3,0,55.61170062
2024-09-16T11:00:00-04:00,2240.69790227,1443.34000000,241.24379254,1999.45410973,14.32537621,1701.54000000,283.58873353,0.1232653734,0.1250000000,2,1,55.54268651
2024-09-16T11:15:00-04:00,2243.59250634,1443.34000000,241.59537445,2001.99713188,3.41339836,1714.99500000,283.58873353,0.1232627089,0.1250000000,3,0,55.87623708
2024-09-16T11:30:00-04:00,2268.62592442,1443.34000000,241.24379254,2027.38213188,3.41339836,1740.38000000,283.58873353,0.1215311197,0.1250000000,3,0,55.87623708
2024-09-16T11:45:00-04:00,2276.90692941,1443.34000000,241.41899753,2035.48793188,3.41339836,1748.48580000,283.58873353,0.1211141292,0.1250000000,3,1,6.85515229
2024-09-16T12:00:00-04:00,2259.41673045,1443.34000000,241.12659856,2018.29013188,3.41339836,1731.28800000,283.58873353,0.1220382538,0.1250000000,3,1,6.85515229
2024-09-16T12:15:00-04:00,2273.37334947,1443.34000000,241.30121758,2032.07213188,3.41339836,1745.07000000,283.58873353,0.1212700187,0.1250000000,3,0,6.85515229
2024-09-16T12:30:00-04:00,2271.13807574,1443.34000000,241.29594385,2029.84213188,3.41339836,1742.84000000,283.58873353,0.1214037502,0.1250000000,3,0,6.85515229
2024-09-16T12:45:00-04:00,2280.96526171,1443.34000000,241.29652982,2039.66873188,3.41339836,1752.66660000,283.58873353,0.1208067314,0.1250000000,3,0,6.85515229
2024-09-16T13:00:00-04:00,2280.16611538,1443.34000000,241.41958350,2038.74653188,3.41339836,1751.74440000,283.58873353,0.1209167176,0.1250000000,3,0,6.85515229
2024-09-16T13:15:00-04:00,2286.16732743,1443.34000000,241.18519555,2044.98213188,3.41339836,1757.98000000,283.58873353,0.1204373183,0.1250000000,3,2,6.85515229
2024-09-16T13:30:00-04:00,2288.85750634,1443.34000000,241.59537445,2047.26213188,3.41339836,1760.26000000,283.58873353,0.1204802956,0.1250000000,3,2,6.85515229
2024-09-16T13:45:00-04:00,2297.91696622,1443.34000000,241.65397144,2056.26299478,1.62926126,1771.04500000,283.58873353,0.1199675244,0.1250000000,4,2,6.90456496
2024-09-16T14:00:00-04:00,2295.73946773,1443.34000000,241.62467295,2054.11479478,1.62926126,1768.89680000,283.58873353,0.1200827894,0.1250000000,4,0,6.90456496
2024-09-16T14:15:00-04:00,2295.02978920,1443.34000000,241.67389442,2053.35589478,1.62926126,1768.13790000,283.58873353,0.1201496279,0.1250000000,4,0,6.90456496
2024-09-16T14:30:00-04:00,2308.10436924,1443.34000000,241.59537445,2066.50899478,1.62926126,1781.29100000,283.58873353,0.1193349017,0.1250000000,4,1,6.90456496
2024-09-16T14:45:00-04:00,2301.21816321,1443.34000000,241.71256843,2059.50559478,1.62926126,1774.28760000,283.58873353,0.1198002789,0.1250000000,4,0,6.90456496
2024-09-16T15:00:00-04:00,2307.24924965,1443.34000000,241.97625487,2065.27299478,1.62926126,1780.05500000,283.58873353,0.1195735416,0.1250000000,4,2,6.90456496
2024-09-16T15:15:00-04:00,2301.64628129,1443.34000000,241.98328650,2059.66299478,1.62926126,1774.44500000,283.58873353,0.1199090119,0.1250000000,4,1,6.90456496
2024-09-16T15:30:00-04:00,2295.69354814,1443.34000000,242.00555336,2053.68799478,1.62926126,1768.47000000,283.58873353,0.1202748245,0.1250000000,4,0,6.90456496
2024-09-16T15:45:00-04:00,2274.36354814,1443.34000000,242.00555336,2032.35799478,1.62926126,1747.14000000,283.58873353,0.1215634996,0.1250000000,4,0,6.57101439
2024-09-17T09:30:00-04:00,2323.60234815,1443.34000000,243.64626897,2079.95607918,1405.26494828,354.97980000,319.71133090,0.1215865867,0.1250000000,2,4,6.57101439
2024-09-17T09:45:00-04:00,2346.36397441,1443.34000000,243.58767199,2102.77630243,1.84417153,1781.22080000,319.71133090,0.1201921172,0.1250000000,4,1,58.12945761
2024-09-17T10:00:00-04:00,2350.75926801,1443.34000000,243.86776558,2106.89150243,1.84417153,1785.33600000,319.71133090,0.1200699211,0.1250000000,4,2,58.12945761
2024-09-17T10:15:00-04:00,2354.95130655,1443.34000000,243.93925391,2111.01205265,3.68967890,1787.57500000,319.74737375,0.1198598578,0.1250000000,3,2,57.77877685
2024-09-17T10:30:00-04:00,2366.31150255,1443.34000000,243.96855240,2122.34295015,0.61737640,1801.97820000,319.74737375,0.1192088481,0.1250000000,4,1,57.86294180
2024-09-17T10:45:00-04:00,2366.07522816,1443.34000000,243.47047802,2122.60475015,0.61737640,1802.24000000,319.74737375,0.1189792132,0.1250000000,4,0,57.86294180
2024-09-17T11:00:00-04:00,2371.79961008,1443.34000000,243.82205993,2127.97755015,0.61737640,1807.61280000,319.74737375,0.1188186420,0.1250000000,4,0,57.86294180
2024-09-17T11:15:00-04:00,2374.29104891,1443.34000000,243.64626897,2130.64477994,11.22071828,1799.42020000,320.00386165,0.1186038011,0.1250000000,3,1,57.86294180
2024-09-17T11:30:00-04:00,2378.63000773,1443.34000000,243.35328404,2135.27672369,2.73936203,1812.53350000,320.00386165,0.1182114997,0.1250000000,4,0,58.11994262
2024-09-17T11:45:00-04:00,2377.35088908,1443.34000000,243.63806540,2133.71282369,2.73936203,1810.96960000,320.00386165,0.1184234172,0.1250000000,4,1,6.86276749
2024-09-17T12:00:00-04:00,2379.58840048,1443.34000000,243.25601305,2136.33238744,0.82292578,1815.50560000,320.00386165,0.1181092635,0.1250000000,5,1,6.91620442
2024-09-17T12:15:00-04:00,2389.88278702,1443.34000000,242.70109959,2147.18168744,0.82292578,1826.35490000,320.00386165,0.1172537662,0.1250000000,5,0,6.91620442
2024-09-17T12:30:00-04:00,2386.61934852,1443.34000000,242.08876108,2144.53058744,0.82292578,1823.70380000,320.00386165,0.1171426241,0.1250000000,5,0,6.91620442
2024-09-17T12:45:00-04:00,2348.18903328,1443.34000000,242.12274733,2106.06628595,5.72268319,1780.39200000,319.95160276,0.1193759388,0.1250000000,3,0,6.77860254
2024-09-17T13:00:00-04:00,2345.49674082,1443.34000000,241.97625487,2103.52048595,5.72268319,1777.84620000,319.95160276,0.1194622871,0.1250000000,3,0,6.77860254
2024-09-17T13:15:00-04:00,2361.56760145,1443.34000000,242.50831550,2119.05928595,5.72268319,1793.38500000,319.95160276,0.1187825309,0.1250000000,3,0,6.77860254
2024-09-17T13:30:00-04:00,2344.98215287,1443.34000000,241.74186692,2103.24028595,5.72268319,1777.56600000,319.95160276,0.1193768987,0.1250000000,3,0,6.77860254
2024-09-17T13:45:00-04:00,2339.79802068,1443.34000000,242.35713528,2097.44088541,1411.84171912,358.09200000,327.50716629,0.1204384221,0.1250000000,2,0,6.77860254
2024-09-17T14:00:00-04:00,2339.58961767,1443.34000000,242.41573226,2097.17388541,1411.84171912,357.82500000,327.50716629,0.1204800191,0.1250000000,2,0,6.77860254
2024-09-17T14:15:00-04:00,2339.60140182,1443.34000000,242.47432925,2097.12707257,1420.15727885,349.56000000,327.40979373,0.1205026044,0.1250000000,1,0,6.52160172
2024-09-17T14:30:00-04:00,2339.90280484,1443.34000000,242.41573226,2097.48707257,1420.15727885,349.92000000,327.40979373,0.1204554406,0.1250000000,1,0,6.52160172
2024-09-17T14:45:00-04:00,2338.61042791,1443.34000000,242.23935533,2096.37107257,1420.15727885,348.80400000,327.40979373,0.1204451467,0.1250000000,1,0,6.52160172
2024-09-17T15:00:00-04:00,2339.69500182,1443.34000000,242.47432925,2097.22067257,1420.15727885,349.65360000,327.40979373,0.1204969993,0.1250000000,1,0,6.52160172
2024-09-17T15:15:00-04:00,2339.19063695,1443.34000000,242.06356438,2097.12707257,1420.15727885,349.56000000,327.40979373,0.1203230288,0.1250000000,1,1,6.52160172
2024-09-17T15:30:00-04:00,2339.30934490,1443.34000000,242.12274733,2097.18659757,51.83180385,1717.94500000,327.40979373,0.1203453459,0.1250000000,2,1,35.41958539
2024-09-17T15:45:00-04:00,2328.87043865,1443.34000000,242.59152322,2086.27891543,349.64838000,1411.73000000,324.90053544,0.1210554724,0.1250000000,2,3,30.27645409
2024-09-18T09:30:00-04:00,2313.32353851,1443.34000000,242.73039808,2070.59314043,1.68760500,1744.00500000,324.90053544,0.1220718115,0.1250000000,3,3,39.57392676
2024-09-18T09:45:00-04:00,2317.82651101,1443.34000000,242.73039808,2075.09611293,0.31657750,1749.87900000,324.90053544,0.1217959930,0.1250000000,4,2,39.67943094
2024-09-18T10:00:00-04:00,2319.24584519,1443.34000000,242.41573226,2076.83011293,0.31657750,1751.61300000,324.90053544,0.1215515343,0.1250000000,4,0,39.67943094
2024-09-18T10:15:00-04:00,2327.55081553,1443.34000000,242.64250260,2084.90831293,0.31657750,1759.69120000,324.90053544,0.1211606964,0.1250000000,4,0,39.67943094
2024-09-18T10:30:00-04:00,2331.42386169,1443.34000000,242.76731418,2088.65654751,50.76030928,1713.51960000,324.37663823,0.1209574500,0.1250000000,3,2,38.30096052
2024-09-18T10:45:00-04:00,2321.23649302,1443.34000000,242.66183961,2078.57465341,22.08001518,1732.11800000,324.37663823,0.1215217177,0.1250000000,4,0,39.53088110
2024-09-18T11:00:00-04:00,2311.86058869,1443.34000000,242.35713528,2069.50345341,22.08001518,1723.04680000,324.37663823,0.1219416817,0.1250000000,4,0,39.53088110
2024-09-18T11:15:00-04:00,2303.17041241,1443.34000000,242.29853829,2060.87187412,1371.56688098,375.99230000,313.31269314,0.1217667655,0.1250000000,3,0,10.63289743
2024-09-18T11:30:00-04:00,2300.11393351,1443.34000000,241.88835939,2058.22557412,1371.56688098,373.34600000,313.31269314,0.1217476386,0.1250000000,3,0,10.63289743
2024-09-18T11:45:00-04:00,2299.61773454,1443.34000000,241.59596042,2058.02177412,1371.56688098,373.14220000,313.31269314,0.1216308449,0.1250000000,3,0,10.63289743
2024-09-18T12:00:00-04:00,2302.23174255,1443.34000000,241.71256843,2060.51917412,1371.56688098,375.63960000,313.31269314,0.1215296160,0.1250000000,3,1,10.63289743
2024-09-18T12:15:00-04:00,2320.08061918,1443.34000000,242.53292624,2077.54769294,0.96479980,1763.27020000,313.31269314,0.1208574859,0.1250000000,4,1,65.20453179
2024-09-18T12:30:00-04:00,2333.48173274,1443.34000000,242.26923980,2091.21249294,0.96479980,1776.93500000,313.31269314,0.1199252315,0.1250000000,4,0,65.20453179
2024-09-18T12:45:00-04:00,2334.97902521,1443.34000000,242.41573226,2092.56329294,0.96479980,1778.28580000,313.31269314,0.1199088734,0.1250000000,4,0,65.20453179
2024-09-18T13:00:00-04:00,2314.78259035,1443.34000000,242.59152322,2072.19106713,2.26876171,1756.64900000,313.27330541,0.1212042957,0.1250000000,3,0,65.09902762
2024-09-18T13:15:00-04:00,2310.83918460,1443.34000000,242.74211748,2068.09706713,2.26876171,1752.55500000,313.27330541,0.1215189546,0.1250000000,3,0,65.09902762
2024-09-18T13:30:00-04:00,2305.25799195,1443.34000000,242.36592482,2062.89206713,2.26876171,1747.35000000,313.27330541,0.1216705763,0.1250000000,3,0,65.09902762
2024-09-18T13:45:00-04:00,2311.27890636,1443.34000000,242.82473923,2068.45416713,2.26876171,1752.91210000,313.27330541,0.1215335628,0.1250000000,3,0,65.09902762
2024-09-18T14:00:00-04:00,2330.82615824,1443.34000000,242.94369111,2087.88246713,2.26876171,1772.34040000,313.27330541,0.1204150319,0.1250000000,3,3,55.80155494
2024-09-18T14:15:00-04:00,2357.14050872,1443.34000000,243.90995541,2113.23055330,0.38224789,1799.57500000,313.27330541,0.1193374770,0.1250000000,4,0,55.86136612
2024-09-18T14:30:00-04:00,2352.40683487,1443.34000000,243.47047802,2108.93635686,359.88464088,1429.00000000,320.05171598,0.1197972125,0.1250000000,3,0,55.80155494
2024-09-18T14:45:00-04:00,2352.45037098,1443.34000000,243.23667604,2109.21369494,361.77167398,1427.39000000,320.05202095,0.1196796268,0.1250000000,2,0,55.80155494
2024-09-18T15:00:00-04:00,2335.06188953,1443.34000000,243.14819459,2091.91369494,361.77167398,1410.09000000,320.05202095,0.1206684882,0.1250000000,2,0,55.80155494
2024-09-18T15:15:00-04:00,2334.92718802,1443.34000000,243.17749308,2091.74969494,361.77167398,1409.92600000,320.05202095,0.1206910964,0.1250000000,2,0,55.80155494
2024-09-18T15:30:00-04:00,2310.73942720,1443.34000000,242.41573226,2068.32369494,361.77167398,1386.50000000,320.05202095,0.1217748862,0.1250000000,2,0,55.80155494
2024-09-18T15:45:00-04:00,2287.18205432,1443.34000000,241.88835939,2045.29369494,361.77167398,1363.47000000,320.05202095,0.1229651092,0.1250000000,2,0,55.80155494
2024-09-19T09:30:00-04:00,2280.14978764,1443.34000000,257.15922222,2022.99056541,350.73854446,1352.20000000,320.05202095,0.1311971406,0.1250000000,2,4,55.80155494
2024-09-19T09:45:00-04:00,2273.12216955,1443.34000000,256.81573016,2016.30643939,1342.68112160,374.13000000,299.49531779,0.1301237516,0.1250000000,2,1,24.38953698
2024-09-19T10:00:00-04:00,2281.68871243,1443.34000000,257.22106304,2024.46764939,105.23373160,1619.73860000,299.49531779,0.1297658764,0.1250000000,3,3,55.67462083
2024-09-19T10:15:00-04:00,2294.61016494,1443.34000000,257.76293555,2036.84722939,9.40191160,1727.95000000,299.49531779,0.1291970414,0.1250000000,4,2,60.43867244
2024-09-19T10:30:00-04:00,2287.65680628,1443.34000000,257.89457689,2029.76222939,9.40191160,1720.86500000,299.49531779,0.1297151053,0.1250000000,4,1,60.43867244
2024-09-19T10:45:00-04:00,2283.41508987,1443.34000000,257.52781799,2025.88727189,2.78695410,1723.60500000,299.49531779,0.1298075767,0.1250000000,5,1,60.65096263
2024-09-19T11:00:00-04:00,2296.11316318,1443.34000000,257.71089130,2038.40227189,2.78695410,1736.12000000,299.49531779,0.1290737193,0.1250000000,5,1,60.65096263
2024-09-19T11:15:00-04:00,2306.63215062,1443.34000000,258.13887874,2048.49327189,2.78695410,1746.21100000,299.49531779,0.1286105035,0.1250000000,5,1,60.65096263
2024-09-19T11:30:00-04:00,2308.38430584,1443.34000000,258.01703396,2050.36727189,2.78695410,1748.08500000,299.49531779,0.1284376765,0.1250000000,5,1,60.65096263
2024-09-19T11:45:00-04:00,2303.22104878,1443.34000000,257.89457689,2045.32647189,2.78695410,1743.04420000,299.49531779,0.1287075236,0.1250000000,5,1,60.65096263
2024-09-19T12:00:00-04:00,2304.62009924,1443.34000000,258.07152735,2046.54857189,2.78695410,1744.26630000,299.49531779,0.1287059687,0.1250000000,5,1,60.65096263
2024-09-19T12:15:00-04:00,2315.68789144,1443.34000000,258.20071955,2057.48717189,2.78695410,1755.20490000,299.49531779,0.1280635208,0.1250000000,5,0,60.65096263
2024-09-19T12:30:00-04:00,2321.31861997,1443.34000000,258.26194809,2063.05667189,2.78695410,1760.77440000,299.49531779,0.1277371508,0.1250000000,5,0,60.65096263
2024-09-19T12:45:00-04:00,2325.54697625,1443.34000000,258.27970436,2067.26727189,2.78695410,1764.98500000,299.49531779,0.1274793282,0.1250000000,5,0,59.42104205
2024-09-19T13:00:00-04:00,2323.70473622,1443.34000000,258.32256433,2065.38217189,2.78695410,1763.09990000,299.49531779,0.1276165213,0.1250000000,5,1,59.42104205
2024-09-19T13:15:00-04:00,2325.26907519,1443.34000000,258.14010331,2067.12897189,2.78695410,1764.84670000,299.49531779,0.1274279037,0.1250000000,5,0,59.42104205
2024-09-19T13:30:00-04:00,2329.76203436,1443.34000000,258.54176248,2071.22027189,2.78695410,1768.93800000,299.49531779,0.1273437428,0.1250000000,5,1,59.42104205
2024-09-19T13:45:00-04:00,2332.95992249,1443.34000000,258.56809075,2074.39183174,31.76603562,1742.95500000,299.67079612,0.1271673996,0.1250000000,4,1,59.42104205
2024-09-19T14:00:00-04:00,2324.76114939,1443.34000000,258.38440515,2066.37674424,1.49334812,1765.21260000,299.67079612,0.1275915441,0.1250000000,5,0,60.40101659
2024-09-19T14:15:00-04:00,2322.70494939,1443.34000000,258.38440515,2064.32054424,1.49334812,1763.15640000,299.67079612,0.1277212274,0.1250000000,5,0,60.40101659
2024-09-19T14:30:00-04:00,2318.89885653,1443.34000000,258.39971228,2060.49914424,1.49334812,1759.33500000,299.67079612,0.1279695530,0.1250000000,5,0,60.40101659
2024-09-19T14:45:00-04:00,2317.32626590,1443.34000000,258.47992166,2058.84634424,1.49334812,1757.68220000,299.67079612,0.1281090481,0.1250000000,5,0,60.40101659
2024-09-19T15:00:00-04:00,2301.39086380,1443.34000000,258.20071955,2043.19014424,1.49334812,1742.02600000,299.67079612,0.1289894245,0.1250000000,5,0,60.40101659
2024-09-19T15:15:00-04:00,2300.50937869,1443.34000000,258.13949102,2042.36988767,31.13481086,1711.93500000,299.30007681,0.1289917505,0.1250000000,4,0,59.42104205
2024-09-19T15:30:00-04:00,2308.08823576,1443.34000000,258.26194809,2049.82628767,31.13481086,1719.39140000,299.30007681,0.1285660446,0.1250000000,4,0,59.42104205
2024-09-19T15:45:00-04:00,2299.68569310,1443.34000000,257.95580543,2041.72988767,31.13481086,1711.29500000,299.30007681,0.1289530395,0.1250000000,4,1,59.42104205
2024-09-20T09:30:00-04:00,2274.04222043,1443.34000000,257.58843423,2016.45378620,38.48380959,1678.91100000,299.05897660,0.1304256302,0.1250000000,3,2,59.20875186
2024-09-20T09:45:00-04:00,2263.66633174,1443.34000000,257.22106304,2006.44526870,1.76629209,1705.62000000,299.05897660,0.1309274662,0.1250000000,4,1,60.22016237
2024-09-20T10:00:00-04:00,2261.95778908,1443.34000000,256.91492038,2005.04286870,1.76629209,1704.21760000,299.05897660,0.1308854632,0.1250000000,4,0,60.22016237
2024-09-20T10:15:00-04:00,2264.90573465,1443.34000000,257.14146595,2007.76426870,1.76629209,1706.93900000,299.05897660,0.1308044307,0.1250000000,4,0,59.20875186
2024-09-20T10:30:00-04:00,2262.11828894,1443.34000000,257.12922024,2004.98906870,1.76629209,1704.16380000,299.05897660,0.1309839283,0.1250000000,4,1,59.20875186
2024-09-20T10:45:00-04:00,2247.68250348,1443.34000000,256.73123478,1990.95126870,1.76629209,1690.12600000,299.05897660,0.1317500437,0.1250000000,4,0,59.20875186
2024-09-20T11:00:00-04:00,2234.86476018,1443.34000000,256.42509212,1978.43966805,38.80944516,1640.38000000,299.25022289,0.1324773539,0.1250000000,3,0,59.20875186
2024-09-20T11:15:00-04:00,2235.36109180,1443.34000000,256.36386359,1978.99722820,367.72500156,1320.68000000,290.59222665,0.1318222788,0.1250000000,2,0,36.04913546
2024-09-20T11:30:00-04:00,2245.77092005,1443.34000000,256.85369185,1988.91722820,367.72500156,1330.60000000,290.59222665,0.1313709548,0.1250000000,2,1,36.04913546
2024-09-20T11:45:00-04:00,2248.39406271,1443.34000000,257.15983451,1991.23422820,3.45200156,1697.19000000,290.59222665,0.1313513093,0.1250000000,3,0,46.34546750
2024-09-20T12:00:00-04:00,2253.09642190,1443.34000000,257.09799369,1995.99842820,3.45200156,1701.95420000,290.59222665,0.1310050671,0.1250000000,3,1,46.34546750
2024-09-20T12:15:00-04:00,2254.71142400,1443.34000000,257.37719580,1997.33422820,3.45200156,1703.29000000,290.59222665,0.1310394991,0.1250000000,3,0,46.34546750
2024-09-20T12:30:00-04:00,2251.26029124,1443.34000000,257.22106304,1994.03922820,3.45200156,1699.99500000,290.59222665,0.1311905201,0.1250000000,3,0,46.34546750
2024-09-20T12:45:00-04:00,2256.44266640,1443.34000000,257.64843819,1998.79422820,3.45200156,1704.75000000,290.59222665,0.1310620752,0.1250000000,3,1,46.34546750
2024-09-20T13:00:00-04:00,2252.79821434,1443.34000000,257.40474864,1995.39346570,0.29963906,1704.50160000,290.59222665,0.1311813083,0.1250000000,4,1,46.39805519
2024-09-20T13:15:00-04:00,2246.80792874,1443.34000000,257.22106304,1989.58686570,0.29963906,1698.69500000,290.59222665,0.1314891107,0.1250000000,4,0,46.39805519
2024-09-20T13:30:00-04:00,2252.25845714,1443.34000000,257.49659144,1994.76186570,0.29963906,1703.87000000,290.59222665,0.1312642219,0.1250000000,4,0,46.39805519
2024-09-20T13:45:00-04:00,2252.11854301,1443.34000000,257.25167731,1994.86686570,0.29963906,1703.97500000,290.59222665,0.1311487259,0.1250000000,4,0,46.39805519
2024-09-20T14:00:00-04:00,2248.77982902,1443.34000000,256.79246332,1991.98736570,0.29963906,1701.09550000,290.59222665,0.1311378251,0.1250000000,4,0,46.39805519
2024-09-20T14:15:00-04:00,2249.92013484,1443.34000000,256.63326913,1993.28686570,0.29963906,1702.39500000,290.59222665,0.1309802550,0.1250000000,4,0,46.39805519
2024-09-20T14:30:00-04:00,2250.90625769,1443.34000000,256.63939199,1994.26686570,0.29963906,1703.37500000,290.59222665,0.1309174897,0.1250000000,4,1,36.10172314
2024-09-20T14:45:00-04:00,2256.45924315,1443.34000000,257.03737744,1999.42186570,0.29963906,1708.53000000,290.59222665,0.1307501348,0.1250000000,4,1,36.10172314
2024-09-20T15:00:00-04:00,2261.70559122,1443.34000000,257.36372552,2004.34186570,0.29963906,1713.45000000,290.59222665,0.1305676934,0.1250000000,4,2,36.10172314
2024-09-20T15:15:00-04:00,2270.67565728,1443.34000000,257.28229157,2013.39336570,0.29963906,1722.50150000,290.59222665,0.1299350763,0.1250000000,4,2,36.10172314
2024-09-20T15:30:00-04:00,2272.91451195,1443.34000000,258.01764624,2014.89686570,0.29963906,1724.00500000,290.59222665,0.1301592825,0.1250000000,4,1,36.10172314
2024-09-20T15:45:00-04:00,2277.10284287,1443.34000000,257.46597717,2019.63686570,0.29963906,1728.74500000,290.59222665,0.1296071489,0.1250000000,4,2,36.10172314
2024-09-23T09:30:00-04:00,2281.45520460,1443.34000000,258.22398640,2023.23121820,11.21443618,1713.73300000,298.28378202,0.1302075975,0.1250000000,4,2,43.75496503
2024-09-23T09:45:00-04:00,2287.14431873,1443.34000000,258.46890052,2028.67541820,11.21443618,1719.17720000,298.28378202,0.1299582830,0.1250000000,4,2,43.70237735
2024-09-23T10:00:00-04:00,2286.70846219,1443.34000000,258.41624399,2028.29221820,11.21443618,1718.79400000,298.28378202,0.1299602879,0.1250000000,4,2,43.70237735
2024-09-23T10:15:00-04:00,2297.27013748,1443.34000000,258.62931928,2038.64081820,11.21443618,1729.14260000,298.28378202,0.1293802324,0.1250000000,4,1,43.70237735
2024-09-23T10:30:00-04:00,2292.93734748,1443.34000000,258.62931928,2034.30802820,4.28924618,1731.73500000,298.28378202,0.1296612724,0.1250000000,5,1,43.97389828
2024-09-23T10:45:00-04:00,2292.61734748,1443.34000000,258.62931928,2033.98802820,4.28924618,1731.41500000,298.28378202,0.1296820771,0.1250000000,5,0,43.97389828
2024-09-23T11:00:00-04:00,2291.48836923,1443.34000000,258.47624795,2033.01212128,7.45744095,1727.26160000,298.29308033,0.1296793392,0.1250000000,4,0,43.97389828
2024-09-23T11:15:00-04:00,2297.76148349,1443.34000000,258.50686221,2039.25462128,7.45744095,1733.50410000,298.29308033,0.1292877956,0.1250000000,4,1,43.97389828
2024-09-23T11:30:00-04:00,2298.66903485,1443.34000000,258.75177634,2039.91725851,1.36917817,1740.25500000,298.29308033,0.1293515730,0.1250000000,5,0,44.21296585
2024-09-23T11:45:00-04:00,2303.67886338,1443.34000000,258.81300487,2044.86585851,1.36917817,1745.20360000,298.29308033,0.1290589607,0.1250000000,5,0,44.21296585
2024-09-23T12:00:00-04:00,2303.62940870,1443.34000000,258.54115019,2045.08825851,1.36917817,1745.42600000,298.29308033,0.1289265778,0.1250000000,5,0,31.79567236
2024-09-23T12:15:00-04:00,2303.89143512,1443.34000000,258.32317662,2045.56825851,1.36917817,1745.90600000,298.29308033,0.1288010513,0.1250000000,5,0,31.79567236
2024-09-23T12:30:00-04:00,2302.80820950,1443.34000000,258.18235099,2044.62585851,1.36917817,1744.96360000,298.29308033,0.1288004003,0.1250000000,5,0,31.79567236
2024-09-23T12:45:00-04:00,2304.44338717,1443.34000000,258.24602867,2046.19735851,1.36917817,1746.53510000,298.29308033,0.1287271586,0.1250000000,5,0,31.79567236
2024-09-23T13:00:00-04:00,2300.84714953,1443.34000000,258.13949102,2042.70765851,1.36917817,1743.04540000,298.29308033,0.1289051292,0.1250000000,5,0,31.79567236
2024-09-23T13:15:00-04:00,2298.81359246,1443.34000000,258.01703396,2040.79655851,1.36917817,1741.13430000,298.29308033,0.1289749505,0.1250000000,5,0,31.79567236
2024-09-23T13:30:00-04:00,2299.42090659,1443.34000000,258.26194809,2041.15895851,1.36917817,1741.49670000,298.29308033,0.1290581964,0.1250000000,5,0,31.79567236
2024-09-23T13:45:00-04:00,2304.89304741,1443.34000000,258.32378890,2046.56925851,1.36917817,1746.90700000,298.29308033,0.1287370643,0.1250000000,5,1,31.79567236
2024-09-23T14:00:00-04:00,2302.38627594,1443.34000000,258.38501743,2044.00125851,1.36917817,1744.33900000,298.29308033,0.1289286436,0.1250000000,5,0,31.79567236
2024-09-23T14:15:00-04:00,2302.41912072,1443.34000000,258.50686221,2043.91225851,1.36917817,1744.25000000,298.29308033,0.1289873276,0.1250000000,5,0,31.79567236
2024-09-23T14:30:00-04:00,2303.82423498,1443.34000000,258.53747648,2045.28675851,1.36917817,1745.62450000,298.29308033,0.1289122215,0.1250000000,5,0,31.79567236
2024-09-23T14:45:00-04:00,2302.76534925,1443.34000000,258.56809075,2044.19725851,1.36917817,1744.53500000,298.29308033,0.1289955939,0.1250000000,5,0,31.79567236
2024-09-23T15:00:00-04:00,2301.87476550,1443.34000000,258.62870699,2043.24605851,1.36917817,1743.58380000,298.29308033,0.1290831858,0.1250000000,5,1,31.79567236
2024-09-23T15:15:00-04:00,2306.94062256,1443.34000000,258.75116406,2048.18945851,1.36917817,1748.52720000,298.29308033,0.1288185999,0.1250000000,5,0,31.79567236
2024-09-23T15:30:00-04:00,2301.91912072,1443.34000000,258.50686221,2043.41225851,1.36917817,1743.75000000,298.29308033,0.1290195161,0.1250000000,5,0,31.79567236
2024-09-23T15:45:00-04:00,2308.39719205,1443.34000000,258.65993354,2049.73725851,1.36917817,1750.07500000,298.29308033,0.1286798689,0.1250000000,5,1,31.52415143
2024-09-24T09:30:00-04:00,2321.75340310,1443.34000000,259.24160460,2062.51179851,104.36266177,1655.65000000,302.49913673,0.1283848245,0.1250000000,4,2,31.52415143
2024-09-24T09:45:00-04:00,2317.38164530,1443.34000000,259.14976180,2058.23188351,6.66944677,1749.06330000,302.49913673,0.1286178031,0.1250000000,5,1,33.48899553
2024-09-24T10:00:00-04:00,2298.74328574,1443.34000000,258.50686221,2040.23642352,379.19800037,1355.57450000,305.46392315,0.1296892282,0.1250000000,4,0,33.60505264
2024-09-24T10:15:00-04:00,2292.23085101,1443.34000000,258.07826249,2034.15258852,385.01945518,1343.71500000,305.41813334,0.1298956163,0.1250000000,3,0,33.48899553
2024-09-24T10:30:00-04:00,2294.96497677,1443.34000000,258.00478825,2036.96018852,385.01945518,1346.52260000,305.41813334,0.1296801777,0.1250000000,3,0,33.48899553
2024-09-24T10:45:00-04:00,2304.06559340,1443.34000000,258.81300487,2045.25258852,385.01945518,1354.81500000,305.41813334,0.1294940754,0.1250000000,3,0,33.48899553
2024-09-24T11:00:00-04:00,2308.50175865,1443.34000000,259.09037012,2049.41138852,385.01945518,1358.97380000,305.41813334,0.1293457581,0.1250000000,3,3,33.48899553
2024-09-24T11:15:00-04:00,2310.54009602,1443.34000000,259.28324000,2051.25685602,0.02092268,1745.81780000,305.41813334,0.1293104583,0.1250000000,5,0,42.76668412
2024-09-24T11:30:00-04:00,2320.54731768,1443.34000000,259.36406166,2061.18325602,0.02092268,1755.74420000,305.41813334,0.1287084042,0.1250000000,5,0,42.76668412
2024-09-24T11:45:00-04:00,2326.40224580,1443.34000000,260.06818978,2066.33405602,0.02092268,1760.89500000,305.41813334,0.1286839358,0.1250000000,5,0,42.76668412
2024-09-24T12:00:00-04:00,2331.04397143,1443.34000000,260.20901540,2070.83495602,0.02092268,1765.39590000,305.41813334,0.1284585783,0.1250000000,5,0,11.48160027
2024-09-24T12:15:00-04:00,2324.04893154,1443.34000000,260.03757551,2064.01135602,0.02092268,1758.57230000,305.41813334,0.1288187893,0.1250000000,5,0,11.48160027
2024-09-24T12:30:00-04:00,2324.86917447,1443.34000000,259.91511845,2064.95405602,0.02092268,1759.51500000,305.41813334,0.1287058280,0.1250000000,5,0,11.48160027
2024-09-24T12:45:00-04:00,2321.43357447,1443.34000000,259.91511845,2061.51845602,0.02092268,1756.07940000,305.41813334,0.1289251625,0.1250000000,5,0,11.48160027
2024-09-24T13:00:00-04:00,2322.81040300,1443.34000000,259.97634698,2062.83405602,0.02092268,1757.39500000,305.41813334,0.1288675241,0.1250000000,5,1,11.48160027
2024-09-24T13:15:00-04:00,2322.37426007,1443.34000000,260.09880405,2062.27545602,0.02092268,1756.83640000,305.41813334,0.1289561040,0.1250000000,5,1,11.48160027
2024-09-24T13:30:00-04:00,2324.68022136,1443.34000000,260.31616533,2064.36405602,0.02092268,1758.92500000,305.41813334,0.1289164824,0.1250000000,5,1,11.48160027
2024-09-24T13:45:00-04:00,2319.78756007,1443.34000000,260.09880405,2059.68875602,0.02092268,1754.24970000,305.41813334,0.1291216996,0.1250000000,5,0,11.48160027
2024-09-24T14:00:00-04:00,2318.43917447,1443.34000000,259.91511845,2058.52405602,0.02092268,1753.08500000,305.41813334,0.1291169407,0.1250000000,5,0,11.48160027
2024-09-24T14:15:00-04:00,2317.54434778,1443.34000000,260.09819176,2057.44615602,0.02092268,1752.00710000,305.41813334,0.1292653462,0.1250000000,5,0,11.48160027
2024-09-24T14:30:00-04:00,2317.48372978,1443.34000000,259.91511845,2057.56861133,1253.23542683,489.65500000,314.67818450,0.1297755137,0.1250000000,4,0,11.48160027
2024-09-24T14:45:00-04:00,2316.47925581,1443.34000000,259.87654447,2056.60271133,1253.23542683,488.68910000,314.67818450,0.1298213635,0.1250000000,4,0,11.48160027
2024-09-24T15:00:00-04:00,2315.28734405,1443.34000000,259.94573272,2055.34161133,1253.23542683,487.42800000,314.67818450,0.1299332913,0.1250000000,4,0,11.48160027
2024-09-24T15:15:00-04:00,2316.64557258,1443.34000000,260.00696125,2056.63861133,1253.23542683,488.72500000,314.67818450,0.1298757227,0.1250000000,4,0,11.48160027
2024-09-24T15:30:00-04:00,2315.81588684,1443.34000000,260.03757551,2055.77831133,1253.23542683,487.86470000,314.67818450,0.1299448685,0.1250000000,4,0,11.48160027
2024-09-24T15:45:00-04:00,2313.74495831,1443.34000000,259.97634698,2053.76861133,1253.23542683,485.85500000,314.67818450,0.1300488560,0.1250000000,4,2,11.48160027
2024-09-25T09:30:00-04:00,2332.06672244,1443.34000000,260.22126111,2071.84546133,4.89987683,1752.26740000,314.67818450,0.1289891641,0.1250000000,5,1,32.88652554
2024-09-25T09:45:00-04:00,2341.77792216,1443.34000000,260.64986083,2081.12806133,4.89987683,1761.55000000,314.67818450,0.1285826523,0.1250000000,5,1,32.88652554
2024-09-25T10:00:00-04:00,2335.36970776,1443.34000000,260.83354643,2074.53616133,4.89987683,1754.95810000,314.67818450,0.1290813286,0.1250000000,5,1,32.88652554
2024-09-25T10:15:00-04:00,2325.26407131,1443.34000000,260.65230998,2064.61176133,4.89987683,1745.03370000,314.67818450,0.1296399779,0.1250000000,5,1,32.88652554
2024-09-25T10:30:00-04:00,2330.39886482,1443.34000000,260.95600349,2069.44286133,4.89987683,1749.86480000,314.67818450,0.1294603990,0.1250000000,5,0,32.88652554
2024-09-25T10:45:00-04:00,2327.35433629,1443.34000000,260.89477496,2066.45956133,4.89987683,1746.88150000,314.67818450,0.1296258093,0.1250000000,5,1,32.88652554
2024-09-25T11:00:00-04:00,2333.73110298,1443.34000000,260.77231790,2072.95878508,1.86260058,1756.41800000,314.67818450,0.1291557618,0.1250000000,6,0,32.99644149
2024-09-25T11:15:00-04:00,2336.79433151,1443.34000000,260.83354643,2075.96078508,1.86260058,1759.42000000,314.67818450,0.1289903880,0.1250000000,6,0,32.99644149
2024-09-25T11:30:00-04:00,2339.02453495,1443.34000000,260.82374987,2078.20078508,1.86260058,1761.66000000,314.67818450,0.1288434411,0.1250000000,6,0,32.99644149
2024-09-25T11:45:00-04:00,2338.53162444,1443.34000000,260.61067457,2077.92094987,4.82924660,1758.45500000,314.63670326,0.1287668998,0.1250000000,5,0,32.88652554
2024-09-25T12:00:00-04:00,2338.06898613,1443.34000000,260.64863626,2077.42034987,4.82924660,1757.95440000,314.63670326,0.1288151022,0.1250000000,5,1,32.88652554
2024-09-25T12:15:00-04:00,2338.91409141,1443.34000000,260.88314154,2078.03094987,4.82924660,1758.56500000,314.63670326,0.1288771702,0.1250000000,5,1,32.88652554
2024-09-25T12:30:00-04:00,2333.94581070,1443.34000000,260.64986083,2073.29594987,4.82924660,1753.83000000,314.63670326,0.1290787329,0.1250000000,5,0,30.92168144
2024-09-25T12:45:00-04:00,2330.45212511,1443.34000000,260.46617524,2069.98594987,4.82924660,1750.52000000,314.63670326,0.1292113218,0.1250000000,5,0,30.92168144
2024-09-25T13:00:00-04:00,2326.39212511,1443.34000000,260.46617524,2065.92594987,4.82924660,1746.46000000,314.63670326,0.1294720881,0.1250000000,5,1,30.92168144
2024-09-25T13:15:00-04:00,2320.88774531,1443.34000000,260.58679545,2060.30094987,4.82924660,1740.83500000,314.63670326,0.1298874318,0.1250000000,5,0,30.92168144
2024-09-25T13:30:00-04:00,2321.98589657,1443.34000000,260.40494671,2061.58094987,4.82924660,1742.11500000,314.63670326,0.1297257834,0.1250000000,5,0,30.92168144
2024-09-25T13:45:00-04:00,2314.35458217,1443.34000000,260.58863230,2053.76594987,4.82924660,1734.30000000,314.63670326,0.1303126981,0.1250000000,5,0,30.92168144
2024-09-25T14:00:00-04:00,2318.07999657,1443.34000000,260.40494671,2057.67504987,4.82924660,1738.20910000,314.63670326,0.1299786960,0.1250000000,5,0,30.92168144
2024-09-25T14:15:00-04:00,2317.90648217,1443.34000000,260.58863230,2057.31784987,4.82924660,1737.85190000,314.63670326,0.1300816470,0.1250000000,5,0,30.92168144
2024-09-25T14:30:00-04:00,2319.04572483,1443.34000000,260.89477496,2058.15094987,4.82924660,1738.68500000,314.63670326,0.1301604474,0.1250000000,5,0,30.92168144
2024-09-25T14:45:00-04:00,2325.19826777,1443.34000000,260.77231790,2064.42594987,4.82924660,1744.96000000,314.63670326,0.1297012350,0.1250000000,5,0,30.92168144
2024-09-25T15:00:00-04:00,2335.17203923,1443.34000000,260.71108937,2074.46094987,4.82924660,1754.99500000,314.63670326,0.1290307003,0.1250000000,5,0,30.92168144
2024-09-25T15:15:00-04:00,2332.23718189,1443.34000000,261.01723203,2071.21994987,4.82924660,1751.75400000,314.63670326,0.1293701279,0.1250000000,5,0,30.92168144
2024-09-25T15:30:00-04:00,2331.13731056,1443.34000000,260.86416070,2070.27314987,4.82924660,1750.80720000,314.63670326,0.1293647816,0.1250000000,5,1,30.92168144
2024-09-25T15:45:00-04:00,2335.08430460,1443.34000000,260.83354643,2074.25075817,10.76413306,1748.94000000,314.54662511,0.1290911568,0.1250000000,4,2,30.68261387
2024-09-26T09:30:00-04:00,2356.25581585,1443.34000000,254.68905299,2101.56676286,118.72824350,1666.84500000,315.99351936,0.1248315246,0.1250000000,3,3,0.00000000
2024-09-26T09:45:00-04:00,2353.95249457,1443.34000000,254.71875780,2099.23373677,128.99783679,1654.06000000,316.17589998,0.1249983725,0.1250000000,3,1,9.36733760
2024-09-26T10:00:00-04:00,2348.29113850,1443.34000000,254.71875780,2093.57238070,1.89448072,1775.50200000,316.17589998,0.1253466108,0.1250000000,4,0,14.13214697
2024-09-26T10:15:00-04:00,2329.03711553,1443.34000000,254.03554714,2075.00156839,364.49629467,1397.82640000,312.67887373,0.1259873081,0.1250000000,3,0,4.95025540
2024-09-26T10:30:00-04:00,2333.03677704,1443.34000000,253.79790865,2079.23886839,364.49629467,1402.06370000,312.67887373,0.1256202717,0.1250000000,3,0,4.95025540
2024-09-26T10:45:00-04:00,2321.70718162,1443.34000000,252.25741713,2069.44976449,1746.30178546,6.73000000,316.41797904,0.1257960282,0.1250000000,1,0,0.18544604
2024-09-26T11:00:00-04:00,2322.30770955,1443.34000000,252.78794506,2069.51976449,1746.30178546,6.80000000,316.41797904,0.1260228522,0.1250000000,1,1,0.18544604
2024-09-26T11:15:00-04:00,2332.82642775,1443.34000000,252.78913325,2080.03729449,355.29931546,1408.32000000,316.41797904,0.1253660355,0.1250000000,2,1,44.16254863
2024-09-26T11:30:00-04:00,2376.36553484,1443.34000000,252.81764987,2123.54788497,19.43490593,1787.69500000,316.41797904,0.1227301390,0.1250000000,3,0,5.10845583
2024-09-26T11:45:00-04:00,2381.15197437,1443.34000000,253.67908940,2127.47288497,19.43490593,1791.62000000,316.41797904,0.1228628433,0.1250000000,3,0,5.10845583
2024-09-26T12:00:00-04:00,2366.84130686,1443.34000000,252.94122189,2113.90008497,19.43490593,1778.04720000,316.41797904,0.1233604878,0.1250000000,3,0,4.93472119
2024-09-26T12:15:00-04:00,2366.32945481,1443.34000000,252.91626985,2113.41318497,19.43490593,1777.56030000,316.41797904,0.1233791180,0.1250000000,3,0,4.93031984
2024-09-26T12:30:00-04:00,2373.47560941,1443.34000000,252.87052444,2120.60508497,19.43490593,1784.75220000,316.41797904,0.1229282645,0.1250000000,3,0,4.92300979
2024-09-26T12:45:00-04:00,2368.18716735,1443.34000000,252.89488238,2115.29228497,19.43490593,1779.43940000,316.41797904,0.1232569842,0.1250000000,3,0,4.92300979
2024-09-26T13:00:00-04:00,2367.88233601,1443.34000000,252.94835104,2114.93398497,19.43490593,1779.08110000,316.41797904,0.1233013628,0.1250000000,3,1,4.92300979
2024-09-26T13:15:00-04:00,2354.69380697,1443.34000000,252.66912582,2102.02468115,333.89785197,1453.62220000,314.50462918,0.1238459299,0.1250000000,3,0,0.58611819
2024-09-26T13:30:00-04:00,2360.76661674,1443.34000000,253.05053559,2107.71608115,333.89785197,1459.31360000,314.50462918,0.1236647786,0.1250000000,3,0,0.58611819
2024-09-26T13:45:00-04:00,2359.61567732,1443.34000000,253.16519617,2106.45048115,333.89785197,1458.04800000,314.50462918,0.1237904398,0.1250000000,3,0,0.58611819
2024-09-26T14:00:00-04:00,2371.56493469,1443.34000000,253.53175354,2118.03318115,333.89785197,1469.63070000,314.50462918,0.1232495483,0.1250000000,3,0,0.58611819
2024-09-26T14:15:00-04:00,2386.29619942,1443.34000000,253.85731827,2132.43888115,333.89785197,1484.03640000,314.50462918,0.1225303365,0.1250000000,3,0,0.58611819
2024-09-26T14:30:00-04:00,2405.44554267,1443.34000000,253.76820384,2151.67733883,1779.61266421,25.42740000,346.63727462,0.1232597555,0.1250000000,2,1,0.58611819
2024-09-26T14:45:00-04:00,2405.58392710,1443.34000000,253.85731827,2151.72660883,338.49263421,1466.59670000,346.63727462,0.1232947527,0.1250000000,3,0,47.85653041
2024-09-26T15:00:00-04:00,2424.04363672,1443.34000000,253.91672790,2170.12690883,338.49263421,1484.99700000,346.63727462,0.1222277608,0.1250000000,3,2,47.27041222
2024-09-26T15:15:00-04:00,2418.65321672,1443.34000000,253.91672790,2164.73648883,13.68921421,1804.41000000,346.63727462,0.1225457405,0.1250000000,5,0,54.20604887
2024-09-26T15:30:00-04:00,2404.15289836,1443.34000000,253.85731827,2150.29558009,20.51460893,1783.12590000,346.65507116,0.1233815730,0.1250000000,4,2,54.20604887
2024-09-26T15:45:00-04:00,2413.74716950,1443.34000000,253.67908940,2160.06808009,20.51460893,1792.89840000,346.65507116,0.1227226835,0.1250000000,4,1,54.20604887
2024-09-27T09:30:00-04:00,2501.50293617,1443.34000000,253.88702308,2247.61591309,1522.04178277,344.36510000,381.20903032,0.1197414294,0.1250000000,3,3,1.44753247
2024-09-27T09:45:00-04:00,2543.47678635,1443.34000000,253.97613752,2289.50064884,20.99016362,1886.57070000,381.93978522,0.1174979366,0.1250000000,4,2,60.18886234
2024-09-27T10:00:00-04:00,2589.42653801,1443.34000000,253.79790865,2335.62862936,0.01514414,1953.67370000,381.93978522,0.1149714300,0.1250000000,5,0,7.08949342
2024-09-27T10:15:00-04:00,2606.16530247,1443.34000000,253.73849903,2352.42680344,1605.30774101,326.38270000,420.73636243,0.1161046669,0.1250000000,3,1,5.64196095
2024-09-27T10:30:00-04:00,2596.73954702,1443.34000000,254.00584233,2342.73370469,60.68514226,1861.31220000,420.73636243,0.1167304552,0.1250000000,4,0,53.58665844
2024-09-27T10:45:00-04:00,2584.25441706,1443.34000000,253.85791237,2330.39650469,60.68514226,1848.97500000,420.73636243,0.1173357032,0.1250000000,4,0,53.58665844
2024-09-27T11:00:00-04:00,2595.61729037,1443.34000000,253.61908569,2341.99820469,60.68514226,1860.57670000,420.73636243,0.1166128602,0.1250000000,4,2,53.58665844
2024-09-27T11:15:00-04:00,2596.69296560,1443.34000000,253.44145091,2343.25151469,2.92185226,1919.59330000,420.73636243,0.1164735779,0.1250000000,6,0,55.10689922
2024-09-27T11:30:00-04:00,2600.40917523,1443.34000000,253.50086054,2346.90831469,2.92185226,1923.25010000,420.73636243,0.1163022537,0.1250000000,6,0,55.10689922
2024-09-27T11:45:00-04:00,2599.96761749,1443.34000000,253.14440280,2346.82321469,2.92185226,1923.16500000,420.73636243,0.1161622486,0.1250000000,6,0,55.10689922
2024-09-27T12:00:00-04:00,2598.41055385,1443.34000000,252.78853916,2345.62201469,2.92185226,1921.96380000,420.73636243,0.1160818915,0.1250000000,6,0,55.10689922
2024-09-27T12:15:00-04:00,2600.73820787,1443.34000000,253.08499318,2347.65321469,2.92185226,1923.99500000,420.73636243,0.1160939353,0.1250000000,6,0,53.81048749
2024-09-27T12:30:00-04:00,2596.37385598,1443.34000000,253.38204129,2342.99181469,2.92185226,1919.33360000,420.73636243,0.1164633548,0.1250000000,6,0,53.81048749
2024-09-27T12:45:00-04:00,2593.03360620,1443.34000000,253.45749151,2339.57611469,2.92185226,1915.91790000,420.73636243,0.1166771685,0.1250000000,6,0,53.81048749
2024-09-27T13:00:00-04:00,2589.06643673,1443.34000000,253.26322204,2335.80321469,2.92185226,1912.14500000,420.73636243,0.1168010466,0.1250000000,6,0,53.81048749
2024-09-27T13:15:00-04:00,2586.96907161,1443.34000000,253.14440280,2333.82466881,48.02230566,1865.45000000,420.35236315,0.1168385722,0.1250000000,5,0,52.80621413
2024-09-27T13:30:00-04:00,2588.17526199,1443.34000000,253.08499318,2335.09026881,48.02230566,1866.71560000,420.35236315,0.1167461573,0.1250000000,5,0,52.80621413
2024-09-27T13:45:00-04:00,2600.39523416,1443.34000000,253.53056535,2346.86466881,48.02230566,1878.49000000,420.35236315,0.1162961374,0.1250000000,5,0,52.80621413
2024-09-27T14:00:00-04:00,2604.87721010,1443.34000000,253.38204129,2351.49516881,48.02230566,1883.12050000,420.35236315,0.1159895442,0.1250000000,5,1,52.80621413
2024-09-27T14:15:00-04:00,2598.76859387,1443.34000000,252.78794506,2345.98064881,2.62828566,1923.00000000,420.35236315,0.1160420775,0.1250000000,6,0,54.07023577
2024-09-27T14:30:00-04:00,2599.86681902,1443.34000000,252.90617021,2346.96064881,2.62828566,1923.98000000,420.35236315,0.1160378494,0.1250000000,6,0,54.07023577
2024-09-27T14:45:00-04:00,2603.92887086,1443.34000000,253.26322204,2350.66564881,2.62828566,1927.68500000,420.35236315,0.1159855041,0.1250000000,6,0,54.07023577
2024-09-27T15:00:00-04:00,2605.38246123,1443.34000000,253.20381242,2352.17864881,2.62828566,1929.19800000,420.35236315,0.1158811554,0.1250000000,6,0,54.07023577
2024-09-27T15:15:00-04:00,2604.17682646,1443.34000000,253.02617765,2351.15064881,2.62828566,1928.17000000,420.35236315,0.1158637894,0.1250000000,6,0,50.39388708
2024-09-27T15:30:00-04:00,2605.85214179,1443.34000000,253.02558355,2352.82655824,53.08748920,1879.04500000,420.69406904,0.1157928054,0.1250000000,5,1,50.39388708
2024-09-27T15:45:00-04:00,2606.00971717,1443.34000000,252.96617393,2353.04354324,10.23537420,1922.11410000,420.69406904,0.1157572702,0.1250000000,6,0,51.17334492
2024-09-30T09:30:00-04:00,2779.66125204,1443.34000000,253.14440280,2526.51684924,1952.47559207,89.62400000,484.41725717,0.1102908464,0.1250000000,2,3,0.77945784
2024-09-30T09:45:00-04:00,2758.34357735,1443.34000000,252.72853544,2505.61504191,49.07855930,1972.41930000,484.11718261,0.1111272545,0.1250000000,3,1,87.81670595
2024-09-30T10:00:00-04:00,2762.31813565,1443.34000000,252.55030657,2509.76782907,50.39269473,1975.16500000,484.21013434,0.1108596723,0.1250000000,3,0,89.29595901
2024-09-30T10:15:00-04:00,2769.60604527,1443.34000000,252.60971619,2516.99632907,50.39269473,1982.39350000,484.21013434,0.1105321467,0.1250000000,3,1,89.29595901
2024-09-30T10:30:00-04:00,2779.95152989,1443.34000000,252.66912582,2527.28240407,4.45826973,2038.61400000,484.21013434,0.1100599250,0.1250000000,4,1,90.54437049
2024-09-30T10:45:00-04:00,2746.85782784,1443.34000000,252.72794134,2494.12988650,1.76615216,2008.15360000,484.21013434,0.1116956661,0.1250000000,5,1,90.65282138
2024-09-30T11:00:00-04:00,2750.44607668,1443.34000000,253.00479019,2497.44128650,1.76615216,2011.46500000,484.21013434,0.1116409750,0.1250000000,5,1,90.65282138
2024-09-30T11:15:00-04:00,2718.10689477,1443.34000000,252.96617393,2465.14072084,276.16602924,1707.93000000,481.04469160,0.1130796334,0.1250000000,4,1,82.30114923
2024-09-30T11:30:00-04:00,2686.50352041,1443.34000000,252.72853544,2433.77498497,1631.95500504,350.61760000,451.20237992,0.1130624106,0.1250000000,4,0,6.05351808
2024-09-30T11:45:00-04:00,2687.38649258,1443.34000000,253.17410761,2434.21238497,1631.95500504,351.05500000,451.20237992,0.1132170228,0.1250000000,4,0,6.05351808
2024-09-30T12:00:00-04:00,2687.34748186,1443.34000000,253.14499690,2434.20248497,1631.95500504,351.04510000,451.20237992,0.1132059796,0.1250000000,4,0,6.05351808
2024-09-30T12:15:00-04:00,2687.65729848,1443.34000000,253.17351351,2434.48378497,1631.95500504,351.32640000,451.20237992,0.1132030480,0.1250000000,4,0,6.05351808
2024-09-30T12:30:00-04:00,2688.09278113,1443.34000000,253.16519617,2434.92758497,1631.95500504,351.77020000,451.20237992,0.1131772911,0.1250000000,4,0,6.05351808
2024-09-30T12:45:00-04:00,2687.64585796,1443.34000000,253.31847299,2434.32738497,1631.95500504,351.17000000,451.20237992,0.1132684441,0.1250000000,4,0,6.05351808
2024-09-30T13:00:00-04:00,2686.87565409,1443.34000000,252.93646912,2433.93918497,1631.95500504,350.78180000,451.20237992,0.1131365983,0.1250000000,4,0,6.05351808
2024-09-30T13:15:00-04:00,2686.57165890,1443.34000000,252.96617393,2433.60548497,1631.95500504,350.44810000,451.20237992,0.1131652727,0.1250000000,4,0,6.05351808
2024-09-30T13:30:00-04:00,2686.35689804,1443.34000000,253.02261307,2433.33428497,1631.95500504,350.17690000,451.20237992,0.1132013966,0.1250000000,4,0,5.94506720
2024-09-30T13:45:00-04:00,2687.63990584,1443.34000000,253.13252087,2434.50738497,1631.95500504,351.35000000,451.20237992,0.1131855989,0.1250000000,4,1,5.94506720
2024-09-30T14:00:00-04:00,2650.16920781,1443.34000000,252.82656132,2397.34264649,65.27445579,1881.42500000,450.64319070,0.1149459290,0.1250000000,4,0,59.65993113
2024-09-30T14:15:00-04:00,2650.37605683,1443.34000000,251.95621034,2398.41984649,65.27445579,1882.50220000,450.64319070,0.1145394581,0.1250000000,4,0,59.65993113
2024-09-30T14:30:00-04:00,2661.54275306,1443.34000000,252.55030657,2408.99244649,65.27445579,1893.07480000,450.64319070,0.1142296606,0.1250000000,4,0,59.65993113
2024-09-30T14:45:00-04:00,2658.90758193,1443.34000000,252.72853544,2406.17904649,65.27445579,1890.26140000,450.64319070,0.1144466833,0.1250000000,4,0,59.65993113
2024-09-30T15:00:00-04:00,2647.93775215,1443.34000000,252.31266808,2395.62508407,68.10184697,1876.80060000,450.72263710,0.1148329385,0.1250000000,3,0,59.65993113
2024-09-30T15:15:00-04:00,2634.09920026,1443.34000000,252.60971619,2381.48948407,68.10184697,1862.66500000,450.72263710,0.1156968159,0.1250000000,3,0,59.65993113
2024-09-30T15:30:00-04:00,2631.30821243,1443.34000000,252.84735468,2378.46085775,1642.56149329,306.03000000,429.86936446,0.1148554978,0.1250000000,2,0,4.46581415
2024-09-30T15:45:00-04:00,2632.27112791,1443.34000000,253.56027016,2378.71085775,1642.56149329,306.28000000,429.86936446,0.1151289807,0.1250000000,2,4,4.46581415
2024-10-01T09:30:00-04:00,2601.81167265,1443.34000000,251.68886704,2350.12280561,1625.44562044,304.86000000,419.81718517,0.1153480765,0.1250000000,2,4,4.46581415
2024-10-01T09:45:00-04:00,2630.89305548,1443.34000000,251.24329487,2379.64976061,0.16757544,1959.66500000,419.81718517,0.1136294318,0.1250000000,5,1,48.93129208
2024-10-01T10:00:00-04:00,2612.83045340,1443.34000000,249.99569279,2362.83476061,0.16757544,1942.85000000,419.81718517,0.1139964342,0.1250000000,5,0,4.58018075
2024-10-01T10:15:00-04:00,2604.25357183,1443.34000000,249.16395807,2355.08961376,1822.21133770,111.70890000,421.16937605,0.1141339205,0.1250000000,3,0,1.36277810
2024-10-01T10:30:00-04:00,2605.99493060,1443.34000000,250.14421685,2355.85071376,1822.21133770,112.47000000,421.16937605,0.1144916199,0.1250000000,3,0,1.36277810
2024-10-01T10:45:00-04:00,2606.50455705,1443.34000000,249.90004330,2356.60451376,1822.21133770,113.22380000,421.16937605,0.1143531873,0.1250000000,3,0,1.36277810
2024-10-01T11:00:00-04:00,2605.00512271,1443.34000000,248.86690996,2356.13821276,1867.33814932,68.10500000,420.69506343,0.1139338753,0.1250000000,2,0,0.11436661
2024-10-01T11:15:00-04:00,2605.51980932,1443.34000000,249.40159656,2356.11821276,1867.33814932,68.08500000,420.69506343,0.1141517630,0.1250000000,2,0,0.11436661
2024-10-01T11:30:00-04:00,2607.59908253,1443.34000000,250.47096977,2357.12811276,1867.33814932,69.09490000,420.69506343,0.1145322189,0.1250000000,2,2,0.11436661
2024-10-01T11:45:00-04:00,2609.14485251,1443.34000000,249.93628317,2359.20856934,66.95063090,1869.90670000,422.35123843,0.1142934942,0.1250000000,3,1,70.17013700
2024-10-01T12:00:00-04:00,2634.30722672,1443.34000000,250.11510613,2384.19212059,0.43578215,1961.40510000,422.35123843,0.1130741784,0.1250000000,4,0,72.67001415
2024-10-01T12:15:00-04:00,2627.00143262,1443.34000000,250.11451204,2376.88692059,0.43578215,1954.09990000,422.35123843,0.1134486154,0.1250000000,4,1,72.67001415
2024-10-01T12:30:00-04:00,2605.89313640,1443.34000000,249.52041581,2356.37272059,0.43578215,1933.58570000,422.35123843,0.1142732439,0.1250000000,4,0,72.67001415
2024-10-01T12:45:00-04:00,2611.35948451,1443.34000000,249.81746392,2361.54202059,0.43578215,1938.75500000,422.35123843,0.1141235828,0.1250000000,4,0,72.67001415
2024-10-01T13:00:00-04:00,2585.86920753,1443.34000000,249.34218694,2336.52702059,0.43578215,1913.74000000,422.35123843,0.1152484937,0.1250000000,4,0,72.67001415
2024-10-01T13:15:00-04:00,2599.12415941,1443.34000000,249.04513882,2350.07902059,0.43578215,1927.29200000,422.35123843,0.1144102522,0.1250000000,4,0,72.67001415
2024-10-01T13:30:00-04:00,2618.58448451,1443.34000000,249.81746392,2368.76702059,0.43578215,1945.98000000,422.35123843,0.1137481478,0.1250000000,4,0,72.67001415
2024-10-01T13:45:00-04:00,2628.08503847,1443.34000000,250.76801789,2377.31702059,0.43578215,1954.53000000,422.35123843,0.1136891577,0.1250000000,4,0,72.55564754
2024-10-01T14:00:00-04:00,2646.04852508,1443.34000000,251.30270449,2394.74582059,0.43578215,1971.95880000,422.35123843,0.1130112026,0.1250000000,4,1,72.55564754
2024-10-01T14:15:00-04:00,2666.40784433,1443.34000000,251.42152374,2414.98632059,0.43578215,1992.19930000,422.35123843,0.1120388510,0.1250000000,4,0,72.55564754
2024-10-01T14:30:00-04:00,2669.48064032,1443.34000000,251.53261973,2417.94802059,0.43578215,1995.16100000,422.35123843,0.1119350846,0.1250000000,4,0,72.55564754
2024-10-01T14:45:00-04:00,2672.23351000,1443.34000000,251.39478941,2420.83872059,0.43578215,1998.05170000,422.35123843,0.1117368640,0.1250000000,4,0,72.55564754
2024-10-01T15:00:00-04:00,2673.93378784,1443.34000000,251.35676725,2422.57702059,0.43578215,1999.79000000,422.35123843,0.1116355993,0.1250000000,4,0,72.55564754
2024-10-01T15:15:00-04:00,2680.24082027,1443.34000000,251.27299968,2428.96782059,0.43578215,2006.18080000,422.35123843,0.1112866642,0.1250000000,4,0,72.55564754
2024-10-01T15:30:00-04:00,2680.13253366,1443.34000000,250.73831308,2429.39422059,0.43578215,2006.60720000,422.35123843,0.1110551822,0.1250000000,4,0,70.05577039
2024-10-01T15:45:00-04:00,2694.51094225,1443.34000000,250.17392166,2444.33702059,0.43578215,2021.55000000,422.35123843,0.1101040218,0.1250000000,4,2,0.00000000
2024-10-02T09:30:00-04:00,2995.88027229,1443.34000000,248.98572920,2746.89454309,383.01181440,1791.05000000,572.83272869,0.1027572611,0.1250000000,1,3,70.68381247
2024-10-02T09:45:00-04:00,3006.91966857,1443.34000000,249.96598798,2756.95368059,1.57595190,2182.54500000,572.83272869,0.1026939440,0.1250000000,2,1,80.02884578
2024-10-02T10:00:00-04:00,3001.19583112,1443.34000000,250.35215053,2750.84368059,1.57595190,2176.43500000,572.83272869,0.1030950233,0.1250000000,2,2,80.02884578
2024-10-02T10:15:00-04:00,3007.17392734,1443.34000000,250.94624675,2756.22768059,1.57595190,2181.81900000,572.83272869,0.1030858973,0.1250000000,2,3,80.02884578
2024-10-02T10:30:00-04:00,2998.21933697,1443.34000000,251.00565638,2747.21368059,1.57595190,2172.80500000,572.83272869,0.1034909880,0.1250000000,2,0,80.02884578
2024-10-02T10:45:00-04:00,2979.15400810,1443.34000000,250.82742751,2728.32658059,1.57595190,2153.91790000,572.83272869,0.1042368821,0.1250000000,2,0,80.02884578
2024-10-02T11:00:00-04:00,2968.73594230,1443.34000000,251.34726171,2717.38868059,1.57595190,2142.98000000,572.83272869,0.1049071015,0.1250000000,2,0,80.02884578
2024-10-02T11:15:00-04:00,2992.97676583,1443.34000000,251.18388525,2741.79288059,1.57595190,2167.38420000,572.83272869,0.1037888164,0.1250000000,2,0,80.02884578
2024-10-02T11:30:00-04:00,3004.14020433,1443.34000000,251.42152374,2752.71868059,1.57595190,2178.31000000,572.83272869,0.1034100073,0.1250000000,2,0,80.02884578
2024-10-02T11:45:00-04:00,3011.46020433,1443.34000000,251.42152374,2760.03868059,1.57595190,2185.63000000,572.83272869,0.1030996026,0.1250000000,2,0,80.02884578
2024-10-02T12:00:00-04:00,3019.92387642,1443.34000000,251.70609583,2768.21778059,1.57595190,2193.80910000,572.83272869,0.1028593055,0.1250000000,2,1,80.02884578
2024-10-02T12:15:00-04:00,3026.58275317,1443.34000000,251.69837258,2774.88438059,1.57595190,2200.47570000,572.83272869,0.1025770230,0.1250000000,2,0,80.02884578
2024-10-02T12:30:00-04:00,3026.11230433,1443.34000000,251.42152374,2774.69078059,1.57595190,2200.28210000,572.83272869,0.1024838450,0.1250000000,2,0,80.02884578
2024-10-02T12:45:00-04:00,3018.30492734,1443.34000000,250.94624675,2767.35868059,1.57595190,2192.95000000,572.83272869,0.1026166836,0.1250000000,2,0,80.02884578
2024-10-02T13:00:00-04:00,3016.97610810,1443.34000000,250.82742751,2766.14868059,1.57595190,2191.74000000,572.83272869,0.1026238598,0.1250000000,2,0,80.02884578
2024-10-02T13:15:00-04:00,3018.36433697,1443.34000000,251.00565638,2767.35868059,1.57595190,2192.95000000,572.83272869,0.1026384838,0.1250000000,2,0,80.02884578
2024-10-02T13:30:00-04:00,3017.73513697,1443.34000000,251.00565638,2766.72948059,1.57595190,2192.32080000,572.83272869,0.1026648980,0.1250000000,2,1,80.02884578
2024-10-02T13:45:00-04:00,3018.03380942,1443.34000000,251.28012884,2766.75368059,1.57595190,2192.34500000,572.83272869,0.1027646073,0.1250000000,2,0,80.02884578
2024-10-02T14:00:00-04:00,3017.50861395,1443.34000000,251.48093336,2766.02768059,1.57595190,2191.61900000,572.83272869,0.1028688240,0.1250000000,2,2,80.02884578
2024-10-02T14:15:00-04:00,3016.12256583,1443.34000000,251.18388525,2764.93868059,1.57595190,2190.53000000,572.83272869,0.1028056031,0.1250000000,2,0,80.02884578
2024-10-02T14:30:00-04:00,3042.37697546,1443.34000000,251.24329487,2791.13368059,1.57595190,2216.72500000,572.83272869,0.1017367051,0.1250000000,2,2,80.02884578
2024-10-02T14:45:00-04:00,3042.34928734,1443.34000000,251.40310675,2790.94618059,1.57595190,2216.53750000,572.83272869,0.1018025596,0.1250000000,2,0,80.02884578
2024-10-02T15:00:00-04:00,3035.84020433,1443.34000000,251.42152374,2784.41868059,1.57595190,2210.01000000,572.83272869,0.1020790746,0.1250000000,2,1,80.02884578
2024-10-02T15:15:00-04:00,3042.28295834,1443.34000000,251.71797776,2790.56498059,1.57595190,2216.15630000,572.83272869,0.1019328006,0.1250000000,2,0,80.02884578
2024-10-02T15:30:00-04:00,3044.66725244,1443.34000000,251.71857185,2792.94868059,1.57595190,2218.54000000,572.83272869,0.1018347181,0.1250000000,2,1,80.02884578
2024-10-02T15:45:00-04:00,3061.01433697,1443.34000000,251.00565638,2810.00868059,1.57595190,2235.60000000,572.83272869,0.1008791543,0.1250000000,2,3,80.02884578
2024-10-03T09:30:00-04:00,3020.68711951,1443.34000000,251.39539081,2769.29172869,0.00000000,2196.45900000,572.83272869,0.1027003043,0.1250000000,2,4,80.02884578
2024-10-03T09:45:00-04:00,3014.99337989,1443.34000000,251.54545120,2763.44792869,0.00000000,2190.61520000,572.83272869,0.1030011892,0.1250000000,2,3,80.02884578
2024-10-03T10:00:00-04:00,3037.74893234,1443.34000000,251.33620365,2786.41272869,0.00000000,2213.58000000,572.83272869,0.1019654150,0.1250000000,2,3,70.68381247
2024-10-03T10:15:00-04:00,3028.15699228,1443.34000000,251.09706359,2777.05992869,0.00000000,2204.22720000,572.83272869,0.1022663553,0.1250000000,2,0,70.68381247
2024-10-03T10:30:00-04:00,3012.03529600,1443.34000000,250.59546731,2761.43982869,0.00000000,2188.60710000,572.83272869,0.1027366364,0.1250000000,2,0,70.68381247
2024-10-03T10:45:00-04:00,3014.19815175,1443.34000000,251.38642306,2762.81172869,0.00000000,2189.97900000,572.83272869,0.1029696008,0.1250000000,2,0,70.68381247
2024-10-03T11:00:00-04:00,3012.35610726,1443.34000000,251.03727857,2761.31882869,0.00000000,2188.48610000,572.83272869,0.1029042315,0.1250000000,2,0,70.68381247
2024-10-03T11:15:00-04:00,3016.37864732,1443.34000000,251.27641863,2765.10222869,0.00000000,2192.26950000,572.83272869,0.1028326976,0.1250000000,2,0,70.68381247
2024-10-03T11:30:00-04:00,3014.27285742,1443.34000000,251.63512872,2762.63772869,0.00000000,2189.80500000,572.83272869,0.1030683185,0.1250000000,2,1,70.68381247
2024-10-03T11:45:00-04:00,3022.13807240,1443.34000000,251.57534371,2770.56272869,0.00000000,2197.73000000,572.83272869,0.1027129363,0.1250000000,2,1,70.68381247
2024-10-03T12:00:00-04:00,3039.57174243,1443.34000000,251.69491374,2787.87682869,0.00000000,2215.04410000,572.83272869,0.1020354859,0.1250000000,2,1,70.68381247
2024-10-03T12:15:00-04:00,3054.01742745,1443.34000000,251.75469875,2802.26272869,0.00000000,2229.43000000,572.83272869,0.1014655212,0.1250000000,2,2,70.68381247
2024-10-03T12:30:00-04:00,3045.43479228,1443.34000000,251.09706359,2794.33772869,0.00000000,2221.50500000,572.83272869,0.1015517488,0.1250000000,2,0,70.68381247
2024-10-03T12:45:00-04:00,3037.14331014,1443.34000000,250.73058144,2786.41272869,0.00000000,2213.58000000,572.83272869,0.1017447165,0.1250000000,2,1,70.68381247
2024-10-03T13:00:00-04:00,3045.01629717,1443.34000000,250.67856848,2794.33772869,0.00000000,2221.50500000,572.83272869,0.1013996581,0.1250000000,2,0,70.68381247
2024-10-03T13:15:00-04:00,3045.98000726,1443.34000000,251.03727857,2794.94272869,0.00000000,2222.11000000,572.83272869,0.1015051876,0.1250000000,2,1,70.68381247
2024-10-03T13:30:00-04:00,3031.76565222,1443.34000000,250.85792353,2780.90772869,0.00000000,2208.07500000,572.83272869,0.1020190185,0.1250000000,2,0,70.68381247
2024-10-03T13:45:00-04:00,3039.75342648,1443.34000000,250.92069779,2788.83272869,0.00000000,2216.00000000,572.83272869,0.1017141321,0.1250000000,2,0,70.68381247
2024-10-03T14:00:00-04:00,3039.95968479,1443.34000000,251.12695609,2788.83272869,0.00000000,2216.00000000,572.83272869,0.1017892312,0.1250000000,2,0,70.68381247
2024-10-03T14:15:00-04:00,3019.01950726,1443.34000000,251.03727857,2767.98222869,0.00000000,2195.14950000,572.83272869,0.1026239209,0.1250000000,2,1,70.68381247
2024-10-03T14:30:00-04:00,3015.99695984,1443.34000000,250.93923115,2765.05772869,0.00000000,2192.22500000,572.83272869,0.1027107502,0.1250000000,2,1,70.68381247
2024-10-03T14:45:00-04:00,3015.49000726,1443.34000000,251.03727857,2764.45272869,0.00000000,2191.62000000,572.83272869,0.1027722066,0.1250000000,2,1,70.68381247
2024-10-03T15:00:00-04:00,3015.88575971,1443.34000000,250.82803102,2765.05772869,0.00000000,2192.22500000,572.83272869,0.1026699084,0.1250000000,2,0,70.68381247
2024-10-03T15:15:00-04:00,3017.70195541,1443.34000000,250.82922672,2766.87272869,0.00000000,2194.04000000,572.83272869,0.1025941281,0.1250000000,2,4,70.68381247
2024-10-03T15:30:00-04:00,3016.70000726,1443.34000000,251.03727857,2765.66272869,0.00000000,2192.83000000,572.83272869,0.1027213224,0.1250000000,2,2,70.68381247
2024-10-03T15:45:00-04:00,3017.78328739,1443.34000000,251.51555869,2766.26772869,0.00000000,2193.43500000,572.83272869,0.1028714294,0.1250000000,2,4,70.68381247
2024-10-04T09:30:00-04:00,3027.88752499,1443.34000000,254.23577688,2773.65174811,16.27273007,2177.60000000,579.77901804,0.1038498809,0.1250000000,2,0,82.19012936
2024-10-04T09:45:00-04:00,3027.05757713,1443.34000000,252.83082903,2774.22674811,16.27273007,2178.17500000,579.77901804,0.1033110138,0.1250000000,2,0,82.19012936
2024-10-04T10:00:00-04:00,3010.69815206,1443.34000000,252.53190395,2758.16624811,16.27273007,2162.11450000,579.77901804,0.1038833009,0.1250000000,2,0,82.19012936
2024-10-04T10:15:00-04:00,3011.59981440,1443.34000000,252.51456630,2759.08524811,16.27273007,2163.03350000,579.77901804,0.1038376539,0.1250000000,2,0,82.19012936
2024-10-04T10:30:00-04:00,3014.08257713,1443.34000000,252.83082903,2761.25174811,16.27273007,2165.20000000,579.77901804,0.1038616684,0.1250000000,2,0,82.19012936
2024-10-04T10:45:00-04:00,3030.34400775,1443.34000000,253.26725964,2777.07674811,16.27273007,2181.02500000,579.77901804,0.1033505582,0.1250000000,2,0,82.19012936
2024-10-04T11:00:00-04:00,3047.52607224,1443.34000000,253.24932413,2794.27674811,16.27273007,2198.22500000,579.77901804,0.1026236963,0.1250000000,2,0,82.19012936
2024-10-04T11:15:00-04:00,3033.31300710,1443.34000000,252.71125900,2780.60174811,16.27273007,2184.55000000,579.77901804,0.1029988825,0.1250000000,2,0,82.19012936
2024-10-04T11:30:00-04:00,3042.87336215,1443.34000000,252.89061404,2789.98274811,16.27273007,2193.93100000,579.77901804,0.1026719154,0.1250000000,2,0,82.19012936
2024-10-04T11:45:00-04:00,3043.74328833,1443.34000000,253.21704022,2790.52624811,16.27273007,2194.47450000,579.77901804,0.1027681461,0.1250000000,2,0,82.19012936
2024-10-04T12:00:00-04:00,3042.93150221,1443.34000000,253.12975410,2789.80174811,16.27273007,2193.75000000,579.77901804,0.1027665789,0.1250000000,2,0,82.19012936
2024-10-04T12:15:00-04:00,3033.47360970,1443.34000000,253.09986159,2780.37374811,16.27273007,2184.32200000,579.77901804,0.1031505153,0.1250000000,2,0,82.19012936
2024-10-04T12:30:00-04:00,3029.97935236,1443.34000000,253.72760425,2776.25174811,16.27273007,2180.20000000,579.77901804,0.1035538199,0.1250000000,2,0,82.19012936
2024-10-04T12:45:00-04:00,3029.32016520,1443.34000000,253.66841709,2775.65174811,16.27273007,2179.60000000,579.77901804,0.1035575244,0.1250000000,2,0,82.19012936
2024-10-04T13:00:00-04:00,3031.23994357,1443.34000000,253.56319546,2777.67674811,16.27273007,2181.62500000,579.77901804,0.1034335048,0.1250000000,2,0,82.19012936
2024-10-04T13:15:00-04:00,3025.83478233,1443.34000000,253.60803422,2772.22674811,16.27273007,2176.17500000,579.77901804,0.1036803976,0.1250000000,2,0,82.19012936
2024-10-04T13:30:00-04:00,3029.61413738,1443.34000000,253.78738927,2775.82674811,16.27273007,2179.77500000,579.77901804,0.1035936612,0.1250000000,2,0,82.19012936
2024-10-04T13:45:00-04:00,3019.19309185,1443.34000000,253.46634374,2765.72674811,16.27273007,2169.67500000,579.77901804,0.1039046001,0.1250000000,2,0,82.19012936
2024-10-04T14:00:00-04:00,3034.95780762,1443.34000000,253.15605951,2781.80174811,16.27273007,2185.75000000,579.77901804,0.1031110486,0.1250000000,2,0,82.19012936
2024-10-04T14:15:00-04:00,3034.18042729,1443.34000000,253.42867918,2780.75174811,16.27273007,2184.70000000,579.77901804,0.1032547807,0.1250000000,2,0,82.19012936
2024-10-04T14:30:00-04:00,3034.07499732,1443.34000000,253.54824921,2780.52674811,16.27273007,2184.47500000,579.77901804,0.1033079349,0.1250000000,2,0,82.19012936
2024-10-04T14:45:00-04:00,3035.24289457,1443.34000000,253.96614646,2781.27674811,16.27273007,2185.22500000,579.77901804,0.1034289891,0.1250000000,2,0,82.19012936
2024-10-04T15:00:00-04:00,3048.52881490,1443.34000000,253.87706679,2794.65174811,16.27273007,2198.60000000,579.77901804,0.1028362887,0.1250000000,2,0,82.19012936
2024-10-04T15:15:00-04:00,3058.07284747,1443.34000000,254.14609936,2803.92674811,16.27273007,2207.87500000,579.77901804,0.1025488166,0.1250000000,2,0,82.19012936
2024-10-04T15:30:00-04:00,3050.62773998,1443.34000000,254.17599187,2796.45174811,16.27273007,2200.40000000,579.77901804,0.1028699125,0.1250000000,2,0,82.19012936
2024-10-04T15:45:00-04:00,3075.49677254,1443.34000000,254.44502444,2821.05174811,16.27273007,2225.00000000,579.77901804,0.1019526443,0.1250000000,2,0,82.19012936
2024-10-07T09:30:00-04:00,2991.27220503,1443.34000000,253.51835670,2737.75384833,387.13394821,1775.20000000,575.41990012,0.1049395098,0.1250000000,1,4,70.68381247
2024-10-07T09:45:00-04:00,2997.87939626,1443.34000000,253.42867918,2744.45071708,2.67081696,2166.36000000,575.41990012,0.1046162710,0.1250000000,2,1,83.71756813
2024-10-07T10:00:00-04:00,3004.62249136,1443.34000000,253.84717428,2750.77531708,2.67081696,2172.68460000,575.41990012,0.1044981490,0.1250000000,2,1,83.71756813
2024-10-07T10:15:00-04:00,2988.64724641,1443.34000000,254.02652933,2734.62071708,2.67081696,2156.53000000,575.41990012,0.1052642345,0.1250000000,2,0,83.71756813
2024-10-07T10:30:00-04:00,2994.09143357,1443.34000000,254.08571649,2740.00571708,2.67081696,2161.91500000,575.41990012,0.1050517662,0.1250000000,2,0,83.71756813
2024-10-07T10:45:00-04:00,2980.50625611,1443.34000000,254.05163904,2726.45461708,2.67081696,2148.36390000,575.41990012,0.1056309843,0.1250000000,2,0,83.71756813
2024-10-07T11:00:00-04:00,2953.79924609,1443.34000000,253.74852901,2700.05071708,2.67081696,2121.96000000,575.41990012,0.1066896790,0.1250000000,2,0,83.71756813
2024-10-07T11:15:00-04:00,2948.67953221,1443.34000000,253.83581513,2694.84371708,2.67081696,2116.75300000,575.41990012,0.1069566143,0.1250000000,2,0,83.71756813
2024-10-07T11:30:00-04:00,2960.61267638,1443.34000000,253.90695930,2706.70571708,2.67081696,2128.61500000,575.41990012,0.1064513367,0.1250000000,2,1,83.71756813
2024-10-07T11:45:00-04:00,2955.96038172,1443.34000000,253.87766464,2702.08271708,2.67081696,2123.99200000,575.41990012,0.1066470689,0.1250000000,2,0,83.71756813
2024-10-07T12:00:00-04:00,2945.85172033,1443.34000000,253.66781924,2692.18390109,1765.57418763,377.82500000,548.78471346,0.1058242504,0.1250000000,1,0,13.03375567
2024-10-07T12:15:00-04:00,2949.45039915,1443.34000000,253.95179806,2695.49860109,1765.57418763,381.13970000,548.78471346,0.1057839080,0.1250000000,1,1,13.03375567
2024-10-07T12:30:00-04:00,2946.97912033,1443.34000000,253.66781924,2693.31130109,3.05328763,2141.47330000,548.78471346,0.1057745021,0.1250000000,2,2,36.98935122
2024-10-07T12:45:00-04:00,2953.22551778,1443.34000000,253.48846419,2699.73705359,1.12184013,2149.83050000,548.78471346,0.1054251216,0.1250000000,3,0,37.05549925
2024-10-07T13:00:00-04:00,2964.76072787,1443.34000000,253.84717428,2710.91355359,1.12184013,2161.00700000,548.78471346,0.1050702378,0.1250000000,3,1,37.05549925
2024-10-07T13:15:00-04:00,2958.74415784,1443.34000000,253.72760425,2705.01655359,1.12184013,2155.11000000,548.78471346,0.1052829353,0.1250000000,3,1,37.05549925
2024-10-07T13:30:00-04:00,2970.11405146,1443.34000000,253.78499787,2716.32905359,1.12184013,2166.42250000,548.78471346,0.1048122591,0.1250000000,3,1,37.05549925
2024-10-07T13:45:00-04:00,2974.82174286,1443.34000000,253.78738927,2721.03435359,1.12184013,2171.12780000,548.78471346,0.1046098580,0.1250000000,3,0,37.05549925
2024-10-07T14:00:00-04:00,2967.19829531,1443.34000000,253.57814172,2713.62015359,1.12184013,2163.71360000,548.78471346,0.1048530920,0.1250000000,3,1,37.05549925
2024-10-07T14:15:00-04:00,2962.85811778,1443.34000000,253.48846419,2709.36965359,1.12184013,2159.46310000,548.78471346,0.1050044558,0.1250000000,3,2,37.05549925
2024-10-07T14:30:00-04:00,2948.60248262,1443.34000000,252.83082903,2695.77165359,1.12184013,2145.86510000,548.78471346,0.1053541783,0.1250000000,3,1,37.05549925
2024-10-07T14:45:00-04:00,2925.41298786,1443.34000000,251.93405380,2673.47893406,1747.72924283,386.31100000,539.43869123,0.1055895925,0.1250000000,2,1,13.09990369
2024-10-07T15:00:00-04:00,2938.93549514,1443.34000000,252.17319386,2686.76230128,1.17661005,2146.14700000,539.43869123,0.1050941987,0.1250000000,3,0,55.21759359
2024-10-07T15:15:00-04:00,2939.17276517,1443.34000000,252.29276389,2686.88000128,1.17661005,2146.26470000,539.43869123,0.1051336340,0.1250000000,3,1,55.21759359
2024-10-07T15:30:00-04:00,2964.15021502,1443.34000000,251.69491374,2712.45530128,1.17661005,2171.84000000,539.43869123,0.1038040655,0.1250000000,3,2,55.21759359
2024-10-07T15:45:00-04:00,2970.60457007,1443.34000000,251.87426878,2718.73030128,1.17661005,2178.11500000,539.43869123,0.1036022556,0.1250000000,3,3,55.21759359
2024-10-08T09:30:00-04:00,2913.99058451,1443.34000000,253.20508322,2660.78550128,1.17661005,2120.17020000,539.43869123,0.1066327857,0.1250000000,3,0,55.21759359
2024-10-08T09:45:00-04:00,2900.13154560,1443.34000000,253.96674431,2646.16480128,1.17661005,2105.54950000,539.43869123,0.1075814432,0.1250000000,3,0,55.21759359
2024-10-08T10:00:00-04:00,2910.41171563,1443.34000000,254.08631434,2656.32540128,1.17661005,2115.71010000,539.43869123,0.1071654176,0.1250000000,3,0,55.21759359
2024-10-08T10:15:00-04:00,2902.33420814,1443.34000000,254.11620685,2648.21800128,1.17661005,2107.60270000,539.43869123,0.1075444111,0.1250000000,3,0,55.21759359
2024-10-08T10:30:00-04:00,2887.34889575,1443.34000000,254.56459447,2632.78430128,1.17661005,2092.16900000,539.43869123,0.1084217761,0.1250000000,3,0,55.21759359
2024-10-08T10:45:00-04:00,2905.51364630,1443.34000000,254.57834502,2650.93530128,1.17661005,2110.32000000,539.43869123,0.1075952156,0.1250000000,3,0,55.21759359
2024-10-08T11:00:00-04:00,2898.62412357,1443.34000000,254.44562229,2644.17850128,1.17661005,2103.56320000,539.43869123,0.1078531678,0.1250000000,3,0,55.21759359
2024-10-08T11:15:00-04:00,2894.80143125,1443.34000000,254.58252997,2640.21890128,1.17661005,2099.60360000,539.43869123,0.1080863366,0.1250000000,3,0,55.21759359
2024-10-08T11:30:00-04:00,2903.97946578,1443.34000000,254.68416450,2649.29530128,1.17661005,2108.68000000,539.43869123,0.1077097791,0.1250000000,3,0,55.21759359
2024-10-08T11:45:00-04:00,2902.97212083,1443.34000000,254.86351954,2648.10860128,1.17661005,2107.49330000,539.43869123,0.1078315696,0.1250000000,3,0,55.21759359
2024-10-08T12:00:00-04:00,2895.91816259,1443.34000000,254.71286130,2641.20530128,1.17661005,2100.59000000,539.43869123,0.1080904223,0.1250000000,3,0,55.21759359
2024-10-08T12:15:00-04:00,2896.10770135,1443.34000000,254.75770006,2641.35000128,1.17661005,2100.73470000,539.43869123,0.1081007553,0.1250000000,3,0,55.21759359
2024-10-08T12:30:00-04:00,2897.18435829,1443.34000000,254.71405700,2642.47030128,1.17661005,2101.85500000,539.43869123,0.1080328810,0.1250000000,3,0,55.21759359
2024-10-08T12:45:00-04:00,2889.03365295,1443.34000000,254.74335166,2634.29030128,1.17661005,2093.67500000,539.43869123,0.1084201132,0.1250000000,3,0,55.21759359
2024-10-08T13:00:00-04:00,2874.29373129,1443.34000000,254.64291284,2619.65081845,1722.27864557,374.01500000,523.35717288,0.1083155187,0.1250000000,1,0,13.03375567
2024-10-08T13:15:00-04:00,2874.74294504,1443.34000000,254.44442659,2620.29851845,1722.27864557,374.66270000,523.35717288,0.1082104134,0.1250000000,1,0,13.03375567
2024-10-08T13:30:00-04:00,2876.69562790,1443.34000000,254.50480945,2622.19081845,1722.27864557,376.55500000,523.35717288,0.1081462842,0.1250000000,1,0,13.03375567
2024-10-08T13:45:00-04:00,2876.28601741,1443.34000000,254.73019896,2621.55581845,1722.27864557,375.92000000,523.35717288,0.1082609020,0.1250000000,1,0,13.03375567
2024-10-08T14:00:00-04:00,2876.84509044,1443.34000000,254.65427199,2622.19081845,1722.27864557,376.55500000,523.35717288,0.1082029230,0.1250000000,1,0,13.03375567
2024-10-08T14:15:00-04:00,2874.40672497,1443.34000000,254.75590651,2619.65081845,1722.27864557,374.01500000,523.35717288,0.1083583739,0.1250000000,1,0,13.03375567
2024-10-08T14:30:00-04:00,2875.78433800,1443.34000000,254.86351954,2620.92081845,1722.27864557,375.28500000,523.35717288,0.1083406633,0.1250000000,1,0,13.03375567
2024-10-08T14:45:00-04:00,2875.37652105,1443.34000000,255.09070260,2620.28581845,1722.27864557,374.65000000,523.35717288,0.1084560392,0.1250000000,1,0,13.03375567
2024-10-08T15:00:00-04:00,2874.63390803,1443.34000000,254.98308957,2619.65081845,1722.27864557,374.01500000,523.35717288,0.1084445254,0.1250000000,1,0,13.03375567
2024-10-08T15:15:00-04:00,2874.60521122,1443.34000000,254.95439276,2619.65081845,1722.27864557,374.01500000,523.35717288,0.1084336440,0.1250000000,1,0,13.03375567
2024-10-08T15:30:00-04:00,2873.99890803,1443.34000000,254.98308957,2619.01581845,1722.27864557,373.38000000,523.35717288,0.1084738205,0.1250000000,1,0,13.03375567
2024-10-08T15:45:00-04:00,2875.35858555,1443.34000000,255.07276709,2620.28581845,1722.27864557,374.65000000,523.35717288,0.1084492406,0.1250000000,1,0,13.03375567
2024-10-09T09:30:00-04:00,2888.36476797,1443.34000000,254.74394951,2633.62081845,1722.27864557,387.98500000,523.35717288,0.1077137976,0.1250000000,1,0,13.03375567
2024-10-09T09:45:00-04:00,2885.29973787,1443.34000000,254.75231941,2630.54741845,1722.27864557,384.91160000,523.35717288,0.1078571186,0.1250000000,1,0,13.03375567
2024-10-09T10:00:00-04:00,2888.26603955,1443.34000000,255.28022110,2632.98581845,1722.27864557,387.35000000,523.35717288,0.1079450564,0.1250000000,1,0,13.03375567
2024-10-09T10:15:00-04:00,2883.48735603,1443.34000000,255.58153757,2627.90581845,1722.27864557,382.27000000,523.35717288,0.1082912881,0.1250000000,1,0,13.03375567
2024-10-09T10:30:00-04:00,2882.73218815,1443.34000000,255.46136969,2627.27081845,1722.27864557,381.63500000,523.35717288,0.1082750169,0.1250000000,1,0,13.03375567
2024-10-09T10:45:00-04:00,2886.08654319,1443.34000000,255.64072474,2630.44581845,1722.27864557,384.81000000,523.35717288,0.1081972095,0.1250000000,1,0,13.03375567
2024-10-09T11:00:00-04:00,2888.16778110,1443.34000000,255.88046265,2632.28731845,1722.27864557,386.65150000,523.35717288,0.1082033638,0.1250000000,1,0,13.03375567
2024-10-09T11:15:00-04:00,2892.09329407,1443.34000000,255.93247561,2636.16081845,1722.27864557,390.52500000,523.35717288,0.1080460053,0.1250000000,1,0,13.03375567
2024-10-09T11:30:00-04:00,2897.04151126,1443.34000000,255.92769281,2641.11381845,1722.27864557,395.47800000,523.35717288,0.1078187561,0.1250000000,1,0,13.03375567
2024-10-09T11:45:00-04:00,2895.45302976,1443.34000000,256.11721131,2639.33581845,1722.27864557,393.70000000,523.35717288,0.1079708523,0.1250000000,1,0,13.03375567
2024-10-09T12:00:00-04:00,2891.49595863,1443.34000000,255.97014017,2635.52581845,1722.27864557,389.89000000,523.35717288,0.1080891634,0.1250000000,1,0,13.03375567
2024-10-09T12:15:00-04:00,2886.44525328,1443.34000000,255.99943483,2630.44581845,1722.27864557,384.81000000,523.35717288,0.1083325827,0.1250000000,1,0,13.03375567
2024-10-09T12:30:00-04:00,2883.93634149,1443.34000000,256.03052304,2627.90581845,1722.27864557,382.27000000,523.35717288,0.1084608923,0.1250000000,1,0,13.03375567
2024-10-09T12:45:00-04:00,2885.05568325,1443.34000000,255.87986480,2629.17581845,1722.27864557,383.54000000,523.35717288,0.1083456943,0.1250000000,1,0,13.03375567
2024-10-09T13:00:00-04:00,2884.53965543,1443.34000000,255.99883698,2628.54081845,1722.27864557,382.90500000,523.35717288,0.1084197595,0.1250000000,1,0,13.03375567
2024-10-09T13:15:00-04:00,2884.65922546,1443.34000000,256.11840701,2628.54081845,1722.27864557,382.90500000,523.35717288,0.1084649068,0.1250000000,1,0,13.03375567
2024-10-09T13:30:00-04:00,2883.33063615,1443.34000000,256.05981769,2627.27081845,1722.27864557,381.63500000,523.35717288,0.1085011428,0.1250000000,1,0,13.03375567
2024-10-09T13:45:00-04:00,2884.45057576,1443.34000000,255.90975731,2628.54081845,1722.27864557,382.90500000,523.35717288,0.1083861219,0.1250000000,1,0,13.03375567
2024-10-09T14:00:00-04:00,2883.90525328,1443.34000000,255.99943483,2627.90581845,1722.27864557,382.27000000,523.35717288,0.1084491508,0.1250000000,1,0,13.03375567
2024-10-09T14:15:00-04:00,2884.08460833,1443.34000000,256.17878987,2627.90581845,1722.27864557,382.27000000,523.35717288,0.1085168860,0.1250000000,1,0,13.03375567
2024-10-09T14:30:00-04:00,2884.83917836,1443.34000000,256.29835990,2628.54081845,1722.27864557,382.90500000,523.35717288,0.1085328448,0.1250000000,1,0,13.03375567
2024-10-09T14:45:00-04:00,2882.35896337,1443.34000000,256.35814492,2626.00081845,1722.27864557,380.36500000,523.35717288,0.1086722977,0.1250000000,1,0,13.03375567
2024-10-09T15:00:00-04:00,2882.35836552,1443.34000000,256.35754707,2626.00081845,1722.27864557,380.36500000,523.35717288,0.1086720718,0.1250000000,1,0,13.03375567
2024-10-09T15:15:00-04:00,2881.08597412,1443.34000000,256.35515567,2624.73081845,1722.27864557,379.09500000,523.35717288,0.1087297044,0.1250000000,1,0,13.03375567
2024-10-09T15:30:00-04:00,2879.93793555,1443.34000000,256.47711710,2623.46081845,1722.27864557,377.82500000,523.35717288,0.1088344270,0.1250000000,1,0,13.03375567
2024-10-09T15:45:00-04:00,2878.03353340,1443.34000000,256.47771495,2621.55581845,1722.27864557,375.92000000,523.35717288,0.1089227035,0.1250000000,1,0,13.03375567
2024-10-10T09:30:00-04:00,2870.65458492,1443.34000000,293.47161275,2577.18297217,2058.75136053,0.00000000,518.43161163,0.1247635178,0.1250000000,0,0,0.00000000
2024-10-10T09:45:00-04:00,2870.30908032,1443.34000000,293.12610815,2577.18297217,2058.75136053,0.00000000,518.43161163,0.1246349404,0.1250000000,0,0,0.00000000
2024-10-10T10:00:00-04:00,2870.79278677,1443.34000000,293.60981460,2577.18297217,2058.75136053,0.00000000,518.43161163,0.1248149382,0.1250000000,0,0,0.00000000
2024-10-10T10:15:00-04:00,2870.88676402,1443.34000000,293.70379185,2577.18297217,2058.75136053,0.00000000,518.43161163,0.1248499006,0.1250000000,0,0,0.00000000
2024-10-10T10:30:00-04:00,2870.79278677,1443.34000000,293.60981460,2577.18297217,2058.75136053,0.00000000,518.43161163,0.1248149382,0.1250000000,0,0,0.00000000
2024-10-10T10:45:00-04:00,2870.86188769,1443.34000000,293.67891552,2577.18297217,2058.75136053,0.00000000,518.43161163,0.1248406461,0.1250000000,0,0,0.00000000
2024-10-10T11:00:00-04:00,2871.04569614,1443.34000000,293.86272397,2577.18297217,2058.75136053,0.00000000,518.43161163,0.1249090218,0.1250000000,0,0,0.00000000
2024-10-10T11:15:00-04:00,2871.27994826,1443.34000000,294.09697609,2577.18297217,2058.75136053,0.00000000,518.43161163,0.1249961468,0.1250000000,0,0,0.00000000
2024-10-10T11:30:00-04:00,2871.34559414,1443.34000000,294.16262197,2577.18297217,2058.75136053,0.00000000,518.43161163,0.1250205593,0.1250000000,0,0,0.00000000
2024-10-10T11:45:00-04:00,2871.55289690,1443.34000000,294.36992473,2577.18297217,2058.75136053,0.00000000,518.43161163,0.1250976423,0.1250000000,0,0,0.00000000
2024-10-10T12:00:00-04:00,2871.82930058,1443.34000000,294.64632842,2577.18297217,2058.75136053,0.00000000,518.43161163,0.1252003985,0.1250000000,0,0,0.00000000
2024-10-10T12:15:00-04:00,2871.34628514,1443.34000000,294.16331298,2577.18297217,2058.75136053,0.00000000,518.43161163,0.1250208162,0.1250000000,0,0,0.00000000
2024-10-10T12:30:00-04:00,2871.62199782,1443.34000000,294.43902565,2577.18297217,2058.75136053,0.00000000,518.43161163,0.1251233336,0.1250000000,0,0,0.00000000
2024-10-10T12:45:00-04:00,2871.55289690,1443.34000000,294.36992473,2577.18297217,2058.75136053,0.00000000,518.43161163,0.1250976423,0.1250000000,0,0,0.00000000
2024-10-10T13:00:00-04:00,2871.10166788,1443.34000000,293.91869572,2577.18297217,2058.75136053,0.00000000,518.43161163,0.1249298409,0.1250000000,0,0,0.00000000
2024-10-10T13:15:00-04:00,2871.62199782,1443.34000000,294.43902565,2577.18297217,2058.75136053,0.00000000,518.43161163,0.1251233336,0.1250000000,0,0,0.00000000
2024-10-10T13:30:00-04:00,2871.58744736,1443.34000000,294.40447519,2577.18297217,2058.75136053,0.00000000,518.43161163,0.1251104881,0.1250000000,0,0,0.00000000
2024-10-10T13:45:00-04:00,2871.41469506,1443.34000000,294.23172289,2577.18297217,2058.75136053,0.00000000,518.43161163,0.1250462551,0.1250000000,0,0,0.00000000
2024-10-10T14:00:00-04:00,2871.20739229,1443.34000000,294.02442013,2577.18297217,2058.75136053,0.00000000,518.43161163,0.1249691630,0.1250000000,0,0,0.00000000
2024-10-10T14:15:00-04:00,2871.06919045,1443.34000000,293.88621828,2577.18297217,2058.75136053,0.00000000,518.43161163,0.1249177608,0.1250000000,0,0,0.00000000
2024-10-10T14:30:00-04:00,2871.00008953,1443.34000000,293.81711736,2577.18297217,2058.75136053,0.00000000,518.43161163,0.1248920574,0.1250000000,0,0,0.00000000
2024-10-10T14:45:00-04:00,2871.34559414,1443.34000000,294.16262197,2577.18297217,2058.75136053,0.00000000,518.43161163,0.1250205593,0.1250000000,0,0,0.00000000
2024-10-10T15:00:00-04:00,2871.27649321,1443.34000000,294.09352105,2577.18297217,2058.75136053,0.00000000,518.43161163,0.1249948619,0.1250000000,0,0,0.00000000
2024-10-10T15:15:00-04:00,2871.41054900,1443.34000000,294.22757683,2577.18297217,2058.75136053,0.00000000,518.43161163,0.1250447134,0.1250000000,0,0,0.00000000
2024-10-10T15:30:00-04:00,2871.27649321,1443.34000000,294.09352105,2577.18297217,2058.75136053,0.00000000,518.43161163,0.1249948619,0.1250000000,0,0,0.00000000
2024-10-10T15:45:00-04:00,2871.48379598,1443.34000000,294.30082381,2577.18297217,2058.75136053,0.00000000,518.43161163,0.1250719494,0.1250000000,0,0,0.00000000
2024-10-11T09:30:00-04:00,2872.39271807,1443.34000000,293.59806744,2578.79465063,2060.36303899,0.00000000,518.43161163,0.1247251140,0.1250000000,0,0,0.00000000
2024-10-11T09:45:00-04:00,2872.37751587,1443.34000000,293.58286524,2578.79465063,2060.36303899,0.00000000,518.43161163,0.1247194614,0.1250000000,0,0,0.00000000
2024-10-11T10:00:00-04:00,2873.16457536,1443.34000000,294.36992473,2578.79465063,2060.36303899,0.00000000,518.43161163,0.1250120202,0.1250000000,0,0,0.00000000
2024-10-11T10:15:00-04:00,2873.16457536,1443.34000000,294.36992473,2578.79465063,2060.36303899,0.00000000,518.43161163,0.1250120202,0.1250000000,0,0,0.00000000
2024-10-11T10:30:00-04:00,2873.30070417,1443.34000000,294.50605355,2578.79465063,2060.36303899,0.00000000,518.43161163,0.1250626009,0.1250000000,0,0,0.00000000
2024-10-11T10:45:00-04:00,2873.13002490,1443.34000000,294.33537427,2578.79465063,2060.36303899,0.00000000,518.43161163,0.1249991815,0.1250000000,0,0,0.00000000
2024-10-11T11:00:00-04:00,2873.23367628,1443.34000000,294.43902565,2578.79465063,2060.36303899,0.00000000,518.43161163,0.1250376964,0.1250000000,0,0,0.00000000
2024-10-11T11:15:00-04:00,2873.16457536,1443.34000000,294.36992473,2578.79465063,2060.36303899,0.00000000,518.43161163,0.1250120202,0.1250000000,0,0,0.00000000
2024-10-11T11:30:00-04:00,2873.09547444,1443.34000000,294.30082381,2578.79465063,2060.36303899,0.00000000,518.43161163,0.1249863424,0.1250000000,0,0,0.00000000
2024-10-11T11:45:00-04:00,2873.36427702,1443.34000000,294.56962639,2578.79465063,2060.36303899,0.00000000,518.43161163,0.1250862204,0.1250000000,0,0,0.00000000
2024-10-11T12:00:00-04:00,2873.16457536,1443.34000000,294.36992473,2578.79465063,2060.36303899,0.00000000,518.43161163,0.1250120202,0.1250000000,0,0,0.00000000
2024-10-11T12:15:00-04:00,2873.21985610,1443.34000000,294.42520547,2578.79465063,2060.36303899,0.00000000,518.43161163,0.1250325613,0.1250000000,0,0,0.00000000
2024-10-11T12:30:00-04:00,2872.95727260,1443.34000000,294.16262197,2578.79465063,2060.36303899,0.00000000,518.43161163,0.1249349824,0.1250000000,0,0,0.00000000
2024-10-11T12:45:00-04:00,2873.21225499,1443.34000000,294.41760437,2578.79465063,2060.36303899,0.00000000,518.43161163,0.1250297369,0.1250000000,0,0,0.00000000
2024-10-11T13:00:00-04:00,2873.02637352,1443.34000000,294.23172289,2578.79465063,2060.36303899,0.00000000,518.43161163,0.1249606631,0.1250000000,0,0,0.00000000
2024-10-11T13:15:00-04:00,2873.19912582,1443.34000000,294.40447519,2578.79465063,2060.36303899,0.00000000,518.43161163,0.1250248585,0.1250000000,0,0,0.00000000
2024-10-11T13:30:00-04:00,2873.17563151,1443.34000000,294.38098088,2578.79465063,2060.36303899,0.00000000,518.43161163,0.1250161285,0.1250000000,0,0,0.00000000
2024-10-11T13:45:00-04:00,2873.37187812,1443.34000000,294.57722750,2578.79465063,2060.36303899,0.00000000,518.43161163,0.1250890444,0.1250000000,0,0,0.00000000
2024-10-11T14:00:00-04:00,2873.50386088,1443.34000000,294.70921026,2578.79465063,2060.36303899,0.00000000,518.43161163,0.1251380761,0.1250000000,0,0,0.00000000
2024-10-11T14:15:00-04:00,2873.51007997,1443.34000000,294.71542934,2578.79465063,2060.36303899,0.00000000,518.43161163,0.1251403863,0.1250000000,0,0,0.00000000
2024-10-11T14:30:00-04:00,2873.51007997,1443.34000000,294.71542934,2578.79465063,2060.36303899,0.00000000,518.43161163,0.1251403863,0.1250000000,0,0,0.00000000
2024-10-11T14:45:00-04:00,2873.71738273,1443.34000000,294.92273210,2578.79465063,2060.36303899,0.00000000,518.43161163,0.1252173879,0.1250000000,0,0,0.00000000
2024-10-11T15:00:00-04:00,2873.78648365,1443.34000000,294.99183302,2578.79465063,2060.36303899,0.00000000,518.43161163,0.1252430521,0.1250000000,0,0,0.00000000
2024-10-11T15:15:00-04:00,2873.66486603,1443.34000000,294.87021540,2578.79465063,2060.36303899,0.00000000,518.43161163,0.1251978821,0.1250000000,0,0,0.00000000
2024-10-11T15:30:00-04:00,2873.57918089,1443.34000000,294.78453026,2578.79465063,2060.36303899,0.00000000,518.43161163,0.1251660550,0.1250000000,0,0,0.00000000
2024-10-11T15:45:00-04:00,2873.68283227,1443.34000000,294.88818164,2578.79465063,2060.36303899,0.00000000,518.43161163,0.1252045553,0.1250000000,0,0,0.00000000
2024-10-14T09:30:00-04:00,2875.82496083,1443.34000000,297.03031020,2578.79465063,2060.36303899,0.00000000,518.43161163,0.1259994690,0.1250000000,0,0,0.00000000
2024-10-14T09:45:00-04:00,2876.61823941,1443.34000000,297.82358878,2578.79465063,2060.36303899,0.00000000,518.43161163,0.1262934771,0.1250000000,0,0,0.00000000
2024-10-14T10:00:00-04:00,2876.09445442,1443.34000000,297.29980379,2578.79465063,2060.36303899,0.00000000,518.43161163,0.1260993720,0.1250000000,0,0,0.00000000
2024-10-14T10:15:00-04:00,2876.19119571,1443.34000000,297.39654508,2578.79465063,2060.36303899,0.00000000,518.43161163,0.1261352290,0.1250000000,0,0,0.00000000
2024-10-14T10:30:00-04:00,2876.18774067,1443.34000000,297.39309004,2578.79465063,2060.36303899,0.00000000,518.43161163,0.1261339485,0.1250000000,0,0,0.00000000
2024-10-14T10:45:00-04:00,2875.58310760,1443.34000000,296.78845698,2578.79465063,2060.36303899,0.00000000,518.43161163,0.1259097930,0.1250000000,0,0,0.00000000
2024-10-14T11:00:00-04:00,2875.65289954,1443.34000000,296.85824891,2578.79465063,2060.36303899,0.00000000,518.43161163,0.1259356728,0.1250000000,0,0,0.00000000
2024-10-14T11:15:00-04:00,2875.42763053,1443.34000000,296.63297990,2578.79465063,2060.36303899,0.00000000,518.43161163,0.1258521345,0.1250000000,0,0,0.00000000
2024-10-14T11:30:00-04:00,2875.37580484,1443.34000000,296.58115421,2578.79465063,2060.36303899,0.00000000,518.43161163,0.1258329133,0.1250000000,0,0,0.00000000
2024-10-14T11:45:00-04:00,2875.72130945,1443.34000000,296.92665882,2578.79465063,2060.36303899,0.00000000,518.43161163,0.1259610387,0.1250000000,0,0,0.00000000
2024-10-14T12:00:00-04:00,2875.99702212,1443.34000000,297.20237150,2578.79465063,2060.36303899,0.00000000,518.43161163,0.1260632558,0.1250000000,0,0,0.00000000
2024-10-14T12:15:00-04:00,2876.06681405,1443.34000000,297.27216343,2578.79465063,2060.36303899,0.00000000,518.43161163,0.1260891266,0.1250000000,0,0,0.00000000
2024-10-14T12:30:00-04:00,2876.10136451,1443.34000000,297.30671389,2578.79465063,2060.36303899,0.00000000,518.43161163,0.1261019333,0.1250000000,0,0,0.00000000
2024-10-14T12:45:00-04:00,2875.92930322,1443.34000000,297.13465259,2578.79465063,2060.36303899,0.00000000,518.43161163,0.1260381521,0.1250000000,0,0,0.00000000
2024-10-14T13:00:00-04:00,2876.08063424,1443.34000000,297.28598361,2578.79465063,2060.36303899,0.00000000,518.43161163,0.1260942493,0.1250000000,0,0,0.00000000
2024-10-14T13:15:00-04:00,2876.03917369,1443.34000000,297.24452306,2578.79465063,2060.36303899,0.00000000,518.43161163,0.1260788809,0.1250000000,0,0,0.00000000
2024-10-14T13:30:00-04:00,2876.20501590,1443.34000000,297.41036527,2578.79465063,2060.36303899,0.00000000,518.43161163,0.1261403512,0.1250000000,0,0,0.00000000
2024-10-14T13:45:00-04:00,2876.06750506,1443.34000000,297.27285444,2578.79465063,2060.36303899,0.00000000,518.43161163,0.1260893827,0.1250000000,0,0,0.00000000
2024-10-14T14:00:00-04:00,2876.07096011,1443.34000000,297.27630948,2578.79465063,2060.36303899,0.00000000,518.43161163,0.1260906634,0.1250000000,0,0,0.00000000
2024-10-14T14:15:00-04:00,2876.18221259,1443.34000000,297.38756196,2578.79465063,2060.36303899,0.00000000,518.43161163,0.1261318996,0.1250000000,0,0,0.00000000
2024-10-14T14:30:00-04:00,2876.41231866,1443.34000000,297.61766803,2578.79465063,2060.36303899,0.00000000,518.43161163,0.1262171769,0.1250000000,0,0,0.00000000
2024-10-14T14:45:00-04:00,2876.27480783,1443.34000000,297.48015720,2578.79465063,2060.36303899,0.00000000,518.43161163,0.1261662174,0.1250000000,0,0,0.00000000
2024-10-14T15:00:00-04:00,2876.34321774,1443.34000000,297.54856711,2578.79465063,2060.36303899,0.00000000,518.43161163,0.1261915698,0.1250000000,0,0,0.00000000
2024-10-14T15:15:00-04:00,2876.54982949,1443.34000000,297.75517887,2578.79465063,2060.36303899,0.00000000,518.43161163,0.1262681305,0.1250000000,0,0,0.00000000
2024-10-14T15:30:00-04:00,2876.51597004,1443.34000000,297.72131941,2578.79465063,2060.36303899,0.00000000,518.43161163,0.1262555847,0.1250000000,0,0,0.00000000
2024-10-14T15:45:00-04:00,2876.13591498,1443.34000000,297.34126435,2578.79465063,2060.36303899,0.00000000,518.43161163,0.1261147396,0.1250000000,0,0,0.00000000
2024-10-15T09:30:00-04:00,2876.86147465,1443.34000000,298.06682402,2578.79465063,2060.36303899,0.00000000,518.43161163,0.1263835863,0.1250000000,0,3,0.00000000
2024-10-15T09:45:00-04:00,2891.34975827,1443.34000000,297.96317264,2593.38658563,1.39997399,2073.55500000,518.43161163,0.1255682473,0.1250000000,3,1,37.37963239
2024-10-15T10:00:00-04:00,2877.76684905,1443.34000000,297.27216343,2580.49468563,1.39997399,2060.66310000,518.43161163,0.1259982722,0.1250000000,3,1,37.37963239
2024-10-15T10:15:00-04:00,2859.51343672,1443.34000000,296.49685109,2563.01658563,1.39997399,2043.18500000,518.43161163,0.1266495036,0.1250000000,3,0,37.37963239
2024-10-15T10:30:00-04:00,2835.91800603,1443.34000000,294.78453026,2541.13347577,1995.37606809,41.31010000,504.44730767,0.1264371585,0.1250000000,1,0,1.07032470
2024-10-15T10:45:00-04:00,2836.26443338,1443.34000000,295.03605761,2541.22837577,1995.37606809,41.40500000,504.44730767,0.1265262419,0.1250000000,1,0,1.07032470
2024-10-15T11:00:00-04:00,2836.15520879,1443.34000000,294.99183302,2541.16337577,1995.37606809,41.34000000,504.44730767,0.1265132021,0.1250000000,1,1,1.07032470
2024-10-15T11:15:00-04:00,2826.79947833,1443.34000000,294.95728256,2531.84219577,293.86088809,1733.53400000,504.44730767,0.1270079906,0.1250000000,2,0,53.86310204
2024-10-15T11:30:00-04:00,2827.37592787,1443.34000000,294.92273210,2532.45319577,293.86088809,1734.14500000,504.44730767,0.1269615991,0.1250000000,2,0,53.86310204
2024-10-15T11:45:00-04:00,2822.87812050,1443.34000000,294.36992473,2528.50819577,293.86088809,1730.20000000,504.44730767,0.1269694671,0.1250000000,2,0,53.86310204
2024-10-15T12:00:00-04:00,2839.44562511,1443.34000000,294.71542934,2544.73019577,293.86088809,1746.42200000,504.44730767,0.1262165489,0.1250000000,2,0,53.86310204
2024-10-15T12:15:00-04:00,2823.15862511,1443.34000000,294.71542934,2528.44319577,293.86088809,1730.13500000,504.44730767,0.1271031142,0.1250000000,2,0,53.86310204
2024-10-15T12:30:00-04:00,2824.06862511,1443.34000000,294.71542934,2529.35319577,293.86088809,1731.04500000,504.44730767,0.1270532509,0.1250000000,2,0,52.79277735
2024-10-15T12:45:00-04:00,2815.67119867,1443.34000000,294.53300291,2521.13819577,293.86088809,1722.83000000,504.44730767,0.1274359460,0.1250000000,2,0,52.79277735
2024-10-15T13:00:00-04:00,2807.71892418,1443.34000000,294.64632842,2513.07259577,293.86088809,1714.76440000,504.44730767,0.1279251332,0.1250000000,2,0,52.79277735
2024-10-15T13:15:00-04:00,2795.05581773,1443.34000000,294.16262197,2500.89319577,293.86088809,1702.58500000,504.44730767,0.1284211687,0.1250000000,2,0,52.79277735
2024-10-15T13:30:00-04:00,2800.11780456,1443.34000000,294.82460879,2505.29319577,293.86088809,1706.98500000,504.44730767,0.1284263614,0.1250000000,2,0,52.79277735
2024-10-15T13:45:00-04:00,2797.07525188,1443.34000000,294.39825611,2502.67699577,293.86088809,1704.36880000,504.44730767,0.1284108295,0.1250000000,2,0,52.79277735
2024-10-15T14:00:00-04:00,2799.82767096,1443.34000000,294.40447519,2505.42319577,293.86088809,1707.11500000,504.44730767,0.1282595599,0.1250000000,2,0,52.79277735
2024-10-15T14:15:00-04:00,2796.01672234,1443.34000000,294.50812657,2501.50859577,293.86088809,1703.20040000,504.44730767,0.1285180910,0.1250000000,2,0,52.79277735
2024-10-15T14:30:00-04:00,2799.59682050,1443.34000000,294.36992473,2505.22689577,293.86088809,1706.91870000,504.44730767,0.1282574068,0.1250000000,2,1,52.79277735
2024-10-15T14:45:00-04:00,2787.88903556,1443.34000000,294.09352105,2493.79551452,36.49300684,1952.85520000,504.44730767,0.1287939681,0.1250000000,3,1,56.45115041
2024-10-15T15:00:00-04:00,2782.40968280,1443.34000000,293.54071368,2488.86896912,1667.66750953,336.74500000,484.45645959,0.1277400735,0.1250000000,3,0,4.16598815
2024-10-15T15:15:00-04:00,2782.92037381,1443.34000000,293.54140469,2489.37896912,1667.66750953,337.25500000,484.45645959,0.1277119919,0.1250000000,3,0,4.16598815
2024-10-15T15:30:00-04:00,2782.64304757,1443.34000000,293.67407845,2488.96896912,1667.66750953,336.84500000,484.45645959,0.1277851328,0.1250000000,3,0,4.16598815
2024-10-15T15:45:00-04:00,2784.41696047,1443.34000000,294.05897059,2490.35798989,1710.17151035,294.95000000,485.23647954,0.1278972978,0.1250000000,2,1,4.16598815
2024-10-16T09:30:00-04:00,2792.91318764,1443.34000000,292.98376025,2499.92942739,2010.67794835,0.00000000,489.25147904,0.1271817642,0.1250000000,0,0,0.00000000
2024-10-16T09:45:00-04:00,2792.77913185,1443.34000000,292.84970446,2499.92942739,2010.67794835,0.00000000,489.25147904,0.1271309698,0.1250000000,0,0,0.00000000
2024-10-16T10:00:00-04:00,2793.67744383,1443.34000000,293.74801644,2499.92942739,2010.67794835,0.00000000,489.25147904,0.1274712319,0.1250000000,0,0,0.00000000
2024-10-16T10:15:00-04:00,2794.09204935,1443.34000000,294.16262197,2499.92942739,2010.67794835,0.00000000,489.25147904,0.1276281864,0.1250000000,0,0,0.00000000
2024-10-16T10:30:00-04:00,2793.19373738,1443.34000000,293.26430999,2499.92942739,2010.67794835,0.00000000,489.25147904,0.1272880468,0.1250000000,0,0,0.00000000
2024-10-16T10:45:00-04:00,2793.40104014,1443.34000000,293.47161275,2499.92942739,2010.67794835,0.00000000,489.25147904,0.1273665641,0.1250000000,0,0,0.00000000
2024-10-16T11:00:00-04:00,2793.78109521,1443.34000000,293.85166782,2499.92942739,2010.67794835,0.00000000,489.25147904,0.1275104758,0.1250000000,0,0,0.00000000
2024-10-16T11:15:00-04:00,2793.93104421,1443.34000000,294.00161682,2499.92942739,2010.67794835,0.00000000,489.25147904,0.1275672424,0.1250000000,0,0,0.00000000
2024-10-16T11:30:00-04:00,2793.95384751,1443.34000000,294.02442013,2499.92942739,2010.67794835,0.00000000,489.25147904,0.1275758745,0.1250000000,0,0,0.00000000
2024-10-16T11:45:00-04:00,2793.41762436,1443.34000000,293.48819698,2499.92942739,2010.67794835,0.00000000,489.25147904,0.1273728449,0.1250000000,0,0,0.00000000
2024-10-16T12:00:00-04:00,2793.47014106,1443.34000000,293.54071368,2499.92942739,2010.67794835,0.00000000,489.25147904,0.1273927334,0.1250000000,0,0,0.00000000
2024-10-16T12:15:00-04:00,2793.78109521,1443.34000000,293.85166782,2499.92942739,2010.67794835,0.00000000,489.25147904,0.1275104758,0.1250000000,0,0,0.00000000
2024-10-16T12:30:00-04:00,2793.88267356,1443.34000000,293.95324618,2499.92942739,2010.67794835,0.00000000,489.25147904,0.1275489314,0.1250000000,0,0,0.00000000
2024-10-16T12:45:00-04:00,2794.00567320,1443.34000000,294.07624582,2499.92942739,2010.67794835,0.00000000,489.25147904,0.1275954922,0.1250000000,0,0,0.00000000
2024-10-16T13:00:00-04:00,2794.08928532,1443.34000000,294.15985793,2499.92942739,2010.67794835,0.00000000,489.25147904,0.1276271402,0.1250000000,0,0,0.00000000
2024-10-16T13:15:00-04:00,2794.01949339,1443.34000000,294.09006600,2499.92942739,2010.67794835,0.00000000,489.25147904,0.1276007234,0.1250000000,0,0,0.00000000
2024-10-16T13:30:00-04:00,2793.88543760,1443.34000000,293.95601021,2499.92942739,2010.67794835,0.00000000,489.25147904,0.1275499778,0.1250000000,0,0,0.00000000
2024-10-16T13:45:00-04:00,2794.16045927,1443.34000000,294.23103188,2499.92942739,2010.67794835,0.00000000,489.25147904,0.1276540785,0.1250000000,0,0,0.00000000
2024-10-16T14:00:00-04:00,2794.23025120,1443.34000000,294.30082381,2499.92942739,2010.67794835,0.00000000,489.25147904,0.1276804921,0.1250000000,0,0,0.00000000
2024-10-16T14:15:00-04:00,2794.57575580,1443.34000000,294.64632842,2499.92942739,2010.67794835,0.00000000,489.25147904,0.1278112287,0.1250000000,0,0,0.00000000
2024-10-16T14:30:00-04:00,2794.50389085,1443.34000000,294.57446346,2499.92942739,2010.67794835,0.00000000,489.25147904,0.1277840387,0.1250000000,0,0,0.00000000
2024-10-16T14:45:00-04:00,2794.50665488,1443.34000000,294.57722750,2499.92942739,2010.67794835,0.00000000,489.25147904,0.1277850845,0.1250000000,0,0,0.00000000
2024-10-16T15:00:00-04:00,2794.43617194,1443.34000000,294.50674456,2499.92942739,2010.67794835,0.00000000,489.25147904,0.1277584158,0.1250000000,0,0,0.00000000
2024-10-16T15:15:00-04:00,2794.29935212,1443.34000000,294.36992473,2499.92942739,2010.67794835,0.00000000,489.25147904,0.1277066425,0.1250000000,0,0,0.00000000
2024-10-16T15:30:00-04:00,2794.29935212,1443.34000000,294.36992473,2499.92942739,2010.67794835,0.00000000,489.25147904,0.1277066425,0.1250000000,0,0,0.00000000
2024-10-16T15:45:00-04:00,2794.36845304,1443.34000000,294.43902565,2499.92942739,2010.67794835,0.00000000,489.25147904,0.1277327914,0.1250000000,0,0,0.00000000
2024-10-17T09:30:00-04:00,2793.76847115,1443.34000000,287.06038525,2506.70808591,2017.45660687,0.00000000,489.25147904,0.1245642303,0.1250000000,0,2,0.00000000
2024-10-17T09:45:00-04:00,2770.39687644,1443.34000000,286.85717458,2483.53970186,405.40883377,1591.04000000,487.09086809,0.1256323828,0.1250000000,1,0,21.06903467
2024-10-17T10:00:00-04:00,2765.12580784,1443.34000000,286.25024305,2478.87556478,2000.02078923,0.00000000,478.85477555,0.1252039846,0.1250000000,0,0,0.00000000
2024-10-17T10:15:00-04:00,2765.53087893,1443.34000000,286.65531415,2478.87556478,2000.02078923,0.00000000,478.85477555,0.1253589495,0.1250000000,0,0,0.00000000
2024-10-17T10:30:00-04:00,2765.12580784,1443.34000000,286.25024305,2478.87556478,2000.02078923,0.00000000,478.85477555,0.1252039846,0.1250000000,0,0,0.00000000
2024-10-17T10:45:00-04:00,2765.32834338,1443.34000000,286.45277860,2478.87556478,2000.02078923,0.00000000,478.85477555,0.1252814739,0.1250000000,0,0,0.00000000
2024-10-17T11:00:00-04:00,2765.53087893,1443.34000000,286.65531415,2478.87556478,2000.02078923,0.00000000,478.85477555,0.1253589495,0.1250000000,0,0,0.00000000
2024-10-17T11:15:00-04:00,2765.96970596,1443.34000000,287.09414117,2478.87556478,2000.02078923,0.00000000,478.85477555,0.1255267662,0.1250000000,0,0,0.00000000
2024-10-17T11:30:00-04:00,2766.20599743,1443.34000000,287.33043265,2478.87556478,2000.02078923,0.00000000,478.85477555,0.1256171024,0.1250000000,0,0,0.00000000
2024-10-17T11:45:00-04:00,2766.61106853,1443.34000000,287.73550375,2478.87556478,2000.02078923,0.00000000,478.85477555,0.1257719210,0.1250000000,0,0,0.00000000
2024-10-17T12:00:00-04:00,2766.47604483,1443.34000000,287.60048005,2478.87556478,2000.02078923,0.00000000,478.85477555,0.1257203209,0.1250000000,0,0,0.00000000
2024-10-17T12:15:00-04:00,2766.40853298,1443.34000000,287.53296820,2478.87556478,2000.02078923,0.00000000,478.85477555,0.1256945186,0.1250000000,0,1,0.00000000
2024-10-17T12:30:00-04:00,2763.59867698,1443.34000000,287.53296820,2476.06570878,342.97093323,1654.24000000,478.85477555,0.1258491020,0.1250000000,1,1,24.51325681
2024-10-17T12:45:00-04:00,2764.60809241,1443.34000000,287.06038525,2477.54770716,19.39293161,1979.30000000,478.85477555,0.1255867740,0.1250000000,2,1,28.67133539
2024-10-17T13:00:00-04:00,2765.17761012,1443.34000000,287.38916796,2477.78844216,0.35866661,1998.57500000,478.85477555,0.1256992948,0.1250000000,3,0,29.00518517
2024-10-17T13:15:00-04:00,2764.70187481,1443.34000000,287.33043265,2477.37144216,0.35866661,1998.15800000,478.85477555,0.1256997604,0.1250000000,3,0,29.00518517
2024-10-17T13:30:00-04:00,2765.21641036,1443.34000000,287.53296820,2477.68344216,0.35866661,1998.47000000,478.85477555,0.1257600564,0.1250000000,3,1,29.00518517
2024-10-17T13:45:00-04:00,2765.11887481,1443.34000000,287.33043265,2477.78844216,0.35866661,1998.57500000,478.85477555,0.1256768335,0.1250000000,3,1,29.00518517
2024-10-17T14:00:00-04:00,2754.20865654,1443.34000000,286.51421438,2467.69444216,0.35866661,1988.48100000,478.85477555,0.1259207268,0.1250000000,3,0,29.00518517
2024-10-17T14:15:00-04:00,2752.19236435,1443.34000000,286.13142220,2466.06094216,0.35866661,1986.84750000,478.85477555,0.1258640264,0.1250000000,3,0,29.00518517
2024-10-17T14:30:00-04:00,2737.13661821,1443.34000000,286.31437931,2450.82223890,1641.19379727,340.29660000,469.33184162,0.1262517754,0.1250000000,2,1,4.49192836
2024-10-17T14:45:00-04:00,2735.00890397,1443.34000000,286.78561202,2448.22329195,0.30145032,1978.59000000,469.33184162,0.1265783270,0.1250000000,3,0,38.97536204
2024-10-17T15:00:00-04:00,2738.13284543,1443.34000000,286.59455349,2451.53829195,0.30145032,1981.90500000,469.33184162,0.1263198284,0.1250000000,3,0,38.97536204
2024-10-17T15:15:00-04:00,2733.36353500,1443.34000000,286.25024305,2447.11329195,0.30145032,1977.48000000,469.33184162,0.1264338498,0.1250000000,3,0,38.97536204
2024-10-17T15:30:00-04:00,2737.39654352,1443.34000000,286.01395158,2451.38259195,0.30145032,1981.74930000,469.33184162,0.1261048467,0.1250000000,3,0,38.97536204
2024-10-17T15:45:00-04:00,2734.17348760,1443.34000000,285.98019565,2448.19329195,0.30145032,1978.56000000,469.33184162,0.1262694000,0.1250000000,3,0,38.97536204
2024-10-18T09:30:00-04:00,2778.26970656,1443.34000000,287.73550375,2490.53420281,2.49966119,2018.70270000,469.33184162,0.1246181234,0.1250000000,3,3,38.97536204
2024-10-18T09:45:00-04:00,2791.35972077,1443.34000000,287.53161796,2503.82810281,2.49966119,2031.99660000,469.33184162,0.1238278061,0.1250000000,3,0,4.15807858
2024-10-18T10:00:00-04:00,2806.65916087,1443.34000000,287.60048005,2519.05868082,2006.84071231,19.47000000,492.74796851,0.1242919266,0.1250000000,1,1,0.00000000
2024-10-18T10:15:00-04:00,2806.83081412,1443.34000000,287.26292080,2519.56789332,404.58992481,1622.23000000,492.74796851,0.1241368352,0.1250000000,2,0,23.43257467
2024-10-18T10:30:00-04:00,2800.17769825,1443.34000000,287.59980493,2512.57789332,404.58992481,1615.24000000,492.74796851,0.1246407642,0.1250000000,2,0,23.43257467
2024-10-18T10:45:00-04:00,2796.49622147,1443.34000000,287.44722815,2509.04899332,404.58992481,1611.71110000,492.74796851,0.1247737151,0.1250000000,2,0,23.43257467
2024-10-18T11:00:00-04:00,2794.89690086,1443.34000000,287.66799190,2507.22890896,423.78594271,1590.60000000,492.84296625,0.1249614475,0.1250000000,1,1,23.43257467
2024-10-18T11:15:00-04:00,2795.18009456,1443.34000000,287.80301560,2507.37707896,1.02911271,2013.50500000,492.84296625,0.1250047233,0.1250000000,2,2,39.60379977
2024-10-18T11:30:00-04:00,2792.15126328,1443.34000000,287.46613147,2504.68513181,0.03216556,2011.81000000,492.84296625,0.1250228740,0.1250000000,3,1,39.68580888
2024-10-18T11:45:00-04:00,2792.09987631,1443.34000000,287.39794450,2504.70193181,0.03216556,2011.82680000,492.84296625,0.1249960121,0.1250000000,3,1,39.68580888
2024-10-18T12:00:00-04:00,2794.12456446,1443.34000000,287.33043265,2506.79413181,0.03216556,2013.91900000,492.84296625,0.1248567028,0.1250000000,3,3,39.68580888
2024-10-18T12:15:00-04:00,2797.31839977,1443.34000000,287.38916796,2509.92923181,0.03216556,2017.05410000,492.84296625,0.1247091480,0.1250000000,3,0,39.68580888
2024-10-18T12:30:00-04:00,2802.40623532,1443.34000000,287.59170351,2514.81453181,0.03216556,2021.93940000,492.84296625,0.1245221152,0.1250000000,3,1,39.68580888
2024-10-18T12:45:00-04:00,2798.98687964,1443.34000000,287.70174782,2511.28513181,0.03216556,2018.41000000,492.84296625,0.1247544640,0.1250000000,3,1,39.68580888
2024-10-18T13:00:00-04:00,2801.16704741,1443.34000000,287.80301560,2513.36403181,0.03216556,2020.48890000,492.84296625,0.1246805065,0.1250000000,3,1,39.68580888
2024-10-18T13:15:00-04:00,2798.96561186,1443.34000000,287.60048005,2511.36513181,0.03216556,2018.49000000,492.84296625,0.1247117020,0.1250000000,3,1,39.68580888
2024-10-18T13:30:00-04:00,2800.52812371,1443.34000000,287.66799190,2512.86013181,0.03216556,2019.98500000,492.84296625,0.1246565161,0.1250000000,3,0,39.68580888
2024-10-18T13:45:00-04:00,2801.84937721,1443.34000000,287.53499355,2514.31438366,0.97701467,2020.52500000,492.81236899,0.1245259355,0.1250000000,2,1,39.60379977
2024-10-18T14:00:00-04:00,2810.51737556,1443.34000000,287.66799190,2522.84938366,0.97701467,2029.06000000,492.81236899,0.1241176039,0.1250000000,2,0,39.60379977
2024-10-18T14:15:00-04:00,2809.12315684,1443.34000000,287.70377318,2521.41938366,0.97701467,2027.63000000,492.81236899,0.1242077595,0.1250000000,2,0,39.60379977
2024-10-18T14:30:00-04:00,2802.40239926,1443.34000000,287.80301560,2514.59938366,0.97701467,2020.81000000,492.81236899,0.1246121657,0.1250000000,2,0,39.60379977
2024-10-18T14:45:00-04:00,2800.70991111,1443.34000000,287.87052745,2512.83938366,0.97701467,2019.05000000,492.81236899,0.1247328021,0.1250000000,2,0,39.60379977
2024-10-18T15:00:00-04:00,2791.80049926,1443.34000000,287.80301560,2503.99748366,0.97701467,2010.20810000,492.81236899,0.1251868210,0.1250000000,2,1,39.60379977
2024-10-18T15:15:00-04:00,2793.21991111,1443.34000000,287.87052745,2505.34938366,0.97701467,2011.56000000,492.81236899,0.1251389252,0.1250000000,2,1,39.60379977
2024-10-18T15:30:00-04:00,2805.00361963,1443.34000000,287.63423597,2517.36938366,0.97701467,2023.58000000,492.81236899,0.1243989812,0.1250000000,2,1,39.60379977
2024-10-18T15:45:00-04:00,2801.22484001,1443.34000000,287.46545635,2513.75938366,0.97701467,2019.97000000,492.81236899,0.1245295024,0.1250000000,2,3,39.60379977
2024-10-21T09:30:00-04:00,2866.23149913,1443.34000000,287.80301560,2578.42848354,1631.97363897,436.76000000,509.69484457,0.1221296580,0.1250000000,1,2,0.00000000
2024-10-21T09:45:00-04:00,2898.83613611,1443.34000000,287.85634996,2610.97978615,438.77285470,1659.92000000,512.28693144,0.1206161387,0.1250000000,2,1,91.70019264
2024-10-21T10:00:00-04:00,2961.95769406,1443.34000000,288.00420091,2673.95349315,427.69349011,1740.48000000,505.78000304,0.1172570706,0.1250000000,2,0,5.77639047
2024-10-21T10:15:00-04:00,2986.97266467,1443.34000000,287.83677152,2699.13589315,427.69349011,1765.66240000,505.78000304,0.1160074250,0.1250000000,2,1,5.77639047
2024-10-21T10:30:00-04:00,3010.42261273,1443.34000000,287.46545635,2722.95715638,1724.47654197,431.75000000,566.73061440,0.1176357154,0.1250000000,1,0,19.96360360
2024-10-21T10:45:00-04:00,3014.10383310,1443.34000000,287.29667672,2726.80715638,1724.47654197,435.60000000,566.73061440,0.1173898098,0.1250000000,1,0,19.96360360
2024-10-21T11:00:00-04:00,3010.43251793,1443.34000000,286.92536155,2723.50715638,1724.47654197,432.30000000,566.73061440,0.1174142235,0.1250000000,1,0,19.96360360
2024-10-21T11:15:00-04:00,3005.62744683,1443.34000000,286.52029045,2719.10715638,1724.47654197,427.90000000,566.73061440,0.1174794631,0.1250000000,1,0,19.96360360
2024-10-21T11:30:00-04:00,3016.31454637,1443.34000000,287.08738999,2729.22715638,1724.47654197,438.02000000,566.73061440,0.1171984296,0.1250000000,1,0,19.96360360
2024-10-21T11:45:00-04:00,3017.81763643,1443.34000000,287.60048005,2730.21715638,1724.47654197,439.01000000,566.73061440,0.1173358912,0.1250000000,1,0,19.96360360
2024-10-21T12:00:00-04:00,3022.85261273,1443.34000000,287.46545635,2735.38715638,1724.47654197,444.18000000,566.73061440,0.1170403818,0.1250000000,1,0,19.96360360
2024-10-21T12:15:00-04:00,3022.04012458,1443.34000000,287.53296820,2734.50715638,1724.47654197,443.30000000,566.73061440,0.1171066079,0.1250000000,1,0,19.96360360
2024-10-21T12:30:00-04:00,3017.73321273,1443.34000000,287.46545635,2730.26775638,1724.47654197,439.06060000,566.73061440,0.1172848436,0.1250000000,1,0,19.96360360
2024-10-21T12:45:00-04:00,3018.73143667,1443.34000000,287.74428029,2730.98715638,1724.47654197,439.78000000,566.73061440,0.1173508091,0.1250000000,1,0,19.96360360
2024-10-21T13:00:00-04:00,3019.07768382,1443.34000000,287.87052745,2731.20715638,1724.47654197,440.00000000,566.73061440,0.1173857204,0.1250000000,1,0,19.96360360
2024-10-21T13:15:00-04:00,3018.13017198,1443.34000000,287.80301560,2730.32715638,1724.47654197,439.12000000,566.73061440,0.1174035521,0.1250000000,1,0,19.96360360
2024-10-21T13:30:00-04:00,3024.57768382,1443.34000000,287.87052745,2736.70715638,1724.47654197,445.50000000,566.73061440,0.1171230428,0.1250000000,1,0,19.96360360
2024-10-21T13:45:00-04:00,3025.96249520,1443.34000000,287.93533882,2738.02715638,1724.47654197,446.82000000,566.73061440,0.1170834443,0.1250000000,1,0,19.96360360
2024-10-21T14:00:00-04:00,3025.52519567,1443.34000000,287.93803930,2737.58715638,1724.47654197,446.38000000,566.73061440,0.1171053660,0.1250000000,1,0,19.96360360
2024-10-21T14:15:00-04:00,3028.69017198,1443.34000000,287.80301560,2740.88715638,1724.47654197,449.68000000,566.73061440,0.1168999770,0.1250000000,1,0,19.96360360
2024-10-21T14:30:00-04:00,3034.72614828,1443.34000000,287.66799190,2747.05815638,1724.47654197,455.85100000,566.73061440,0.1165593649,0.1250000000,1,0,0.00000000
2024-10-21T14:45:00-04:00,3030.64514828,1443.34000000,287.66799190,2742.97715638,1724.47654197,451.77000000,566.73061440,0.1167524230,0.1250000000,1,0,0.00000000
2024-10-21T15:00:00-04:00,3034.54519567,1443.34000000,287.93803930,2746.60715638,1724.47654197,455.40000000,566.73061440,0.1166773393,0.1250000000,1,1,0.00000000
2024-10-21T15:15:00-04:00,3026.48952442,1443.34000000,287.93803930,2738.55148513,2.29087072,2169.53000000,566.73061440,0.1170594558,0.1250000000,2,0,52.44348556
2024-10-21T15:30:00-04:00,3052.18171092,1443.34000000,288.00352579,2764.17818513,2.29087072,2195.15670000,566.73061440,0.1158757564,0.1250000000,2,2,52.44348556
2024-10-21T15:45:00-04:00,3049.62553237,1443.34000000,288.41062224,2761.21491013,0.18929572,2194.29500000,566.73061440,0.1161590127,0.1250000000,3,2,52.48667277
2024-10-22T09:30:00-04:00,3018.34974254,1443.34000000,287.19540895,2731.15433359,437.98388649,1720.31680000,572.85364710,0.1174385064,0.1250000000,2,1,52.48667277
2024-10-22T09:45:00-04:00,2984.84289928,1443.34000000,287.06038525,2697.78251403,7.78191741,2117.16350000,572.83709663,0.1190131404,0.1250000000,2,1,60.18121996
2024-10-22T10:00:00-04:00,2965.77683759,1443.34000000,287.39794450,2678.37889309,1696.13923957,429.27000000,552.96965351,0.1191135149,0.1250000000,1,1,7.73773440
2024-10-22T10:15:00-04:00,2967.60599009,1443.34000000,287.39794450,2680.20804559,3.34059207,2123.89780000,552.96965351,0.1190232832,0.1250000000,2,0,74.01737438
2024-10-22T10:30:00-04:00,2993.45116639,1443.34000000,287.26292080,2706.18824559,3.34059207,2149.87800000,552.96965351,0.1177074767,0.1250000000,2,0,74.01737438
2024-10-22T10:45:00-04:00,2977.19029009,1443.34000000,287.39794450,2689.79234559,3.34059207,2133.48210000,552.96965351,0.1185527176,0.1250000000,2,0,74.01737438
2024-10-22T11:00:00-04:00,2945.69477824,1443.34000000,287.33043265,2658.36434559,3.34059207,2102.05410000,552.96965351,0.1200850151,0.1250000000,2,0,74.01737438
2024-10-22T11:15:00-04:00,2931.36819009,1443.34000000,287.39794450,2643.97024559,3.34059207,2087.66000000,552.96965351,0.1208367480,0.1250000000,2,0,74.01737438
2024-10-22T11:30:00-04:00,2934.65409009,1443.34000000,287.39794450,2647.25614559,3.34059207,2090.94590000,552.96965351,0.1206700351,0.1250000000,2,0,74.01737438
2024-10-22T11:45:00-04:00,2923.47194601,1443.34000000,287.43170042,2636.04024559,3.34059207,2079.73000000,552.96965351,0.1212535003,0.1250000000,2,0,74.01737438
2024-10-22T12:00:00-04:00,2912.15469009,1443.34000000,287.39794450,2624.75674559,3.34059207,2068.44650000,552.96965351,0.1218208576,0.1250000000,2,0,74.01737438
2024-10-22T12:15:00-04:00,2919.65457776,1443.34000000,287.32773217,2632.32684559,3.34059207,2076.01660000,552.96965351,0.1214051474,0.1250000000,2,0,74.01737438
2024-10-22T12:30:00-04:00,2914.57992231,1443.34000000,287.29667672,2627.28324559,3.34059207,2070.97300000,552.96965351,0.1216528741,0.1250000000,2,0,74.01737438
2024-10-22T12:45:00-04:00,2920.61467327,1443.34000000,287.72942768,2632.88524559,3.34059207,2076.57500000,552.96965351,0.1215255772,0.1250000000,2,2,74.01737438
2024-10-22T13:00:00-04:00,2928.33160829,1443.34000000,287.73550375,2640.59610454,1.01745102,2086.60900000,552.96965351,0.1211333301,0.1250000000,3,1,74.10309374
2024-10-22T13:15:00-04:00,2901.39299432,1443.34000000,287.83677152,2613.55622280,1651.29139510,434.27000000,527.99482770,0.1212762256,0.1250000000,2,0,7.82345376
2024-10-22T13:30:00-04:00,2901.91018698,1443.34000000,287.93736418,2613.97282280,1651.29139510,434.68660000,527.99482770,0.1212921779,0.1250000000,2,0,7.82345376
2024-10-22T13:45:00-04:00,2900.38277394,1443.34000000,288.00555115,2612.37722280,1651.29139510,433.09100000,527.99482770,0.1213990113,0.1250000000,2,0,7.82345376
2024-10-22T14:00:00-04:00,2898.72132868,1443.34000000,287.89010588,2610.83122280,1651.29139510,431.54500000,527.99482770,0.1214353936,0.1250000000,2,0,7.82345376
2024-10-22T14:15:00-04:00,2900.18796209,1443.34000000,287.93803930,2612.24992280,1651.29139510,432.96370000,527.99482770,0.1213805213,0.1250000000,2,0,7.82345376
2024-10-22T14:30:00-04:00,2899.96693389,1443.34000000,287.91981110,2612.04712280,1651.29139510,432.76090000,527.99482770,0.1213841471,0.1250000000,2,0,7.82345376
2024-10-22T14:45:00-04:00,2899.73326209,1443.34000000,287.93803930,2611.79522280,1651.29139510,432.50900000,527.99482770,0.1214037919,0.1250000000,2,0,7.82345376
2024-10-22T15:00:00-04:00,2901.42926209,1443.34000000,287.93803930,2613.49122280,1651.29139510,434.20500000,527.99482770,0.1213170396,0.1250000000,2,0,7.82345376
2024-10-22T15:15:00-04:00,2901.65301802,1443.34000000,287.97179522,2613.68122280,1651.29139510,434.39500000,527.99482770,0.1213198246,0.1250000000,2,0,7.82345376
2024-10-22T15:30:00-04:00,2903.85973155,1443.34000000,287.94276513,2615.91696642,1653.55947577,434.39500000,527.96249065,0.1211932739,0.1250000000,1,1,7.73773440
2024-10-22T15:45:00-04:00,2906.68460222,1443.34000000,288.00555115,2618.67905107,0.16656042,2090.55000000,527.96249065,0.1210757447,0.1250000000,2,3,57.59822491
2024-10-23T09:30:00-04:00,3000.43340247,1443.34000000,286.52029045,2713.91311202,1715.55534750,433.98500000,564.37276452,0.1176162391,0.1250000000,1,1,7.73773440
2024-10-23T09:45:00-04:00,3007.39975117,1443.34000000,286.65531415,2720.74443702,89.43667250,2066.93500000,564.37276452,0.1173361227,0.1250000000,2,1,34.13894031
2024-10-23T10:00:00-04:00,3005.52706085,1443.34000000,286.16922883,2719.35783202,2.43146750,2152.55360000,564.37276452,0.1172270140,0.1250000000,3,0,36.88198862
2024-10-23T10:15:00-04:00,3020.48839356,1443.34000000,286.35556154,2734.13283202,2.43146750,2167.32860000,564.37276452,0.1165887950,0.1250000000,3,0,34.13894031
2024-10-23T10:30:00-04:00,3029.04655565,1443.34000000,286.70932363,2742.33723202,2.43146750,2175.53300000,564.37276452,0.1163274932,0.1250000000,3,1,34.13894031
2024-10-23T10:45:00-04:00,3006.94578142,1443.34000000,286.25024305,2720.69553837,87.53213642,2068.57500000,564.58840194,0.1172024395,0.1250000000,3,0,34.30280779
2024-10-23T11:00:00-04:00,2996.72512737,1443.34000000,285.37258901,2711.35253837,87.53213642,2059.23200000,564.58840194,0.1173341063,0.1250000000,3,0,34.30280779
2024-10-23T11:15:00-04:00,2984.99937997,1443.34000000,285.10254161,2699.89683837,87.53213642,2047.77630000,564.58840194,0.1177909637,0.1250000000,3,0,34.30280779
2024-10-23T11:30:00-04:00,2984.38563922,1443.34000000,285.44010085,2698.94553837,87.53213642,2046.82500000,564.58840194,0.1179603384,0.1250000000,3,0,34.30280779
2024-10-23T11:45:00-04:00,2980.68786944,1443.34000000,285.73107693,2694.95679251,89.69960646,2040.73000000,564.52718605,0.1182583091,0.1250000000,2,0,34.13894031
2024-10-23T12:00:00-04:00,2977.03368270,1443.34000000,285.23689019,2691.79679251,89.69960646,2037.57000000,564.52718605,0.1182325895,0.1250000000,2,0,34.13894031
2024-10-23T12:15:00-04:00,2968.96216302,1443.34000000,284.69747051,2684.26469251,89.69960646,2030.03790000,564.52718605,0.1184051443,0.1250000000,2,0,34.13894031
2024-10-23T12:30:00-04:00,2969.43677487,1443.34000000,284.76498236,2684.67179251,89.69960646,2030.44500000,564.52718605,0.1184098495,0.1250000000,2,0,34.13894031
2024-10-23T12:45:00-04:00,2968.67755117,1443.34000000,284.62995866,2684.04759251,89.69960646,2029.82080000,564.52718605,0.1183910802,0.1250000000,2,0,34.13894031
2024-10-23T13:00:00-04:00,2960.44595664,1443.34000000,283.48225721,2676.96369943,2125.62965208,0.00000000,551.33404735,0.1176708546,0.1250000000,0,0,0.00000000
2024-10-23T13:15:00-04:00,2960.44595664,1443.34000000,283.48225721,2676.96369943,2125.62965208,0.00000000,551.33404735,0.1176708546,0.1250000000,0,0,0.00000000
2024-10-23T13:30:00-04:00,2960.04088554,1443.34000000,283.07718611,2676.96369943,2125.62965208,0.00000000,551.33404735,0.1175224737,0.1250000000,0,0,0.00000000
2024-10-23T13:45:00-04:00,2959.70332629,1443.34000000,282.73962686,2676.96369943,2125.62965208,0.00000000,551.33404735,0.1173987849,0.1250000000,0,0,0.00000000
2024-10-23T14:00:00-04:00,2959.29825519,1443.34000000,282.33455577,2676.96369943,2125.62965208,0.00000000,551.33404735,0.1172503125,0.1250000000,0,0,0.00000000
2024-10-23T14:15:00-04:00,2959.60205852,1443.34000000,282.63835909,2676.96369943,2125.62965208,0.00000000,551.33404735,0.1173616714,0.1250000000,0,0,0.00000000
2024-10-23T14:30:00-04:00,2960.27717702,1443.34000000,283.31347759,2676.96369943,2125.62965208,0.00000000,551.33404735,0.1176090353,0.1250000000,0,0,0.00000000
2024-10-23T14:45:00-04:00,2960.24814692,1443.34000000,283.28444749,2676.96369943,2125.62965208,0.00000000,551.33404735,0.1175984015,0.1250000000,0,0,0.00000000
2024-10-23T15:00:00-04:00,2960.10839739,1443.34000000,283.14469796,2676.96369943,2125.62965208,0.00000000,551.33404735,0.1175472073,0.1250000000,0,0,0.00000000
2024-10-23T15:15:00-04:00,2960.51346849,1443.34000000,283.54976906,2676.96369943,2125.62965208,0.00000000,551.33404735,0.1176955799,0.1250000000,0,1,0.00000000
2024-10-23T15:30:00-04:00,2947.01387894,1443.34000000,284.02235201,2662.99152693,349.66867958,1761.98880000,551.33404735,0.1185560559,0.1250000000,1,1,53.75737444
2024-10-23T15:45:00-04:00,2939.31623184,1443.34000000,284.02235201,2655.29387983,0.54423248,2103.41560000,551.33404735,0.1189382207,0.1250000000,2,3,86.00361027
2024-10-24T09:30:00-04:00,2986.90792734,1443.34000000,284.42404752,2702.48387983,0.54423248,2150.60560000,551.33404735,0.1167790679,0.1250000000,2,4,86.00361027
2024-10-24T09:45:00-04:00,3025.84436406,1443.34000000,283.92108423,2741.92327983,0.54423248,2190.04500000,551.33404735,0.1147382908,0.1250000000,2,3,86.00361027
2024-10-24T10:00:00-04:00,3021.70485554,1443.34000000,284.15737571,2737.54747983,0.54423248,2185.66920000,551.33404735,0.1150262037,0.1250000000,2,2,86.00361027
2024-10-24T10:15:00-04:00,3021.16943184,1443.34000000,284.02235201,2737.14707983,0.54423248,2185.26880000,551.33404735,0.1149964705,0.1250000000,2,1,86.00361027
2024-10-24T10:30:00-04:00,3030.61210294,1443.34000000,284.42742311,2746.18467983,0.54423248,2194.30640000,551.33404735,0.1147218734,0.1250000000,2,0,32.24623583
2024-10-24T10:45:00-04:00,3007.64960814,1443.34000000,283.88732831,2723.76227983,0.54423248,2171.88400000,551.33404735,0.1155744534,0.1250000000,2,0,32.24623583
2024-10-24T11:00:00-04:00,2987.19368232,1443.34000000,284.45240249,2702.74127983,0.54423248,2150.86300000,551.33404735,0.1167770090,0.1250000000,2,0,32.24623583
2024-10-24T11:15:00-04:00,2986.59019677,1443.34000000,284.39231695,2702.19787983,0.54423248,2150.31960000,551.33404735,0.1167812745,0.1250000000,2,1,32.24623583
2024-10-24T11:30:00-04:00,2965.23814369,1443.34000000,284.08986386,2681.14827983,0.54423248,2129.27000000,551.33404735,0.1176889605,0.1250000000,2,1,32.24623583
2024-10-24T11:45:00-04:00,2988.89925625,1443.34000000,284.28902382,2704.61023244,329.20382605,1836.09140000,539.31500638,0.1160560303,0.1250000000,1,0,0.00000000
2024-10-24T12:00:00-04:00,2973.69686784,1443.34000000,283.35803541,2690.33883244,329.20382605,1821.82000000,539.31500638,0.1163983514,0.1250000000,1,0,0.00000000
2024-10-24T12:15:00-04:00,2972.99869630,1443.34000000,284.08986386,2688.90883244,329.20382605,1820.39000000,539.31500638,0.1167324517,0.1250000000,1,0,0.00000000
2024-10-24T12:30:00-04:00,2981.71372000,1443.34000000,284.22488756,2697.48883244,329.20382605,1828.97000000,539.31500638,0.1163712075,0.1250000000,1,0,0.00000000
2024-10-24T12:45:00-04:00,2979.19127924,1443.34000000,284.56244681,2694.62883244,329.20382605,1826.11000000,539.31500638,0.1166298677,0.1250000000,1,0,0.00000000
2024-10-24T13:00:00-04:00,2957.94381479,1443.34000000,284.76498236,2673.17883244,329.20382605,1804.66000000,539.31500638,0.1177381917,0.1250000000,1,0,0.00000000
2024-10-24T13:15:00-04:00,2956.25726976,1443.34000000,284.50843733,2671.74883244,329.20382605,1803.23000000,539.31500638,0.1177142051,0.1250000000,1,0,0.00000000
2024-10-24T13:30:00-04:00,2977.96381479,1443.34000000,284.76498236,2693.19883244,329.20382605,1824.68000000,539.31500638,0.1167716243,0.1250000000,1,2,0.00000000
2024-10-24T13:45:00-04:00,2971.37643460,1443.34000000,284.48615842,2686.89027619,1.28306980,2146.29220000,539.31500638,0.1169732619,0.1250000000,2,0,7.93216261
2024-10-24T14:00:00-04:00,2968.55969929,1443.34000000,284.42742311,2684.13227619,1.28306980,2143.53420000,539.31500638,0.1170847152,0.1250000000,2,0,7.93216261
2024-10-24T14:15:00-04:00,2964.80305854,1443.34000000,284.76498236,2680.03807619,1.28306980,2139.44000000,539.31500638,0.1174052299,0.1250000000,2,0,7.93216261
2024-10-24T14:30:00-04:00,2950.15544103,1443.34000000,284.47333117,2665.68210986,1793.64802084,323.08500000,548.94908902,0.1184710056,0.1250000000,1,0,7.93216261
2024-10-24T14:45:00-04:00,2948.45955667,1443.34000000,284.56244681,2663.89710986,1793.64802084,321.30000000,548.94908902,0.1185918756,0.1250000000,1,0,7.93216261
2024-10-24T15:00:00-04:00,2949.62962777,1443.34000000,284.96751791,2664.66210986,1793.64802084,322.06500000,548.94908902,0.1187028067,0.1250000000,1,0,7.93216261
2024-10-24T15:15:00-04:00,2950.52627587,1443.34000000,285.09916601,2665.42710986,1793.64802084,322.83000000,548.94908902,0.1187133054,0.1250000000,1,1,7.93216261
2024-10-24T15:30:00-04:00,2972.65584806,1443.34000000,285.03502976,2687.62081831,348.57042629,1793.12500000,545.92539202,0.1174564027,0.1250000000,1,1,50.25010487
2024-10-24T15:45:00-04:00,2975.07454666,1443.34000000,285.03502976,2690.03951691,0.17412489,2143.94000000,545.92539202,0.1173394516,0.1250000000,2,2,53.98849609
2024-10-25T09:30:00-04:00,2962.47613246,1443.34000000,287.61533265,2674.86079980,354.51775306,1771.75000000,548.59304674,0.1191504818,0.1250000000,1,5,50.25010487
2024-10-25T09:45:00-04:00,2968.97614917,1443.34000000,287.85297437,2681.12317480,0.75262806,2131.77750000,548.59304674,0.1189286829,0.1250000000,4,0,55.91647527
2024-10-25T10:00:00-04:00,2986.73985367,1443.34000000,287.73617887,2699.00367480,0.75262806,2149.65800000,548.59304674,0.1180142960,0.1250000000,4,1,55.91647527
2024-10-25T10:15:00-04:00,3010.07757097,1443.34000000,287.97719617,2722.10037480,0.75262806,2172.75470000,548.59304674,0.1169932995,0.1250000000,4,1,55.91647527
2024-10-25T10:30:00-04:00,2982.96228803,1443.34000000,287.78951323,2695.17277480,0.75262806,2145.82710000,548.59304674,0.1182193352,0.1250000000,4,0,55.91647527
2024-10-25T10:45:00-04:00,3003.05371410,1443.34000000,287.93803930,2715.11567480,0.75262806,2165.77000000,548.59304674,0.1173121424,0.1250000000,4,0,55.42545679
2024-10-25T11:00:00-04:00,3026.07681647,1443.34000000,287.95154167,2738.12527480,0.75262806,2188.77960000,548.59304674,0.1162274180,0.1250000000,4,1,5.17473238
2024-10-25T11:15:00-04:00,3008.79195933,1443.34000000,287.66799190,2721.12396744,27.19598745,2145.26820000,548.65977999,0.1169319252,0.1250000000,3,0,5.17473238
2024-10-25T11:30:00-04:00,2997.60378303,1443.34000000,287.80301560,2709.80076744,27.19598745,2133.94500000,548.65977999,0.1175212725,0.1250000000,3,0,5.17473238
2024-10-25T11:45:00-04:00,2971.92197327,1443.34000000,287.80301560,2684.11895767,1804.55780798,325.31500000,554.24614969,0.1190411935,0.1250000000,2,0,5.17473238
2024-10-25T12:00:00-04:00,2972.57752919,1443.34000000,287.83677152,2684.74075767,1804.55780798,325.93680000,554.24614969,0.1190228825,0.1250000000,2,0,5.17473238
2024-10-25T12:15:00-04:00,2973.85699697,1443.34000000,287.93803930,2685.91895767,1804.55780798,327.11500000,554.24614969,0.1190017972,0.1250000000,2,0,5.17353421
2024-10-25T12:30:00-04:00,2973.69450882,1443.34000000,288.00555115,2685.68895767,1804.55780798,326.88500000,554.24614969,0.1190376931,0.1250000000,2,1,5.17200879
2024-10-25T12:45:00-04:00,2970.96681762,1443.34000000,287.87052745,2683.09629017,26.33514048,2102.51500000,554.24614969,0.1191161773,0.1250000000,3,0,51.35174551
2024-10-25T13:00:00-04:00,2972.90838749,1443.34000000,287.87052745,2685.03786004,28.52358723,2102.27000000,554.24427281,0.1190204649,0.1250000000,2,1,51.34831404
2024-10-25T13:15:00-04:00,2956.99462759,1443.34000000,287.60048005,2669.39414754,1.15307473,2113.99680000,554.24427281,0.1196963636,0.1250000000,3,0,52.70583063
2024-10-25T13:30:00-04:00,2957.27640909,1443.34000000,286.92536155,2670.35104754,1.15307473,2114.95370000,554.24427281,0.1194013835,0.1250000000,3,0,52.70583063
2024-10-25T13:45:00-04:00,2950.82275649,1443.34000000,287.19540895,2663.62734754,1.15307473,2108.23000000,554.24427281,0.1198355952,0.1250000000,3,0,52.70583063
2024-10-25T14:00:00-04:00,2948.37403327,1443.34000000,286.73632837,2661.63770490,322.98972636,1786.40470000,552.24327854,0.1196663946,0.1250000000,2,0,47.53779477
2024-10-25T14:15:00-04:00,2945.02693992,1443.34000000,287.34393502,2657.68300490,322.98972636,1782.45000000,552.24327854,0.1200877203,0.1250000000,2,0,47.53779477
2024-10-25T14:30:00-04:00,2948.93941186,1443.34000000,287.26292080,2661.67649107,349.49271227,1760.45000000,551.73377879,0.1198324069,0.1250000000,1,0,46.18027818
2024-10-25T14:45:00-04:00,2946.46945926,1443.34000000,287.53296820,2658.93649107,349.49271227,1757.71000000,551.73377879,0.1200687702,0.1250000000,1,0,46.18027818
2024-10-25T15:00:00-04:00,2936.47978911,1443.34000000,287.13329805,2649.34649107,349.49271227,1748.12000000,551.73377879,0.1204041423,0.1250000000,1,0,46.18027818
2024-10-25T15:15:00-04:00,2945.99687632,1443.34000000,287.06038525,2658.93649107,349.49271227,1757.71000000,551.73377879,0.1198950882,0.1250000000,1,0,46.18027818
2024-10-25T15:30:00-04:00,2947.70443556,1443.34000000,287.39794450,2660.30649107,349.49271227,1759.08000000,551.73377879,0.1199505276,0.1250000000,1,0,46.18027818
2024-10-25T15:45:00-04:00,2952.98190001,1443.34000000,287.19540895,2665.78649107,349.49271227,1764.56000000,551.73377879,0.1196025544,0.1250000000,1,3,46.18027818
2024-10-28T09:30:00-04:00,2979.51386406,1443.34000000,288.07306300,2691.44080107,8.31702227,2131.39000000,551.73377879,0.1186569841,0.1250000000,2,0,57.33592590
2024-10-28T09:45:00-04:00,2976.02884036,1443.34000000,287.93803930,2688.09080107,8.31702227,2128.04000000,551.73377879,0.1187718623,0.1250000000,2,0,57.33592590
2024-10-28T10:00:00-04:00,2972.33320719,1443.34000000,288.31880613,2684.01440107,8.31702227,2123.96360000,551.73377879,0.1191104991,0.1250000000,2,0,57.33592590
2024-10-28T10:15:00-04:00,2972.50142331,1443.34000000,288.41062224,2684.09080107,8.31702227,2124.04000000,551.73377879,0.1191401508,0.1250000000,2,0,57.33592590
2024-10-28T10:30:00-04:00,2967.40224701,1443.34000000,288.54564594,2678.85660107,8.31702227,2118.80580000,551.73377879,0.1194475358,0.1250000000,2,0,57.33592590
2024-10-28T10:45:00-04:00,2961.87707473,1443.34000000,288.27627366,2673.60080107,8.31702227,2113.55000000,551.73377879,0.1196095992,0.1250000000,2,0,57.33592590
2024-10-28T11:00:00-04:00,2963.85719937,1443.34000000,288.13179831,2675.72540107,8.31702227,2115.67460000,551.73377879,0.1194515156,0.1250000000,2,0,57.33592590
2024-10-28T11:15:00-04:00,2965.46595221,1443.34000000,288.00555115,2677.46040107,8.31702227,2117.40960000,551.73377879,0.1193195974,0.1250000000,2,0,57.33592590
2024-10-28T11:30:00-04:00,2947.76048230,1443.34000000,287.74968124,2660.01080107,8.31702227,2099.96000000,551.73377879,0.1200945218,0.1250000000,2,0,57.33592590
2024-10-28T11:45:00-04:00,2945.14034154,1443.34000000,287.80234048,2657.33800107,8.31702227,2097.28720000,551.73377879,0.1202479950,0.1250000000,2,0,57.33592590
2024-10-28T12:00:00-04:00,2960.13884036,1443.34000000,287.93803930,2672.20080107,8.31702227,2112.15000000,551.73377879,0.1195554867,0.1250000000,2,0,57.33592590
2024-10-28T12:15:00-04:00,2963.73386406,1443.34000000,288.07306300,2675.66080107,8.31702227,2115.61000000,551.73377879,0.1194332723,0.1250000000,2,0,57.33592590
2024-10-28T12:30:00-04:00,2953.08619296,1443.34000000,287.66799190,2665.41820107,8.31702227,2105.36740000,551.73377879,0.1197941586,0.1250000000,2,0,57.33592590
2024-10-28T12:45:00-04:00,2951.27930316,1443.34000000,287.86850209,2663.41080107,8.31702227,2103.36000000,551.73377879,0.1199679269,0.1250000000,2,0,57.33592590
2024-10-28T13:00:00-04:00,2948.56603230,1443.34000000,287.60723123,2660.95880107,8.31702227,2100.90800000,551.73377879,0.1199947267,0.1250000000,2,0,57.33592590
2024-10-28T13:15:00-04:00,2959.81525339,1443.34000000,287.86985233,2671.94540107,8.31702227,2111.89460000,551.73377879,0.1195432361,0.1250000000,2,0,57.33592590
2024-10-28T13:30:00-04:00,2959.75132851,1443.34000000,287.87052745,2671.88080107,8.31702227,2111.83000000,551.73377879,0.1195466900,0.1250000000,2,0,57.33592590
2024-10-28T13:45:00-04:00,2959.49153184,1443.34000000,288.17433077,2671.31720107,8.31702227,2111.26640000,551.73377879,0.1196857659,0.1250000000,2,0,57.33592590
2024-10-28T14:00:00-04:00,2955.09884036,1443.34000000,287.93803930,2667.16080107,8.31702227,2107.11000000,551.73377879,0.1198062017,0.1250000000,2,0,57.33592590
2024-10-28T14:15:00-04:00,2949.45702425,1443.34000000,287.84622318,2661.61080107,8.31702227,2101.56000000,551.73377879,0.1200498113,0.1250000000,2,0,57.33592590
2024-10-28T14:30:00-04:00,2946.75879296,1443.34000000,287.66799190,2659.09080107,8.31702227,2099.04000000,551.73377879,0.1201106419,0.1250000000,2,0,57.33592590
2024-10-28T14:45:00-04:00,2946.16132021,1443.34000000,287.66799190,2658.49332832,342.30871974,1768.67000000,547.51460858,0.1199292878,0.1250000000,1,0,46.18027818
2024-10-28T15:00:00-04:00,2921.60456429,1443.34000000,287.63423597,2633.97032832,342.30871974,1744.14700000,547.51460858,0.1211555760,0.1250000000,1,0,46.18027818
2024-10-28T15:15:00-04:00,2932.56258799,1443.34000000,287.76925967,2644.79332832,342.30871974,1754.97000000,547.51460858,0.1206555433,0.1250000000,1,0,46.18027818
2024-10-28T15:30:00-04:00,2928.28380836,1443.34000000,287.60048005,2640.68332832,342.30871974,1750.86000000,547.51460858,0.1208014956,0.1250000000,1,0,46.18027818
2024-10-28T15:45:00-04:00,2930.61873727,1443.34000000,287.19540895,2643.42332832,342.30871974,1753.60000000,547.51460858,0.1205131599,0.1250000000,1,0,46.18027818
2024-10-29T09:30:00-04:00,2905.82846922,1443.34000000,286.99287340,2618.83559582,2089.52883524,0.00000000,529.30676058,0.1207617302,0.1250000000,0,4,0.00000000
2024-10-29T09:45:00-04:00,2908.26285846,1443.34000000,287.33043265,2620.93242582,2.40466524,2089.22100000,529.30676058,0.1207800484,0.1250000000,2,0,31.85836531
2024-10-29T10:00:00-04:00,2901.99692956,1443.34000000,287.73550375,2614.26142582,2.40466524,2082.55000000,529.30676058,0.1212697332,0.1250000000,2,0,31.85836531
2024-10-29T10:15:00-04:00,2892.09198260,1443.34000000,287.85702508,2604.23495752,402.22067711,1677.20000000,524.81428041,0.1215983342,0.1250000000,1,0,20.01324220
2024-10-29T10:30:00-04:00,2896.18160843,1443.34000000,288.14665091,2608.03495752,402.22067711,1681.00000000,524.81428041,0.1215107620,0.1250000000,1,0,20.01324220
2024-10-29T10:45:00-04:00,2900.01055607,1443.34000000,288.27559855,2611.73495752,402.22067711,1684.70000000,524.81428041,0.1213691692,0.1250000000,1,0,20.01324220
2024-10-29T11:00:00-04:00,2909.16055607,1443.34000000,288.27559855,2620.88495752,402.22067711,1693.85000000,524.81428041,0.1209034113,0.1250000000,1,0,20.01324220
2024-10-29T11:15:00-04:00,2903.00296484,1443.34000000,288.46800732,2614.53495752,402.22067711,1687.50000000,524.81428041,0.1212973593,0.1250000000,1,0,20.01324220
2024-10-29T11:30:00-04:00,2907.67250204,1443.34000000,288.53754452,2619.13495752,402.22067711,1692.10000000,524.81428041,0.1210888428,0.1250000000,1,1,20.01324220
2024-10-29T11:45:00-04:00,2908.02951044,1443.34000000,288.59965542,2619.42985502,12.45857461,2082.15700000,524.81428041,0.1210967653,0.1250000000,2,1,32.71339558
2024-10-29T12:00:00-04:00,2907.39258125,1443.34000000,288.63273623,2618.75984502,1.77056461,2092.17500000,524.81428041,0.1211430223,0.1250000000,3,0,33.10141635
2024-10-29T12:15:00-04:00,2906.08430281,1443.34000000,288.61315779,2617.47114502,1.77056461,2090.88630000,524.81428041,0.1212013569,0.1250000000,3,0,33.10141635
2024-10-29T12:30:00-04:00,2904.35249096,1443.34000000,288.54564594,2615.80684502,1.77056461,2089.22200000,524.81428041,0.1212611946,0.1250000000,3,0,33.10141635
2024-10-29T12:45:00-04:00,2901.58553836,1443.34000000,288.81569334,2612.76984502,1.77056461,2086.18500000,524.81428041,0.1215159820,0.1250000000,3,1,33.10141635
2024-10-29T13:00:00-04:00,2919.35316206,1443.34000000,288.95071704,2630.40244502,1.77056461,2103.81760000,524.81428041,0.1206707142,0.1250000000,3,2,13.08817415
2024-10-29T13:15:00-04:00,2926.16026064,1443.34000000,288.94261562,2637.21764502,1.77056461,2110.63280000,524.81428041,0.1203252751,0.1250000000,3,1,13.08817415
2024-10-29T13:30:00-04:00,2928.34615880,1443.34000000,288.81569334,2639.53046546,1705.83349849,394.55010000,539.14686697,0.1208838854,0.1250000000,2,0,13.08817415
2024-10-29T13:45:00-04:00,2930.48827587,1443.34000000,288.91291041,2641.57536546,1705.83349849,396.59500000,539.14686697,0.1208162537,0.1250000000,2,0,13.08817415
2024-10-29T14:00:00-04:00,2932.27908250,1443.34000000,288.95071704,2643.32836546,1705.83349849,398.34800000,539.14686697,0.1207416436,0.1250000000,2,0,13.08817415
2024-10-29T14:15:00-04:00,2932.27815028,1443.34000000,289.05198482,2643.22616546,1705.83349849,398.24580000,539.14686697,0.1207840066,0.1250000000,2,0,13.08817415
2024-10-29T14:30:00-04:00,2930.21660267,1443.34000000,288.98447297,2641.23212970,1716.27218866,385.95950000,539.00044104,0.1208525091,0.1250000000,1,0,12.70015338
2024-10-29T14:45:00-04:00,2930.76545859,1443.34000000,289.01822889,2641.74722970,1716.27218866,386.47460000,539.00044104,0.1208388896,0.1250000000,1,1,12.70015338
2024-10-29T15:00:00-04:00,2930.31862017,1443.34000000,289.08574074,2641.23287942,0.25243839,2101.98000000,539.00044104,0.1208897014,0.1250000000,2,0,40.30976448
2024-10-29T15:15:00-04:00,2939.69362017,1443.34000000,289.08574074,2650.60787942,0.25243839,2111.35500000,539.00044104,0.1204176124,0.1250000000,2,1,40.30976448
2024-10-29T15:30:00-04:00,2940.07091969,1443.34000000,289.08304027,2650.98787942,0.25243839,2111.73500000,539.00044104,0.1203975655,0.1250000000,2,2,40.30976448
2024-10-29T15:45:00-04:00,2949.63110832,1443.34000000,289.01822889,2660.61287942,0.25243839,2121.36000000,539.00044104,0.1198932017,0.1250000000,2,3,40.30976448
2024-10-30T09:30:00-04:00,2999.71901031,1443.34000000,287.64368763,2712.07532268,1750.22338824,402.91190000,558.94003444,0.1178491336,0.1250000000,1,1,0.00000000
2024-10-30T09:45:00-04:00,3017.86352360,1443.34000000,288.36066348,2729.50286013,405.67991976,1755.60000000,568.22294037,0.1177154989,0.1250000000,1,3,65.98013006
2024-10-30T10:00:00-04:00,3029.31111177,1443.34000000,288.74818149,2740.56293028,2.13768991,2170.20230000,568.22294037,0.1173254111,0.1250000000,3,2,78.51646595
2024-10-30T10:15:00-04:00,3052.78093547,1443.34000000,288.88320519,2763.89773028,2.13768991,2193.53710000,568.22294037,0.1162714679,0.1250000000,3,3,78.51646595
2024-10-30T10:30:00-04:00,3039.70088950,1443.34000000,288.90615922,2750.79473028,2.13768991,2180.43410000,568.22294037,0.1168961104,0.1250000000,3,2,78.51646595
2024-10-30T10:45:00-04:00,3057.05157958,1443.34000000,288.80691680,2768.24466278,0.84672241,2199.17500000,568.22294037,0.1160413024,0.1250000000,4,2,78.62951583
2024-10-30T11:00:00-04:00,3055.77528502,1443.34000000,288.41062224,2767.36466278,0.84672241,2198.29500000,568.22294037,0.1159415290,0.1250000000,4,1,78.62951583
2024-10-30T11:15:00-04:00,3068.66105494,1443.34000000,288.95139216,2779.70966278,0.84672241,2210.64000000,568.22294037,0.1155603054,0.1250000000,4,2,78.62951583
2024-10-30T11:30:00-04:00,3070.88537982,1443.34000000,288.95071704,2781.93466278,0.84672241,2212.86500000,568.22294037,0.1154573276,0.1250000000,4,1,78.62951583
2024-10-30T11:45:00-04:00,3074.89009167,1443.34000000,289.01822889,2785.87186278,0.84672241,2216.80220000,568.22294037,0.1152998031,0.1250000000,4,1,78.54111232
2024-10-30T12:00:00-04:00,3077.26512255,1443.34000000,288.88320519,2788.38191736,5.38377443,2214.77000000,568.22814293,0.1151370855,0.1250000000,3,0,78.54111232
2024-10-30T12:15:00-04:00,3065.13588896,1443.34000000,288.78193742,2776.35395155,6.60296394,2201.56500000,568.18598761,0.1156538773,0.1250000000,2,0,78.42806244
2024-10-30T12:30:00-04:00,3070.20302048,1443.34000000,288.81906894,2781.38395155,6.60296394,2206.59500000,568.18598761,0.1154344935,0.1250000000,2,0,78.42806244
2024-10-30T12:45:00-04:00,3076.77751646,1443.34000000,288.93856491,2787.83895155,6.60296394,2213.05000000,568.18598761,0.1151795984,0.1250000000,2,0,78.42806244
2024-10-30T13:00:00-04:00,3082.74013304,1443.34000000,288.74818149,2793.99195155,6.60296394,2219.20300000,568.18598761,0.1148307671,0.1250000000,2,0,78.42806244
2024-10-30T13:15:00-04:00,3087.96457379,1443.34000000,288.41062224,2799.55395155,6.60296394,2224.76500000,568.18598761,0.1144587163,0.1250000000,2,0,78.42806244
2024-10-30T13:30:00-04:00,3082.71701454,1443.34000000,288.07306300,2794.64395155,6.60296394,2219.85500000,568.18598761,0.1145633360,0.1250000000,2,0,78.42806244
2024-10-30T13:45:00-04:00,3086.59199084,1443.34000000,287.93803930,2798.65395155,6.60296394,2223.86500000,568.18598761,0.1143334470,0.1250000000,2,0,12.44793238
2024-10-30T14:00:00-04:00,3100.43584796,1443.34000000,288.40589642,2812.02995155,6.60296394,2237.24100000,568.18598761,0.1138931434,0.1250000000,2,0,12.44793238
2024-10-30T14:15:00-04:00,3093.48203824,1443.34000000,288.20808670,2805.27395155,6.60296394,2230.48500000,568.18598761,0.1141284352,0.1250000000,2,0,12.44793238
2024-10-30T14:30:00-04:00,3092.52408564,1443.34000000,288.47813409,2804.04595155,6.60296394,2229.25700000,568.18598761,0.1142787229,0.1250000000,2,0,12.44793238
2024-10-30T14:45:00-04:00,3089.21206194,1443.34000000,288.34311040,2800.86895155,6.60296394,2226.08000000,568.18598761,0.1143752987,0.1250000000,2,1,12.44793238
2024-10-30T15:00:00-04:00,3082.05203824,1443.34000000,288.20808670,2793.84395155,6.60296394,2219.05500000,568.18598761,0.1146473523,0.1250000000,2,0,12.44793238
2024-10-30T15:15:00-04:00,3072.71047899,1443.34000000,287.87052745,2784.83995155,6.60296394,2210.05100000,568.18598761,0.1149401926,0.1250000000,2,1,12.44793238
2024-10-30T15:30:00-04:00,3060.00753134,1443.34000000,287.73550375,2772.27202759,1787.18859385,399.00000000,586.08343374,0.1163073289,0.1250000000,1,0,12.44793238
2024-10-30T15:45:00-04:00,3057.40492469,1443.34000000,287.12789710,2770.27702759,1787.18859385,397.00500000,586.08343374,0.1161839518,0.1250000000,1,0,12.44793238
2024-10-31T09:30:00-04:00,3041.72534077,1443.34000000,306.57872452,2735.14661625,2153.77618958,0.00000000,581.37042667,0.1246075201,0.1250000000,0,0,0.00000000
2024-10-31T09:45:00-04:00,3040.25915844,1443.34000000,305.11254220,2735.14661625,2153.77618958,0.00000000,581.37042667,0.1240855425,0.1250000000,0,0,0.00000000
2024-10-31T10:00:00-04:00,3040.18584933,1443.34000000,305.03923308,2735.14661625,2153.77618958,0.00000000,581.37042667,0.1240594273,0.1250000000,0,0,0.00000000
2024-10-31T10:15:00-04:00,3039.91167323,1443.34000000,304.76505699,2735.14661625,2153.77618958,0.00000000,581.37042667,0.1239617425,0.1250000000,0,0,0.00000000
2024-10-31T10:30:00-04:00,3039.74599463,1443.34000000,304.59937838,2735.14661625,2153.77618958,0.00000000,581.37042667,0.1239027032,0.1250000000,0,0,0.00000000
2024-10-31T10:45:00-04:00,3039.08621258,1443.34000000,303.93959634,2735.14661625,2153.77618958,0.00000000,581.37042667,0.1236675120,0.1250000000,0,0,0.00000000
2024-10-31T11:00:00-04:00,3038.86628523,1443.34000000,303.71966899,2735.14661625,2153.77618958,0.00000000,581.37042667,0.1235890868,0.1250000000,0,0,0.00000000
2024-10-31T11:15:00-04:00,3039.37944905,1443.34000000,304.23283280,2735.14661625,2153.77618958,0.00000000,581.37042667,0.1237720570,0.1250000000,0,0,0.00000000
2024-10-31T11:30:00-04:00,3038.93959435,1443.34000000,303.79297810,2735.14661625,2153.77618958,0.00000000,581.37042667,0.1236152301,0.1250000000,0,0,0.00000000
2024-10-31T11:45:00-04:00,3038.71966700,1443.34000000,303.57305075,2735.14661625,2153.77618958,0.00000000,581.37042667,0.1235367956,0.1250000000,0,0,0.00000000
2024-10-31T12:00:00-04:00,3039.15952170,1443.34000000,304.01290545,2735.14661625,2153.77618958,0.00000000,581.37042667,0.1236936506,0.1250000000,0,0,0.00000000
2024-10-31T12:15:00-04:00,3039.01290347,1443.34000000,303.86628722,2735.14661625,2153.77618958,0.00000000,581.37042667,0.1236413718,0.1250000000,0,0,0.00000000
2024-10-31T12:30:00-04:00,3039.37944905,1443.34000000,304.23283280,2735.14661625,2153.77618958,0.00000000,581.37042667,0.1237720570,0.1250000000,0,0,0.00000000
2024-10-31T12:45:00-04:00,3039.30613993,1443.34000000,304.15952368,2735.14661625,2153.77618958,0.00000000,581.37042667,0.1237459231,0.1250000000,0,0,0.00000000
2024-10-31T13:00:00-04:00,3039.30613993,1443.34000000,304.15952368,2735.14661625,2153.77618958,0.00000000,581.37042667,0.1237459231,0.1250000000,0,0,0.00000000
2024-10-31T13:15:00-04:00,3039.01290347,1443.34000000,303.86628722,2735.14661625,2153.77618958,0.00000000,581.37042667,0.1236413718,0.1250000000,0,0,0.00000000
2024-10-31T13:30:00-04:00,3038.64709097,1443.34000000,303.50047473,2735.14661625,2153.77618958,0.00000000,581.37042667,0.1235109091,0.1250000000,0,0,0.00000000
2024-10-31T13:45:00-04:00,3038.49973965,1443.34000000,303.35312340,2735.14661625,2153.77618958,0.00000000,581.37042667,0.1234583470,0.1250000000,0,0,0.00000000
2024-10-31T14:00:00-04:00,3038.35312142,1443.34000000,303.20650517,2735.14661625,2153.77618958,0.00000000,581.37042667,0.1234060402,0.1250000000,0,0,0.00000000
2024-10-31T14:15:00-04:00,3038.49973965,1443.34000000,303.35312340,2735.14661625,2153.77618958,0.00000000,581.37042667,0.1234583470,0.1250000000,0,0,0.00000000
2024-10-31T14:30:00-04:00,3038.31500068,1443.34000000,303.16838443,2735.14661625,2153.77618958,0.00000000,581.37042667,0.1233924394,0.1250000000,0,0,0.00000000
2024-10-31T14:45:00-04:00,3038.71453536,1443.34000000,303.56791912,2735.14661625,2153.77618958,0.00000000,581.37042667,0.1235349653,0.1250000000,0,0,0.00000000
2024-10-31T15:00:00-04:00,3039.15952170,1443.34000000,304.01290545,2735.14661625,2153.77618958,0.00000000,581.37042667,0.1236936506,0.1250000000,0,0,0.00000000
2024-10-31T15:15:00-04:00,3039.23283081,1443.34000000,304.08621457,2735.14661625,2153.77618958,0.00000000,581.37042667,0.1237197876,0.1250000000,0,0,0.00000000
2024-10-31T15:30:00-04:00,3039.26728610,1443.34000000,304.12066985,2735.14661625,2153.77618958,0.00000000,581.37042667,0.1237320715,0.1250000000,0,0,0.00000000
2024-10-31T15:45:00-04:00,3038.27981230,1443.34000000,303.13319606,2735.14661625,2153.77618958,0.00000000,581.37042667,0.1233798844,0.1250000000,0,0,0.00000000
2024-11-01T09:30:00-04:00,3041.48656808,1443.34000000,304.95712687,2736.52944121,2155.15901454,0.00000000,581.37042667,0.1239604593,0.1250000000,0,0,0.00000000
2024-11-01T09:45:00-04:00,3041.45137971,1443.34000000,304.92193849,2736.52944121,2155.15901454,0.00000000,581.37042667,0.1239479287,0.1250000000,0,0,0.00000000
2024-11-01T10:00:00-04:00,3041.05551048,1443.34000000,304.52606927,2736.52944121,2155.15901454,0.00000000,581.37042667,0.1238069342,0.1250000000,0,0,0.00000000
2024-11-01T10:15:00-04:00,3041.34874694,1443.34000000,304.81930573,2736.52944121,2155.15901454,0.00000000,581.37042667,0.1239113789,0.1250000000,0,0,0.00000000
2024-11-01T10:30:00-04:00,3040.90889224,1443.34000000,304.37945103,2736.52944121,2155.15901454,0.00000000,581.37042667,0.1237547025,0.1250000000,0,0,0.00000000
2024-11-01T10:45:00-04:00,3040.98220136,1443.34000000,304.45276015,2736.52944121,2155.15901454,0.00000000,581.37042667,0.1237808191,0.1250000000,0,0,0.00000000
2024-11-01T11:00:00-04:00,3041.27543783,1443.34000000,304.74599662,2736.52944121,2155.15901454,0.00000000,581.37042667,0.1238852701,0.1250000000,0,0,0.00000000
2024-11-01T11:15:00-04:00,3041.12881959,1443.34000000,304.59937838,2736.52944121,2155.15901454,0.00000000,581.37042667,0.1238330477,0.1250000000,0,0,0.00000000
2024-11-01T11:30:00-04:00,3041.12881959,1443.34000000,304.59937838,2736.52944121,2155.15901454,0.00000000,581.37042667,0.1238330477,0.1250000000,0,0,0.00000000
2024-11-01T11:45:00-04:00,3041.20212871,1443.34000000,304.67268750,2736.52944121,2155.15901454,0.00000000,581.37042667,0.1238591597,0.1250000000,0,0,0.00000000
2024-11-01T12:00:00-04:00,3041.23291854,1443.34000000,304.70347733,2736.52944121,2155.15901454,0.00000000,581.37042667,0.1238701262,0.1250000000,0,0,0.00000000
2024-11-01T12:15:00-04:00,3041.20212871,1443.34000000,304.67268750,2736.52944121,2155.15901454,0.00000000,581.37042667,0.1238591597,0.1250000000,0,0,0.00000000
2024-11-01T12:30:00-04:00,3041.20212871,1443.34000000,304.67268750,2736.52944121,2155.15901454,0.00000000,581.37042667,0.1238591597,0.1250000000,0,0,0.00000000
2024-11-01T12:45:00-04:00,3041.19259853,1443.34000000,304.66315731,2736.52944121,2155.15901454,0.00000000,581.37042667,0.1238557652,0.1250000000,0,0,0.00000000
2024-11-01T13:00:00-04:00,3041.42205606,1443.34000000,304.89261485,2736.52944121,2155.15901454,0.00000000,581.37042667,0.1239374862,0.1250000000,0,0,0.00000000
2024-11-01T13:15:00-04:00,3041.56867429,1443.34000000,305.03923308,2736.52944121,2155.15901454,0.00000000,581.37042667,0.1239896961,0.1250000000,0,0,0.00000000
2024-11-01T13:30:00-04:00,3041.13248505,1443.34000000,304.60304384,2736.52944121,2155.15901454,0.00000000,581.37042667,0.1238343533,0.1250000000,0,0,0.00000000
2024-11-01T13:45:00-04:00,3041.31209238,1443.34000000,304.78265117,2736.52944121,2155.15901454,0.00000000,581.37042667,0.1238983247,0.1250000000,0,0,0.00000000
2024-11-01T14:00:00-04:00,3041.42205606,1443.34000000,304.89261485,2736.52944121,2155.15901454,0.00000000,581.37042667,0.1239374862,0.1250000000,0,0,0.00000000
2024-11-01T14:15:00-04:00,3041.70136379,1443.34000000,305.17192258,2736.52944121,2155.15901454,0.00000000,581.37042667,0.1240369407,0.1250000000,0,0,0.00000000
2024-11-01T14:30:00-04:00,3041.64198341,1443.34000000,305.11254220,2736.52944121,2155.15901454,0.00000000,581.37042667,0.1240157987,0.1250000000,0,0,0.00000000
2024-11-01T14:45:00-04:00,3041.86191076,1443.34000000,305.33246955,2736.52944121,2155.15901454,0.00000000,581.37042667,0.1240940973,0.1250000000,0,0,0.00000000
2024-11-01T15:00:00-04:00,3041.85604603,1443.34000000,305.32660482,2736.52944121,2155.15901454,0.00000000,581.37042667,0.1240920095,0.1250000000,0,0,0.00000000
2024-11-01T15:15:00-04:00,3041.78860164,1443.34000000,305.25916043,2736.52944121,2155.15901454,0.00000000,581.37042667,0.1240679993,0.1250000000,0,0,0.00000000
2024-11-01T15:30:00-04:00,3041.86191076,1443.34000000,305.33246955,2736.52944121,2155.15901454,0.00000000,581.37042667,0.1240940973,0.1250000000,0,0,0.00000000
2024-11-01T15:45:00-04:00,3041.64198341,1443.34000000,305.11254220,2736.52944121,2155.15901454,0.00000000,581.37042667,0.1240157987,0.1250000000,0,0,0.00000000
2024-11-04T09:30:00-05:00,3041.38540150,1443.34000000,304.85596029,2736.52944121,2155.15901454,0.00000000,581.37042667,0.1239244327,0.1250000000,0,0,0.00000000
2024-11-04T09:45:00-05:00,3041.50269609,1443.34000000,304.97325488,2736.52944121,2155.15901454,0.00000000,581.37042667,0.1239662024,0.1250000000,0,0,0.00000000
2024-11-04T10:00:00-05:00,3041.49536518,1443.34000000,304.96592396,2736.52944121,2155.15901454,0.00000000,581.37042667,0.1239635919,0.1250000000,0,0,0.00000000
2024-11-04T10:15:00-05:00,3042.30103236,1443.34000000,305.77159115,2736.52944121,2155.15901454,0.00000000,581.37042667,0.1242503915,0.1250000000,0,0,0.00000000
2024-11-04T10:30:00-05:00,3042.04005191,1443.34000000,305.51061070,2736.52944121,2155.15901454,0.00000000,581.37042667,0.1241575088,0.1250000000,0,0,0.00000000
2024-11-04T10:45:00-05:00,3042.22039234,1443.34000000,305.69095112,2736.52944121,2155.15901454,0.00000000,581.37042667,0.1242216939,0.1250000000,0,0,0.00000000
2024-11-04T11:00:00-05:00,3042.22845634,1443.34000000,305.69901513,2736.52944121,2155.15901454,0.00000000,581.37042667,0.1242245637,0.1250000000,0,0,0.00000000
2024-11-04T11:15:00-05:00,3042.15148177,1443.34000000,305.62204056,2736.52944121,2155.15901454,0.00000000,581.37042667,0.1241971690,0.1250000000,0,0,0.00000000
2024-11-04T11:30:00-05:00,3041.71455943,1443.34000000,305.18511822,2736.52944121,2155.15901454,0.00000000,581.37042667,0.1240416388,0.1250000000,0,0,0.00000000
2024-11-04T11:45:00-05:00,3041.42132297,1443.34000000,304.89188176,2736.52944121,2155.15901454,0.00000000,581.37042667,0.1239372251,0.1250000000,0,0,0.00000000
2024-11-04T12:00:00-05:00,3041.27543783,1443.34000000,304.74599662,2736.52944121,2155.15901454,0.00000000,581.37042667,0.1238852701,0.1250000000,0,0,0.00000000
2024-11-04T12:15:00-05:00,3041.77393982,1443.34000000,305.24449861,2736.52944121,2155.15901454,0.00000000,581.37042667,0.1240627795,0.1250000000,0,0,0.00000000
2024-11-04T12:30:00-05:00,3041.85897839,1443.34000000,305.32953718,2736.52944121,2155.15901454,0.00000000,581.37042667,0.1240930534,0.1250000000,0,0,0.00000000
2024-11-04T12:45:00-05:00,3041.97187443,1443.34000000,305.44243322,2736.52944121,2155.15901454,0.00000000,581.37042667,0.1241332413,0.1250000000,0,0,0.00000000
2024-11-04T13:00:00-05:00,3042.00852899,1443.34000000,305.47908778,2736.52944121,2155.15901454,0.00000000,581.37042667,0.1241462885,0.1250000000,0,0,0.00000000
2024-11-04T13:15:00-05:00,3041.93521987,1443.34000000,305.40577866,2736.52944121,2155.15901454,0.00000000,581.37042667,0.1241201937,0.1250000000,0,0,0.00000000
2024-11-04T13:30:00-05:00,3042.22772325,1443.34000000,305.69828204,2736.52944121,2155.15901454,0.00000000,581.37042667,0.1242243028,0.1250000000,0,0,0.00000000
2024-11-04T13:45:00-05:00,3041.94914861,1443.34000000,305.41970739,2736.52944121,2155.15901454,0.00000000,581.37042667,0.1241251518,0.1250000000,0,0,0.00000000
2024-11-04T14:00:00-05:00,3041.97040825,1443.34000000,305.44096704,2736.52944121,2155.15901454,0.00000000,581.37042667,0.1241327194,0.1250000000,0,0,0.00000000
2024-11-04T14:15:00-05:00,3042.02978863,1443.34000000,305.50034742,2736.52944121,2155.15901454,0.00000000,581.37042667,0.1241538557,0.1250000000,0,0,0.00000000
2024-11-04T14:30:00-05:00,3042.15514722,1443.34000000,305.62570601,2736.52944121,2155.15901454,0.00000000,581.37042667,0.1241984735,0.1250000000,0,0,0.00000000
2024-11-04T14:45:00-05:00,3042.00852899,1443.34000000,305.47908778,2736.52944121,2155.15901454,0.00000000,581.37042667,0.1241462885,0.1250000000,0,0,0.00000000
2024-11-04T15:00:00-05:00,3041.86191076,1443.34000000,305.33246955,2736.52944121,2155.15901454,0.00000000,581.37042667,0.1240940973,0.1250000000,0,0,0.00000000
2024-11-04T15:15:00-05:00,3042.08183811,1443.34000000,305.55239690,2736.52944121,2155.15901454,0.00000000,581.37042667,0.1241723818,0.1250000000,0,0,0.00000000
2024-11-04T15:30:00-05:00,3041.49536518,1443.34000000,304.96592396,2736.52944121,2155.15901454,0.00000000,581.37042667,0.1239635919,0.1250000000,0,0,0.00000000
2024-11-04T15:45:00-05:00,3041.20212871,1443.34000000,304.67268750,2736.52944121,2155.15901454,0.00000000,581.37042667,0.1238591597,0.1250000000,0,0,0.00000000
2024-11-05T09:30:00-05:00,3043.47471132,1443.34000000,306.94527011,2736.52944121,2155.15901454,0.00000000,581.37042667,0.1246678591,0.1250000000,0,0,0.00000000
2024-11-05T09:45:00-05:00,3043.69463867,1443.34000000,307.16519745,2736.52944121,2155.15901454,0.00000000,581.37042667,0.1247460411,0.1250000000,0,0,0.00000000
2024-11-05T10:00:00-05:00,3043.84052381,1443.34000000,307.31108260,2736.52944121,2155.15901454,0.00000000,581.37042667,0.1247978942,0.1250000000,0,0,0.00000000
2024-11-05T10:15:00-05:00,3043.84052381,1443.34000000,307.31108260,2736.52944121,2155.15901454,0.00000000,581.37042667,0.1247978942,0.1250000000,0,0,0.00000000
2024-11-05T10:30:00-05:00,3043.84125690,1443.34000000,307.31181569,2736.52944121,2155.15901454,0.00000000,581.37042667,0.1247981547,0.1250000000,0,0,0.00000000
2024-11-05T10:45:00-05:00,3043.69463867,1443.34000000,307.16519745,2736.52944121,2155.15901454,0.00000000,581.37042667,0.1247460411,0.1250000000,0,0,0.00000000
2024-11-05T11:00:00-05:00,3043.96588240,1443.34000000,307.43644118,2736.52944121,2155.15901454,0.00000000,581.37042667,0.1248424464,0.1250000000,0,0,0.00000000
2024-11-05T11:15:00-05:00,3043.87864455,1443.34000000,307.34920334,2736.52944121,2155.15901454,0.00000000,581.37042667,0.1248114427,0.1250000000,0,0,0.00000000
2024-11-05T11:30:00-05:00,3043.98787513,1443.34000000,307.45843392,2736.52944121,2155.15901454,0.00000000,581.37042667,0.1248502621,0.1250000000,0,0,0.00000000
2024-11-05T11:45:00-05:00,3044.20706939,1443.34000000,307.67762818,2736.52944121,2155.15901454,0.00000000,581.37042667,0.1249281511,0.1250000000,0,0,0.00000000
2024-11-05T12:00:00-05:00,3044.28111160,1443.34000000,307.75167039,2736.52944121,2155.15901454,0.00000000,581.37042667,0.1249544583,0.1250000000,0,0,0.00000000
2024-11-05T12:15:00-05:00,3044.26864905,1443.34000000,307.73920784,2736.52944121,2155.15901454,0.00000000,581.37042667,0.1249500304,0.1250000000,0,0,0.00000000
2024-11-05T12:30:00-05:00,3044.20706939,1443.34000000,307.67762818,2736.52944121,2155.15901454,0.00000000,581.37042667,0.1249281511,0.1250000000,0,0,0.00000000
2024-11-05T12:45:00-05:00,3044.20853557,1443.34000000,307.67909436,2736.52944121,2155.15901454,0.00000000,581.37042667,0.1249286720,0.1250000000,0,0,0.00000000
2024-11-05T13:00:00-05:00,3044.06118425,1443.34000000,307.53174304,2736.52944121,2155.15901454,0.00000000,581.37042667,0.1248763135,0.1250000000,0,0,0.00000000
2024-11-05T13:15:00-05:00,3044.20413702,1443.34000000,307.67469581,2736.52944121,2155.15901454,0.00000000,581.37042667,0.1249271092,0.1250000000,0,0,0.00000000
2024-11-05T13:30:00-05:00,3044.19167447,1443.34000000,307.66223326,2736.52944121,2155.15901454,0.00000000,581.37042667,0.1249226811,0.1250000000,0,0,0.00000000
2024-11-05T13:45:00-05:00,3044.13376027,1443.34000000,307.60431906,2736.52944121,2155.15901454,0.00000000,581.37042667,0.1249021028,0.1250000000,0,0,0.00000000
2024-11-05T14:00:00-05:00,3044.20780248,1443.34000000,307.67836127,2736.52944121,2155.15901454,0.00000000,581.37042667,0.1249284116,0.1250000000,0,0,0.00000000
2024-11-05T14:15:00-05:00,3044.20706939,1443.34000000,307.67762818,2736.52944121,2155.15901454,0.00000000,581.37042667,0.1249281511,0.1250000000,0,0,0.00000000
2024-11-05T14:30:00-05:00,3044.20267084,1443.34000000,307.67322963,2736.52944121,2155.15901454,0.00000000,581.37042667,0.1249265882,0.1250000000,0,0,0.00000000
2024-11-05T14:45:00-05:00,3044.20706939,1443.34000000,307.67762818,2736.52944121,2155.15901454,0.00000000,581.37042667,0.1249281511,0.1250000000,0,0,0.00000000
2024-11-05T15:00:00-05:00,3044.20780248,1443.34000000,307.67836127,2736.52944121,2155.15901454,0.00000000,581.37042667,0.1249284116,0.1250000000,0,0,0.00000000
2024-11-05T15:15:00-05:00,3044.20780248,1443.34000000,307.67836127,2736.52944121,2155.15901454,0.00000000,581.37042667,0.1249284116,0.1250000000,0,0,0.00000000
2024-11-05T15:30:00-05:00,3044.20706939,1443.34000000,307.67762818,2736.52944121,2155.15901454,0.00000000,581.37042667,0.1249281511,0.1250000000,0,0,0.00000000
2024-11-05T15:45:00-05:00,3044.13449336,1443.34000000,307.60505215,2736.52944121,2155.15901454,0.00000000,581.37042667,0.1249023633,0.1250000000,0,0,0.00000000
2024-11-06T09:30:00-05:00,3050.40315590,1443.34000000,313.87371469,2736.52944121,2155.15901454,0.00000000,581.37042667,0.1271241612,0.1250000000,0,0,0.00000000
2024-11-06T09:45:00-05:00,3049.46406612,1443.34000000,312.93462491,2736.52944121,2155.15901454,0.00000000,581.37042667,0.1267920390,0.1250000000,0,0,0.00000000
2024-11-06T10:00:00-05:00,3050.36576825,1443.34000000,313.83632704,2736.52944121,2155.15901454,0.00000000,581.37042667,0.1271109434,0.1250000000,0,0,0.00000000
2024-11-06T10:15:00-05:00,3051.03361430,1443.34000000,314.50417309,2736.52944121,2155.15901454,0.00000000,581.37042667,0.1273469899,0.1250000000,0,0,0.00000000
2024-11-06T10:30:00-05:00,3050.47499884,1443.34000000,313.94555762,2736.52944121,2155.15901454,0.00000000,581.37042667,0.1271495591,0.1250000000,0,0,0.00000000
2024-11-06T10:45:00-05:00,3050.14584090,1443.34000000,313.61639969,2736.52944121,2155.15901454,0.00000000,581.37042667,0.1270331833,0.1250000000,0,0,0.00000000
2024-11-06T11:00:00-05:00,3050.76896839,1443.34000000,314.23952718,2736.52944121,2155.15901454,0.00000000,581.37042667,0.1272534675,0.1250000000,0,0,0.00000000
2024-11-06T11:15:00-05:00,3050.95224118,1443.34000000,314.42279997,2736.52944121,2155.15901454,0.00000000,581.37042667,0.1273182359,0.1250000000,0,0,0.00000000
2024-11-06T11:30:00-05:00,3051.07320123,1443.34000000,314.54376001,2736.52944121,2155.15901454,0.00000000,581.37042667,0.1273609777,0.1250000000,0,0,0.00000000
2024-11-06T11:45:00-05:00,3051.16776999,1443.34000000,314.63832877,2736.52944121,2155.15901454,0.00000000,581.37042667,0.1273943911,0.1250000000,0,0,0.00000000
2024-11-06T12:00:00-05:00,3051.36277223,1443.34000000,314.83333102,2736.52944121,2155.15901454,0.00000000,581.37042667,0.1274632821,0.1250000000,0,0,0.00000000
2024-11-06T12:15:00-05:00,3051.31072276,1443.34000000,314.78128155,2736.52944121,2155.15901454,0.00000000,581.37042667,0.1274448949,0.1250000000,0,0,0.00000000
2024-11-06T12:30:00-05:00,3051.39136279,1443.34000000,314.86192158,2736.52944121,2155.15901454,0.00000000,581.37042667,0.1274733817,0.1250000000,0,0,0.00000000
2024-11-06T12:45:00-05:00,3051.53798102,1443.34000000,315.00853981,2736.52944121,2155.15901454,0.00000000,581.37042667,0.1275251710,0.1250000000,0,0,0.00000000
2024-11-06T13:00:00-05:00,3052.12225468,1443.34000000,315.59281347,2736.52944121,2155.15901454,0.00000000,581.37042667,0.1277314904,0.1250000000,0,0,0.00000000
2024-11-06T13:15:00-05:00,3052.27180528,1443.34000000,315.74236407,2736.52944121,2155.15901454,0.00000000,581.37042667,0.1277842842,0.1250000000,0,0,0.00000000
2024-11-06T13:30:00-05:00,3052.30845984,1443.34000000,315.77901862,2736.52944121,2155.15901454,0.00000000,581.37042667,0.1277972229,0.1250000000,0,0,0.00000000
2024-11-06T13:45:00-05:00,3052.17650343,1443.34000000,315.64706221,2736.52944121,2155.15901454,0.00000000,581.37042667,0.1277506419,0.1250000000,0,0,0.00000000
2024-11-06T14:00:00-05:00,3052.41622424,1443.34000000,315.88678303,2736.52944121,2155.15901454,0.00000000,581.37042667,0.1278352604,0.1250000000,0,0,0.00000000
2024-11-06T14:15:00-05:00,3052.49099954,1443.34000000,315.96155832,2736.52944121,2155.15901454,0.00000000,581.37042667,0.1278616518,0.1250000000,0,0,0.00000000
2024-11-06T14:30:00-05:00,3052.30845984,1443.34000000,315.77901862,2736.52944121,2155.15901454,0.00000000,581.37042667,0.1277972229,0.1250000000,0,0,0.00000000
2024-11-06T14:45:00-05:00,3052.56504174,1443.34000000,316.03560053,2736.52944121,2155.15901454,0.00000000,581.37042667,0.1278877829,0.1250000000,0,0,0.00000000
2024-11-06T15:00:00-05:00,3052.85827821,1443.34000000,316.32883700,2736.52944121,2155.15901454,0.00000000,581.37042667,0.1279912571,0.1250000000,0,0,0.00000000
2024-11-06T15:15:00-05:00,3052.74904762,1443.34000000,316.21960641,2736.52944121,2155.15901454,0.00000000,581.37042667,0.1279527158,0.1250000000,0,0,0.00000000
2024-11-06T15:30:00-05:00,3052.85827821,1443.34000000,316.32883700,2736.52944121,2155.15901454,0.00000000,581.37042667,0.1279912571,0.1250000000,0,0,0.00000000
2024-11-06T15:45:00-05:00,3052.93158732,1443.34000000,316.40214611,2736.52944121,2155.15901454,0.00000000,581.37042667,0.1280171218,0.1250000000,0,0,0.00000000
2024-11-07T09:30:00-05:00,3053.43981749,1443.34000000,309.52237274,2743.91744475,2162.54701808,0.00000000,581.37042667,0.1252078012,0.1250000000,0,4,0.00000000
2024-11-07T09:45:00-05:00,3047.21919558,1443.34000000,310.15241458,2737.06678100,0.04135433,2155.65500000,581.37042667,0.1257791712,0.1250000000,3,3,43.56610473
2024-11-07T10:00:00-05:00,3061.52579124,1443.34000000,310.22401024,2751.30178100,0.04135433,2169.89000000,581.37042667,0.1250824907,0.1250000000,3,0,43.56610473
2024-11-07T10:15:00-05:00,3060.53539341,1443.34000000,310.18821241,2750.34718100,0.04135433,2168.93540000,581.37042667,0.1251180202,0.1250000000,3,1,43.22809009
2024-11-07T10:30:00-05:00,3052.35758690,1443.34000000,310.29560590,2742.06198100,0.04135433,2160.65020000,581.37042667,0.1255755638,0.1250000000,3,2,43.22809009
2024-11-07T10:45:00-05:00,3058.77523409,1443.34000000,310.90345309,2747.87178100,0.04135433,2166.46000000,581.37042667,0.1254956203,0.1250000000,3,1,43.22809009
2024-11-07T11:00:00-05:00,3045.75428916,1443.34000000,310.58198856,2735.17230061,5.24423810,2148.37500000,581.55306251,0.1260375919,0.1250000000,2,0,43.22809009
2024-11-07T11:15:00-05:00,3070.78905276,1443.34000000,310.78675216,2760.00230061,5.24423810,2173.20500000,581.55306251,0.1248522653,0.1250000000,2,0,43.22809009
2024-11-07T11:30:00-05:00,3077.57456748,1443.34000000,310.93996688,2766.63460061,5.24423810,2179.83730000,581.55306251,0.1245742339,0.1250000000,2,0,43.22809009
2024-11-07T11:45:00-05:00,3067.88554580,1443.34000000,311.29794519,2756.58760061,5.24423810,2169.79030000,581.55306251,0.1252036674,0.1250000000,2,0,35.86236322
2024-11-07T12:00:00-05:00,3070.67163340,1443.34000000,310.97433280,2759.69730061,5.24423810,2172.90000000,581.55306251,0.1249335152,0.1250000000,2,0,35.86236322
2024-11-07T12:15:00-05:00,3070.72250660,1443.34000000,311.15260600,2759.56990061,5.24423810,2172.77260000,581.55306251,0.1250025814,0.1250000000,2,0,35.86236322
2024-11-07T12:30:00-05:00,3072.47745463,1443.34000000,311.02015402,2761.45730061,5.24423810,2174.66000000,581.55306251,0.1248613386,0.1250000000,2,0,35.86236322
2024-11-07T12:45:00-05:00,3071.64464580,1443.34000000,311.29794519,2760.34670061,5.24423810,2173.54940000,581.55306251,0.1250146570,0.1250000000,2,0,35.86236322
2024-11-07T13:00:00-05:00,3067.09746315,1443.34000000,311.01156254,2756.08590061,5.24423810,2169.28860000,581.55306251,0.1251281460,0.1250000000,2,0,35.86236322
2024-11-07T13:15:00-05:00,3067.79886315,1443.34000000,311.01156254,2756.78730061,5.24423810,2169.99000000,581.55306251,0.1250928458,0.1250000000,2,0,35.86236322
2024-11-07T13:30:00-05:00,3067.31475586,1443.34000000,310.86765526,2756.44710061,5.24423810,2169.64980000,581.55306251,0.1250593153,0.1250000000,2,0,35.86236322
2024-11-07T13:45:00-05:00,3072.75675881,1443.34000000,311.08315820,2761.67360061,5.24423810,2174.87630000,581.55306251,0.1248726303,0.1250000000,2,1,35.86236322
2024-11-07T14:00:00-05:00,3062.10717555,1443.34000000,311.33517494,2750.77200061,5.24423810,2163.97470000,581.55306251,0.1255103339,0.1250000000,2,1,35.86236322
2024-11-07T14:15:00-05:00,3051.29524580,1443.34000000,311.29794519,2739.99730061,5.24423810,2153.20000000,581.55306251,0.1260447132,0.1250000000,2,0,35.86236322
2024-11-07T14:30:00-05:00,3052.02886315,1443.34000000,311.01156254,2741.01730061,5.24423810,2154.22000000,581.55306251,0.1258913617,0.1250000000,2,3,35.86236322
2024-11-07T14:45:00-05:00,3068.86141545,1443.34000000,311.79911484,2757.06230061,5.24423810,2170.26500000,581.55306251,0.1253560358,0.1250000000,2,2,35.86236322
2024-11-07T15:00:00-05:00,3062.99713140,1443.34000000,311.79983080,2751.19730061,5.24423810,2164.40000000,581.55306251,0.1256525725,0.1250000000,2,0,35.86236322
2024-11-07T15:15:00-05:00,3052.85140244,1443.34000000,312.01390183,2740.83750061,5.24423810,2154.04020000,581.55306251,0.1262550526,0.1250000000,2,1,35.86236322
2024-11-07T15:30:00-05:00,3048.04711971,1443.34000000,311.79481910,2736.25230061,5.24423810,2149.45500000,581.55306251,0.1264121510,0.1250000000,2,0,35.86236322
2024-11-07T15:45:00-05:00,3046.99713140,1443.34000000,311.79983080,2735.19730061,5.24423810,2148.40000000,581.55306251,0.1264680204,0.1250000000,2,0,35.86236322
2024-11-08T09:30:00-05:00,3064.66308443,1443.34000000,311.79911484,2752.86396959,342.06913888,1826.90320000,583.89163071,0.1256863523,0.1250000000,1,5,35.86236322
2024-11-08T09:45:00-05:00,3090.74516378,1443.34000000,311.94230617,2778.80285762,0.06352691,2194.84770000,583.89163071,0.1244357925,0.1250000000,4,2,48.62364472
2024-11-08T10:00:00-05:00,3111.17449848,1443.34000000,311.36954086,2799.80495762,0.06352691,2215.84980000,583.89163071,0.1232032808,0.1250000000,4,0,36.43215801
2024-11-08T10:15:00-05:00,3137.74589593,1443.34000000,311.74183831,2826.00405762,0.06352691,2242.04890000,583.89163071,0.1220671996,0.1250000000,4,0,0.00000000
2024-11-08T10:30:00-05:00,3122.83120780,1443.34000000,311.72751918,2811.10368862,354.13863366,1863.73100000,593.23405496,0.1232320802,0.1250000000,2,0,0.00000000
2024-11-08T10:45:00-05:00,3128.06090780,1443.34000000,311.72751918,2816.33338862,354.13863366,1868.96070000,593.23405496,0.1229778353,0.1250000000,2,0,0.00000000
2024-11-08T11:00:00-05:00,3138.10953993,1443.34000000,311.93371469,2826.17582525,358.00502394,1874.92000000,593.25080130,0.1225740785,0.1250000000,1,0,0.00000000
2024-11-08T11:15:00-05:00,3148.68653575,1443.34000000,311.87071050,2836.81582525,358.00502394,1885.56000000,593.25080130,0.1220420871,0.1250000000,1,1,0.00000000
2024-11-08T11:30:00-05:00,3138.93493434,1443.34000000,311.79911484,2827.13581950,2.79781819,2231.08720000,593.25080130,0.1224814622,0.1250000000,2,0,13.45149416
2024-11-08T11:45:00-05:00,3146.09371684,1443.34000000,312.22009734,2833.87361950,2.79781819,2237.82500000,593.25080130,0.1223029022,0.1250000000,2,0,13.45149416
2024-11-08T12:00:00-05:00,3148.19212566,1443.34000000,311.94230617,2836.24981950,2.79781819,2240.20120000,593.25080130,0.1220937261,0.1250000000,2,0,13.45149416
2024-11-08T12:15:00-05:00,3164.39427113,1443.34000000,311.88574559,2852.50852554,1873.97644080,359.27000000,619.26208474,0.1225420618,0.1250000000,1,2,13.45149416
2024-11-08T12:30:00-05:00,3156.01247178,1443.34000000,312.08549749,2843.92697429,7.84288955,2216.82200000,619.26208474,0.1230257021,0.1250000000,2,0,55.50775866
2024-11-08T12:45:00-05:00,3163.33023553,1443.34000000,312.15566124,2851.17457429,7.84288955,2224.06960000,619.26208474,0.1226994101,0.1250000000,2,1,55.50775866
2024-11-08T13:00:00-05:00,3160.90595944,1443.34000000,312.37188015,2848.53407929,3.17939455,2226.09260000,619.26208474,0.1229015140,0.1250000000,3,0,55.68121782
2024-11-08T13:15:00-05:00,3153.03347113,1443.34000000,312.37689184,2840.65657929,3.17939455,2218.21510000,619.26208474,0.1232853499,0.1250000000,3,0,55.68121782
2024-11-08T13:30:00-05:00,3156.02224209,1443.34000000,312.65826280,2843.36397929,3.17939455,2220.92250000,619.26208474,0.1232510144,0.1250000000,3,0,55.68121782
2024-11-08T13:45:00-05:00,3167.28474209,1443.34000000,312.65826280,2854.62647929,3.17939455,2232.18500000,619.26208474,0.1227062334,0.1250000000,3,0,55.68121782
2024-11-08T14:00:00-05:00,3172.20274209,1443.34000000,312.65826280,2859.54447929,3.17939455,2237.10300000,619.26208474,0.1224698513,0.1250000000,3,0,55.68121782
2024-11-08T14:15:00-05:00,3190.90855588,1443.34000000,312.69477659,2878.21377929,3.17939455,2255.77230000,619.26208474,0.1215932206,0.1250000000,3,0,55.68121782
2024-11-08T14:30:00-05:00,3201.65633776,1443.34000000,312.72985847,2888.92647929,3.17939455,2266.48500000,619.26208474,0.1211007413,0.1250000000,3,2,55.68121782
2024-11-08T14:45:00-05:00,3201.65793589,1443.34000000,312.49645660,2889.16147929,3.17939455,2266.72000000,619.26208474,0.1210102845,0.1250000000,3,0,55.68121782
2024-11-08T15:00:00-05:00,3205.28945944,1443.34000000,312.37188015,2892.91757929,3.17939455,2270.47610000,619.26208474,0.1207921785,0.1250000000,3,1,55.68121782
2024-11-08T15:15:00-05:00,3201.62696377,1443.34000000,312.30028448,2889.32667929,3.17939455,2266.88520000,619.26208474,0.1209357698,0.1250000000,3,0,55.68121782
2024-11-08T15:30:00-05:00,3218.90646811,1443.34000000,312.22868882,2906.67777929,3.17939455,2284.23630000,619.26208474,0.1201043846,0.1250000000,3,1,13.62495332
2024-11-08T15:45:00-05:00,3231.67835944,1443.34000000,312.37188015,2919.30647929,3.17939455,2296.86500000,619.26208474,0.1195720158,0.1250000000,3,2,13.62495332
2024-11-11T09:30:00-05:00,3229.64179194,1443.34000000,312.37188015,2917.26991179,544.62528889,1693.93530000,678.70932290,0.1224539983,0.1250000000,2,2,113.38703064
2024-11-11T09:45:00-05:00,3237.48894051,1443.34000000,311.86856263,2925.62037788,1380.75145512,903.50500000,641.36392275,0.1201284840,0.1250000000,2,1,13.45149416
2024-11-11T10:00:00-05:00,3280.67874620,1443.34000000,312.08549749,2968.59324870,28.09882595,2299.13050000,641.36392275,0.1182448925,0.1250000000,3,0,84.66779247
2024-11-11T10:15:00-05:00,3311.68074186,1443.34000000,312.15709316,2999.52364870,28.09882595,2330.06090000,641.36392275,0.1168988979,0.1250000000,3,0,13.45149416
2024-11-11T10:30:00-05:00,3341.51462860,1443.34000000,312.14921763,3029.36541096,573.03951282,1806.69110000,649.63479814,0.1159595663,0.1250000000,2,2,13.45149416
2024-11-11T10:45:00-05:00,3346.81027244,1443.34000000,312.51507148,3034.29520096,6.33480282,2378.32560000,649.63479814,0.1158675342,0.1250000000,3,0,36.25536817
2024-11-11T11:00:00-05:00,3370.85737244,1443.34000000,312.51507148,3058.34230096,6.33480282,2402.37270000,649.63479814,0.1148436274,0.1250000000,3,0,36.25536817
2024-11-11T11:15:00-05:00,3391.00988545,1443.34000000,312.30028448,3078.70960096,6.33480282,2422.74000000,649.63479814,0.1139210340,0.1250000000,3,0,36.25536817
2024-11-11T11:30:00-05:00,3386.55669412,1443.34000000,312.15709316,3074.39960096,6.33480282,2418.43000000,649.63479814,0.1140540743,0.1250000000,3,0,36.25536817
2024-11-11T11:45:00-05:00,3388.45643145,1443.34000000,312.06903049,3076.38740096,6.33480282,2420.41780000,649.63479814,0.1139428091,0.1250000000,3,0,36.25536817
2024-11-11T12:00:00-05:00,3399.18741467,1443.34000000,312.01390183,3087.17351284,1448.01354010,937.24000000,701.91997274,0.1156777771,0.1250000000,2,0,22.80387401
2024-11-11T12:15:00-05:00,3399.84691172,1443.34000000,311.79839888,3088.04851284,1448.01354010,938.11500000,701.91997274,0.1155696229,0.1250000000,2,0,22.80387401
2024-11-11T12:30:00-05:00,3406.22103202,1443.34000000,311.72751918,3094.49351284,1448.01354010,944.56000000,701.91997274,0.1152710117,0.1250000000,2,0,22.80387401
2024-11-11T12:45:00-05:00,3409.36145212,1443.34000000,311.58432785,3097.77712427,1819.98908143,566.02000000,711.76804284,0.1155045556,0.1250000000,1,0,22.80387401
2024-11-11T13:00:00-05:00,3407.24029115,1443.34000000,310.93996688,3096.30032427,1819.98908143,564.54320000,711.76804284,0.1153563970,0.1250000000,1,0,22.80387401
2024-11-11T13:15:00-05:00,3407.89187814,1443.34000000,311.15475387,3096.73712427,1819.98908143,564.98000000,711.76804284,0.1154081833,0.1250000000,1,0,22.80387401
2024-11-11T13:30:00-05:00,3418.20145212,1443.34000000,311.58432785,3106.61712427,1819.98908143,574.86000000,711.76804284,0.1151272840,0.1250000000,1,0,22.80387401
2024-11-11T13:45:00-05:00,3425.95623911,1443.34000000,311.79911484,3114.15712427,1819.98908143,582.40000000,711.76804284,0.1148774854,0.1250000000,1,0,22.80387401
2024-11-11T14:00:00-05:00,3421.73903911,1443.34000000,311.79911484,3109.93992427,1819.98908143,578.18280000,711.76804284,0.1150562553,0.1250000000,1,0,22.80387401
2024-11-11T14:15:00-05:00,3416.90145212,1443.34000000,311.58432785,3105.31712427,1819.98908143,573.56000000,711.76804284,0.1151826105,0.1250000000,1,0,22.80387401
2024-11-11T14:30:00-05:00,3417.82392749,1443.34000000,311.72680322,3106.09712427,1819.98908143,574.34000000,711.76804284,0.1151959961,0.1250000000,1,1,22.80387401
2024-11-11T14:45:00-05:00,3453.47916287,1443.34000000,311.67095860,3141.80820427,12.87476143,2417.16540000,711.76804284,0.1136775338,0.1250000000,2,2,99.04629226
2024-11-11T15:00:00-05:00,3403.36047609,1443.34000000,311.93156682,3091.42890927,0.20526643,2379.45560000,711.76804284,0.1158910848,0.1250000000,3,0,99.37050512
2024-11-11T15:15:00-05:00,3409.55809081,1443.34000000,312.08478154,3097.47330927,0.20526643,2385.50000000,711.76804284,0.1156816416,0.1250000000,3,0,99.37050512
2024-11-11T15:30:00-05:00,3416.98042582,1443.34000000,312.16711655,3104.81330927,0.20526643,2392.84000000,711.76804284,0.1153946797,0.1250000000,3,3,99.37050512
2024-11-11T15:45:00-05:00,3409.18859376,1443.34000000,312.30028448,3096.88830927,0.20526643,2384.91500000,711.76804284,0.1157773801,0.1250000000,3,3,99.37050512
2024-11-12T09:30:00-05:00,3387.76712126,1443.34000000,312.30028448,3075.46683677,3.10830208,2393.46240000,678.89613469,0.1152879875,0.1250000000,2,3,92.60189086
2024-11-12T09:45:00-05:00,3371.67540174,1443.34000000,312.62246497,3059.05293677,3.10830208,2377.04850000,678.89613469,0.1160965805,0.1250000000,2,0,22.80387401
2024-11-12T10:00:00-05:00,3429.46290608,1443.34000000,312.55086931,3116.91203677,3.10830208,2434.90760000,678.89613469,0.1136314423,0.1250000000,2,0,22.80387401
2024-11-12T10:15:00-05:00,3408.17978075,1443.34000000,312.37474397,3095.80503677,3.10830208,2413.80060000,678.89613469,0.1144530157,0.1250000000,2,0,22.80387401
2024-11-12T10:30:00-05:00,3401.81840825,1443.34000000,312.51507148,3089.30333677,3.10830208,2407.29890000,678.89613469,0.1147719399,0.1250000000,2,0,22.80387401
2024-11-12T10:45:00-05:00,3386.54315022,1443.34000000,312.08621345,3074.45693677,3.10830208,2392.45250000,678.89613469,0.1152610409,0.1250000000,2,0,22.80387401
2024-11-12T11:00:00-05:00,3370.47341513,1443.34000000,312.07117836,3058.40223677,3.10830208,2376.39780000,678.89613469,0.1159436070,0.1250000000,2,0,22.80387401
2024-11-12T11:15:00-05:00,3385.00652993,1443.34000000,312.15709316,3072.84943677,3.10830208,2390.84500000,678.89613469,0.1153526825,0.1250000000,2,0,22.80387401
2024-11-12T11:30:00-05:00,3373.71855161,1443.34000000,311.79911484,3061.91943677,3.10830208,2379.91500000,678.89613469,0.1157030285,0.1250000000,2,0,22.80387401
2024-11-12T11:45:00-05:00,3359.65185161,1443.34000000,311.79911484,3047.85273677,3.10830208,2365.84830000,678.89613469,0.1163101557,0.1250000000,2,0,22.80387401
2024-11-12T12:00:00-05:00,3348.12725213,1443.34000000,311.69315326,3036.43409888,1788.87777543,554.06000000,693.49632345,0.1174148730,0.1250000000,1,0,22.80387401
2024-11-12T12:15:00-05:00,3346.67321372,1443.34000000,311.79911484,3034.87409888,1788.87777543,552.50000000,693.49632345,0.1175191583,0.1250000000,1,0,22.80387401
2024-11-12T12:30:00-05:00,3344.89842673,1443.34000000,311.58432785,3033.31409888,1788.87777543,550.94000000,693.49632345,0.1175168140,0.1250000000,1,0,22.80387401
2024-11-12T12:45:00-05:00,3340.28487876,1443.34000000,310.72517989,3029.55969888,1788.87777543,547.18560000,693.49632345,0.1173970544,0.1250000000,1,0,22.80387401
2024-11-12T13:00:00-05:00,3340.49559356,1443.34000000,310.81109468,3029.68449888,1788.87777543,547.31040000,693.49632345,0.1174201664,0.1250000000,1,0,22.80387401
2024-11-12T13:15:00-05:00,3341.70683106,1443.34000000,311.51273219,3030.19409888,1788.87777543,547.82000000,693.49632345,0.1176314086,0.1250000000,1,0,22.80387401
2024-11-12T13:30:00-05:00,3344.28656879,1443.34000000,312.01246992,3032.27409888,1788.87777543,549.90000000,693.49632345,0.1177054542,0.1250000000,1,1,22.80387401
2024-11-12T13:45:00-05:00,3358.04992902,1443.34000000,312.37188015,3045.67804888,6.14172543,2346.04000000,693.49632345,0.1172323497,0.1250000000,2,0,61.32711008
2024-11-12T14:00:00-05:00,3360.21073855,1443.34000000,312.41268968,3047.79804888,6.14172543,2348.16000000,693.49632345,0.1171526609,0.1250000000,2,0,61.32711008
2024-11-12T14:15:00-05:00,3347.61833336,1443.34000000,312.30028448,3035.31804888,6.14172543,2335.68000000,693.49632345,0.1176661372,0.1250000000,2,0,61.32711008
2024-11-12T14:30:00-05:00,3354.95559572,1443.34000000,312.65754685,3042.29804888,6.14172543,2342.66000000,693.49632345,0.1174759840,0.1250000000,2,3,61.32711008
2024-11-12T14:45:00-05:00,3359.91611777,1443.34000000,312.37188015,3047.54423763,1.32311418,2352.72480000,693.49632345,0.1171503005,0.1250000000,3,0,61.50998879
2024-11-12T15:00:00-05:00,3347.39643474,1443.34000000,312.42199711,3034.97443763,1.32311418,2340.15500000,693.49632345,0.1177218373,0.1250000000,3,0,61.50998879
2024-11-12T15:15:00-05:00,3346.25791344,1443.34000000,312.44347581,3033.81443763,1.32311418,2338.99500000,693.49632345,0.1177804583,0.1250000000,3,0,61.50998879
2024-11-12T15:30:00-05:00,3340.78390043,1443.34000000,312.65826280,3028.12563763,1.32311418,2333.30620000,693.49632345,0.1181051373,0.1250000000,3,2,61.50998879
2024-11-12T15:45:00-05:00,3343.03291344,1443.34000000,312.44347581,3030.58943763,1.32311418,2335.77000000,693.49632345,0.1179238200,0.1250000000,3,0,61.50998879
2024-11-13T09:30:00-05:00,3421.52415352,1443.34000000,312.37188015,3109.15227337,601.32842956,1797.60000000,710.22384381,0.1152110960,0.1250000000,1,5,38.52323608
2024-11-13T09:45:00-05:00,3399.82131086,1443.34000000,312.08549749,3087.73581337,2.79986956,2374.71210000,710.22384381,0.1160342770,0.1250000000,3,3,66.64925547
2024-11-13T10:00:00-05:00,3405.74641046,1443.34000000,311.49769710,3094.24871337,2.79986956,2381.22500000,710.22384381,0.1155611535,0.1250000000,3,1,66.64925547
2024-11-13T10:15:00-05:00,3417.77110622,1443.34000000,311.58432785,3106.18677837,0.21793456,2395.74500000,710.22384381,0.1150799220,0.1250000000,4,1,66.76827502
2024-11-13T10:30:00-05:00,3408.42089321,1443.34000000,311.79911484,3096.62177837,0.21793456,2386.18000000,710.22384381,0.1155583188,0.1250000000,4,0,66.76827502
2024-11-13T10:45:00-05:00,3414.80929754,1443.34000000,311.72751918,3103.08177837,0.21793456,2392.64000000,710.22384381,0.1152588907,0.1250000000,4,0,66.76827502
2024-11-13T11:00:00-05:00,3431.33968353,1443.34000000,311.89290516,3119.44677837,0.21793456,2409.00500000,710.22384381,0.1146194883,0.1250000000,4,0,66.76827502
2024-11-13T11:15:00-05:00,3427.45686068,1443.34000000,312.33608232,3115.12077837,0.21793456,2404.67900000,710.22384381,0.1149463739,0.1250000000,4,1,66.76827502
2024-11-13T11:30:00-05:00,3412.95451055,1443.34000000,311.51273219,3101.44177837,0.21793456,2391.00000000,710.22384381,0.1152585184,0.1250000000,4,0,66.76827502
2024-11-13T11:45:00-05:00,3407.85041917,1443.34000000,312.36114080,3095.48927837,0.21793456,2385.04750000,710.22384381,0.1157910971,0.1250000000,4,0,66.76827502
2024-11-13T12:00:00-05:00,3418.89163683,1443.34000000,312.72985847,3106.16177837,0.21793456,2395.72000000,710.22384381,0.1154552283,0.1250000000,4,0,66.76827502
2024-11-13T12:15:00-05:00,3421.21004117,1443.34000000,312.65826280,3108.55177837,0.21793456,2398.11000000,710.22384381,0.1153300829,0.1250000000,4,0,66.76827502
2024-11-13T12:30:00-05:00,3423.04184984,1443.34000000,312.51507148,3110.52677837,0.21793456,2400.08500000,710.22384381,0.1151994239,0.1250000000,4,1,66.76827502
2024-11-13T12:45:00-05:00,3435.64318324,1443.34000000,313.08640487,3122.55677837,0.21793456,2412.11500000,710.22384381,0.1148764157,0.1250000000,4,1,66.76827502
2024-11-13T13:00:00-05:00,3434.88091732,1443.34000000,313.05203895,3121.82887837,0.21793456,2411.38710000,710.22384381,0.1148959412,0.1250000000,4,1,66.76827502
2024-11-13T13:15:00-05:00,3448.11887154,1443.34000000,313.08139317,3135.03747837,0.21793456,2424.59570000,710.22384381,0.1143511311,0.1250000000,4,0,66.76827502
2024-11-13T13:30:00-05:00,3443.26941298,1443.34000000,313.12363462,3130.14577837,0.21793456,2419.70400000,710.22384381,0.1145694891,0.1250000000,4,1,66.76827502
2024-11-13T13:45:00-05:00,3439.40889781,1443.34000000,313.37421944,3126.03467837,0.21793456,2415.59290000,710.22384381,0.1148233679,0.1250000000,4,0,66.76827502
2024-11-13T14:00:00-05:00,3425.32029052,1443.34000000,313.23031215,3112.08997837,0.21793456,2401.64820000,710.22384381,0.1153661825,0.1250000000,4,1,66.76827502
2024-11-13T14:15:00-05:00,3404.08230353,1443.34000000,313.01552516,3091.06677837,0.21793456,2380.62500000,710.22384381,0.1161959805,0.1250000000,4,0,66.76827502
2024-11-13T14:30:00-05:00,3405.72153830,1443.34000000,312.51435552,3093.20718278,21.17352339,2362.09200000,709.94165939,0.1159272528,0.1250000000,3,0,66.02113112
2024-11-13T14:45:00-05:00,3387.40289345,1443.34000000,312.66041067,3074.74248278,21.17352339,2343.62730000,709.94165939,0.1167749533,0.1250000000,3,0,66.02113112
2024-11-13T15:00:00-05:00,3378.27613396,1443.34000000,312.58595118,3065.69018278,21.17352339,2334.57500000,709.94165939,0.1171464650,0.1250000000,3,0,66.02113112
2024-11-13T15:15:00-05:00,3393.02756587,1443.34000000,312.58738310,3080.44018278,21.17352339,2349.32500000,709.94165939,0.1165029350,0.1250000000,3,0,66.02113112
2024-11-13T15:30:00-05:00,3403.03839632,1443.34000000,312.94321354,3090.09518278,21.17352339,2358.98000000,709.94165939,0.1162019950,0.1250000000,3,3,66.02113112
2024-11-13T15:45:00-05:00,3394.54865859,1443.34000000,312.44347581,3082.10518278,21.17352339,2350.99000000,709.94165939,0.1163833201,0.1250000000,3,0,66.02113112
2024-11-14T09:30:00-05:00,3355.72136018,1443.34000000,330.63504647,3025.08631370,1757.64227072,572.24000000,695.20404299,0.1242747207,0.1250000000,2,2,27.49789505
2024-11-14T09:45:00-05:00,3392.59142815,1443.34000000,330.78185944,3061.80956870,0.66552572,2365.94000000,695.20404299,0.1226304613,0.1250000000,4,1,83.69520442
2024-11-14T10:00:00-05:00,3385.80694062,1443.34000000,331.01737192,3054.78956870,0.66552572,2358.92000000,695.20404299,0.1230272116,0.1250000000,4,0,28.21218718
2024-11-14T10:15:00-05:00,3367.13044812,1443.34000000,330.78797665,3036.34247147,1747.88411404,590.68050000,697.77785744,0.1239206757,0.1250000000,3,0,28.21218718
2024-11-14T10:30:00-05:00,3371.11194103,1443.34000000,331.13206955,3039.97987147,1747.88411404,594.31790000,697.77785744,0.1238648292,0.1250000000,3,0,28.21218718
2024-11-14T10:45:00-05:00,3363.48501365,1443.34000000,330.94014218,3032.54487147,1747.88411404,586.88290000,697.77785744,0.1241472235,0.1250000000,3,0,28.21218718
2024-11-14T11:00:00-05:00,3369.13727357,1443.34000000,331.17030210,3037.96697147,1747.88411404,592.30500000,697.77785744,0.1239707020,0.1250000000,3,0,28.21218718
2024-11-14T11:15:00-05:00,3371.70150892,1443.34000000,331.16953745,3040.53197147,1747.88411404,594.87000000,697.77785744,0.1238515308,0.1250000000,3,0,28.21218718
2024-11-14T11:30:00-05:00,3366.18856884,1443.34000000,331.39969737,3034.78887147,1747.88411404,589.12690000,697.77785744,0.1241936618,0.1250000000,3,0,28.21218718
2024-11-14T11:45:00-05:00,3369.21434339,1443.34000000,331.01737192,3038.19697147,1747.88411404,592.53500000,697.77785744,0.1239098791,0.1250000000,3,0,28.21218718
2024-11-14T12:00:00-05:00,3368.62548304,1443.34000000,330.71151156,3037.91397147,1747.88411404,592.25200000,697.77785744,0.1238226803,0.1250000000,3,0,28.21218718
2024-11-14T12:15:00-05:00,3370.29618777,1443.34000000,330.48211629,3039.81407147,1747.88411404,594.15210000,697.77785744,0.1236594386,0.1250000000,3,0,28.21218718
2024-11-14T12:30:00-05:00,3369.97554818,1443.34000000,330.62357671,3039.35197147,1747.88411404,593.69000000,697.77785744,0.1237272144,0.1250000000,3,0,28.21218718
2024-11-14T12:45:00-05:00,3369.58141321,1443.34000000,330.86444174,3038.71697147,1747.88411404,593.05500000,697.77785744,0.1238356170,0.1250000000,3,0,28.21218718
2024-11-14T13:00:00-05:00,3367.69100150,1443.34000000,331.10913003,3036.58187147,1747.88411404,590.91990000,697.77785744,0.1240149444,0.1250000000,3,0,28.21218718
2024-11-14T13:15:00-05:00,3363.99984339,1443.34000000,331.01737192,3032.98247147,1747.88411404,587.32050000,697.77785744,0.1241522175,0.1250000000,3,0,28.21218718
2024-11-14T13:30:00-05:00,3363.68322619,1443.34000000,331.01125471,3032.67197147,1747.88411404,587.01000000,697.77785744,0.1241646679,0.1250000000,3,0,28.21218718
2024-11-14T13:45:00-05:00,3364.38833214,1443.34000000,329.94686067,3034.44147147,1747.88411404,588.77950000,697.77785744,0.1237326800,0.1250000000,3,0,28.21218718
2024-11-14T14:00:00-05:00,3370.17262268,1443.34000000,330.40565120,3039.76697147,1747.88411404,594.10500000,697.77785744,0.1236365433,0.1250000000,3,0,28.21218718
2024-11-14T14:15:00-05:00,3373.94075286,1443.34000000,330.55858138,3043.38217147,1747.88411404,597.72020000,697.77785744,0.1235196041,0.1250000000,3,0,28.21218718
2024-11-14T14:30:00-05:00,3383.34565286,1443.34000000,330.55858138,3052.78707147,1747.88411404,607.12510000,697.77785744,0.1230870365,0.1250000000,3,1,28.21218718
2024-11-14T14:45:00-05:00,3370.08765170,1443.34000000,330.63504647,3039.45260522,1.01994779,2340.65480000,697.77785744,0.1237263162,0.1250000000,4,0,73.26185132
2024-11-14T15:00:00-05:00,3335.05484451,1443.34000000,329.91703928,3005.13780522,1.01994779,2306.34000000,697.77785744,0.1250976067,0.1250000000,4,0,73.26185132
2024-11-14T15:15:00-05:00,3328.05373098,1443.34000000,330.02332576,2998.03040522,1.01994779,2299.23260000,697.77785744,0.1254709930,0.1250000000,4,0,73.26185132
2024-11-14T15:30:00-05:00,3318.18345892,1443.34000000,329.47201246,2988.71144645,1718.69871827,589.37550000,680.63722818,0.1249161090,0.1250000000,3,0,28.21218718
2024-11-14T15:45:00-05:00,3320.27017931,1443.34000000,329.67923286,2990.59094645,1718.69871827,591.25500000,680.63722818,0.1248958620,0.1250000000,3,0,28.21218718
2024-11-15T09:30:00-05:00,3324.21625591,1443.34000000,325.28249022,2998.93376569,1720.50963751,597.78690000,680.63722818,0.1230462516,0.1250000000,3,1,27.49789505
2024-11-15T09:45:00-05:00,3313.31241055,1443.34000000,324.97662986,2988.33578069,14.45105251,2293.24750000,680.63722818,0.1234396982,0.1250000000,4,2,75.24623231
2024-11-15T10:00:00-05:00,3311.63315834,1443.34000000,323.98487765,2987.64828069,14.45105251,2292.56000000,680.63722818,0.1231415351,0.1250000000,4,2,75.24623231
2024-11-15T10:15:00-05:00,3307.14703229,1443.34000000,323.81741910,2983.32961319,6.75528501,2295.93710000,680.63722818,0.1232881060,0.1250000000,5,1,75.46870203
2024-11-15T10:30:00-05:00,3324.05423653,1443.34000000,323.67672334,3000.37751319,6.75528501,2312.98500000,680.63722818,0.1224463345,0.1250000000,5,0,75.46870203
2024-11-15T10:45:00-05:00,3353.23691108,1443.34000000,323.29439789,3029.94251319,6.75528501,2342.55000000,680.63722818,0.1209662637,0.1250000000,5,0,75.46870203
2024-11-15T11:00:00-05:00,3342.01256738,1443.34000000,323.24775419,3018.76481319,6.75528501,2331.37230000,680.63722818,0.1214589124,0.1250000000,5,1,75.46870203
2024-11-15T11:15:00-05:00,3373.70627144,1443.34000000,323.60025825,3050.10601319,6.75528501,2362.71350000,680.63722818,0.1201604018,0.1250000000,5,1,75.46870203
2024-11-15T11:30:00-05:00,3364.60904590,1443.34000000,322.87383990,3041.73520600,14.30736546,2346.87500000,680.55284054,0.1202932484,0.1250000000,4,2,27.49789505
2024-11-15T11:45:00-05:00,3337.94198423,1443.34000000,322.34087823,3015.60110600,14.30736546,2320.74090000,680.55284054,0.1212998401,0.1250000000,4,0,27.49789505
2024-11-15T12:00:00-05:00,3325.02992755,1443.34000000,322.14742155,3002.88250600,14.30736546,2308.02230000,680.55284054,0.1218189498,0.1250000000,4,0,27.49789505
2024-11-15T12:15:00-05:00,3322.76934128,1443.34000000,322.60621209,3000.16312919,1721.98148352,596.68000000,681.50164567,0.1221406723,0.1250000000,3,0,27.49789505
2024-11-15T12:30:00-05:00,3327.56604128,1443.34000000,322.60621209,3004.95982919,1721.98148352,601.47670000,681.50164567,0.1219192596,0.1250000000,3,0,27.49789505
2024-11-15T12:45:00-05:00,3320.44771160,1443.34000000,322.36458241,2998.08312919,1721.98148352,594.60000000,681.50164567,0.1221565634,0.1250000000,3,0,27.49789505
2024-11-15T13:00:00-05:00,3322.86098565,1443.34000000,322.07095646,3000.79002919,1721.98148352,597.30690000,681.50164567,0.1219337905,0.1250000000,3,0,27.49789505
2024-11-15T13:15:00-05:00,3330.36225019,1443.34000000,322.40052100,3007.96172919,1721.98148352,604.47860000,681.50164567,0.1217129057,0.1250000000,3,0,27.49789505
2024-11-15T13:30:00-05:00,3327.98281788,1443.34000000,321.70468868,3006.27812919,1721.98148352,602.79500000,681.50164567,0.1215594096,0.1250000000,3,0,27.49789505
2024-11-15T13:45:00-05:00,3321.67485153,1443.34000000,321.23672234,3000.43812919,1721.98148352,596.95500000,681.50164567,0.1216725939,0.1250000000,3,0,27.49789505
2024-11-15T14:00:00-05:00,3318.30393239,1443.34000000,321.42100320,2996.88292919,1721.98148352,593.39980000,681.50164567,0.1218980296,0.1250000000,3,0,27.49789505
2024-11-15T14:15:00-05:00,3310.82943476,1443.34000000,321.30630557,2989.52312919,1721.98148352,586.04000000,681.50164567,0.1222009317,0.1250000000,3,0,27.49789505
2024-11-15T14:30:00-05:00,3317.83615548,1443.34000000,321.91802628,2995.91812919,1721.98148352,592.43500000,681.50164567,0.1221081866,0.1250000000,3,0,27.49789505
2024-11-15T14:45:00-05:00,3317.16055975,1443.34000000,321.95702348,2995.20353627,1736.67686505,576.69920000,681.82747122,0.1221693853,0.1250000000,2,0,27.49789505
2024-11-15T15:00:00-05:00,3311.46706019,1443.34000000,322.03272392,2989.43433627,1736.67686505,570.93000000,681.82747122,0.1224626847,0.1250000000,2,0,27.49789505
2024-11-15T15:15:00-05:00,3309.86012291,1443.34000000,322.22388664,2987.63623627,1736.67686505,569.13190000,681.82747122,0.1226103056,0.1250000000,2,1,27.49789505
2024-11-15T15:30:00-05:00,3302.37309807,1443.34000000,321.76356680,2980.60953127,5.63956005,2293.14250000,681.82747122,0.1227849512,0.1250000000,3,1,59.40305485
2024-11-15T15:45:00-05:00,3301.89091791,1443.34000000,322.22388664,2979.66703127,5.63956005,2292.20000000,681.82747122,0.1229832381,0.1250000000,3,3,59.40305485
2024-11-18T09:30:00-05:00,3340.29349898,1443.34000000,323.14146771,3017.15203127,5.63956005,2329.68500000,681.82747122,0.1215518515,0.1250000000,3,3,27.49789505
2024-11-18T09:45:00-05:00,3309.61791152,1443.34000000,322.91207245,2986.70583908,2302.34104676,6.76010000,677.60469232,0.1226863414,0.1250000000,2,0,0.25241111
2024-11-18T10:00:00-05:00,3310.52382751,1443.34000000,323.75318843,2986.77063908,2302.34104676,6.82490000,677.60469232,0.1229635898,0.1250000000,2,1,0.25241111
2024-11-18T10:15:00-05:00,3324.37481554,1443.34000000,324.21197897,3000.16283658,316.98314426,2005.57500000,677.60469232,0.1224934406,0.1250000000,3,1,49.06014245
2024-11-18T10:30:00-05:00,3340.27081743,1443.34000000,324.45972585,3015.81109158,13.09539926,2325.11100000,677.60469232,0.1218552047,0.1250000000,4,1,66.21382561
2024-11-18T10:45:00-05:00,3317.12864343,1443.34000000,324.58895186,2992.53969158,13.09539926,2301.83960000,677.60469232,0.1229725351,0.1250000000,4,1,66.21382561
2024-11-18T11:00:00-05:00,3336.05996108,1443.34000000,324.67076950,3011.38919158,13.09539926,2320.68910000,677.60469232,0.1221276029,0.1250000000,4,2,66.08043406
2024-11-18T11:15:00-05:00,3333.19209733,1443.34000000,324.58589325,3008.60620408,1.23651176,2329.76500000,677.60469232,0.1222275315,0.1250000000,5,0,66.54224739
2024-11-18T11:30:00-05:00,3338.95884075,1443.34000000,324.64018347,3014.31865728,3.86942523,2332.81460000,677.63463206,0.1219844551,0.1250000000,4,0,66.54224739
2024-11-18T11:45:00-05:00,3332.64243195,1443.34000000,324.51707467,3008.12535728,3.86942523,2326.62130000,677.63463206,0.1222282943,0.1250000000,4,0,66.54224739
2024-11-18T12:00:00-05:00,3330.42533894,1443.34000000,324.50178165,3005.92355728,3.86942523,2324.41950000,677.63463206,0.1223246828,0.1250000000,4,1,66.54224739
2024-11-18T12:15:00-05:00,3339.53654498,1443.34000000,324.49948770,3015.03705728,3.86942523,2333.53300000,677.63463206,0.1219051259,0.1250000000,4,0,66.54224739
2024-11-18T12:30:00-05:00,3325.98688550,1443.34000000,324.34502822,3001.64185728,3.86942523,2320.13780000,677.63463206,0.1224705013,0.1250000000,4,0,66.54224739
2024-11-18T12:45:00-05:00,3313.72803152,1443.34000000,324.44137423,2989.28665728,3.86942523,2307.78260000,677.63463206,0.1230765853,0.1250000000,4,0,66.54224739
2024-11-18T13:00:00-05:00,3299.00329661,1443.34000000,324.51783932,2974.48545728,3.86942523,2292.98140000,677.63463206,0.1237971002,0.1250000000,4,0,66.54224739
2024-11-18T13:15:00-05:00,3296.37716406,1443.34000000,324.47960678,2971.89755728,3.86942523,2290.39350000,677.63463206,0.1239066471,0.1250000000,4,0,66.54224739
2024-11-18T13:30:00-05:00,3284.16907160,1443.34000000,324.21121431,2959.95785728,3.86942523,2278.45380000,677.63463206,0.1243840133,0.1250000000,4,0,66.54224739
2024-11-18T13:45:00-05:00,3270.19337608,1443.34000000,324.47196027,2945.72141581,1957.56343702,329.11960000,659.03837878,0.1242637686,0.1250000000,3,0,17.73451604
2024-11-18T14:00:00-05:00,3269.26564821,1443.34000000,324.28844405,2944.97720416,1961.86915689,324.03000000,659.07804726,0.1242395159,0.1250000000,2,0,17.73451604
2024-11-18T14:15:00-05:00,3265.70918312,1443.34000000,324.21197897,2941.49720416,1961.86915689,320.55000000,659.07804726,0.1243796924,0.1250000000,2,0,17.73451604
2024-11-18T14:30:00-05:00,3268.17470857,1443.34000000,324.59430441,2943.58040416,1961.86915689,322.63320000,659.07804726,0.1244086926,0.1250000000,2,0,17.73451604
2024-11-18T14:45:00-05:00,3268.41797366,1443.34000000,324.67076950,2943.74720416,1961.86915689,322.80000000,659.07804726,0.1244263985,0.1250000000,2,0,17.73451604
2024-11-18T15:00:00-05:00,3268.25227322,1443.34000000,324.59506906,2943.65720416,1961.86915689,322.71000000,659.07804726,0.1244052872,0.1250000000,2,0,17.73451604
2024-11-18T15:15:00-05:00,3270.66977085,1443.34000000,324.70976670,2945.96000416,1961.86915689,325.01280000,659.07804726,0.1243340465,0.1250000000,2,0,17.73451604
2024-11-18T15:30:00-05:00,3268.68720901,1443.34000000,324.67000485,2944.01720416,1961.86915689,323.07000000,659.07804726,0.1244132683,0.1250000000,2,1,17.73451604
2024-11-18T15:45:00-05:00,3291.40706848,1443.34000000,324.51783932,2966.88922916,3.10118189,2304.71000000,659.07804726,0.1232816402,0.1250000000,3,0,80.62113323
2024-11-19T09:30:00-05:00,3186.71125965,1443.34000000,323.98258370,2862.72867595,1921.35478413,306.09000000,635.28389182,0.1269809158,0.1250000000,2,3,17.73451604
2024-11-19T09:45:00-05:00,3179.00800558,1443.34000000,323.75318843,2855.25481715,1.43752533,2218.53340000,635.28389182,0.1272752759,0.1250000000,4,0,83.84804152
2024-11-19T10:00:00-05:00,3193.95460558,1443.34000000,323.75318843,2870.20141715,1.43752533,2233.48000000,635.28389182,0.1265317912,0.1250000000,4,2,83.84804152
2024-11-19T10:15:00-05:00,3216.85363147,1443.34000000,324.21121431,2892.64241715,1.43752533,2255.92100000,635.28389182,0.1255868510,0.1250000000,4,2,83.84804152
2024-11-19T10:30:00-05:00,3238.08925647,1443.34000000,324.51783932,2913.57141715,1.43752533,2276.85000000,635.28389182,0.1246800255,0.1250000000,4,2,83.84804152
2024-11-19T10:45:00-05:00,3218.51218665,1443.34000000,324.67076950,2893.84141715,1.43752533,2257.12000000,635.28389182,0.1256841179,0.1250000000,4,1,83.84804152
2024-11-19T11:00:00-05:00,3246.92865174,1443.34000000,324.74723459,2922.18141715,1.43752533,2285.46000000,635.28389182,0.1243458680,0.1250000000,4,1,83.84804152
2024-11-19T11:15:00-05:00,3250.10158192,1443.34000000,324.90016477,2925.20141715,1.43752533,2288.48000000,635.28389182,0.1242534675,0.1250000000,4,1,83.84804152
2024-11-19T11:30:00-05:00,3258.35511683,1443.34000000,324.82369968,2933.53141715,1.43752533,2296.81000000,635.28389182,0.1238333510,0.1250000000,4,1,83.84804152
2024-11-19T11:45:00-05:00,3263.22334938,1443.34000000,324.86193223,2938.36141715,1.43752533,2301.64000000,635.28389182,0.1236184994,0.1250000000,4,1,83.84804152
2024-11-19T12:00:00-05:00,3293.27158192,1443.34000000,324.90016477,2968.37141715,1.43752533,2331.65000000,635.28389182,0.1222353911,0.1250000000,4,0,18.08027121
2024-11-19T12:15:00-05:00,3297.07904701,1443.34000000,324.97662986,2972.10241715,1.43752533,2335.38100000,635.28389182,0.1220892709,0.1250000000,4,0,18.08027121
2024-11-19T12:30:00-05:00,3294.23804701,1443.34000000,324.97662986,2969.26141715,1.43752533,2332.54000000,635.28389182,0.1222197191,0.1250000000,4,1,18.08027121
2024-11-19T12:45:00-05:00,3289.06804701,1443.34000000,324.97662986,2964.09141715,1.43752533,2327.37000000,635.28389182,0.1224578228,0.1250000000,4,0,18.08027121
2024-11-19T13:00:00-05:00,3290.52281166,1443.34000000,324.97739451,2965.54541715,1.43752533,2328.82400000,635.28389182,0.1223910180,0.1250000000,4,1,18.08027121
2024-11-19T13:15:00-05:00,3327.73859211,1443.34000000,325.12956004,3002.60903207,1994.17034678,325.05340000,683.38528529,0.1229523904,0.1250000000,3,0,18.08027121
2024-11-19T13:30:00-05:00,3327.56732603,1443.34000000,325.23049396,3002.33683207,1994.17034678,324.78120000,683.38528529,0.1229985262,0.1250000000,3,0,18.08027121
2024-11-19T13:45:00-05:00,3332.00292229,1443.34000000,325.28249022,3006.72043207,1994.17034678,329.16480000,683.38528529,0.1228121740,0.1250000000,3,0,18.08027121
2024-11-19T14:00:00-05:00,3332.38089255,1443.34000000,325.20526048,3007.17563207,1994.17034678,329.62000000,683.38528529,0.1227654963,0.1250000000,3,1,18.08027121
2024-11-19T14:15:00-05:00,3303.25782255,1443.34000000,325.20526048,2978.05256207,9.92327678,2284.74400000,683.38528529,0.1241301841,0.1250000000,4,1,105.27148685
2024-11-19T14:30:00-05:00,3315.56906546,1443.34000000,325.12879539,2990.44027007,0.46018478,2306.59480000,683.38528529,0.1235205527,0.1250000000,5,0,106.30223269
2024-11-19T14:45:00-05:00,3303.94734429,1443.34000000,325.28249022,2978.66485407,0.46018478,2294.81938400,683.38528529,0.1241269937,0.1250000000,5,0,106.30223269
2024-11-19T15:00:00-05:00,3324.49996029,1443.34000000,325.28249022,2999.21747007,0.46018478,2315.37200000,683.38528529,0.1231610627,0.1250000000,5,0,106.30223269
2024-11-19T15:15:00-05:00,3321.88622538,1443.34000000,325.35895531,2996.52727007,0.46018478,2312.68180000,683.38528529,0.1233120483,0.1250000000,5,0,106.30223269
2024-11-19T15:30:00-05:00,3307.47942538,1443.34000000,325.35895531,2982.12047007,0.46018478,2298.27500000,683.38528529,0.1239890560,0.1250000000,5,1,106.30223269
2024-11-19T15:45:00-05:00,3301.94556029,1443.34000000,325.28249022,2976.66307007,0.46018478,2292.81760000,683.38528529,0.1242218838,0.1250000000,5,1,106.30223269
2024-11-20T09:30:00-05:00,3210.77713441,1443.34000000,323.37086298,2887.40627143,65.92072786,2173.70480000,647.78074357,0.1261690669,0.1250000000,3,3,50.88645650
2024-11-20T09:45:00-05:00,3187.77193888,1443.34000000,322.91207245,2864.85986643,1868.39096250,361.64000000,634.82890393,0.1264862036,0.1250000000,2,0,18.79211600
2024-11-20T10:00:00-05:00,3186.35372262,1443.34000000,321.61216593,2864.74155670,1931.45218737,299.04000000,634.24936933,0.1260184230,0.1250000000,1,0,17.27270271
2024-11-20T10:15:00-05:00,3185.39009481,1443.34000000,321.34453811,2864.04555670,1931.45218737,298.34400000,634.24936933,0.1259611181,0.1250000000,1,0,17.27270271
2024-11-20T10:30:00-05:00,3187.07483861,1443.34000000,322.45328191,2864.62155670,1931.45218737,298.92000000,634.24936933,0.1263123099,0.1250000000,1,2,17.27270271
2024-11-20T10:45:00-05:00,3193.59225450,1443.34000000,323.21793280,2870.37432170,27.04495237,2209.08000000,634.24936933,0.1262894217,0.1250000000,2,0,69.71579357
2024-11-20T11:00:00-05:00,3223.85231059,1443.34000000,322.43798889,2901.41432170,27.04495237,2240.12000000,634.24936933,0.1245125203,0.1250000000,2,0,69.71579357
2024-11-20T11:15:00-05:00,3199.42805204,1443.34000000,322.27053035,2877.15752170,27.04495237,2215.86320000,634.24936933,0.1256327805,0.1250000000,2,0,69.71579357
2024-11-20T11:30:00-05:00,3206.24153653,1443.34000000,322.73161483,2883.50992170,27.04495237,2222.21560000,634.24936933,0.1254792370,0.1250000000,2,1,69.71579357
2024-11-20T11:45:00-05:00,3220.72153391,1443.34000000,323.98681222,2896.73472170,27.04495237,2235.44040000,634.24936933,0.1252620526,0.1250000000,2,0,69.71579357
2024-11-20T12:00:00-05:00,3232.59932432,1443.34000000,323.06500262,2909.53432170,27.04495237,2248.24000000,634.24936933,0.1243346771,0.1250000000,2,0,17.27270271
2024-11-20T12:15:00-05:00,3249.86972432,1443.34000000,323.06500262,2926.80472170,27.04495237,2265.51040000,634.24936933,0.1235137209,0.1250000000,2,0,17.27270271
2024-11-20T12:30:00-05:00,3244.96612432,1443.34000000,323.06500262,2921.90112170,27.04495237,2260.60680000,634.24936933,0.1237457116,0.1250000000,2,0,17.27270271
2024-11-20T12:45:00-05:00,3273.57933379,1443.34000000,322.60621209,2950.97312170,27.04495237,2289.67880000,634.24936933,0.1222303450,0.1250000000,2,1,17.27270271
2024-11-20T13:00:00-05:00,3281.09411330,1443.34000000,322.91207245,2958.18204086,1971.59236322,314.09000000,672.49967764,0.1237877640,0.1250000000,2,1,18.27034117
2024-11-20T13:15:00-05:00,3268.16784348,1443.34000000,323.06500262,2945.10284086,4.51816322,2268.08500000,672.49967764,0.1244631370,0.1250000000,3,0,72.77759435
2024-11-20T13:30:00-05:00,3230.31562709,1443.34000000,322.29270522,2908.02292187,297.38867990,1944.60500000,666.02924196,0.1256851446,0.1250000000,2,0,55.50489164
2024-11-20T13:45:00-05:00,3221.12599845,1443.34000000,322.33705497,2898.78894347,2229.21962251,24.23850000,645.33082096,0.1251407945,0.1250000000,1,0,0.99763846
2024-11-20T14:00:00-05:00,3220.92786502,1443.34000000,322.14742155,2898.78044347,2229.21962251,24.23000000,645.33082096,0.1250767943,0.1250000000,1,0,0.99763846
2024-11-20T14:15:00-05:00,3221.05579520,1443.34000000,322.30035173,2898.75544347,2229.21962251,24.20500000,645.33082096,0.1251299556,0.1250000000,1,0,0.99763846
2024-11-20T14:30:00-05:00,3221.76080800,1443.34000000,322.94036453,2898.82044347,2229.21962251,24.27000000,645.33082096,0.1253441258,0.1250000000,1,0,0.99763846
2024-11-20T14:45:00-05:00,3221.28441647,1443.34000000,322.65897300,2898.62544347,2229.21962251,24.07500000,645.33082096,0.1252580689,0.1250000000,1,0,0.99763846
2024-11-20T15:00:00-05:00,3221.58458574,1443.34000000,322.75914227,2898.82544347,2229.21962251,24.27500000,645.33082096,0.1252823564,0.1250000000,1,0,0.99763846
2024-11-20T15:15:00-05:00,3222.60640779,1443.34000000,323.33596432,2899.27044347,2229.21962251,24.72000000,645.33082096,0.1254564960,0.1250000000,1,2,0.99763846
2024-11-20T15:30:00-05:00,3224.94574476,1443.34000000,324.21197897,2900.73376580,8.51844484,2246.88450000,645.33082096,0.1256823164,0.1250000000,3,0,37.65601198
2024-11-20T15:45:00-05:00,3222.02960039,1443.34000000,324.74723459,2897.28236580,8.51844484,2243.43310000,645.33082096,0.1260322849,0.1250000000,3,3,37.65601198
2024-11-21T09:30:00-05:00,3240.51441816,1443.34000000,322.22388664,2918.29053152,26.82279432,2246.51270000,644.95503720,0.1241442939,0.1250000000,3,3,36.65837353
2024-11-21T09:45:00-05:00,3247.01331772,1443.34000000,322.14818620,2924.86513152,26.82279432,2253.08730000,644.95503720,0.1238051387,0.1250000000,3,1,36.65837353
2024-11-21T10:00:00-05:00,3239.85525307,1443.34000000,322.14742155,2917.70783152,26.82279432,2245.93000000,644.95503720,0.1241463620,0.1250000000,3,0,36.65837353
2024-11-21T10:15:00-05:00,3204.10116075,1443.34000000,320.15932923,2883.94183152,26.82279432,2212.16400000,644.95503720,0.1251039658,0.1250000000,3,0,31.85295481
2024-11-21T10:30:00-05:00,3209.42159839,1443.34000000,320.84751503,2888.57408336,320.57815723,1922.55000000,645.44592613,0.1251367236,0.1250000000,2,0,31.85295481
2024-11-21T10:45:00-05:00,3235.42676054,1443.34000000,322.68267718,2912.74408336,320.57815723,1946.72000000,645.44592613,0.1245888282,0.1250000000,2,2,31.85295481
2024-11-21T11:00:00-05:00,3243.88390465,1443.34000000,322.98853754,2920.89536711,4.18604098,2271.26340000,645.44592613,0.1243010379,0.1250000000,3,1,39.17488195
2024-11-21T11:15:00-05:00,3244.64049799,1443.34000000,323.40833088,2921.23216711,4.18604098,2271.60020000,645.44592613,0.1244263644,0.1250000000,3,0,39.17488195
2024-11-21T11:30:00-05:00,3232.66968141,1443.34000000,323.37086298,2909.29881843,10.24425541,2253.60060000,645.45396302,0.1249879787,0.1250000000,2,0,39.17488195
2024-11-21T11:45:00-05:00,3225.85102997,1443.34000000,322.85931153,2902.99171843,10.24425541,2247.29350000,645.45396302,0.1251200118,0.1250000000,2,1,39.17488195
2024-11-21T12:00:00-05:00,3223.65900349,1443.34000000,323.43203505,2900.22696843,0.03660541,2254.73640000,645.45396302,0.1254485310,0.1250000000,3,0,39.40255019
2024-11-21T12:15:00-05:00,3225.04908231,1443.34000000,324.13551388,2900.91356843,0.03660541,2255.42300000,645.45396302,0.1256536390,0.1250000000,3,2,39.40255019
2024-11-21T12:30:00-05:00,3220.38050776,1443.34000000,324.51783932,2895.86266843,0.03660541,2250.37210000,645.45396302,0.1260299405,0.1250000000,3,0,39.40255019
2024-11-21T12:45:00-05:00,3210.17371012,1443.34000000,324.40314169,2885.77056843,0.03660541,2240.28000000,645.45396302,0.1264867797,0.1250000000,3,0,32.08062305
2024-11-21T13:00:00-05:00,3209.74043320,1443.34000000,324.90016477,2884.84026843,0.03660541,2239.34970000,645.45396302,0.1267019768,0.1250000000,3,0,32.08062305
2024-11-21T13:15:00-05:00,3200.46925200,1443.34000000,324.86193223,2875.60731978,1906.85507025,335.61000000,633.14224953,0.1265370293,0.1250000000,2,1,0.22766824
2024-11-21T13:30:00-05:00,3198.61573955,1443.34000000,324.90016477,2873.71557478,49.80332525,2190.77000000,633.14224953,0.1266433530,0.1250000000,3,2,28.94341861
2024-11-21T13:45:00-05:00,3200.57192821,1443.34000000,324.97662986,2875.59529835,0.46444882,2241.98860000,633.14224953,0.1265766430,0.1250000000,5,1,31.05829881
2024-11-21T14:00:00-05:00,3199.11263767,1443.34000000,324.51783932,2874.59479835,0.46444882,2240.98810000,633.14224953,0.1264698302,0.1250000000,5,1,31.05829881
2024-11-21T14:15:00-05:00,3208.28826741,1443.34000000,324.59506906,2883.69319835,0.46444882,2250.08650000,633.14224953,0.1260491898,0.1250000000,5,1,31.05829881
2024-11-21T14:30:00-05:00,3209.17469567,1443.34000000,324.93839731,2884.23629835,0.46444882,2250.62960000,633.14224953,0.1261390934,0.1250000000,5,0,31.05829881
2024-11-21T14:45:00-05:00,3213.28896125,1443.34000000,324.92616290,2888.36279835,0.46444882,2254.75610000,633.14224953,0.1259332120,0.1250000000,5,0,31.05829881
2024-11-21T15:00:00-05:00,3220.61477180,1443.34000000,325.35207345,2895.26269835,0.46444882,2261.65600000,633.14224953,0.1257412671,0.1250000000,5,0,31.05829881
2024-11-21T15:15:00-05:00,3224.51571644,1443.34000000,325.38571809,2899.12999835,0.46444882,2265.52330000,633.14224953,0.1255649648,0.1250000000,5,1,31.05829881
2024-11-21T15:30:00-05:00,3226.18510694,1443.34000000,324.74723459,2901.43787234,319.37590845,1947.44010000,634.62186389,0.1253093998,0.1250000000,4,0,31.05829881
2024-11-21T15:45:00-05:00,3226.74294185,1443.34000000,324.67076950,2902.07217234,319.37590845,1948.07440000,634.62186389,0.1252529337,0.1250000000,4,0,31.05829881
2024-11-22T09:30:00-05:00,3208.91652319,1443.34000000,324.93916197,2883.97736123,321.30549734,1928.05000000,634.62186389,0.1262245411,0.1250000000,4,2,30.90987352
2024-11-22T09:45:00-05:00,3204.06257539,1443.34000000,324.98045311,2879.08212228,10.97475120,2233.55890000,634.54847107,0.1264754502,0.1250000000,4,1,35.73984445
2024-11-22T10:00:00-05:00,3201.58112385,1443.34000000,324.51783932,2877.06328453,1.45061345,2241.06420000,634.54847107,0.1264174957,0.1250000000,5,1,35.98193036
2024-11-22T10:15:00-05:00,3212.45873804,1443.34000000,323.82965352,2888.62908453,1.45061345,2252.63000000,634.54847107,0.1256171162,0.1250000000,5,0,35.98193036
2024-11-22T10:30:00-05:00,3211.34924929,1443.34000000,324.90016477,2886.44908453,1.45061345,2250.45000000,634.54847107,0.1260866449,0.1250000000,5,1,34.01547545
2024-11-22T10:45:00-05:00,3201.80424929,1443.34000000,324.90016477,2876.90408453,1.45061345,2240.90500000,634.54847107,0.1265554323,0.1250000000,5,1,34.01547545
2024-11-22T11:00:00-05:00,3187.36838894,1443.34000000,324.59430441,2862.77408453,1.45061345,2226.77500000,634.54847107,0.1271512738,0.1250000000,5,1,34.01547545
2024-11-22T11:15:00-05:00,3184.49650252,1443.34000000,324.32361800,2860.17288453,1.45061345,2224.17380000,634.54847107,0.1271883246,0.1250000000,5,1,34.01547545
2024-11-22T11:30:00-05:00,3178.94964766,1443.34000000,324.26856313,2854.68108453,1.45061345,2218.68200000,634.54847107,0.1274439605,0.1250000000,5,1,34.01547545
2024-11-22T11:45:00-05:00,3180.24607728,1443.34000000,324.67459276,2855.57148453,1.45061345,2219.57240000,634.54847107,0.1275385544,0.1250000000,5,1,33.35948420
2024-11-22T12:00:00-05:00,3180.93717947,1443.34000000,325.05309495,2855.88408453,1.45061345,2219.88500000,634.54847107,0.1276525826,0.1250000000,5,1,33.35948420
2024-11-22T12:15:00-05:00,3170.23158720,1443.34000000,325.12956004,2845.10202716,1839.54754697,382.13820000,623.41628020,0.1276612243,0.1250000000,4,0,4.64373384
2024-11-22T12:30:00-05:00,3170.10185702,1443.34000000,324.97662986,2845.12522716,1839.54754697,382.16140000,623.41628020,0.1276076767,0.1250000000,4,1,4.64373384
2024-11-22T12:45:00-05:00,3175.82841256,1443.34000000,325.43542040,2850.39299216,0.78951197,2226.18720000,623.41628020,0.1275011258,0.1250000000,5,1,44.19089737
2024-11-22T13:00:00-05:00,3172.00127530,1443.34000000,325.47365294,2846.52762236,49.21200270,2173.34980000,623.96581966,0.1277351350,0.1250000000,4,2,44.19089737
2024-11-22T13:15:00-05:00,3166.95385271,1443.34000000,325.35895531,2841.59489741,0.20867775,2217.42040000,623.96581966,0.1279435652,0.1250000000,6,0,45.15714898
2024-11-22T13:30:00-05:00,3177.60615745,1443.34000000,325.12956004,2852.47659741,0.20867775,2228.30210000,623.96581966,0.1273200283,0.1250000000,6,0,45.15714898
2024-11-22T13:45:00-05:00,3186.11945271,1443.34000000,325.35895531,2860.76049741,0.20867775,2236.58600000,623.96581966,0.1269865129,0.1250000000,6,0,45.15714898
2024-11-22T14:00:00-05:00,3177.79617829,1443.34000000,324.96668940,2852.82948889,13.52206669,2214.86000000,624.44742220,0.1272707806,0.1250000000,5,0,45.15714898
2024-11-22T14:15:00-05:00,3189.86140709,1443.34000000,325.05691820,2864.80448889,13.52206669,2226.83500000,624.44742220,0.1267073931,0.1250000000,5,0,44.91506306
2024-11-22T14:30:00-05:00,3181.76536707,1443.34000000,325.12267818,2856.64268889,13.52206669,2218.67320000,624.44742220,0.1271342419,0.1250000000,5,0,44.91506306
2024-11-22T14:45:00-05:00,3179.96992669,1443.34000000,325.27178510,2854.69814158,23.11066285,2207.10220000,624.48527873,0.1272837954,0.1250000000,4,0,44.91506306
2024-11-22T15:00:00-05:00,3184.73817617,1443.34000000,324.74723459,2859.99094158,23.11066285,2212.39500000,624.48527873,0.1268418581,0.1250000000,4,1,44.91506306
2024-11-22T15:15:00-05:00,3188.33131144,1443.34000000,324.97662986,2863.35468158,1.41440285,2237.45500000,624.48527873,0.1267535670,0.1250000000,5,1,45.73431752
2024-11-22T15:30:00-05:00,3174.96876449,1443.34000000,324.89328291,2850.07548158,1.41440285,2224.17580000,624.48527873,0.1273849781,0.1250000000,5,1,45.73431752
2024-11-22T15:45:00-05:00,3158.80174162,1443.34000000,325.12956004,2833.67218158,1.41440285,2207.77250000,624.48527873,0.1282908290,0.1250000000,5,1,45.73431752
2024-11-25T09:30:00-05:00,3227.21581939,1443.34000000,328.34109379,2898.87472560,365.29147417,1906.10180000,627.48145143,0.1262979395,0.1250000000,2,4,0.81925446
2024-11-25T09:45:00-05:00,3204.13820434,1443.34000000,327.30193323,2876.83627111,378.82739804,1875.32000000,622.68887307,0.1267899894,0.1250000000,1,0,0.00000000
2024-11-25T10:00:00-05:00,3189.48634240,1443.34000000,326.20007129,2863.28627111,378.82739804,1861.77000000,622.68887307,0.1270844604,0.1250000000,1,0,0.00000000
2024-11-25T10:15:00-05:00,3230.84976168,1443.34000000,326.91349057,2903.93627111,378.82739804,1902.42000000,622.68887307,0.1253425324,0.1250000000,1,1,0.00000000
2024-11-25T10:30:00-05:00,3219.09437927,1443.34000000,326.73532691,2892.35905236,28.94017929,2240.73000000,622.68887307,0.1258414089,0.1250000000,2,3,10.43838134
2024-11-25T10:45:00-05:00,3199.99863628,1443.34000000,326.50440234,2873.49423393,0.36086086,2250.44450000,622.68887307,0.1266841910,0.1250000000,3,1,11.46806203
2024-11-25T11:00:00-05:00,3219.59432830,1443.34000000,326.69709437,2892.89723393,0.36086086,2269.84750000,622.68887307,0.1258024599,0.1250000000,3,1,11.46806203
2024-11-25T11:15:00-05:00,3214.75899103,1443.34000000,326.88825709,2887.87073393,0.36086086,2264.82100000,622.68887307,0.1261108852,0.1250000000,3,0,11.46806203
2024-11-25T11:30:00-05:00,3209.35596795,1443.34000000,326.39123401,2882.96473393,0.36086086,2259.91500000,622.68887307,0.1261821572,0.1250000000,3,0,11.46806203
2024-11-25T11:45:00-05:00,3213.46986558,1443.34000000,326.50593165,2886.96393393,0.36086086,2263.91420000,622.68887307,0.1260260642,0.1250000000,3,0,11.46806203
2024-11-25T12:00:00-05:00,3190.42867504,1443.34000000,326.04714111,2864.38153393,0.36086086,2241.33180000,622.68887307,0.1269782635,0.1250000000,3,0,11.46806203
2024-11-25T12:15:00-05:00,3180.46005862,1443.34000000,325.13032469,2855.32973393,0.36086086,2232.28000000,622.68887307,0.1271147030,0.1250000000,3,0,11.46806203
2024-11-25T12:30:00-05:00,3187.44593361,1443.34000000,324.82369968,2862.62223393,0.36086086,2239.57250000,622.68887307,0.1266489153,0.1250000000,3,0,11.46806203
2024-11-25T12:45:00-05:00,3198.89644960,1443.34000000,325.66481566,2873.23163393,0.36086086,2250.18190000,622.68887307,0.1264124904,0.1250000000,3,0,11.46806203
2024-11-25T13:00:00-05:00,3205.83640061,1443.34000000,326.10066667,2879.73573393,0.36086086,2256.68600000,622.68887307,0.1262415960,0.1250000000,3,0,11.46806203
2024-11-25T13:15:00-05:00,3212.97670995,1443.34000000,325.97067602,2887.00603393,0.36086086,2263.95630000,622.68887307,0.1258434184,0.1250000000,3,0,11.46806203
2024-11-25T13:30:00-05:00,3211.44894486,1443.34000000,325.89421093,2885.55473393,0.36086086,2262.50500000,622.68887307,0.1258881480,0.1250000000,3,1,11.46806203
2024-11-25T13:45:00-05:00,3211.01345004,1443.34000000,325.74051610,2885.27293393,0.36086086,2262.22320000,622.68887307,0.1258499490,0.1250000000,3,2,11.46806203
2024-11-25T14:00:00-05:00,3221.57051375,1443.34000000,325.75427982,2895.81623393,0.36086086,2272.76650000,622.68887307,0.1253440229,0.1250000000,3,1,11.46806203
2024-11-25T14:15:00-05:00,3227.35794960,1443.34000000,325.66481566,2901.69313393,0.36086086,2278.64340000,622.68887307,0.1250311675,0.1250000000,3,1,11.46806203
2024-11-25T14:30:00-05:00,3228.66779149,1443.34000000,325.57305756,2903.09473393,0.36086086,2280.04500000,622.68887307,0.1249331126,0.1250000000,3,1,11.46806203
2024-11-25T14:45:00-05:00,3223.51480727,1443.34000000,325.68087333,2897.83393393,0.36086086,2274.78420000,622.68887307,0.1252220954,0.1250000000,3,2,11.46806203
2024-11-25T15:00:00-05:00,3213.60308451,1443.34000000,325.58835057,2888.01473393,0.36086086,2264.96500000,622.68887307,0.1256654308,0.1250000000,3,2,11.46806203
2024-11-25T15:15:00-05:00,3210.29680353,1443.34000000,325.73286959,2884.56393393,0.36086086,2261.51420000,622.68887307,0.1258818485,0.1250000000,3,0,11.46806203
2024-11-25T15:30:00-05:00,3231.76553370,1443.34000000,325.88579977,2905.87973393,0.36086086,2282.83000000,622.68887307,0.1249046472,0.1250000000,3,1,11.46806203
2024-11-25T15:45:00-05:00,3216.08187504,1443.34000000,326.04714111,2890.03473393,0.36086086,2266.98500000,622.68887307,0.1257222260,0.1250000000,3,3,11.46806203
2024-11-26T09:30:00-05:00,3192.28767090,1443.34000000,327.66514240,2864.62252850,2203.44920533,30.00200000,631.17132317,0.1279384057,0.1250000000,1,1,0.00000000
2024-11-26T09:45:00-05:00,3163.82382629,1443.34000000,327.70261030,2836.12121600,540.45289283,1664.49700000,631.17132317,0.1293910672,0.1250000000,2,1,50.28513508
2024-11-26T10:00:00-05:00,3190.66113426,1443.34000000,327.76760562,2862.89352864,54.18316410,2177.24470000,631.46566454,0.1280744709,0.1250000000,2,0,68.70993987
2024-11-26T10:15:00-05:00,3202.06957154,1443.34000000,327.57644290,2874.49312864,54.18316410,2188.84430000,631.46566454,0.1274317066,0.1250000000,2,0,50.28513508
2024-11-26T10:30:00-05:00,3203.60823190,1443.34000000,327.88230326,2875.72592864,54.18316410,2190.07710000,631.46566454,0.1274743894,0.1250000000,2,1,50.28513508
2024-11-26T10:45:00-05:00,3194.62395130,1443.34000000,327.64679078,2866.97716052,0.58549597,2234.92600000,631.46566454,0.1278293239,0.1250000000,3,0,52.81238701
2024-11-26T11:00:00-05:00,3204.35510341,1443.34000000,327.57644290,2876.77866052,0.58549597,2244.72750000,631.46566454,0.1273185073,0.1250000000,3,0,50.28513508
2024-11-26T11:15:00-05:00,3196.17576850,1443.34000000,327.65290799,2868.52286052,0.58549597,2236.47170000,631.46566454,0.1277543639,0.1250000000,3,0,50.28513508
2024-11-26T11:30:00-05:00,3208.72656850,1443.34000000,327.65290799,2881.07366052,0.58549597,2249.02250000,631.46566454,0.1271322230,0.1250000000,3,0,50.28513508
2024-11-26T11:45:00-05:00,3209.29255641,1443.34000000,327.65749589,2881.63506052,0.58549597,2249.58390000,631.46566454,0.1271060896,0.1250000000,3,0,50.28513508
2024-11-26T12:00:00-05:00,3196.79323833,1443.34000000,327.49997781,2869.29326052,0.58549597,2237.24210000,631.46566454,0.1276639994,0.1250000000,3,0,50.28513508
2024-11-26T12:15:00-05:00,3205.06130341,1443.34000000,327.57644290,2877.48486052,0.58549597,2245.43370000,631.46566454,0.1272835709,0.1250000000,3,0,50.28513508
2024-11-26T12:30:00-05:00,3199.18846377,1443.34000000,327.88230326,2871.30616052,0.58549597,2239.25500000,631.46566454,0.1276938084,0.1250000000,3,0,50.28513508
2024-11-26T12:45:00-05:00,3195.34041017,1443.34000000,328.23786592,2867.10254425,55.40423993,2179.51550000,632.18280432,0.1280599621,0.1250000000,2,0,50.28513508
2024-11-26T13:00:00-05:00,3186.40969720,1443.34000000,328.09105295,2858.31864425,55.40423993,2170.73160000,632.18280432,0.1284502383,0.1250000000,2,0,50.28513508
2024-11-26T13:15:00-05:00,3207.32487724,1443.34000000,327.95953300,2879.36534425,55.40423993,2191.77830000,632.18280432,0.1273558987,0.1250000000,2,1,50.28513508
2024-11-26T13:30:00-05:00,3204.60250870,1443.34000000,328.15528362,2876.44722507,0.80442076,2243.46000000,632.18280432,0.1275667742,0.1250000000,3,0,52.11693839
2024-11-26T13:45:00-05:00,3200.32245851,1443.34000000,328.03523343,2872.28722507,0.80442076,2239.30000000,632.18280432,0.1277326305,0.1250000000,3,0,52.11693839
2024-11-26T14:00:00-05:00,3191.93363058,1443.34000000,328.09640551,2863.83722507,0.80442076,2230.85000000,632.18280432,0.1281751341,0.1250000000,3,0,52.11693839
2024-11-26T14:15:00-05:00,3176.19570366,1443.34000000,327.27058254,2848.92512112,575.56631087,1638.35000000,635.00881025,0.1287865066,0.1250000000,1,0,50.28513508
2024-11-26T14:30:00-05:00,3175.57802910,1443.34000000,327.65290799,2847.92512112,575.56631087,1637.35000000,635.00881025,0.1289683058,0.1250000000,1,0,50.28513508
2024-11-26T14:45:00-05:00,3171.13095928,1443.34000000,327.80583817,2843.32512112,575.56631087,1632.75000000,635.00881025,0.1292547515,0.1250000000,1,0,50.28513508
2024-11-26T15:00:00-05:00,3173.67942998,1443.34000000,327.80430886,2845.87512112,575.56631087,1635.30000000,635.00881025,0.1291243954,0.1250000000,1,0,50.28513508
2024-11-26T15:15:00-05:00,3185.10818902,1443.34000000,327.88306791,2857.22512112,575.56631087,1646.65000000,635.00881025,0.1285765844,0.1250000000,1,0,50.28513508
2024-11-26T15:30:00-05:00,3185.91035455,1443.34000000,328.03523343,2857.87512112,575.56631087,1647.30000000,635.00881025,0.1285958034,0.1250000000,1,1,50.28513508
2024-11-26T15:45:00-05:00,3183.75469018,1443.34000000,328.57048906,2855.18420112,0.57539087,2219.60000000,635.00881025,0.1289145739,0.1250000000,2,1,62.22085756
2024-11-27T09:30:00-05:00,3151.30733063,1443.34000000,325.51188548,2825.79544515,1631.13006223,578.70960000,615.95578292,0.1283892507,0.1250000000,1,5,11.93572248
2024-11-27T09:45:00-05:00,3150.02887830,1443.34000000,325.01486240,2825.01401590,0.26883298,2208.78940000,615.95578292,0.1282578877,0.1250000000,3,3,61.40643803
2024-11-27T10:00:00-05:00,3116.90099013,1443.34000000,324.44137423,2792.45961590,0.26883298,2176.23500000,615.95578292,0.1297275019,0.1250000000,3,0,61.40643803
2024-11-27T10:15:00-05:00,3122.84921430,1443.34000000,323.97799579,2798.87121850,1.85387817,2181.08280000,615.93454033,0.1292337546,0.1250000000,2,1,61.35019936
2024-11-27T10:30:00-05:00,3139.54176685,1443.34000000,323.98334835,2815.55841850,1.85387817,2197.77000000,615.93454033,0.1283810511,0.1250000000,2,0,61.35019936
2024-11-27T10:45:00-05:00,3143.95233074,1443.34000000,323.50391224,2820.44841850,1.85387817,2202.66000000,615.93454033,0.1279674192,0.1250000000,2,0,61.35019936
2024-11-27T11:00:00-05:00,3160.09055604,1443.34000000,322.98853754,2837.10201850,1.85387817,2219.31360000,615.93454033,0.1269531175,0.1250000000,2,2,61.35019936
2024-11-27T11:15:00-05:00,3137.75385001,1443.34000000,323.15752538,2814.59632463,569.05924943,1634.17500000,611.36207520,0.1279126732,0.1250000000,1,1,49.41447688
2024-11-27T11:30:00-05:00,3155.46404984,1443.34000000,323.14146771,2832.32258213,3.64550693,2217.31500000,611.36207520,0.1270159258,0.1250000000,2,0,79.77395831
2024-11-27T11:45:00-05:00,3141.36682010,1443.34000000,323.06423797,2818.30258213,3.64550693,2203.29500000,611.36207520,0.1276931352,0.1250000000,2,1,79.77395831
2024-11-27T12:00:00-05:00,3139.60286156,1443.34000000,322.89677943,2816.70608213,3.64550693,2201.69850000,611.36207520,0.1277159918,0.1250000000,2,0,79.77395831
2024-11-27T12:15:00-05:00,3133.28308475,1443.34000000,323.06500262,2810.21808213,3.64550693,2195.21050000,611.36207520,0.1281027445,0.1250000000,2,0,79.77395831
2024-11-27T12:30:00-05:00,3140.94481966,1443.34000000,322.98853754,2817.95628213,3.64550693,2202.94870000,611.36207520,0.1276845117,0.1250000000,2,0,79.77395831
2024-11-27T12:45:00-05:00,3125.53198002,1443.34000000,323.29439789,2802.23758213,3.64550693,2187.23000000,611.36207520,0.1285889220,0.1250000000,2,0,79.77395831
2024-11-27T13:00:00-05:00,3121.95077056,1443.34000000,323.75318843,2798.19758213,3.64550693,2183.19000000,611.36207520,0.1289550889,0.1250000000,2,1,79.77395831
2024-11-27T13:15:00-05:00,3116.31430547,1443.34000000,323.67672334,2792.63758213,3.64550693,2177.63000000,611.36207520,0.1292147289,0.1250000000,2,1,79.77395831
2024-11-27T13:30:00-05:00,3104.91309600,1443.34000000,324.13551388,2780.77758213,3.64550693,2165.77000000,611.36207520,0.1299895254,0.1250000000,2,1,79.77395831
2024-11-27T13:45:00-05:00,3105.30399127,1443.34000000,324.36490914,2780.93908213,3.64550693,2165.93150000,611.36207520,0.1300611322,0.1250000000,2,0,79.77395831
2024-11-27T14:00:00-05:00,3094.02546165,1443.34000000,324.36490914,2769.66055250,549.67996299,1620.00000000,599.98058951,0.1300557631,0.1250000000,1,0,49.41447688
2024-11-27T14:15:00-05:00,3089.82253147,1443.34000000,324.21197897,2765.61055250,549.67996299,1615.95000000,599.98058951,0.1302138796,0.1250000000,1,1,49.41447688
2024-11-27T14:30:00-05:00,3085.12680290,1443.34000000,324.36490914,2760.76189375,3.72580424,2157.05550000,599.98058951,0.1305214588,0.1250000000,2,2,68.27655195
2024-11-27T14:45:00-05:00,3095.23480290,1443.34000000,324.36490914,2770.86989375,3.72580424,2167.16350000,599.98058951,0.1299927308,0.1250000000,2,2,68.27655195
2024-11-27T15:00:00-05:00,3101.19165078,1443.34000000,324.43525703,2776.75639375,3.72580424,2173.05000000,599.98058951,0.1297112675,0.1250000000,2,2,68.27655195
2024-11-27T15:15:00-05:00,3117.55416302,1443.34000000,324.21197897,2793.34218405,0.24359454,2193.11800000,599.98058951,0.1287795449,0.1250000000,3,1,68.48225675
2024-11-27T15:30:00-05:00,3109.62815110,1443.34000000,323.72336704,2785.90478405,0.24359454,2185.68060000,599.98058951,0.1289915652,0.1250000000,3,3,68.48225675
2024-11-27T15:45:00-05:00,3100.97186065,1443.34000000,324.32667660,2776.64518405,0.24359454,2176.42100000,599.98058951,0.1296792517,0.1250000000,3,3,68.48225675
2024-11-29T09:30:00-05:00,3095.53494579,1443.34000000,325.43542040,2770.09952539,1.93453588,2168.18440000,599.98058951,0.1304060637,0.1250000000,3,3,49.62018168
2024-11-29T09:45:00-05:00,3122.85398858,1443.34000000,325.66481566,2797.18917292,5.28560341,2192.00000000,599.90356950,0.1290809416,0.1250000000,2,2,49.41447688
2024-11-29T10:00:00-05:00,3144.38982891,1443.34000000,325.81774584,2818.57208307,571.20754874,1633.66500000,613.69953432,0.1287465900,0.1250000000,2,1,49.49248841
2024-11-29T10:15:00-05:00,3127.19467882,1443.34000000,325.74128075,2801.45339807,3.60216374,2184.15170000,613.69953432,0.1295969405,0.1250000000,3,1,67.01740786
2024-11-29T10:30:00-05:00,3134.77599295,1443.34000000,325.89650488,2808.87948807,0.11955374,2195.06040000,613.69953432,0.1292687906,0.1250000000,4,2,67.25642167
2024-11-29T10:45:00-05:00,3119.35839900,1443.34000000,325.89421093,2793.46418807,0.11955374,2179.64510000,613.69953432,0.1300632802,0.1250000000,4,2,67.25642167
2024-11-29T11:00:00-05:00,3119.39476409,1443.34000000,325.97067602,2793.42408807,0.11955374,2179.60500000,613.69953432,0.1300919091,0.1250000000,4,2,67.25642167
2024-11-29T11:15:00-05:00,3125.15622918,1443.34000000,326.04714111,2799.10908807,0.11955374,2185.29000000,613.69953432,0.1298239153,0.1250000000,4,1,67.25642167
2024-11-29T11:30:00-05:00,3112.05082918,1443.34000000,326.04714111,2786.00368807,0.11955374,2172.18460000,613.69953432,0.1305049221,0.1250000000,4,1,67.25642167
2024-11-29T11:45:00-05:00,3102.88734919,1443.34000000,326.01426112,2776.87308807,0.11955374,2163.05400000,613.69953432,0.1309721425,0.1250000000,4,0,67.25642167
2024-11-29T12:00:00-05:00,3094.72866484,1443.34000000,326.00890857,2768.71975628,1597.48197999,576.26000000,594.97777629,0.1304165587,0.1250000000,3,0,17.84194478
2024-11-29T12:15:00-05:00,3095.17306946,1443.34000000,326.10831318,2769.06475628,1597.48197999,576.60500000,594.97777629,0.1304331362,0.1250000000,3,0,17.84194478
2024-11-29T12:30:00-05:00,3092.77022993,1443.34000000,326.08537366,2766.68485628,1597.48197999,574.22510000,594.97777629,0.1305494270,0.1250000000,3,0,17.84194478
2024-11-29T12:45:00-05:00,3088.20336248,1443.34000000,326.12360620,2762.07975628,1597.48197999,569.62000000,594.97777629,0.1308038904,0.1250000000,3,2,17.84194478
2024-11-29T13:00:00-05:00,3095.90008248,1443.34000000,326.12360620,2769.77647628,15.65649999,2159.14220000,594.97777629,0.1304013345,0.1250000000,4,1,63.15960147
2024-12-02T09:30:00-05:00,3166.56053305,1443.34000000,328.03446878,2838.52606427,2213.55312327,3.60000000,621.37294099,0.1288842008,0.1250000000,1,5,0.23901381
2024-12-02T09:45:00-05:00,3190.41117750,1443.34000000,328.03293948,2862.37823802,2.66119702,2238.34410000,621.37294099,0.1276870600,0.1250000000,4,2,67.47167197
2024-12-02T10:00:00-05:00,3196.05071416,1443.34000000,328.25927615,2867.79143802,2.66119702,2243.75730000,621.37294099,0.1274952849,0.1250000000,4,2,67.47167197
2024-12-02T10:15:00-05:00,3188.83439883,1443.34000000,328.22716081,2860.60723802,2.66119702,2236.57310000,621.37294099,0.1278411249,0.1250000000,4,2,67.47167197
2024-12-02T10:30:00-05:00,3179.92404276,1443.34000000,328.24398313,2851.68005963,279.31394216,1953.85230000,618.51381747,0.1281497122,0.1250000000,4,2,60.18173296
2024-12-02T10:45:00-05:00,3189.34980074,1443.34000000,328.18816361,2861.16163713,3.47721966,2239.17060000,618.51381747,0.1276581492,0.1250000000,5,1,68.26492919
2024-12-02T11:00:00-05:00,3217.15265136,1443.34000000,328.41679423,2888.73585713,0.43493966,2269.78710000,618.51381747,0.1263803149,0.1250000000,6,0,68.45607861
2024-12-02T11:15:00-05:00,3227.81768347,1443.34000000,328.37932634,2899.43835713,0.43493966,2280.48960000,618.51381747,0.1258494001,0.1250000000,6,0,68.45607861
2024-12-02T11:30:00-05:00,3254.09048066,1443.34000000,328.41832353,2925.67215713,0.43493966,2306.72340000,618.51381747,0.1246096644,0.1250000000,6,0,2.37119683
2024-12-02T11:45:00-05:00,3237.45478110,1443.34000000,328.49402397,2908.96075713,0.43493966,2290.01200000,618.51381747,0.1254300989,0.1250000000,6,0,2.37119683
2024-12-02T12:00:00-05:00,3251.57666648,1443.34000000,328.56284255,2923.01382393,277.68522107,2025.98460000,619.34400286,0.1248228726,0.1250000000,5,0,2.37119683
2024-12-02T12:15:00-05:00,3246.30178281,1443.34000000,328.41755888,2917.88422393,277.68522107,2020.85500000,619.34400286,0.1250182098,0.1250000000,5,0,2.37119683
2024-12-02T12:30:00-05:00,3260.05731255,1443.34000000,328.49478862,2931.56252393,277.68522107,2034.53330000,619.34400286,0.1243962332,0.1250000000,5,0,2.14123473
2024-12-02T12:45:00-05:00,3257.38253267,1443.34000000,328.47873095,2928.90380171,280.58547935,2028.80500000,619.51332236,0.1245242674,0.1250000000,4,0,2.14123473
2024-12-02T13:00:00-05:00,3252.28723965,1443.34000000,328.46343793,2923.82380171,280.58547935,2023.72500000,619.51332236,0.1247594546,0.1250000000,4,0,2.14123473
2024-12-02T13:15:00-05:00,3244.23232568,1443.34000000,328.49402397,2915.73830171,280.58547935,2015.63950000,619.51332236,0.1251539778,0.1250000000,4,0,2.14123473
2024-12-02T13:30:00-05:00,3243.75108896,1443.34000000,328.43208725,2915.31900171,280.58547935,2015.22020000,619.51332236,0.1251533270,0.1250000000,4,0,2.14123473
2024-12-02T13:45:00-05:00,3227.74855823,1443.34000000,328.53225652,2899.21630171,280.58547935,1999.11750000,619.51332236,0.1259595960,0.1250000000,4,0,2.14123473
2024-12-02T14:00:00-05:00,3215.58320200,1443.34000000,328.41755888,2887.16564312,2211.46752275,35.99000000,639.70812037,0.1274974711,0.1250000000,3,0,2.14123473
2024-12-02T14:15:00-05:00,3215.46927407,1443.34000000,328.47873095,2886.99054312,2211.46752275,35.81490000,639.70812037,0.1275268596,0.1250000000,3,0,2.14123473
2024-12-02T14:30:00-05:00,3215.70466709,1443.34000000,328.49402397,2887.21064312,2211.46752275,36.03500000,639.70812037,0.1275211430,0.1250000000,3,0,2.14123473
2024-12-02T14:45:00-05:00,3215.88966709,1443.34000000,328.49402397,2887.39564312,2211.46752275,36.22000000,639.70812037,0.1275119855,0.1250000000,3,0,2.14123473
2024-12-02T15:00:00-05:00,3215.97232569,1443.34000000,328.49708257,2887.47524312,2211.46752275,36.29960000,639.70812037,0.1275090815,0.1250000000,3,1,2.14123473
2024-12-02T15:15:00-05:00,3212.39122463,1443.34000000,328.53225652,2883.85896812,301.13584775,1943.01500000,639.70812037,0.1277002426,0.1250000000,4,2,51.87606696
2024-12-02T15:30:00-05:00,3212.34007825,1443.34000000,328.56972441,2883.77035384,3.42703348,2240.63520000,639.70812037,0.1277173454,0.1250000000,6,0,57.45229210
2024-12-02T15:45:00-05:00,3222.76624764,1443.34000000,328.34109379,2894.42515384,3.42703348,2251.29000000,639.70812037,0.1271133198,0.1250000000,6,0,57.45229210
2024-12-03T09:30:00-05:00,3274.52304047,1443.34000000,328.03523343,2946.48780704,300.81529197,2008.19800000,637.47451507,0.1243948415,0.1250000000,3,1,1.90222093
2024-12-03T09:45:00-05:00,3313.21727193,1443.34000000,328.42291144,2984.79436049,1972.05778945,339.01600000,673.72057105,0.1244263391,0.1250000000,3,1,14.29771202
2024-12-03T10:00:00-05:00,3309.37860812,1443.34000000,328.41755888,2980.96104924,57.80817820,2249.43230000,673.72057105,0.1246055271,0.1250000000,4,0,69.77368990
2024-12-03T10:15:00-05:00,3317.16861759,1443.34000000,327.95876834,2989.20984924,57.80817820,2257.68110000,673.72057105,0.1240647679,0.1250000000,4,0,69.77368990
2024-12-03T10:30:00-05:00,3317.14531286,1443.34000000,328.18816361,2988.95714924,57.80817820,2257.42840000,673.72057105,0.1241526412,0.1250000000,4,0,69.77368990
2024-12-03T10:45:00-05:00,3298.12704260,1443.34000000,328.26539335,2969.86164924,57.80817820,2238.33290000,673.72057105,0.1250817649,0.1250000000,4,0,69.77368990
2024-12-03T11:00:00-05:00,3303.48833462,1443.34000000,328.45808538,2975.03024924,57.80817820,2243.50150000,673.72057105,0.1249000349,0.1250000000,4,2,69.77368990
2024-12-03T11:15:00-05:00,3311.19121658,1443.34000000,328.59342859,2982.59778799,3.15221695,2305.72500000,673.72057105,0.1245865728,0.1250000000,5,1,71.75863590
2024-12-03T11:30:00-05:00,3302.73741670,1443.34000000,328.26462870,2974.47278799,3.15221695,2297.60000000,673.72057105,0.1248621245,0.1250000000,5,1,71.75863590
2024-12-03T11:45:00-05:00,3302.15536683,1443.34000000,328.37932634,2973.77604049,0.82046945,2299.23500000,673.72057105,0.1249334116,0.1250000000,6,0,72.02857804
2024-12-03T12:00:00-05:00,3298.39183429,1443.34000000,328.34109379,2970.05074049,0.82046945,2295.50970000,673.72057105,0.1250979878,0.1250000000,6,0,71.75863590
2024-12-03T12:15:00-05:00,3294.63661234,1443.34000000,328.34109379,2966.29551855,3.49098720,2288.88500000,673.91953135,0.1252867378,0.1250000000,5,0,71.75863590
2024-12-03T12:30:00-05:00,3300.50307743,1443.34000000,328.41755888,2972.08551855,3.49098720,2294.67500000,673.91953135,0.1250360223,0.1250000000,5,0,71.75863590
2024-12-03T12:45:00-05:00,3307.65100761,1443.34000000,328.57048906,2979.08051855,3.49098720,2301.67000000,673.91953135,0.1247547413,0.1250000000,5,0,71.75863590
2024-12-03T13:00:00-05:00,3309.57247270,1443.34000000,328.64695415,2980.92551855,3.49098720,2303.51500000,673.91953135,0.1246928034,0.1250000000,5,0,71.75863590
2024-12-03T13:15:00-05:00,3305.94234016,1443.34000000,328.60872160,2977.33361855,3.49098720,2299.92310000,673.91953135,0.1248502560,0.1250000000,5,0,71.75863590
2024-12-03T13:30:00-05:00,3296.97747681,1443.34000000,328.64695415,2968.33052266,6.57788639,2287.80690000,673.94573628,0.1252927859,0.1250000000,4,1,71.75863590
2024-12-03T13:45:00-05:00,3292.12669869,1443.34000000,328.58807603,2963.53862266,6.57788639,2283.01500000,673.94573628,0.1255024312,0.1250000000,4,0,71.75863590
2024-12-03T14:00:00-05:00,3294.33627725,1443.34000000,328.72265459,2965.61362266,6.57788639,2285.09000000,673.94573628,0.1254479626,0.1250000000,4,0,71.75863590
2024-12-03T14:15:00-05:00,3292.09270699,1443.34000000,328.79988433,2963.29282266,6.57788639,2282.76920000,673.94573628,0.1255849607,0.1250000000,4,0,71.75863590
2024-12-03T14:30:00-05:00,3294.51351552,1443.34000000,328.86105640,2965.65245912,299.43788830,1996.93520000,669.27937081,0.1252692287,0.1250000000,3,0,59.36314481
2024-12-03T14:45:00-05:00,3291.75037362,1443.34000000,328.95281451,2962.79755912,299.43788830,1994.08030000,669.27937081,0.1254362066,0.1250000000,3,2,59.36314481
2024-12-03T15:00:00-05:00,3292.91443353,1443.34000000,328.87634942,2964.03808412,0.31371330,2294.44500000,669.27937081,0.1253514081,0.1250000000,4,0,68.18112275
2024-12-03T15:15:00-05:00,3290.01701583,1443.34000000,328.95893171,2961.05808412,0.31371330,2291.46500000,669.27937081,0.1255215044,0.1250000000,4,1,68.18112275
2024-12-03T15:30:00-05:00,3290.61266608,1443.34000000,328.91458196,2961.69808412,0.31371330,2292.10500000,669.27937081,0.1254760631,0.1250000000,4,0,68.18112275
2024-12-03T15:45:00-05:00,3291.19236371,1443.34000000,329.02927960,2962.16308412,0.31371330,2292.57000000,669.27937081,0.1254920665,0.1250000000,4,2,68.18112275
2024-12-04T09:30:00-05:00,3290.04892498,1443.34000000,330.71304086,2959.33588412,0.31371330,2289.74280000,669.27937081,0.1261892868,0.1250000000,4,2,66.47005124
2024-12-04T09:45:00-05:00,3302.46592113,1443.34000000,331.09383701,2971.37208412,0.31371330,2301.77900000,669.27937081,0.1257388456,0.1250000000,4,2,66.47005124
2024-12-04T10:00:00-05:00,3325.40131639,1443.34000000,331.32323228,2994.07808412,0.31371330,2324.48500000,669.27937081,0.1247394657,0.1250000000,4,2,66.47005124
2024-12-04T10:15:00-05:00,3326.11582507,1443.34000000,331.77514096,2994.34068412,0.31371330,2324.74760000,669.27937081,0.1248760120,0.1250000000,4,2,66.47005124
2024-12-04T10:30:00-05:00,3325.78210737,1443.34000000,331.85772325,2993.92438412,0.31371330,2324.33130000,669.27937081,0.1249227861,0.1250000000,4,2,66.47005124
2024-12-04T10:45:00-05:00,3319.68060737,1443.34000000,331.85772325,2987.82288412,0.31371330,2318.22980000,669.27937081,0.1252103714,0.1250000000,4,1,66.47005124
2024-12-04T11:00:00-05:00,3308.82226778,1443.34000000,331.99918367,2976.82308412,0.31371330,2307.23000000,669.27937081,0.1257790446,0.1250000000,4,1,66.47005124
2024-12-04T11:15:00-05:00,3296.36057202,1443.34000000,331.85848790,2964.50208412,0.31371330,2294.90900000,669.27937081,0.1263221281,0.1250000000,4,1,66.47005124
2024-12-04T11:30:00-05:00,3318.84527202,1443.34000000,331.85848790,2986.98678412,0.31371330,2317.39370000,669.27937081,0.1252501354,0.1250000000,4,1,57.65207330
2024-12-04T11:45:00-05:00,3327.32733667,1443.34000000,331.85925255,2995.46808412,0.31371330,2325.87500000,669.27937081,0.1248507389,0.1250000000,4,0,57.65207330
2024-12-04T12:00:00-05:00,3328.05556729,1443.34000000,332.08788317,2995.96768412,0.31371330,2326.37460000,669.27937081,0.1249025336,0.1250000000,4,0,55.47597788
2024-12-04T12:15:00-05:00,3329.40976729,1443.34000000,332.08788317,2997.32188412,0.31371330,2327.72880000,669.27937081,0.1248389491,0.1250000000,4,0,55.47597788
2024-12-04T12:30:00-05:00,3319.58227713,1443.34000000,331.86919302,2987.71308412,0.31371330,2318.12000000,669.27937081,0.1252193446,0.1250000000,4,0,55.47597788
2024-12-04T12:45:00-05:00,3328.07419983,1443.34000000,332.12611572,2995.94808412,0.31371330,2326.35500000,669.27937081,0.1249160379,0.1250000000,4,0,55.47597788
2024-12-04T13:00:00-05:00,3323.02323281,1443.34000000,332.24004870,2990.78318412,0.31371330,2321.19010000,669.27937081,0.1251967281,0.1250000000,4,0,55.47597788
2024-12-04T13:15:00-05:00,3316.33684936,1443.34000000,331.85848790,2984.47836146,31.88212963,2282.55000000,670.04623183,0.1254051561,0.1250000000,3,0,55.47597788
2024-12-04T13:30:00-05:00,3327.02983908,1443.34000000,332.00147762,2995.02836146,31.88212963,2293.10000000,670.04623183,0.1249542815,0.1250000000,3,0,55.47597788
2024-12-04T13:45:00-05:00,3323.63194039,1443.34000000,332.22857894,2991.40336146,31.88212963,2289.47500000,670.04623183,0.1251998674,0.1250000000,3,1,55.47597788
2024-12-04T14:00:00-05:00,3312.47434507,1443.34000000,332.16358361,2980.31076146,3.06052963,2307.20400000,670.04623183,0.1257039243,0.1250000000,4,0,57.52453444
2024-12-04T14:15:00-05:00,3326.42337481,1443.34000000,332.24081335,2994.18256146,3.06052963,2321.07580000,670.04623183,0.1250729077,0.1250000000,4,1,57.52453444
2024-12-04T14:30:00-05:00,3331.49833946,1443.34000000,332.24157800,2999.25676146,3.06052963,2326.15000000,670.04623183,0.1248347010,0.1250000000,4,1,57.52453444
2024-12-04T14:45:00-05:00,3329.79092175,1443.34000000,332.32416030,2997.46676146,3.06052963,2324.36000000,670.04623183,0.1249458873,0.1250000000,4,0,57.52453444
2024-12-04T15:00:00-05:00,3336.59467008,1443.34000000,332.47020862,3004.12446146,3.06052963,2331.01770000,670.04623183,0.1246818561,0.1250000000,4,1,57.52453444
2024-12-04T15:15:00-05:00,3339.63237008,1443.34000000,332.47020862,3007.16216146,3.06052963,2334.05540000,670.04623183,0.1245399816,0.1250000000,4,2,57.52453444
2024-12-04T15:30:00-05:00,3343.11365754,1443.34000000,332.39909609,3010.71456146,3.06052963,2337.60780000,670.04623183,0.1243511828,0.1250000000,4,2,57.52453444
2024-12-04T15:45:00-05:00,3342.50440095,1443.34000000,332.39374353,3010.11065743,60.43048975,2278.04000000,671.64016768,0.1244517559,0.1250000000,3,3,57.52453444
2024-12-05T09:30:00-05:00,3278.40967890,1443.34000000,330.63504647,2947.77463243,0.92296575,2275.89500000,670.95666668,0.1268038369,0.1250000000,4,2,67.76063766
2024-12-05T09:45:00-05:00,3292.92188950,1443.34000000,330.32689216,2962.59499734,31.89639224,2260.50000000,670.19860509,0.1259480534,0.1250000000,2,2,65.71208110
2024-12-05T10:00:00-05:00,3280.17810854,1443.34000000,330.40565120,2949.77245734,6.75755224,2272.81630000,670.19860509,0.1265931977,0.1250000000,3,2,66.42009853
2024-12-05T10:15:00-05:00,3257.16778560,1443.34000000,330.32995077,2926.83783484,0.72302974,2255.91620000,670.19860509,0.1276899444,0.1250000000,4,1,66.65141188
2024-12-05T10:30:00-05:00,3245.16377531,1443.34000000,330.45076561,2914.71300970,348.13716431,1900.26000000,666.31584539,0.1281389111,0.1250000000,3,0,56.41530866
2024-12-05T10:45:00-05:00,3239.97396328,1443.34000000,330.29095357,2909.68300970,348.13716431,1895.23000000,666.31584539,0.1283352094,0.1250000000,3,1,56.41530866
2024-12-05T11:00:00-05:00,3280.83565251,1443.34000000,330.38500563,2950.45064688,0.85980149,2283.27500000,666.31584539,0.1263654629,0.1250000000,4,0,56.41530866
2024-12-05T11:15:00-05:00,3283.94485844,1443.34000000,330.71151156,2953.23334688,0.85980149,2286.05770000,666.31584539,0.1263401001,0.1250000000,4,1,56.41530866
2024-12-05T11:30:00-05:00,3287.06296317,1443.34000000,330.48211629,2956.58084688,0.85980149,2289.40520000,666.31584539,0.1261022531,0.1250000000,4,1,56.41530866
2024-12-05T11:45:00-05:00,3288.44276317,1443.34000000,330.48211629,2957.96064688,0.85980149,2290.78500000,666.31584539,0.1260358963,0.1250000000,4,2,56.41530866
2024-12-05T12:00:00-05:00,3295.07593599,1443.34000000,330.86444174,2964.21149425,370.17398757,1914.77940000,679.25810667,0.1264860412,0.1250000000,3,3,56.41530866
2024-12-05T12:15:00-05:00,3292.95098833,1443.34000000,330.94090683,2962.01008150,0.27977482,2282.47220000,679.25810667,0.1266181307,0.1250000000,5,0,66.40495049
2024-12-05T12:30:00-05:00,3280.72605578,1443.34000000,330.90267429,2949.82338150,0.27977482,2270.28550000,679.25810667,0.1271984436,0.1250000000,5,0,66.40495049
2024-12-05T12:45:00-05:00,3281.25717623,1443.34000000,330.94549474,2950.31168150,0.27977482,2270.77380000,679.25810667,0.1271889366,0.1250000000,5,0,66.40495049
2024-12-05T13:00:00-05:00,3273.59732324,1443.34000000,330.86444174,2942.73288150,0.27977482,2263.19500000,679.25810667,0.1275332230,0.1250000000,5,0,66.40495049
2024-12-05T13:15:00-05:00,3258.49679344,1443.34000000,329.97285880,2928.52393464,1878.70124946,391.60650000,658.21618517,0.1268989423,0.1250000000,4,0,10.92897261
2024-12-05T13:30:00-05:00,3257.93015826,1443.34000000,330.32918612,2927.60097214,2227.13296987,45.90840000,654.55960227,0.1268851971,0.1250000000,3,1,1.30509155
2024-12-05T13:45:00-05:00,3242.54272008,1443.34000000,329.88568860,2912.65703148,346.06119734,1911.77000000,654.82583414,0.1274813680,0.1250000000,3,1,28.00143120
2024-12-05T14:00:00-05:00,3263.35412971,1443.34000000,330.12196572,2933.23216398,4.91552984,2273.49080000,654.82583414,0.1265548724,0.1250000000,4,0,39.04847190
2024-12-05T14:15:00-05:00,3260.64898930,1443.34000000,329.94762532,2930.70136398,4.91552984,2270.96000000,654.82583414,0.1266193466,0.1250000000,4,1,27.77011785
2024-12-05T14:30:00-05:00,3273.85524139,1443.34000000,330.06155830,2943.79368309,359.80883786,1921.08500000,662.89984523,0.1264140930,0.1250000000,3,1,27.77011785
2024-12-05T14:45:00-05:00,3273.29750385,1443.34000000,330.02332576,2943.27417809,5.80353286,2274.57080000,662.89984523,0.1264264564,0.1250000000,4,0,54.58373862
2024-12-05T15:00:00-05:00,3282.42916894,1443.34000000,330.09979085,2952.32937809,5.80353286,2283.62600000,662.89984523,0.1260149248,0.1250000000,4,1,54.58373862
2024-12-05T15:15:00-05:00,3251.01104349,1443.34000000,329.71746540,2921.29357809,5.80353286,2252.59020000,662.89984523,0.1273969471,0.1250000000,4,0,54.58373862
2024-12-05T15:30:00-05:00,3258.03749776,1443.34000000,329.91015743,2928.12734034,11.91960240,2253.26000000,662.94773794,0.1271286113,0.1250000000,3,0,54.58373862
2024-12-05T15:45:00-05:00,3257.42187556,1443.34000000,329.56453522,2927.85734034,11.91960240,2252.99000000,662.94773794,0.1270255619,0.1250000000,3,0,54.58373862
2024-12-06T09:30:00-05:00,3314.22487646,1443.34000000,330.86444174,2983.36043472,13.72369678,2306.68900000,662.94773794,0.1247943630,0.1250000000,3,3,27.52163820
2024-12-06T09:45:00-05:00,3310.41075048,1443.34000000,331.34846576,2979.06228472,3.11574678,2312.99880000,662.94773794,0.1251569764,0.1250000000,4,1,28.37377412
2024-12-06T10:00:00-05:00,3299.85668724,1443.34000000,331.62909264,2968.22759460,1905.25102885,396.87280000,666.10376575,0.1259150355,0.1250000000,3,3,28.37377412
2024-12-06T10:15:00-05:00,3273.31054224,1443.34000000,331.62909264,2941.68144960,2.56508385,2273.01260000,666.10376575,0.1271970814,0.1250000000,5,1,149.64833328
2024-12-06T10:30:00-05:00,3350.50933987,1443.34000000,331.74379027,3018.76554960,2.56508385,2350.09670000,666.10376575,0.1235818438,0.1250000000,5,0,122.12669508
2024-12-06T10:45:00-05:00,3375.16436603,1443.34000000,331.70555772,3043.45880830,28.58347864,2348.25500000,666.62032967,0.1224663706,0.1250000000,4,2,122.12669508
2024-12-06T11:00:00-05:00,3388.31421805,1443.34000000,331.59621265,3056.71800540,2.02637574,2388.07130000,666.62032967,0.1218344995,0.1250000000,5,1,123.03821089
2024-12-06T11:15:00-05:00,3361.56289567,1443.34000000,331.74379027,3029.81910540,2.02637574,2361.17240000,666.62032967,0.1230986495,0.1250000000,5,0,123.03821089
2024-12-06T11:30:00-05:00,3352.74673058,1443.34000000,331.66732518,3021.07940540,2.02637574,2352.43270000,666.62032967,0.1234742062,0.1250000000,5,1,123.03821089
2024-12-06T11:45:00-05:00,3348.15226313,1443.34000000,331.70555772,3016.44670540,2.02637574,2347.80000000,666.62032967,0.1237000215,0.1250000000,5,1,123.03821089
2024-12-06T12:00:00-05:00,3310.18314704,1443.34000000,331.70479307,2978.47835397,312.50269921,2007.70500000,658.27065476,0.1250813494,0.1250000000,4,1,100.69828702
2024-12-06T12:15:00-05:00,3317.44131170,1443.34000000,331.70555772,2985.73575397,312.50269921,2014.96240000,658.27065476,0.1247402294,0.1250000000,4,1,100.69828702
2024-12-06T12:30:00-05:00,3311.18493449,1443.34000000,331.78202281,2979.40291167,5.01585691,2316.11640000,658.27065476,0.1250632278,0.1250000000,5,1,113.37874896
2024-12-06T12:45:00-05:00,3324.89973449,1443.34000000,331.78202281,2993.11771167,5.01585691,2329.83120000,658.27065476,0.1244200123,0.1250000000,5,0,113.37874896
2024-12-06T13:00:00-05:00,3334.26015676,1443.34000000,331.97318554,3002.28697123,368.53860628,1969.88810000,663.86026495,0.1243159073,0.1250000000,4,0,113.37874896
2024-12-06T13:15:00-05:00,3320.99740967,1443.34000000,331.97318554,2989.02422413,394.50933668,1930.99900000,663.51588745,0.1249202234,0.1250000000,3,0,112.46723315
2024-12-06T13:30:00-05:00,3307.68871203,1443.34000000,331.85848790,2975.83022413,394.50933668,1917.80500000,663.51588745,0.1255055966,0.1250000000,3,0,112.46723315
2024-12-06T13:45:00-05:00,3315.21832830,1443.34000000,331.87760418,2983.34072413,394.50933668,1925.31550000,663.51588745,0.1251564275,0.1250000000,3,0,112.46723315
2024-12-06T14:00:00-05:00,3313.92131247,1443.34000000,331.93418834,2981.98712413,394.50933668,1923.96190000,663.51588745,0.1252390239,0.1250000000,3,0,112.46723315
2024-12-06T14:15:00-05:00,3311.90454694,1443.34000000,331.78202281,2980.12252413,394.50933668,1922.09730000,663.51588745,0.1252769383,0.1250000000,3,0,112.46723315
2024-12-06T14:30:00-05:00,3299.49851203,1443.34000000,331.85848790,2967.64002413,394.50933668,1909.61480000,663.51588745,0.1258955521,0.1250000000,3,0,112.46723315
2024-12-06T14:45:00-05:00,3301.26631203,1443.34000000,331.85848790,2969.40782413,394.50933668,1911.38260000,663.51588745,0.1258111779,0.1250000000,3,2,112.46723315
2024-12-06T15:00:00-05:00,3284.87841953,1443.34000000,331.85848790,2953.01993163,15.43524418,2274.06880000,663.51588745,0.1265977078,0.1250000000,4,0,117.31894392
2024-12-06T15:15:00-05:00,3285.72108462,1443.34000000,331.93495299,2953.78613163,15.43524418,2274.83500000,663.51588745,0.1265861853,0.1250000000,4,1,117.31894392
2024-12-06T15:30:00-05:00,3306.66678506,1443.34000000,332.01065343,2974.65613163,15.43524418,2295.70500000,663.51588745,0.1256116909,0.1250000000,4,2,112.46723315
2024-12-06T15:45:00-05:00,3315.94172592,1443.34000000,332.10929340,2983.83243253,387.58916487,1929.24500000,666.99826766,0.1253742477,0.1250000000,4,2,112.89277081
2024-12-09T09:30:00-05:00,3173.70605181,1443.34000000,331.57939033,2842.12666148,1894.69834389,322.06000000,625.36831759,0.1301159520,0.1250000000,3,3,13.95813552
2024-12-09T09:45:00-05:00,3286.80381021,1443.34000000,331.32323228,2955.48057793,1.16786034,2328.94440000,625.36831759,0.1244904238,0.1250000000,5,1,127.33809437
2024-12-09T10:00:00-05:00,3342.19678228,1443.34000000,331.38440435,3010.81237793,1.16786034,2384.27620000,625.36831759,0.1219747248,0.1250000000,5,1,32.34479477
2024-12-09T10:15:00-05:00,3342.98169422,1443.34000000,330.48211629,3012.49957793,1.16786034,2385.96340000,625.36831759,0.1216074807,0.1250000000,5,0,32.34479477
2024-12-09T10:30:00-05:00,3364.79043221,1443.34000000,330.41100376,3034.37942845,1647.84775492,691.34500000,695.18667352,0.1237678074,0.1250000000,4,1,32.34479477
2024-12-09T10:45:00-05:00,3382.04617710,1443.34000000,329.87039558,3052.17578152,300.74268769,2061.02000000,690.41309383,0.1225539980,0.1250000000,4,0,88.10999981
2024-12-09T11:00:00-05:00,3374.67799130,1443.34000000,329.18220977,3045.49578152,300.74268769,2054.34000000,690.41309383,0.1226340255,0.1250000000,4,0,88.10999981
2024-12-09T11:15:00-05:00,3403.03871201,1443.34000000,329.79393049,3073.24478152,300.74268769,2082.08900000,690.41309383,0.1215773855,0.1250000000,4,0,88.10999981
2024-12-09T11:30:00-05:00,3400.34245166,1443.34000000,329.48807013,3070.85438152,300.74268769,2079.69860000,690.41309383,0.1215854831,0.1250000000,4,0,88.10999981
2024-12-09T11:45:00-05:00,3406.81246638,1443.34000000,329.93768486,3076.87478152,300.74268769,2085.71900000,690.41309383,0.1214614052,0.1250000000,4,0,88.10999981
2024-12-09T12:00:00-05:00,3375.78531201,1443.34000000,329.79393049,3045.99138152,300.74268769,2054.83560000,690.41309383,0.1228112543,0.1250000000,4,0,88.10999981
2024-12-09T12:15:00-05:00,3368.18854929,1443.34000000,329.60276777,3038.58578152,300.74268769,2047.43000000,690.41309383,0.1230882773,0.1250000000,4,0,69.29780290
2024-12-09T12:30:00-05:00,3366.11617710,1443.34000000,329.87039558,3036.24578152,300.74268769,2045.09000000,690.41309383,0.1232836325,0.1250000000,4,0,69.29780290
2024-12-09T12:45:00-05:00,3365.04031674,1443.34000000,329.56453522,3035.47578152,300.74268769,2044.32000000,690.41309383,0.1232188667,0.1250000000,4,0,69.29780290
2024-12-09T13:00:00-05:00,3353.25678183,1443.34000000,329.64100031,3023.61578152,300.74268769,2032.46000000,690.41309383,0.1237928466,0.1250000000,4,0,69.29780290
2024-12-09T13:15:00-05:00,3353.79044219,1443.34000000,329.94686067,3023.84358152,300.74268769,2032.68780000,690.41309383,0.1238828816,0.1250000000,4,0,69.29780290
2024-12-09T13:30:00-05:00,3352.32237237,1443.34000000,330.09979085,3022.22258152,300.74268769,2031.06680000,690.41309383,0.1240086556,0.1250000000,4,2,69.29780290
2024-12-09T13:45:00-05:00,3347.79322981,1443.34000000,330.09979085,3017.69343896,13.72903627,2313.40940000,690.55500269,0.1242266453,0.1250000000,4,0,75.55568216
2024-12-09T14:00:00-05:00,3326.13196945,1443.34000000,329.79393049,2996.33803896,13.72903627,2292.05400000,690.55500269,0.1251315878,0.1250000000,4,1,75.55568216
2024-12-09T14:15:00-05:00,3321.52757418,1443.34000000,329.56453522,2991.96303896,13.72903627,2287.67900000,690.55500269,0.1252633869,0.1250000000,4,0,75.55568216
2024-12-09T14:30:00-05:00,3300.10745565,1443.34000000,329.25867486,2970.84878079,1616.32657495,689.73000000,664.79220584,0.1249409060,0.1250000000,3,0,7.11001518
2024-12-09T14:45:00-05:00,3301.54099056,1443.34000000,329.18220977,2972.35878079,1616.32657495,691.24000000,664.79220584,0.1248439789,0.1250000000,3,0,7.11001518
2024-12-09T15:00:00-05:00,3294.38159529,1443.34000000,328.95281451,2965.42878079,1616.32657495,684.31000000,664.79220584,0.1250966466,0.1250000000,3,1,7.11001518
2024-12-09T15:15:00-05:00,3290.30329892,1443.34000000,328.79988433,2961.50341459,380.27902040,1912.11000000,669.11439418,0.1254392172,0.1250000000,3,0,43.25486856
2024-12-09T15:30:00-05:00,3288.80287457,1443.34000000,328.95281451,2959.85006006,676.30262375,1616.83000000,666.71743631,0.1254546514,0.1250000000,2,0,36.99698930
2024-12-09T15:45:00-05:00,3280.42520001,1443.34000000,329.33513995,2951.09006006,676.30262375,1608.07000000,666.71743631,0.1260030461,0.1250000000,2,2,36.99698930
2024-12-10T09:30:00-05:00,3285.24516751,1443.34000000,330.78797665,2954.45719086,1602.87165575,698.67820000,652.90733511,0.1256631928,0.1250000000,2,4,25.50071037
2024-12-10T09:45:00-05:00,3279.91730697,1443.34000000,330.16096292,2949.75634405,5.80946863,2291.10730000,652.83957542,0.1256761302,0.1250000000,4,0,51.88711719
2024-12-10T10:00:00-05:00,3306.19798901,1443.34000000,330.97913938,2975.21884964,695.58589655,1608.75000000,670.88295309,0.1255937658,0.1250000000,3,1,51.88711719
2024-12-10T10:15:00-05:00,3297.51005609,1443.34000000,330.70080645,2966.80924964,13.47469655,2282.45160000,670.88295309,0.1259032186,0.1250000000,4,0,79.44731771
2024-12-10T10:30:00-05:00,3318.27549611,1443.34000000,330.63504647,2987.64044964,13.47469655,2303.28280000,670.88295309,0.1248908279,0.1250000000,4,0,79.44731771
2024-12-10T10:45:00-05:00,3286.89005082,1443.34000000,329.79240119,2957.09764964,13.47469655,2272.74000000,670.88295309,0.1260670896,0.1250000000,4,1,79.44731771
2024-12-10T11:00:00-05:00,3269.93367254,1443.34000000,329.71746540,2940.21620714,2.47645405,2266.85680000,670.88295309,0.1268607276,0.1250000000,5,0,79.77997711
2024-12-10T11:15:00-05:00,3260.06891218,1443.34000000,329.41160504,2930.65730714,2.47645405,2257.29790000,670.88295309,0.1272259352,0.1250000000,5,0,79.77997711
2024-12-10T11:30:00-05:00,3237.83312715,1443.34000000,329.06751214,2908.76561501,697.91166571,1550.88300000,659.97094930,0.1276513209,0.1250000000,3,0,50.80185272
2024-12-10T11:45:00-05:00,3257.45638558,1443.34000000,329.56377057,2927.89261501,697.91166571,1570.01000000,659.97094930,0.1268780052,0.1250000000,3,0,50.80185272
2024-12-10T12:00:00-05:00,3255.13482479,1443.34000000,329.18220977,2925.95261501,697.91166571,1568.07000000,659.97094930,0.1268444790,0.1250000000,3,1,50.80185272
2024-12-10T12:15:00-05:00,3273.88327006,1443.34000000,329.41160504,2944.47166501,2.79071571,2281.71000000,659.97094930,0.1260224386,0.1250000000,4,0,100.08476779
2024-12-10T12:30:00-05:00,3269.21796769,1443.34000000,329.52630268,2939.69166501,2.79071571,2276.93000000,659.97094930,0.1262917234,0.1250000000,4,2,100.08476779
2024-12-10T12:45:00-05:00,3261.52851756,1443.34000000,329.24185254,2932.28666501,2.79071571,2269.52500000,659.97094930,0.1265556667,0.1250000000,4,1,100.08476779
2024-12-10T13:00:00-05:00,3243.21928609,1443.34000000,329.25791021,2913.96137588,1533.23706849,739.53220000,641.19210739,0.1265389973,0.1250000000,4,0,50.66943043
2024-12-10T13:15:00-05:00,3259.54778092,1443.34000000,329.41160504,2930.13617588,1533.23706849,755.70700000,641.19210739,0.1258085784,0.1250000000,4,0,50.66943043
2024-12-10T13:30:00-05:00,3259.17922188,1443.34000000,329.33284600,2929.84637588,1533.23706849,755.41720000,641.19210739,0.1257962059,0.1250000000,4,0,50.66943043
2024-12-10T13:45:00-05:00,3263.74262661,1443.34000000,329.10345073,2934.63917588,1533.23706849,760.21000000,641.19210739,0.1254898422,0.1250000000,4,1,1.38651536
2024-12-10T14:00:00-05:00,3245.75458615,1443.34000000,328.87634942,2916.87823673,0.43612934,2275.25000000,641.19210739,0.1262693263,0.1250000000,5,0,33.39794244
2024-12-10T14:15:00-05:00,3237.44678141,1443.34000000,329.10574469,2908.34103673,0.43612934,2266.71280000,641.19210739,0.1267617341,0.1250000000,5,0,33.39794244
2024-12-10T14:30:00-05:00,3244.99885597,1443.34000000,328.72341924,2916.27543673,0.43612934,2274.64720000,641.19210739,0.1262472414,0.1250000000,5,0,33.39794244
2024-12-10T14:45:00-05:00,3240.46646070,1443.34000000,328.49402397,2911.97243673,0.43612934,2270.34420000,641.19210739,0.1263791271,0.1250000000,5,0,33.39794244
2024-12-10T15:00:00-05:00,3228.05420507,1443.34000000,327.95876834,2900.09543673,0.43612934,2258.46720000,641.19210739,0.1267786051,0.1250000000,5,0,33.39794244
2024-12-10T15:15:00-05:00,3223.21591092,1443.34000000,327.88153860,2895.33437231,702.50370226,1547.55880000,645.27187006,0.1271872211,0.1250000000,4,0,33.39794244
2024-12-10T15:30:00-05:00,3215.70727084,1443.34000000,328.11169852,2887.59557231,702.50370226,1539.82000000,645.27187006,0.1276482959,0.1250000000,4,0,33.39794244
2024-12-10T15:45:00-05:00,3215.90373593,1443.34000000,328.18816361,2887.71557231,702.50370226,1539.94000000,645.27187006,0.1276682858,0.1250000000,4,0,33.39794244
2024-12-11T09:30:00-05:00,3203.16323498,1443.34000000,331.70555772,2871.45767725,2216.92182885,21.60000000,632.93584840,0.1290568918,0.1250000000,2,1,1.18479532
2024-12-11T09:45:00-05:00,3192.08582766,1443.34000000,331.85848790,2860.22733975,295.03149135,1932.26000000,632.93584840,0.1296752791,0.1250000000,3,0,37.73389686
2024-12-11T10:00:00-05:00,3177.98668801,1443.34000000,332.16434826,2845.82233975,295.03149135,1917.85500000,632.93584840,0.1305138361,0.1250000000,3,1,37.73389686
2024-12-11T10:15:00-05:00,3171.85683774,1443.34000000,331.93495299,2839.92188475,0.87103635,2206.11500000,632.93584840,0.1307385911,0.1250000000,4,0,63.71547245
2024-12-11T10:30:00-05:00,3150.51175358,1443.34000000,332.24004870,2818.27170488,1898.63519791,300.87000000,618.76650698,0.1312296524,0.1250000000,3,0,26.83371151
2024-12-11T10:45:00-05:00,3157.90028849,1443.34000000,332.16358361,2825.73670488,1898.63519791,308.33500000,618.76650698,0.1308176773,0.1250000000,3,0,26.83371151
2024-12-11T11:00:00-05:00,3167.59888376,1443.34000000,332.39297888,2835.20590488,1898.63519791,317.80420000,618.76650698,0.1304099014,0.1250000000,3,0,26.83371151
2024-12-11T11:15:00-05:00,3165.58864841,1443.34000000,332.39374353,2833.19490488,1898.63519791,315.79320000,618.76650698,0.1305131356,0.1250000000,3,0,26.83371151
2024-12-11T11:30:00-05:00,3163.84798095,1443.34000000,332.43197607,2831.41600488,1898.63519791,314.01430000,618.76650698,0.1306174201,0.1250000000,3,0,26.83371151
2024-12-11T11:45:00-05:00,3157.36366852,1443.34000000,332.46715001,2824.89651851,1910.04708021,295.84000000,619.00943829,0.1309774444,0.1250000000,2,1,26.83371151
2024-12-11T12:00:00-05:00,3139.27566098,1443.34000000,332.51991093,2806.75575006,16.80361176,2170.94270000,619.00943829,0.1319384071,0.1250000000,3,0,101.95835481
2024-12-11T12:15:00-05:00,3152.99815867,1443.34000000,332.47020862,2820.52795006,16.80361176,2184.71490000,619.00943829,0.1312042970,0.1250000000,3,1,101.95835481
2024-12-11T12:30:00-05:00,3143.88532850,1443.34000000,332.31727844,2811.56805006,16.80361176,2175.75500000,619.00943829,0.1316172726,0.1250000000,3,1,101.95835481
2024-12-11T12:45:00-05:00,3124.58495561,1443.34000000,332.32416030,2792.26079531,294.46895963,1888.47000000,609.32183569,0.1321230203,0.1250000000,2,0,75.97677923
2024-12-11T13:00:00-05:00,3101.39377419,1443.34000000,332.39297888,2769.00079531,294.46895963,1865.21000000,609.32183569,0.1333801700,0.1250000000,2,0,75.97677923
2024-12-11T13:15:00-05:00,3130.12500393,1443.34000000,332.47020862,2797.65479531,294.46895963,1893.86400000,609.32183569,0.1318905866,0.1250000000,2,1,75.97677923
2024-12-11T13:30:00-05:00,3119.69708367,1443.34000000,332.46256211,2787.23452156,1.08408588,2176.82860000,609.32183569,0.1324354048,0.1250000000,3,0,87.25973308
2024-12-11T13:45:00-05:00,3126.84289764,1443.34000000,332.43197607,2794.41092156,1.08408588,2184.00500000,609.32183569,0.1320473465,0.1250000000,3,0,87.25973308
2024-12-11T14:00:00-05:00,3114.87383529,1443.34000000,332.48091373,2782.39292156,1.08408588,2171.98700000,609.32183569,0.1326976705,0.1250000000,3,0,87.25973308
2024-12-11T14:15:00-05:00,3131.07953667,1443.34000000,332.54361510,2798.53592156,1.08408588,2188.13000000,609.32183569,0.1318697728,0.1250000000,3,0,87.25973308
2024-12-11T14:30:00-05:00,3126.54848367,1443.34000000,332.46256211,2794.08592156,1.08408588,2183.68000000,609.32183569,0.1320749414,0.1250000000,3,0,87.25973308
2024-12-11T14:45:00-05:00,3128.60386273,1443.34000000,332.50844116,2796.09542156,1.08408588,2185.68950000,609.32183569,0.1319853981,0.1250000000,3,1,87.25973308
2024-12-11T15:00:00-05:00,3129.94030225,1443.34000000,332.53138069,2797.40892156,1.08408588,2187.00300000,609.32183569,0.1319245198,0.1250000000,3,1,87.25973308
2024-12-11T15:15:00-05:00,3115.13742133,1443.34000000,332.51149977,2782.62592156,1.08408588,2172.22000000,609.32183569,0.1326959181,0.1250000000,3,2,87.25973308
2024-12-11T15:30:00-05:00,3075.57076273,1443.34000000,332.50844116,2743.06232156,1.08408588,2132.65640000,609.32183569,0.1348235523,0.1250000000,3,3,87.25973308
2024-12-11T15:45:00-05:00,3068.62613018,1443.34000000,332.47020862,2736.15592156,1.08408588,2125.75000000,609.32183569,0.1351887236,0.1250000000,3,1,87.25973308
2024-12-12T09:30:00-05:00,3083.28958595,1443.34000000,309.36789404,2773.92169191,2173.97214557,10.86000000,589.08954635,0.1240349167,0.1250000000,1,5,0.85213592
2024-12-12T09:45:00-05:00,3107.43469653,1443.34000000,309.18846712,2798.24622941,14.00338307,2195.15330000,589.08954635,0.1227744605,0.1250000000,3,1,98.27779303
2024-12-12T10:00:00-05:00,3129.38277833,1443.34000000,308.68607175,2820.69670659,0.09586024,2231.51130000,589.08954635,0.1215159210,0.1250000000,4,0,98.64378782
2024-12-12T10:15:00-05:00,3226.65542754,1443.34000000,309.54732096,2917.10810659,0.09586024,2327.92270000,589.08954635,0.1173609816,0.1250000000,4,1,6.26774383
2024-12-12T10:30:00-05:00,3221.74913488,1443.34000000,309.49492830,2912.25420659,0.09586024,2323.06880000,589.08954635,0.1175597976,0.1250000000,4,2,6.26774383
2024-12-12T10:45:00-05:00,3257.13982214,1443.34000000,309.76191555,2947.37790659,0.09586024,2358.19250000,589.08954635,0.1161004792,0.1250000000,4,2,6.26774383
2024-12-12T11:00:00-05:00,3268.55367747,1443.34000000,309.97076849,2958.58290898,1932.92568230,368.76500000,656.89222668,0.1186871937,0.1250000000,3,1,6.26774383
2024-12-12T11:15:00-05:00,3264.16637400,1443.34000000,309.89397377,2954.27240023,3.33457355,2294.04560000,656.89222668,0.1188574566,0.1250000000,4,0,82.32840818
2024-12-12T11:30:00-05:00,3267.74392119,1443.34000000,309.54732096,2958.19660023,3.33457355,2297.96980000,656.89222668,0.1185618171,0.1250000000,4,0,82.32840818
2024-12-12T11:45:00-05:00,3252.80380889,1443.34000000,309.33200866,2943.47180023,3.33457355,2283.24500000,656.89222668,0.1191612267,0.1250000000,4,0,82.32840818
2024-12-12T12:00:00-05:00,3257.98255120,1443.34000000,309.76335097,2948.21920023,3.33457355,2287.99240000,656.89222668,0.1190898094,0.1250000000,4,0,82.32840818
2024-12-12T12:15:00-05:00,3258.38500426,1443.34000000,309.83440403,2948.55060023,3.33457355,2288.32380000,656.89222668,0.1190986985,0.1250000000,4,0,82.32840818
2024-12-12T12:30:00-05:00,3229.94609196,1443.34000000,309.61909173,2920.32700023,3.33457355,2260.10020000,656.89222668,0.1203313681,0.1250000000,4,0,82.32840818
2024-12-12T12:45:00-05:00,3230.21474580,1443.34000000,309.97794556,2920.23680023,3.33457355,2260.01000000,656.89222668,0.1204582571,0.1250000000,4,0,82.32840818
2024-12-12T13:00:00-05:00,3229.79797503,1443.34000000,309.90617480,2919.89180023,3.33457355,2259.66500000,656.89222668,0.1204498746,0.1250000000,4,0,82.32840818
2024-12-12T13:15:00-05:00,3246.47004580,1443.34000000,309.97794556,2936.49210023,3.33457355,2276.26530000,656.89222668,0.1197021164,0.1250000000,4,0,82.32840818
2024-12-12T13:30:00-05:00,3238.44147734,1443.34000000,309.65497711,2928.78650023,3.33457355,2268.55970000,656.89222668,0.1199492812,0.1250000000,4,0,82.32840818
2024-12-12T13:45:00-05:00,3210.52979196,1443.34000000,309.61909173,2900.91070023,3.33457355,2240.68390000,656.89222668,0.1212462943,0.1250000000,4,0,82.32840818
2024-12-12T14:00:00-05:00,3210.56562119,1443.34000000,309.54732096,2901.01830023,3.33457355,2240.79150000,656.89222668,0.1212164882,0.1250000000,4,0,82.32840818
2024-12-12T14:15:00-05:00,3207.38380889,1443.34000000,309.33200866,2898.05180023,3.33457355,2237.82500000,656.89222668,0.1212832894,0.1250000000,4,1,82.32840818
2024-12-12T14:30:00-05:00,3219.38146504,1443.34000000,309.43966481,2909.94180023,3.33457355,2249.71500000,656.89222668,0.1207574495,0.1250000000,4,1,82.32840818
2024-12-12T14:45:00-05:00,3197.31880889,1443.34000000,309.33200866,2887.98680023,3.33457355,2227.76000000,656.89222668,0.1217638057,0.1250000000,4,0,82.32840818
2024-12-12T15:00:00-05:00,3189.37327544,1443.34000000,309.11597864,2880.25729680,1884.13167062,367.89020000,628.23542617,0.1206947837,0.1250000000,3,0,6.26774383
2024-12-12T15:15:00-05:00,3188.87699843,1443.34000000,309.03990163,2879.83709680,1884.13167062,367.47000000,628.23542617,0.1206884653,0.1250000000,3,0,6.26774383
2024-12-12T15:30:00-05:00,3190.04556392,1443.34000000,309.18846712,2880.85709680,1884.13167062,368.49000000,628.23542617,0.1206914059,0.1250000000,3,0,6.26774383
2024-12-12T15:45:00-05:00,3190.90848085,1443.34000000,308.90138405,2882.00709680,1884.13167062,369.64000000,628.23542617,0.1205387412,0.1250000000,3,0,6.26774383
2024-12-13T09:30:00-05:00,3192.94878165,1443.34000000,312.27389242,2880.67488923,1885.39026306,367.04920000,628.23542617,0.1217578143,0.1250000000,3,2,1.21813071
2024-12-13T09:45:00-05:00,3192.04018821,1443.34000000,311.77221476,2880.26797345,2.41073406,2250.08810000,627.76913940,0.1215831746,0.1250000000,4,0,52.68611781
2024-12-13T10:00:00-05:00,3203.45742975,1443.34000000,311.91575629,2891.54167345,2.41073406,2261.36180000,627.76913940,0.1210999629,0.1250000000,4,2,52.68611781
2024-12-13T10:15:00-05:00,3173.76646361,1443.34000000,311.34159015,2862.42487345,2.41073406,2232.24500000,627.76913940,0.1222866918,0.1250000000,4,0,52.68611781
2024-12-13T10:30:00-05:00,3159.92469746,1443.34000000,310.76742401,2849.15727345,2.41073406,2218.97740000,627.76913940,0.1227284094,0.1250000000,4,0,52.68611781
2024-12-13T10:45:00-05:00,3143.14573132,1443.34000000,310.19325787,2832.95247345,2.41073406,2202.77260000,627.76913940,0.1233188139,0.1250000000,4,0,52.68611781
2024-12-13T11:00:00-05:00,3149.31869763,1443.34000000,309.87028941,2839.44840822,368.45292659,1846.36320000,624.63228162,0.1227361495,0.1250000000,3,0,44.48050711
2024-12-13T11:15:00-05:00,3161.27346609,1443.34000000,310.19325787,2851.08020822,368.45292659,1857.99500000,624.63228162,0.1222850357,0.1250000000,3,1,44.48050711
2024-12-13T11:30:00-05:00,3173.12800742,1443.34000000,310.55211171,2862.57589572,2.42861409,2235.51500000,624.63228162,0.1218570267,0.1250000000,4,0,56.97956407
2024-12-13T11:45:00-05:00,3164.61197741,1443.34000000,310.33608170,2854.27589572,2.42861409,2227.21500000,624.63228162,0.1221805364,0.1250000000,4,0,56.97956407
2024-12-13T12:00:00-05:00,3178.50886048,1443.34000000,310.62316477,2867.88569572,2.42861409,2240.82480000,624.63228162,0.1216281035,0.1250000000,4,1,56.97956407
2024-12-13T12:15:00-05:00,3173.77519512,1443.34000000,310.33679940,2863.43839572,2.42861409,2236.37750000,624.63228162,0.1217416245,0.1250000000,4,0,56.97956407
2024-12-13T12:30:00-05:00,3174.79954103,1443.34000000,310.25354531,2864.54599572,2.42861409,2237.48510000,624.63228162,0.1216600771,0.1250000000,4,0,56.97956407
2024-12-13T12:45:00-05:00,3169.27584740,1443.34000000,310.12005168,2859.15579572,2.42861409,2232.09490000,624.63228162,0.1218717057,0.1250000000,4,0,56.97956407
2024-12-13T13:00:00-05:00,3180.23106473,1443.34000000,310.53416901,2869.69689572,2.42861409,2242.63600000,624.63228162,0.1215113151,0.1250000000,4,0,56.97956407
2024-12-13T13:15:00-05:00,3190.11623666,1443.34000000,310.48034094,2879.63589572,2.42861409,2252.57500000,624.63228162,0.1210221332,0.1250000000,4,0,56.97956407
2024-12-13T13:30:00-05:00,3189.88320814,1443.34000000,310.90881242,2878.97439572,2.42861409,2251.91350000,624.63228162,0.1212001560,0.1250000000,4,0,56.97956407
2024-12-13T13:45:00-05:00,3194.80293918,1443.34000000,311.13704346,2883.66589572,2.42861409,2256.60500000,624.63228162,0.1210569588,0.1250000000,4,2,56.97956407
2024-12-13T14:00:00-05:00,3196.25305895,1443.34000000,311.16216323,2885.09089572,2.42861409,2258.03000000,624.63228162,0.1209984637,0.1250000000,4,0,56.97956407
2024-12-13T14:15:00-05:00,3200.96061369,1443.34000000,311.67101797,2889.28959572,2.42861409,2262.22870000,624.63228162,0.1209748828,0.1250000000,4,0,56.97956407
2024-12-13T14:30:00-05:00,3195.69956894,1443.34000000,311.62867322,2884.07089572,2.42861409,2257.01000000,624.63228162,0.1212059578,0.1250000000,4,0,56.97956407
2024-12-13T14:45:00-05:00,3195.43508356,1443.34000000,311.59278784,2883.84229572,2.42861409,2256.78140000,624.63228162,0.1212044687,0.1250000000,4,0,56.97956407
2024-12-13T15:00:00-05:00,3194.22368356,1443.34000000,311.59278784,2882.63089572,2.42861409,2255.57000000,624.63228162,0.1212616090,0.1250000000,4,2,56.97956407
2024-12-13T15:15:00-05:00,3207.68956894,1443.34000000,311.62867322,2896.06089572,2.42861409,2269.00000000,624.63228162,0.1206433457,0.1250000000,4,0,56.97956407
2024-12-13T15:30:00-05:00,3213.56858356,1443.34000000,311.59278784,2901.97579572,2.42861409,2274.91490000,624.63228162,0.1203555250,0.1250000000,4,1,56.97956407
2024-12-13T15:45:00-05:00,3238.33071510,1443.34000000,311.26981938,2927.06089572,2.42861409,2300.00000000,624.63228162,0.1190917113,0.1250000000,4,2,56.61356928
2024-12-16T09:30:00-05:00,3294.65946194,1443.34000000,313.35117164,2981.30829030,2305.02838175,10.96000000,665.31990855,0.1191748594,0.1250000000,1,3,0.85213592
2024-12-16T09:45:00-05:00,3293.58600000,1443.34000000,314.12270740,2979.46329260,1.43838405,2312.70500000,665.31990855,0.1195170871,0.1250000000,4,1,51.79948932
2024-12-16T10:00:00-05:00,3272.90529057,1443.34000000,314.06529078,2958.83999979,303.19092165,1993.27000000,662.37907813,0.1203072734,0.1250000000,3,0,44.07557600
2024-12-16T10:15:00-05:00,3310.21596218,1443.34000000,314.35596239,2995.85999979,303.19092165,2030.29000000,662.37907813,0.1187218005,0.1250000000,3,0,41.98507151
2024-12-16T10:30:00-05:00,3318.62153329,1443.34000000,314.32007701,3004.30145628,335.56482232,2004.82000000,663.91663396,0.1184011364,0.1250000000,2,3,41.98507151
2024-12-16T10:45:00-05:00,3321.43454867,1443.34000000,314.35596239,3007.07858628,18.16695232,2324.99500000,663.91663396,0.1182893107,0.1250000000,3,0,55.90030793
2024-12-16T11:00:00-05:00,3316.91393709,1443.34000000,314.49735080,3002.41658628,18.16695232,2320.33300000,663.91663396,0.1185441653,0.1250000000,3,0,55.90030793
2024-12-16T11:15:00-05:00,3329.43416632,1443.34000000,314.42558004,3015.00858628,18.16695232,2332.92500000,663.91663396,0.1179604247,0.1250000000,3,0,55.90030793
2024-12-16T11:30:00-05:00,3316.30625383,1443.34000000,314.41696754,3001.88928628,18.16695232,2319.80570000,663.91663396,0.1185410187,0.1250000000,3,0,55.90030793
2024-12-16T11:45:00-05:00,3344.02166098,1443.34000000,314.57127470,3029.45038628,18.16695232,2347.36680000,663.91663396,0.1173727416,0.1250000000,3,0,55.90030793
2024-12-16T12:00:00-05:00,3343.88607250,1443.34000000,314.49878622,3029.38728628,18.16695232,2347.30370000,663.91663396,0.1173516316,0.1250000000,3,0,55.04817200
2024-12-16T12:15:00-05:00,3350.50270785,1443.34000000,314.56912157,3035.93358628,18.16695232,2353.85000000,663.91663396,0.1170887933,0.1250000000,3,0,55.04817200
2024-12-16T12:30:00-05:00,3350.94601719,1443.34000000,314.61003091,3036.33598628,18.16695232,2354.25240000,663.91663396,0.1170847006,0.1250000000,3,0,13.91523641
2024-12-16T12:45:00-05:00,3363.10050773,1443.34000000,314.70692145,3048.39358628,18.16695232,2366.31000000,663.91663396,0.1165933616,0.1250000000,3,0,0.00000000
2024-12-16T13:00:00-05:00,3359.18290985,1443.34000000,314.66242357,3044.52048628,18.16695232,2362.43690000,663.91663396,0.1167463216,0.1250000000,3,0,0.00000000
2024-12-16T13:15:00-05:00,3378.40051713,1443.34000000,314.67893085,3063.72158628,18.16695232,2381.63800000,663.91663396,0.1159258792,0.1250000000,3,1,0.00000000
2024-12-16T13:30:00-05:00,3372.68380251,1443.34000000,314.71481623,3057.96898628,18.16695232,2375.88540000,663.91663396,0.1161837827,0.1250000000,3,0,0.00000000
2024-12-16T13:45:00-05:00,3370.85117753,1443.34000000,314.69759125,3056.15358628,18.16695232,2374.07000000,663.91663396,0.1162560772,0.1250000000,3,0,0.00000000
2024-12-16T14:00:00-05:00,3361.55267328,1443.34000000,314.78658700,3046.76608628,18.16695232,2364.68250000,663.91663396,0.1166897915,0.1250000000,3,0,0.00000000
2024-12-16T14:15:00-05:00,3348.28483175,1443.34000000,314.64304546,3033.64178628,18.16695232,2351.55820000,663.91663396,0.1172130730,0.1250000000,3,1,0.00000000
2024-12-16T14:30:00-05:00,3354.19107856,1443.34000000,314.70548603,3039.48559253,0.82895857,2374.74000000,663.91663396,0.1169789523,0.1250000000,4,0,0.89319746
2024-12-16T14:45:00-05:00,3359.98186723,1443.34000000,314.57127470,3045.41059253,0.82895857,2380.66500000,663.91663396,0.1166779167,0.1250000000,4,2,0.89319746
2024-12-16T15:00:00-05:00,3362.90156723,1443.34000000,314.57127470,3048.33029253,0.82895857,2383.58470000,663.91663396,0.1165516972,0.1250000000,4,0,0.89319746
2024-12-16T15:15:00-05:00,3359.69343800,1443.34000000,314.64304546,3045.05039253,0.82895857,2380.30480000,663.91663396,0.1167170238,0.1250000000,4,1,0.89319746
2024-12-16T15:30:00-05:00,3347.14147721,1443.34000000,314.60716008,3032.53431713,2003.74202556,350.05750000,678.73479156,0.1179007539,0.1250000000,2,2,0.89319746
2024-12-16T15:45:00-05:00,3343.13943836,1443.34000000,314.71481623,3028.42462213,25.99983056,2323.69000000,678.73479156,0.1181182508,0.1250000000,3,1,42.94400675
2024-12-17T09:30:00-05:00,3293.90404383,1443.34000000,314.19806670,2979.70597713,2297.21614326,17.80550000,664.68433386,0.1195024005,0.1250000000,1,1,0.00000000
2024-12-17T09:45:00-05:00,3284.60289184,1443.34000000,313.63825472,2970.96463713,995.12030326,1311.16000000,664.68433386,0.1197129788,0.1250000000,2,1,98.58786501
2024-12-17T10:00:00-05:00,3286.45088831,1443.34000000,313.13657705,2973.31431126,32.34431830,2275.63000000,665.33999297,0.1194671227,0.1250000000,2,1,124.03771537
2024-12-17T10:15:00-05:00,3236.73532118,1443.34000000,313.04973442,2923.68558676,967.18726752,1300.84000000,655.65831924,0.1212864762,0.1250000000,2,0,100.60211886
2024-12-17T10:30:00-05:00,3267.83592918,1443.34000000,313.42294241,2954.41298676,967.18726752,1331.56740000,655.65831924,0.1199853108,0.1250000000,2,1,100.60211886
2024-12-17T10:45:00-05:00,3322.64748814,1443.34000000,313.49471318,3009.15277496,428.10085572,1925.39360000,655.65831924,0.1175463016,0.1250000000,3,0,196.56557437
2024-12-17T11:00:00-05:00,3286.29494816,1443.34000000,313.92677320,2972.36817496,428.10085572,1888.60900000,655.65831924,0.1193349054,0.1250000000,3,0,196.56557437
2024-12-17T11:15:00-05:00,3261.64039813,1443.34000000,313.96122317,2947.67917496,428.10085572,1863.92000000,655.65831924,0.1204771229,0.1250000000,3,0,196.56557437
2024-12-17T11:30:00-05:00,3259.24909151,1443.34000000,314.37031655,2944.87877496,428.10085572,1861.11960000,655.65831924,0.1207449035,0.1250000000,3,1,196.56557437
2024-12-17T11:45:00-05:00,3221.57882342,1443.34000000,314.10476471,2907.47405871,7.63073947,2244.18500000,655.65831924,0.1224140671,0.1250000000,4,0,208.51408079
2024-12-17T12:00:00-05:00,3232.43439650,1443.34000000,313.92533779,2918.50905871,7.63073947,2255.22000000,655.65831924,0.1218287225,0.1250000000,4,0,208.51408079
2024-12-17T12:15:00-05:00,3237.07820880,1443.34000000,314.14065009,2922.93755871,7.63073947,2259.64850000,655.65831924,0.1216929688,0.1250000000,4,0,208.51408079
2024-12-17T12:30:00-05:00,3215.93416495,1443.34000000,314.24830624,2901.68585871,7.63073947,2238.39680000,655.65831924,0.1227400191,0.1250000000,4,0,208.51408079
2024-12-17T12:45:00-05:00,3268.80219625,1443.34000000,314.20093753,2954.60125871,7.63073947,2291.31220000,655.65831924,0.1202386674,0.1250000000,4,0,208.51408079
2024-12-17T13:00:00-05:00,3236.48801492,1443.34000000,314.28275621,2922.20525871,7.63073947,2258.91620000,655.65831924,0.1217758602,0.1250000000,4,1,196.56557437
2024-12-17T13:15:00-05:00,3240.97645381,1443.34000000,313.90739509,2927.06905871,7.63073947,2263.78000000,655.65831924,0.1214192524,0.1250000000,4,0,196.56557437
2024-12-17T13:30:00-05:00,3281.22992026,1443.34000000,314.13706155,2967.09285871,7.63073947,2303.80380000,655.65831924,0.1196452085,0.1250000000,4,0,196.56557437
2024-12-17T13:45:00-05:00,3265.64885496,1443.34000000,313.78179625,2951.86705871,7.63073947,2288.57800000,655.65831924,0.1202233464,0.1250000000,4,0,196.56557437
2024-12-17T14:00:00-05:00,3268.27308420,1443.34000000,313.71002548,2954.56305871,7.63073947,2291.27400000,655.65831924,0.1200751177,0.1250000000,4,1,196.56557437
2024-12-17T14:15:00-05:00,3286.03130516,1443.34000000,313.56648395,2972.46482121,1.97650197,2314.83000000,655.65831924,0.1192098937,0.1250000000,5,0,196.72558143
2024-12-17T14:30:00-05:00,3258.36874562,1443.34000000,313.42294241,2944.94580321,424.62028564,1863.39060000,656.93491757,0.1204808437,0.1250000000,4,0,196.72558143
2024-12-17T14:45:00-05:00,3265.83814562,1443.34000000,313.42294241,2952.41520321,424.62028564,1870.86000000,656.93491757,0.1201359020,0.1250000000,4,0,196.72558143
2024-12-17T15:00:00-05:00,3248.44855090,1443.34000000,313.34614769,2935.10240321,424.62028564,1853.54720000,656.93491757,0.1209124057,0.1250000000,4,0,196.72558143
2024-12-17T15:15:00-05:00,3272.02745006,1443.34000000,313.12724685,2958.90020321,424.62028564,1877.34500000,656.93491757,0.1197384960,0.1250000000,4,0,196.72558143
2024-12-17T15:30:00-05:00,3284.73734331,1443.34000000,313.67414010,2971.06320321,424.62028564,1889.50800000,656.93491757,0.1193674749,0.1250000000,4,2,196.72558143
2024-12-17T15:45:00-05:00,3273.38535773,1443.34000000,313.85356702,2959.53179071,8.55847314,2294.03840000,656.93491757,0.1199539507,0.1250000000,5,1,204.30642914
2024-12-18T09:30:00-05:00,3445.30804422,1443.34000000,313.49471318,3131.81333104,674.60517579,1729.03000000,728.17815525,0.1153771538,0.1250000000,3,3,98.58786501
2024-12-18T09:45:00-05:00,3410.20058857,1443.34000000,313.45954550,3096.74104307,37.91805579,2329.16370000,729.65928727,0.1169388979,0.1250000000,4,0,118.33535422
2024-12-18T10:00:00-05:00,3400.71480896,1443.34000000,313.63825472,3087.07655424,456.52090946,1899.40400000,731.15164478,0.1174867330,0.1250000000,3,0,118.33535422
2024-12-18T10:15:00-05:00,3363.05087067,1443.34000000,313.63897242,3049.41189825,1695.93773698,659.13400000,694.34016127,0.1175245302,0.1250000000,2,0,19.74748921
2024-12-18T10:30:00-05:00,3364.29323604,1443.34000000,313.92533779,3050.36789825,1695.93773698,660.09000000,694.34016127,0.1175770993,0.1250000000,2,0,19.74748921
2024-12-18T10:45:00-05:00,3365.60743604,1443.34000000,313.92533779,3051.68209825,1695.93773698,661.40420000,694.34016127,0.1175192542,0.1250000000,2,0,19.74748921
2024-12-18T11:00:00-05:00,3368.49569450,1443.34000000,313.78179625,3054.71389825,1695.93773698,664.43600000,694.34016127,0.1173386485,0.1250000000,2,1,19.74748921
2024-12-18T11:15:00-05:00,3391.54635480,1443.34000000,313.85213160,3077.69422320,3.63606193,2379.71800000,694.34016127,0.1163619349,0.1250000000,3,0,77.38158348
2024-12-18T11:30:00-05:00,3463.04736099,1443.34000000,313.92533779,3149.12202320,3.63606193,2451.14580000,694.34016127,0.1133833646,0.1250000000,3,3,19.74748921
2024-12-18T11:45:00-05:00,3417.54030271,1443.34000000,313.86217951,3103.67812320,3.63606193,2405.70190000,694.34016127,0.1152549072,0.1250000000,3,0,19.74748921
2024-12-18T12:00:00-05:00,3432.59343085,1443.34000000,313.84710765,3118.74632320,3.63606193,2420.77010000,694.34016127,0.1146158068,0.1250000000,3,0,19.74748921
2024-12-18T12:15:00-05:00,3439.60006099,1443.34000000,313.92533779,3125.67472320,3.63606193,2427.69850000,694.34016127,0.1143517733,0.1250000000,3,0,19.74748921
2024-12-18T12:30:00-05:00,3449.19774238,1443.34000000,313.77461917,3135.42312320,3.63606193,2437.44690000,694.34016127,0.1138986717,0.1250000000,3,0,19.74748921
2024-12-18T12:45:00-05:00,3434.03827560,1443.34000000,313.88945240,3120.14882320,3.63606193,2422.17260000,694.34016127,0.1145708174,0.1250000000,3,1,19.74748921
2024-12-18T13:00:00-05:00,3483.99809103,1443.34000000,313.81768163,3170.18040939,1767.70261900,665.99000000,736.48779039,0.1142189282,0.1250000000,2,2,19.74748921
2024-12-18T13:15:00-05:00,3481.72581141,1443.34000000,313.85356702,3167.87224439,1.35885400,2430.02560000,736.48779039,0.1143265409,0.1250000000,3,0,72.53741646
2024-12-18T13:30:00-05:00,3463.39713967,1443.34000000,313.70069528,3149.69644439,1.35885400,2411.84980000,736.48779039,0.1150389159,0.1250000000,3,1,72.53741646
2024-12-18T13:45:00-05:00,3478.91369351,1443.34000000,313.83921286,3165.07448064,0.07289025,2428.51380000,736.48779039,0.1144385387,0.1250000000,4,0,71.61035478
2024-12-18T14:00:00-05:00,3425.55655842,1443.34000000,311.91575629,3113.64080213,637.46229929,1746.79550000,729.38300284,0.1156883078,0.1250000000,3,0,52.88129453
2024-12-18T14:15:00-05:00,3411.33223933,1443.34000000,310.98273631,3100.34950301,2389.57773967,1.27070000,709.50106334,0.1151007284,0.1250000000,1,0,0.09136729
2024-12-18T14:30:00-05:00,3411.07742702,1443.34000000,310.76742401,3100.31000301,2389.57773967,1.23120000,709.50106334,0.1150318859,0.1250000000,1,0,0.09136729
2024-12-18T14:45:00-05:00,3409.12341630,1443.34000000,308.82961328,3100.29380301,2389.57773967,1.21500000,709.50106334,0.1143973389,0.1250000000,1,0,0.09136729
2024-12-18T15:00:00-05:00,3407.95378453,1443.34000000,307.68128100,3100.27250353,2390.80557758,0.00000000,709.46692594,0.1140199294,0.1250000000,0,0,0.00000000
2024-12-18T15:15:00-05:00,3406.46812964,1443.34000000,306.19562611,3100.27250353,2390.80557758,0.00000000,709.46692594,0.1135318834,0.1250000000,0,0,0.00000000
2024-12-18T15:30:00-05:00,3402.85806002,1443.34000000,302.58555649,3100.27250353,2390.80557758,0.00000000,709.46692594,0.1123437115,0.1250000000,0,0,0.00000000
2024-12-18T15:45:00-05:00,3403.21691386,1443.34000000,302.94441033,3100.27250353,2390.80557758,0.00000000,709.46692594,0.1124619626,0.1250000000,0,0,0.00000000
2024-12-19T09:30:00-05:00,3398.02596661,1443.34000000,333.74938562,3064.27658099,2354.80965505,0.00000000,709.46692594,0.1241369003,0.1250000000,0,0,0.00000000
2024-12-19T09:45:00-05:00,3398.05811199,1443.34000000,333.78153100,3064.27658099,2354.80965505,0.00000000,709.46692594,0.1241473723,0.1250000000,0,1,0.00000000
2024-12-19T10:00:00-05:00,3348.16991790,1443.34000000,334.27817708,3013.89174082,1340.66271487,963.76210000,709.46692594,0.1266827597,0.1250000000,1,0,101.86331525
2024-12-19T10:15:00-05:00,3359.44339304,1443.34000000,332.50375223,3026.93964082,1340.66271487,976.81000000,709.46692594,0.1254742283,0.1250000000,1,0,101.86331525
2024-12-19T10:30:00-05:00,3367.18598596,1443.34000000,333.18764514,3033.99834082,1340.66271487,983.86870000,709.46692594,0.1253660141,0.1250000000,1,0,101.86331525
2024-12-19T10:45:00-05:00,3356.88293610,1443.34000000,333.50829529,3023.37464082,1340.66271487,973.24500000,709.46692594,0.1259750239,0.1250000000,1,0,101.86331525
2024-12-19T11:00:00-05:00,3366.96493926,1443.34000000,332.18229845,3034.78264082,1340.66271487,984.65300000,709.46692594,0.1249981361,0.1250000000,1,0,101.86331525
2024-12-19T11:15:00-05:00,3411.08120710,1443.34000000,334.23156629,3076.84964082,1340.66271487,1026.72000000,709.46692594,0.1237155017,0.1250000000,1,0,101.86331525
2024-12-19T11:30:00-05:00,3418.05048021,1443.34000000,334.07083940,3083.97964082,1340.66271487,1033.85000000,709.46692594,0.1233378379,0.1250000000,1,0,101.86331525
2024-12-19T11:45:00-05:00,3374.78829954,1443.34000000,333.58865873,3041.19964082,1340.66271487,991.07000000,709.46692594,0.1251588878,0.1250000000,1,0,101.86331525
2024-12-19T12:00:00-05:00,3345.69370092,1443.34000000,333.01406010,3012.67964082,1340.66271487,962.55000000,709.46692594,0.1263222357,0.1250000000,1,1,101.86331525
2024-12-19T12:15:00-05:00,3397.39175760,1443.34000000,331.88093553,3065.51082207,1.23389612,2354.81000000,709.46692594,0.1234710627,0.1250000000,2,0,199.38833577
2024-12-19T12:30:00-05:00,3356.82671190,1443.34000000,331.98138984,3024.84532207,1.23389612,2314.14450000,709.46692594,0.1254009340,0.1250000000,2,0,199.38833577
2024-12-19T12:45:00-05:00,3367.59167324,1443.34000000,332.94575117,3034.64592207,1.23389612,2323.94510000,709.46692594,0.1252558788,0.1250000000,2,0,199.38833577
2024-12-19T13:00:00-05:00,3382.26648290,1443.34000000,332.70466084,3049.56182207,1.23389612,2338.86100000,709.46692594,0.1244779692,0.1250000000,2,0,199.38833577
2024-12-19T13:15:00-05:00,3437.97544956,1443.34000000,332.96262750,3105.01282207,1.23389612,2394.31200000,709.46692594,0.1220310014,0.1250000000,2,0,199.38833577
2024-12-19T13:30:00-05:00,3442.83846357,1443.34000000,333.18684151,3109.65162207,1.23389612,2398.95080000,709.46692594,0.1218959212,0.1250000000,2,0,199.38833577
2024-12-19T13:45:00-05:00,3470.66766146,1443.34000000,334.07083940,3136.59682207,1.23389612,2425.89600000,709.46692594,0.1209875237,0.1250000000,2,0,199.38833577
2024-12-19T14:00:00-05:00,3489.67637324,1443.34000000,332.94575117,3156.73062207,1.23389612,2446.02980000,709.46692594,0.1197556362,0.1250000000,2,1,199.38833577
2024-12-19T14:15:00-05:00,3450.92511946,1443.34000000,332.62429739,3118.30082207,1.23389612,2407.60000000,709.46692594,0.1213311581,0.1250000000,2,0,199.38833577
2024-12-19T14:30:00-05:00,3422.87002913,1443.34000000,332.38320706,3090.48682207,1.23389612,2379.78600000,709.46692594,0.1224968036,0.1250000000,2,0,199.38833577
2024-12-19T14:45:00-05:00,3407.12700224,1443.34000000,332.22248017,3074.90452207,1.23389612,2364.20370000,709.46692594,0.1231520914,0.1250000000,2,1,199.38833577
2024-12-19T15:00:00-05:00,3412.62037535,1443.34000000,332.06175328,3080.55862207,1.23389612,2369.85780000,709.46692594,0.1228423615,0.1250000000,2,0,199.38833577
2024-12-19T15:15:00-05:00,3449.77439963,1443.34000000,332.55357756,3117.22082207,1.23389612,2406.52000000,709.46692594,0.1213563006,0.1250000000,2,0,199.38833577
2024-12-19T15:30:00-05:00,3490.58820255,1443.34000000,332.08988049,3158.49832207,1.23389612,2447.79750000,709.46692594,0.1194086296,0.1250000000,2,0,199.38833577
2024-12-19T15:45:00-05:00,3488.73212368,1443.34000000,330.85630161,3157.87582207,1.23389612,2447.17500000,709.46692594,0.1190445237,0.1250000000,2,0,199.38833577
2024-12-20T09:30:00-05:00,3529.82537392,1443.34000000,328.93802619,3200.88734773,7.47442179,2483.94600000,709.46692594,0.1166298654,0.1250000000,2,0,97.52502053
2024-12-20T09:45:00-05:00,3612.31886527,1443.34000000,328.76685205,3283.55201322,1149.39369391,1349.65050000,784.50781931,0.1162619591,0.1250000000,1,0,97.52502053
2024-12-20T10:00:00-05:00,3570.65772661,1443.34000000,329.73121339,3240.92651322,1149.39369391,1307.02500000,784.50781931,0.1183465443,0.1250000000,1,0,97.52502053
2024-12-20T10:15:00-05:00,3591.32745139,1443.34000000,330.77593817,3260.55151322,1149.39369391,1326.65000000,784.50781931,0.1178472369,0.1250000000,1,0,97.52502053
2024-12-20T10:30:00-05:00,3607.14986000,1443.34000000,330.97684678,3276.17301322,1149.39369391,1342.27150000,784.50781931,0.1172578180,0.1250000000,1,0,97.52502053
2024-12-20T10:45:00-05:00,3599.29156748,1443.34000000,330.89005426,3268.40151322,1149.39369391,1334.50000000,784.50781931,0.1175543430,0.1250000000,1,0,97.52502053
2024-12-20T11:00:00-05:00,3587.88463206,1443.34000000,331.25811883,3256.62651322,1149.39369391,1322.72500000,784.50781931,0.1181639647,0.1250000000,1,0,97.52502053
2024-12-20T11:15:00-05:00,3603.58463206,1443.34000000,331.25811883,3272.32651322,1149.39369391,1338.42500000,784.50781931,0.1175058861,0.1250000000,1,0,97.52502053
2024-12-20T11:30:00-05:00,3623.36769187,1443.34000000,331.33767865,3292.03001322,1149.39369391,1358.12850000,784.50781931,0.1167150524,0.1250000000,1,0,97.52502053
2024-12-20T11:45:00-05:00,3623.24981378,1443.34000000,331.29830056,3291.95151322,1149.39369391,1358.05000000,784.50781931,0.1167060272,0.1250000000,1,0,97.52502053
2024-12-20T12:00:00-05:00,3638.98276279,1443.34000000,331.33124957,3307.65151322,1149.39369391,1373.75000000,784.50781931,0.1160743240,0.1250000000,1,0,97.52502053
2024-12-20T12:15:00-05:00,3615.39981378,1443.34000000,331.29830056,3284.10151322,1149.39369391,1350.20000000,784.50781931,0.1170296504,0.1250000000,1,0,97.52502053
2024-12-20T12:30:00-05:00,3603.62481378,1443.34000000,331.29830056,3272.32651322,1149.39369391,1338.42500000,784.50781931,0.1175184645,0.1250000000,1,0,97.52502053
2024-12-20T12:45:00-05:00,3615.31945034,1443.34000000,331.21793711,3284.10151322,1149.39369391,1350.20000000,784.50781931,0.1170045839,0.1250000000,1,0,97.52502053
2024-12-20T13:00:00-05:00,3607.46945034,1443.34000000,331.21793711,3276.25151322,1149.39369391,1342.35000000,784.50781931,0.1173299465,0.1250000000,1,0,97.52502053
2024-12-20T13:15:00-05:00,3625.24690517,1443.34000000,331.09739195,3294.14951322,1149.39369391,1360.24800000,784.50781931,0.1165532567,0.1250000000,1,0,97.52502053
2024-12-20T13:30:00-05:00,3653.82463206,1443.34000000,331.25811883,3322.56651322,1149.39369391,1388.66500000,784.50781931,0.1154484292,0.1250000000,1,0,97.52502053
2024-12-20T13:45:00-05:00,3662.38113206,1443.34000000,331.25811883,3331.12301322,1149.39369391,1397.22150000,784.50781931,0.1151051776,0.1250000000,1,0,97.52502053
2024-12-20T14:00:00-05:00,3646.79981378,1443.34000000,331.29830056,3315.50151322,1149.39369391,1381.60000000,784.50781931,0.1157458083,0.1250000000,1,0,97.52502053
2024-12-20T14:15:00-05:00,3646.77329384,1443.34000000,331.27178062,3315.50151322,1149.39369391,1381.60000000,784.50781931,0.1157376154,0.1250000000,1,0,97.52502053
2024-12-20T14:30:00-05:00,3650.84375168,1443.34000000,331.41723846,3319.42651322,1149.39369391,1385.52500000,784.50781931,0.1156240044,0.1250000000,1,0,97.52502053
2024-12-20T14:45:00-05:00,3639.03017723,1443.34000000,331.37866400,3307.65151322,1149.39369391,1373.75000000,784.50781931,0.1160890063,0.1250000000,1,0,97.52502053
2024-12-20T15:00:00-05:00,3658.65517723,1443.34000000,331.37866400,3327.27651322,1149.39369391,1393.37500000,784.50781931,0.1152963376,0.1250000000,1,0,97.52502053
2024-12-20T15:15:00-05:00,3634.94605760,1443.34000000,331.21954438,3303.72651322,1149.39369391,1369.82500000,784.50781931,0.1161995162,0.1250000000,1,0,97.52502053
2024-12-20T15:30:00-05:00,3613.78670880,1443.34000000,331.09819558,3282.68851322,1149.39369391,1348.78700000,784.50781931,0.1170256481,0.1250000000,1,0,97.52502053
2024-12-20T15:45:00-05:00,3611.35426861,1443.34000000,331.17775539,3280.17651322,1149.39369391,1346.27500000,784.50781931,0.1171544905,0.1250000000,1,0,97.52502053
2024-12-23T09:30:00-05:00,3604.70972028,1443.34000000,332.38320706,3272.32651322,1149.39369391,1338.42500000,784.50781931,0.1178579473,0.1250000000,1,2,97.52502053
2024-12-23T09:45:00-05:00,3597.51966980,1443.34000000,332.78422065,3264.73544915,16.59262984,2463.63500000,784.50781931,0.1183017486,0.1250000000,2,0,130.95890340
2024-12-23T10:00:00-05:00,3589.08864120,1443.34000000,331.05319205,3258.03544915,16.59262984,2456.93500000,784.50781931,0.1180401682,0.1250000000,2,0,130.95890340
2024-12-23T10:15:00-05:00,3582.03893143,1443.34000000,331.33848228,3250.70044915,16.59262984,2449.60000000,784.50781931,0.1184396059,0.1250000000,2,1,130.95890340
2024-12-23T10:30:00-05:00,3590.61014084,1443.34000000,331.58600169,3259.02413915,1.50131984,2473.01500000,784.50781931,0.1181660409,0.1250000000,3,0,132.51217963
2024-12-23T10:45:00-05:00,3588.35407521,1443.34000000,331.65993606,3256.69413915,1.50131984,2470.68500000,784.50781931,0.1182874900,0.1250000000,3,0,132.51217963
2024-12-23T11:00:00-05:00,3594.18614621,1443.34000000,332.38320706,3261.80293915,1.50131984,2475.79380000,784.50781931,0.1182993811,0.1250000000,3,0,132.51217963
2024-12-23T11:15:00-05:00,3638.38066343,1443.34000000,332.78502428,3305.59563915,1.50131984,2519.58650000,784.50781931,0.1166082171,0.1250000000,3,0,132.51217963
2024-12-23T11:30:00-05:00,3651.96109788,1443.34000000,333.58865873,3318.37243915,1.50131984,2532.36330000,784.50781931,0.1163362142,0.1250000000,3,1,132.51217963
2024-12-23T11:45:00-05:00,3642.96548842,1443.34000000,333.74134927,3309.22413915,1.50131984,2523.21500000,784.50781931,0.1167557431,0.1250000000,3,0,132.51217963
2024-12-23T12:00:00-05:00,3658.25466132,1443.34000000,333.66902217,3324.58563915,1.50131984,2538.57650000,784.50781931,0.1161094002,0.1250000000,3,0,132.51217963
2024-12-23T12:15:00-05:00,3693.64779788,1443.34000000,333.58865873,3360.05913915,1.50131984,2574.05000000,784.50781931,0.1146691672,0.1250000000,3,0,132.51217963
2024-12-23T12:30:00-05:00,3715.70988821,1443.34000000,333.82974906,3381.88013915,1.50131984,2595.87100000,784.50781931,0.1138883438,0.1250000000,3,0,132.51217963
2024-12-23T12:45:00-05:00,3737.07881510,1443.34000000,333.99047595,3403.08833915,1.50131984,2617.07920000,784.50781931,0.1131185250,0.1250000000,3,0,34.98715911
2024-12-23T13:00:00-05:00,3708.77140544,1443.34000000,334.23156629,3374.53983915,1.50131984,2588.53070000,784.50781931,0.1142959779,0.1250000000,3,0,34.98715911
2024-12-23T13:15:00-05:00,3718.37900544,1443.34000000,334.23156629,3384.14743915,1.50131984,2598.13830000,784.50781931,0.1139216909,0.1250000000,3,0,34.98715911
2024-12-23T13:30:00-05:00,3713.14339577,1443.34000000,334.47265662,3378.67073915,1.50131984,2592.66160000,784.50781931,0.1142076738,0.1250000000,3,0,34.98715911
2024-12-23T13:45:00-05:00,3716.31246274,1443.34000000,334.59802359,3381.71443915,1.50131984,2595.70530000,784.50781931,0.1141269847,0.1250000000,3,1,34.98715911
2024-12-23T14:00:00-05:00,3720.34627883,1443.34000000,334.71213969,3385.63413915,1.50131984,2599.62500000,784.50781931,0.1140090452,0.1250000000,3,0,34.98715911
2024-12-23T14:15:00-05:00,3722.72220438,1443.34000000,334.67356523,3388.04863915,1.50131984,2602.03950000,784.50781931,0.1139037257,0.1250000000,3,0,34.98715911
2024-12-23T14:30:00-05:00,3737.06767968,1443.34000000,334.35854053,3402.70913915,1.50131984,2616.70000000,784.50781931,0.1132436111,0.1250000000,3,0,34.98715911
2024-12-23T14:45:00-05:00,3725.36489453,1443.34000000,334.22915538,3391.13573915,1.50131984,2605.12660000,784.50781931,0.1136502546,0.1250000000,3,0,34.98715911
2024-12-23T15:00:00-05:00,3720.51284199,1443.34000000,334.15120284,3386.36163915,1.50131984,2600.35250000,784.50781931,0.1138115229,0.1250000000,3,0,34.98715911
2024-12-23T15:15:00-05:00,3726.61461510,1443.34000000,333.99047595,3392.62413915,1.50131984,2606.61500000,784.50781931,0.1135208540,0.1250000000,3,0,34.98715911
2024-12-23T15:30:00-05:00,3722.52143232,1443.34000000,334.39229318,3388.12913915,1.50131984,2602.12000000,784.50781931,0.1138157739,0.1250000000,3,0,34.98715911
2024-12-23T15:45:00-05:00,3750.88824955,1443.34000000,334.79411040,3416.09413915,1.50131984,2630.08500000,784.50781931,0.1128628368,0.1250000000,3,2,34.98715911
2024-12-24T09:30:00-05:00,3716.83225864,1443.34000000,336.64246963,3380.18978901,1391.13624419,1175.05960000,813.99394482,0.1159701069,0.1250000000,2,4,34.98715911
2024-12-24T09:45:00-05:00,3729.47661036,1443.34000000,337.04428685,3392.43232351,1.74097869,2576.69740000,813.99394482,0.1156049703,0.1250000000,4,2,73.61964843
2024-12-24T10:00:00-05:00,3725.70119706,1443.34000000,337.28457355,3388.41662351,1.74097869,2572.68170000,813.99394482,0.1158373917,0.1250000000,4,0,73.61964843
2024-12-24T10:15:00-05:00,3728.91196414,1443.34000000,337.36574063,3391.54622351,1.74097869,2575.81130000,813.99394482,0.1157376428,0.1250000000,4,0,73.61964843
2024-12-24T10:30:00-05:00,3728.51001792,1443.34000000,337.68719441,3390.82282351,1.74097869,2575.08790000,813.99394482,0.1158638985,0.1250000000,4,1,73.61964843
2024-12-24T10:45:00-05:00,3728.55031792,1443.34000000,337.68719441,3390.86312351,1.74097869,2575.12820000,813.99394482,0.1158622964,0.1250000000,4,1,73.61964843
2024-12-24T11:00:00-05:00,3728.75213433,1443.34000000,337.66871081,3391.08342351,1.74097869,2575.34850000,813.99394482,0.1158479328,0.1250000000,4,2,73.61964843
2024-12-24T11:15:00-05:00,3723.06351065,1443.34000000,337.68558714,3385.37792351,1.74097869,2569.64300000,813.99394482,0.1160802722,0.1250000000,4,2,73.61964843
2024-12-24T11:30:00-05:00,3737.27091792,1443.34000000,337.68719441,3399.58372351,1.74097869,2583.84880000,813.99394482,0.1155166608,0.1250000000,4,0,73.61964843
2024-12-24T11:45:00-05:00,3733.46175447,1443.34000000,337.60683096,3395.85492351,1.74097869,2580.12000000,813.99394482,0.1156398539,0.1250000000,4,0,73.61964843
2024-12-24T12:00:00-05:00,3736.36266308,1443.34000000,337.80773957,3398.55492351,1.74097869,2582.82000000,813.99394482,0.1155938118,0.1250000000,4,0,73.61964843
2024-12-24T12:15:00-05:00,3729.59123754,1443.34000000,337.84631403,3391.74492351,1.74097869,2576.01000000,813.99394482,0.1158755068,0.1250000000,4,1,73.61964843
2024-12-24T12:30:00-05:00,3719.62186308,1443.34000000,337.80773957,3381.81412351,1.74097869,2566.07920000,813.99394482,0.1162598065,0.1250000000,4,2,73.61964843
2024-12-24T12:45:00-05:00,3740.93303728,1443.34000000,337.88810302,3403.04493426,0.42098944,2588.63000000,813.99394482,0.1154407702,0.1250000000,5,1,73.68619509
2024-12-24T13:00:00-05:00,3742.85753873,1443.34000000,338.33010196,3404.52743677,1.69846204,2588.86000000,813.96897473,0.1155148428,0.1250000000,4,0,73.61964843
2024-12-26T09:30:00-05:00,3781.29512746,1443.34000000,364.86179629,3416.43333118,1146.35987601,1429.00800000,841.06545517,0.1240929577,0.1250000000,3,2,40.18576556
2024-12-26T09:45:00-05:00,3790.65559067,1443.34000000,364.35092449,3426.30466618,4.08381101,2581.15540000,841.06545517,0.1235259503,0.1250000000,4,0,135.05139336
2024-12-26T10:00:00-05:00,3736.61800463,1443.34000000,364.17353845,3372.44446618,4.08381101,2527.29520000,841.06545517,0.1257699635,0.1250000000,4,2,133.49811713
2024-12-26T10:15:00-05:00,3763.56715129,1443.34000000,364.88308261,3398.68406868,0.35101351,2557.26760000,841.06545517,0.1248529926,0.1250000000,5,1,133.69094903
2024-12-26T10:30:00-05:00,3764.41265827,1443.34000000,364.79438959,3399.61826868,0.35101351,2558.20180000,841.06545517,0.1247865424,0.1250000000,5,1,133.69094903
2024-12-26T10:45:00-05:00,3800.98604442,1443.34000000,365.14916167,3435.83688275,17.39085307,2576.23620000,842.20982968,0.1234122269,0.1250000000,4,2,95.97325104
2024-12-26T11:00:00-05:00,3794.00818024,1443.34000000,365.32654771,3428.68163253,2.37930285,2584.09250000,842.20982968,0.1237640598,0.1250000000,5,1,96.67068503
2024-12-26T11:15:00-05:00,3815.40290816,1443.34000000,364.97177563,3450.43113253,2.37930285,2605.84200000,842.20982968,0.1227541455,0.1250000000,5,0,96.67068503
2024-12-26T11:30:00-05:00,3825.47101279,1443.34000000,365.54828026,3459.92273253,2.37930285,2615.33360000,842.20982968,0.1225331132,0.1250000000,5,0,96.67068503
2024-12-26T11:45:00-05:00,3825.52934533,1443.34000000,365.77001281,3459.75933253,2.37930285,2615.17020000,842.20982968,0.1226050414,0.1250000000,5,0,96.67068503
2024-12-26T12:00:00-05:00,3807.73655385,1443.34000000,365.77622132,3441.96033253,2.37930285,2597.37120000,842.20982968,0.1233427500,0.1250000000,5,0,95.97325104
2024-12-26T12:15:00-05:00,3857.20232464,1443.34000000,365.58819212,3491.61413253,2.37930285,2647.02500000,842.20982968,0.1212567503,0.1250000000,5,0,95.97325104
2024-12-26T12:30:00-05:00,3864.45701279,1443.34000000,365.54828026,3498.90873253,2.37930285,2654.31960000,842.20982968,0.1209524761,0.1250000000,5,1,95.97325104
2024-12-26T12:45:00-05:00,3824.04590816,1443.34000000,364.97177563,3459.07413253,2.37930285,2614.48500000,842.20982968,0.1223983365,0.1250000000,5,1,95.97325104
2024-12-26T13:00:00-05:00,3822.51859251,1443.34000000,365.41524073,3457.10335178,0.13662210,2614.75690000,842.20982968,0.1226098602,0.1250000000,6,0,96.11532707
2024-12-26T13:15:00-05:00,3841.31882506,1443.34000000,365.63697328,3475.68185178,0.13662210,2633.33540000,842.20982968,0.1219152001,0.1250000000,6,0,96.11532707
2024-12-26T13:30:00-05:00,3811.90020647,1443.34000000,365.23785469,3446.66235178,0.13662210,2604.31590000,842.20982968,0.1229885302,0.1250000000,6,0,96.11532707
2024-12-26T13:45:00-05:00,3821.19249949,1443.34000000,365.32654771,3455.86595178,0.13662210,2613.51950000,842.20982968,0.1226346670,0.1250000000,6,0,96.11532707
2024-12-26T14:00:00-05:00,3802.56495237,1443.34000000,365.30260059,3437.26235178,0.13662210,2594.91590000,842.20982968,0.1233982362,0.1250000000,6,0,96.11532707
2024-12-26T14:15:00-05:00,3804.51499251,1443.34000000,365.41524073,3439.09975178,0.13662210,2596.75330000,842.20982968,0.1233550295,0.1250000000,6,0,96.11532707
2024-12-26T14:30:00-05:00,3828.42111807,1443.34000000,365.72566630,3462.69545178,0.13662210,2620.34900000,842.20982968,0.1224714633,0.1250000000,6,0,96.11532707
2024-12-26T14:45:00-05:00,3837.13810775,1443.34000000,365.78065597,3471.35745178,0.13662210,2629.01100000,842.20982968,0.1221333608,0.1250000000,6,0,96.11532707
2024-12-26T15:00:00-05:00,3843.66901320,1443.34000000,365.59706142,3478.07195178,0.13662210,2635.72550000,842.20982968,0.1218064412,0.1250000000,6,0,96.11532707
2024-12-26T15:15:00-05:00,3858.40429713,1443.34000000,365.99174536,3492.41255178,0.13662210,2650.06610000,842.20982968,0.1213422242,0.1250000000,6,0,96.11532707
2024-12-26T15:30:00-05:00,3846.35473755,1443.34000000,365.94828578,3480.40645178,0.13662210,2638.06000000,842.20982968,0.1218144587,0.1250000000,6,0,96.11532707
2024-12-26T15:45:00-05:00,3843.61414714,1443.34000000,365.41524073,3478.19890641,1393.71364512,1230.58370000,853.90156129,0.1222242039,0.1250000000,5,0,95.92249517
2024-12-27T09:30:00-05:00,3983.56966859,1443.34000000,360.44843163,3623.12123696,2665.19451129,34.12940000,923.79732567,0.1178023693,0.1250000000,3,2,1.05686736
2024-12-27T09:45:00-05:00,3952.27991494,1443.34000000,360.53712465,3591.74279028,1.66946462,2666.27600000,923.79732567,0.1190487692,0.1250000000,5,1,113.86195691
2024-12-27T10:00:00-05:00,3866.11800787,1443.34000000,358.49718520,3507.62082266,2608.25976887,17.81790000,881.54315379,0.1201166674,0.1250000000,2,0,1.05686736
2024-12-27T10:15:00-05:00,3865.73491574,1443.34000000,358.23199307,3507.50292266,2608.25976887,17.70000000,881.54315379,0.1200432216,0.1250000000,2,0,0.91479133
2024-12-27T10:30:00-05:00,3866.55153343,1443.34000000,358.80761077,3507.74392266,2608.25976887,17.94100000,881.54315379,0.1202032173,0.1250000000,2,0,0.91479133
2024-12-27T10:45:00-05:00,3866.81677296,1443.34000000,358.94065030,3507.87612266,2608.25976887,18.07320000,881.54315379,0.1202371026,0.1250000000,2,0,0.91479133
2024-12-27T11:00:00-05:00,3865.91252666,1443.34000000,358.14241312,3507.77011354,2610.55569100,15.64000000,881.57442254,0.1200073184,0.1250000000,1,0,0.91479133
2024-12-27T11:15:00-05:00,3867.05249638,1443.34000000,359.16238285,3507.89011354,2610.55569100,15.76000000,881.57442254,0.1203031387,0.1250000000,1,0,0.91479133
2024-12-27T11:30:00-05:00,3866.47327081,1443.34000000,358.85195728,3507.62131354,2610.55569100,15.49120000,881.57442254,0.1202224851,0.1250000000,1,0,0.91479133
2024-12-27T11:45:00-05:00,3865.90121968,1443.34000000,358.23110614,3507.67011354,2610.55569100,15.54000000,881.57442254,0.1200374927,0.1250000000,1,0,0.91479133
2024-12-27T12:00:00-05:00,3865.71514062,1443.34000000,357.96502708,3507.75011354,2610.55569100,15.62000000,881.57442254,0.1199558134,0.1250000000,1,1,0.91479133
2024-12-27T12:15:00-05:00,3849.67272905,1443.34000000,357.88431644,3491.78841261,1287.29609007,1322.91790000,881.57442254,0.1205769754,0.1250000000,2,0,116.88030460
2024-12-27T12:30:00-05:00,3837.76892573,1443.34000000,358.14241312,3479.62651261,1287.29609007,1310.75600000,881.57442254,0.1211498136,0.1250000000,2,0,116.88030460
2024-12-27T12:45:00-05:00,3828.91859083,1443.34000000,358.58587822,3470.33271261,1287.29609007,1301.46220000,881.57442254,0.1216640670,0.1250000000,2,0,116.88030460
2024-12-27T13:00:00-05:00,3820.29066989,1443.34000000,358.85195728,3461.43871261,1287.29609007,1292.56820000,881.57442254,0.1221118091,0.1250000000,2,0,116.88030460
2024-12-27T13:15:00-05:00,3823.22432338,1443.34000000,358.80761077,3464.41671261,1287.29609007,1295.54620000,881.57442254,0.1219749538,0.1250000000,2,0,116.88030460
2024-12-27T13:30:00-05:00,3804.59242103,1443.34000000,359.47280842,3445.11961261,1287.29609007,1276.24910000,881.57442254,0.1229800188,0.1250000000,2,0,116.88030460
2024-12-27T13:45:00-05:00,3820.19216518,1443.34000000,360.18235257,3460.00981261,1287.29609007,1291.13930000,881.57442254,0.1225686306,0.1250000000,2,0,116.88030460
2024-12-27T14:00:00-05:00,3789.18197825,1443.34000000,360.18146564,3429.00051261,1287.29609007,1260.13000000,881.57442254,0.1238755433,0.1250000000,2,0,116.88030460
2024-12-27T14:15:00-05:00,3784.32929919,1443.34000000,359.91538658,3424.41391261,1287.29609007,1255.54340000,881.57442254,0.1239909678,0.1250000000,2,0,116.88030460
2024-12-27T14:30:00-05:00,3779.27168377,1443.34000000,360.58147116,3418.69021261,1287.29609007,1249.81970000,881.57442254,0.1244372475,0.1250000000,2,0,116.88030460
2024-12-27T14:45:00-05:00,3789.81816283,1443.34000000,360.84755022,3428.97061261,1287.29609007,1260.10010000,881.57442254,0.1240774785,0.1250000000,2,2,116.88030460
2024-12-27T15:00:00-05:00,3777.37472993,1443.34000000,359.82669356,3417.54803636,1.69761382,2534.27600000,881.57442254,0.1242581171,0.1250000000,4,0,164.20089227
2024-12-27T15:15:00-05:00,3777.99610564,1443.34000000,360.05906928,3417.93703636,1.69761382,2534.66500000,881.57442254,0.1243116882,0.1250000000,4,0,164.20089227
2024-12-27T15:30:00-05:00,3787.65216511,1443.34000000,359.22712875,3428.42503636,1.69761382,2545.15300000,881.57442254,0.1236123602,0.1250000000,4,1,164.20089227
2024-12-27T15:45:00-05:00,3795.29004007,1443.34000000,360.80320371,3434.48683636,1.69761382,2551.21480000,881.57442254,0.1238292445,0.1250000000,4,2,164.20089227
2024-12-30T09:30:00-05:00,3736.69194450,1443.34000000,354.51309476,3382.17884974,294.95295431,2275.98500000,811.24089543,0.1211823711,0.1250000000,2,3,0.91479133
2024-12-30T09:45:00-05:00,3691.61898687,1443.34000000,353.97384120,3337.64514567,17.35603307,2509.39080000,810.89831259,0.1228768358,0.1250000000,3,0,12.51953059
2024-12-30T10:00:00-05:00,3684.25706501,1443.34000000,354.86077140,3329.39629361,2217.52745078,298.43000000,813.43884283,0.1236096276,0.1250000000,2,0,11.14815092
2024-12-30T10:15:00-05:00,3683.86490689,1443.34000000,354.32861328,3329.53629361,2217.52745078,298.57000000,813.43884283,0.1234411218,0.1250000000,2,0,11.14815092
2024-12-30T10:30:00-05:00,3681.18086266,1443.34000000,355.52596904,3325.65489361,2217.52745078,294.68860000,813.43884283,0.1239741813,0.1250000000,2,1,11.14815092
2024-12-30T10:45:00-05:00,3694.29679229,1443.34000000,355.47984867,3338.81694361,10.07310078,2515.30500000,813.43884283,0.1233937441,0.1250000000,3,0,78.09451334
2024-12-30T11:00:00-05:00,3713.75394485,1443.34000000,355.52596904,3358.22797580,28.05398501,2516.62500000,813.54899079,0.1225864981,0.1250000000,2,1,78.09451334
2024-12-30T11:15:00-05:00,3718.89654396,1443.34000000,356.01378065,3362.88276330,1.08377251,2548.25000000,813.54899079,0.1225374156,0.1250000000,3,0,78.66681420
2024-12-30T11:30:00-05:00,3738.37298811,1443.34000000,356.72332481,3381.64966330,1.08377251,2567.01690000,813.54899079,0.1219640310,0.1250000000,3,0,78.66681420
2024-12-30T11:45:00-05:00,3743.01797415,1443.34000000,356.90071085,3386.11726330,1.08377251,2571.48450000,813.54899079,0.1218311963,0.1250000000,3,0,78.66681420
2024-12-30T12:00:00-05:00,3760.20216717,1443.34000000,356.98940387,3403.21276330,1.08377251,2588.58000000,813.54899079,0.1211508048,0.1250000000,3,0,78.66681420
2024-12-30T12:15:00-05:00,3760.73128576,1443.34000000,357.38852246,3403.34276330,1.08377251,2588.71000000,813.54899079,0.1212644780,0.1250000000,3,0,78.66681420
2024-12-30T12:30:00-05:00,3754.07497878,1443.34000000,357.47721548,3396.59776330,1.08377251,2581.96500000,813.54899079,0.1215691400,0.1250000000,3,2,11.72045177
2024-12-30T12:45:00-05:00,3720.33152529,1443.34000000,357.52156199,3362.80996330,1.08377251,2548.17720000,813.54899079,0.1229956344,0.1250000000,3,0,11.72045177
2024-12-30T13:00:00-05:00,3743.86486482,1443.34000000,357.65460151,3386.21026330,1.08377251,2571.57750000,813.54899079,0.1220532587,0.1250000000,3,0,11.72045177
2024-12-30T13:15:00-05:00,3711.70678982,1443.34000000,357.52156199,3354.18522784,2227.38092767,302.18890000,824.61540017,0.1238345150,0.1250000000,2,0,11.72045177
2024-12-30T13:30:00-05:00,3710.67223633,1443.34000000,357.56590849,3353.10632784,2227.38092767,301.11000000,824.61540017,0.1238942712,0.1250000000,2,1,11.72045177
2024-12-30T13:45:00-05:00,3700.08093120,1443.34000000,357.60315956,3342.47777164,110.65297147,2407.20940000,824.61540017,0.1243635702,0.1250000000,3,0,123.03102415
2024-12-30T14:00:00-05:00,3706.78983451,1443.34000000,357.34506288,3349.44477164,110.65297147,2414.17640000,824.61540017,0.1239845370,0.1250000000,3,0,123.03102415
2024-12-30T14:15:00-05:00,3702.93886190,1443.34000000,357.59429026,3345.34457164,110.65297147,2410.07620000,824.61540017,0.1242370064,0.1250000000,3,0,123.03102415
2024-12-30T14:30:00-05:00,3715.62493362,1443.34000000,357.52156199,3358.10337164,110.65297147,2422.83500000,824.61540017,0.1236666839,0.1250000000,3,0,123.03102415
2024-12-30T14:45:00-05:00,3670.17891724,1443.34000000,357.78054560,3312.39837164,110.65297147,2377.13000000,824.61540017,0.1257327568,0.1250000000,3,0,123.03102415
2024-12-30T15:00:00-05:00,3671.29731966,1443.34000000,357.69894802,3313.59837164,110.65297147,2378.33000000,824.61540017,0.1256546949,0.1250000000,3,0,123.03102415
2024-12-30T15:15:00-05:00,3678.41553362,1443.34000000,357.52156199,3320.89397164,110.65297147,2385.62560000,824.61540017,0.1252791174,0.1250000000,3,0,123.03102415
2024-12-30T15:30:00-05:00,3691.08624060,1443.34000000,357.43286897,3333.65337164,110.65297147,2398.38500000,824.61540017,0.1246944026,0.1250000000,3,0,123.03102415
2024-12-30T15:45:00-05:00,3670.39929644,1443.34000000,356.72332481,3313.67597164,110.65297147,2378.40760000,824.61540017,0.1253515157,0.1250000000,3,0,123.03102415
2024-12-31T09:30:00-05:00,3746.55908248,1443.34000000,356.90071085,3389.65837164,110.65297147,2454.39000000,824.61540017,0.1221449657,0.1250000000,3,1,123.03102415
2024-12-31T09:45:00-05:00,3734.42633597,1443.34000000,357.47898934,3376.94734664,1.07084647,2551.26110000,824.61540017,0.1228529953,0.1250000000,4,0,128.07631006
2024-12-31T10:00:00-05:00,3703.02065050,1443.34000000,356.98940387,3346.03124664,1.07084647,2520.34500000,824.61540017,0.1240233299,0.1250000000,4,0,127.50400921
2024-12-31T10:15:00-05:00,3708.70962169,1443.34000000,357.52067505,3351.18894664,1.07084647,2525.50270000,824.61540017,0.1239628970,0.1250000000,4,2,127.50400921
2024-12-31T10:30:00-05:00,3704.26335659,1443.34000000,357.07720996,3347.18614664,1.07084647,2521.49990000,824.61540017,0.1240002998,0.1250000000,4,0,127.50400921
2024-12-31T10:45:00-05:00,3622.47653743,1443.34000000,356.99029080,3265.48624664,1.07084647,2439.80000000,824.61540017,0.1275939989,0.1250000000,4,0,127.50400921
2024-12-31T11:00:00-05:00,3604.11539921,1443.34000000,356.63463179,3247.48076742,2046.72558235,417.88120000,782.87398507,0.1264105333,0.1250000000,3,0,16.19343683
2024-12-31T11:15:00-05:00,3606.66728486,1443.34000000,356.09271744,3250.57456742,2046.72558235,420.97500000,782.87398507,0.1261043850,0.1250000000,3,1,16.19343683
2024-12-31T11:30:00-05:00,3575.56829468,1443.34000000,356.50159226,3219.06670242,41.40271735,2394.79000000,782.87398507,0.1276550717,0.1250000000,4,0,109.80662171
2024-12-31T11:45:00-05:00,3572.96175515,1443.34000000,356.36855273,3216.59320242,41.40271735,2392.31650000,782.87398507,0.1277266459,0.1250000000,4,0,109.80662171
2024-12-31T12:00:00-05:00,3573.66590864,1443.34000000,356.32420622,3217.34170242,41.40271735,2393.06500000,782.87398507,0.1276785285,0.1250000000,4,0,109.80662171
2024-12-31T12:15:00-05:00,3603.77048950,1443.34000000,355.48162253,3248.28886697,175.43494589,2291.46000000,781.39392107,0.1259511670,0.1250000000,2,0,104.76133580
2024-12-31T12:30:00-05:00,3641.35398488,1443.34000000,354.90511791,3286.44886697,175.43494589,2329.62000000,781.39392107,0.1240944314,0.1250000000,2,1,93.61318488
2024-12-31T12:45:00-05:00,3606.61410114,1443.34000000,356.10247367,3250.51162747,0.31770639,2468.80000000,781.39392107,0.1260441491,0.1250000000,3,0,109.77310704
2024-12-31T13:00:00-05:00,3596.81152297,1443.34000000,355.65989550,3241.15162747,0.31770639,2459.44000000,781.39392107,0.1263258052,0.1250000000,3,0,109.77310704
2024-12-31T13:15:00-05:00,3601.53589976,1443.34000000,354.68427229,3246.85162747,0.31770639,2465.14000000,781.39392107,0.1257682326,0.1250000000,3,0,109.77310704
2024-12-31T13:30:00-05:00,3609.17014565,1443.34000000,355.02041883,3254.14972682,165.17908760,2313.60000000,775.37063922,0.1252807116,0.1250000000,2,0,93.61318488
2024-12-31T13:45:00-05:00,3624.28180520,1443.34000000,354.77207838,3269.50972682,165.17908760,2328.96000000,775.37063922,0.1245290069,0.1250000000,2,0,93.61318488
2024-12-31T14:00:00-05:00,3622.73134935,1443.34000000,355.48162253,3267.24972682,165.17908760,2326.70000000,775.37063922,0.1248460096,0.1250000000,2,0,93.61318488
2024-12-31T14:15:00-05:00,3661.27572614,1443.34000000,354.50599932,3306.76972682,165.17908760,2366.22000000,775.37063922,0.1228404915,0.1250000000,2,0,93.61318488
2024-12-31T14:30:00-05:00,3678.41372991,1443.34000000,354.34457802,3324.06915189,454.03136574,2086.50000000,783.53778614,0.1224040632,0.1250000000,1,0,93.61318488
2024-12-31T14:45:00-05:00,3635.25055131,1443.34000000,355.38139942,3279.86915189,454.03136574,2042.30000000,783.53778614,0.1246203348,0.1250000000,1,0,93.61318488
2024-12-31T15:00:00-05:00,3657.00123026,1443.34000000,354.77207838,3302.22915189,454.03136574,2064.66000000,783.53778614,0.1234649702,0.1250000000,1,0,93.61318488
2024-12-31T15:15:00-05:00,3626.35162556,1443.34000000,356.10247367,3270.24915189,454.03136574,2032.68000000,783.53778614,0.1252640847,0.1250000000,1,1,93.61318488
2024-12-31T15:30:00-05:00,3638.97113692,1443.34000000,355.48162253,3283.48951439,40.87172824,2459.08000000,783.53778614,0.1244930555,0.1250000000,2,0,102.75583777
2024-12-31T15:45:00-05:00,3681.93188078,1443.34000000,354.86077140,3327.07110939,2512.38705902,0.00000000,814.68405037,0.1237635504,0.1250000000,0,0,0.00000000
