Symbol,EntryTimestampMarket,ExitTimestampMarket,Shares,EntryPrice,ExitPrice,PnL,TaxReserved,ExitReason,ResultR
BTE,2024-03-18T15:15:00-04:00,2024-03-19T09:45:00-04:00,106,3.36752375,3.45008384,8.75136965,2.54050645,ATR_TARGET,1.93917752
BEKE,2024-03-19T09:45:00-04:00,2024-03-20T09:30:00-04:00,25,14.32073250,14.10941000,-5.28306250,-1.95473313,STOP_GAP,-1.09706487
CLOV,2024-03-20T10:30:00-04:00,2024-03-20T15:30:00-04:00,426,0.84573382,0.88755671,17.81654974,6.59212340,ATR_TARGET,1.96864288
BTE,2024-03-20T13:15:00-04:00,2024-03-21T09:30:00-04:00,104,3.47660550,3.57732559,10.47488944,3.87570909,ATR_TARGET,1.94806817
NXE,2024-03-20T14:15:00-04:00,2024-03-21T09:30:00-04:00,48,7.46559500,7.70726342,11.60008392,4.29203105,ATR_TARGET,1.95324541
APP,2024-03-20T14:15:00-04:00,2024-03-21T09:30:00-04:00,2,69.97244000,72.14587248,4.34686495,1.60834003,ATR_TARGET,1.95138226
ALB,2024-03-21T09:45:00-04:00,2024-03-21T10:00:00-04:00,2,127.15529500,124.61202645,-5.08653710,-1.88201873,ATR_STOP,-1.03817923
BTE,2024-03-21T09:45:00-04:00,2024-03-21T11:00:00-04:00,104,3.58268500,3.50838156,-7.72755813,-2.85919651,ATR_STOP,-1.03674138
BEKE,2024-03-21T09:45:00-04:00,2024-03-21T11:45:00-04:00,26,14.34074750,14.13564346,-5.33270495,-1.97310083,ATR_STOP,-1.05455012
CLOV,2024-03-21T14:15:00-04:00,2024-03-22T09:30:00-04:00,46,0.88636428,0.85905522,-1.25621630,-0.46480003,STOP_GAP,-1.26412076
MVST,2024-03-21T09:45:00-04:00,2024-03-22T09:30:00-04:00,335,0.75056250,0.70937575,-13.79756059,-5.10509742,ATR_STOP,-1.01309655
ACHR,2024-03-20T14:15:00-04:00,2024-03-22T10:45:00-04:00,8,5.04378000,4.90494236,-1.11070116,-0.41095943,ATR_STOP,-1.02723862
GDS,2024-03-22T10:00:00-04:00,2024-03-22T15:00:00-04:00,33,8.55841400,8.66339891,3.46450217,1.28186580,ATR_STOP,0.38766470
EOSE,2024-03-21T11:30:00-04:00,2024-03-22T15:30:00-04:00,352,1.05078750,0.99045660,-21.23647680,-5.54066976,STOP_GAP,-1.09594978
CCJ,2024-03-21T11:45:00-04:00,2024-03-25T09:30:00-04:00,5,42.67198000,43.96955727,6.48788637,0.08369130,ATR_TARGET,1.95039466
BTE,2024-03-22T15:30:00-04:00,2024-03-25T09:30:00-04:00,103,3.48261000,3.56317313,8.29800275,3.07026102,ATR_TARGET,1.93574086
NXE,2024-03-21T12:45:00-04:00,2024-03-25T09:45:00-04:00,47,7.75080875,7.82889834,3.67021096,1.35797806,ATR_STOP,0.54686693
PLUG,2024-03-25T09:45:00-04:00,2024-03-25T10:00:00-04:00,54,3.51763625,3.42283279,-5.11938671,-1.89417308,ATR_STOP,-1.02785350
CCJ,2024-03-25T09:45:00-04:00,2024-03-25T10:45:00-04:00,8,43.78281250,43.17919921,-4.82890632,-1.78669534,ATR_STOP,-1.05673748
SGMT,2024-03-25T12:30:00-04:00,2024-03-25T15:00:00-04:00,43,5.66424500,5.16450423,-21.48885326,-0.83106195,ATR_STOP,-1.00781723
GME,2024-03-25T15:45:00-04:00,2024-03-26T09:45:00-04:00,15,15.02125750,15.02872000,0.11193750,0.00000000,STOP_GAP,0.01829105
MVST,2024-03-25T11:00:00-04:00,2024-03-26T11:15:00-04:00,476,0.76097030,0.82478092,30.37385566,4.15992971,ATR_TARGET,1.98078370
BE,2024-03-26T09:45:00-04:00,2024-03-26T11:45:00-04:00,10,10.44783000,11.00662393,5.58793935,2.06753756,ATR_TARGET,1.97086292
BTE,2024-03-25T09:45:00-04:00,2024-03-26T12:00:00-04:00,102,3.56106880,3.50168140,-6.05751511,-2.24128059,ATR_STOP,-1.04630498
MVST,2024-03-26T11:30:00-04:00,2024-03-26T15:00:00-04:00,439,0.82962175,0.84052239,4.78538135,1.77059110,ATR_STOP,0.30265388
APP,2024-03-25T10:00:00-04:00,2024-03-26T15:15:00-04:00,4,72.54436750,73.65238376,4.43206502,1.63986406,ATR_STOP,0.80718738
MU,2024-03-26T09:45:00-04:00,2024-03-27T09:30:00-04:00,1,121.04071250,118.20167141,-2.83904109,-1.05044520,ATR_STOP,-1.03225722
AFRM,2024-03-26T12:15:00-04:00,2024-03-27T09:30:00-04:00,9,37.85837250,37.00228647,-7.70477424,-2.85076647,ATR_STOP,-1.03352903
PLTR,2024-03-26T11:30:00-04:00,2024-03-27T10:00:00-04:00,1,25.07198990,24.67789403,-0.39409587,-0.14581547,ATR_STOP,-1.04931740
QS,2024-03-27T10:00:00-04:00,2024-03-27T10:30:00-04:00,61,5.92944375,6.19457561,16.17304349,5.98402609,ATR_TARGET,1.96553194
TSLA,2024-03-27T12:45:00-04:00,2024-03-28T09:30:00-04:00,2,181.60610250,177.26695000,-8.67830500,-3.21097285,STOP_GAP,-1.46386754
TSLL,2024-03-27T12:45:00-04:00,2024-03-28T09:30:00-04:00,21,8.52639000,8.22382750,-6.35381250,-2.35091062,STOP_GAP,-1.46739355
MU,2024-03-28T09:30:00-04:00,2024-03-28T09:45:00-04:00,3,119.52958000,118.03052208,-4.49717377,-1.66395429,ATR_STOP,-1.06280844
HIVE,2024-03-27T13:00:00-04:00,2024-03-28T10:15:00-04:00,1,3.23242250,3.42700925,0.19458675,0.07199710,ATR_TARGET,1.97390749
BTE,2024-03-27T11:45:00-04:00,2024-03-28T12:30:00-04:00,105,3.48261000,3.60444397,12.79256732,4.73324991,ATR_TARGET,1.95655410
AFRM,2024-03-28T10:30:00-04:00,2024-03-28T13:00:00-04:00,9,37.94844000,37.03801139,-8.19385753,-3.03172728,ATR_STOP,-1.03149608
SOFI,2024-03-28T09:45:00-04:00,2024-03-28T15:30:00-04:00,24,7.42056125,7.29921773,-2.91224458,-1.07753049,ATR_STOP,-1.04728367
NXE,2024-03-28T10:30:00-04:00,2024-04-01T09:30:00-04:00,2,7.82086125,8.09300099,0.54427948,0.20138341,ATR_TARGET,1.95633357
QS,2024-04-01T09:30:00-04:00,2024-04-01T09:30:00-04:00,57,6.37477750,6.26710408,-6.13738513,-2.27083250,ATR_STOP,-1.04568200
AFRM,2024-04-01T09:30:00-04:00,2024-04-01T09:30:00-04:00,6,37.28794500,36.42816878,-5.15865733,-0.73434315,ATR_STOP,-1.03284538
EOSE,2024-04-01T09:45:00-04:00,2024-04-01T09:45:00-04:00,243,1.08581375,1.03329232,-12.76270732,0.00000000,ATR_STOP,-1.01498768
PLUG,2024-03-27T11:15:00-04:00,2024-04-01T10:15:00-04:00,106,3.44258000,3.32411944,-12.55681975,0.00000000,ATR_STOP,-1.02151466
STX,2024-03-28T15:30:00-04:00,2024-04-01T10:15:00-04:00,3,92.94966000,92.96308144,0.04026432,0.00000000,ATR_STOP,0.01303088
BE,2024-04-01T09:45:00-04:00,2024-04-01T10:30:00-04:00,31,11.37852750,11.08380086,-9.13652588,0.00000000,ATR_STOP,-1.02904634
MVST,2024-04-01T13:30:00-04:00,2024-04-02T09:30:00-04:00,399,0.87975932,0.64241782,-94.69925850,0.00000000,STOP_GAP,-5.74359219
BLNK,2024-04-01T14:00:00-04:00,2024-04-02T09:30:00-04:00,118,2.98213493,2.86784750,-13.48591615,0.00000000,STOP_GAP,-1.42253937
PLUG,2024-04-01T15:30:00-04:00,2024-04-02T09:30:00-04:00,50,3.45759125,3.34748750,-5.50518750,0.00000000,STOP_GAP,-1.42802736
NVTS,2024-04-01T14:00:00-04:00,2024-04-02T09:30:00-04:00,72,4.85363750,4.71945461,-9.66116842,0.00000000,ATR_STOP,-1.02711444
BEKE,2024-04-02T09:45:00-04:00,2024-04-02T13:15:00-04:00,22,14.44582625,14.25868362,-4.11713785,0.00000000,ATR_STOP,-1.06065520
EVLV,2024-04-02T09:30:00-04:00,2024-04-02T14:45:00-04:00,64,4.95371250,5.08443627,8.36632142,0.00000000,ATR_STOP,0.52531294
BE,2024-04-02T14:30:00-04:00,2024-04-03T09:30:00-04:00,27,11.78803440,11.52135250,-7.20041130,0.00000000,STOP_GAP,-1.17059434
INTC,2024-04-02T15:45:00-04:00,2024-04-03T09:30:00-04:00,1,44.01038305,41.34896500,-2.66141805,0.00000000,STOP_GAP,-6.35111590
NXE,2024-04-02T13:15:00-04:00,2024-04-03T09:30:00-04:00,38,8.42631500,8.71405183,10.93399943,0.00000000,ATR_TARGET,1.95554910
MU,2024-04-02T14:30:00-04:00,2024-04-03T09:30:00-04:00,1,122.81204000,121.30506181,-1.50697819,0.00000000,ATR_STOP,-1.06430191
CCJ,2024-04-02T15:30:00-04:00,2024-04-03T09:30:00-04:00,6,47.34047875,48.60665016,7.59702845,0.00000000,ATR_TARGET,1.94398765
MU,2024-04-03T10:00:00-04:00,2024-04-03T11:15:00-04:00,2,123.75274500,127.21874259,6.93199518,0.00000000,ATR_TARGET,1.94637871
MU,2024-04-03T14:45:00-04:00,2024-04-03T15:15:00-04:00,1,128.08599250,126.25385669,-1.83213581,0.00000000,ATR_STOP,-1.05454292
NVTS,2024-04-03T13:45:00-04:00,2024-04-04T09:30:00-04:00,70,4.59844625,4.80028941,14.12902092,0.00000000,ATR_TARGET,1.96492589
QS,2024-04-03T15:45:00-04:00,2024-04-04T09:30:00-04:00,21,6.06614620,6.23030344,3.44730195,0.00000000,ATR_TARGET,1.94460536
NXE,2024-04-04T09:45:00-04:00,2024-04-04T10:15:00-04:00,4,8.82661500,8.63859028,-0.75209887,0.00000000,ATR_STOP,-1.03571540
SOXL,2024-04-04T09:45:00-04:00,2024-04-04T14:00:00-04:00,3,47.89589500,46.44948339,-4.33923483,0.00000000,ATR_STOP,-1.02469859
SOFI,2024-04-03T15:00:00-04:00,2024-04-04T14:15:00-04:00,3,7.58068125,7.45405404,-0.37988163,0.00000000,ATR_STOP,-1.04622509
CCJ,2024-04-04T09:45:00-04:00,2024-04-04T14:30:00-04:00,6,50.01748500,49.11699743,-5.40292541,0.00000000,ATR_STOP,-1.04268695
EVLV,2024-04-04T10:45:00-04:00,2024-04-04T15:00:00-04:00,8,5.04378000,4.86629379,-1.41988966,0.00000000,ATR_STOP,-1.02101122
IAUX,2024-04-03T09:45:00-04:00,2024-04-04T15:15:00-04:00,221,1.45609125,1.40571525,-11.13309533,0.00000000,ATR_STOP,-1.02139209
BTE,2024-04-03T09:45:00-04:00,2024-04-05T09:30:00-04:00,81,3.95796625,3.99662681,3.13150501,0.00000000,ATR_STOP,0.53199731
BTE,2024-04-05T10:45:00-04:00,2024-04-05T15:00:00-04:00,79,4.06304500,3.99051045,-5.73022977,0.00000000,ATR_STOP,-1.04307095
CCJ,2024-04-05T10:45:00-04:00,2024-04-05T15:00:00-04:00,6,49.95744000,48.83921546,-6.70934725,0.00000000,ATR_STOP,-1.03389238
APP,2024-04-05T15:15:00-04:00,2024-04-08T09:45:00-04:00,4,75.87686500,75.68617289,-0.76276844,0.00000000,ATR_STOP,-0.14406957
BE,2024-04-08T10:45:00-04:00,2024-04-08T15:45:00-04:00,25,12.01900750,11.68459495,-8.36031367,0.00000000,ATR_STOP,-1.02693145
BEKE,2024-04-09T09:30:00-04:00,2024-04-09T09:30:00-04:00,20,14.18062750,14.38635216,4.11449324,0.00000000,ATR_TARGET,1.90026107
QS,2024-04-08T09:45:00-04:00,2024-04-09T10:00:00-04:00,51,6.18583590,6.28220475,4.91481128,0.00000000,ATR_STOP,0.72906147
MU,2024-04-09T09:45:00-04:00,2024-04-09T10:15:00-04:00,2,125.23985950,123.10572520,-4.26826860,0.00000000,ATR_STOP,-1.04525492
BE,2024-04-09T09:45:00-04:00,2024-04-09T11:00:00-04:00,3,12.26919500,11.91331196,-1.06764913,0.00000000,ATR_STOP,-1.02577292
EOSE,2024-04-08T09:45:00-04:00,2024-04-09T13:00:00-04:00,317,1.01105772,0.96921490,-13.26417549,0.00000000,ATR_STOP,-1.01769306
YINN,2024-04-08T09:45:00-04:00,2024-04-10T09:30:00-04:00,9,19.91492500,20.03496250,1.08033750,0.00000000,STOP_GAP,0.38644081
SOFI,2024-04-09T09:30:00-04:00,2024-04-10T09:30:00-04:00,1,7.82586500,7.62427750,-0.20158750,0.00000000,STOP_GAP,-1.93533011
CCJ,2024-04-09T14:15:00-04:00,2024-04-10T09:30:00-04:00,6,48.00597750,47.18514466,-4.92499706,0.00000000,ATR_STOP,-1.04509121
BEKE,2024-04-10T09:30:00-04:00,2024-04-10T09:30:00-04:00,21,14.52088250,14.78070507,5.45627405,0.00000000,ATR_TARGET,1.91810132
ALB,2024-04-10T09:45:00-04:00,2024-04-10T10:00:00-04:00,2,130.24260875,127.74198312,-5.00125126,0.00000000,ATR_STOP,-1.03987047
CCJ,2024-04-10T10:15:00-04:00,2024-04-11T10:15:00-04:00,6,48.26617250,48.61995648,2.12270391,0.00000000,ATR_STOP,0.40306495
BTE,2024-04-10T14:00:00-04:00,2024-04-11T10:45:00-04:00,81,3.89291750,3.81389949,-6.40045877,0.00000000,ATR_STOP,-1.03758854
TSLA,2024-04-11T15:45:00-04:00,2024-04-12T09:30:00-04:00,1,175.77173000,172.19076000,-3.58097000,0.00000000,STOP_GAP,-1.58091759
TSLT,2024-04-11T15:45:00-04:00,2024-04-12T09:30:00-04:00,11,10.99824250,10.56207250,-4.79787000,0.00000000,STOP_GAP,-1.68602397
VSXY,2024-04-11T10:00:00-04:00,2024-04-12T09:30:00-04:00,11,19.02926125,18.59497603,-4.77713739,0.00000000,ATR_STOP,-1.03320427
CCJ,2024-04-11T12:00:00-04:00,2024-04-12T09:30:00-04:00,6,49.56314450,51.29016289,10.36211033,0.00000000,ATR_TARGET,1.95639063
GGAL,2024-04-10T09:30:00-04:00,2024-04-12T09:45:00-04:00,10,28.66148000,30.06145412,13.99974124,0.00000000,ATR_TARGET,1.96827779
SOFI,2024-04-12T09:30:00-04:00,2024-04-12T10:45:00-04:00,39,7.56567000,7.45439411,-4.33975980,0.00000000,ATR_STOP,-1.05294232
BTE,2024-04-12T09:45:00-04:00,2024-04-12T11:15:00-04:00,80,3.92294000,3.84731788,-6.04976960,0.00000000,ATR_STOP,-1.03970132
TPET,2024-04-12T11:00:00-04:00,2024-04-12T11:15:00-04:00,41,6.19664400,8.01937498,74.73197005,0.00000000,ATR_TARGET,1.99341731
NXE,2024-04-12T09:45:00-04:00,2024-04-12T12:00:00-04:00,23,8.39629250,8.22665983,-3.90155149,0.00000000,ATR_STOP,-1.03777499
PLTR,2024-04-12T10:15:00-04:00,2024-04-12T13:00:00-04:00,13,23.02225375,22.66862547,-4.59716765,0.00000000,ATR_STOP,-1.05054522
TPET,2024-04-15T13:45:00-04:00,2024-04-16T09:30:00-04:00,15,12.82961500,10.24616756,-38.75171153,0.00000000,ATR_STOP,-1.00298568
MVST,2024-04-17T11:15:00-04:00,2024-04-17T14:00:00-04:00,566,0.56522360,0.53498655,-17.11416886,0.00000000,ATR_STOP,-1.01345850
AAOI,2024-04-18T11:00:00-04:00,2024-04-18T12:15:00-04:00,25,12.51938250,12.02371977,-12.39156834,0.00000000,ATR_STOP,-1.01854470
ADMA,2024-04-19T09:45:00-04:00,2024-04-19T12:00:00-04:00,50,6.24508030,6.11766336,-6.37084682,0.00000000,ATR_STOP,-1.03738394
AMC,2024-04-19T12:45:00-04:00,2024-04-22T09:30:00-04:00,95,3.26244500,3.08085889,-17.25068054,0.00000000,ATR_STOP,-1.01289859
ADMA,2024-04-22T09:30:00-04:00,2024-04-22T14:45:00-04:00,49,6.29471750,6.38469348,4.40882303,0.00000000,ATR_STOP,0.83434316
AMC,2024-04-22T10:30:00-04:00,2024-04-23T15:00:00-04:00,92,3.29226735,3.42965177,12.63936629,0.00000000,ATR_STOP,0.65063815
ASTS,2024-04-22T15:15:00-04:00,2024-04-23T15:00:00-04:00,142,2.18163500,2.12361688,-8.23857369,0.00000000,ATR_STOP,-1.02824865
HIVE,2024-04-24T10:15:00-04:00,2024-04-24T10:30:00-04:00,99,3.11233250,3.02179849,-8.96286696,0.00000000,ATR_STOP,-1.02569564
ASTS,2024-04-24T10:15:00-04:00,2024-04-24T14:45:00-04:00,140,2.20175008,2.13227938,-9.72589775,0.00000000,ATR_STOP,-1.02358042
BEKE,2024-04-24T14:45:00-04:00,2024-04-25T09:30:00-04:00,22,13.75530875,13.30001750,-10.01640750,0.00000000,STOP_GAP,-3.29930359
ADMA,2024-04-23T10:45:00-04:00,2024-04-25T09:30:00-04:00,47,6.51988625,6.37199904,-6.95069910,0.00000000,ATR_STOP,-1.03342021
BTE,2024-04-25T09:45:00-04:00,2024-04-25T09:45:00-04:00,78,3.83147145,3.77582739,-4.34023684,0.00000000,ATR_STOP,-1.05366394
YINN,2024-04-25T10:30:00-04:00,2024-04-26T09:30:00-04:00,8,21.80574205,23.33248750,12.21396360,0.00000000,TARGET_GAP,4.84621057
STX,2024-04-25T09:30:00-04:00,2024-04-26T09:30:00-04:00,3,85.96442500,86.87814320,2.74115461,0.00000000,ATR_STOP,0.55715582
CLOV,2024-04-25T09:30:00-04:00,2024-04-26T09:30:00-04:00,460,0.64998712,0.66644551,7.57085488,0.00000000,ATR_STOP,0.96978880
BEKE,2024-04-25T10:30:00-04:00,2024-04-26T09:30:00-04:00,21,13.79033500,14.21887653,8.99937209,0.00000000,ATR_TARGET,1.95140333
IAUX,2024-04-25T10:45:00-04:00,2024-04-26T09:30:00-04:00,17,1.24593375,1.26674261,0.35375055,0.00000000,ATR_STOP,0.52965106
AFRM,2024-04-26T09:45:00-04:00,2024-04-26T11:00:00-04:00,9,32.55439750,32.84535010,2.61857337,0.00000000,ATR_STOP,0.34649776
CLOV,2024-04-26T10:15:00-04:00,2024-04-26T11:15:00-04:00,1,0.69702238,0.67547921,-0.02154317,0.00000000,ATR_STOP,-1.02410085
GME,2024-04-26T09:45:00-04:00,2024-04-26T12:00:00-04:00,27,11.28846000,11.92355963,17.14768994,0.00000000,ATR_TARGET,1.97220900
AMC,2024-04-26T09:45:00-04:00,2024-04-26T14:00:00-04:00,92,3.31248250,3.38275410,6.46498687,0.00000000,ATR_STOP,0.69166299
SOFI,2024-04-26T09:45:00-04:00,2024-04-29T09:30:00-04:00,22,7.68475925,7.36447250,-7.04630850,0.00000000,STOP_GAP,-2.49107454
BLNK,2024-04-26T10:00:00-04:00,2024-04-29T09:30:00-04:00,1,2.39679625,2.52272426,0.12592801,0.00000000,ATR_TARGET,1.97037331
RIVN,2024-04-26T13:15:00-04:00,2024-04-29T09:30:00-04:00,33,8.96171625,9.27543489,10.35271510,0.00000000,ATR_TARGET,1.95658109
BTE,2024-04-26T14:15:00-04:00,2024-04-29T09:30:00-04:00,79,3.93735080,3.88510579,-4.12735559,0.00000000,ATR_STOP,-1.05911364
NXE,2024-04-26T15:15:00-04:00,2024-04-29T09:45:00-04:00,1,7.97597750,8.01398500,0.03800750,0.00000000,STOP_GAP,0.27241519
SOXL,2024-04-29T13:45:00-04:00,2024-04-29T15:00:00-04:00,7,40.75054000,39.81890724,-6.52142932,0.00000000,ATR_STOP,-1.03314302
NVTS,2024-04-29T09:45:00-04:00,2024-04-30T09:30:00-04:00,69,4.52208902,4.39670000,-8.65184272,0.00000000,STOP_GAP,-1.04893617
RIVN,2024-04-29T15:00:00-04:00,2024-04-30T09:30:00-04:00,20,9.38703500,9.10316750,-5.67735000,0.00000000,STOP_GAP,-1.41431819
ACHR,2024-04-26T13:15:00-04:00,2024-04-30T09:30:00-04:00,78,4.03802625,3.95501620,-6.47478390,0.00000000,ATR_STOP,-1.03708684
NXE,2024-04-29T15:30:00-04:00,2024-04-30T09:30:00-04:00,33,8.38628500,8.21653272,-5.60182518,0.00000000,ATR_STOP,-1.03769915
PLTR,2024-04-30T09:30:00-04:00,2024-04-30T10:45:00-04:00,13,22.78707750,22.50670450,-3.64484896,0.00000000,ATR_STOP,-1.06411370
SOXL,2024-04-30T09:45:00-04:00,2024-04-30T11:00:00-04:00,7,41.16084750,40.11727398,-7.30501462,0.00000000,ATR_STOP,-1.02971055
APP,2024-04-30T09:30:00-04:00,2024-04-30T12:30:00-04:00,2,72.41427000,71.13940880,-2.54972240,0.00000000,ATR_STOP,-1.04371352
BE,2024-04-30T10:45:00-04:00,2024-04-30T12:30:00-04:00,3,11.38833485,11.04437700,-1.03187356,0.00000000,ATR_STOP,-1.02469551
MRNA,2024-04-30T11:00:00-04:00,2024-04-30T15:15:00-04:00,2,112.74449500,110.95759846,-3.57379307,0.00000000,ATR_STOP,-1.04888465
NIO,2024-05-01T09:30:00-04:00,2024-05-01T09:45:00-04:00,62,4.76357000,4.94636113,11.33304992,0.00000000,ATR_TARGET,1.96018786
ALB,2024-05-01T09:45:00-04:00,2024-05-01T10:15:00-04:00,1,122.46177750,120.20537717,-2.25640033,0.00000000,ATR_STOP,-1.04165017
APP,2024-05-01T10:00:00-04:00,2024-05-01T10:15:00-04:00,4,71.99395500,70.59533567,-5.59447732,0.00000000,ATR_STOP,-1.03937644
BLNK,2024-04-30T10:30:00-04:00,2024-05-01T12:00:00-04:00,119,2.54190500,2.56660038,2.93875019,0.00000000,ATR_STOP,0.29656478
ACHR,2024-05-01T14:00:00-04:00,2024-05-01T14:45:00-04:00,75,3.99299250,4.15835450,12.40214978,0.00000000,ATR_TARGET,1.96295051
QS,2024-05-01T14:15:00-04:00,2024-05-01T15:00:00-04:00,9,5.42906875,5.61730275,1.69410604,0.00000000,ATR_TARGET,1.95618461
YINN,2024-05-01T10:30:00-04:00,2024-05-01T15:30:00-04:00,13,22.77707000,22.85024629,0.95129180,0.00000000,ATR_STOP,0.19293810
MU,2024-05-01T15:00:00-04:00,2024-05-01T15:30:00-04:00,2,113.46003125,111.17417790,-4.57170670,0.00000000,ATR_STOP,-1.03788723
BIDU,2024-05-01T11:00:00-04:00,2024-05-02T09:30:00-04:00,1,104.76851750,107.77910500,3.01058750,0.00000000,TARGET_GAP,2.61046492
NXE,2024-05-01T09:45:00-04:00,2024-05-02T09:30:00-04:00,38,7.97597750,7.71173204,-10.04132732,0.00000000,ATR_STOP,-1.02239496
ALB,2024-05-02T09:45:00-04:00,2024-05-02T09:45:00-04:00,2,125.00368250,120.46983011,-9.06770479,0.00000000,ATR_STOP,-1.02034918
BLNK,2024-05-01T14:45:00-04:00,2024-05-02T10:00:00-04:00,1,2.66199500,2.65460954,-0.00738546,0.00000000,ATR_STOP,-0.08110500
MRNA,2024-05-02T10:30:00-04:00,2024-05-02T15:30:00-04:00,2,120.51031500,125.06943864,9.11824727,0.00000000,ATR_STOP,0.99211215
NXE,2024-05-02T10:45:00-04:00,2024-05-03T09:30:00-04:00,37,8.07605250,8.60354250,19.51713000,0.00000000,TARGET_GAP,2.38338279
BLNK,2024-05-02T12:30:00-04:00,2024-05-03T09:30:00-04:00,80,2.75206250,2.94129362,15.13848969,0.00000000,ATR_TARGET,1.97693648
CLOV,2024-05-03T09:45:00-04:00,2024-05-03T15:45:00-04:00,471,0.66309695,0.69918545,16.99768390,0.00000000,ATR_TARGET,1.97133376
MU,2024-05-03T09:45:00-04:00,2024-05-06T09:30:00-04:00,1,114.36571000,119.69016500,5.32445500,0.00000000,TARGET_GAP,2.86095108
NVTS,2024-05-03T11:00:00-04:00,2024-05-06T09:30:00-04:00,1,4.55841625,4.83400330,0.27558705,0.00000000,ATR_TARGET,1.97401128
APP,2024-05-03T09:45:00-04:00,2024-05-06T10:00:00-04:00,4,73.90538750,76.73865586,11.33307344,0.00000000,ATR_TARGET,1.96015229
RIVN,2024-05-06T09:30:00-04:00,2024-05-06T10:00:00-04:00,31,10.20765000,10.20195438,-0.17656427,0.00000000,ATR_STOP,-0.02503199
ACHR,2024-05-06T09:45:00-04:00,2024-05-06T11:00:00-04:00,34,4.01310758,3.92777412,-2.90133759,0.00000000,ATR_STOP,-1.03578354
CCJ,2024-05-02T10:30:00-04:00,2024-05-06T12:00:00-04:00,6,48.27607992,50.66106080,14.30988526,0.00000000,ATR_TARGET,1.96861392
JMIA,2024-05-06T10:30:00-04:00,2024-05-07T09:30:00-04:00,60,5.34580635,6.12540250,46.77576900,0.00000000,TARGET_GAP,3.35209292
AFRM,2024-05-06T10:15:00-04:00,2024-05-07T09:30:00-04:00,8,36.15709750,35.30222573,-6.83897412,0.00000000,ATR_STOP,-1.03198616
WTI,2024-05-06T13:30:00-04:00,2024-05-07T09:30:00-04:00,132,2.43682625,2.38242653,-7.18076318,0.00000000,ATR_STOP,-1.03398799
SOXL,2024-05-03T09:45:00-04:00,2024-05-07T09:45:00-04:00,2,38.85912250,40.98031938,4.24239376,0.00000000,ATR_STOP,1.32348588
AMD,2024-05-07T09:45:00-04:00,2024-05-07T09:45:00-04:00,2,156.35718000,154.33141868,-4.05152265,0.00000000,ATR_STOP,-1.06064918
MRNA,2024-05-07T09:45:00-04:00,2024-05-07T09:45:00-04:00,2,122.64191250,120.52585131,-4.23212237,0.00000000,ATR_STOP,-1.04465950
AFRM,2024-05-07T10:15:00-04:00,2024-05-07T14:15:00-04:00,9,36.26217625,35.44366983,-7.36655776,0.00000000,ATR_STOP,-1.03359336
CLOV,2024-05-07T09:30:00-04:00,2024-05-07T15:30:00-04:00,462,0.72304188,0.76854025,21.02024773,0.00000000,ATR_TARGET,1.97496103
LUMN,2024-05-07T09:45:00-04:00,2024-05-08T09:30:00-04:00,55,1.34100500,1.28903250,-2.85848750,0.00000000,STOP_GAP,-1.03030462
TWLO,2024-05-07T11:00:00-04:00,2024-05-08T09:30:00-04:00,4,63.69773750,60.05492500,-14.57125000,0.00000000,STOP_GAP,-5.68197269
VISN,2024-05-07T13:15:00-04:00,2024-05-08T09:45:00-04:00,52,0.98443778,0.99925000,0.77023570,0.00000000,STOP_GAP,0.44585809
AFRM,2024-05-08T09:45:00-04:00,2024-05-08T09:45:00-04:00,9,36.35724750,35.10668055,-11.25510255,0.00000000,ATR_STOP,-1.02152377
YINN,2024-05-08T15:45:00-04:00,2024-05-09T09:30:00-04:00,12,25.54914750,26.93578300,16.63962600,0.00000000,TARGET_GAP,5.79712313
JMIA,2024-05-08T15:15:00-04:00,2024-05-09T09:30:00-04:00,49,6.65498750,6.38360361,-13.29781060,0.00000000,ATR_STOP,-1.01797235
CCJ,2024-05-09T09:30:00-04:00,2024-05-09T10:00:00-04:00,6,50.89814500,52.05628950,6.94886700,0.00000000,ATR_TARGET,1.93472937
BE,2024-05-09T09:45:00-04:00,2024-05-09T10:15:00-04:00,26,11.83386875,11.61598509,-5.66497520,0.00000000,ATR_STOP,-1.04168251
MRNA,2024-05-08T10:30:00-04:00,2024-05-09T13:45:00-04:00,2,122.13153000,123.95406688,3.64507376,0.00000000,ATR_STOP,0.91411374
BE,2024-05-09T11:30:00-04:00,2024-05-09T15:30:00-04:00,27,11.99899250,11.70489126,-7.94073342,0.00000000,ATR_STOP,-1.03079133
MVST,2024-05-09T13:30:00-04:00,2024-05-10T09:30:00-04:00,676,0.43022243,0.48963250,40.16121070,0.00000000,TARGET_GAP,2.61910721
GME,2024-05-06T14:15:00-04:00,2024-05-10T09:30:00-04:00,8,16.09206000,17.42680969,10.67799752,0.00000000,ATR_STOP,0.96240284
PLUG,2024-05-09T09:45:00-04:00,2024-05-10T09:30:00-04:00,3,2.60695375,2.69985938,0.27871690,0.00000000,ATR_STOP,0.74782075
MVST,2024-05-10T09:45:00-04:00,2024-05-10T09:45:00-04:00,727,0.46684988,0.43714270,-21.59711834,0.00000000,ATR_STOP,-1.01116792
RIVN,2024-05-09T09:30:00-04:00,2024-05-10T10:15:00-04:00,15,10.25768750,9.94477061,-4.69375331,0.00000000,ATR_STOP,-1.02443644
MU,2024-05-10T09:45:00-04:00,2024-05-10T10:15:00-04:00,2,121.11076500,119.40274410,-3.41604179,0.00000000,ATR_STOP,-1.05537517
AMC,2024-05-10T10:00:00-04:00,2024-05-10T10:15:00-04:00,106,3.13234750,2.99719556,-14.32610544,0.00000000,ATR_STOP,-1.01692659
LUMN,2024-05-09T14:45:00-04:00,2024-05-10T11:15:00-04:00,182,1.35601625,1.31644236,-7.20244734,0.00000000,ATR_STOP,-1.02560715
MU,2024-05-10T14:15:00-04:00,2024-05-13T09:45:00-04:00,2,120.99067500,123.45906415,4.93677829,0.00000000,ATR_TARGET,1.92763617
JMIA,2024-05-13T09:45:00-04:00,2024-05-13T09:45:00-04:00,41,6.12959375,6.49028895,14.78850325,0.00000000,ATR_TARGET,1.97334893
MRNA,2024-05-13T10:00:00-04:00,2024-05-13T10:30:00-04:00,2,125.11376500,122.06076988,-6.10599023,0.00000000,ATR_STOP,-1.03093634
PLUG,2024-05-13T09:45:00-04:00,2024-05-13T11:15:00-04:00,122,2.65699125,2.85237884,23.83728592,0.00000000,ATR_TARGET,1.97832323
MVST,2024-05-10T13:00:00-04:00,2024-05-13T12:15:00-04:00,741,0.44233150,0.41045330,-23.62174441,0.00000000,ATR_STOP,-1.00975831
PLUG,2024-05-13T12:45:00-04:00,2024-05-14T09:30:00-04:00,113,2.90717875,4.88633250,223.64437375,39.04093556,TARGET_GAP,14.82141341
CLOV,2024-05-13T13:45:00-04:00,2024-05-14T09:30:00-04:00,84,0.90647935,1.01923500,9.47147460,3.50444560,TARGET_GAP,3.13953755
BLNK,2024-05-13T10:45:00-04:00,2024-05-14T09:30:00-04:00,78,3.10232500,3.37449457,21.22922628,7.85481372,ATR_TARGET,1.98155989
MRNA,2024-05-13T13:00:00-04:00,2024-05-14T10:00:00-04:00,2,124.77351000,129.80977320,10.07252639,3.72683476,ATR_TARGET,1.96204277
BE,2024-05-13T10:00:00-04:00,2024-05-14T10:45:00-04:00,22,11.98898500,12.47425446,10.67592820,3.95009343,ATR_STOP,0.79394861
MVST,2024-05-14T11:00:00-04:00,2024-05-14T11:00:00-04:00,1,0.45924417,0.43047856,-0.02876561,-0.01064328,ATR_STOP,-1.01135980
EOSE,2024-05-14T11:00:00-04:00,2024-05-14T12:30:00-04:00,399,0.84623420,0.78545707,-24.25007395,-8.97252736,ATR_STOP,-1.00979496
ADMA,2024-05-14T09:45:00-04:00,2024-05-14T13:30:00-04:00,8,8.84663000,8.94137547,0.75796374,0.28044658,ATR_STOP,0.39253936
SOXL,2024-05-14T09:45:00-04:00,2024-05-14T15:00:00-04:00,9,41.71126000,43.10654644,12.55757792,4.64630383,ATR_TARGET,1.95467462
MU,2024-05-14T15:00:00-04:00,2024-05-15T09:30:00-04:00,3,123.82279750,126.13532750,6.93759000,2.56690830,TARGET_GAP,1.97850776
QS,2024-05-14T15:45:00-04:00,2024-05-15T09:30:00-04:00,11,6.29471750,6.14387806,-1.65923387,-0.61391653,ATR_STOP,-1.03153544
EOSE,2024-05-15T09:30:00-04:00,2024-05-15T09:45:00-04:00,464,0.81561125,0.75773817,-26.85310889,-9.93565029,ATR_STOP,-1.00992473
STX,2024-05-14T10:30:00-04:00,2024-05-15T12:45:00-04:00,2,96.06199250,98.49053958,4.85709416,1.79712484,ATR_TARGET,1.94091970
LUMN,2024-05-14T09:45:00-04:00,2024-05-15T13:30:00-04:00,302,1.32599375,1.27120354,-16.54664450,-6.12225846,ATR_STOP,-1.01772265
YINN,2024-05-15T09:45:00-04:00,2024-05-16T09:30:00-04:00,2,29.16185500,30.97675000,3.62979000,1.34302230,TARGET_GAP,4.19996781
IAUX,2024-05-15T13:00:00-04:00,2024-05-16T09:30:00-04:00,158,1.26094500,1.21575008,-7.14079783,-2.64209520,ATR_STOP,-1.02060630
BEKE,2024-05-15T15:15:00-04:00,2024-05-16T09:30:00-04:00,8,18.26368750,18.65648155,3.14235243,1.16267040,ATR_TARGET,1.93115551
JMIA,2024-05-15T12:00:00-04:00,2024-05-16T09:45:00-04:00,57,6.43322130,6.59105300,8.99640690,3.32867055,STOP_GAP,0.57722329
GME,2024-05-15T14:00:00-04:00,2024-05-16T11:00:00-04:00,6,39.02925000,31.44872858,-45.48312853,-16.82875755,ATR_STOP,-1.00312353
JMIA,2024-05-16T10:00:00-04:00,2024-05-16T11:15:00-04:00,54,7.01525750,6.63870392,-20.33389348,-7.52354059,ATR_STOP,-1.01341000
MU,2024-05-16T11:15:00-04:00,2024-05-16T14:00:00-04:00,1,129.88734250,128.19887048,-1.68847202,-0.62473465,ATR_STOP,-1.06043101
BLNK,2024-05-16T09:45:00-04:00,2024-05-17T09:30:00-04:00,113,3.37753125,3.25104314,-14.29315658,-5.28846793,ATR_STOP,-1.01967071
MRNA,2024-05-16T15:00:00-04:00,2024-05-17T09:30:00-04:00,2,132.94963750,131.29540309,-3.30846881,-1.22413346,ATR_STOP,-1.06334522
SOFI,2024-05-17T10:00:00-04:00,2024-05-17T11:15:00-04:00,51,7.23041875,7.40961830,9.13917726,3.38149559,ATR_TARGET,1.93979913
IAUX,2024-05-17T10:15:00-04:00,2024-05-17T12:30:00-04:00,1,1.27085243,1.22680572,-0.04404670,-0.01629728,ATR_STOP,-1.02135132
AMD,2024-05-17T09:45:00-04:00,2024-05-17T13:30:00-04:00,2,167.32540000,163.86159938,-6.92760124,-2.56321246,ATR_STOP,-1.03681393
PLTR,2024-05-17T10:00:00-04:00,2024-05-17T14:00:00-04:00,11,21.96145875,21.68329972,-3.05974938,-1.13210727,ATR_STOP,-1.06214453
APP,2024-05-14T15:15:00-04:00,2024-05-17T14:15:00-04:00,4,83.53760625,82.04051586,-5.98836155,-2.21569377,ATR_STOP,-1.04289514
EOSE,2024-05-17T15:00:00-04:00,2024-05-17T15:45:00-04:00,494,0.74555875,0.74064410,-2.42783710,-0.89829973,STOP_GAP,-0.17438972
BE,2024-05-17T15:30:00-04:00,2024-05-20T09:30:00-04:00,30,12.25418375,12.64196509,11.63344033,4.30437292,ATR_TARGET,1.95223102
AFRM,2024-05-20T09:30:00-04:00,2024-05-20T09:30:00-04:00,4,33.81534250,33.05718113,-3.03264546,-1.12207882,ATR_STOP,-1.03383309
RIVN,2024-05-20T09:30:00-04:00,2024-05-20T09:30:00-04:00,2,10.43782250,10.26816628,-0.33931243,-0.12554560,ATR_STOP,-1.04758838
MRNA,2024-05-17T12:00:00-04:00,2024-05-20T10:30:00-04:00,2,133.38656495,137.10559183,7.43805377,2.75207989,ATR_TARGET,1.94614957
VISN,2024-05-17T12:00:00-04:00,2024-05-20T10:30:00-04:00,87,1.24093000,1.34623999,9.16196955,3.38992873,ATR_TARGET,1.98099259
ASTS,2024-05-20T09:45:00-04:00,2024-05-20T15:00:00-04:00,34,4.97372750,5.33909666,12.42255147,4.59634404,ATR_STOP,0.86965372
SOXL,2024-05-20T11:00:00-04:00,2024-05-21T09:30:00-04:00,7,48.05601500,46.51508750,-10.78649250,-3.99100223,STOP_GAP,-1.28043872
LUMN,2024-05-20T09:30:00-04:00,2024-05-21T09:45:00-04:00,283,1.31098250,1.27440758,-10.35070216,-3.82975980,ATR_STOP,-1.02685475
QS,2024-05-21T09:45:00-04:00,2024-05-21T10:45:00-04:00,26,5.76432000,5.64786418,-3.02785132,-1.12030499,ATR_STOP,-1.03777580
TSLA,2024-05-21T09:45:00-04:00,2024-05-21T13:30:00-04:00,2,178.77398000,183.22480899,8.90165798,3.29361345,ATR_TARGET,1.94005613
TSLT,2024-05-21T12:00:00-04:00,2024-05-21T14:15:00-04:00,17,10.81620608,11.35187257,9.10633045,3.36934227,ATR_TARGET,1.96868614
CCJ,2024-05-21T10:00:00-04:00,2024-05-21T15:15:00-04:00,6,54.58090500,53.62440568,-5.73899594,-2.12342850,ATR_STOP,-1.04392737
NXE,2024-05-20T09:45:00-04:00,2024-05-22T09:30:00-04:00,45,8.10607500,7.95005774,-7.02077680,-2.59768741,ATR_STOP,-1.03976680
MRNA,2024-05-21T15:45:00-04:00,2024-05-22T09:30:00-04:00,2,142.98716000,146.34345227,6.71258454,2.48365628,ATR_TARGET,1.93662102
ERAS,2024-05-21T15:15:00-04:00,2024-05-22T09:45:00-04:00,163,2.29672125,2.46466221,27.37437621,10.12851920,ATR_TARGET,1.97820985
BEKE,2024-05-22T09:45:00-04:00,2024-05-22T10:45:00-04:00,19,19.15435500,18.90240275,-4.78709279,-1.77122433,ATR_STOP,-1.05967007
ADMA,2024-05-21T15:45:00-04:00,2024-05-22T11:15:00-04:00,22,9.55716250,9.60790290,1.11628882,0.41302686,ATR_STOP,0.36492005
QS,2024-05-22T10:00:00-04:00,2024-05-22T13:15:00-04:00,65,5.83447258,5.89425365,3.88576964,1.43773477,ATR_STOP,0.45330197
AMD,2024-05-22T09:45:00-04:00,2024-05-22T13:45:00-04:00,1,167.07521250,164.69262270,-2.38258980,-0.88155823,ATR_STOP,-1.05472041
SOXL,2024-05-22T09:45:00-04:00,2024-05-22T14:15:00-04:00,2,49.32696750,48.29816715,-2.05760070,-0.76131226,ATR_STOP,-1.03652293
HIVE,2024-05-22T11:30:00-04:00,2024-05-22T14:15:00-04:00,85,2.67200250,2.58816263,-7.12638897,-2.63676392,ATR_STOP,-1.02371970
EOSE,2024-05-22T13:30:00-04:00,2024-05-22T14:30:00-04:00,514,0.74005463,0.71402638,-13.37851867,-4.95005191,ATR_STOP,-1.02102287
PLUG,2024-05-23T09:30:00-04:00,2024-05-23T09:30:00-04:00,110,3.40255000,3.28301793,-13.14852725,-4.89964021,ATR_STOP,-1.02104856
ASTS,2024-05-23T09:30:00-04:00,2024-05-23T09:45:00-04:00,69,4.65348750,4.37488784,-19.22337622,-7.11264920,ATR_STOP,-1.01192676
VISN,2024-05-22T11:30:00-04:00,2024-05-23T10:00:00-04:00,288,1.33099750,1.27089057,-17.31079626,-6.40499462,ATR_STOP,-1.01612568
ERAS,2024-05-23T09:45:00-04:00,2024-05-23T11:00:00-04:00,140,2.62196500,2.91214601,40.62534173,15.03137644,ATR_TARGET,1.98504790
MRNA,2024-05-24T09:45:00-04:00,2024-05-24T09:45:00-04:00,2,169.93735750,165.03388023,-9.80695453,-3.62857318,ATR_STOP,-1.02591599
CLOV,2024-05-22T14:15:00-04:00,2024-05-24T10:00:00-04:00,170,0.99174325,0.95729898,-5.85552540,-2.16654440,ATR_STOP,-1.02130458
CCJ,2024-05-24T10:15:00-04:00,2024-05-24T13:15:00-04:00,3,52.52936750,53.11781391,1.76533924,0.65317552,ATR_STOP,0.80827820
ASTS,2024-05-24T09:45:00-04:00,2024-05-24T15:30:00-04:00,87,4.28821375,4.70941972,36.64491900,13.55862003,ATR_TARGET,1.98335589
AMD,2024-05-24T10:15:00-04:00,2024-05-28T09:45:00-04:00,2,165.09372750,165.85551500,1.52357500,0.56372275,STOP_GAP,0.22019212
ASTS,2024-05-24T15:45:00-04:00,2024-05-28T09:45:00-04:00,80,4.73324728,4.76392438,2.45416800,0.90804216,STOP_GAP,0.18778762
SOXL,2024-05-24T10:15:00-04:00,2024-05-28T09:45:00-04:00,7,50.99822000,52.21881337,8.54415357,3.16133682,ATR_STOP,0.65785665
BE,2024-05-24T11:30:00-04:00,2024-05-28T09:45:00-04:00,1,16.35225500,16.67461433,0.32235933,0.11927295,ATR_STOP,0.47853157
AMC,2024-05-20T11:00:00-04:00,2024-05-28T12:45:00-04:00,10,4.78858875,5.06460809,2.76019343,1.02127157,ATR_STOP,0.69099370
RIVN,2024-05-24T15:45:00-04:00,2024-05-28T12:45:00-04:00,16,10.40279625,10.46301565,0.96351041,0.35649885,ATR_STOP,0.37282542
ASTS,2024-05-28T12:15:00-04:00,2024-05-29T09:30:00-04:00,75,5.07780550,6.16537250,81.56752500,30.17998425,TARGET_GAP,3.93036035
CLOV,2024-05-28T15:45:00-04:00,2024-05-29T09:30:00-04:00,378,1.02576875,0.99607858,-11.22288457,-4.15246729,ATR_STOP,-1.02583116
CCJ,2024-05-29T15:30:00-04:00,2024-05-30T09:30:00-04:00,3,54.65095750,53.80961250,-2.52403500,-0.93389295,STOP_GAP,-1.14649515
CLOV,2024-05-29T10:30:00-04:00,2024-05-30T09:30:00-04:00,387,1.03577625,1.11682385,31.36542246,11.60520631,ATR_TARGET,1.97952646
ASTS,2024-05-29T15:30:00-04:00,2024-05-30T09:30:00-04:00,46,8.63647250,7.79667083,-38.63087696,-14.29342447,ATR_STOP,-1.00701708
BE,2024-05-30T09:45:00-04:00,2024-05-30T10:00:00-04:00,25,15.73179000,15.74980807,0.45045175,0.16666715,ATR_STOP,0.04228304
TSLA,2024-05-30T10:15:00-04:00,2024-05-30T10:30:00-04:00,2,181.47990792,178.41297103,-6.13387379,-2.26953330,ATR_STOP,-1.04565596
QS,2024-05-30T09:45:00-04:00,2024-05-30T13:00:00-04:00,68,5.80435000,6.00479003,13.62992191,5.04307111,ATR_TARGET,1.95601816
BE,2024-05-30T11:15:00-04:00,2024-05-31T09:30:00-04:00,23,16.47734875,17.65152858,27.00613619,9.99227039,ATR_TARGET,1.97768525
EOSE,2024-05-30T12:45:00-04:00,2024-05-31T10:00:00-04:00,19,0.72744518,0.70572342,-0.41271341,-0.15270396,ATR_STOP,-1.02499472
NXE,2024-05-29T15:15:00-04:00,2024-05-31T10:15:00-04:00,50,7.87590250,7.91332482,1.87111583,0.69231286,ATR_STOP,0.29475771
NVTS,2024-05-30T13:15:00-04:00,2024-05-31T10:15:00-04:00,100,3.98798875,3.84838718,-13.96015682,-5.16525802,ATR_STOP,-1.02112787
ASTS,2024-05-31T09:45:00-04:00,2024-05-31T10:30:00-04:00,43,9.05688758,8.26405411,-34.09183885,-12.61398037,ATR_STOP,-1.00788514
PLUG,2024-05-31T09:30:00-04:00,2024-05-31T12:45:00-04:00,1,3.31248250,3.21931227,-0.09317023,-0.03447298,ATR_STOP,-1.02662470
VSXY,2024-05-31T12:15:00-04:00,2024-06-03T09:30:00-04:00,17,22.35675500,23.21730830,14.62940605,5.41288024,ATR_TARGET,1.96030419
EOSE,2024-05-31T13:15:00-04:00,2024-06-03T09:30:00-04:00,550,0.71903888,0.76146869,23.33639778,8.63446718,ATR_TARGET,1.97341803
BTE,2024-05-30T09:45:00-04:00,2024-06-03T09:45:00-04:00,43,3.65774125,3.59307266,-2.78074922,-1.02887721,ATR_STOP,-1.04351703
PLUG,2024-05-31T13:30:00-04:00,2024-06-03T09:45:00-04:00,118,3.33750125,3.41077756,8.64660402,3.19924349,ATR_STOP,0.61111332
EOSE,2024-06-03T09:45:00-04:00,2024-06-03T09:45:00-04:00,1,0.75796805,0.72282799,-0.03514006,-0.01300182,ATR_STOP,-1.01568112
BLNK,2024-06-03T09:45:00-04:00,2024-06-03T10:15:00-04:00,127,3.19249258,3.10196005,-11.49763126,-4.25412357,ATR_STOP,-1.02639572
CLOV,2024-05-31T13:45:00-04:00,2024-06-03T12:00:00-04:00,8,1.13084750,1.16465138,0.27043100,0.10005947,ATR_STOP,0.71119198
QS,2024-06-03T09:45:00-04:00,2024-06-03T12:00:00-04:00,66,5.95446250,5.81592129,-9.14371985,-3.38317634,ATR_STOP,-1.03253350
GME,2024-06-03T13:45:00-04:00,2024-06-03T15:30:00-04:00,12,31.36350500,27.36117318,-48.02798185,-17.77035328,ATR_STOP,-1.00515754
VSXY,2024-06-03T14:45:00-04:00,2024-06-03T15:45:00-04:00,16,23.94794750,23.40030057,-8.76235084,-3.24206981,ATR_STOP,-1.03313326
ASTS,2024-06-03T15:30:00-04:00,2024-06-04T09:30:00-04:00,23,8.59644250,8.16849700,-9.84274658,-3.64181624,ATR_STOP,-1.01453476
EOSE,2024-06-03T15:45:00-04:00,2024-06-04T09:30:00-04:00,466,0.74485822,0.72083598,-11.19436813,-4.14191621,ATR_STOP,-1.02304109
RIVN,2024-06-03T15:00:00-04:00,2024-06-04T09:45:00-04:00,35,11.19338875,11.23647138,1.50789189,0.55792000,ATR_STOP,0.15663135
MU,2024-06-04T09:30:00-04:00,2024-06-04T10:00:00-04:00,2,127.44551250,125.46434290,-3.96233920,-1.46606550,ATR_STOP,-1.04990400
OLMA,2024-06-04T10:30:00-04:00,2024-06-04T12:30:00-04:00,28,13.22491125,14.99826404,49.65387798,18.37193485,ATR_TARGET,1.98738420
ASTS,2024-06-04T13:15:00-04:00,2024-06-05T09:45:00-04:00,45,8.68060557,9.55546725,39.36877540,14.56644690,ATR_TARGET,1.98373763
ADMA,2024-06-04T11:00:00-04:00,2024-06-05T10:00:00-04:00,27,10.02751500,10.08637920,1.58933333,0.58805333,ATR_STOP,0.32355967
HIVE,2024-06-04T15:00:00-04:00,2024-06-05T10:00:00-04:00,5,2.80710375,2.71987070,-0.43616526,-0.16138115,ATR_STOP,-1.02396285
VISN,2024-06-04T09:45:00-04:00,2024-06-05T12:00:00-04:00,180,1.53615125,1.67025526,24.13872171,8.93132703,ATR_TARGET,1.98147675
JMIA,2024-06-04T09:45:00-04:00,2024-06-05T13:45:00-04:00,52,7.26544500,7.79567674,27.57205032,10.20165862,ATR_TARGET,1.97817074
NIO,2024-06-05T14:45:00-04:00,2024-06-06T09:30:00-04:00,75,5.25393750,4.94628750,-23.07375000,-8.53728750,STOP_GAP,-3.66224639
ACHR,2024-06-05T10:45:00-04:00,2024-06-06T09:30:00-04:00,5,3.44758375,3.66631976,1.09368007,0.40466162,ATR_TARGET,1.97515165
APP,2024-06-05T10:00:00-04:00,2024-06-06T09:45:00-04:00,4,83.39249750,84.54948752,4.62796006,1.71234522,ATR_STOP,0.64805281
GME,2024-06-05T10:15:00-04:00,2024-06-06T10:00:00-04:00,9,29.97246250,31.70826835,15.62225268,5.78023349,ATR_STOP,0.67112411
RIVN,2024-06-05T10:00:00-04:00,2024-06-06T10:15:00-04:00,7,11.45358375,11.14384942,-2.16814032,-0.80221192,ATR_STOP,-1.02775378
VISN,2024-06-05T12:15:00-04:00,2024-06-06T12:00:00-04:00,174,1.68206060,1.72931556,8.22236349,3.04227449,ATR_STOP,0.73304710
DDD,2024-06-06T10:00:00-04:00,2024-06-06T13:00:00-04:00,78,4.41831125,4.43185532,1.05643713,0.39088174,ATR_STOP,0.06181237
IAUX,2024-06-06T12:45:00-04:00,2024-06-07T09:30:00-04:00,265,1.12584375,1.09060858,-9.33731986,-3.45480835,ATR_STOP,-1.02378417
GME,2024-06-07T09:45:00-04:00,2024-06-07T09:45:00-04:00,6,47.73247252,39.88936210,-47.05866256,-17.41170515,ATR_STOP,-1.00383192
HIVE,2024-06-06T10:30:00-04:00,2024-06-07T11:15:00-04:00,122,2.93720125,2.99055527,6.50918992,2.40840027,ATR_STOP,0.53111799
RIVN,2024-06-06T13:15:00-04:00,2024-06-07T12:45:00-04:00,29,11.55365875,11.62142923,1.96534402,0.72717729,ATR_STOP,0.25441138
JMIA,2024-06-07T10:00:00-04:00,2024-06-07T13:30:00-04:00,33,7.98598500,7.66893646,-10.46260170,-3.87116263,ATR_STOP,-1.01849071
ASTS,2024-06-06T09:45:00-04:00,2024-06-10T09:30:00-04:00,43,9.07680250,8.53359500,-23.35792250,-8.64243133,STOP_GAP,-1.04994869
CLOV,2024-06-06T13:30:00-04:00,2024-06-10T09:30:00-04:00,9,1.11583625,1.07566541,-0.36153758,-0.13376891,ATR_STOP,-1.02051024
JMIA,2024-06-10T10:15:00-04:00,2024-06-10T11:15:00-04:00,51,7.71738370,8.33388345,31.44148748,11.63335037,ATR_TARGET,1.97991151
EOSE,2024-06-10T11:15:00-04:00,2024-06-10T13:45:00-04:00,65,0.72404263,0.78041065,3.66392153,1.35565096,ATR_TARGET,1.97943078
BE,2024-06-10T12:30:00-04:00,2024-06-10T15:45:00-04:00,26,15.64672625,15.15998697,-12.65522120,-4.68243184,ATR_STOP,-1.02393661
MVST,2024-06-10T13:45:00-04:00,2024-06-10T15:45:00-04:00,16,0.41931425,0.39711479,-0.35519128,-0.13142078,ATR_STOP,-1.01360916
BLNK,2024-06-10T14:00:00-04:00,2024-06-11T09:45:00-04:00,15,3.19239250,3.11548047,-1.15368044,-0.42686176,ATR_STOP,-1.03135643
EOSE,2024-06-11T10:30:00-04:00,2024-06-11T13:45:00-04:00,1,0.82151568,0.89563378,0.07411811,0.02742370,ATR_TARGET,1.98202363
ASTS,2024-06-11T10:00:00-04:00,2024-06-11T14:15:00-04:00,6,8.78658500,9.56417601,4.66554608,1.72625205,ATR_TARGET,1.98170542
SOXL,2024-06-10T10:30:00-04:00,2024-06-12T09:30:00-04:00,7,52.73852425,57.20206625,31.24479400,11.56057378,TARGET_GAP,2.56742240
MU,2024-06-10T10:30:00-04:00,2024-06-12T09:30:00-04:00,1,133.79527125,138.40611750,4.61084625,1.70601311,TARGET_GAP,2.07828356
INTC,2024-06-11T09:30:00-04:00,2024-06-12T09:30:00-04:00,13,30.80308500,31.42641250,8.10325750,2.99820527,TARGET_GAP,2.23738463
ACHR,2024-06-10T09:30:00-04:00,2024-06-12T09:30:00-04:00,120,3.31248250,3.46046828,17.75829362,6.57056864,ATR_TARGET,1.96550344
JMIA,2024-06-11T14:45:00-04:00,2024-06-12T09:30:00-04:00,6,9.01685757,9.70900336,4.15287469,1.53656364,ATR_TARGET,1.97916250
DDD,2024-06-12T09:45:00-04:00,2024-06-12T09:45:00-04:00,101,4.21115600,4.09102478,-12.13325297,-4.48930360,ATR_STOP,-1.02623060
EOSE,2024-06-12T09:45:00-04:00,2024-06-12T10:15:00-04:00,452,0.94390740,0.88561186,-26.34958437,-9.74934622,ATR_STOP,-1.01153389
GME,2024-06-12T09:30:00-04:00,2024-06-12T12:00:00-04:00,14,29.19187750,30.10727118,12.81551148,4.74173925,ATR_STOP,0.31065384
RIVN,2024-06-12T14:00:00-04:00,2024-06-12T15:15:00-04:00,33,12.16411625,11.86072610,-10.01187497,-3.70439374,ATR_STOP,-1.03022949
EOSE,2024-06-12T14:15:00-04:00,2024-06-13T09:30:00-04:00,166,0.94500823,0.88963219,-9.19242173,-3.40363293,ATR_STOP,-1.01220518
MVST,2024-06-12T10:30:00-04:00,2024-06-13T10:00:00-04:00,881,0.47035250,0.44238084,-24.64302884,-9.11792067,ATR_STOP,-1.01201300
JMIA,2024-06-12T13:30:00-04:00,2024-06-13T10:15:00-04:00,41,9.98758508,10.03555025,1.96657229,0.72763175,ATR_STOP,0.10922779
SOXL,2024-06-13T09:45:00-04:00,2024-06-13T10:15:00-04:00,4,60.50534500,58.27466358,-8.92272568,-3.30140850,ATR_STOP,-1.01999998
MU,2024-06-13T09:45:00-04:00,2024-06-13T12:15:00-04:00,2,141.19081375,141.59405243,0.80647736,0.29839662,ATR_STOP,0.16126566
AMC,2024-06-13T10:45:00-04:00,2024-06-13T12:30:00-04:00,74,5.38403500,5.07056040,-23.19712048,-8.58293458,ATR_STOP,-1.01228982
ASTS,2024-06-13T10:00:00-04:00,2024-06-14T09:30:00-04:00,2,10.23767250,9.70482556,-1.06569387,-0.39430673,ATR_STOP,-1.01385958
EOSE,2024-06-13T14:30:00-04:00,2024-06-14T10:00:00-04:00,426,0.93229870,0.89056234,-17.77968914,-6.57848498,ATR_STOP,-1.01627603
AMC,2024-06-14T09:45:00-04:00,2024-06-14T10:00:00-04:00,72,5.43707475,5.20246392,-16.89197992,-6.25003257,ATR_STOP,-1.01692533
GME,2024-06-14T09:45:00-04:00,2024-06-14T10:30:00-04:00,5,30.29260243,27.78455425,-12.54024088,-4.63988912,ATR_STOP,-1.00838457
JMIA,2024-06-14T10:15:00-04:00,2024-06-14T11:45:00-04:00,40,9.61720750,9.17843735,-17.55080591,-6.49379819,ATR_STOP,-1.01595114
HIVE,2024-06-13T14:00:00-04:00,2024-06-14T12:15:00-04:00,128,3.08731375,2.96203401,-16.03580647,-5.93324840,ATR_STOP,-1.01806643
MU,2024-06-14T15:15:00-04:00,2024-06-17T09:30:00-04:00,2,141.98641000,145.47081500,6.96881000,2.57845970,TARGET_GAP,2.14901589
ASTS,2024-06-14T15:15:00-04:00,2024-06-17T09:45:00-04:00,28,10.10757500,10.77639176,18.72686921,6.92894161,ATR_TARGET,1.97610194
AMC,2024-06-17T10:00:00-04:00,2024-06-17T10:30:00-04:00,57,5.16887375,4.96422817,-11.66479821,-4.31597534,ATR_STOP,-1.01854456
TSLL,2024-06-17T09:45:00-04:00,2024-06-17T11:00:00-04:00,38,7.79584250,8.29294802,18.89000982,6.98930363,ATR_TARGET,1.97526720
PLTR,2024-06-14T15:00:00-04:00,2024-06-17T12:15:00-04:00,15,23.72778250,24.27335867,8.18364262,3.02794777,ATR_TARGET,1.93537123
SOXL,2024-06-14T13:15:00-04:00,2024-06-18T09:30:00-04:00,6,60.11505250,63.37243500,19.54429500,7.23138915,TARGET_GAP,2.09479797
HIVE,2024-06-17T12:30:00-04:00,2024-06-18T09:30:00-04:00,123,3.15236250,3.18760750,4.33513500,1.60399995,STOP_GAP,0.27728139
INTC,2024-06-17T15:30:00-04:00,2024-06-18T09:30:00-04:00,5,30.85312250,31.35316055,2.50019027,0.92507040,ATR_TARGET,1.91010755
CLOV,2024-06-17T11:45:00-04:00,2024-06-20T09:30:00-04:00,337,1.14585875,1.07919000,-22.46736875,-8.31292644,STOP_GAP,-1.18668937
MVST,2024-06-18T11:45:00-04:00,2024-06-20T09:30:00-04:00,800,0.49036750,0.46765849,-18.16720960,-6.72186755,ATR_STOP,-1.01569939
INTC,2024-06-20T10:00:00-04:00,2024-06-20T15:00:00-04:00,12,30.97821625,30.62486238,-4.24024646,-1.56889119,ATR_STOP,-1.06957662
EOSE,2024-06-20T12:30:00-04:00,2024-06-20T15:00:00-04:00,225,0.84063000,0.91260348,16.19403346,5.99179238,ATR_TARGET,1.98114558
ADMA,2024-06-20T09:45:00-04:00,2024-06-20T15:45:00-04:00,35,10.92819000,10.72898048,-6.97233335,-2.57976334,ATR_STOP,-1.04212655
ASTS,2024-06-20T10:00:00-04:00,2024-06-20T15:45:00-04:00,32,11.74880500,11.21492987,-17.08400426,-6.32108158,ATR_STOP,-1.01601939
TSLA,2024-06-21T09:45:00-04:00,2024-06-21T09:45:00-04:00,2,183.26734750,180.66712286,-5.20044928,-1.92416623,ATR_STOP,-1.05501939
MVST,2024-06-21T10:30:00-04:00,2024-06-21T12:45:00-04:00,740,0.49076780,0.46786575,-16.94751782,-6.27058159,ATR_STOP,-1.01557201
EOSE,2024-06-21T14:00:00-04:00,2024-06-21T15:30:00-04:00,9,0.94000448,0.90356251,-0.32797770,-0.12135175,ATR_STOP,-1.01896277
TSLL,2024-06-21T09:45:00-04:00,2024-06-24T09:30:00-04:00,47,7.98598500,8.41194016,20.01989243,7.40736020,ATR_TARGET,1.97078813
TSLT,2024-06-21T09:45:00-04:00,2024-06-24T09:30:00-04:00,35,10.87815250,11.43886485,19.62493226,7.26122494,ATR_TARGET,1.96983798
INTC,2024-06-21T13:00:00-04:00,2024-06-24T09:45:00-04:00,11,31.21339250,30.85403462,-3.95293671,-1.46258658,ATR_STOP,-1.06888131
YINN,2024-06-24T10:00:00-04:00,2024-06-24T13:00:00-04:00,14,25.12522980,24.65784218,-6.54342667,-2.42106787,ATR_STOP,-1.04122983
WTI,2024-06-21T09:45:00-04:00,2024-06-25T09:30:00-04:00,89,2.14160500,2.16108132,1.73339249,0.64135522,ATR_STOP,0.40284364
BTE,2024-06-24T14:30:00-04:00,2024-06-25T09:30:00-04:00,100,3.45759125,3.39971594,-5.78753127,-2.14138657,ATR_STOP,-1.04612318
APP,2024-06-25T09:45:00-04:00,2024-06-25T11:30:00-04:00,2,78.98919750,81.44204493,4.90569485,1.81510709,ATR_TARGET,1.95136993
ACHR,2024-06-24T09:45:00-04:00,2024-06-25T15:15:00-04:00,99,3.85288750,3.64023086,-21.05300742,-7.78961275,ATR_STOP,-1.01301527
RIVN,2024-06-25T15:30:00-04:00,2024-06-26T09:30:00-04:00,30,12.00399625,16.31775250,129.41268750,47.88269437,TARGET_GAP,15.28490070
ADMA,2024-06-24T09:45:00-04:00,2024-06-26T09:30:00-04:00,34,11.07329875,10.88929630,-6.25608337,-2.31475085,ATR_STOP,-1.04648315
TSLL,2024-06-25T12:00:00-04:00,2024-06-26T09:30:00-04:00,19,8.26499410,8.73898989,9.00591993,3.33219037,ATR_TARGET,1.97270172
EOSE,2024-06-25T14:00:00-04:00,2024-06-26T09:30:00-04:00,3,1.20090000,1.37803175,0.53139526,0.19661625,ATR_TARGET,1.98838949
MVST,2024-06-24T12:45:00-04:00,2024-06-26T09:45:00-04:00,46,0.45524118,0.50265532,2.18105069,0.80698875,ATR_TARGET,1.98421162
HIVE,2024-06-26T09:45:00-04:00,2024-06-26T10:15:00-04:00,130,3.14235500,3.36857862,29.40907115,10.88135632,ATR_TARGET,1.97789457
BTE,2024-06-26T13:30:00-04:00,2024-06-27T10:15:00-04:00,1,3.41245742,3.42757889,0.01512147,0.00559494,ATR_STOP,0.27049858
TSLT,2024-06-26T11:45:00-04:00,2024-06-27T10:45:00-04:00,18,12.23917250,12.30795152,1.23802242,0.45806830,ATR_STOP,0.16304714
MVST,2024-06-27T10:30:00-04:00,2024-06-27T13:15:00-04:00,6,0.51608678,0.56620112,0.30068607,0.11125384,ATR_TARGET,1.98318261
TSLL,2024-06-26T11:45:00-04:00,2024-06-28T09:30:00-04:00,47,8.89166375,9.52723405,29.87180394,11.05256746,ATR_TARGET,1.97774839
TSLA,2024-06-26T11:45:00-04:00,2024-06-28T09:30:00-04:00,2,194.57081875,201.73352665,14.32541580,5.30040385,ATR_TARGET,1.95859689
EOSE,2024-06-27T13:45:00-04:00,2024-06-28T10:00:00-04:00,4,1.26594875,1.30215639,0.14483057,0.05358731,ATR_STOP,0.42614066
CLOV,2024-06-25T09:45:00-04:00,2024-06-28T11:00:00-04:00,289,1.30597875,1.25324918,-15.23884463,-5.63837251,ATR_STOP,-1.01816300
APP,2024-06-28T11:45:00-04:00,2024-06-28T12:15:00-04:00,4,84.34321000,82.79873079,-6.17791685,-2.28582923,ATR_STOP,-1.04192421
SOFI,2024-06-28T11:45:00-04:00,2024-06-28T13:00:00-04:00,7,6.62996875,6.55297513,-0.53895536,-0.19941348,ATR_STOP,-1.06824012
APPS,2024-06-28T12:30:00-04:00,2024-06-28T13:30:00-04:00,202,1.65924350,1.58358132,-15.28376031,-5.65499132,ATR_STOP,-1.01595971
TWLO,2024-06-28T09:45:00-04:00,2024-07-01T09:30:00-04:00,7,56.24215000,56.39536193,1.07248353,0.39681891,ATR_STOP,0.31754172
ERAS,2024-06-28T14:00:00-04:00,2024-07-01T09:30:00-04:00,162,2.29672125,2.44342716,23.76635700,8.79355209,ATR_TARGET,1.97530702
ASTS,2024-07-01T09:45:00-04:00,2024-07-01T11:00:00-04:00,35,12.13909750,11.61369447,-18.38910609,-6.80396925,ATR_STOP,-1.01687060
RIVN,2024-07-01T09:45:00-04:00,2024-07-01T15:45:00-04:00,25,13.78032750,14.00091114,5.51459094,2.04039865,ATR_STOP,0.41152138
BTE,2024-06-27T13:00:00-04:00,2024-07-02T09:45:00-04:00,63,3.47260250,3.58134527,6.85079431,2.53479389,ATR_TARGET,1.95175436
EOSE,2024-07-01T09:45:00-04:00,2024-07-02T09:45:00-04:00,9,1.41606125,1.43472018,0.16793035,0.06213423,ATR_STOP,0.19875665
IAUX,2024-06-28T09:45:00-04:00,2024-07-02T10:30:00-04:00,407,1.05579125,1.01680003,-15.86942742,-5.87168815,ATR_STOP,-1.01996368
ADMA,2024-07-01T11:15:00-04:00,2024-07-02T10:30:00-04:00,35,11.61870750,11.34749043,-9.49259743,-3.51226105,ATR_STOP,-1.03242103
ACHR,2024-07-02T14:15:00-04:00,2024-07-03T10:00:00-04:00,112,3.76782375,4.04228883,30.74008943,11.37383309,ATR_TARGET,1.97813332
AMC,2024-07-02T10:15:00-04:00,2024-07-03T11:15:00-04:00,46,5.19889625,5.03417968,-7.57696230,-2.80347605,ATR_STOP,-1.02347778
RIVN,2024-07-02T09:45:00-04:00,2024-07-03T11:30:00-04:00,24,14.54089750,14.74351813,4.86289517,1.79927121,ATR_STOP,0.34060439
AMD,2024-07-02T15:00:00-04:00,2024-07-05T09:30:00-04:00,2,163.46250500,168.36079242,9.79657484,3.62473269,ATR_TARGET,1.94970185
SOFI,2024-07-02T15:15:00-04:00,2024-07-05T09:30:00-04:00,11,6.46984875,6.37957693,-0.99299001,-0.36740631,ATR_STOP,-1.05601398
EOSE,2024-07-03T10:15:00-04:00,2024-07-05T09:30:00-04:00,259,1.66624875,1.86766780,52.16753423,19.30198767,ATR_TARGET,1.98617694
QS,2024-07-03T11:00:00-04:00,2024-07-05T09:30:00-04:00,2,4.99874625,4.90376381,-0.18996488,-0.07028701,ATR_STOP,-1.04031225
ASTS,2024-07-03T12:15:00-04:00,2024-07-05T09:30:00-04:00,37,11.49861750,11.05826588,-16.29300997,-6.02841369,ATR_STOP,-1.01921049
AMD,2024-07-05T09:45:00-04:00,2024-07-05T12:15:00-04:00,2,167.16528000,173.23773503,12.14491006,4.49361672,ATR_TARGET,1.95807296
PLTR,2024-07-05T09:45:00-04:00,2024-07-08T09:30:00-04:00,16,26.60764078,27.90905250,20.82258760,7.70435741,TARGET_GAP,2.90428817
ASTS,2024-07-05T11:30:00-04:00,2024-07-08T09:30:00-04:00,8,11.73889758,12.69397689,7.64063450,2.82703477,ATR_TARGET,1.98024557
PLUG,2024-07-05T14:00:00-04:00,2024-07-08T11:30:00-04:00,135,2.59194250,2.60425777,1.66256142,0.61514773,ATR_STOP,0.14237203
JMIA,2024-07-08T09:30:00-04:00,2024-07-08T12:00:00-04:00,51,8.60645000,8.31513377,-14.85712769,-5.49713725,ATR_STOP,-1.02189258
CLOV,2024-07-08T09:45:00-04:00,2024-07-08T12:00:00-04:00,78,1.28586367,1.30742434,1.68173197,0.62224083,ATR_STOP,0.60672666
TSLL,2024-07-08T11:45:00-04:00,2024-07-08T13:00:00-04:00,22,15.38152750,14.63127973,-16.50545101,-6.10701687,ATR_STOP,-1.01485486
VSAT,2024-07-03T12:30:00-04:00,2024-07-08T14:00:00-04:00,11,14.46083750,15.22237155,8.37687453,3.09944357,ATR_TARGET,1.97043739
LUMN,2024-07-08T13:30:00-04:00,2024-07-08T15:15:00-04:00,415,1.07580625,1.03504632,-16.91537003,-6.25868691,ATR_STOP,-1.01942991
ACHR,2024-07-05T09:45:00-04:00,2024-07-09T09:30:00-04:00,100,4.34315493,4.05618357,-28.69713595,-10.61794030,ATR_STOP,-1.01072255
INTC,2024-07-08T15:15:00-04:00,2024-07-09T09:30:00-04:00,13,33.99948050,35.01792678,13.23980161,4.89872659,ATR_TARGET,1.94968428
PLTR,2024-07-08T15:30:00-04:00,2024-07-09T10:15:00-04:00,15,27.93093250,27.48535469,-6.68366720,-2.47295686,ATR_STOP,-1.04854587
BIDU,2024-07-09T10:45:00-04:00,2024-07-09T10:45:00-04:00,4,89.79729750,91.48307261,6.74310046,2.49494717,ATR_TARGET,1.92172563
TSLA,2024-07-09T09:45:00-04:00,2024-07-10T10:00:00-04:00,1,255.03123008,259.64547516,4.61424509,1.70727068,ATR_STOP,0.72963098
RIVN,2024-07-09T09:45:00-04:00,2024-07-10T14:30:00-04:00,11,15.77682375,16.71156623,10.28216726,3.80440189,ATR_TARGET,1.97351784
BTE,2024-07-08T15:45:00-04:00,2024-07-10T15:00:00-04:00,46,3.55266250,3.65048434,4.49980459,1.66492770,ATR_TARGET,1.94550775
BLNK,2024-07-10T12:30:00-04:00,2024-07-11T09:30:00-04:00,1,2.96722375,3.16762250,0.20039875,0.07414754,TARGET_GAP,2.70769721
SEDG,2024-07-10T15:15:00-04:00,2024-07-11T09:30:00-04:00,11,29.08179500,30.81378380,19.05187680,7.04919441,ATR_TARGET,1.97364541
PLUG,2024-07-10T15:30:00-04:00,2024-07-11T10:00:00-04:00,9,2.70202500,2.88899981,1.68277329,0.62262612,ATR_TARGET,1.97707159
LUMN,2024-07-09T11:00:00-04:00,2024-07-11T10:15:00-04:00,397,1.07580625,1.16499287,35.40708993,13.10062327,ATR_TARGET,1.98058205
HIVE,2024-07-11T10:45:00-04:00,2024-07-11T11:30:00-04:00,131,3.42256500,3.29286909,-16.99016360,-6.28636053,ATR_STOP,-1.01942635
BTE,2024-07-11T10:15:00-04:00,2024-07-11T11:45:00-04:00,7,3.69276750,3.70638813,0.09534438,0.03527742,ATR_STOP,0.22080537
ADMA,2024-07-09T09:45:00-04:00,2024-07-11T12:00:00-04:00,36,11.98097900,12.43813536,16.45762897,6.08932272,ATR_TARGET,1.95997529
ACHR,2024-07-10T10:45:00-04:00,2024-07-12T09:30:00-04:00,58,4.39319242,4.69647500,17.59038935,6.50844406,TARGET_GAP,2.33460727
CCJ,2024-07-11T09:45:00-04:00,2024-07-12T09:30:00-04:00,6,53.85035750,52.85361566,-5.98045104,-2.21276689,ATR_STOP,-1.04144931
NXE,2024-07-11T09:45:00-04:00,2024-07-12T09:30:00-04:00,1,7.57067375,7.40879595,-0.16187780,-0.05989479,ATR_STOP,-1.03557365
MRNA,2024-07-11T14:00:00-04:00,2024-07-12T09:30:00-04:00,3,123.57261000,128.26231606,14.06911818,5.20557373,ATR_TARGET,1.95977040
VISN,2024-07-11T14:30:00-04:00,2024-07-12T09:30:00-04:00,60,1.41105750,1.50257269,5.49091117,2.03163713,ATR_TARGET,1.97565330
BIDU,2024-07-12T09:45:00-04:00,2024-07-12T10:15:00-04:00,4,103.27740000,101.10074766,-8.70660934,-3.22144546,ATR_STOP,-1.03612127
HIVE,2024-07-12T09:45:00-04:00,2024-07-12T10:15:00-04:00,53,3.53264750,3.39868278,-7.10012998,-2.62704809,ATR_STOP,-1.01941140
FLNA,2024-07-12T10:30:00-04:00,2024-07-12T12:30:00-04:00,10,12.02901500,11.43470135,-5.94313653,-2.19896052,ATR_STOP,-1.01465256
BLNK,2024-07-11T13:30:00-04:00,2024-07-12T13:30:00-04:00,138,3.27245250,3.49554451,30.78669765,11.39107813,ATR_TARGET,1.97675282
ERAS,2024-07-12T10:30:00-04:00,2024-07-12T14:00:00-04:00,156,2.94220500,2.99079462,7.57998129,2.80459308,ATR_STOP,0.41792986
SOFI,2024-07-12T14:15:00-04:00,2024-07-15T09:45:00-04:00,66,6.98023125,7.19797859,14.37132456,5.31739009,ATR_TARGET,1.95157931
HIVE,2024-07-12T13:45:00-04:00,2024-07-15T12:30:00-04:00,132,3.52334053,3.78689601,34.78932452,12.87205007,ATR_TARGET,1.97866121
CLOV,2024-07-12T13:00:00-04:00,2024-07-16T09:30:00-04:00,2,1.51953880,1.62708808,0.21509856,0.07958647,ATR_TARGET,1.97754480
GME,2024-07-15T10:00:00-04:00,2024-07-16T09:30:00-04:00,17,26.39978500,27.90744185,25.63016651,9.48316161,ATR_TARGET,1.97259421
QS,2024-07-12T12:45:00-04:00,2024-07-16T09:45:00-04:00,15,8.29621750,8.75676576,6.90822397,2.55604287,ATR_STOP,0.89372219
NVTS,2024-07-12T14:00:00-04:00,2024-07-16T09:45:00-04:00,1,4.76857375,4.80533449,0.03676074,0.01360147,ATR_STOP,0.38270076
AMC,2024-07-12T09:45:00-04:00,2024-07-16T10:00:00-04:00,87,5.29897125,5.39417929,8.28309938,3.06474677,ATR_STOP,0.68136799
BE,2024-07-15T12:45:00-04:00,2024-07-16T10:00:00-04:00,34,13.88040250,14.30339763,14.38183458,5.32127879,ATR_STOP,0.82439302
SEDG,2024-07-16T10:00:00-04:00,2024-07-16T13:30:00-04:00,4,28.36625875,30.56946606,8.81282925,3.26074682,ATR_TARGET,1.97938657
STX,2024-07-16T09:45:00-04:00,2024-07-17T09:30:00-04:00,4,109.11177250,106.82981750,-9.12782000,-3.37729340,STOP_GAP,-2.16524371
SOFI,2024-07-16T10:45:00-04:00,2024-07-17T09:30:00-04:00,63,7.50562500,7.58430750,4.95699750,1.83408907,STOP_GAP,0.45978258
SEDG,2024-07-16T13:45:00-04:00,2024-07-17T09:30:00-04:00,3,30.51286750,28.93828000,-4.72376250,-1.74779212,STOP_GAP,-1.35611014
CLOV,2024-07-16T09:45:00-04:00,2024-07-17T09:30:00-04:00,44,1.63622625,1.67878381,1.87253282,0.69283714,ATR_STOP,0.68991035
HIVE,2024-07-16T11:15:00-04:00,2024-07-17T10:00:00-04:00,1,3.92294000,4.03441813,0.11147813,0.04124691,ATR_STOP,0.71725261
APPS,2024-07-16T10:45:00-04:00,2024-07-17T10:30:00-04:00,210,2.33675125,2.36891837,6.75509619,2.49938559,ATR_STOP,0.25313596
AMC,2024-07-17T09:45:00-04:00,2024-07-17T11:00:00-04:00,88,5.61921125,5.45129920,-14.77626034,-5.46721633,ATR_STOP,-1.02497577
AFRM,2024-07-17T09:45:00-04:00,2024-07-17T11:15:00-04:00,14,33.57516250,32.70740628,-12.14858714,-4.49497724,ATR_STOP,-1.02911380
CLOV,2024-07-17T09:45:00-04:00,2024-07-17T11:30:00-04:00,75,1.74630875,1.67159957,-5.60318856,-2.07317977,ATR_STOP,-1.01708051
VISN,2024-07-17T13:30:00-04:00,2024-07-18T09:30:00-04:00,300,1.61521050,2.31826000,210.91485000,78.03849450,TARGET_GAP,10.45555494
PLTR,2024-07-18T09:45:00-04:00,2024-07-18T10:00:00-04:00,19,28.38127000,29.45037751,20.31304269,7.51582579,ATR_TARGET,1.95948658
EVLV,2024-07-17T13:45:00-04:00,2024-07-18T10:30:00-04:00,144,3.36752375,3.42081673,7.67418881,2.83944986,ATR_STOP,0.33520860
ACHR,2024-07-18T09:45:00-04:00,2024-07-18T10:30:00-04:00,5,5.13384750,4.98517114,-0.74338180,-0.27505127,ATR_STOP,-1.02581635
CLOV,2024-07-18T10:15:00-04:00,2024-07-18T10:30:00-04:00,8,1.77633125,1.70446402,-0.57493782,-0.21272699,ATR_STOP,-1.01812360
LUMN,2024-07-17T15:00:00-04:00,2024-07-18T13:45:00-04:00,175,1.33099750,1.37293255,7.33863364,2.71529445,ATR_STOP,0.92655956
MRNA,2024-07-17T14:30:00-04:00,2024-07-18T14:00:00-04:00,3,123.83280500,121.48350672,-7.04789483,-2.60772109,ATR_STOP,-1.04037922
INTC,2024-07-18T10:15:00-04:00,2024-07-18T14:00:00-04:00,15,35.89189875,34.98497442,-13.60386497,-5.03343004,ATR_STOP,-1.02981656
PLUG,2024-07-18T11:15:00-04:00,2024-07-18T14:00:00-04:00,165,3.20740375,3.07595321,-21.68933919,-8.02505550,ATR_STOP,-1.01787721
HIVE,2024-07-19T09:45:00-04:00,2024-07-19T12:30:00-04:00,139,3.84798383,4.20341920,49.40551655,18.28004112,ATR_TARGET,1.98240370
PLTR,2024-07-19T11:15:00-04:00,2024-07-19T14:30:00-04:00,1,29.38202000,28.55975127,-0.82226873,-0.30423943,ATR_STOP,-1.02676700
JMIA,2024-07-19T09:45:00-04:00,2024-07-22T09:45:00-04:00,42,12.52939000,12.74369839,9.00095252,3.33035243,ATR_STOP,0.37432097
ASTS,2024-07-19T12:00:00-04:00,2024-07-22T10:15:00-04:00,1,13.19989250,12.64740093,-0.55249157,-0.20442188,ATR_STOP,-1.01748193
HIVE,2024-07-22T09:45:00-04:00,2024-07-23T09:30:00-04:00,12,4.28821375,4.36672250,0.94210500,0.34857885,STOP_GAP,0.38455797
RIVN,2024-07-22T10:15:00-04:00,2024-07-23T09:45:00-04:00,30,17.32298250,16.82852097,-14.83384591,-5.48852299,ATR_STOP,-1.02621432
JMIA,2024-07-22T12:30:00-04:00,2024-07-23T09:45:00-04:00,1,13.68025250,14.27056761,0.59031511,0.21841659,ATR_STOP,0.82409678
ASTS,2024-07-23T10:00:00-04:00,2024-07-23T10:15:00-04:00,41,13.19949220,13.94222011,30.45184420,11.26718235,ATR_TARGET,1.97221291
LUMN,2024-07-19T11:15:00-04:00,2024-07-23T13:45:00-04:00,392,1.38603875,1.49468622,42.58980923,15.75822942,ATR_TARGET,1.97955975
ADMA,2024-07-22T09:45:00-04:00,2024-07-23T15:45:00-04:00,40,13.66023750,13.86393674,8.14796975,3.01474881,ATR_STOP,0.67238993
PLTR,2024-07-23T09:45:00-04:00,2024-07-24T09:30:00-04:00,1,28.86163000,28.33341489,-0.52821511,-0.19543959,ATR_STOP,-1.04194901
BE,2024-07-23T15:00:00-04:00,2024-07-24T09:45:00-04:00,37,15.19638875,14.85594216,-12.59652368,-4.66071376,ATR_STOP,-1.03386106
LUMN,2024-07-24T13:30:00-04:00,2024-07-24T14:00:00-04:00,346,1.61120750,1.54067798,-24.40321355,-9.02918901,ATR_STOP,-1.01666893
VISN,2024-07-23T10:30:00-04:00,2024-07-24T14:30:00-04:00,317,1.77132750,1.68400777,-27.68035375,-10.24173089,ATR_STOP,-1.01468761
HIVE,2024-07-24T13:15:00-04:00,2024-07-24T14:30:00-04:00,127,4.37327750,4.17719837,-24.90204912,-9.21375817,ATR_STOP,-1.01624955
ASTS,2024-07-24T13:30:00-04:00,2024-07-24T14:45:00-04:00,2,13.90041750,13.43725139,-0.92633221,-0.34274292,ATR_STOP,-1.02225984
CLOV,2024-07-22T15:00:00-04:00,2024-07-24T15:15:00-04:00,8,1.65624125,1.60480670,-0.41147642,-0.15224627,ATR_STOP,-1.02397984
ASTS,2024-07-25T09:45:00-04:00,2024-07-25T10:15:00-04:00,38,14.01050000,15.16714457,43.95249357,16.26242262,ATR_TARGET,1.98050750
VISN,2024-07-25T11:00:00-04:00,2024-07-26T10:30:00-04:00,308,1.79134250,1.81589857,7.56326827,2.79840926,ATR_STOP,0.31842658
BE,2024-07-26T10:00:00-04:00,2024-07-26T10:30:00-04:00,1,15.01125000,14.50917060,-0.50207940,-0.18576938,ATR_STOP,-1.02217077
VISN,2024-07-26T12:15:00-04:00,2024-07-29T09:30:00-04:00,291,1.90142500,2.05117013,43.57583218,16.12305791,ATR_TARGET,1.97964721
FLNA,2024-07-26T14:15:00-04:00,2024-07-29T09:30:00-04:00,2,14.00049250,15.17982267,2.35866034,0.87270433,ATR_TARGET,1.98086304
CLOV,2024-07-26T09:45:00-04:00,2024-07-29T09:45:00-04:00,329,1.69637133,1.71371375,5.70565782,2.11109340,STOP_GAP,0.31004292
LUMN,2024-07-26T09:45:00-04:00,2024-07-29T12:15:00-04:00,320,1.74130500,1.89222323,48.29383231,17.86871796,ATR_TARGET,1.98135425
LUMN,2024-07-29T12:30:00-04:00,2024-07-30T09:30:00-04:00,307,1.89141750,2.04435692,46.95240178,17.37238866,ATR_TARGET,1.98013361
ASTS,2024-07-30T09:30:00-04:00,2024-07-30T09:45:00-04:00,31,18.99423500,19.36604158,11.52600407,4.26462151,ATR_STOP,0.47618569
CLOV,2024-07-29T11:15:00-04:00,2024-07-30T11:15:00-04:00,322,1.79064197,1.93154919,45.37212173,16.78768504,ATR_TARGET,1.97963220
VISN,2024-07-30T09:45:00-04:00,2024-07-31T09:30:00-04:00,242,2.49186750,2.84319879,85.02217307,31.45820404,ATR_TARGET,1.98792527
ASTS,2024-07-31T09:45:00-04:00,2024-07-31T13:00:00-04:00,35,18.13359000,19.71262330,55.26616562,20.44848128,ATR_TARGET,1.98143394
FLNA,2024-07-31T09:45:00-04:00,2024-07-31T14:00:00-04:00,1,19.10932125,21.85019929,2.74087804,1.01412487,ATR_TARGET,1.98810425
BLNK,2024-07-31T09:45:00-04:00,2024-07-31T14:45:00-04:00,4,3.24212977,3.44376312,0.80653338,0.29841735,ATR_TARGET,1.97468627
BLNK,2024-07-31T15:00:00-04:00,2024-07-31T15:15:00-04:00,12,3.44758375,3.34066773,-1.28299218,-0.47470711,ATR_STOP,-1.02401508
NXE,2024-07-31T14:00:00-04:00,2024-07-31T15:45:00-04:00,99,6.69501750,6.75767349,6.20294268,2.29508879,ATR_STOP,0.45834525
LUMN,2024-07-31T09:30:00-04:00,2024-08-01T09:30:00-04:00,236,2.59194250,3.26754750,159.44278000,58.99382860,TARGET_GAP,2.24425447
CLOV,2024-07-30T11:30:00-04:00,2024-08-01T13:00:00-04:00,314,1.91643625,1.82616799,-28.34423521,-10.48736703,ATR_STOP,-1.01541834
FLNA,2024-08-01T15:45:00-04:00,2024-08-02T09:45:00-04:00,29,22.84211875,21.44446870,-40.53185159,-14.99678509,ATR_STOP,-1.01165023
FLNA,2024-08-02T11:45:00-04:00,2024-08-02T13:00:00-04:00,27,23.96806258,27.86365614,105.18102631,38.91697974,ATR_TARGET,1.98932037
TWLO,2024-08-02T12:30:00-04:00,2024-08-05T09:30:00-04:00,10,61.51610250,57.95650000,-35.59602500,-13.17052925,STOP_GAP,-2.24332802
FLNA,2024-08-02T15:15:00-04:00,2024-08-05T09:30:00-04:00,24,28.82059925,25.98050000,-68.16238200,-25.22008134,STOP_GAP,-1.04513737
VISN,2024-08-02T15:45:00-04:00,2024-08-05T09:30:00-04:00,308,2.24668375,2.01848500,-70.28521500,-26.00552955,STOP_GAP,-1.91083565
ASTS,2024-08-07T09:45:00-04:00,2024-08-07T12:45:00-04:00,31,20.47534500,20.73115095,7.92998441,2.93409423,ATR_STOP,0.25554289
TWLO,2024-08-07T10:00:00-04:00,2024-08-07T13:45:00-04:00,10,60.99571250,59.81568763,-11.80024866,-4.36609200,ATR_STOP,-1.03955094
PLTR,2024-08-07T10:30:00-04:00,2024-08-07T14:15:00-04:00,23,27.77081250,26.74152657,-23.67357643,-8.75922328,ATR_STOP,-1.01988794
FLNA,2024-08-07T15:15:00-04:00,2024-08-08T09:45:00-04:00,22,28.43160772,25.67331643,-60.68240856,-22.45249117,ATR_STOP,-1.00703515
ASTS,2024-08-08T11:15:00-04:00,2024-08-09T09:30:00-04:00,29,20.63546500,22.81287750,63.14496250,23.36363612,TARGET_GAP,1.99292187
PLTR,2024-08-08T10:30:00-04:00,2024-08-09T11:00:00-04:00,22,27.91592125,29.89047232,43.44012349,16.07284569,ATR_TARGET,1.97753146
VSXY,2024-08-08T10:00:00-04:00,2024-08-09T15:45:00-04:00,32,19.00424250,19.70565635,22.44524333,8.30474003,ATR_STOP,1.19761353
LUMN,2024-08-14T09:45:00-04:00,2024-08-14T11:30:00-04:00,130,5.07380250,5.64600184,74.38591451,27.52278837,ATR_TARGET,1.98529699
ADMA,2024-08-14T11:45:00-04:00,2024-08-14T12:30:00-04:00,38,17.81335000,17.39330504,-15.96170862,-5.90583219,ATR_STOP,-1.03207637
VSXY,2024-08-14T15:15:00-04:00,2024-08-15T09:30:00-04:00,1,22.22665750,23.88409124,1.65743374,0.61325048,ATR_TARGET,1.97859981
APPS,2024-08-15T09:45:00-04:00,2024-08-15T10:00:00-04:00,7,3.46259500,3.29781398,-1.15346717,-0.42678285,ATR_STOP,-1.01525033
CCJ,2024-08-14T09:45:00-04:00,2024-08-15T11:00:00-04:00,16,39.77480875,41.04064221,20.25333529,7.49373406,ATR_TARGET,1.95248696
BTE,2024-08-14T09:45:00-04:00,2024-08-15T11:00:00-04:00,176,3.53274758,3.65184262,20.96072795,7.75546934,ATR_TARGET,1.95500611
INTC,2024-08-15T11:15:00-04:00,2024-08-15T13:15:00-04:00,29,20.55040125,20.68192020,3.81404951,1.41119832,ATR_STOP,0.40100643
LUMN,2024-08-14T15:15:00-04:00,2024-08-16T09:30:00-04:00,117,5.74940882,5.39595000,-41.35468252,-15.30123253,STOP_GAP,-1.10800133
BTE,2024-08-15T11:15:00-04:00,2024-08-16T09:30:00-04:00,187,3.65273750,3.55733000,-17.84120250,-6.60124493,STOP_GAP,-1.52186598
EOSE,2024-08-15T10:15:00-04:00,2024-08-16T09:30:00-04:00,1,1.82136500,1.95023237,0.12886737,0.04768093,ATR_TARGET,1.97753765
IAUX,2024-08-16T09:45:00-04:00,2024-08-16T10:00:00-04:00,656,0.99924888,1.00518659,3.89514345,1.44120307,ATR_STOP,0.21769802
APPS,2024-08-15T13:15:00-04:00,2024-08-19T09:30:00-04:00,1,3.46259500,3.80543865,0.34284365,0.12685215,ATR_TARGET,1.98347572
SOFI,2024-08-15T15:00:00-04:00,2024-08-19T09:30:00-04:00,86,6.96021625,7.15830924,17.03599709,6.30331892,ATR_TARGET,1.94718756
VISN,2024-08-16T10:30:00-04:00,2024-08-19T09:45:00-04:00,16,3.81786125,3.95146402,2.13764433,0.79092840,ATR_STOP,0.79558114
AMD,2024-08-16T10:15:00-04:00,2024-08-19T10:00:00-04:00,4,148.85155500,149.90915095,4.23038380,1.56524201,ATR_STOP,0.45029628
GME,2024-08-15T10:15:00-04:00,2024-08-19T11:45:00-04:00,1,22.46143345,22.67653166,0.21509821,0.07958634,ATR_STOP,0.49520828
PLTR,2024-08-19T10:15:00-04:00,2024-08-19T11:45:00-04:00,20,32.52437500,31.91649742,-12.15755158,-4.49829408,ATR_STOP,-1.04102488
TSLL,2024-08-16T09:45:00-04:00,2024-08-20T09:30:00-04:00,67,9.98848575,10.76192250,51.82026225,19.17349703,TARGET_GAP,2.40676594
ASTS,2024-08-19T09:45:00-04:00,2024-08-20T09:30:00-04:00,18,33.11481750,36.43994048,59.85221369,22.14531907,ATR_STOP,1.01257693
TSLT,2024-08-19T10:15:00-04:00,2024-08-20T09:45:00-04:00,2,14.17062000,14.72038177,1.09952355,0.40682371,ATR_STOP,1.07513232
EOSE,2024-08-19T13:00:00-04:00,2024-08-20T10:00:00-04:00,11,2.01150750,1.93990728,-0.78760244,-0.29141290,ATR_STOP,-1.02075756
AMD,2024-08-20T09:30:00-04:00,2024-08-20T10:00:00-04:00,4,156.62738250,160.55006712,15.69073847,5.80557323,ATR_TARGET,1.94039212
SEDG,2024-08-20T09:45:00-04:00,2024-08-20T10:00:00-04:00,25,28.25957880,27.38087972,-21.96747698,-8.12796648,ATR_STOP,-1.02394817
CLOV,2024-08-20T10:00:00-04:00,2024-08-20T10:30:00-04:00,9,3.29747125,3.10912211,-1.69514225,-0.62720263,ATR_STOP,-1.01254514
VISN,2024-08-20T12:00:00-04:00,2024-08-21T09:30:00-04:00,165,4.13810125,4.44666250,50.91260625,18.83766431,TARGET_GAP,2.24724316
TSLA,2024-08-21T09:45:00-04:00,2024-08-21T10:15:00-04:00,3,222.68689000,219.42486125,-9.78608624,-3.62085191,ATR_STOP,-1.05317219
BIDU,2024-08-21T10:30:00-04:00,2024-08-22T09:30:00-04:00,7,89.59714750,87.38441250,-15.48914500,-5.73098365,STOP_GAP,-2.50032963
ACHR,2024-08-21T10:45:00-04:00,2024-08-22T09:30:00-04:00,9,3.71778625,3.87527327,1.41738315,0.52443177,ATR_TARGET,1.96373173
SOXL,2024-08-21T09:45:00-04:00,2024-08-22T09:45:00-04:00,1,41.03075000,41.47290601,0.44215601,0.16359772,ATR_STOP,0.31901204
NXE,2024-08-21T09:45:00-04:00,2024-08-22T10:15:00-04:00,1,6.02451500,5.93413032,-0.09038468,-0.03344233,ATR_STOP,-1.05183172
BEKE,2024-08-22T09:45:00-04:00,2024-08-22T11:30:00-04:00,43,14.95120500,14.76650683,-7.94202123,-2.93854785,ATR_STOP,-1.06383777
GME,2024-08-22T10:15:00-04:00,2024-08-22T11:45:00-04:00,2,22.69420790,22.34697233,-0.69447115,-0.25695432,ATR_STOP,-1.05075552
LUMN,2024-08-20T11:15:00-04:00,2024-08-23T09:30:00-04:00,117,5.94945875,6.56331535,71.82122181,26.57385207,ATR_TARGET,1.98407783
LUMN,2024-08-23T09:45:00-04:00,2024-08-23T10:45:00-04:00,4,6.63997625,6.31769335,-1.28913160,-0.47697869,ATR_STOP,-1.01493295
EOSE,2024-08-23T10:15:00-04:00,2024-08-23T10:45:00-04:00,1,2.48686375,2.35112830,-0.13573545,-0.05022212,ATR_STOP,-1.01317205
DDD,2024-08-23T12:30:00-04:00,2024-08-23T14:00:00-04:00,2,2.76196993,2.66170297,-0.20053392,-0.07419755,ATR_STOP,-1.02032962
NIO,2024-08-22T11:45:00-04:00,2024-08-26T09:30:00-04:00,160,4.01841155,4.05695500,6.16695200,2.28177224,STOP_GAP,0.50307926
ACHR,2024-08-23T09:30:00-04:00,2024-08-26T09:30:00-04:00,13,3.72279000,3.88388034,2.09417440,0.77484453,ATR_TARGET,1.96445122
SOFI,2024-08-23T11:00:00-04:00,2024-08-26T09:45:00-04:00,3,7.44057625,7.71712158,0.82963598,0.30696531,ATR_TARGET,1.95896978
EVLV,2024-08-23T15:30:00-04:00,2024-08-26T09:45:00-04:00,1,4.01901200,4.10509203,0.08608003,0.03184961,ATR_STOP,0.56748118
TSLL,2024-08-23T09:45:00-04:00,2024-08-26T10:30:00-04:00,72,9.90742500,9.52081503,-27.83591778,-10.29928958,ATR_STOP,-1.01883175
CCJ,2024-08-26T09:45:00-04:00,2024-08-26T10:45:00-04:00,15,44.06302250,43.10153758,-14.42227375,-5.33624129,ATR_STOP,-1.03481780
ACHR,2024-08-26T10:00:00-04:00,2024-08-27T09:30:00-04:00,16,3.93514915,3.83385674,-1.62067864,-0.59965110,ATR_STOP,-1.02923898
FLNA,2024-08-19T12:15:00-04:00,2024-08-27T10:15:00-04:00,21,30.64096350,28.88907707,-36.78961499,-13.61215755,ATR_STOP,-1.01253209
QS,2024-08-27T10:45:00-04:00,2024-08-27T11:15:00-04:00,3,6.07955625,5.95778663,-0.36530887,-0.13516428,ATR_STOP,-1.03812253
BILL,2024-08-27T09:45:00-04:00,2024-08-27T11:45:00-04:00,1,50.75804000,53.64894052,2.89090052,1.06963319,ATR_TARGET,1.97252500
CLOV,2024-08-26T15:45:00-04:00,2024-08-27T12:30:00-04:00,197,3.30167440,3.15107222,-29.66863011,-10.97739314,ATR_STOP,-1.01595470
GDS,2024-08-26T14:45:00-04:00,2024-08-27T15:45:00-04:00,41,16.99773875,16.59841528,-16.37226235,-6.05773707,ATR_STOP,-1.03220282
SOFI,2024-08-27T14:00:00-04:00,2024-08-27T15:45:00-04:00,81,7.75601265,7.76719590,0.90584314,0.33516196,ATR_STOP,0.11263717
HIVE,2024-08-27T14:45:00-04:00,2024-08-28T09:30:00-04:00,1,3.38253500,3.27754000,-0.10499500,-0.03884815,STOP_GAP,-1.05340148
SEDG,2024-08-28T09:45:00-04:00,2024-08-28T10:00:00-04:00,23,26.42030038,25.61954498,-18.41737419,-6.81442845,ATR_STOP,-1.02460452
AFRM,2024-08-27T10:30:00-04:00,2024-08-28T10:30:00-04:00,19,32.18412000,31.41467157,-14.61952018,-5.40922247,ATR_STOP,-1.03161234
CLOV,2024-08-28T10:00:00-04:00,2024-08-28T10:30:00-04:00,6,3.30327560,3.18342918,-0.71907854,-0.26605906,ATR_STOP,-1.02034245
VSXY,2024-08-27T12:00:00-04:00,2024-08-29T09:30:00-04:00,3,24.42830750,25.48087500,3.15770250,1.16834992,TARGET_GAP,2.13679702
AFRM,2024-08-28T15:30:00-04:00,2024-08-29T09:30:00-04:00,21,31.33348250,39.04069750,161.85151500,59.88506055,TARGET_GAP,11.64474185
BILL,2024-08-28T09:30:00-04:00,2024-08-29T09:45:00-04:00,13,53.04975750,55.25396605,28.65471109,10.60224310,ATR_TARGET,1.96306546
SOFI,2024-08-29T09:45:00-04:00,2024-08-29T11:15:00-04:00,84,7.77082375,8.11487589,28.90037946,10.69314040,ATR_TARGET,1.96521006
BTE,2024-08-29T13:15:00-04:00,2024-08-30T09:30:00-04:00,181,3.70277500,3.58730750,-20.89961750,-7.73285848,STOP_GAP,-2.20214904
HIVE,2024-08-29T10:15:00-04:00,2024-08-30T09:30:00-04:00,3,3.27745625,3.16728828,-0.33050391,-0.12228645,ATR_STOP,-1.02205430
RIVN,2024-08-29T10:00:00-04:00,2024-08-30T10:00:00-04:00,49,14.28070250,13.94779254,-16.31258811,-6.03565760,ATR_STOP,-1.03246699
AAOI,2024-08-30T09:45:00-04:00,2024-09-03T09:30:00-04:00,62,10.77087210,12.01098500,76.88699980,28.44818993,TARGET_GAP,2.57463017
GME,2024-08-30T13:45:00-04:00,2024-09-03T09:30:00-04:00,30,22.90716750,24.28289656,41.27187178,15.27059256,ATR_TARGET,1.97385017
EOSE,2024-09-03T09:30:00-04:00,2024-09-03T10:15:00-04:00,272,2.64198000,2.50594731,-37.00089299,-13.69033041,ATR_STOP,-1.01402047
APP,2024-08-29T09:45:00-04:00,2024-09-03T14:30:00-04:00,8,91.50357625,89.42652373,-16.61642017,-6.14807546,ATR_STOP,-1.03339428
NIO,2024-09-03T09:45:00-04:00,2024-09-04T15:00:00-04:00,173,4.12309000,4.21236199,15.44405450,5.71430017,ATR_STOP,0.83935653
GME,2024-09-06T09:45:00-04:00,2024-09-06T10:30:00-04:00,33,22.46783825,21.94805341,-17.15289970,-6.34657289,ATR_STOP,-1.03273002
LUMN,2024-09-06T15:15:00-04:00,2024-09-09T09:30:00-04:00,127,5.85939125,5.67485443,-23.43617670,-8.67138538,ATR_STOP,-1.02362655
TSLT,2024-09-10T09:45:00-04:00,2024-09-10T10:30:00-04:00,53,13.83036500,13.84096285,0.56168617,0.20782388,ATR_STOP,0.02185120
TSLL,2024-09-10T09:45:00-04:00,2024-09-11T10:30:00-04:00,69,10.13759750,9.75366543,-26.49131263,-9.80178567,ATR_STOP,-1.01943845
TSLA,2024-09-10T09:45:00-04:00,2024-09-11T10:45:00-04:00,3,221.51100875,217.10146098,-13.22864330,-4.89459802,ATR_STOP,-1.03837148
VISN,2024-09-10T14:15:00-04:00,2024-09-11T13:45:00-04:00,151,4.89867125,5.00771733,16.46595875,6.09240474,ATR_STOP,0.57390610
CLOV,2024-09-12T10:00:00-04:00,2024-09-12T13:00:00-04:00,2,2.74205500,2.77953802,0.07496603,-0.23502276,ATR_STOP,0.39321632
TSLL,2024-09-11T14:45:00-04:00,2024-09-13T10:00:00-04:00,58,10.64798000,10.72084116,4.22594715,1.56360044,ATR_STOP,0.20443285
VISN,2024-09-11T14:45:00-04:00,2024-09-13T11:30:00-04:00,143,5.14885875,5.22726959,11.21275007,4.14871753,ATR_STOP,0.41921645
DDD,2024-09-12T15:15:00-04:00,2024-09-13T14:15:00-04:00,3,2.35176250,2.40247743,0.15214480,0.05629358,ATR_STOP,0.60748028
BLNK,2024-09-13T14:45:00-04:00,2024-09-16T10:00:00-04:00,4,1.82636875,1.77506343,-0.20522129,-0.07593188,ATR_STOP,-1.02666032
IAUX,2024-09-13T12:30:00-04:00,2024-09-16T11:00:00-04:00,3,1.11583625,1.08051820,-0.10595415,-0.03920304,ATR_STOP,-1.02350235
NIO,2024-09-13T11:15:00-04:00,2024-09-17T09:30:00-04:00,115,5.38903875,5.68994401,34.60410435,12.80351861,ATR_TARGET,1.97201181
CLOV,2024-09-13T11:45:00-04:00,2024-09-17T09:30:00-04:00,254,2.93219750,3.14578830,54.25206404,20.07326370,ATR_TARGET,1.97813298
VISN,2024-09-16T11:15:00-04:00,2024-09-17T09:30:00-04:00,1,5.45598893,5.78519734,0.32920842,0.12180711,ATR_TARGET,1.97396404
BLNK,2024-09-16T13:45:00-04:00,2024-09-17T10:15:00-04:00,2,1.78413710,1.88155022,0.19482624,0.07208571,ATR_TARGET,1.97141984
PLUG,2024-09-17T09:45:00-04:00,2024-09-17T11:15:00-04:00,4,2.03332385,2.17196596,0.55456843,0.20519032,ATR_TARGET,1.97675668
HIVE,2024-09-17T10:30:00-04:00,2024-09-17T12:45:00-04:00,1,3.07230250,2.98589645,-0.08640605,-0.03197024,ATR_STOP,-1.02662751
DDD,2024-09-17T09:45:00-04:00,2024-09-17T13:45:00-04:00,306,2.49687125,2.53346702,11.19830688,4.14337355,ATR_STOP,0.39839187
SOXL,2024-09-17T09:45:00-04:00,2024-09-17T13:45:00-04:00,20,32.73453250,31.54659751,-23.75869981,-8.79071893,ATR_STOP,-1.02033718
ABCL,2024-09-17T11:30:00-04:00,2024-09-17T14:15:00-04:00,3,2.82711875,2.73939572,-0.26316909,-0.09737256,ATR_STOP,-1.02400096
AMC,2024-09-11T14:45:00-04:00,2024-09-17T15:45:00-04:00,150,4.90867875,4.81448737,-14.12870660,-5.22762144,ATR_STOP,-1.03989472
BLNK,2024-09-17T15:45:00-04:00,2024-09-18T10:30:00-04:00,356,1.90132492,1.84888276,-18.66940991,-6.90768167,ATR_STOP,-1.02718084
APP,2024-09-17T15:30:00-04:00,2024-09-18T11:15:00-04:00,6,124.39322500,121.67481097,-16.31048416,-6.03487914,ATR_STOP,-1.03476265
MVST,2024-09-18T09:45:00-04:00,2024-09-18T13:00:00-04:00,3,0.34275688,0.31614355,-0.07983999,-0.02954080,ATR_STOP,-1.00899626
HIVE,2024-09-18T09:30:00-04:00,2024-09-18T14:30:00-04:00,238,3.05228750,3.21298950,38.24707716,14.15141855,ATR_TARGET,1.97043102
BLNK,2024-09-18T14:15:00-04:00,2024-09-18T14:45:00-04:00,1,1.88651382,1.88733808,0.00082425,0.00030497,ATR_STOP,0.01378094
IAUX,2024-09-18T12:15:00-04:00,2024-09-19T09:45:00-04:00,622,1.19079242,1.14252252,-30.02387904,-11.10883525,ATR_STOP,-1.01808674
ASTS,2024-09-18T10:45:00-04:00,2024-09-19T13:45:00-04:00,23,28.68029410,29.15455986,10.90811239,4.03600158,ATR_STOP,0.38560681
APPS,2024-09-19T14:00:00-04:00,2024-09-19T15:15:00-04:00,221,3.02726875,2.92707434,-22.14296397,-8.19289667,ATR_STOP,-1.02241848
TSLT,2024-09-19T09:45:00-04:00,2024-09-20T09:30:00-04:00,1,15.59168500,16.18025940,0.58857440,0.21777253,ATR_STOP,0.72684380
ADMA,2024-09-20T09:30:00-04:00,2024-09-20T09:30:00-04:00,33,19.90491750,19.47305281,-14.25153473,-5.27306785,ATR_STOP,-1.03502885
VISN,2024-09-20T09:45:00-04:00,2024-09-20T11:00:00-04:00,108,6.11958625,6.20573323,9.30387341,3.44243316,ATR_STOP,0.51105051
SOXL,2024-09-19T09:45:00-04:00,2024-09-20T11:15:00-04:00,21,34.36575500,32.02575602,-49.13997868,-18.18179211,ATR_STOP,-1.01037899
BE,2024-09-20T11:45:00-04:00,2024-09-23T09:30:00-04:00,70,10.40780000,11.00174250,41.57597500,15.38311075,TARGET_GAP,2.01897019
MVST,2024-09-20T13:15:00-04:00,2024-09-23T09:30:00-04:00,7,0.30222650,0.28478625,-0.12208175,-0.04517025,STOP_GAP,-1.02406297
BTE,2024-09-23T10:00:00-04:00,2024-09-23T11:15:00-04:00,7,3.22241500,3.15828466,-0.44891240,-0.16609759,ATR_STOP,-1.03838240
TSLL,2024-09-19T10:15:00-04:00,2024-09-24T09:30:00-04:00,9,11.73879750,13.08018250,12.07246500,4.46681205,TARGET_GAP,2.22944882
GME,2024-09-23T09:30:00-04:00,2024-09-24T10:00:00-04:00,34,21.55615500,21.99589003,14.95099116,5.53186673,ATR_STOP,0.60202294
AMD,2024-09-19T10:00:00-04:00,2024-09-24T14:30:00-04:00,4,154.68092375,157.80931941,12.51358265,4.63002558,ATR_STOP,0.79997118
APP,2024-09-20T12:15:00-04:00,2024-09-24T15:15:00-04:00,5,126.42975125,128.43527754,10.02763143,3.71022363,ATR_STOP,0.77400542
BTE,2024-09-24T09:45:00-04:00,2024-09-25T09:30:00-04:00,5,3.18238500,3.11707325,-0.32655873,-0.12082673,ATR_STOP,-1.03715227
CLOV,2024-09-25T11:00:00-04:00,2024-09-25T11:45:00-04:00,5,3.03727625,2.92516479,-0.56055732,-0.20740621,ATR_STOP,-1.01997454
PLUG,2024-09-23T11:30:00-04:00,2024-09-25T15:45:00-04:00,11,2.02942092,1.94826944,-0.89266639,-0.33028656,ATR_STOP,-1.01835003
BTU,2024-09-24T09:45:00-04:00,2024-09-26T09:30:00-04:00,4,24.42330375,25.40093500,3.91052500,1.44689425,TARGET_GAP,1.99024696
TSLA,2024-09-25T09:30:00-04:00,2024-09-26T09:30:00-04:00,2,252.73941250,260.40455000,15.33027500,5.67220175,TARGET_GAP,2.60440165
IAUX,2024-09-24T11:15:00-04:00,2024-09-26T09:45:00-04:00,669,1.11083250,1.14456435,22.56660683,8.34964453,ATR_STOP,0.82716453
TSLL,2024-09-26T09:45:00-04:00,2024-09-26T10:15:00-04:00,47,13.65023000,13.30017732,-16.45247586,-6.08741607,ATR_STOP,-1.02935460
NXE,2024-09-25T09:30:00-04:00,2024-09-26T10:45:00-04:00,115,6.60495000,6.68411536,9.10401656,3.36848613,ATR_STOP,0.69900984
PLUG,2024-09-26T10:00:00-04:00,2024-09-26T10:45:00-04:00,363,2.08366158,2.00404578,-28.90053229,-10.69319695,ATR_STOP,-1.01925658
PLTR,2024-09-26T11:30:00-04:00,2024-09-26T13:15:00-04:00,20,37.31826773,36.74368819,-11.49159076,-4.25188858,ATR_STOP,-1.05041754
JMIA,2024-09-26T11:15:00-04:00,2024-09-26T14:30:00-04:00,156,4.86364500,5.16729880,47.36999328,17.52689751,ATR_TARGET,1.97477739
HIVE,2024-09-26T09:45:00-04:00,2024-09-26T15:30:00-04:00,3,3.39754625,3.42159563,0.07214815,0.02669481,ATR_STOP,0.25936798
JMIA,2024-09-26T14:45:00-04:00,2024-09-27T09:30:00-04:00,149,5.18388500,5.51981694,50.05385878,18.51992775,ATR_TARGET,1.97563496
ALB,2024-09-26T15:15:00-04:00,2024-09-27T09:45:00-04:00,7,94.91613375,95.18855500,1.90694875,0.70557104,STOP_GAP,0.14891549
DDD,2024-09-26T13:15:00-04:00,2024-09-27T09:45:00-04:00,243,2.59194250,2.75733529,40.19044681,14.87046532,ATR_TARGET,1.97528335
SOXL,2024-09-26T15:15:00-04:00,2024-09-27T10:15:00-04:00,2,40.05501875,38.57853067,-2.95297617,-1.09260118,ATR_STOP,-1.02000343
NIO,2024-09-27T09:45:00-04:00,2024-09-27T10:15:00-04:00,130,6.06954875,6.50004309,55.96426430,20.70677779,ATR_TARGET,1.97758845
PLTR,2024-09-27T10:00:00-04:00,2024-09-27T10:15:00-04:00,17,37.44306125,36.95445615,-8.30628664,-3.07332606,ATR_STOP,-1.06018343
LUMN,2024-09-27T09:45:00-04:00,2024-09-27T15:30:00-04:00,27,7.12534000,7.25727277,3.56218492,1.31800842,ATR_STOP,0.71237355
BEKE,2024-09-27T10:30:00-04:00,2024-09-30T09:30:00-04:00,38,20.06003375,22.17335750,80.30630250,29.71333192,TARGET_GAP,3.39403390
TSLA,2024-09-27T09:45:00-04:00,2024-09-30T09:30:00-04:00,2,256.13195500,263.28703888,14.31016775,5.29476207,ATR_TARGET,1.94624735
GDS,2024-09-27T10:30:00-04:00,2024-09-30T09:30:00-04:00,37,21.24592250,22.62021901,50.84897085,18.81411922,ATR_TARGET,1.97559375
KC,2024-09-27T11:15:00-04:00,2024-09-30T09:30:00-04:00,1,3.00225000,3.25778853,0.25553853,0.09454926,ATR_TARGET,1.98104396
BE,2024-09-27T15:45:00-04:00,2024-09-30T09:45:00-04:00,18,10.71302875,10.51027567,-3.64955549,-1.35033553,ATR_STOP,-1.04048262
DDD,2024-09-30T09:30:00-04:00,2024-09-30T10:15:00-04:00,281,2.90217500,2.80042410,-28.59200193,-10.57904072,ATR_STOP,-1.02109298
YINN,2024-09-30T09:45:00-04:00,2024-09-30T11:15:00-04:00,12,39.96995500,38.74777633,-14.66614399,-5.42647328,ATR_STOP,-1.02437578
KC,2024-09-30T09:45:00-04:00,2024-09-30T11:30:00-04:00,272,3.10232500,2.95212966,-40.85313189,-15.11565880,ATR_STOP,-1.01497341
VISN,2024-09-30T10:00:00-04:00,2024-09-30T14:00:00-04:00,33,6.31973625,6.10383307,-7.12480478,-2.63617777,ATR_STOP,-1.02167930
EOSE,2024-09-30T10:45:00-04:00,2024-09-30T15:00:00-04:00,6,2.69211758,2.90683758,1.28832002,0.47667841,ATR_TARGET,1.97988246
JMIA,2024-09-30T14:00:00-04:00,2024-09-30T15:30:00-04:00,151,5.43907625,5.24867018,-28.75131637,-10.63798706,ATR_STOP,-1.02112688
TSLA,2024-10-01T09:30:00-04:00,2024-10-01T09:30:00-04:00,3,262.86700250,258.68621092,-12.54237475,-4.64067866,ATR_STOP,-1.04870284
SOXL,2024-10-01T09:30:00-04:00,2024-10-01T09:30:00-04:00,7,36.61744250,35.37890512,-8.66976165,-3.20781181,ATR_STOP,-1.02190962
PLTR,2024-09-30T11:30:00-04:00,2024-10-01T10:15:00-04:00,12,37.04956635,36.56249495,-5.84485685,-2.16259703,ATR_STOP,-1.05970567
IAUX,2024-10-01T09:45:00-04:00,2024-10-01T10:15:00-04:00,683,1.17588125,1.18120459,3.63583998,1.34526079,ATR_STOP,0.16783988
GME,2024-09-30T10:30:00-04:00,2024-10-01T11:00:00-04:00,34,22.96721250,22.32624950,-21.79274199,-8.06331454,ATR_STOP,-1.02684572
BEKE,2024-10-01T09:45:00-04:00,2024-10-01T11:45:00-04:00,11,20.61545000,22.10749955,16.41254508,6.07264168,ATR_TARGET,1.97800265
KC,2024-10-01T09:45:00-04:00,2024-10-02T09:30:00-04:00,1,3.03727625,3.75718000,0.71990375,0.26636439,TARGET_GAP,6.29470226
YINN,2024-10-01T11:45:00-04:00,2024-10-02T09:30:00-04:00,20,39.53953243,49.04319000,190.07315150,70.32706605,TARGET_GAP,5.85341298
BIDU,2024-10-01T11:45:00-04:00,2024-10-02T09:30:00-04:00,7,107.67069250,115.90300750,57.62620500,21.32169585,TARGET_GAP,3.66695787
BEKE,2024-10-01T12:00:00-04:00,2024-10-02T09:30:00-04:00,31,22.17161625,25.72069500,110.02144125,40.70793326,TARGET_GAP,4.25910379
WTI,2024-10-01T12:30:00-04:00,2024-10-02T09:30:00-04:00,9,2.23047160,2.39820000,1.50955560,0.55853557,TARGET_GAP,2.62728427
NIO,2024-10-02T09:45:00-04:00,2024-10-02T10:15:00-04:00,98,7.11493220,6.82609522,-28.30602434,-10.47322901,ATR_STOP,-1.01805840
DDD,2024-10-02T10:00:00-04:00,2024-10-03T09:30:00-04:00,1,2.72204000,2.75793000,0.03589000,0.01327930,STOP_GAP,0.38728986
JMIA,2024-10-02T12:15:00-04:00,2024-10-03T09:30:00-04:00,2,5.35391242,5.71926882,0.73071279,0.27036373,ATR_TARGET,1.97677434
PLTR,2024-10-02T10:30:00-04:00,2024-10-03T09:45:00-04:00,18,37.19787750,38.38653886,21.39590445,7.91648465,ATR_TARGET,1.95266997
EOSE,2024-10-03T09:45:00-04:00,2024-10-03T10:30:00-04:00,3,2.99224250,2.88470883,-0.32260101,-0.11936237,ATR_STOP,-1.02054841
AMD,2024-10-03T10:00:00-04:00,2024-10-03T12:45:00-04:00,4,165.03368250,162.19415427,-11.35811291,-4.20250178,ATR_STOP,-1.04479259
WTI,2024-10-03T10:15:00-04:00,2024-10-03T15:15:00-04:00,9,2.51788700,2.68298485,1.48588069,0.54977586,ATR_TARGET,1.97589935
BTE,2024-10-02T09:45:00-04:00,2024-10-04T09:30:00-04:00,282,3.15236250,3.30751750,43.75371000,16.18887270,TARGET_GAP,2.00895539
SOFI,2024-10-03T15:45:00-04:00,2024-10-04T09:30:00-04:00,3,7.82086125,8.02397750,0.60934875,0.22545904,TARGET_GAP,2.04912902
SGMT,2024-10-03T13:00:00-04:00,2024-10-04T09:30:00-04:00,168,3.88280993,4.43078279,92.05944049,34.06199298,ATR_TARGET,1.98793546
BLNK,2024-10-03T11:45:00-04:00,2024-10-04T09:45:00-04:00,6,1.74610860,1.78660034,0.24295042,0.08989166,ATR_STOP,0.80023157
IAUX,2024-10-02T09:30:00-04:00,2024-10-07T12:00:00-04:00,783,1.14085500,1.09543734,-35.56202773,-13.15795026,ATR_STOP,-1.01843673
MU,2024-10-07T12:30:00-04:00,2024-10-07T14:45:00-04:00,8,103.67770000,102.19184591,-11.88683272,-4.39812811,ATR_STOP,-1.05443087
KC,2024-10-07T09:45:00-04:00,2024-10-08T09:30:00-04:00,189,3.94295500,3.63727000,-57.77446500,-21.37655205,STOP_GAP,-2.30657925
PLUG,2024-10-08T09:30:00-04:00,2024-10-08T09:45:00-04:00,319,2.22166500,2.14750193,-23.65802030,-8.75346751,ATR_STOP,-1.02221651
BLNK,2024-10-07T12:45:00-04:00,2024-10-08T13:00:00-04:00,22,1.93144750,1.86390050,-1.48603406,-0.54983260,ATR_STOP,-1.02114915
ACHR,2024-10-07T15:00:00-04:00,2024-10-08T13:00:00-04:00,265,3.10222492,3.02514497,-20.42618875,-7.55768984,ATR_STOP,-1.03035129
DDD,2024-10-07T09:45:00-04:00,2024-10-10T09:30:00-04:00,303,3.02726875,2.92244727,-31.76090781,-11.75153589,ATR_STOP,-1.02137312
ACHR,2024-10-15T09:45:00-04:00,2024-10-15T10:30:00-04:00,283,3.10732875,3.04816676,-16.74284418,-6.19485234,ATR_STOP,-1.04022637
APP,2024-10-15T09:45:00-04:00,2024-10-15T10:30:00-04:00,6,146.60987500,144.12962016,-14.88152907,-5.50616575,ATR_STOP,-1.04560492
PLUG,2024-10-15T11:15:00-04:00,2024-10-15T15:00:00-04:00,411,2.12159000,2.05422177,-27.68834186,-10.24468649,ATR_STOP,-1.02342256
EOSE,2024-10-15T09:45:00-04:00,2024-10-15T15:45:00-04:00,208,3.16737375,3.32954006,33.73059228,12.48031914,ATR_TARGET,1.96964717
CCJ,2024-10-15T14:45:00-04:00,2024-10-16T09:30:00-04:00,16,51.47357625,53.33996500,29.86222000,11.04902140,TARGET_GAP,2.55084531
NXE,2024-10-15T15:00:00-04:00,2024-10-16T09:30:00-04:00,6,7.26044125,7.56432250,1.82328750,0.67461637,TARGET_GAP,2.99322513
PLTR,2024-10-17T09:45:00-04:00,2024-10-17T09:45:00-04:00,20,42.62124198,42.00204069,-12.38402566,-4.58208950,ATR_STOP,-1.05364379
APP,2024-10-17T09:45:00-04:00,2024-10-17T10:00:00-04:00,6,146.23959750,144.21598754,-12.14165977,-4.49241411,ATR_STOP,-1.05651303
AMC,2024-10-17T12:30:00-04:00,2024-10-17T14:30:00-04:00,207,4.22716800,4.16151071,-13.59105987,-5.02869215,ATR_STOP,-1.04994858
GME,2024-10-17T12:45:00-04:00,2024-10-18T10:00:00-04:00,40,21.57186678,21.27869054,-11.72704938,-4.33900827,ATR_STOP,-1.05761434
BLNK,2024-10-17T14:45:00-04:00,2024-10-18T10:00:00-04:00,426,2.03332385,2.11719556,35.72935003,13.21985951,ATR_TARGET,1.96281129
ACHR,2024-10-17T13:00:00-04:00,2024-10-18T11:00:00-04:00,211,3.17237750,3.21516927,9.02906419,3.34075375,ATR_STOP,0.76906038
QUBT,2024-10-18T11:30:00-04:00,2024-10-18T13:45:00-04:00,672,0.99694715,0.91425184,-55.57124507,-20.56136067,ATR_STOP,-1.00836741
APP,2024-10-18T10:15:00-04:00,2024-10-21T09:30:00-04:00,6,145.65916250,149.80719090,24.88817039,9.20862304,ATR_TARGET,1.94721720
HIVE,2024-10-18T14:00:00-04:00,2024-10-21T09:30:00-04:00,169,3.73780125,3.61009610,-21.58217026,-7.98540300,ATR_STOP,-1.02167761
IAUX,2024-10-18T11:15:00-04:00,2024-10-21T09:45:00-04:00,744,1.18088500,1.20045383,14.55920759,5.38690681,ATR_STOP,0.43321642
CLOV,2024-10-21T10:00:00-04:00,2024-10-21T10:00:00-04:00,206,4.26269462,4.09027999,-35.51741527,-13.14144365,ATR_STOP,-1.01812879
QUBT,2024-10-21T09:45:00-04:00,2024-10-21T10:30:00-04:00,899,0.97312930,1.12409443,135.71765560,50.21553257,ATR_TARGET,1.98888466
PLTR,2024-10-21T09:45:00-04:00,2024-10-21T10:30:00-04:00,14,43.23240000,42.71897085,-7.18800808,-2.65956299,ATR_STOP,-1.06660895
CAPR,2024-10-21T10:30:00-04:00,2024-10-22T09:30:00-04:00,45,19.42585848,20.17807379,33.84968935,12.52438506,ATR_STOP,0.82894538
PLUG,2024-10-21T15:15:00-04:00,2024-10-22T10:00:00-04:00,389,2.33675125,2.26389400,-28.34146969,-10.48634379,ATR_STOP,-1.02387916
EOSE,2024-10-21T15:45:00-04:00,2024-10-22T10:00:00-04:00,208,3.23742625,3.14011723,-20.24027561,-7.48890197,ATR_STOP,-1.02482151
ASTS,2024-10-22T10:15:00-04:00,2024-10-22T13:15:00-04:00,31,28.69150250,27.54744268,-35.46585435,-13.12236611,ATR_STOP,-1.01840519
PLUG,2024-10-22T13:00:00-04:00,2024-10-22T15:30:00-04:00,285,2.32314105,2.23574363,-24.90826611,-9.21605846,ATR_STOP,-1.01957628
ACHR,2024-10-22T15:45:00-04:00,2024-10-23T09:30:00-04:00,266,3.28706345,3.48270191,52.03983047,19.25473728,ATR_TARGET,1.97362971
VISN,2024-10-23T10:00:00-04:00,2024-10-23T10:45:00-04:00,118,6.21465750,6.25628635,4.91220386,1.81751543,ATR_STOP,0.21246576
QUBT,2024-10-23T11:00:00-04:00,2024-10-23T11:45:00-04:00,632,1.16587375,1.08183758,-53.11086194,-19.65101892,ATR_STOP,-1.00975662
SOFI,2024-10-22T09:45:00-04:00,2024-10-23T13:00:00-04:00,85,10.54330155,10.34681039,-16.70174873,-6.17964703,ATR_STOP,-1.04114941
APP,2024-10-23T09:45:00-04:00,2024-10-23T13:00:00-04:00,5,162.61186750,159.85176810,-13.80049701,-5.10618389,ATR_STOP,-1.04544444
HIVE,2024-10-24T09:30:00-04:00,2024-10-24T10:15:00-04:00,177,3.73279750,3.72368435,-1.61302760,-0.59682021,ATR_STOP,-0.08650950
ACHR,2024-10-24T10:30:00-04:00,2024-10-24T10:45:00-04:00,201,3.27245250,3.16812235,-20.97036108,-7.75903360,ATR_STOP,-1.02332341
CGTX,2024-10-23T15:45:00-04:00,2024-10-24T11:45:00-04:00,1419,0.61035743,0.55356740,-80.58504595,-29.81646700,ATR_STOP,-1.00737012
VISN,2024-10-23T15:30:00-04:00,2024-10-24T14:30:00-04:00,139,6.20965375,6.30069592,12.65486190,4.68229890,ATR_STOP,0.48436259
LUMN,2024-10-24T13:45:00-04:00,2024-10-24T15:30:00-04:00,127,6.42981875,6.26958044,-20.35026598,-7.52959841,ATR_STOP,-1.03025549
PLTR,2024-10-24T15:45:00-04:00,2024-10-25T09:30:00-04:00,19,43.54953768,44.45077238,17.12345935,6.33567996,ATR_TARGET,1.92860437
BLNK,2024-10-24T13:45:00-04:00,2024-10-25T09:45:00-04:00,1,2.09416945,2.19680053,0.10263108,0.03797350,ATR_TARGET,1.96837671
AMC,2024-10-24T11:30:00-04:00,2024-10-25T11:00:00-04:00,148,4.34125350,4.49697570,23.04688553,8.52734765,ATR_TARGET,1.95756987
HIVE,2024-10-24T15:30:00-04:00,2024-10-25T11:45:00-04:00,226,3.72178925,3.75357514,7.18361054,2.65793590,ATR_STOP,0.30046298
PLUG,2024-10-25T11:00:00-04:00,2024-10-25T13:15:00-04:00,1,2.26169500,2.17438942,-0.08730558,-0.03230306,ATR_STOP,-1.01904924
APP,2024-10-25T09:45:00-04:00,2024-10-25T14:00:00-04:00,5,162.62187500,159.91782868,-13.52023161,-5.00248569,ATR_STOP,-1.04645029
RIVN,2024-10-25T11:15:00-04:00,2024-10-25T14:00:00-04:00,62,10.60194550,10.36314423,-14.80567853,-5.47810105,ATR_STOP,-1.03366846
ASTS,2024-10-25T13:15:00-04:00,2024-10-25T14:30:00-04:00,30,27.37051250,25.99348617,-41.31079002,-15.28499231,ATR_STOP,-1.01437165
QUBT,2024-10-24T09:45:00-04:00,2024-10-28T10:00:00-04:00,3,1.10382725,1.25667313,0.45853763,0.16965892,ATR_TARGET,1.98773369
TSLT,2024-10-28T09:30:00-04:00,2024-10-28T14:45:00-04:00,44,18.95420500,18.32069596,-27.87439783,-10.31352720,ATR_STOP,-1.02218742
TSLA,2024-10-28T09:30:00-04:00,2024-10-28T14:45:00-04:00,3,270.15246250,265.11989551,-15.09770096,-5.58614936,ATR_STOP,-1.04116809
TSLL,2024-10-28T09:30:00-04:00,2024-10-28T14:45:00-04:00,45,13.90041750,13.42211011,-21.52383243,-7.96381800,ATR_STOP,-1.02151521
LUMN,2024-10-25T10:15:00-04:00,2024-10-29T09:30:00-04:00,5,6.45313622,6.26478595,-0.94175138,-0.34844801,ATR_STOP,-1.02560394
EOSE,2024-10-29T09:45:00-04:00,2024-10-29T10:15:00-04:00,235,3.48261000,3.37883360,-24.38745299,-9.02335761,ATR_STOP,-1.02504957
APP,2024-10-29T09:45:00-04:00,2024-10-29T13:30:00-04:00,4,167.96588000,171.83955204,15.49468818,5.73303463,ATR_TARGET,1.93555447
LUMN,2024-10-29T15:00:00-04:00,2024-10-30T09:30:00-04:00,104,6.52478993,6.72969788,21.31042764,7.88485823,ATR_TARGET,1.95188526
ACHR,2024-10-29T15:30:00-04:00,2024-10-30T09:45:00-04:00,1,3.34250500,3.31751000,-0.02499500,-0.00924815,STOP_GAP,-0.33007069
GME,2024-10-29T11:45:00-04:00,2024-10-30T09:45:00-04:00,35,22.92718250,24.40300220,51.65368960,19.11186515,ATR_TARGET,1.97548283
MNSO,2024-10-29T09:45:00-04:00,2024-10-30T10:15:00-04:00,40,19.46458750,20.19444336,29.19423432,10.80186670,ATR_TARGET,1.95931024
RIVN,2024-10-30T10:30:00-04:00,2024-10-30T11:45:00-04:00,1,10.57602607,10.36135637,-0.21466970,-0.07942779,ATR_STOP,-1.03758878
SOFI,2024-10-30T09:45:00-04:00,2024-10-30T15:30:00-04:00,63,10.93819750,11.24051923,19.04626869,7.04711942,ATR_STOP,0.73312187
TSLL,2024-10-30T10:30:00-04:00,2024-10-30T15:45:00-04:00,60,13.10982500,12.61094968,-29.93251919,-11.07503210,ATR_STOP,-1.01934025
VISN,2024-10-30T10:00:00-04:00,2024-10-31T09:30:00-04:00,120,7.00024625,6.77677508,-26.81654097,-10.10144681,ATR_STOP,-1.02329098
PRCH,2024-10-30T10:15:00-04:00,2024-10-31T09:30:00-04:00,1,2.24668375,2.34133855,0.09465480,0.03502228,ATR_STOP,0.48798256
RIVN,2024-10-30T15:00:00-04:00,2024-10-31T09:30:00-04:00,1,10.42781500,10.26459784,-0.16321716,-0.06039035,ATR_STOP,-1.04954074
TNYA,2024-11-07T09:45:00-05:00,2024-11-07T11:00:00-05:00,1,2.35676625,2.69275980,0.33599355,0.03198932,ATR_TARGET,1.98804143
ADMA,2024-11-07T09:45:00-05:00,2024-11-08T09:30:00-05:00,34,19.90491750,20.74443000,28.54342500,10.56106725,TARGET_GAP,2.11738617
INTC,2024-11-07T09:45:00-05:00,2024-11-08T09:30:00-05:00,32,25.45407625,25.94026507,15.55804210,5.75647558,ATR_STOP,0.85808973
TSLL,2024-11-08T09:45:00-05:00,2024-11-08T10:30:00-05:00,49,17.18257727,18.45204225,62.20378365,23.01539995,ATR_TARGET,1.97841617
BE,2024-11-08T09:45:00-05:00,2024-11-08T10:30:00-05:00,58,11.69876750,12.82872830,65.53772646,24.24895879,ATR_TARGET,1.98310134
ACHR,2024-11-08T09:45:00-05:00,2024-11-08T11:00:00-05:00,1,3.83787625,3.88313663,0.04526038,0.01674634,ATR_STOP,0.26491776
SOFI,2024-11-07T09:45:00-05:00,2024-11-08T12:15:00-05:00,69,12.01900750,12.48151254,31.91284774,11.80775367,ATR_TARGET,1.96029374
GME,2024-11-08T12:30:00-05:00,2024-11-08T15:30:00-05:00,27,24.55840500,24.59487663,0.98473399,0.36435158,ATR_STOP,0.05393447
SOFI,2024-11-08T12:30:00-05:00,2024-11-11T09:30:00-05:00,71,12.52438625,13.59979250,76.35384375,28.25092219,TARGET_GAP,3.81002767
HIVE,2024-11-08T13:00:00-05:00,2024-11-11T09:30:00-05:00,4,4.66349500,5.09617500,1.73072000,0.64036640,TARGET_GAP,2.49442010
QUBT,2024-11-11T09:30:00-05:00,2024-11-11T09:45:00-05:00,611,1.50112500,1.39521365,-64.71183316,-23.94337827,ATR_STOP,-1.00998621
AFRM,2024-11-11T09:45:00-05:00,2024-11-11T10:30:00-05:00,1,48.82649243,53.50970994,4.68321752,1.73279048,ATR_TARGET,1.98299421
LUMN,2024-11-08T11:30:00-05:00,2024-11-11T12:45:00-05:00,92,9.60019475,10.31955707,66.18133305,24.48709323,ATR_TARGET,1.97869511
GME,2024-11-11T14:45:00-05:00,2024-11-12T09:30:00-05:00,33,27.38052000,26.04045500,-44.22214500,-16.36219365,STOP_GAP,-1.16004046
ERAS,2024-11-11T15:00:00-05:00,2024-11-12T09:30:00-05:00,18,3.16737375,3.06769750,-1.79417250,-0.66384383,STOP_GAP,-1.22976304
ACHR,2024-11-12T09:30:00-05:00,2024-11-12T12:00:00-05:00,202,4.41330750,4.51220467,19.97722772,7.39157426,ATR_STOP,0.56534514
RIVN,2024-11-11T10:45:00-05:00,2024-11-13T09:30:00-05:00,82,10.89816750,11.77116500,71.58579500,26.48674415,TARGET_GAP,1.99070868
ACHR,2024-11-12T14:45:00-05:00,2024-11-13T09:30:00-05:00,5,4.81861125,4.63225574,-0.93177754,-0.34475769,ATR_STOP,-1.01901150
BE,2024-11-08T15:45:00-05:00,2024-11-13T10:30:00-05:00,49,13.30997500,13.76491599,22.29210851,8.24808015,ATR_STOP,0.80423363
ABCL,2024-11-13T09:45:00-05:00,2024-11-13T14:30:00-05:00,18,3.06229500,2.95334349,-1.96112724,-0.72561708,ATR_STOP,-1.02076801
AAOI,2024-11-12T09:45:00-05:00,2024-11-13T14:45:00-05:00,1,28.53148258,27.08968070,-1.44180188,-0.53346669,ATR_STOP,-1.01430387
AMC,2024-11-13T11:30:00-05:00,2024-11-13T15:15:00-05:00,138,4.80590173,4.61230160,-26.71681775,-9.88522257,ATR_STOP,-1.01820687
BILL,2024-11-12T13:45:00-05:00,2024-11-14T09:30:00-05:00,10,89.13680250,87.14523272,-19.91569784,-7.36880820,ATR_STOP,-1.03395768
APP,2024-11-13T15:45:00-05:00,2024-11-14T10:00:00-05:00,2,288.25102625,301.29025558,26.07845866,9.64902971,ATR_TARGET,1.96590561
INTC,2024-11-13T15:45:00-05:00,2024-11-14T12:15:00-05:00,6,25.11382125,25.15791112,0.26453925,0.09787952,ATR_STOP,0.12943211
AMC,2024-11-14T14:45:00-05:00,2024-11-14T15:30:00-05:00,158,4.70852875,4.58366076,-19.72914273,-7.29978281,ATR_STOP,-1.02833231
PLTR,2024-11-15T09:45:00-05:00,2024-11-15T12:15:00-05:00,11,63.18735500,63.28233049,1.04473037,0.38655024,ATR_STOP,0.05370529
KC,2024-11-14T09:45:00-05:00,2024-11-15T14:45:00-05:00,186,4.71353250,5.00706903,54.59779384,20.20118372,ATR_STOP,1.23284234
TSLL,2024-11-15T10:00:00-05:00,2024-11-18T09:30:00-05:00,2,18.40739520,20.98425000,5.15370960,1.90687255,TARGET_GAP,2.37849966
PLTR,2024-11-15T15:45:00-05:00,2024-11-18T09:30:00-05:00,10,64.84860000,63.10310048,-17.45499524,-6.45834824,ATR_STOP,-1.02789107
GME,2024-11-13T09:45:00-05:00,2024-11-18T09:45:00-05:00,33,27.48059500,26.15720639,-43.67182397,-16.15857487,ATR_STOP,-1.01505852
SOFI,2024-11-15T15:30:00-05:00,2024-11-18T09:45:00-05:00,67,13.63021500,13.75917756,8.64049133,3.19698179,ATR_STOP,0.51334157
EVLV,2024-11-13T10:15:00-05:00,2024-11-18T11:30:00-05:00,1,2.58193500,2.66285320,0.08091820,0.02993974,ATR_STOP,0.67987319
SOFI,2024-11-18T10:15:00-05:00,2024-11-18T13:45:00-05:00,65,14.08055250,13.72409758,-23.16956992,-8.57274087,ATR_STOP,-1.02975784
ACHR,2024-11-18T09:45:00-05:00,2024-11-18T14:00:00-05:00,5,4.23817625,4.34538835,0.53606048,0.19834238,ATR_STOP,0.80373977
AFRM,2024-11-18T09:45:00-05:00,2024-11-18T14:30:00-05:00,12,58.74402500,60.70067974,23.47985690,8.68754705,ATR_STOP,0.92872689
EVLV,2024-11-18T15:45:00-05:00,2024-11-19T09:30:00-05:00,347,2.64698375,2.56008033,-30.15548552,-11.15752964,ATR_STOP,-1.02261071
APP,2024-11-19T09:45:00-05:00,2024-11-19T12:30:00-05:00,2,300.92552500,314.97826061,28.10547123,10.39902435,ATR_TARGET,1.96691041
ACHR,2024-11-19T09:45:00-05:00,2024-11-19T13:15:00-05:00,196,4.59334243,4.90585148,61.25177442,22.66315654,ATR_TARGET,1.97670934
KC,2024-11-19T09:45:00-05:00,2024-11-20T09:30:00-05:00,27,4.54340500,5.67574000,30.57304500,11.31202665,TARGET_GAP,6.54992378
BE,2024-11-19T14:15:00-05:00,2024-11-20T09:30:00-05:00,38,24.19813500,23.00273500,-45.42520000,-16.80732400,STOP_GAP,-1.12422793
PLUG,2024-11-18T11:15:00-05:00,2024-11-20T09:30:00-05:00,11,1.97648125,1.89808773,-0.86232875,-0.31906164,ATR_STOP,-1.01850922
PLTR,2024-11-19T12:45:00-05:00,2024-11-20T10:00:00-05:00,9,62.13156375,60.55457957,-14.19285761,-5.25135732,ATR_STOP,-1.02967614
AFRM,2024-11-20T09:45:00-05:00,2024-11-20T10:00:00-05:00,14,64.04800000,62.48169027,-21.92833625,-8.11348441,ATR_STOP,-1.03086483
CCJ,2024-11-20T09:45:00-05:00,2024-11-20T10:15:00-05:00,3,58.38375500,57.19397413,-3.56934261,-1.32065677,ATR_STOP,-1.03743084
GME,2024-11-19T13:15:00-05:00,2024-11-20T10:45:00-05:00,2,27.09030250,28.36441348,2.54822196,0.94284213,ATR_TARGET,1.96713097
ASTS,2024-11-18T10:30:00-05:00,2024-11-20T13:30:00-05:00,34,25.32397875,23.86667342,-49.54838131,-18.33290109,ATR_STOP,-1.01244514
APP,2024-11-20T11:45:00-05:00,2024-11-20T13:30:00-05:00,2,334.92100250,324.67591543,-20.49017415,-7.58136443,ATR_STOP,-1.02436557
AMC,2024-11-20T13:15:00-05:00,2024-11-20T13:45:00-05:00,4,4.55341250,4.42391787,-0.51797850,-0.19165205,ATR_STOP,-1.02631623
BE,2024-11-20T13:00:00-05:00,2024-11-21T09:30:00-05:00,4,24.98872750,23.97309572,-4.06252711,-1.50313503,ATR_STOP,-1.01803591
TWLO,2024-11-20T10:45:00-05:00,2024-11-21T10:00:00-05:00,9,97.76827125,100.95443734,28.67549483,10.60993309,ATR_TARGET,1.95354134
SOFI,2024-11-20T15:30:00-05:00,2024-11-21T10:30:00-05:00,43,14.64597625,14.71231259,2.85246271,1.05541120,ATR_STOP,0.27608975
PLTR,2024-11-20T15:30:00-05:00,2024-11-21T13:15:00-05:00,14,62.18650493,61.11312101,-15.02737479,-5.56012867,ATR_STOP,-1.04464096
ACHR,2024-11-21T11:15:00-05:00,2024-11-21T13:15:00-05:00,7,5.33399750,5.79612734,3.23490887,1.19691628,ATR_TARGET,1.98134815
BTE,2024-11-21T09:45:00-05:00,2024-11-21T14:00:00-05:00,31,3.07230250,3.01604158,-1.74408861,-0.64531278,ATR_STOP,-1.04192309
SOFI,2024-11-21T11:00:00-05:00,2024-11-21T15:30:00-05:00,60,15.06629125,15.25671781,11.42559355,4.22746961,ATR_STOP,0.54616191
CLOV,2024-11-21T12:00:00-05:00,2024-11-22T09:45:00-05:00,1,3.40255000,3.32416559,-0.07838441,-0.02900223,ATR_STOP,-1.03287673
AFRM,2024-11-21T11:00:00-05:00,2024-11-22T10:45:00-05:00,9,65.21887750,68.91713814,33.28434576,12.31520793,ATR_TARGET,1.97241236
APPS,2024-11-21T14:00:00-05:00,2024-11-22T10:45:00-05:00,1,1.49612125,1.51042568,0.01430443,0.00529264,ATR_STOP,0.19325146
QS,2024-11-22T11:00:00-05:00,2024-11-22T11:30:00-05:00,119,5.12884375,5.14108112,1.45624754,0.53881159,ATR_STOP,0.10274592
CCJ,2024-11-21T13:30:00-05:00,2024-11-22T12:15:00-05:00,15,59.90489500,58.93434654,-14.55822695,-5.38654397,ATR_STOP,-1.04775261
NIO,2024-11-22T10:00:00-05:00,2024-11-22T14:45:00-05:00,20,4.76206887,4.81322635,1.02314944,0.37856529,ATR_STOP,0.42263898
NXE,2024-11-21T14:30:00-05:00,2024-11-25T09:30:00-05:00,10,8.72654000,8.81429152,0.87751523,0.32468063,ATR_STOP,0.57480405
TWLO,2024-11-22T09:45:00-05:00,2024-11-25T09:30:00-05:00,8,103.25738500,106.11217309,22.83830470,8.45017274,ATR_TARGET,1.94571770
TNYA,2024-11-22T11:45:00-05:00,2024-11-25T09:30:00-05:00,265,2.31173250,2.49931109,49.70832547,18.39208042,ATR_TARGET,1.98019693
EOSE,2024-11-22T15:15:00-05:00,2024-11-25T09:45:00-05:00,35,2.71203250,2.60766847,-3.65274092,-1.35151414,ATR_STOP,-1.01911220
TSLT,2024-11-25T09:45:00-05:00,2024-11-25T09:45:00-05:00,29,31.65372250,30.55208593,-31.94746057,-11.82056041,ATR_STOP,-1.02125813
TSLA,2024-11-25T09:45:00-05:00,2024-11-25T09:45:00-05:00,1,359.53945250,352.34256250,-7.19689000,-2.66284930,ATR_STOP,-1.03814753
GME,2024-11-25T09:45:00-05:00,2024-11-25T09:45:00-05:00,10,28.74154000,28.02089372,-7.20646282,-2.66639124,ATR_STOP,-1.03006146
IAUX,2024-11-25T15:00:00-05:00,2024-11-25T15:45:00-05:00,1,0.69852350,0.67139882,-0.02712468,-0.01003613,ATR_STOP,-1.01892986
CLOV,2024-11-22T12:45:00-05:00,2024-11-26T09:30:00-05:00,262,3.39254250,3.45456927,16.25101347,6.01287498,ATR_STOP,0.85008647
AFRM,2024-11-25T10:30:00-05:00,2024-11-26T09:30:00-05:00,13,69.97744375,67.83885016,-27.80171672,-10.28663519,ATR_STOP,-1.02438947
AAOI,2024-11-25T10:45:00-05:00,2024-11-26T09:45:00-05:00,18,39.00923500,36.93564315,-37.32465339,-13.81012175,ATR_STOP,-1.01355049
JMIA,2024-11-25T10:45:00-05:00,2024-11-26T10:00:00-05:00,6,4.08275978,4.19640509,0.68187190,0.25229260,ATR_STOP,0.77258633
IAUX,2024-11-26T10:45:00-05:00,2024-11-26T12:45:00-05:00,1277,0.71463557,0.74047845,33.00135107,12.21049989,ATR_STOP,0.76692616
GME,2024-11-26T10:00:00-05:00,2024-11-26T14:15:00-05:00,29,30.31471900,30.87408566,16.22163307,6.00200424,ATR_STOP,0.51611039
AMC,2024-11-26T13:30:00-05:00,2024-11-26T14:15:00-05:00,186,4.96361993,4.79349453,-31.64332292,-11.70802948,ATR_STOP,-1.02160495
APP,2024-11-26T09:45:00-05:00,2024-11-27T09:30:00-05:00,2,332.59926250,322.30032881,-20.59786739,-7.62121093,ATR_STOP,-1.02405350
PLTR,2024-11-27T09:30:00-05:00,2024-11-27T09:45:00-05:00,13,66.28968000,66.20031250,-1.16177750,-0.42985767,STOP_GAP,-0.08808431
MVST,2024-11-27T10:00:00-05:00,2024-11-27T10:45:00-05:00,1,0.82671957,0.77247620,-0.05424337,-0.02007005,ATR_STOP,-1.01080420
CLOV,2024-11-26T15:45:00-05:00,2024-11-27T11:15:00-05:00,265,3.42256500,3.34900539,-19.49329570,-7.21251941,ATR_STOP,-1.03538046
SEDG,2024-11-27T11:30:00-05:00,2024-11-27T14:00:00-05:00,58,15.28145250,14.45008028,-48.21958874,-17.84124783,ATR_STOP,-1.01321797
PLUG,2024-11-27T09:45:00-05:00,2024-11-27T15:45:00-05:00,306,2.22166500,2.12630199,-29.18108155,-10.79700017,ATR_STOP,-1.01702008
GME,2024-11-27T14:45:00-05:00,2024-11-29T09:30:00-05:00,27,31.50671233,30.51987516,-26.64460333,-9.85850323,ATR_STOP,-1.02376426
MVST,2024-11-27T15:15:00-05:00,2024-11-29T09:45:00-05:00,2,0.87055243,0.81851188,-0.10408109,-0.03851000,ATR_STOP,-1.01194614
EVLV,2024-11-27T12:00:00-05:00,2024-11-29T10:00:00-05:00,2,3.75361310,4.09765775,0.68808929,0.25459304,ATR_TARGET,1.98227963
APP,2024-11-29T09:30:00-05:00,2024-11-29T11:15:00-05:00,1,332.74937500,334.86369863,2.11432363,0.78229974,ATR_STOP,0.33715639
JMIA,2024-11-27T09:45:00-05:00,2024-11-29T12:00:00-05:00,225,4.02281485,3.89787819,-28.11074780,-10.40097669,ATR_STOP,-1.02397818
CLOV,2024-11-29T10:00:00-05:00,2024-12-02T09:30:00-05:00,84,3.52264000,3.41743500,-8.83722000,-3.26977140,STOP_GAP,-1.34858284
QS,2024-11-27T15:00:00-05:00,2024-12-02T09:30:00-05:00,1,5.21390750,5.37846501,0.16455751,0.06088628,ATR_TARGET,1.95211138
TSLL,2024-11-29T13:00:00-05:00,2024-12-02T09:30:00-05:00,40,21.37602000,22.58387092,48.31403664,17.87619356,ATR_TARGET,1.97232104
VUZI,2024-11-29T09:45:00-05:00,2024-12-02T09:45:00-05:00,368,2.36187008,2.72130544,132.27221390,48.94071914,ATR_TARGET,1.98869911
AFRM,2024-12-02T09:45:00-05:00,2024-12-02T10:30:00-05:00,4,71.03323500,69.10139478,-7.72736089,-2.85912353,ATR_STOP,-1.02758810
BBBY,2024-11-29T11:30:00-05:00,2024-12-02T12:00:00-05:00,53,6.33474750,6.46698760,7.00872531,2.59322836,ATR_STOP,0.76091218
CSIQ,2024-12-02T10:45:00-05:00,2024-12-02T12:15:00-05:00,31,13.03066567,12.62917293,-12.44627523,-4.60512184,ATR_STOP,-1.02418025
STX,2024-12-02T10:00:00-05:00,2024-12-02T12:45:00-05:00,8,103.01720500,103.58993850,4.58186800,1.69529116,ATR_STOP,0.42924813
MVST,2024-12-02T12:15:00-05:00,2024-12-02T13:00:00-05:00,368,0.94070500,0.93010190,-3.90194080,-1.44371810,STOP_GAP,-0.12984910
SOXL,2024-12-02T09:45:00-05:00,2024-12-02T14:00:00-05:00,31,29.17686625,30.01656679,26.03071677,9.63136520,ATR_STOP,0.94101636
TNYA,2024-11-29T10:30:00-05:00,2024-12-03T09:30:00-05:00,2,3.48261000,3.24116350,-0.48289301,-0.17867041,ATR_STOP,-1.01017806
MRNA,2024-12-02T15:30:00-05:00,2024-12-03T09:30:00-05:00,20,44.42829625,43.58671666,-16.83159179,-6.22768896,ATR_STOP,-1.04044503
CLOV,2024-12-02T15:30:00-05:00,2024-12-03T09:30:00-05:00,199,3.45989298,3.37702108,-16.49150676,-6.10185750,ATR_STOP,-1.03155034
MNSO,2024-12-02T15:15:00-05:00,2024-12-03T09:45:00-05:00,40,22.74204375,23.90826177,46.64872069,17.26002666,ATR_TARGET,1.96969225
NVTS,2024-12-03T09:45:00-05:00,2024-12-03T10:00:00-05:00,285,3.19739625,3.01707333,-51.39203361,-19.01505243,ATR_STOP,-1.01271775
MVST,2024-12-03T11:45:00-05:00,2024-12-03T12:15:00-05:00,10,1.16587375,1.43473903,2.68865280,0.99480153,ATR_TARGET,1.99202154
AAOI,2024-12-03T09:45:00-05:00,2024-12-03T14:30:00-05:00,15,42.97220500,41.17051949,-27.02528260,-9.99935456,ATR_STOP,-1.01745050
EOSE,2024-12-04T11:00:00-05:00,2024-12-04T12:00:00-05:00,1,3.12734375,2.96237901,-0.16496474,-0.06103696,ATR_STOP,-1.01366249
KC,2024-12-02T09:45:00-05:00,2024-12-04T13:15:00-05:00,3,7.56567000,8.08381934,1.55444801,0.57514576,ATR_STOP,1.21128622
VISN,2024-12-03T11:15:00-05:00,2024-12-04T15:45:00-05:00,182,4.96872375,5.36035418,71.27673807,26.37239309,ATR_TARGET,1.97966260
EVLV,2024-12-03T15:00:00-05:00,2024-12-05T09:30:00-05:00,149,4.27320250,4.24681250,-3.93211000,-1.45488070,STOP_GAP,-0.20949247
QUBT,2024-12-04T14:00:00-05:00,2024-12-05T09:45:00-05:00,3,7.20540000,6.68824092,-1.55147725,-0.57404658,ATR_STOP,-1.00980192
RIVN,2024-12-03T11:15:00-05:00,2024-12-05T10:00:00-05:00,5,11.92593775,12.64460812,3.59335184,1.32954018,ATR_TARGET,1.97393276
ACHR,2024-12-05T09:45:00-05:00,2024-12-05T10:00:00-05:00,88,7.33549750,7.99727179,58.23613748,21.54737087,ATR_TARGET,1.98202257
VISN,2024-12-05T09:30:00-05:00,2024-12-05T10:30:00-05:00,171,5.36402000,5.20502083,-27.18885784,-10.05987740,ATR_STOP,-1.02518946
AMC,2024-12-04T14:30:00-05:00,2024-12-05T12:00:00-05:00,1,4.91368250,5.07759087,0.16390837,0.06064610,ATR_TARGET,1.95455444
PLUG,2024-12-05T11:00:00-05:00,2024-12-05T12:00:00-05:00,406,2.21195773,2.43475444,90.45546703,33.46852280,ATR_TARGET,1.98372894
AFRM,2024-12-03T10:00:00-05:00,2024-12-05T13:15:00-05:00,12,70.89813375,68.79183530,-25.27558138,-9.35196511,ATR_STOP,-1.02512944
MRNA,2024-12-05T12:15:00-05:00,2024-12-05T13:30:00-05:00,21,44.33222425,43.09689219,-25.94197330,-9.59853012,ATR_STOP,-1.02688889
AMC,2024-12-05T12:15:00-05:00,2024-12-05T13:45:00-05:00,6,5.07880625,5.31865478,1.43909118,0.53246374,ATR_TARGET,1.96725741
AMC,2024-12-05T14:00:00-05:00,2024-12-05T14:30:00-05:00,167,5.16887375,5.49950483,55.21539119,20.42969474,ATR_TARGET,1.97533911
EOSE,2024-12-05T10:15:00-05:00,2024-12-05T15:30:00-05:00,255,3.01726125,3.08198113,16.50356823,6.10632025,ATR_STOP,0.55958617
CCJ,2024-12-05T13:45:00-05:00,2024-12-06T10:00:00-05:00,15,61.18585500,61.46101000,4.12732494,1.52711023,ATR_STOP,0.31519375
RIVN,2024-12-06T09:45:00-05:00,2024-12-06T11:30:00-05:00,61,12.76957000,13.03395146,16.12726883,5.96708947,ATR_STOP,0.66102816
PLUG,2024-12-06T10:15:00-05:00,2024-12-06T12:00:00-05:00,3,2.57693125,2.39783054,-0.53730212,-0.19880178,ATR_STOP,-1.01015066
QUBT,2024-12-05T14:45:00-05:00,2024-12-06T13:00:00-05:00,116,7.69576750,8.02418173,38.09605062,14.09553873,ATR_STOP,0.56340972
TSLA,2024-12-06T15:00:00-05:00,2024-12-06T15:45:00-05:00,2,379.07409250,388.48593090,18.82367679,6.96476041,ATR_TARGET,1.93990096
TSLL,2024-12-06T15:00:00-05:00,2024-12-06T15:45:00-05:00,6,25.61920000,26.85912192,7.43953151,2.75262666,ATR_TARGET,1.96800292
APP,2024-12-06T11:45:00-05:00,2024-12-09T09:30:00-05:00,1,403.01703625,369.72250000,-33.29453625,-12.31897841,STOP_GAP,-2.61947002
ACHR,2024-12-06T10:15:00-05:00,2024-12-09T09:30:00-05:00,112,8.17612750,7.65776517,-58.05658043,-21.48093476,ATR_STOP,-1.01121239
VSXY,2024-12-09T09:30:00-05:00,2024-12-09T09:30:00-05:00,20,48.03600000,46.47731878,-31.17362445,-11.53424105,ATR_STOP,-1.02289291
TNYA,2024-12-09T09:30:00-05:00,2024-12-09T10:00:00-05:00,97,3.67275250,3.94085838,26.00627009,9.62231994,ATR_TARGET,1.97817589
NVTS,2024-12-09T09:45:00-05:00,2024-12-09T10:30:00-05:00,240,3.91743587,4.40127757,116.12200570,42.96514211,ATR_TARGET,1.98643757
KC,2024-12-06T12:30:00-05:00,2024-12-09T10:45:00-05:00,42,9.31778310,8.92682653,-16.42017583,-6.07546506,ATR_STOP,-1.01743665
VUZI,2024-12-09T10:15:00-05:00,2024-12-09T11:00:00-05:00,126,2.95721625,2.75118921,-25.95940743,-9.60498075,ATR_STOP,-1.01012414
EOSE,2024-12-09T09:45:00-05:00,2024-12-09T13:45:00-05:00,269,3.27225235,3.30829186,9.69462791,3.58701233,ATR_STOP,0.29674651
APPS,2024-12-09T10:45:00-05:00,2024-12-09T14:30:00-05:00,619,1.58618875,1.51910861,-41.52260389,-15.36336344,ATR_STOP,-1.01729129
ABCL,2024-12-09T13:45:00-05:00,2024-12-09T15:30:00-05:00,1,3.06229500,2.99619026,-0.06610474,-0.02445875,ATR_STOP,-1.03521725
VSXY,2024-12-09T14:15:00-05:00,2024-12-10T09:30:00-05:00,18,48.19612000,46.83519620,-24.49662843,-9.06375252,ATR_STOP,-1.02651496
MRNA,2024-12-09T15:15:00-05:00,2024-12-10T09:30:00-05:00,20,45.97535568,44.90893859,-21.32834162,-7.89148640,ATR_STOP,-1.03263935
TSLL,2024-12-10T09:30:00-05:00,2024-12-10T10:00:00-05:00,2,27.46058000,29.49249190,4.06382380,1.50361481,ATR_TARGET,1.97844649
JMIA,2024-12-09T11:30:00-05:00,2024-12-10T11:00:00-05:00,151,5.07380250,4.77993097,-44.37460086,-16.41860232,ATR_STOP,-1.01235907
TWLO,2024-12-10T09:45:00-05:00,2024-12-10T11:00:00-05:00,7,111.57862125,109.88938757,-11.82463578,-4.37511524,ATR_STOP,-1.05133260
ACHR,2024-12-10T09:45:00-05:00,2024-12-10T11:30:00-05:00,10,7.97597750,7.61578041,-3.60197089,-1.33272923,ATR_STOP,-1.01612533
BRZE,2024-12-10T10:15:00-05:00,2024-12-10T11:30:00-05:00,1,42.63195000,40.87875539,-1.75319461,-0.64868201,ATR_STOP,-1.01781240
PLTR,2024-12-10T09:45:00-05:00,2024-12-10T13:00:00-05:00,12,74.52585250,72.10901313,-29.00207245,-10.73076681,ATR_STOP,-1.02290683
VUZI,2024-12-10T12:15:00-05:00,2024-12-10T15:15:00-05:00,308,3.02226500,3.07020581,14.76576852,5.46333435,ATR_STOP,0.22373647
QUBT,2024-12-10T12:45:00-05:00,2024-12-11T09:30:00-05:00,1,8.05593742,7.10466750,-0.95126993,-0.35196987,STOP_GAP,-1.38482567
MVST,2024-12-10T13:00:00-05:00,2024-12-11T09:30:00-05:00,2,1.31088243,1.20909250,-0.20357985,-0.07532454,STOP_GAP,-1.00921976
ABCL,2024-12-10T14:00:00-05:00,2024-12-11T09:30:00-05:00,286,3.05338832,2.98737833,-18.87885955,-6.98517803,ATR_STOP,-1.03516220
BEKE,2024-12-11T09:45:00-05:00,2024-12-11T10:30:00-05:00,42,20.66548750,20.25370774,-17.29474978,-6.39905742,ATR_STOP,-1.03833213
MVST,2024-12-11T10:15:00-05:00,2024-12-11T12:45:00-05:00,8,1.38103500,1.25811148,-0.98338816,-0.36385362,ATR_STOP,-1.00774142
VISN,2024-12-11T09:30:00-05:00,2024-12-11T13:15:00-05:00,167,5.59419250,5.88885387,49.20844830,18.20712587,ATR_TARGET,1.97044312
JMIA,2024-12-11T12:00:00-05:00,2024-12-12T09:30:00-05:00,174,4.90477582,4.70646750,-34.50564855,-12.76708996,STOP_GAP,-1.01893347
TSLL,2024-12-10T12:45:00-05:00,2024-12-12T09:30:00-05:00,24,29.59718125,30.99092632,33.44988163,12.37645620,ATR_STOP,1.02858975
DDD,2024-12-11T13:30:00-05:00,2024-12-12T09:30:00-05:00,272,3.45158675,3.71428022,71.45262278,26.43747043,ATR_TARGET,1.97899813
TNYA,2024-12-11T15:00:00-05:00,2024-12-12T09:45:00-05:00,11,3.66274500,3.53371017,-1.41938317,-0.52517177,ATR_STOP,-1.02098606
AFRM,2024-12-12T09:45:00-05:00,2024-12-12T10:00:00-05:00,9,70.88812625,69.15602465,-15.58891437,-5.76789832,ATR_STOP,-1.03089280
YINN,2024-12-12T09:45:00-05:00,2024-12-12T10:00:00-05:00,1,30.75304750,30.20314657,-0.54990093,-0.20346335,ATR_STOP,-1.04299697
DDD,2024-12-12T09:45:00-05:00,2024-12-12T11:00:00-05:00,268,3.54265500,3.89986843,95.73319809,35.42128329,ATR_TARGET,1.98374470
CGTX,2024-12-12T10:45:00-05:00,2024-12-13T09:30:00-05:00,3,0.51628693,0.47639732,-0.11966881,-0.04427746,ATR_STOP,-1.00904497
VISN,2024-12-12T14:30:00-05:00,2024-12-13T09:30:00-05:00,166,5.81435750,5.68223901,-21.93166855,-8.11471736,ATR_STOP,-1.03335751
TWLO,2024-12-12T09:45:00-05:00,2024-12-13T09:45:00-05:00,8,114.19558250,113.77550432,-3.36062540,-1.24343140,STOP_GAP,-0.24957051
SOFI,2024-12-13T09:45:00-05:00,2024-12-13T11:00:00-05:00,59,16.14710125,15.77849282,-21.74789762,-8.04672212,ATR_STOP,-1.03319476
RIVN,2024-12-12T10:00:00-05:00,2024-12-16T09:30:00-05:00,4,13.90752283,14.09941750,0.76757870,0.28400412,STOP_GAP,0.52430986
EOSE,2024-12-12T10:30:00-05:00,2024-12-16T09:30:00-05:00,199,3.30247500,3.54938233,49.13455894,18.17978681,ATR_TARGET,1.97865112
PLTR,2024-12-13T09:45:00-05:00,2024-12-16T09:30:00-05:00,12,74.13556000,77.53835270,40.83351239,15.10839959,ATR_TARGET,1.96636950
SOFI,2024-12-13T12:15:00-05:00,2024-12-16T09:45:00-05:00,58,16.33254022,16.36771500,2.04013695,0.75485067,STOP_GAP,0.09358074
TSLT,2024-12-13T14:00:00-05:00,2024-12-16T09:45:00-05:00,1,45.31396000,46.18540225,0.87144225,0.32243363,ATR_STOP,0.59242332
MRNA,2024-12-16T09:45:00-05:00,2024-12-16T10:00:00-05:00,22,43.82284250,42.68738674,-24.98002669,-9.24260988,ATR_STOP,-1.02903670
QUBT,2024-12-16T09:45:00-05:00,2024-12-16T10:30:00-05:00,132,7.43897505,8.47786412,137.13335768,50.73934234,ATR_TARGET,1.98782462
PRCH,2024-12-06T09:45:00-05:00,2024-12-16T15:30:00-05:00,1,5.30397500,5.79213552,0.48816052,0.18061939,ATR_STOP,1.14573393
TSLA,2024-12-16T10:45:00-05:00,2024-12-17T09:30:00-05:00,2,449.36677250,475.54307500,52.35260500,19.37046385,TARGET_GAP,2.51451378
TSLL,2024-12-16T10:45:00-05:00,2024-12-17T09:30:00-05:00,28,35.26643000,39.43040500,116.59130000,43.13878100,TARGET_GAP,2.69314684
TSLT,2024-12-16T10:45:00-05:00,2024-12-17T09:30:00-05:00,2,48.36624750,54.01945500,11.30641500,4.18337355,TARGET_GAP,2.75453969
SOFI,2024-12-16T13:30:00-05:00,2024-12-17T09:30:00-05:00,2,16.99773875,16.61864779,-0.75818193,-0.28052731,ATR_STOP,-1.03402275
PLUG,2024-12-16T10:00:00-05:00,2024-12-17T10:15:00-05:00,292,2.46684875,2.36181037,-30.67120612,-11.34834626,ATR_STOP,-1.01716628
ASTS,2024-12-17T11:45:00-05:00,2024-12-17T14:30:00-05:00,1,24.73353625,24.93649306,0.20295681,0.07509402,ATR_STOP,0.28876126
QUBT,2024-12-17T10:45:00-05:00,2024-12-18T09:30:00-05:00,44,15.85548270,21.48426655,247.66648957,91.63660114,ATR_TARGET,1.99428678
VUZI,2024-12-17T10:00:00-05:00,2024-12-18T09:45:00-05:00,283,3.71278250,4.18271146,132.98989512,49.20626119,ATR_TARGET,1.98672755
ACHR,2024-12-17T13:15:00-05:00,2024-12-18T10:00:00-05:00,1,9.37702750,9.75180292,0.37477542,0.13866691,ATR_STOP,0.74442933
SOFI,2024-12-17T15:45:00-05:00,2024-12-18T10:00:00-05:00,1,16.64247250,16.80380845,0.16133595,0.05969430,ATR_STOP,0.53205114
SGMT,2024-12-17T09:45:00-05:00,2024-12-18T10:15:00-05:00,173,6.08456000,5.61965114,-80.42923274,-29.75881611,ATR_STOP,-1.00915560
TSLL,2024-12-18T11:45:00-05:00,2024-12-18T12:30:00-05:00,25,41.28093750,39.12401344,-53.92310155,-19.95154757,ATR_STOP,-1.01380222
QS,2024-12-18T11:15:00-05:00,2024-12-18T13:00:00-05:00,205,5.47670445,5.84535335,75.57302519,27.96201932,ATR_TARGET,1.97647786
SOXL,2024-12-18T09:45:00-05:00,2024-12-18T14:00:00-05:00,26,32.47433750,31.51423107,-24.96276706,-9.23622381,ATR_STOP,-1.02525852
BLNK,2024-12-18T13:15:00-05:00,2024-12-18T14:00:00-05:00,30,1.66574838,1.61081860,-1.64789316,-0.60972047,ATR_STOP,-1.02250566
ASTS,2024-12-18T13:15:00-05:00,2024-12-18T14:15:00-05:00,44,25.59918500,24.81548801,-34.48266776,-12.75858707,ATR_STOP,-1.02434490
ACHR,2024-12-18T13:00:00-05:00,2024-12-18T14:45:00-05:00,100,10.19764250,9.60965476,-58.79877411,-21.75554642,ATR_STOP,-1.01241901
PSNL,2024-12-19T14:15:00-05:00,2024-12-20T09:30:00-05:00,145,4.97372750,5.86144275,128.71871171,47.62592333,ATR_TARGET,1.99013718
MVST,2024-12-19T10:00:00-05:00,2024-12-20T09:45:00-05:00,770,1.42236597,1.70681650,219.02690532,81.03995497,ATR_TARGET,1.99103303
APPS,2024-12-19T12:15:00-05:00,2024-12-24T09:30:00-05:00,634,1.70627875,1.80779752,64.36289748,23.81427207,ATR_STOP,0.81714652
CGTX,2024-12-24T12:45:00-05:00,2024-12-24T13:00:00-05:00,3,0.65999462,0.62625125,-0.10123011,-0.03745514,ATR_STOP,-1.01412666
GME,2024-12-23T09:45:00-05:00,2024-12-26T09:30:00-05:00,38,30.61624498,32.59553500,75.21302095,27.82881775,TARGET_GAP,2.19040460
QUBT,2024-12-23T09:45:00-05:00,2024-12-26T09:30:00-05:00,47,18.58392750,16.27190988,-108.66482810,-40.20598640,ATR_STOP,-1.00531049
MVST,2024-12-23T10:30:00-05:00,2024-12-26T10:45:00-05:00,4,1.88641375,2.27302676,1.54645204,0.57218725,ATR_TARGET,1.99121316
CGTX,2024-12-26T10:30:00-05:00,2024-12-26T14:15:00-05:00,3,0.68401263,0.77290157,0.26666682,0.09866672,ATR_TARGET,1.98703214
SOXL,2024-12-24T09:45:00-05:00,2024-12-26T15:45:00-05:00,37,29.86238000,30.54932075,25.41680786,9.40421891,ATR_STOP,0.83778375
QUBT,2024-12-26T09:45:00-05:00,2024-12-27T09:30:00-05:00,64,18.42380750,21.46787605,194.82038722,72.08354327,ATR_TARGET,1.98946926
VUZI,2024-12-26T09:45:00-05:00,2024-12-27T09:30:00-05:00,169,4.74355500,5.37906284,107.40082445,39.73830505,ATR_TARGET,1.98737439
CGTX,2024-12-26T14:30:00-05:00,2024-12-27T09:30:00-05:00,7,0.78668958,0.73469721,-0.36394653,-0.13466022,ATR_STOP,-1.01071980
EOSE,2024-12-26T11:00:00-05:00,2024-12-27T10:00:00-05:00,1,5.00385007,5.17640507,0.17255500,0.06384535,ATR_STOP,0.74224228
APPS,2024-12-27T09:30:00-05:00,2024-12-27T10:00:00-05:00,564,2.00150000,1.91553820,-48.48245300,-17.93850761,ATR_STOP,-1.01700974
QS,2024-12-27T09:45:00-05:00,2024-12-27T10:00:00-05:00,202,6.26969875,6.02145061,-50.14612440,-18.55406603,ATR_STOP,-1.01854307
QUBT,2024-12-27T09:45:00-05:00,2024-12-27T10:00:00-05:00,43,21.13614023,19.58724884,-66.60232937,-24.64286187,ATR_STOP,-1.00958256
ACHR,2024-12-27T15:00:00-05:00,2024-12-30T09:30:00-05:00,109,11.24843000,10.61203500,-69.36705500,-25.66581035,STOP_GAP,-1.53539567
CGTX,2024-12-27T10:45:00-05:00,2024-12-30T09:30:00-05:00,1493,0.82561875,0.76135983,-95.93857302,-35.49727202,ATR_STOP,-1.00897270
CLOV,2024-12-27T15:00:00-05:00,2024-12-30T09:30:00-05:00,228,3.27745625,3.20549463,-16.40724954,-6.07068233,ATR_STOP,-1.03458991
NVTS,2024-12-24T09:45:00-05:00,2024-12-30T09:45:00-05:00,4,3.93144638,3.69997148,-0.92589957,-0.34258284,ATR_STOP,-1.01214293
GME,2024-12-30T09:30:00-05:00,2024-12-30T10:00:00-05:00,37,31.82385000,31.92336156,3.68192788,1.36231332,ATR_STOP,0.13090326
MVST,2024-12-30T09:45:00-05:00,2024-12-30T11:00:00-05:00,23,2.54190500,2.58443317,0.97814792,0.36191473,ATR_STOP,0.21707861
WTI,2024-12-30T10:45:00-05:00,2024-12-30T13:15:00-05:00,724,1.64123000,1.66346733,16.09982998,5.95693709,ATR_STOP,0.44676385
APPS,2024-12-30T12:45:00-05:00,2024-12-31T10:45:00-05:00,1,1.76132000,1.82444053,0.06312053,0.02335459,ATR_STOP,0.63394834
BTE,2024-12-30T11:15:00-05:00,2024-12-31T12:15:00-05:00,26,2.45183750,2.55397528,2.65558231,0.98256546,ATR_TARGET,1.96315555
TNYA,2024-12-31T09:45:00-05:00,2024-12-31T12:15:00-05:00,798,1.50112500,1.43093749,-56.00963642,-20.72356548,ATR_STOP,-1.01553978
TPET,2024-12-31T12:45:00-05:00,2024-12-31T13:30:00-05:00,964,1.25083743,1.13455785,-112.09350788,-41.47459792,ATR_STOP,-1.00737739
TSLQ,2024-12-30T09:45:00-05:00,2024-12-31T14:15:00-05:00,9,73.88537250,79.32245149,48.93371089,18.10547303,ATR_TARGET,1.97833704
TSLZ,2024-12-30T09:45:00-05:00,2024-12-31T14:30:00-05:00,26,45.82434250,49.50323751,95.65127029,35.39097001,ATR_TARGET,1.98000280
TSLQ,2024-12-31T14:30:00-05:00,2025-01-02T09:30:00-05:00,14,79.67971500,85.87933459,86.79467422,32.11402946,ATR_TARGET,1.97941984
MRNA,2024-12-31T15:30:00-05:00,2025-01-02T10:45:00-05:00,28,41.31596375,43.11213596,50.29282180,18.60834407,ATR_TARGET,1.96460724
KC,2025-01-02T09:45:00-05:00,2025-01-02T12:15:00-05:00,69,10.97822750,10.58808158,-26.92006861,-9.96042538,ATR_STOP,-1.02079289
MVST,2025-01-02T09:45:00-05:00,2025-01-02T12:45:00-05:00,531,2.28901548,2.35633148,35.74480039,13.22557614,ATR_STOP,0.28225958
PLUG,2025-01-02T11:00:00-05:00,2025-01-02T13:30:00-05:00,498,2.38678875,2.27103620,-57.64476837,-21.32856430,ATR_STOP,-1.01494595
EOSE,2025-01-02T09:45:00-05:00,2025-01-03T10:15:00-05:00,1,5.42406500,5.50241109,0.07834609,0.02898805,ATR_STOP,0.28094926
QUBT,2025-01-02T15:00:00-05:00,2025-01-03T10:30:00-05:00,66,18.12358250,16.97704068,-75.67176022,-27.99855128,ATR_STOP,-1.01123862
BE,2025-01-02T15:15:00-05:00,2025-01-03T10:30:00-05:00,31,23.44256875,24.74621455,40.41301973,14.95281730,ATR_TARGET,1.97190543
WTI,2025-01-02T15:45:00-05:00,2025-01-03T11:15:00-05:00,3,1.78633875,1.73297117,-0.16010273,-0.05923801,ATR_STOP,-1.02498141
IAUX,2025-01-02T15:15:00-05:00,2025-01-03T12:30:00-05:00,2069,0.58143575,0.58710016,11.71966161,4.33627479,ATR_STOP,0.22069703
MVST,2025-01-03T12:15:00-05:00,2025-01-03T14:00:00-05:00,2,2.53129705,2.34975745,-0.36307920,-0.13433930,ATR_STOP,-1.00981021
AMD,2025-01-03T10:45:00-05:00,2025-01-06T09:30:00-05:00,9,123.56260250,128.97319750,48.69535500,18.01728135,TARGET_GAP,2.56503661
BLNK,2025-01-03T10:15:00-05:00,2025-01-06T09:30:00-05:00,2,1.54615875,1.66582691,0.23933632,0.08855444,ATR_TARGET,1.97931982
NIO,2025-01-03T13:30:00-05:00,2025-01-06T09:30:00-05:00,1,4.64348000,4.83379396,0.19031396,0.07041616,ATR_TARGET,1.96258607
QS,2025-01-03T14:15:00-05:00,2025-01-06T09:30:00-05:00,1,5.96947375,6.38832436,0.41885061,0.15497473,ATR_TARGET,1.97736390
APPS,2025-01-03T13:30:00-05:00,2025-01-06T14:15:00-05:00,623,1.93214803,2.11649210,114.84635649,42.49315190,ATR_TARGET,1.98291252
APP,2025-01-06T15:30:00-05:00,2025-01-07T09:30:00-05:00,3,354.10538000,345.42074000,-26.05392000,-9.63995040,STOP_GAP,-1.13790493
BLNK,2025-01-06T09:45:00-05:00,2025-01-07T09:30:00-05:00,714,1.62121500,1.74515543,88.49346834,32.74258329,ATR_TARGET,1.97908430
CLOV,2025-01-03T10:45:00-05:00,2025-01-07T10:00:00-05:00,240,3.31248250,3.39644868,20.15188204,7.45619636,ATR_STOP,0.90683285
QS,2025-01-07T09:45:00-05:00,2025-01-07T10:00:00-05:00,177,6.81510750,6.49278584,-57.05093355,-21.10884541,ATR_STOP,-1.01535130
BBBY,2025-01-07T10:30:00-05:00,2025-01-08T09:30:00-05:00,5,6.48486000,6.18708262,-1.48888688,-0.55088815,ATR_STOP,-1.01584191
BTE,2025-01-07T10:30:00-05:00,2025-01-08T09:30:00-05:00,1,2.71203250,2.65266076,-0.05937174,-0.02196754,ATR_STOP,-1.03469785
MNSO,2025-01-07T09:45:00-05:00,2025-01-10T09:30:00-05:00,50,25.31897500,23.98200000,-66.84875000,-24.73403750,STOP_GAP,-1.70021100
BE,2025-01-10T09:30:00-05:00,2025-01-10T09:30:00-05:00,51,23.91792500,23.23090951,-35.03778990,-12.96398226,ATR_STOP,-1.02604062
TSLZ,2025-01-07T10:15:00-05:00,2025-01-10T10:45:00-05:00,25,49.10680250,50.11647995,25.24193631,9.33951643,ATR_STOP,0.34657711
TSLQ,2025-01-07T10:15:00-05:00,2025-01-10T10:45:00-05:00,9,79.40951250,81.10121578,15.22532949,5.63337191,ATR_STOP,0.39364929
WTI,2025-01-08T09:45:00-05:00,2025-01-10T10:45:00-05:00,21,1.70127500,1.72224818,0.44043678,0.16296161,ATR_STOP,0.33874996
PLUG,2025-01-10T13:00:00-05:00,2025-01-10T14:45:00-05:00,1,2.65699125,2.88015473,0.22316348,0.08257049,ATR_TARGET,1.98081229
BBBY,2025-01-10T12:45:00-05:00,2025-01-13T09:30:00-05:00,124,6.18963875,5.92214821,-33.16882754,-12.27246619,ATR_STOP,-1.01689800
PLUG,2025-01-10T15:00:00-05:00,2025-01-13T09:30:00-05:00,1,2.91288302,2.77811445,-0.13476857,-0.04986437,ATR_STOP,-1.01571522
CLOV,2025-01-10T11:45:00-05:00,2025-01-13T09:45:00-05:00,333,3.70277500,3.79663791,31.25635036,11.56484963,ATR_STOP,0.72024074
TPET,2025-01-13T10:15:00-05:00,2025-01-13T11:15:00-05:00,377,2.38158485,2.37840900,-1.19729665,-0.44299976,ATR_STOP,-0.00808367
BTE,2025-01-10T09:45:00-05:00,2025-01-13T12:00:00-05:00,444,2.71193243,2.75085718,17.28259252,6.39455923,ATR_STOP,0.64656546
PLUG,2025-01-14T09:45:00-05:00,2025-01-14T09:45:00-05:00,303,2.99724625,2.83121218,-50.30832441,-18.61408003,ATR_STOP,-1.01296452
STX,2025-01-13T10:45:00-05:00,2025-01-14T11:00:00-05:00,12,89.45203875,90.43445069,11.78894328,4.36190901,ATR_STOP,0.70469576
CMPX,2025-01-14T10:45:00-05:00,2025-01-14T12:00:00-05:00,416,2.10898055,1.97209588,-56.94402401,-21.06928888,ATR_STOP,-1.01093156
IAUX,2025-01-13T14:45:00-05:00,2025-01-14T13:00:00-05:00,2195,0.56242150,0.57377267,24.91580833,9.21884908,ATR_STOP,0.60434864
CLOV,2025-01-14T14:00:00-05:00,2025-01-15T15:45:00-05:00,318,3.83287250,3.93189279,31.48845169,11.65072713,ATR_STOP,0.67564365
TDUP,2025-01-14T14:15:00-05:00,2025-01-16T09:30:00-05:00,363,2.02221553,2.20030843,64.64772483,23.91965819,ATR_STOP,0.70295559
WTI,2025-01-14T14:00:00-05:00,2025-01-16T09:45:00-05:00,678,1.79634625,1.83214775,24.27341623,8.98116400,ATR_STOP,0.67155525
IAUX,2025-01-15T09:30:00-05:00,2025-01-16T15:00:00-05:00,3,0.61045750,0.61731010,0.02055780,0.00760639,ATR_STOP,0.33228521
STX,2025-01-16T09:45:00-05:00,2025-01-17T10:45:00-05:00,13,95.19634375,97.28222181,27.11641477,10.03307346,ATR_TARGET,1.93235758
SOXL,2025-01-16T09:45:00-05:00,2025-01-17T15:30:00-05:00,24,30.78307000,32.51659927,41.60470249,15.39373992,ATR_TARGET,1.97223361
STX,2025-01-17T15:45:00-05:00,2025-01-21T09:30:00-05:00,7,97.83832375,99.77511250,13.55752125,5.01628286,TARGET_GAP,2.26549764
SOFI,2025-01-17T11:00:00-05:00,2025-01-21T10:00:00-05:00,75,16.72573490,17.03360636,23.09035969,8.54343308,ATR_STOP,0.78146992
SOXL,2025-01-17T15:45:00-05:00,2025-01-21T10:00:00-05:00,2,32.60443500,32.65568181,0.10249362,0.03792264,ATR_STOP,0.08220435
MU,2025-01-21T09:30:00-05:00,2025-01-21T11:30:00-05:00,6,105.50406875,107.69483636,13.14460568,4.86350410,ATR_TARGET,1.92883274
APPS,2025-01-17T09:45:00-05:00,2025-01-21T14:15:00-05:00,3,2.02151500,2.08666062,0.19543687,0.07231164,ATR_STOP,0.86627080
BILL,2025-01-16T13:15:00-05:00,2025-01-22T09:30:00-05:00,14,89.30693000,92.59436166,46.02404330,17.02889602,ATR_TARGET,1.95859437
YINN,2025-01-21T09:45:00-05:00,2025-01-22T09:30:00-05:00,2,27.92092500,27.33492013,-1.17200973,-0.43364360,ATR_STOP,-1.03628117
MVST,2025-01-22T09:30:00-05:00,2025-01-22T09:30:00-05:00,4,2.08156000,2.00165474,-0.31962105,-0.11825979,ATR_STOP,-1.01916215
VISN,2025-01-21T11:45:00-05:00,2025-01-22T09:45:00-05:00,116,5.60420000,5.87676593,31.61764785,11.69852971,ATR_TARGET,1.96814981
TWLO,2025-01-22T09:45:00-05:00,2025-01-22T10:00:00-05:00,11,115.14629500,113.39836523,-19.22722744,-7.11407415,ATR_STOP,-1.05118579
AMD,2025-01-22T11:15:00-05:00,2025-01-22T14:15:00-05:00,1,124.84356250,123.14070463,-1.70285787,-0.63005741,ATR_STOP,-1.05739130
PLTR,2025-01-22T09:45:00-05:00,2025-01-23T09:30:00-05:00,1,74.55587500,75.99296250,1.43708750,0.53172237,STOP_GAP,1.10108038
SOXL,2025-01-22T10:00:00-05:00,2025-01-23T09:30:00-05:00,18,35.73177875,33.41492000,-41.70345750,-15.43027928,STOP_GAP,-2.31949967
HIVE,2025-01-22T14:30:00-05:00,2025-01-23T09:30:00-05:00,62,3.17738125,3.04771250,-8.03946250,-2.97460112,STOP_GAP,-1.23727334
KTOS,2025-01-21T11:00:00-05:00,2025-01-23T10:00:00-05:00,2,35.26643000,34.44899058,-1.63487884,-0.94114583,ATR_STOP,-1.03266382
EOSE,2025-01-23T09:45:00-05:00,2025-01-24T09:30:00-05:00,152,5.90442500,6.35319346,68.21280635,25.23873835,ATR_TARGET,1.97897207
SOFI,2025-01-21T10:45:00-05:00,2025-01-24T10:15:00-05:00,72,17.66824125,18.03689732,26.54323696,9.82099767,ATR_STOP,0.70121740
APPS,2025-01-23T09:45:00-05:00,2025-01-24T13:15:00-05:00,1,2.26169500,2.49763122,0.23593622,0.08729640,ATR_TARGET,1.98423428
HIVE,2025-01-23T11:15:00-05:00,2025-01-24T15:15:00-05:00,4,3.22741875,3.08359809,-0.57528263,-0.21285457,ATR_STOP,-1.01635571
ACHR,2025-01-24T10:30:00-05:00,2025-01-24T15:15:00-05:00,124,10.47785250,9.92895601,-68.06316425,-25.18337077,ATR_STOP,-1.01376376
ECHO,2025-01-23T11:00:00-05:00,2025-01-24T15:45:00-05:00,2,28.11106750,27.54890191,-1.12433118,-0.41600254,ATR_STOP,-1.03818583
APP,2025-01-22T10:15:00-05:00,2025-01-27T09:30:00-05:00,3,361.61100500,341.56363500,-60.14211000,-22.25258070,STOP_GAP,-1.62097999
SLS,2025-01-24T13:45:00-05:00,2025-01-27T09:30:00-05:00,3,1.04578375,1.17484699,0.38718973,0.14326020,ATR_TARGET,1.98642816
MRNA,2025-01-27T09:45:00-05:00,2025-01-27T11:15:00-05:00,26,42.01148500,42.34434173,8.65427495,3.20208173,ATR_STOP,0.23441500
BBBY,2025-01-27T10:15:00-05:00,2025-01-27T11:15:00-05:00,1,7.84588000,7.41382882,-0.43205118,-0.15985894,ATR_STOP,-1.01304741
BEKE,2025-01-24T09:45:00-05:00,2025-01-27T12:30:00-05:00,55,16.97272000,17.52086835,30.14815902,11.15481884,ATR_TARGET,1.95314256
SLS,2025-01-27T12:30:00-05:00,2025-01-27T12:45:00-05:00,775,1.43027190,1.26963505,-124.49355978,-46.06261712,ATR_STOP,-1.00596767
NIO,2025-01-27T09:45:00-05:00,2025-01-27T13:15:00-05:00,291,4.36827375,4.27078927,-28.36798464,-10.49615432,ATR_STOP,-1.03400011
DDD,2025-01-27T13:45:00-05:00,2025-01-28T09:30:00-05:00,309,4.02231448,3.80833367,-66.12006853,-24.46442536,ATR_STOP,-1.01353904
ABCL,2025-01-28T09:30:00-05:00,2025-01-28T10:00:00-05:00,236,3.35251250,3.26201809,-21.35668074,-7.90197187,ATR_STOP,-1.02780760
PLTR,2025-01-27T15:45:00-05:00,2025-01-28T12:00:00-05:00,16,75.10628750,79.41634468,68.96091483,25.51553849,ATR_TARGET,1.97271783
SLS,2025-01-28T09:45:00-05:00,2025-01-28T12:00:00-05:00,23,1.54926107,1.36700046,-4.19199417,-1.55103784,ATR_STOP,-1.00566128
TSLZ,2025-01-28T09:45:00-05:00,2025-01-28T14:15:00-05:00,23,50.63795000,48.31021813,-53.53783298,-19.80899820,ATR_STOP,-1.01582383
BIDU,2025-01-28T14:45:00-05:00,2025-01-28T15:45:00-05:00,12,89.26690000,91.32071116,24.64573386,9.11892153,ATR_TARGET,1.93540948
YINN,2025-01-28T14:45:00-05:00,2025-01-28T15:45:00-05:00,2,30.45282250,31.35610843,1.80657187,0.66843159,ATR_TARGET,1.94921405
NIO,2025-01-29T09:30:00-05:00,2025-01-29T09:30:00-05:00,264,4.34325500,4.25594934,-23.04869448,-8.52801696,ATR_STOP,-1.03797775
APPS,2025-01-28T12:15:00-05:00,2025-01-29T10:00:00-05:00,18,2.53690125,2.41945864,-2.11396704,-0.78216780,ATR_STOP,-1.01570534
CMPX,2025-01-29T09:45:00-05:00,2025-01-29T10:45:00-05:00,322,3.51553468,3.25039189,-85.37597561,-31.58911098,ATR_STOP,-1.00928662
KC,2025-01-29T10:45:00-05:00,2025-01-29T11:30:00-05:00,3,12.15911250,12.22213733,0.18907449,0.06995756,ATR_STOP,0.15077249
TSLZ,2025-01-29T11:30:00-05:00,2025-01-30T09:30:00-05:00,21,49.93742500,44.76640000,-108.59152500,-40.17886425,STOP_GAP,-2.90017742
YINN,2025-01-30T09:45:00-05:00,2025-01-30T11:15:00-05:00,31,31.91391750,33.46059220,47.94691570,17.20183657,ATR_TARGET,1.96804370
SLS,2025-01-29T13:30:00-05:00,2025-01-30T12:15:00-05:00,65,1.18588875,1.27962298,6.09272527,2.25430835,ATR_STOP,0.85464562
BBBY,2025-01-28T10:15:00-05:00,2025-01-30T13:45:00-05:00,7,7.45558750,8.22825556,5.40867642,2.00121028,ATR_TARGET,1.98414105
JMIA,2025-01-28T12:15:00-05:00,2025-01-30T14:15:00-05:00,306,4.02301500,4.15424513,40.15642007,14.85787543,ATR_STOP,1.04647841
YINN,2025-01-30T14:45:00-05:00,2025-01-30T15:30:00-05:00,35,34.05552250,33.30409774,-26.29986649,-9.73095060,ATR_STOP,-1.03441060
SLS,2025-01-30T14:15:00-05:00,2025-01-31T09:30:00-05:00,100,1.39104250,1.29775161,-9.32908908,-3.45176296,ATR_STOP,-1.01055110
TSLZ,2025-01-30T15:45:00-05:00,2025-01-31T09:30:00-05:00,24,47.43555000,44.57060280,-68.75873280,-25.44073114,ATR_STOP,-1.01181463
TWLO,2025-01-28T10:15:00-05:00,2025-01-31T09:45:00-05:00,5,145.18881000,149.20722251,20.09206256,7.43406315,ATR_STOP,0.92610366
QS,2025-01-31T09:45:00-05:00,2025-01-31T11:00:00-05:00,220,5.38393493,5.39242920,1.86873995,0.69143378,ATR_STOP,0.05641692
JMIA,2025-01-30T15:30:00-05:00,2025-01-31T13:15:00-05:00,15,4.23817625,4.12666421,-1.67268058,-0.61889181,ATR_STOP,-1.02856919
AFRM,2025-01-31T09:45:00-05:00,2025-01-31T13:15:00-05:00,1,62.93326458,61.51527232,-1.41799226,-0.52465714,ATR_STOP,-1.03365678
APP,2025-01-31T10:30:00-05:00,2025-01-31T15:00:00-05:00,2,378.14339500,367.24640878,-21.79397243,-8.06376980,ATR_STOP,-1.02595166
NIO,2025-01-30T11:30:00-05:00,2025-02-03T09:30:00-05:00,233,4.39339258,4.16687250,-52.77917747,-19.52829567,STOP_GAP,-2.16167698
APPS,2025-01-31T12:30:00-05:00,2025-02-03T09:30:00-05:00,451,2.63197250,2.47814000,-69.37845750,-25.67002927,STOP_GAP,-1.58786068
SLS,2025-01-31T15:00:00-05:00,2025-02-03T09:30:00-05:00,81,1.56617375,1.75882251,15.60454977,5.77368342,ATR_TARGET,1.98638847
TSLZ,2025-01-31T15:15:00-05:00,2025-02-03T09:45:00-05:00,15,46.78506250,51.38812414,69.04592460,25.54699210,ATR_TARGET,1.98338084
BBBY,2025-02-03T09:30:00-05:00,2025-02-03T10:30:00-05:00,140,8.27620250,8.35357872,10.83267128,4.00808838,ATR_STOP,0.25712173
VUZI,2025-02-03T10:00:00-05:00,2025-02-03T12:30:00-05:00,166,4.49336750,4.12684878,-60.84210762,-22.51157982,ATR_STOP,-1.00852306
PLTR,2025-02-03T14:15:00-05:00,2025-02-04T09:30:00-05:00,4,84.12034297,102.72290000,74.41022810,27.53178440,TARGET_GAP,9.17229777
DDD,2025-02-03T09:45:00-05:00,2025-02-04T09:45:00-05:00,310,3.71278250,4.02713013,97.44776386,36.05567263,ATR_TARGET,1.98095212
APP,2025-02-03T14:15:00-05:00,2025-02-04T10:00:00-05:00,1,368.23597000,386.58978686,18.35381686,6.79091224,ATR_TARGET,1.96887360
BIDU,2025-02-04T09:45:00-05:00,2025-02-04T10:45:00-05:00,4,90.41776250,93.67468718,13.02769872,4.82024853,ATR_TARGET,1.95773741
APPS,2025-02-03T14:45:00-05:00,2025-02-04T11:15:00-05:00,3,2.58693875,2.47189362,-0.34513539,-0.12770009,ATR_STOP,-1.01639115
SEDG,2025-02-03T11:30:00-05:00,2025-02-04T12:45:00-05:00,85,13.65023000,13.96696114,26.92214693,9.96119437,ATR_STOP,0.51052106
BBBY,2025-02-04T13:00:00-05:00,2025-02-04T15:30:00-05:00,135,8.67650250,9.60189661,124.92820444,46.22343564,ATR_TARGET,1.98454467
YINN,2025-02-04T10:00:00-05:00,2025-02-05T09:30:00-05:00,37,32.63645900,31.55631500,-39.96532800,-14.78717136,STOP_GAP,-1.12081761
BEKE,2025-02-04T10:15:00-05:00,2025-02-05T10:15:00-05:00,23,17.40294243,17.00524404,-9.14706287,-3.38441326,ATR_STOP,-1.03315757
ASTS,2025-02-05T09:30:00-05:00,2025-02-05T11:00:00-05:00,53,23.21740000,24.69937134,78.54448126,29.06145807,ATR_TARGET,1.97529049
IVVD,2025-02-05T13:00:00-05:00,2025-02-05T13:30:00-05:00,37,1.39014182,1.77381992,14.19608955,5.25255313,ATR_TARGET,1.99308400
IAUX,2025-02-05T10:00:00-05:00,2025-02-05T13:45:00-05:00,70,0.58924160,0.57291059,-1.14317073,-0.42297317,ATR_STOP,-1.02704266
APPS,2025-02-05T12:00:00-05:00,2025-02-06T09:30:00-05:00,492,2.54110440,3.19760000,322.99583520,119.50845902,TARGET_GAP,7.51242390
SOXL,2025-02-05T15:30:00-05:00,2025-02-06T09:30:00-05:00,3,27.93093250,27.14962250,-2.34393000,-0.86725410,STOP_GAP,-1.36191885
TSLZ,2025-02-05T09:45:00-05:00,2025-02-06T09:30:00-05:00,23,50.73802500,54.95857897,97.07274124,35.91691426,ATR_TARGET,1.98064206
BBBY,2025-02-05T15:30:00-05:00,2025-02-06T09:30:00-05:00,1,9.16186625,10.02037766,0.85851141,0.31764922,ATR_TARGET,1.98263131
BBBY,2025-02-06T09:45:00-05:00,2025-02-06T10:30:00-05:00,138,9.78733500,9.23181392,-76.66190926,-28.36490643,ATR_STOP,-1.01263062
KC,2025-02-06T09:45:00-05:00,2025-02-06T11:45:00-05:00,1,16.43831950,16.60489139,0.16657189,0.06163160,ATR_STOP,0.21914889
PLTR,2025-02-06T09:45:00-05:00,2025-02-06T15:30:00-05:00,13,104.12803750,109.83469507,74.18654838,27.44902290,ATR_TARGET,1.97151961
AFRM,2025-02-05T10:30:00-05:00,2025-02-07T09:30:00-05:00,6,62.07652250,69.84757500,46.62631500,17.25173655,TARGET_GAP,4.52398302
KC,2025-02-06T13:30:00-05:00,2025-02-07T09:30:00-05:00,75,17.53314000,16.79299006,-55.51124581,-20.53916095,ATR_STOP,-1.01732427
SOXL,2025-02-07T09:30:00-05:00,2025-02-07T09:45:00-05:00,17,27.89090250,27.24378447,-11.00100658,-4.07037243,ATR_STOP,-1.03262990
ASTS,2025-02-07T09:45:00-05:00,2025-02-07T10:00:00-05:00,5,28.22615375,27.03787548,-5.94139137,-2.19831481,ATR_STOP,-1.01737491
PLTR,2025-02-06T15:45:00-05:00,2025-02-07T10:15:00-05:00,12,110.01244750,111.34325331,15.96966975,5.90877781,ATR_STOP,0.58989476
APP,2025-02-07T09:45:00-05:00,2025-02-07T10:15:00-05:00,3,385.19868250,375.88280890,-27.94762080,-10.34061969,ATR_STOP,-1.03122997
CCJ,2025-02-07T10:00:00-05:00,2025-02-07T10:45:00-05:00,9,50.37775500,49.40229910,-8.77910313,-3.24826816,ATR_STOP,-1.03951456
NXE,2025-02-07T10:00:00-05:00,2025-02-07T10:45:00-05:00,2,6.65498750,6.52402051,-0.26193398,-0.09691557,ATR_STOP,-1.03884093
IVVD,2025-02-07T11:30:00-05:00,2025-02-10T09:30:00-05:00,489,2.29171750,1.95959790,-162.40648528,-60.09039955,ATR_STOP,-1.00444823
TSLQ,2025-02-07T14:30:00-05:00,2025-02-10T09:30:00-05:00,14,91.47855750,97.45959143,83.73447507,30.98175578,ATR_TARGET,1.97583504
IAUX,2025-02-07T15:45:00-05:00,2025-02-10T09:30:00-05:00,4,0.58043500,0.59940894,0.07589576,0.02808143,ATR_TARGET,1.95367607
TSLZ,2025-02-07T14:30:00-05:00,2025-02-10T10:00:00-05:00,11,56.35223250,57.86348280,16.62375331,6.15078873,ATR_STOP,0.72461042
BBBY,2025-02-07T15:15:00-05:00,2025-02-10T10:00:00-05:00,5,9.13184375,8.71742260,-2.07210575,-0.76667913,ATR_STOP,-1.01604149
ACHR,2025-02-10T10:00:00-05:00,2025-02-10T13:00:00-05:00,1,9.51212875,10.21835892,0.70623017,0.26130516,ATR_TARGET,1.97851373
RIVN,2025-02-10T09:45:00-05:00,2025-02-11T09:30:00-05:00,104,12.74455125,12.78040750,3.72905000,1.37974850,STOP_GAP,0.14741266
BE,2025-02-10T09:45:00-05:00,2025-02-11T09:30:00-05:00,41,24.81359625,24.52159500,-11.97205125,-4.42965896,STOP_GAP,-0.46825069
MU,2025-02-10T10:15:00-05:00,2025-02-11T09:30:00-05:00,7,95.71173000,93.93916397,-12.40796220,-4.59094601,ATR_STOP,-1.04142469
MVST,2025-02-11T09:45:00-05:00,2025-02-11T10:45:00-05:00,230,1.73119742,1.84874379,27.03566295,10.00319529,ATR_TARGET,1.97666607
APPS,2025-02-10T12:00:00-05:00,2025-02-11T11:00:00-05:00,1,5.11503340,5.26181085,0.14677745,0.05430766,ATR_STOP,0.34773472
PLTR,2025-02-11T09:30:00-05:00,2025-02-11T11:15:00-05:00,11,116.63741250,114.16419264,-27.20541846,-10.06600483,ATR_STOP,-1.03588953
JMIA,2025-02-04T11:45:00-05:00,2025-02-11T11:45:00-05:00,95,4.05303750,3.93066701,-11.62519609,-4.30132255,ATR_STOP,-1.02470446
BEKE,2025-02-11T12:15:00-05:00,2025-02-12T09:30:00-05:00,67,19.54965125,21.02422000,98.79610625,36.55455931,TARGET_GAP,3.95893125
IVVD,2025-02-11T13:15:00-05:00,2025-02-12T09:30:00-05:00,210,1.73109735,1.52036961,-44.25282582,-16.37354555,ATR_STOP,-1.00544468
AFRM,2025-02-11T11:00:00-05:00,2025-02-12T10:00:00-05:00,5,78.14266308,75.37225461,-13.85204234,-5.12525567,ATR_STOP,-1.02084562
BTE,2025-02-11T09:45:00-05:00,2025-02-12T11:00:00-05:00,516,2.57693125,2.53042171,-23.99892390,-8.87960184,ATR_STOP,-1.04257404
CLOV,2025-02-12T10:45:00-05:00,2025-02-12T11:00:00-05:00,1,4.57843125,4.47004722,-0.10838403,-0.04010209,ATR_STOP,-1.03194406
GDS,2025-02-12T09:30:00-05:00,2025-02-12T11:30:00-05:00,39,33.83535750,34.26535913,16.77006342,6.20492347,ATR_STOP,0.38791860
CCJ,2025-02-12T12:15:00-05:00,2025-02-12T13:30:00-05:00,25,50.91816000,50.08536627,-20.81984315,-7.70334196,ATR_STOP,-1.04727383
IAUX,2025-02-12T09:45:00-05:00,2025-02-12T15:45:00-05:00,1,0.61546125,0.64345810,0.02799685,0.01035883,ATR_TARGET,1.96608433
STX,2025-02-12T14:45:00-05:00,2025-02-12T15:45:00-05:00,12,100.26514250,99.04257010,-14.67086885,-5.42822147,ATR_STOP,-1.06474084
INTC,2025-02-12T09:45:00-05:00,2025-02-13T09:30:00-05:00,18,21.56616250,22.82287000,22.62073500,8.36967195,TARGET_GAP,2.18198418
KC,2025-02-12T10:30:00-05:00,2025-02-13T09:30:00-05:00,21,17.84837625,17.01722750,-17.45412375,-6.45802579,STOP_GAP,-1.47756328
APPS,2025-02-12T12:30:00-05:00,2025-02-13T09:30:00-05:00,7,6.00950375,6.69264778,4.78200820,1.49244373,ATR_TARGET,1.98540107
MVST,2025-02-13T09:45:00-05:00,2025-02-13T09:45:00-05:00,31,2.04153000,1.93376303,-3.34077597,-1.23608711,ATR_STOP,-1.01365191
ACHR,2025-02-13T10:00:00-05:00,2025-02-13T10:45:00-05:00,6,9.71227875,9.83623565,0.74374143,0.27518433,ATR_STOP,0.33300799
SOXL,2025-02-13T09:30:00-05:00,2025-02-13T13:15:00-05:00,48,27.51061750,27.79646584,13.72072046,5.07666657,ATR_STOP,0.52495464
GDS,2025-02-13T11:30:00-05:00,2025-02-14T09:30:00-05:00,1,34.93117875,41.79862750,6.86744875,2.54095604,TARGET_GAP,6.83344913
AMC,2025-02-12T11:45:00-05:00,2025-02-14T10:15:00-05:00,385,3.46119395,3.53169878,27.14435943,10.04341299,ATR_STOP,0.60363724
AFRM,2025-02-13T09:45:00-05:00,2025-02-18T09:30:00-05:00,9,76.81757000,81.36393125,40.91725125,15.13938296,TARGET_GAP,2.32031025
ACHR,2025-02-14T09:45:00-05:00,2025-02-18T09:30:00-05:00,4,9.58718500,10.99175000,5.61826000,2.07875620,TARGET_GAP,3.42627347
BE,2025-02-13T14:45:00-05:00,2025-02-18T09:30:00-05:00,54,24.57842000,25.19661292,33.38241763,12.35149452,ATR_STOP,1.11103842
MVST,2025-02-13T15:30:00-05:00,2025-02-18T09:30:00-05:00,1,2.01651125,2.17770939,0.16119814,0.05964331,ATR_TARGET,1.97992408
IAUX,2025-02-18T09:45:00-05:00,2025-02-18T10:00:00-05:00,1945,0.70292680,0.75110704,93.71056992,34.67291087,ATR_TARGET,1.97686882
AMC,2025-02-18T09:45:00-05:00,2025-02-18T13:00:00-05:00,4,3.64623263,3.67197063,0.10295200,0.03809224,ATR_STOP,0.30768962
DDD,2025-02-13T13:00:00-05:00,2025-02-18T14:00:00-05:00,6,4.67350250,4.48795583,-1.11328000,-0.41191360,ATR_STOP,-1.01849010
AFRM,2025-02-18T09:45:00-05:00,2025-02-18T14:15:00-05:00,13,81.17083250,79.55252337,-21.03801874,-7.78406693,ATR_STOP,-1.03830949
BE,2025-02-18T09:45:00-05:00,2025-02-18T15:45:00-05:00,1,25.63921500,26.03505208,0.39583708,0.14645972,ATR_STOP,0.68004690
SEDG,2025-02-18T15:15:00-05:00,2025-02-19T09:30:00-05:00,1,16.82260750,22.74792625,5.92531875,2.19236794,TARGET_GAP,11.21819496
AMC,2025-02-19T09:30:00-05:00,2025-02-19T09:30:00-05:00,12,3.70277500,3.62627071,-0.91805148,-0.33967905,ATR_STOP,-1.03688873
SOXL,2025-02-18T15:00:00-05:00,2025-02-19T13:30:00-05:00,39,30.15359825,31.38512562,48.02956748,17.77093997,ATR_TARGET,1.96246225
APP,2025-02-14T10:30:00-05:00,2025-02-20T09:30:00-05:00,2,498.75288433,472.05442039,-53.39692787,-19.75686331,ATR_STOP,-1.01344915
ABCL,2025-02-19T14:15:00-05:00,2025-02-20T09:30:00-05:00,347,3.46759875,3.36898859,-34.21772661,-12.66055885,ATR_STOP,-1.02631763
SOXL,2025-02-20T09:45:00-05:00,2025-02-20T09:45:00-05:00,42,32.35424750,31.46116408,-37.50950356,-13.87851632,ATR_STOP,-1.02715860
AMD,2025-02-20T09:45:00-05:00,2025-02-20T09:45:00-05:00,6,115.90186125,114.43516945,-8.80015081,-3.25605580,ATR_STOP,-1.06220360
NIO,2025-02-20T09:45:00-05:00,2025-02-20T09:45:00-05:00,20,4.48566173,4.40260310,-1.66117247,-0.61463382,ATR_STOP,-1.04143269
IAUX,2025-02-20T10:00:00-05:00,2025-02-21T09:30:00-05:00,1750,0.77808312,0.83007697,90.98923750,33.66601787,TARGET_GAP,2.33382828
BTE,2025-02-19T09:45:00-05:00,2025-02-21T09:30:00-05:00,18,2.56192000,2.50727783,-0.98355905,-0.36391685,ATR_STOP,-1.03566829
SEDG,2025-02-21T09:45:00-05:00,2025-02-21T10:00:00-05:00,4,19.16416235,18.10495437,-4.23683193,-1.56762782,ATR_STOP,-1.01299604
ACHR,2025-02-21T09:45:00-05:00,2025-02-21T10:15:00-05:00,1,10.29771750,9.93750619,-0.36021131,-0.13327818,ATR_STOP,-1.02114435
GME,2025-02-20T12:45:00-05:00,2025-02-21T12:15:00-05:00,28,26.71962470,26.90548351,5.20404666,1.92549726,ATR_STOP,0.33028194
QS,2025-02-20T15:45:00-05:00,2025-02-21T12:30:00-05:00,1,5.30397500,5.19272658,-0.11124842,-0.04116191,ATR_STOP,-1.03630586
MRNA,2025-02-21T13:00:00-05:00,2025-02-21T13:00:00-05:00,21,35.62670000,34.25948513,-28.71151235,-10.62325957,ATR_STOP,-1.01916801
KC,2025-02-21T09:45:00-05:00,2025-02-21T14:15:00-05:00,64,21.55615500,20.65154016,-57.89534969,-21.42127939,ATR_STOP,-1.01743339
TSLZ,2025-02-21T10:30:00-05:00,2025-02-21T14:15:00-05:00,1,59.54462500,63.40127228,3.85664728,1.42695949,ATR_TARGET,1.97562306
ALB,2025-02-18T10:15:00-05:00,2025-02-24T09:45:00-05:00,16,82.53185250,80.59761874,-30.94774011,-11.45066384,ATR_STOP,-1.03228494
IAUX,2025-02-21T15:00:00-05:00,2025-02-24T09:45:00-05:00,1638,0.82421770,0.80834501,-25.99947353,-9.61980521,ATR_STOP,-1.03974286
SEDG,2025-02-24T09:30:00-05:00,2025-02-24T12:00:00-05:00,46,17.59318500,18.81882442,56.37941353,20.86038301,ATR_TARGET,1.97721387
TSLQ,2025-02-25T09:30:00-05:00,2025-02-25T09:45:00-05:00,12,109.55210250,117.13766529,91.02675347,33.67989879,ATR_TARGET,1.97708493
NIO,2025-02-25T09:45:00-05:00,2025-02-25T10:00:00-05:00,306,4.47835625,4.37707761,-30.99126425,-11.46676777,ATR_STOP,-1.03352545
YINN,2025-02-25T11:00:00-05:00,2025-02-26T09:30:00-05:00,32,42.02149250,45.81561250,121.41184000,44.92238080,TARGET_GAP,3.33509555
SEDG,2025-02-26T09:45:00-05:00,2025-02-26T13:30:00-05:00,71,19.60469250,18.80309843,-56.91317929,-21.05787634,ATR_STOP,-1.01792158
VISN,2025-02-27T09:30:00-05:00,2025-02-27T09:30:00-05:00,210,6.28471000,6.01347481,-56.95938911,-21.07497397,ATR_STOP,-1.01692210
NIO,2025-02-26T12:45:00-05:00,2025-02-27T09:45:00-05:00,2,4.69852125,4.75143375,0.10582500,0.03915525,STOP_GAP,0.41119422
TSLQ,2025-02-26T10:30:00-05:00,2025-02-27T10:15:00-05:00,10,131.37846000,135.33821724,39.59757239,14.65110179,ATR_STOP,0.51033030
TSLZ,2025-02-26T10:30:00-05:00,2025-02-27T10:15:00-05:00,11,80.65044250,82.96960191,25.51075356,9.43897882,ATR_STOP,0.47348063
SEDG,2025-02-27T11:30:00-05:00,2025-02-27T15:15:00-05:00,73,18.81610150,18.04540732,-56.26067502,-20.81644976,ATR_STOP,-1.01788842
PRCH,2025-02-27T14:00:00-05:00,2025-02-28T09:30:00-05:00,110,7.08531000,6.53509500,-60.52365000,-22.39375050,STOP_GAP,-1.06979665
FLNA,2025-02-27T10:30:00-05:00,2025-02-28T09:30:00-05:00,532,2.60195000,2.47153688,-69.37978160,-25.67051919,ATR_STOP,-1.01442962
VISN,2025-03-03T14:45:00-05:00,2025-03-03T15:15:00-05:00,138,6.36477000,6.18647568,-24.60461611,-9.10370796,ATR_STOP,-1.02673949
BEKE,2025-03-04T09:30:00-05:00,2025-03-04T09:45:00-05:00,38,22.31672500,22.27328250,-1.65081500,-0.61080155,STOP_GAP,-0.17040750
TSLZ,2025-03-03T13:00:00-05:00,2025-03-04T09:45:00-05:00,16,82.86210000,95.07146976,195.34991618,72.27946899,ATR_TARGET,1.98837901
TSLQ,2025-03-03T13:00:00-05:00,2025-03-04T09:45:00-05:00,9,135.07122750,154.51199825,174.96693674,64.73776659,ATR_TARGET,1.98814005
ADMA,2025-03-11T09:45:00-04:00,2025-03-12T09:30:00-04:00,83,16.97272000,18.06422378,90.59481381,33.52008111,ATR_TARGET,1.97546140
BE,2025-03-11T12:00:00-04:00,2025-03-12T09:45:00-04:00,58,24.44331875,24.89327429,26.09742150,9.65604596,ATR_STOP,0.40171179
NVTS,2025-03-11T14:45:00-04:00,2025-03-12T09:45:00-04:00,9,2.50377643,2.51884842,0.13564791,0.05018973,ATR_STOP,0.13999719
VSAT,2025-03-12T09:45:00-04:00,2025-03-12T11:00:00-04:00,1,9.65723750,9.33363852,-0.32359898,-0.11973162,ATR_STOP,-1.02212769
MRNA,2025-03-12T15:00:00-04:00,2025-03-13T09:30:00-04:00,1,35.14634000,36.86964760,1.72330760,0.63762381,ATR_TARGET,1.96839144
KTOS,2025-03-11T14:45:00-04:00,2025-03-13T09:45:00-04:00,26,29.36700875,29.54994326,4.75629714,1.75982994,ATR_STOP,0.24877947
AMD,2025-03-12T12:00:00-04:00,2025-03-13T09:45:00-04:00,14,100.50532250,98.25638211,-31.48516547,-11.64951122,ATR_STOP,-1.03390394
ADMA,2025-03-12T09:45:00-04:00,2025-03-17T12:00:00-04:00,81,17.94344750,19.17442451,99.70913745,36.89238086,ATR_TARGET,1.97688779
CCJ,2025-03-20T09:45:00-04:00,2025-03-20T12:15:00-04:00,32,44.73352500,44.99890968,8.49230971,3.14215459,ATR_STOP,0.33796085
AFRM,2025-03-20T10:00:00-04:00,2025-03-21T09:30:00-04:00,16,48.59141625,46.76490000,-29.22426000,-10.81297620,STOP_GAP,-1.07286313
BE,2025-03-20T10:00:00-04:00,2025-03-21T09:30:00-04:00,57,25.71927500,24.71767223,-57.09135776,-21.12380237,ATR_STOP,-1.01887204
CAPR,2025-03-20T14:15:00-04:00,2025-03-21T09:30:00-04:00,99,14.51087500,13.78040597,-72.31643350,-26.75708040,ATR_STOP,-1.01436285
NXE,2025-03-20T10:15:00-04:00,2025-03-21T10:00:00-04:00,6,5.00375000,4.89691345,-0.64101929,-0.23717714,ATR_STOP,-1.03562817
RIVN,2025-03-21T09:45:00-04:00,2025-03-21T12:15:00-04:00,129,11.03827250,11.50322558,59.97894732,22.19221051,ATR_TARGET,1.96353829
TSLT,2025-03-21T09:45:00-04:00,2025-03-24T09:30:00-04:00,122,11.68876000,13.20009250,184.38256500,68.22154905,TARGET_GAP,2.82772379
TSLR,2025-03-21T09:45:00-04:00,2025-03-24T09:30:00-04:00,54,13.47009500,15.29851750,98.73481500,36.53188155,TARGET_GAP,3.05013492
TSLL,2025-03-21T09:45:00-04:00,2025-03-24T09:30:00-04:00,1,8.55871423,9.69772125,1.13900702,0.42143260,TARGET_GAP,2.74710165
VISN,2025-03-21T11:00:00-04:00,2025-03-24T09:30:00-04:00,5,5.54915875,5.78716685,1.19004052,0.44031499,ATR_TARGET,1.96415431
INTC,2025-03-21T12:30:00-04:00,2025-03-24T09:45:00-04:00,59,24.39508260,24.48770409,5.46466817,2.02192722,ATR_STOP,0.21303914
PRCH,2025-03-24T09:45:00-04:00,2025-03-24T10:30:00-04:00,122,6.99524250,6.69339557,-36.82532508,-13.62537028,ATR_STOP,-1.01692528
LUMN,2025-03-24T09:45:00-04:00,2025-03-24T12:15:00-04:00,301,5.04378000,4.92344493,-36.22085734,-13.40171721,ATR_STOP,-1.03168179
APPS,2025-03-21T13:00:00-04:00,2025-03-24T12:45:00-04:00,7,3.59279258,3.64896972,0.39323998,0.14549879,ATR_STOP,0.38076102
AAOI,2025-03-24T10:45:00-04:00,2025-03-24T15:30:00-04:00,38,21.84637250,22.22567315,14.41342480,5.33296717,ATR_STOP,0.50900899
TNYA,2025-03-24T12:30:00-04:00,2025-03-25T09:45:00-04:00,2152,0.69522103,0.66972703,-54.86308182,-20.29934027,ATR_STOP,-1.02011387
PRCH,2025-03-25T10:15:00-04:00,2025-03-25T10:30:00-04:00,203,7.20039625,7.70041621,101.50405241,37.55649939,ATR_TARGET,1.97714650
RIVN,2025-03-24T15:45:00-04:00,2025-03-25T11:15:00-04:00,69,12.22416125,12.00895584,-14.84917346,-5.49419418,ATR_STOP,-1.04371401
QUBT,2025-03-25T11:00:00-04:00,2025-03-25T11:30:00-04:00,15,8.91167875,8.46930486,-6.63560828,-2.45517506,ATR_STOP,-1.01457912
ABCL,2025-03-24T11:15:00-04:00,2025-03-25T12:30:00-04:00,1,2.53690125,2.46443344,-0.07246781,-0.02681309,ATR_STOP,-1.02619318
BTU,2025-03-24T14:00:00-04:00,2025-03-25T12:30:00-04:00,1,14.43081500,14.59667154,0.16585654,0.06136692,ATR_STOP,0.55421001
AMC,2025-03-25T12:45:00-04:00,2025-03-25T14:45:00-04:00,6,3.09782162,3.05407128,-0.26250206,-0.09712576,ATR_STOP,-1.05529135
TSLR,2025-03-25T15:00:00-04:00,2025-03-26T09:30:00-04:00,1,18.09356000,18.08642500,-0.00713500,-0.00263995,STOP_GAP,-0.01154408
APP,2025-03-25T10:45:00-04:00,2025-03-26T09:45:00-04:00,4,347.84068500,336.89436668,-43.78527328,-16.20055111,ATR_STOP,-1.02364627
HIVE,2025-03-26T09:30:00-04:00,2025-03-26T10:15:00-04:00,10,1.79134250,1.74023499,-0.51107508,-0.18909778,ATR_STOP,-1.02622732
VISN,2025-03-25T12:00:00-04:00,2025-03-26T11:30:00-04:00,166,5.83937625,5.71029988,-21.42667750,-7.92787068,ATR_STOP,-1.03434510
CLOV,2025-03-24T10:15:00-04:00,2025-03-26T12:15:00-04:00,376,3.82826905,3.73229072,-36.08785210,-13.35250528,ATR_STOP,-1.03006449
QS,2025-03-26T15:00:00-04:00,2025-03-26T15:15:00-04:00,320,4.62346500,4.53986237,-26.75284317,-9.89855197,ATR_STOP,-1.04248949
SOFI,2025-03-26T15:45:00-04:00,2025-03-27T09:30:00-04:00,112,13.16987000,12.60054250,-63.76468000,-23.59293160,STOP_GAP,-2.46809377
TSLR,2025-03-27T09:45:00-04:00,2025-03-27T10:45:00-04:00,84,17.35300500,19.09904602,146.66744539,54.26695479,ATR_TARGET,1.98371367
TSLT,2025-03-27T09:45:00-04:00,2025-03-27T11:30:00-04:00,58,15.01125000,15.62940995,35.85327700,13.26571249,ATR_STOP,0.78966745
BIDU,2025-03-26T11:00:00-04:00,2025-03-27T11:45:00-04:00,14,97.79329000,98.04822517,3.56909241,1.32056419,ATR_STOP,0.19353979
QS,2025-03-27T11:00:00-04:00,2025-03-27T12:45:00-04:00,6,4.66149350,4.55161437,-0.65927477,-0.24393167,ATR_STOP,-1.03208887
RIVN,2025-03-27T11:00:00-04:00,2025-03-28T09:30:00-04:00,118,12.87464875,12.43822178,-51.49838272,-19.05440161,ATR_STOP,-1.02185872
BBBY,2025-03-27T14:45:00-04:00,2025-03-28T09:30:00-04:00,264,5.73429750,5.52125304,-56.24373748,-20.81018287,ATR_STOP,-1.01983743
ADMA,2025-04-15T09:45:00-04:00,2025-04-15T09:45:00-04:00,68,21.56616250,20.77004403,-54.13605629,-20.03034083,ATR_STOP,-1.01997263
IAUX,2025-04-15T09:45:00-04:00,2025-04-15T10:15:00-04:00,140,0.63407520,0.61260226,-3.00621133,-1.11229819,ATR_STOP,-1.02188138
CCJ,2025-04-15T09:45:00-04:00,2025-04-15T12:45:00-04:00,35,41.80633125,41.03948733,-26.83953727,-9.93062879,ATR_STOP,-1.04184918
PLTR,2025-04-15T09:45:00-04:00,2025-04-16T09:30:00-04:00,7,95.33144500,96.20779000,6.13441500,2.26973355,STOP_GAP,0.29710586
AFRM,2025-04-15T10:15:00-04:00,2025-04-16T09:30:00-04:00,34,41.77130500,40.10989500,-56.48794000,-20.90053780,STOP_GAP,-1.27986818
NIO,2025-04-15T14:45:00-04:00,2025-04-16T09:30:00-04:00,398,3.63272250,3.44741250,-73.75338000,-27.28875060,STOP_GAP,-2.74098258
AMC,2025-04-15T15:00:00-04:00,2025-04-16T11:15:00-04:00,34,2.91718625,2.86381853,-1.81450253,-0.67136594,ATR_STOP,-1.04196700
NXE,2025-04-16T09:45:00-04:00,2025-04-16T11:15:00-04:00,307,4.59344250,4.75291008,48.95654758,18.11392261,ATR_TARGET,1.95623812
RIVN,2025-04-16T11:30:00-04:00,2025-04-16T13:30:00-04:00,9,12.10407125,11.81337565,-2.61626037,-0.96801634,ATR_STOP,-1.03146122
CLOV,2025-04-16T09:30:00-04:00,2025-04-16T13:45:00-04:00,380,3.71278250,3.64262826,-26.65860979,-9.86368562,ATR_STOP,-1.04055196
ACHR,2025-04-16T13:30:00-04:00,2025-04-16T13:45:00-04:00,1,7.06029125,6.87756299,-0.18272826,-0.06760946,ATR_STOP,-1.02907109
HIVE,2025-04-16T11:30:00-04:00,2025-04-16T15:00:00-04:00,972,1.46109500,1.40951092,-50.13972597,-18.55169861,ATR_STOP,-1.02093820
IAUX,2025-04-16T09:45:00-04:00,2025-04-17T10:00:00-04:00,1016,0.62426785,0.60134632,-23.28827214,-10.16458478,ATR_STOP,-1.02008654
STX,2025-04-17T09:30:00-04:00,2025-04-17T14:30:00-04:00,19,73.54511750,76.14663529,49.42883808,18.28867009,ATR_TARGET,1.95700645
AFRM,2025-04-17T09:30:00-04:00,2025-04-21T09:30:00-04:00,34,40.75054000,41.26902500,17.62849000,6.52254130,STOP_GAP,0.48227460
PLTR,2025-04-21T09:45:00-04:00,2025-04-21T10:45:00-04:00,14,94.88110750,92.27245659,-36.52111276,-13.51281172,ATR_STOP,-1.02727275
HIVE,2025-04-21T09:45:00-04:00,2025-04-21T12:45:00-04:00,548,1.53114750,1.47755844,-29.36680518,-10.86571792,ATR_STOP,-1.02113185
BIDU,2025-04-21T14:15:00-04:00,2025-04-22T09:30:00-04:00,16,82.57188250,83.88703750,21.04248000,7.78571760,TARGET_GAP,2.05196281
QS,2025-04-21T14:45:00-04:00,2025-04-22T10:15:00-04:00,211,3.80274993,3.84484131,8.88128209,3.28607437,ATR_STOP,0.57715930
MVST,2025-04-22T09:30:00-04:00,2025-04-22T10:30:00-04:00,638,2.09156750,2.13495182,27.67919843,10.24130342,ATR_STOP,0.49207091
IAUX,2025-04-21T09:45:00-04:00,2025-04-22T14:00:00-04:00,2253,0.62666965,0.60633104,-45.82288793,-16.95446854,ATR_STOP,-1.02288778
MIST,2025-04-21T15:30:00-04:00,2025-04-23T09:30:00-04:00,2,1.01075750,1.12588927,0.23026354,0.08519751,ATR_TARGET,1.98542725
BTE,2025-04-23T09:45:00-04:00,2025-04-23T10:15:00-04:00,812,1.73129750,1.67787837,-43.37633532,-16.04924407,ATR_STOP,-1.02414415
ABCL,2025-04-23T09:45:00-04:00,2025-04-23T11:15:00-04:00,532,2.64047888,2.55334301,-46.35628094,-17.15182395,ATR_STOP,-1.02248835
EOSE,2025-04-23T09:45:00-04:00,2025-04-23T11:15:00-04:00,151,4.85063525,4.88358528,4.97545420,1.84091805,ATR_STOP,0.18493836
BLNK,2025-04-23T10:30:00-04:00,2025-04-23T11:15:00-04:00,7,0.74826078,0.71961984,-0.20048654,-0.07418002,ATR_STOP,-1.01922079
MVST,2025-04-23T09:45:00-04:00,2025-04-23T11:45:00-04:00,1,2.27670625,2.29081361,0.01410736,0.00521972,ATR_STOP,0.15197086
RIVN,2025-04-23T10:30:00-04:00,2025-04-24T09:30:00-04:00,113,12.15020583,11.75423117,-44.74513590,-18.68416437,ATR_STOP,-1.02278764
NXE,2025-04-23T13:15:00-04:00,2025-04-24T15:00:00-04:00,277,4.97372750,5.07801507,28.88765783,10.68843340,ATR_STOP,0.81449420
MRNA,2025-04-24T15:45:00-04:00,2025-04-25T09:30:00-04:00,50,27.27594163,26.80987750,-23.30320625,-8.62218631,STOP_GAP,-1.15033101
CCJ,2025-04-23T13:15:00-04:00,2025-04-25T09:30:00-04:00,17,42.52186750,43.40871971,15.07648755,5.57830039,ATR_STOP,1.04362948
PRME,2025-04-23T14:15:00-04:00,2025-04-25T09:30:00-04:00,10,1.79634625,1.70736593,-0.88980323,-0.32922719,ATR_STOP,-1.01461234
EOSE,2025-04-24T09:45:00-04:00,2025-04-25T09:30:00-04:00,276,4.94870875,4.77927734,-46.76306970,-17.30233579,ATR_STOP,-1.02162962
ACHR,2025-04-25T09:30:00-04:00,2025-04-25T10:15:00-04:00,1,8.56642000,8.59390275,0.02748275,0.01016862,ATR_STOP,0.12992439
TSLA,2025-04-25T09:45:00-04:00,2025-04-25T10:30:00-04:00,5,263.67761000,273.76218806,50.42289031,18.65646941,ATR_TARGET,1.96006323
TSLR,2025-04-25T09:45:00-04:00,2025-04-25T10:30:00-04:00,53,14.34074750,15.34457159,53.20267675,19.68499040,ATR_TARGET,1.97731390
TSLL,2025-04-25T09:45:00-04:00,2025-04-25T10:30:00-04:00,1,9.02676500,9.69710585,0.67034085,0.24802611,ATR_TARGET,1.97851806
ABCL,2025-04-25T09:30:00-04:00,2025-04-25T12:45:00-04:00,535,2.56192000,2.57934616,9.32299523,3.44950824,ATR_STOP,0.31338930
BLNK,2025-04-25T12:30:00-04:00,2025-04-25T13:45:00-04:00,1,0.80730503,0.78248479,-0.02482023,-0.00918349,ATR_STOP,-1.02423579
MRNA,2025-04-25T10:45:00-04:00,2025-04-25T15:15:00-04:00,50,27.62070000,27.00143667,-30.96316642,-11.45637157,ATR_STOP,-1.03383368
BIDU,2025-04-25T13:00:00-04:00,2025-04-28T09:30:00-04:00,15,91.10828000,89.70267250,-21.08411250,-7.80112163,STOP_GAP,-1.37438139
CSIQ,2025-04-25T15:30:00-04:00,2025-04-28T09:30:00-04:00,120,11.33349375,10.47713625,-102.76290000,-38.02227300,STOP_GAP,-1.72576235
RIVN,2025-04-25T10:45:00-04:00,2025-04-28T09:30:00-04:00,63,12.33424375,12.88665877,34.80214643,12.87679418,ATR_TARGET,1.96558453
EOSE,2025-04-25T13:15:00-04:00,2025-04-28T09:30:00-04:00,2,5.02876875,5.34504074,0.63254398,0.23404127,ATR_TARGET,1.97494853
HIVE,2025-04-25T11:15:00-04:00,2025-04-28T09:45:00-04:00,4,1.78133500,1.71991493,-0.24568029,-0.09090171,ATR_STOP,-1.02146885
MRNA,2025-04-29T09:45:00-04:00,2025-04-29T10:15:00-04:00,48,27.97096250,27.37577851,-28.56883159,-10.57046769,ATR_STOP,-1.03575693
HIVE,2025-04-29T10:45:00-04:00,2025-04-29T11:15:00-04:00,750,1.76632375,1.70354609,-47.08324504,-17.42080067,ATR_STOP,-1.02079087
ACHR,2025-04-29T09:45:00-04:00,2025-04-29T13:00:00-04:00,88,8.62646500,8.70417285,6.83829120,2.53016775,ATR_STOP,0.37569565
ABCL,2025-04-29T12:30:00-04:00,2025-04-29T15:30:00-04:00,492,2.63107183,2.55863252,-35.64013681,-13.18685062,ATR_STOP,-1.02723263
BTU,2025-04-28T09:30:00-04:00,2025-04-29T15:45:00-04:00,108,12.56942000,12.79124060,23.95662499,8.86395125,ATR_STOP,0.83228394
VISN,2025-04-29T09:45:00-04:00,2025-04-30T09:30:00-04:00,2,3.98298500,3.69722500,-0.57152000,-0.21146240,STOP_GAP,-2.66320840
SEDG,2025-04-29T14:00:00-04:00,2025-04-30T09:30:00-04:00,58,13.04577700,12.18085750,-50.16533100,-18.56117247,STOP_GAP,-2.46599156
QS,2025-04-29T14:45:00-04:00,2025-04-30T09:30:00-04:00,1,3.99799625,3.81713500,-0.18086125,-0.06691866,STOP_GAP,-2.46307563
TSLA,2025-04-29T15:45:00-04:00,2025-04-30T09:30:00-04:00,4,289.53428797,279.70006750,-39.33688190,-14.55464630,STOP_GAP,-1.89782029
EOSE,2025-04-29T15:45:00-04:00,2025-04-30T09:30:00-04:00,21,5.44908375,5.18610750,-5.52250125,-2.04332546,STOP_GAP,-1.89613778
AAOI,2025-05-13T09:45:00-04:00,2025-05-13T14:30:00-04:00,39,18.70401750,20.57535453,72.98214411,23.95780652,ATR_TARGET,1.98363021
EOSE,2025-05-13T09:45:00-04:00,2025-05-13T15:45:00-04:00,198,6.71503250,6.81460505,19.71536550,7.29468524,ATR_STOP,0.38145549
BTE,2025-05-13T10:45:00-04:00,2025-05-13T15:45:00-04:00,3,1.83137250,1.94781699,0.34933347,0.12925338,ATR_TARGET,1.97520137
SOFI,2025-05-14T09:45:00-04:00,2025-05-14T09:45:00-04:00,92,14.62095750,14.33384775,-26.41409697,-9.77321588,ATR_STOP,-1.03893036
LUMN,2025-05-13T15:30:00-04:00,2025-05-14T13:15:00-04:00,177,4.39829625,4.30369740,-16.74399715,-6.19527895,ATR_STOP,-1.03535343
QS,2025-05-13T09:45:00-04:00,2025-05-15T09:30:00-04:00,308,4.31823625,4.22915229,-27.43785878,-12.06974749,ATR_STOP,-1.03694862
AMC,2025-05-14T10:15:00-04:00,2025-05-15T09:30:00-04:00,476,2.79709625,2.73717368,-28.52314241,-10.55356269,ATR_STOP,-1.03550176
AAOI,2025-05-15T09:45:00-04:00,2025-05-15T10:00:00-04:00,68,19.43456500,18.66469863,-52.35091308,-19.36983784,ATR_STOP,-1.01853396
EOSE,2025-05-14T14:45:00-04:00,2025-05-15T10:30:00-04:00,1,6.99053897,6.75613601,-0.23440297,-0.08672910,ATR_STOP,-1.02211163
EOSE,2025-05-15T12:30:00-04:00,2025-05-15T12:45:00-04:00,1,7.22541500,6.96610196,-0.25931304,-0.09594583,ATR_STOP,-1.02057779
RIVN,2025-05-15T09:45:00-04:00,2025-05-15T13:30:00-04:00,88,15.09131000,15.18864811,8.56575410,3.16932902,ATR_STOP,0.27960484
ACHR,2025-05-14T13:45:00-04:00,2025-05-15T13:45:00-04:00,65,11.67875250,11.83896077,10.41353738,3.85300883,ATR_STOP,0.33666748
QUBT,2025-05-15T13:45:00-04:00,2025-05-16T09:30:00-04:00,145,9.23692250,10.52210250,186.35110000,68.94990700,TARGET_GAP,3.51023450
BBBY,2025-05-15T10:15:00-04:00,2025-05-16T09:30:00-04:00,224,5.75431250,6.21235906,102.60242857,37.96289857,ATR_TARGET,1.97984581
ALB,2025-05-16T09:30:00-04:00,2025-05-16T09:30:00-04:00,1,59.95493250,59.09257075,-0.86236175,-0.31907385,ATR_STOP,-1.05422029
MVST,2025-05-15T10:00:00-04:00,2025-05-16T10:00:00-04:00,2,3.16126918,3.26747127,0.21240420,0.07858955,ATR_STOP,0.51730969
ASTS,2025-05-16T09:45:00-04:00,2025-05-16T10:30:00-04:00,2,27.45977940,26.53675445,-1.84604990,-0.68303846,ATR_STOP,-1.02205441
AMC,2025-05-15T14:15:00-04:00,2025-05-16T10:45:00-04:00,276,2.77708125,2.87103056,25.93000965,9.59410357,ATR_TARGET,1.95515515
QS,2025-05-16T10:15:00-04:00,2025-05-16T11:45:00-04:00,4,4.36827375,4.55301936,0.73898244,0.27342350,ATR_TARGET,1.96367693
HIVE,2025-05-16T09:45:00-04:00,2025-05-16T14:00:00-04:00,731,1.91643625,2.05132824,98.60604527,36.48423675,ATR_TARGET,1.97742971
ASPN,2025-05-16T11:15:00-04:00,2025-05-16T15:45:00-04:00,1,6.13109488,6.34251224,0.21141737,0.07822443,ATR_STOP,0.96191664
MU,2025-05-16T09:30:00-04:00,2025-05-19T09:30:00-04:00,14,96.04197750,95.63821750,-5.65264000,-2.09147680,STOP_GAP,-0.36151480
SOFI,2025-05-16T11:15:00-04:00,2025-05-19T09:30:00-04:00,60,13.83967197,13.38495375,-27.28309350,-10.09474460,STOP_GAP,-1.86952359
PRCH,2025-05-16T14:15:00-04:00,2025-05-19T09:30:00-04:00,133,10.72303625,10.30226750,-55.96224375,-20.70603019,STOP_GAP,-1.25724699
BE,2025-05-16T14:30:00-04:00,2025-05-19T09:30:00-04:00,1,20.18512750,19.23556250,-0.94956500,-0.35133905,STOP_GAP,-2.90430467
JMIA,2025-05-16T12:15:00-04:00,2025-05-19T09:30:00-04:00,6,3.16737375,3.07395736,-0.56049833,-0.20738438,ATR_STOP,-1.02532344
TNYA,2025-05-19T13:30:00-04:00,2025-05-19T15:45:00-04:00,6,0.46715010,0.47615294,0.05401706,0.01998631,ATR_STOP,0.38864856
CAPR,2025-05-19T09:45:00-04:00,2025-05-20T09:30:00-04:00,146,9.61220375,10.85185500,180.98908250,66.96596052,TARGET_GAP,2.18616341
YINN,2025-05-19T11:30:00-04:00,2025-05-20T09:30:00-04:00,29,37.42805000,38.51109500,31.40830500,11.62107285,TARGET_GAP,2.29027930
BBBY,2025-05-20T10:15:00-04:00,2025-05-20T11:45:00-04:00,1,6.91017875,6.63726357,-0.27291518,-0.10097862,ATR_STOP,-1.01859299
ABCL,2025-05-20T13:30:00-04:00,2025-05-20T14:30:00-04:00,1,2.07655625,2.08380132,0.00724507,0.00268068,ATR_STOP,0.15252460
BE,2025-05-20T09:30:00-04:00,2025-05-20T14:45:00-04:00,60,19.30446750,18.94777778,-21.40138325,-7.91851180,ATR_STOP,-1.04152648
APPS,2025-05-20T12:15:00-04:00,2025-05-20T15:00:00-04:00,1,4.83362250,4.67264911,-0.16097339,-0.05956015,ATR_STOP,-1.02227218
AMC,2025-05-20T09:30:00-04:00,2025-05-20T15:45:00-04:00,503,2.90217500,3.01851410,58.51856623,21.65186950,ATR_TARGET,1.96179603
APP,2025-05-19T09:45:00-04:00,2025-05-21T09:30:00-04:00,3,367.27525000,359.41024000,-23.59503000,-8.73016110,STOP_GAP,-1.08697633
SLS,2025-05-20T15:15:00-04:00,2025-05-21T09:30:00-04:00,610,1.88641375,2.04846250,98.84973750,36.57440287,TARGET_GAP,2.79456657
MVST,2025-05-19T12:15:00-04:00,2025-05-21T09:30:00-04:00,4,3.51763625,3.67815264,0.64206555,0.23756425,ATR_STOP,0.77196354
IAUX,2025-05-21T09:30:00-04:00,2025-05-21T09:30:00-04:00,2749,0.54040500,0.55140994,30.25258667,11.19345707,ATR_TARGET,1.92751121
MU,2025-05-21T09:45:00-04:00,2025-05-21T13:15:00-04:00,15,98.61390500,97.42721236,-17.80038963,-6.58614416,ATR_STOP,-1.06566756
EVLV,2025-05-21T09:45:00-04:00,2025-05-21T13:15:00-04:00,149,5.82436500,5.89867193,11.07173272,4.09654111,ATR_STOP,0.30791781
AMC,2025-05-21T09:30:00-04:00,2025-05-21T13:30:00-04:00,496,2.99224250,2.92340782,-34.14200250,-12.63254093,ATR_STOP,-1.03292596
ADMA,2025-05-28T10:15:00-04:00,2025-05-28T11:45:00-04:00,74,20.06503750,19.69281385,-27.54455021,-10.19148358,ATR_STOP,-1.04135120
ABCL,2025-05-28T13:15:00-04:00,2025-05-29T09:30:00-04:00,713,2.05654125,2.00521787,-36.59357217,-14.24966929,ATR_STOP,-1.03021060
NXE,2025-05-28T09:45:00-04:00,2025-05-29T09:45:00-04:00,230,6.43982625,6.30413896,-31.20807575,-11.54698803,ATR_STOP,-1.03613173
BBBY,2025-05-29T09:30:00-04:00,2025-05-29T10:00:00-04:00,1,6.80510000,6.82421642,0.01911642,0.00707308,ATR_STOP,0.09371636
VUZI,2025-05-29T10:45:00-04:00,2025-05-29T12:15:00-04:00,460,3.16237000,2.96985507,-88.55686881,-32.76604146,ATR_STOP,-1.01171429
MVST,2025-05-28T11:00:00-04:00,2025-05-29T13:30:00-04:00,196,4.01300750,3.84048514,-33.81438289,-12.51132167,ATR_STOP,-1.01699203
TSLT,2025-05-29T09:45:00-04:00,2025-05-29T13:45:00-04:00,64,22.55690500,21.81337233,-47.58609057,-17.60685351,ATR_STOP,-1.02251540
CCJ,2025-05-29T15:45:00-04:00,2025-05-30T09:30:00-04:00,23,59.31445250,58.38617750,-21.35032500,-7.89962025,STOP_GAP,-1.19463442
VISN,2025-05-29T15:45:00-04:00,2025-05-30T09:30:00-04:00,225,6.29461743,6.17032741,-27.96525245,-10.34714341,ATR_STOP,-1.03870354
VUZI,2025-05-30T09:45:00-04:00,2025-05-30T09:45:00-04:00,436,3.22241500,3.02567162,-85.78011438,-31.73864232,ATR_STOP,-1.01167753
AMC,2025-05-30T10:15:00-04:00,2025-05-30T12:00:00-04:00,392,3.52764375,3.39623639,-51.51168573,-19.05932372,ATR_STOP,-1.01978211
TSLL,2025-05-30T10:30:00-04:00,2025-05-30T12:15:00-04:00,50,16.35225500,15.78104677,-28.56041153,-10.56735227,ATR_STOP,-1.02117526
STX,2025-05-30T10:15:00-04:00,2025-05-30T12:30:00-04:00,11,118.37871750,116.96620539,-15.53763316,-5.74892427,ATR_STOP,-1.06627090
APP,2025-05-30T15:30:00-04:00,2025-06-02T09:30:00-04:00,1,384.39808250,399.49594440,15.09786190,5.58620890,ATR_TARGET,1.96105306
NVTS,2025-06-02T09:45:00-04:00,2025-06-02T09:45:00-04:00,82,5.44908375,5.12936011,-26.21733826,-9.70041516,ATR_STOP,-1.01218812
AMC,2025-05-30T14:15:00-04:00,2025-06-02T10:00:00-04:00,385,3.53264750,3.40742812,-48.20945982,-17.83750013,ATR_STOP,-1.02084991
JMIA,2025-05-30T15:30:00-04:00,2025-06-02T10:00:00-04:00,414,3.28746375,3.18815357,-41.11441538,-15.21233369,ATR_STOP,-1.02469023
CCJ,2025-05-30T15:30:00-04:00,2025-06-03T09:30:00-04:00,5,58.65395750,60.66446750,10.05255000,3.71944350,TARGET_GAP,2.85758869
NVTS,2025-06-02T14:30:00-04:00,2025-06-03T10:15:00-04:00,14,5.53344698,6.18901466,9.17794753,3.39584059,ATR_TARGET,1.98592804
STX,2025-06-02T13:00:00-04:00,2025-06-03T11:00:00-04:00,3,119.48454625,121.81173856,6.98157692,2.58318346,ATR_TARGET,1.92439706
ABCL,2025-06-02T11:15:00-04:00,2025-06-03T11:30:00-04:00,632,2.11238310,2.23074260,74.80320165,27.67718461,ATR_TARGET,1.97210265
LUMN,2025-06-03T11:45:00-04:00,2025-06-03T14:45:00-04:00,5,4.01801125,4.09934919,0.40668972,0.15047520,ATR_STOP,0.87352504
IAUX,2025-06-03T09:30:00-04:00,2025-06-03T15:45:00-04:00,557,0.54540875,0.55141955,3.34801537,1.23876569,ATR_STOP,0.40523612
ABCL,2025-06-03T11:45:00-04:00,2025-06-04T09:30:00-04:00,609,2.23667625,2.27702600,24.57300050,9.09201018,ATR_STOP,0.58424026
SOFI,2025-06-02T12:15:00-04:00,2025-06-04T10:00:00-04:00,97,13.64842865,13.35014174,-28.93383006,-10.70551712,ATR_STOP,-1.03475989
BTE,2025-06-04T09:45:00-04:00,2025-06-04T10:45:00-04:00,95,1.79634625,1.74194260,-5.16834680,-1.91228832,ATR_STOP,-1.02462393
MRNA,2025-06-03T11:15:00-04:00,2025-06-04T14:30:00-04:00,13,27.88089500,27.11861781,-9.90960347,-3.66655329,ATR_STOP,-1.02743442
CAPR,2025-06-04T10:15:00-04:00,2025-06-05T09:30:00-04:00,112,11.58368125,12.49062500,101.57770000,37.58374900,TARGET_GAP,1.98990389
APP,2025-06-04T09:45:00-04:00,2025-06-05T09:30:00-04:00,3,402.96199500,418.26281590,45.90246269,15.54576151,ATR_TARGET,1.95979026
TNYA,2025-06-04T15:45:00-04:00,2025-06-05T09:45:00-04:00,685,0.52299195,0.52560550,1.79028175,0.66240425,STOP_GAP,0.14878748
JMIA,2025-06-04T11:00:00-04:00,2025-06-05T09:45:00-04:00,52,3.35751625,3.24889645,-5.64822953,-2.08984493,ATR_STOP,-1.02296545
SOXL,2025-06-05T09:45:00-04:00,2025-06-05T09:45:00-04:00,71,19.49461000,19.02111275,-33.61830485,-12.43877280,ATR_STOP,-1.03108863
SOFI,2025-06-05T10:15:00-04:00,2025-06-05T11:00:00-04:00,34,13.83867123,14.30163331,15.74071099,5.82406307,ATR_TARGET,1.95467867
SGMT,2025-06-05T10:15:00-04:00,2025-06-05T11:00:00-04:00,2,4.44132850,5.18114522,1.47963344,0.54746437,ATR_TARGET,1.98954216
PLTR,2025-06-05T09:45:00-04:00,2025-06-05T12:30:00-04:00,10,132.22909750,129.47971008,-27.49387422,-10.17273346,ATR_STOP,-1.03664222
QUBT,2025-06-04T09:30:00-04:00,2025-06-05T12:45:00-04:00,26,12.46934500,12.03254908,-11.35669384,-4.20197672,ATR_STOP,-1.02111251
AFRM,2025-06-05T10:15:00-04:00,2025-06-05T12:45:00-04:00,24,55.46656875,56.10488646,15.31962498,5.66826124,ATR_STOP,0.65845626
PLUG,2025-06-03T10:30:00-04:00,2025-06-05T15:15:00-04:00,91,0.90998197,0.86790527,-3.82898014,-1.41672265,ATR_STOP,-1.01572512
SEDG,2025-06-05T13:45:00-04:00,2025-06-05T15:15:00-04:00,76,17.93344000,17.37118769,-42.73117551,-15.81053494,ATR_STOP,-1.02373968
TSLZ,2025-06-05T14:15:00-04:00,2025-06-05T15:15:00-04:00,33,40.53037500,44.73846768,138.86705849,51.38081164,ATR_TARGET,1.98416708
PRME,2025-06-05T15:45:00-04:00,2025-06-06T09:30:00-04:00,1008,1.39104250,1.52382257,133.84230644,49.52165338,ATR_TARGET,1.98291977
ASTS,2025-06-05T14:45:00-04:00,2025-06-09T09:30:00-04:00,9,29.55214750,32.25579000,24.33278250,9.00312952,TARGET_GAP,2.19449637
CAPR,2025-06-06T09:45:00-04:00,2025-06-09T09:30:00-04:00,3,13.50011750,14.61843876,3.35496377,1.24133660,ATR_TARGET,1.98056828
ALB,2025-06-06T09:45:00-04:00,2025-06-09T13:00:00-04:00,24,60.07001875,62.85729677,66.89467240,24.75102879,ATR_TARGET,1.96671083
DDD,2025-06-06T09:45:00-04:00,2025-06-09T14:30:00-04:00,833,1.73129750,1.83576626,87.02247947,32.19831740,ATR_TARGET,1.97396501
IAUX,2025-06-09T10:45:00-04:00,2025-06-09T15:45:00-04:00,2,0.62696988,0.64279729,0.03165482,0.01171228,ATR_STOP,0.98324600
ABCL,2025-06-09T09:45:00-04:00,2025-06-10T09:45:00-04:00,129,2.50687875,2.63148136,16.07373720,5.94728276,ATR_TARGET,1.96879241
SEDG,2025-06-09T13:15:00-04:00,2025-06-10T09:45:00-04:00,76,19.24792512,19.53309508,21.67291628,8.01897902,ATR_STOP,0.47088153
BTE,2025-06-06T10:00:00-04:00,2025-06-10T10:00:00-04:00,3,1.77633125,1.89010811,0.34133057,0.12629231,ATR_TARGET,1.97536978
MVST,2025-06-10T09:30:00-04:00,2025-06-10T13:30:00-04:00,11,4.10307500,4.14834690,0.49799089,0.18425663,ATR_STOP,0.43295826
MU,2025-06-10T10:00:00-04:00,2025-06-10T14:00:00-04:00,13,112.80303888,113.33622651,6.93143922,2.56463251,ATR_STOP,0.38359321
SOXL,2025-06-10T10:00:00-04:00,2025-06-10T14:00:00-04:00,16,21.10421630,21.57549552,7.54046759,2.78997301,ATR_STOP,0.91845576
JMIA,2025-06-09T15:00:00-04:00,2025-06-10T15:30:00-04:00,431,3.41756125,3.57481784,67.77758944,25.07770809,ATR_TARGET,1.96644829
NIO,2025-06-10T14:30:00-04:00,2025-06-11T09:30:00-04:00,399,3.76282000,3.85854356,38.19369988,14.13166896,ATR_TARGET,1.94126769
NVTS,2025-06-10T10:15:00-04:00,2025-06-11T09:45:00-04:00,1,8.14110125,8.50128666,0.36018541,0.13326860,ATR_STOP,0.55821624
SOFI,2025-06-10T14:45:00-04:00,2025-06-11T10:00:00-04:00,25,14.41580375,14.60039396,4.61475521,1.70745943,ATR_STOP,0.74422925
NXE,2025-06-11T09:45:00-04:00,2025-06-11T10:15:00-04:00,237,6.41981125,6.64127119,52.48600658,19.41982244,ATR_TARGET,1.95597430
IAUX,2025-06-11T09:30:00-04:00,2025-06-11T10:30:00-04:00,2427,0.62496838,0.66049844,86.23146393,31.90564165,ATR_TARGET,1.97247831
PLUG,2025-06-11T09:45:00-04:00,2025-06-11T13:45:00-04:00,3,1.34220590,1.40738976,0.19555157,0.07235408,ATR_STOP,0.69248366
VISN,2025-06-11T10:15:00-04:00,2025-06-11T14:00:00-04:00,6,6.30972875,6.15777916,-0.91169756,-0.33732810,ATR_STOP,-1.03137087
ADMA,2025-06-11T10:30:00-04:00,2025-06-12T12:45:00-04:00,71,21.83636500,21.33068710,-35.90313082,-13.28415840,ATR_STOP,-1.03269568
NVTS,2025-06-12T13:45:00-04:00,2025-06-12T14:45:00-04:00,187,8.16612000,7.75768693,-76.37698422,-28.25948416,ATR_STOP,-1.01446220
APPS,2025-06-05T11:15:00-04:00,2025-06-13T09:30:00-04:00,92,5.28896375,4.78640750,-46.23517500,-17.10701475,STOP_GAP,-1.33596963
BTE,2025-06-11T14:15:00-04:00,2025-06-13T09:30:00-04:00,42,2.00650375,2.16837250,6.79848750,2.51544037,TARGET_GAP,2.80012570
CCJ,2025-06-11T10:15:00-04:00,2025-06-13T09:30:00-04:00,5,66.59490875,65.14863923,-7.23134759,-2.67559861,ATR_STOP,-1.03499295
ASTS,2025-06-11T10:45:00-04:00,2025-06-13T09:30:00-04:00,42,36.50065498,39.28532142,116.95599066,43.27371654,ATR_TARGET,1.97904442
VSAT,2025-06-12T15:30:00-04:00,2025-06-13T09:30:00-04:00,128,11.48360625,12.04899814,72.37016238,26.77696008,ATR_TARGET,1.96851332
BEKE,2025-06-13T09:45:00-04:00,2025-06-13T11:45:00-04:00,48,19.31447500,19.08697467,-10.92001591,-4.04040589,ATR_STOP,-1.06720309
PLTR,2025-06-13T09:45:00-04:00,2025-06-13T14:15:00-04:00,11,136.94263000,137.53823377,6.55164151,2.42410736,ATR_STOP,0.26285729
BTE,2025-06-13T15:15:00-04:00,2025-06-16T09:30:00-04:00,748,2.09657125,2.03105242,-49.00808468,-18.13299133,ATR_STOP,-1.02382135
IAUX,2025-06-13T09:45:00-04:00,2025-06-17T09:45:00-04:00,2353,0.66760032,0.69461697,63.57017713,23.52096554,ATR_STOP,1.18114573
KTOS,2025-06-17T10:00:00-04:00,2025-06-17T11:00:00-04:00,37,42.21163500,43.62207337,52.18621959,19.30890125,ATR_TARGET,1.95462642
EOSE,2025-06-17T10:00:00-04:00,2025-06-17T13:00:00-04:00,10,4.69852125,4.46681907,-2.31702182,-0.85729807,ATR_STOP,-1.01468200
INTC,2025-06-17T13:30:00-04:00,2025-06-17T14:15:00-04:00,3,21.28595250,20.97511701,-0.93250647,-0.34502739,ATR_STOP,-1.05334989
ABCL,2025-06-17T09:45:00-04:00,2025-06-17T14:30:00-04:00,483,3.25744125,3.14230999,-55.60839881,-20.57510756,ATR_STOP,-1.02091375
WTI,2025-06-17T09:45:00-04:00,2025-06-18T09:30:00-04:00,381,2.17663125,2.34430543,63.88386171,23.63702883,ATR_TARGET,1.97923024
IAUX,2025-06-17T15:15:00-04:00,2025-06-18T09:30:00-04:00,4,0.71543618,0.70047525,-0.05984371,-0.02214217,ATR_STOP,-1.03642150
TPET,2025-06-17T13:15:00-04:00,2025-06-18T09:45:00-04:00,1044,1.51123257,1.79301762,294.18359093,108.84792865,ATR_TARGET,1.99049363
VSAT,2025-06-17T14:45:00-04:00,2025-06-18T11:30:00-04:00,120,13.25993750,13.35181112,11.02483479,4.07918887,ATR_STOP,0.23802939
TDUP,2025-06-17T15:00:00-04:00,2025-06-18T13:30:00-04:00,1,8.01100375,8.37172699,0.36072324,0.13346760,ATR_TARGET,1.96575808
BTE,2025-06-17T10:00:00-04:00,2025-06-20T11:00:00-04:00,1,2.12159000,2.05562016,-0.06596984,-0.02440884,ATR_STOP,-1.02394762
ABCL,2025-06-24T09:45:00-04:00,2025-06-24T11:30:00-04:00,488,3.40755375,3.62101266,104.16794815,38.54214082,ATR_TARGET,1.97485578
NXE,2025-06-24T10:00:00-04:00,2025-06-24T11:45:00-04:00,1,6.82011125,6.69180508,-0.12830617,-0.04747328,ATR_STOP,-1.04074040
APPS,2025-06-24T12:30:00-04:00,2025-06-24T14:30:00-04:00,6,5.75931625,5.50085384,-1.55077447,-0.57378655,ATR_STOP,-1.01623354
AMD,2025-06-24T09:45:00-04:00,2025-06-25T09:30:00-04:00,12,134.40072500,140.83429500,77.20284000,28.56505080,TARGET_GAP,2.30395111
BE,2025-06-24T14:45:00-04:00,2025-06-25T09:45:00-04:00,1,22.64697250,22.22664145,-0.42033105,-0.15552249,ATR_STOP,-1.04132925
SOFI,2025-06-24T09:45:00-04:00,2025-06-25T10:00:00-04:00,5,15.71677875,15.99941680,1.41319024,0.52288039,ATR_STOP,0.84803704
PRME,2025-06-24T14:15:00-04:00,2025-06-25T10:15:00-04:00,1,2.45103690,2.29761633,-0.15342057,-0.05676561,ATR_STOP,-1.01136816
EVLV,2025-06-25T09:45:00-04:00,2025-06-25T10:45:00-04:00,266,6.28471000,6.11409895,-45.38253860,-16.79153928,ATR_STOP,-1.02764101
AAOI,2025-06-25T11:00:00-04:00,2025-06-25T12:30:00-04:00,70,23.94674660,25.96608002,141.35333958,52.30073565,ATR_TARGET,1.98088193
SLS,2025-06-24T12:30:00-04:00,2025-06-26T09:30:00-04:00,970,1.75631625,1.88954541,129.23228521,47.81594553,ATR_TARGET,1.97893427
VSAT,2025-06-25T14:15:00-04:00,2025-06-26T09:30:00-04:00,7,14.51087500,14.04759461,-3.24296273,-1.19989621,ATR_STOP,-1.02328859
MU,2025-06-24T09:45:00-04:00,2025-06-26T09:45:00-04:00,7,125.75924875,127.76993275,14.07478802,5.20767157,ATR_STOP,0.93993394
SOFI,2025-06-26T09:45:00-04:00,2025-06-26T09:45:00-04:00,6,16.31722875,16.04828602,-1.61365639,-0.59705287,ATR_STOP,-1.04688737
QS,2025-06-26T09:45:00-04:00,2025-06-26T10:30:00-04:00,299,5.93945125,6.89399385,285.40823866,105.60104830,ATR_TARGET,1.98921687
NXE,2025-06-26T11:30:00-04:00,2025-06-26T13:15:00-04:00,21,6.85513750,6.89879023,0.91670732,0.33918171,ATR_STOP,0.35404183
GME,2025-06-25T13:15:00-04:00,2025-06-26T14:00:00-04:00,74,23.39253125,23.98614968,43.92776366,16.25327255,ATR_TARGET,1.94112989
RIVN,2025-06-26T10:00:00-04:00,2025-06-27T09:30:00-04:00,71,13.98137818,13.73881271,-17.22214814,-6.37219481,ATR_STOP,-1.04439906
SOFI,2025-06-26T15:00:00-04:00,2025-06-27T09:30:00-04:00,105,16.71752875,17.16658532,47.15094012,17.44584785,ATR_TARGET,1.94421540
JMIA,2025-06-26T13:45:00-04:00,2025-06-27T10:45:00-04:00,45,3.28746375,3.29178470,0.19444262,0.07194377,ATR_STOP,0.05666859
TNYA,2025-06-25T14:15:00-04:00,2025-06-27T13:45:00-04:00,6,0.68040992,0.64940504,-0.18602929,-0.06883084,ATR_STOP,-1.01597182
BILL,2025-06-26T11:15:00-04:00,2025-06-27T13:45:00-04:00,40,45.15884375,45.65032583,19.65928322,7.27393479,ATR_STOP,0.77491997
AFRM,2025-06-27T09:45:00-04:00,2025-06-27T13:45:00-04:00,27,67.64069250,68.25360169,16.54854825,6.12296285,ATR_STOP,0.61102903
JMIA,2025-06-27T11:15:00-04:00,2025-06-27T15:30:00-04:00,44,3.40755375,3.63216665,9.88296741,3.65669794,ATR_TARGET,1.97601671
BLNK,2025-06-26T10:15:00-04:00,2025-06-30T09:30:00-04:00,4,0.99274400,0.92463696,-0.27242816,-0.10079842,ATR_STOP,-1.01029472
VSXY,2025-06-27T09:45:00-04:00,2025-06-30T09:30:00-04:00,49,19.29446000,18.89731235,-19.46023494,-7.20028693,ATR_STOP,-1.03703643
SEDG,2025-06-27T15:15:00-04:00,2025-06-30T09:30:00-04:00,95,19.61470000,20.81423324,113.95565788,42.16359342,ATR_TARGET,1.97428742
LUMN,2025-06-27T15:45:00-04:00,2025-06-30T11:30:00-04:00,416,4.50337500,4.40178888,-42.25982650,-15.63613580,ATR_STOP,-1.03361561
EVLV,2025-06-30T09:30:00-04:00,2025-06-30T13:00:00-04:00,13,6.27470250,6.29891695,0.31478780,0.11647149,ATR_STOP,0.17337234
SEDG,2025-06-30T11:45:00-04:00,2025-06-30T15:45:00-04:00,86,21.26593750,20.36618893,-77.37837673,-28.62999939,ATR_STOP,-1.01728293
EOSE,2025-06-30T10:15:00-04:00,2025-07-01T09:30:00-04:00,1,4.84002730,5.02622750,0.18620020,0.06889407,STOP_GAP,0.89650655
ACHR,2025-06-30T09:45:00-04:00,2025-07-01T09:30:00-04:00,176,10.73654638,10.42039367,-55.64287609,-20.58786415,ATR_STOP,-1.02536608
QS,2025-06-30T09:45:00-04:00,2025-07-01T09:30:00-04:00,142,6.87515250,6.46523939,-58.20766117,-21.53683463,ATR_STOP,-1.01197986
GME,2025-06-30T13:45:00-04:00,2025-07-01T09:30:00-04:00,3,24.02800750,24.06891355,0.12271815,0.04540572,ATR_STOP,0.13233371
NXE,2025-06-30T12:00:00-04:00,2025-07-01T10:00:00-04:00,2,6.92519000,6.79600381,-0.25837238,-0.09559778,ATR_STOP,-1.04110741
HIVE,2025-07-01T10:00:00-04:00,2025-07-01T10:30:00-04:00,1,1.88141000,1.89064469,0.00923469,0.00341684,ATR_STOP,0.14338522
NIO,2025-07-01T09:45:00-04:00,2025-07-01T10:45:00-04:00,518,3.55266250,3.48585839,-34.60453057,-12.80367631,ATR_STOP,-1.04076098
BBBY,2025-07-01T09:45:00-04:00,2025-07-01T11:45:00-04:00,157,6.99524250,7.58521814,92.62617620,34.27168519,ATR_TARGET,1.98088474
VSAT,2025-07-01T12:00:00-04:00,2025-07-01T12:00:00-04:00,76,15.04127250,14.69000949,-26.69598894,-9.87751591,ATR_STOP,-1.03240614
INTC,2025-07-01T11:15:00-04:00,2025-07-01T12:45:00-04:00,80,22.75705500,22.79463048,3.00603810,1.11223410,ATR_STOP,0.11906241
PRCH,2025-07-01T13:45:00-04:00,2025-07-02T09:30:00-04:00,144,12.62946500,12.06094750,-81.86652000,-30.29061240,STOP_GAP,-1.02773038
STX,2025-07-01T09:30:00-04:00,2025-07-02T09:30:00-04:00,12,143.74773000,146.01995562,27.26670738,10.08868173,ATR_TARGET,1.90797202
PRME,2025-07-01T14:15:00-04:00,2025-07-02T09:45:00-04:00,1,2.66699875,2.98094441,0.31394566,0.11615990,ATR_TARGET,1.98584753
NIO,2025-07-02T09:45:00-04:00,2025-07-02T10:00:00-04:00,517,3.54265500,3.48043984,-32.16523962,-11.90113866,ATR_STOP,-1.04382824
PLUG,2025-07-02T09:45:00-04:00,2025-07-02T10:30:00-04:00,2,1.49111750,1.41814304,-0.14594892,-0.05400110,ATR_STOP,-1.01480190
DDD,2025-07-01T12:15:00-04:00,2025-07-02T11:15:00-04:00,726,1.57117750,1.67774278,77.36639231,28.62556515,ATR_TARGET,1.97664258
EOSE,2025-07-02T09:45:00-04:00,2025-07-02T15:45:00-04:00,330,5.07880625,4.87542870,-67.11459136,-24.83239880,ATR_STOP,-1.01832239
LUMN,2025-07-01T11:30:00-04:00,2025-07-03T09:45:00-04:00,3,4.47835625,4.54179110,0.19030455,0.07041268,STOP_GAP,0.59758290
GGLL,2025-07-02T10:15:00-04:00,2025-07-03T09:45:00-04:00,51,34.96620500,35.23355500,13.63485000,5.04489450,STOP_GAP,0.40211675
MRNA,2025-07-02T10:15:00-04:00,2025-07-03T09:45:00-04:00,1,29.64221500,30.25811163,0.61589663,0.22788175,ATR_STOP,0.74294044
ABCL,2025-07-02T11:45:00-04:00,2025-07-03T09:45:00-04:00,330,3.61771125,3.68995556,23.84062078,8.82102969,ATR_STOP,0.57744728
JMIA,2025-07-03T09:30:00-04:00,2025-07-03T09:45:00-04:00,3,4.41330750,4.46763108,0.16297075,0.06029918,ATR_STOP,0.28898839
PLUG,2025-07-03T10:00:00-04:00,2025-07-03T10:45:00-04:00,1207,1.53114750,1.45996948,-85.91187461,-31.78739361,ATR_STOP,-1.01563590
VSXY,2025-07-03T09:30:00-04:00,2025-07-03T12:45:00-04:00,73,20.33524000,20.54011430,14.95582415,5.53365493,ATR_STOP,0.38918395
SLS,2025-07-03T12:15:00-04:00,2025-07-07T09:30:00-04:00,2,2.18663875,2.10163758,-0.17000234,-0.06290087,ATR_STOP,-1.01890842
GGLL,2025-07-03T13:00:00-04:00,2025-07-07T09:30:00-04:00,41,35.93693250,35.39743896,-22.11923519,-8.18411702,ATR_STOP,-1.05179700
SOFI,2025-07-03T10:00:00-04:00,2025-07-07T10:00:00-04:00,65,18.48885625,19.22751884,48.01306816,17.76483522,ATR_TARGET,1.96167421
EOSE,2025-07-07T09:45:00-04:00,2025-07-07T11:30:00-04:00,20,5.30397500,5.11607491,-3.75800182,-1.39046068,ATR_STOP,-1.02086240
APPS,2025-07-03T10:45:00-04:00,2025-07-07T12:45:00-04:00,1,5.95446250,5.69528651,-0.25917599,-0.09589512,ATR_STOP,-1.01676990
ABCL,2025-07-07T10:15:00-04:00,2025-07-07T13:30:00-04:00,319,3.87270235,4.10651851,74.58735410,27.59732102,ATR_TARGET,1.97397871
BBBY,2025-07-07T13:45:00-04:00,2025-07-07T14:15:00-04:00,163,7.83427130,7.54955590,-46.40860989,-17.17118566,ATR_STOP,-1.02030617
VISN,2025-07-03T11:00:00-04:00,2025-07-07T14:30:00-04:00,1,8.46134125,8.27139983,-0.18994142,-0.07027832,ATR_STOP,-1.03378924
AFRM,2025-07-07T12:15:00-04:00,2025-07-08T09:30:00-04:00,1,70.49283000,72.77187642,2.27904642,0.84324718,ATR_TARGET,1.95318965
CLOV,2025-07-07T13:15:00-04:00,2025-07-08T09:30:00-04:00,13,2.90717875,3.16726931,3.38117734,1.25103562,ATR_TARGET,1.98188551
APP,2025-07-07T09:45:00-04:00,2025-07-08T09:45:00-04:00,4,344.03783500,351.24321248,28.82150991,10.66395867,ATR_STOP,0.94101455
FIVN,2025-07-03T11:00:00-04:00,2025-07-08T10:30:00-04:00,64,27.89590625,29.00416918,70.92882780,26.24366628,ATR_TARGET,1.96147110
BTE,2025-07-08T09:45:00-04:00,2025-07-08T10:30:00-04:00,60,1.84168023,1.94590162,6.25328398,2.31371507,ATR_TARGET,1.97236005
MIST,2025-07-07T15:15:00-04:00,2025-07-08T10:45:00-04:00,574,2.19664625,2.23093489,19.68167742,7.28222065,ATR_STOP,0.39460522
BILL,2025-07-08T10:45:00-04:00,2025-07-08T11:15:00-04:00,1,48.68148375,47.89691176,-0.78457199,-0.29029164,ATR_STOP,-1.04802107
CGTX,2025-07-08T09:30:00-04:00,2025-07-08T11:30:00-04:00,3,0.59684730,0.52394620,-0.21870331,-0.08092022,ATR_STOP,-1.00542361
PLUG,2025-07-08T10:00:00-04:00,2025-07-08T13:15:00-04:00,958,1.45609125,1.39131177,-62.05874368,-22.96173516,ATR_STOP,-1.01638446
AAOI,2025-07-08T14:00:00-04:00,2025-07-09T09:45:00-04:00,50,26.99022750,28.66208250,83.59275013,30.92931755,ATR_TARGET,1.97459182
PRME,2025-07-08T14:00:00-04:00,2025-07-09T09:45:00-04:00,1,4.03802625,4.50826234,0.47023609,0.17398736,ATR_TARGET,1.98571118
DDD,2025-07-08T11:00:00-04:00,2025-07-09T10:15:00-04:00,764,1.72629375,1.74641195,15.37030539,5.68701299,ATR_STOP,0.36812717
SOXL,2025-07-08T10:45:00-04:00,2025-07-09T10:30:00-04:00,70,26.43981500,26.67253789,16.29060222,6.02752282,ATR_STOP,0.29743159
CGTX,2025-07-09T09:30:00-04:00,2025-07-09T11:30:00-04:00,7,0.56242150,0.57039891,0.05584185,0.02066149,ATR_STOP,0.15204775
KTOS,2025-07-09T11:00:00-04:00,2025-07-10T09:30:00-04:00,41,44.95369000,46.59292913,67.20880439,24.86725762,ATR_TARGET,1.95822397
PRME,2025-07-09T11:00:00-04:00,2025-07-10T09:30:00-04:00,6,4.73354750,4.37642123,-2.14275760,-0.79282031,ATR_STOP,-1.00928319
ABCL,2025-07-09T12:30:00-04:00,2025-07-10T09:45:00-04:00,1,4.09416833,4.17620430,0.08203597,0.03035331,ATR_STOP,0.61739443
KTOS,2025-07-10T09:45:00-04:00,2025-07-10T09:45:00-04:00,41,46.33472500,45.59734897,-30.23241732,-11.18599441,ATR_STOP,-1.04867178
QS,2025-07-09T10:00:00-04:00,2025-07-10T11:15:00-04:00,165,8.48135625,8.74357169,43.26554733,16.00825251,ATR_STOP,0.64489527
HIVE,2025-07-10T11:30:00-04:00,2025-07-10T15:45:00-04:00,6,2.25699147,2.28939139,0.19439948,0.07192781,ATR_STOP,0.41670607
PENG,2025-07-09T10:30:00-04:00,2025-07-11T09:30:00-04:00,59,22.42000240,23.51235250,64.44865590,23.84600268,STOP_GAP,1.33583335
SOXL,2025-07-10T11:30:00-04:00,2025-07-11T09:30:00-04:00,51,27.70576375,26.83985500,-44.16134625,-16.33969811,STOP_GAP,-1.19513713
DDD,2025-07-10T10:15:00-04:00,2025-07-11T09:30:00-04:00,1038,1.82636875,1.76944198,-59.08998981,-21.86329623,ATR_STOP,-1.02388685
CSIQ,2025-07-11T09:30:00-04:00,2025-07-11T09:30:00-04:00,135,13.98047750,13.74731637,-31.47675255,-11.64639844,ATR_STOP,-1.04630269
BBBY,2025-07-08T12:30:00-04:00,2025-07-11T09:45:00-04:00,6,8.08606000,7.75090882,-2.01090706,-0.74403561,ATR_STOP,-1.01766459
ACHR,2025-07-11T09:45:00-04:00,2025-07-11T11:00:00-04:00,12,10.91818250,10.63263395,-3.42658257,-1.26783555,ATR_STOP,-1.02875136
HIVE,2025-07-11T09:45:00-04:00,2025-07-11T11:45:00-04:00,773,2.43162235,2.32932579,-79.07523798,-29.25783805,ATR_STOP,-1.01738773
SOFI,2025-07-11T09:45:00-04:00,2025-07-14T09:30:00-04:00,87,21.51612500,20.96557573,-47.89778685,-17.72218113,ATR_STOP,-1.02942332
BTE,2025-07-11T11:15:00-04:00,2025-07-14T09:30:00-04:00,69,1.94155507,1.88482687,-3.91424617,-1.44827108,ATR_STOP,-1.02557568
TNYA,2025-07-10T15:15:00-04:00,2025-07-14T10:00:00-04:00,2,0.68951675,0.69138107,0.00372865,0.00137960,STOP_GAP,0.07734694
SEDG,2025-07-14T09:45:00-04:00,2025-07-14T10:00:00-04:00,68,27.15535125,26.30621875,-57.74101019,-21.36417377,ATR_STOP,-1.02380607
ALB,2025-07-14T09:45:00-04:00,2025-07-14T10:00:00-04:00,1,72.77454000,71.23574825,-1.53879175,-0.56935295,ATR_STOP,-1.03599678
PLTR,2025-07-11T09:45:00-04:00,2025-07-14T14:30:00-04:00,5,143.57760250,147.94966331,21.86030406,8.08831250,ATR_TARGET,1.95046045
QS,2025-07-11T10:15:00-04:00,2025-07-15T09:30:00-04:00,5,9.33199375,10.44715875,5.57582500,2.06305525,TARGET_GAP,2.86822278
BTU,2025-07-11T12:00:00-04:00,2025-07-15T09:30:00-04:00,121,15.05128000,14.67499957,-45.52993208,-16.84607487,ATR_STOP,-1.03015477
PRME,2025-07-14T10:15:00-04:00,2025-07-15T09:45:00-04:00,24,4.62996988,4.70147125,1.71603300,0.63493221,STOP_GAP,0.25848907
ABCL,2025-07-14T11:00:00-04:00,2025-07-15T10:00:00-04:00,1,4.30322500,4.14898285,-0.15424215,-0.05706960,ATR_STOP,-1.02060552
TSLT,2025-07-15T09:45:00-04:00,2025-07-15T10:30:00-04:00,114,15.92693625,15.53765918,-44.37758643,-16.41970698,ATR_STOP,-1.03088328
CLOV,2025-07-14T10:15:00-04:00,2025-07-15T10:45:00-04:00,601,3.04728375,2.96394213,-50.08831138,-18.53267521,ATR_STOP,-1.02742490
INTC,2025-07-15T09:45:00-04:00,2025-07-15T12:30:00-04:00,11,23.55765500,23.25099437,-3.37326695,-1.24810877,ATR_STOP,-1.06034154
SOFI,2025-07-15T10:15:00-04:00,2025-07-15T13:30:00-04:00,1,21.46108375,21.01344898,-0.44763477,-0.16562487,ATR_STOP,-1.03652066
GGLL,2025-07-15T11:15:00-04:00,2025-07-15T15:45:00-04:00,48,37.46808000,36.74369533,-34.77046403,-12.86507169,ATR_STOP,-1.03957837
REPL,2025-07-15T12:00:00-04:00,2025-07-16T09:30:00-04:00,3,11.75881250,13.18010750,4.26388500,1.57763745,TARGET_GAP,3.22917123
NIO,2025-07-15T15:45:00-04:00,2025-07-16T09:30:00-04:00,1,4.25819125,4.17724121,-0.08095004,-0.02995152,ATR_STOP,-1.04029162
SEDG,2025-07-16T09:30:00-04:00,2025-07-16T09:30:00-04:00,66,27.33048250,26.45628103,-57.69729688,-21.34799984,ATR_STOP,-1.02324251
APP,2025-07-16T09:45:00-04:00,2025-07-16T11:45:00-04:00,5,355.83667750,349.31518314,-32.60747179,-12.06476456,ATR_STOP,-1.04188688
PLTR,2025-07-14T15:00:00-04:00,2025-07-17T09:30:00-04:00,4,148.38120250,152.23746505,15.42505019,5.16256687,ATR_TARGET,1.94244401
ASTS,2025-07-15T12:00:00-04:00,2025-07-17T09:30:00-04:00,35,50.05751500,53.51776656,121.10880458,44.81025769,ATR_TARGET,1.97704935
SGML,2025-07-15T14:30:00-04:00,2025-07-17T10:00:00-04:00,45,6.14460500,6.55233113,18.34767585,6.78864007,ATR_TARGET,1.97616378
CLOV,2025-07-16T13:15:00-04:00,2025-07-17T10:30:00-04:00,4,3.00225000,3.11702142,0.45908569,0.16986171,ATR_TARGET,1.96004608
PLUG,2025-07-17T09:45:00-04:00,2025-07-17T12:00:00-04:00,409,1.57618125,1.61752161,16.90820881,6.25603726,ATR_STOP,0.72038506
APP,2025-07-17T09:45:00-04:00,2025-07-17T13:15:00-04:00,5,360.44262938,361.78204449,6.69707557,2.47791796,ATR_STOP,0.19347781
PLTR,2025-07-17T10:15:00-04:00,2025-07-17T15:15:00-04:00,1,152.80451750,153.81590284,1.01138534,0.37421258,ATR_STOP,0.50829468
KC,2025-07-17T10:45:00-04:00,2025-07-18T09:30:00-04:00,10,14.84612625,15.78815000,9.42023750,3.48548787,TARGET_GAP,2.93816737
PLUG,2025-07-17T15:30:00-04:00,2025-07-18T09:45:00-04:00,108,1.66384695,1.68824856,2.63537434,0.97508851,ATR_STOP,0.41676681
BBBY,2025-07-17T14:00:00-04:00,2025-07-18T10:45:00-04:00,227,7.99098875,8.52413466,121.02412270,44.77892540,ATR_TARGET,1.97628404
CCJ,2025-07-17T13:00:00-04:00,2025-07-18T11:30:00-04:00,8,77.65820000,79.85000920,17.53447361,6.48775523,ATR_TARGET,1.94676791
NIO,2025-07-18T10:00:00-04:00,2025-07-18T11:45:00-04:00,40,4.50837875,4.38846313,-4.79662490,-1.77475121,ATR_STOP,-1.02824358
CGTX,2025-07-16T09:45:00-04:00,2025-07-18T12:30:00-04:00,5,0.63537617,0.67773831,0.21181069,0.07836996,ATR_STOP,0.77697506
TSLR,2025-07-16T12:30:00-04:00,2025-07-18T12:45:00-04:00,92,18.96421250,19.45817165,45.44424215,16.81436960,ATR_STOP,0.76205054
TWLO,2025-07-18T12:00:00-04:00,2025-07-21T09:45:00-04:00,6,130.10750750,130.91174250,4.82541000,1.78540170,STOP_GAP,0.38611777
TSLL,2025-07-18T14:15:00-04:00,2025-07-21T09:45:00-04:00,147,12.44933000,12.48432973,5.14495958,1.90363504,STOP_GAP,0.09980644
RIVN,2025-07-18T11:30:00-04:00,2025-07-21T09:45:00-04:00,139,13.45008000,13.78689819,46.81772841,17.32255951,ATR_STOP,0.95615092
HIVE,2025-07-21T09:45:00-04:00,2025-07-21T10:30:00-04:00,817,2.30843003,2.46390648,127.02426459,46.99897790,ATR_TARGET,1.97649061
AMD,2025-07-21T10:45:00-04:00,2025-07-21T12:15:00-04:00,12,159.85980500,157.45293943,-28.88238688,-10.68648315,ATR_STOP,-1.05163586
GME,2025-07-21T14:00:00-04:00,2025-07-21T14:45:00-04:00,3,23.62770750,24.22334531,1.78691342,0.66115796,ATR_TARGET,1.94076056
TDUP,2025-07-21T10:15:00-04:00,2025-07-21T15:45:00-04:00,3,7.80585000,8.34429165,1.61532494,0.59767023,ATR_TARGET,1.97700436
APP,2025-07-21T13:00:00-04:00,2025-07-21T15:45:00-04:00,5,372.59924000,364.40169831,-40.98770845,-15.16545213,ATR_STOP,-1.03451605
NIO,2025-07-21T09:45:00-04:00,2025-07-22T09:30:00-04:00,160,4.55811603,4.80117758,38.88984907,14.38924415,ATR_TARGET,1.97078156
EVLV,2025-07-21T15:15:00-04:00,2025-07-22T09:30:00-04:00,14,6.00450000,6.22738749,3.12042491,1.15455722,ATR_TARGET,1.95892060
SGML,2025-07-18T09:45:00-04:00,2025-07-22T09:45:00-04:00,23,6.79008875,6.93353060,3.29916246,1.22069011,ATR_STOP,0.50983400
YINN,2025-07-21T10:15:00-04:00,2025-07-22T09:45:00-04:00,41,45.74428250,45.98810278,9.99663154,3.69875367,ATR_STOP,0.41096895
BIDU,2025-07-22T09:45:00-04:00,2025-07-22T09:45:00-04:00,9,90.32769500,89.33023857,-8.97710788,-3.32152992,ATR_STOP,-1.07206294
BIDU,2025-07-22T10:30:00-04:00,2025-07-22T11:45:00-04:00,10,91.06825000,93.26868614,22.00436144,8.14161373,ATR_TARGET,1.93833441
HIVE,2025-07-22T12:15:00-04:00,2025-07-23T09:45:00-04:00,387,2.40180000,2.39949902,-0.89047733,-0.32947661,STOP_GAP,-0.02120850
CLOV,2025-07-22T09:45:00-04:00,2025-07-23T11:00:00-04:00,10,3.24232992,3.48089235,2.38562428,0.88268098,ATR_TARGET,1.97833417
RIVN,2025-07-22T10:45:00-04:00,2025-07-23T11:00:00-04:00,2,14.21054993,13.83269488,-0.75571009,-0.27961273,ATR_STOP,-1.02825327
CGTX,2025-07-22T13:00:00-04:00,2025-07-23T11:45:00-04:00,2,0.76302184,0.77596675,0.02588982,0.00957923,ATR_STOP,0.31386098
BTE,2025-07-22T10:00:00-04:00,2025-07-23T13:00:00-04:00,966,1.97147750,2.06261932,88.04299637,32.57590866,ATR_TARGET,1.96659561
VISN,2025-07-23T11:15:00-04:00,2025-07-23T15:15:00-04:00,11,8.03602250,8.41854794,4.20777984,1.55687854,ATR_TARGET,1.96750034
GGLL,2025-07-23T15:30:00-04:00,2025-07-23T15:45:00-04:00,2,40.34023250,39.78362570,-1.11321360,-0.41188903,ATR_STOP,-1.05668781
NVTS,2025-07-24T09:30:00-04:00,2025-07-24T09:30:00-04:00,5,8.87164875,8.56520035,-1.53224199,-0.56692953,ATR_STOP,-1.02142767
DDD,2025-07-23T13:30:00-04:00,2025-07-24T10:00:00-04:00,1013,1.90142500,2.01284720,112.87069265,41.76215628,ATR_TARGET,1.97324486
CGTX,2025-07-23T14:45:00-04:00,2025-07-24T10:45:00-04:00,44,0.79854846,0.84901736,2.22063128,0.82163357,ATR_TARGET,1.97506206
TDUP,2025-07-22T09:30:00-04:00,2025-07-24T11:15:00-04:00,222,8.36627000,8.07308822,-65.08635499,-24.08195134,ATR_STOP,-1.02110375
QS,2025-07-24T10:30:00-04:00,2025-07-24T12:45:00-04:00,147,13.29996750,12.62924531,-98.59616195,-36.48057992,ATR_STOP,-1.01433519
STX,2025-07-23T10:00:00-04:00,2025-07-24T15:45:00-04:00,6,150.40521938,152.48571749,12.48298869,4.61870582,ATR_STOP,1.00545729
BTU,2025-07-24T11:00:00-04:00,2025-07-25T09:30:00-04:00,4,17.63781845,17.22707000,-1.64299380,-0.60790771,STOP_GAP,-1.07378232
NVTS,2025-07-24T13:45:00-04:00,2025-07-25T09:30:00-04:00,215,8.92669000,8.60255487,-69.68905374,-25.78494989,ATR_STOP,-1.02032483
EVLV,2025-07-24T10:00:00-04:00,2025-07-25T10:00:00-04:00,7,6.65498750,6.48378854,-1.19839273,-0.44340531,ATR_STOP,-1.02925761
RIVN,2025-07-25T09:30:00-04:00,2025-07-25T10:45:00-04:00,70,13.90041750,14.28893246,27.19604749,10.06253757,ATR_TARGET,1.94627417
NIO,2025-07-25T10:15:00-04:00,2025-07-25T12:00:00-04:00,390,4.93359743,4.97267455,15.24008049,5.63882978,ATR_STOP,0.37593956
EOSE,2025-07-23T15:30:00-04:00,2025-07-25T12:45:00-04:00,1,6.31203048,6.41494956,0.10291908,0.03808006,ATR_STOP,0.44727154
AMD,2025-07-24T11:45:00-04:00,2025-07-28T09:30:00-04:00,11,163.45549975,168.92321250,60.14484025,22.25359089,TARGET_GAP,2.03880929
IAUX,2025-07-25T14:30:00-04:00,2025-07-28T09:30:00-04:00,3,0.62987205,0.61638424,-0.04046342,-0.01497147,ATR_STOP,-1.03551854
APPS,2025-07-25T12:15:00-04:00,2025-07-28T09:45:00-04:00,354,5.43907625,5.43092375,-2.88598500,-1.06781445,STOP_GAP,-0.05470120
PLUG,2025-07-25T12:30:00-04:00,2025-07-28T09:45:00-04:00,552,1.82636875,1.80784310,-10.22615880,-3.78367876,STOP_GAP,-0.26017016
ABCL,2025-07-25T13:00:00-04:00,2025-07-28T09:45:00-04:00,1,4.98373500,4.97126875,-0.01246625,-0.00461251,STOP_GAP,-0.07445259
MVST,2025-07-28T09:45:00-04:00,2025-07-28T11:00:00-04:00,261,3.42756875,3.33337091,-24.58563715,-9.09668574,ATR_STOP,-1.02728479
BTE,2025-07-28T09:45:00-04:00,2025-07-28T11:15:00-04:00,897,2.15661625,2.18033243,21.27341050,7.87116189,ATR_STOP,0.44370551
MRNA,2025-07-28T12:45:00-04:00,2025-07-28T15:30:00-04:00,56,34.39577750,33.79360576,-33.72161741,-12.47699844,ATR_STOP,-1.04397347
VISN,2025-07-28T09:45:00-04:00,2025-07-29T09:30:00-04:00,240,8.06604500,8.39370000,78.63720000,29.09576400,TARGET_GAP,2.16662363
APP,2025-07-28T13:30:00-04:00,2025-07-29T09:30:00-04:00,2,368.60624750,378.90466714,20.59683928,7.62083053,ATR_TARGET,1.94625402
NVTS,2025-07-29T09:30:00-04:00,2025-07-29T09:30:00-04:00,25,8.45633750,8.20967813,-6.16648436,-2.28159921,ATR_STOP,-1.02562139
APP,2025-07-29T09:45:00-04:00,2025-07-29T10:00:00-04:00,2,374.13038750,367.53344394,-13.19388712,-4.88173824,ATR_STOP,-1.04364075
CCJ,2025-07-29T09:30:00-04:00,2025-07-29T11:00:00-04:00,24,79.22937750,79.18362419,-1.09807933,-0.40628935,ATR_STOP,-0.06221207
NXE,2025-07-29T09:30:00-04:00,2025-07-29T11:15:00-04:00,274,7.09531750,6.98615849,-29.90956883,-11.06654047,ATR_STOP,-1.05045978
EVLV,2025-07-29T13:30:00-04:00,2025-07-29T15:30:00-04:00,278,6.97993103,6.80561301,-48.46040863,-17.93035119,ATR_STOP,-1.03018759
GGLL,2025-07-29T12:00:00-04:00,2025-07-30T09:45:00-04:00,46,41.76129750,42.12410897,16.68932783,6.17505130,ATR_STOP,0.58183707
VISN,2025-07-30T09:45:00-04:00,2025-07-30T12:45:00-04:00,224,8.52639000,8.31077047,-48.29877494,-17.87054673,ATR_STOP,-1.02979130
BE,2025-07-30T10:15:00-04:00,2025-07-30T13:15:00-04:00,54,35.57666250,37.37996489,97.37832922,36.02998181,ATR_TARGET,1.96936043
LUMN,2025-07-29T09:45:00-04:00,2025-07-30T14:00:00-04:00,46,4.55341250,4.46970988,-3.85032051,-1.42461859,ATR_STOP,-1.04175345
ASPN,2025-07-29T13:45:00-04:00,2025-07-30T14:00:00-04:00,91,7.73079375,8.25806088,47.98130869,17.75308422,ATR_TARGET,1.97676252
BTE,2025-07-30T13:00:00-04:00,2025-07-30T14:30:00-04:00,863,2.18203530,2.13296494,-42.34772027,-15.66865650,ATR_STOP,-1.03372537
EOSE,2025-07-30T10:45:00-04:00,2025-07-30T14:45:00-04:00,1,6.25969125,6.06184909,-0.19784216,-0.07320160,ATR_STOP,-1.02353843
ASPN,2025-07-30T14:15:00-04:00,2025-07-30T14:45:00-04:00,235,8.28621000,8.06909434,-51.02218049,-18.87820678,ATR_STOP,-1.02869508
AMD,2025-07-30T14:45:00-04:00,2025-07-30T14:45:00-04:00,10,180.17513007,177.75119124,-24.23938836,-8.96857369,ATR_STOP,-1.05824579
TSLZ,2025-07-30T15:00:00-04:00,2025-07-30T15:45:00-04:00,60,31.69375250,30.66062758,-61.98749537,-22.93537329,ATR_STOP,-1.02278235
EOSE,2025-07-31T10:15:00-04:00,2025-07-31T10:45:00-04:00,2,6.52288850,6.09765197,-0.85047305,-0.92298582,ATR_STOP,-1.01087974
VSAT,2025-07-31T09:45:00-04:00,2025-07-31T13:00:00-04:00,119,16.02200750,17.19855478,140.00912582,51.80337655,ATR_TARGET,1.97829495
BE,2025-07-31T09:45:00-04:00,2025-07-31T15:45:00-04:00,49,38.35374375,36.94777053,-68.89268796,-25.49029454,ATR_STOP,-1.02012102
ADMA,2025-07-31T09:45:00-04:00,2025-08-01T09:30:00-04:00,49,18.73404000,18.35542310,-18.55222810,-6.86432440,STOP_GAP,-1.30807432
LUMN,2025-07-31T11:45:00-04:00,2025-08-01T09:30:00-04:00,3,4.49817110,4.01698500,-1.44355830,-0.53411657,STOP_GAP,-4.52175313
APPS,2025-07-31T15:30:00-04:00,2025-08-01T09:30:00-04:00,1,5.47410250,5.23607000,-0.23803250,-0.08807203,STOP_GAP,-1.39017523
TSLQ,2025-07-31T14:00:00-04:00,2025-08-01T10:00:00-04:00,1,54.39076250,57.49641741,3.10565491,1.14909232,ATR_TARGET,1.97258985
BTE,2025-08-01T09:45:00-04:00,2025-08-01T10:00:00-04:00,878,2.18163500,2.10483085,-67.43404497,-24.95059664,ATR_STOP,-1.02100129
VSAT,2025-07-31T13:15:00-04:00,2025-08-01T11:15:00-04:00,119,16.25218000,16.32079478,8.16515889,3.02110879,ATR_STOP,0.09457482
TSLZ,2025-08-01T09:45:00-04:00,2025-08-01T11:30:00-04:00,25,34.02550000,32.67078196,-33.86795109,-12.53114190,ATR_STOP,-1.01843448
TDUP,2025-08-01T13:15:00-04:00,2025-08-04T09:45:00-04:00,220,8.55641250,8.99827593,97.20995523,35.96768344,ATR_TARGET,1.96989071
STX,2025-08-01T15:45:00-04:00,2025-08-04T10:00:00-04:00,5,154.38570250,154.88530529,2.49801397,0.92426517,ATR_STOP,0.20386362
ADMA,2025-08-01T12:00:00-04:00,2025-08-04T14:00:00-04:00,98,19.31447500,20.11917871,78.86096340,29.17855646,ATR_TARGET,1.96316021
SOFI,2025-08-05T09:45:00-04:00,2025-08-05T11:30:00-04:00,88,21.87639500,21.43289268,-39.02820431,-14.44043560,ATR_STOP,-1.03763722
VSAT,2025-08-05T09:45:00-04:00,2025-08-06T09:30:00-04:00,45,20.88565250,22.90247226,90.75688928,33.58004903,ATR_TARGET,1.98309767
EVLV,2025-08-05T13:45:00-04:00,2025-08-06T09:30:00-04:00,272,7.01025375,7.02972082,5.29504296,1.95916590,ATR_STOP,0.14779360
BTE,2025-08-06T09:45:00-04:00,2025-08-06T12:00:00-04:00,451,2.18713913,2.13277409,-24.51862935,-9.07189286,ATR_STOP,-1.03033837
REPL,2025-08-05T09:45:00-04:00,2025-08-06T12:15:00-04:00,324,5.99449250,5.50474983,-158.67662616,-58.71035168,ATR_STOP,-1.00850817
PLTR,2025-08-06T09:45:00-04:00,2025-08-06T13:00:00-04:00,11,174.52579625,176.93090757,26.45622456,9.78880309,ATR_STOP,0.61064712
BE,2025-08-06T12:15:00-04:00,2025-08-07T10:00:00-04:00,24,39.61468875,38.14102241,-35.36799210,-13.08615708,ATR_STOP,-1.01981070
PRCH,2025-08-07T09:30:00-04:00,2025-08-07T10:15:00-04:00,117,16.34224750,15.55855627,-91.69187445,-33.92599355,ATR_STOP,-1.01512626
AFRM,2025-08-06T15:15:00-04:00,2025-08-07T10:30:00-04:00,24,77.27291125,77.89192161,14.85624866,5.49681201,ATR_STOP,0.47924795
BTU,2025-08-07T15:15:00-04:00,2025-08-08T09:30:00-04:00,52,16.99273500,17.55803332,29.39551251,10.87633963,ATR_TARGET,1.95443755
AFRM,2025-08-07T15:15:00-04:00,2025-08-08T09:45:00-04:00,24,78.55387125,77.03450774,-36.46472428,-13.49194798,ATR_STOP,-1.03956038
EOSE,2025-08-07T09:45:00-04:00,2025-08-08T10:15:00-04:00,2,6.69491742,6.43678790,-0.51625904,-0.19101585,ATR_STOP,-1.01907322
MU,2025-08-08T10:15:00-04:00,2025-08-08T11:00:00-04:00,16,113.50506500,116.89115873,54.17749970,20.04567489,ATR_TARGET,1.94948848
ALB,2025-08-08T11:15:00-04:00,2025-08-08T15:45:00-04:00,25,74.19060125,75.41104820,30.51117372,11.28913428,ATR_STOP,0.63350849
VISN,2025-08-07T12:15:00-04:00,2025-08-11T09:30:00-04:00,126,14.91617875,15.79314625,110.49790500,40.88422485,TARGET_GAP,2.01566074
IAUX,2025-08-08T09:45:00-04:00,2025-08-11T09:30:00-04:00,4,0.60885630,0.59564209,-0.05285683,-0.01955703,ATR_STOP,-1.03501699
JMIA,2025-08-11T09:30:00-04:00,2025-08-11T09:30:00-04:00,329,5.88441000,6.30119541,137.12240135,50.73528850,ATR_TARGET,1.97755978
NIO,2025-08-08T11:15:00-04:00,2025-08-11T10:15:00-04:00,11,4.82861875,4.91141578,0.91076733,0.33698391,ATR_STOP,0.86620772
QS,2025-08-11T09:45:00-04:00,2025-08-11T10:15:00-04:00,214,9.21190375,8.91036917,-64.52840116,-23.87550843,ATR_STOP,-1.02268226
QUBT,2025-08-08T09:45:00-04:00,2025-08-11T10:45:00-04:00,10,16.01200000,16.17678190,1.64781904,0.60969304,ATR_STOP,0.32738649
PLTR,2025-08-08T09:45:00-04:00,2025-08-11T15:30:00-04:00,4,186.60985250,182.57699110,-16.13144559,-5.96863487,ATR_STOP,-1.03517496
TSLT,2025-08-11T09:45:00-04:00,2025-08-12T10:00:00-04:00,110,17.60319250,16.99717051,-66.66241851,-24.66509485,ATR_STOP,-1.02150381
QS,2025-08-12T10:15:00-04:00,2025-08-12T11:00:00-04:00,2,9.32198625,9.00257666,-0.63881917,-0.23636309,ATR_STOP,-1.02161185
CGTX,2025-08-11T12:00:00-04:00,2025-08-12T11:45:00-04:00,323,0.84573382,0.94751391,32.87496734,12.16373792,ATR_TARGET,1.98612235
NXE,2025-08-12T09:30:00-04:00,2025-08-12T13:30:00-04:00,107,6.85513750,6.89506203,4.27192446,1.58061205,ATR_STOP,0.39216890
CGTX,2025-08-12T12:00:00-04:00,2025-08-12T15:30:00-04:00,330,0.95441528,1.06138657,35.30052662,13.06119485,ATR_TARGET,1.98521569
SOXL,2025-08-12T10:15:00-04:00,2025-08-13T09:30:00-04:00,70,26.75004750,28.62851250,131.49255000,48.65224350,TARGET_GAP,2.56232421
JMIA,2025-08-12T14:00:00-04:00,2025-08-13T09:30:00-04:00,105,6.99524250,7.47439000,50.31048750,18.61488037,TARGET_GAP,2.08676277
APP,2025-08-11T10:30:00-04:00,2025-08-13T09:45:00-04:00,4,469.60193750,454.77085564,-59.32432746,-21.95000116,ATR_STOP,-1.02355694
PLUG,2025-08-12T15:00:00-04:00,2025-08-13T09:45:00-04:00,1,1.55116250,1.67235553,0.12119303,0.04484142,ATR_TARGET,1.97949814
QS,2025-08-12T15:45:00-04:00,2025-08-13T09:45:00-04:00,35,9.38203125,9.42274709,1.42505448,0.52727016,ATR_STOP,0.17675081
AAOI,2025-08-13T09:45:00-04:00,2025-08-13T10:15:00-04:00,30,24.02800750,23.03111875,-29.90666236,-11.06546507,ATR_STOP,-1.01764624
ABCL,2025-08-13T10:15:00-04:00,2025-08-13T13:30:00-04:00,439,4.52839375,4.61615596,38.52761022,14.25521578,ATR_STOP,0.58168553
CMPX,2025-08-13T12:30:00-04:00,2025-08-13T15:45:00-04:00,1,3.28246000,3.10461269,-0.17784731,-0.06580350,ATR_STOP,-1.01327624
HIVE,2025-08-13T09:45:00-04:00,2025-08-14T09:30:00-04:00,921,2.17012637,2.16837250,-1.61531887,-0.59766798,STOP_GAP,-0.03430836
VSAT,2025-08-13T10:45:00-04:00,2025-08-14T09:30:00-04:00,33,27.02025000,27.10965250,2.95028250,1.09160452,STOP_GAP,0.13215618
LUMN,2025-08-13T14:45:00-04:00,2025-08-14T09:45:00-04:00,474,4.21315750,4.27236124,28.06257080,10.38315120,ATR_STOP,0.66850132
AMD,2025-08-14T09:45:00-04:00,2025-08-14T10:00:00-04:00,4,185.30887750,181.39589974,-15.65191103,-5.79120708,ATR_STOP,-1.03604851
ABCL,2025-08-14T10:00:00-04:00,2025-08-14T10:45:00-04:00,428,4.71353250,4.51099572,-86.68574004,-32.07372381,ATR_STOP,-1.01700110
CGTX,2025-08-14T09:45:00-04:00,2025-08-14T11:00:00-04:00,1477,1.35401475,1.63142382,409.73318973,151.60128020,ATR_TARGET,1.99121078
CCJ,2025-08-14T10:15:00-04:00,2025-08-14T11:15:00-04:00,11,77.00771250,75.79439600,-13.34648146,-4.93819814,ATR_STOP,-1.04919326
OTLK,2025-08-14T13:15:00-04:00,2025-08-14T15:15:00-04:00,434,2.18663875,2.39302171,89.57020340,33.14097526,ATR_TARGET,1.98274453
INTC,2025-08-14T11:45:00-04:00,2025-08-14T15:30:00-04:00,92,22.44692257,23.12580013,62.45673483,23.10899189,ATR_TARGET,1.95013933
TNYA,2025-08-14T14:00:00-04:00,2025-08-15T09:30:00-04:00,1,0.88796548,0.95928000,0.07131452,0.02638637,TARGET_GAP,2.14738704
BE,2025-08-14T15:45:00-04:00,2025-08-15T09:45:00-04:00,46,44.89864875,43.75824769,-52.45844855,-19.40962596,ATR_STOP,-1.02965382
GME,2025-08-15T09:45:00-04:00,2025-08-15T10:00:00-04:00,2,22.97922150,22.77316547,-0.41211207,-0.15248147,ATR_STOP,-1.09045508
GGLL,2025-08-14T11:15:00-04:00,2025-08-15T11:30:00-04:00,45,45.62419250,45.88529789,11.74974266,4.34740479,ATR_STOP,0.29521774
CGTX,2025-08-15T10:15:00-04:00,2025-08-15T12:45:00-04:00,28,1.92013903,1.64948502,-7.57831213,-2.80397549,ATR_STOP,-1.00459528
PLUG,2025-08-13T15:15:00-04:00,2025-08-18T09:30:00-04:00,10,1.63622625,1.66084140,0.24615155,0.09107607,ATR_STOP,0.34793266
AFRM,2025-08-14T15:30:00-04:00,2025-08-18T09:30:00-04:00,13,77.13781000,79.52090060,30.98017776,11.46266577,ATR_TARGET,1.95113311
HIVE,2025-08-15T13:30:00-04:00,2025-08-18T09:30:00-04:00,28,2.22796973,2.36632955,3.87407515,1.43340781,ATR_TARGET,1.97465205
VISN,2025-08-15T12:15:00-04:00,2025-08-18T09:45:00-04:00,132,15.50161750,15.71370276,27.99525482,10.35824428,ATR_STOP,0.55801767
AAOI,2025-08-15T10:00:00-04:00,2025-08-18T10:30:00-04:00,90,22.50686750,24.25532914,157.36154719,58.22377246,ATR_TARGET,1.97939040
AMC,2025-08-12T10:45:00-04:00,2025-08-18T15:30:00-04:00,1,3.10232500,2.96182239,-0.14050261,-0.05198597,ATR_STOP,-1.01607637
CLOV,2025-08-18T10:15:00-04:00,2025-08-18T15:30:00-04:00,761,2.71113182,2.63548543,-57.56691005,-21.29975672,ATR_STOP,-1.02685141
BLNK,2025-08-18T13:45:00-04:00,2025-08-19T09:30:00-04:00,6,1.04067993,0.97926500,-0.36848955,-0.13634113,STOP_GAP,-1.40757606
MU,2025-08-19T09:30:00-04:00,2025-08-19T09:30:00-04:00,16,123.03220500,121.84507739,-18.99404182,-7.02779547,ATR_STOP,-1.08346670
NXE,2025-08-19T09:30:00-04:00,2025-08-19T09:30:00-04:00,9,7.01525750,6.91960692,-0.86085519,-0.31851642,ATR_STOP,-1.05741514
VISN,2025-08-19T09:45:00-04:00,2025-08-19T09:45:00-04:00,128,15.79183500,15.47414699,-40.66406555,-15.04570425,ATR_STOP,-1.03794616
TSLA,2025-08-19T10:00:00-04:00,2025-08-19T10:30:00-04:00,5,339.22422750,334.73620759,-22.44009956,-8.30283684,ATR_STOP,-1.05929990
TSLL,2025-08-19T10:00:00-04:00,2025-08-19T10:30:00-04:00,23,12.79959250,12.47243961,-7.52451658,-2.78407113,ATR_STOP,-1.02945752
FIVN,2025-08-18T11:00:00-04:00,2025-08-19T11:30:00-04:00,79,26.72002500,26.15557267,-44.59173403,-16.49894159,ATR_STOP,-1.03603276
OTLK,2025-08-19T09:45:00-04:00,2025-08-19T12:30:00-04:00,1,2.82361613,2.65472750,-0.16888862,-0.06248879,ATR_STOP,-1.01193881
EVLV,2025-08-18T11:00:00-04:00,2025-08-19T13:00:00-04:00,1,8.13609750,7.79754755,-0.33854995,-0.12526348,ATR_STOP,-1.01759121
IAUX,2025-08-18T09:45:00-04:00,2025-08-19T14:00:00-04:00,1570,0.70322703,0.67359905,-46.51592442,-17.21089204,ATR_STOP,-1.01736047
CGTX,2025-08-19T14:45:00-04:00,2025-08-20T09:30:00-04:00,1295,1.61641140,1.81084809,251.79551266,93.16433968,ATR_TARGET,1.98611661
LUMN,2025-08-19T15:15:00-04:00,2025-08-20T09:30:00-04:00,235,4.58843875,4.50257896,-20.17705075,-7.46550878,ATR_STOP,-1.04097303
YINN,2025-08-20T09:45:00-04:00,2025-08-20T09:45:00-04:00,47,45.56414750,45.03261087,-24.98222179,-9.24342206,ATR_STOP,-1.06790699
TSLQ,2025-08-20T09:45:00-04:00,2025-08-20T10:00:00-04:00,24,47.85586500,50.35793818,60.04975640,22.21840987,ATR_TARGET,1.97023722
ALKS,2025-08-19T11:15:00-04:00,2025-08-20T10:15:00-04:00,69,28.60143500,28.79362119,13.26084679,4.90651331,ATR_STOP,0.50919461
BEKE,2025-08-20T09:45:00-04:00,2025-08-20T10:30:00-04:00,1,18.29871375,18.10893266,-0.18978109,-0.07021900,ATR_STOP,-1.07714374
IAUX,2025-08-20T10:15:00-04:00,2025-08-20T14:15:00-04:00,3101,0.69682223,0.67640248,-63.32161434,-23.42899730,ATR_STOP,-1.02549624
KC,2025-08-20T12:15:00-04:00,2025-08-21T10:00:00-04:00,154,13.92043250,13.42252287,-76.67808310,-28.37089075,ATR_STOP,-1.02065134
SLS,2025-08-20T15:15:00-04:00,2025-08-21T10:15:00-04:00,1137,1.86639875,1.80611095,-68.54722719,-25.36247406,ATR_STOP,-1.02300270
BE,2025-08-20T13:30:00-04:00,2025-08-21T12:45:00-04:00,23,44.13307500,44.39634002,6.05509556,2.24038536,ATR_STOP,0.19369695
BEKE,2025-08-21T11:45:00-04:00,2025-08-21T14:30:00-04:00,111,18.56391250,18.30728844,-28.48527101,-10.53955028,ATR_STOP,-1.05657356
BTE,2025-08-21T14:15:00-04:00,2025-08-22T09:45:00-04:00,3,2.01150750,2.08298230,0.21442440,0.07933703,ATR_TARGET,1.95718928
BBBY,2025-08-21T13:15:00-04:00,2025-08-22T10:00:00-04:00,109,9.33249413,9.92226106,64.28459576,23.78530043,ATR_TARGET,1.97505993
AAOI,2025-08-21T14:45:00-04:00,2025-08-22T10:00:00-04:00,86,23.53764000,24.83297792,111.39906149,41.21765275,ATR_TARGET,1.97163007
RIVN,2025-08-21T15:00:00-04:00,2025-08-22T10:00:00-04:00,1,12.12408625,12.50170678,0.37762053,0.13971960,ATR_TARGET,1.95150788
REPL,2025-08-21T15:00:00-04:00,2025-08-22T11:45:00-04:00,1,5.61921125,5.60790557,-0.01130568,-0.00418310,ATR_STOP,-0.07403697
CGTX,2025-08-22T10:00:00-04:00,2025-08-22T12:00:00-04:00,5,2.17162750,2.47912629,1.53749393,0.56887275,ATR_TARGET,1.98797037
ABCL,2025-08-22T10:15:00-04:00,2025-08-22T15:30:00-04:00,222,4.50837875,4.36367433,-32.12438102,-11.88602098,ATR_STOP,-1.02315796
CLOV,2025-08-21T10:30:00-04:00,2025-08-25T09:30:00-04:00,806,2.61696125,2.74569744,103.76136917,38.39170659,ATR_TARGET,1.96848829
MVST,2025-08-22T10:15:00-04:00,2025-08-25T09:30:00-04:00,788,2.74705875,2.65810380,-70.09650247,-25.93570592,ATR_STOP,-1.02294247
CGTX,2025-08-22T15:45:00-04:00,2025-08-25T09:30:00-04:00,1,2.78068395,3.24075764,0.46007369,0.17022726,ATR_TARGET,1.98948168
RIVN,2025-08-22T15:45:00-04:00,2025-08-25T10:00:00-04:00,75,13.01975750,13.46872694,33.67270828,12.45890206,ATR_TARGET,1.95595905
IAUX,2025-08-25T09:45:00-04:00,2025-08-25T11:15:00-04:00,18,0.77117795,0.74986178,-0.38369108,-0.14196570,ATR_STOP,-1.02711940
NIO,2025-08-25T09:45:00-04:00,2025-08-25T12:00:00-04:00,329,6.51488250,6.26176770,-83.27476853,-30.81166436,ATR_STOP,-1.01891936
PLUG,2025-08-22T12:45:00-04:00,2025-08-25T12:30:00-04:00,10,1.64283120,1.65984892,0.17017719,0.06296556,ATR_STOP,0.29069614
EOSE,2025-08-25T14:00:00-04:00,2025-08-26T09:30:00-04:00,6,6.30972875,6.55196481,1.45341638,0.53776406,ATR_TARGET,1.96020564
BTE,2025-08-25T14:15:00-04:00,2025-08-26T09:30:00-04:00,2,2.16162000,2.11861803,-0.08600394,-0.03182146,ATR_STOP,-1.03839861
SLS,2025-08-25T10:15:00-04:00,2025-08-26T10:00:00-04:00,514,1.93795238,1.87526506,-32.22127744,-11.92187265,ATR_STOP,-1.02296849
TDUP,2025-08-25T09:45:00-04:00,2025-08-26T12:45:00-04:00,180,11.90892500,11.53830641,-66.71134662,-24.68319825,ATR_STOP,-1.02392603
BEKE,2025-08-26T09:45:00-04:00,2025-08-26T13:15:00-04:00,2,19.31447500,18.86322503,-0.90249994,-0.33392498,ATR_STOP,-1.03239144
BE,2025-08-26T13:00:00-04:00,2025-08-26T14:15:00-04:00,41,50.96819750,49.86307379,-45.31007230,-16.76472675,ATR_STOP,-1.03505239
TSLL,2025-08-25T11:45:00-04:00,2025-08-27T09:30:00-04:00,1,13.13484375,13.89644583,0.76160208,0.28179277,ATR_TARGET,1.97298000
HIVE,2025-08-26T09:45:00-04:00,2025-08-27T09:30:00-04:00,2,2.68190992,2.85865642,0.35349300,0.13079241,ATR_TARGET,1.97601234
TSLT,2025-08-26T15:30:00-04:00,2025-08-27T09:45:00-04:00,1,18.39378500,18.51213159,0.11834659,0.04378824,ATR_STOP,0.33709226
JMIA,2025-08-26T11:00:00-04:00,2025-08-27T10:00:00-04:00,111,8.79379040,8.91135182,13.04931758,4.82824751,ATR_STOP,0.41240371
VSAT,2025-08-27T10:45:00-04:00,2025-08-27T13:00:00-04:00,31,31.43355750,33.24203080,56.06267228,20.74318874,ATR_TARGET,1.97278290
RIVN,2025-08-26T14:30:00-04:00,2025-08-27T13:45:00-04:00,158,13.18568185,13.25492477,10.94038066,4.04794084,ATR_STOP,0.30829428
VSXY,2025-08-27T13:30:00-04:00,2025-08-28T09:30:00-04:00,44,22.76706250,24.97125750,96.98458000,35.88429460,TARGET_GAP,4.61033469
TSLL,2025-08-27T09:45:00-04:00,2025-08-28T10:15:00-04:00,2,13.70026750,13.36900621,-0.66252258,-0.24513335,ATR_STOP,-1.03123735
EVLV,2025-08-27T11:00:00-04:00,2025-08-29T09:30:00-04:00,3,8.42631500,8.25644150,-0.50962050,-0.18855958,ATR_STOP,-1.03786114
JMIA,2025-08-27T13:30:00-04:00,2025-08-29T09:30:00-04:00,1,9.13684750,8.85346745,-0.28338005,-0.10485062,ATR_STOP,-1.02401245
SOFI,2025-08-28T09:45:00-04:00,2025-08-29T09:30:00-04:00,39,25.46408375,25.92475875,17.96632493,6.64754022,ATR_STOP,1.00219229
SEDG,2025-08-25T12:30:00-04:00,2025-08-29T10:00:00-04:00,63,32.79457750,33.70867025,57.58784343,21.30750207,ATR_STOP,0.78200678
VISN,2025-08-29T09:45:00-04:00,2025-08-29T10:00:00-04:00,63,16.30221750,16.02446102,-17.49865830,-6.47450357,ATR_STOP,-1.04526176
BTE,2025-08-27T14:00:00-04:00,2025-08-29T10:30:00-04:00,959,2.18163500,2.19555095,13.34539886,4.93779758,ATR_STOP,0.32681427
IAUX,2025-08-29T10:00:00-04:00,2025-08-29T13:30:00-04:00,19,0.78749018,0.79103325,0.06731846,0.02490783,ATR_STOP,0.16938456
ECHO,2025-08-29T12:15:00-04:00,2025-08-29T14:15:00-04:00,37,57.89338750,60.57999260,99.40438870,36.77962382,ATR_TARGET,1.96671460
BLNK,2025-08-29T14:15:00-04:00,2025-09-02T09:30:00-04:00,15,1.17588125,1.10916750,-1.00070625,-0.37026131,STOP_GAP,-1.07589548
NXE,2025-08-29T15:45:00-04:00,2025-09-02T09:30:00-04:00,6,7.89591750,7.59430000,-1.80970500,-0.66959085,STOP_GAP,-2.04725356
HIVE,2025-08-29T13:00:00-04:00,2025-09-02T09:30:00-04:00,309,2.97723125,2.86921079,-33.37832230,-12.34997925,ATR_STOP,-1.02034179
ASTS,2025-08-29T15:45:00-04:00,2025-09-02T09:30:00-04:00,44,48.91666000,47.95889149,-42.14181429,-15.59247129,ATR_STOP,-1.03905104
BTU,2025-08-29T10:45:00-04:00,2025-09-02T09:45:00-04:00,126,17.10281750,16.80316267,-37.75650840,-13.96990811,ATR_STOP,-1.04393708
ASTS,2025-09-02T10:00:00-04:00,2025-09-02T10:00:00-04:00,42,50.18761250,48.76477911,-59.75900239,-22.11083089,ATR_STOP,-1.02640325
CLOV,2025-09-02T09:45:00-04:00,2025-09-02T11:45:00-04:00,814,2.65198750,2.60151892,-41.08142410,-15.20012692,ATR_STOP,-1.04024661
IAUX,2025-09-02T09:45:00-04:00,2025-09-02T11:45:00-04:00,1140,0.81891373,0.82472418,6.62391604,2.45084893,ATR_STOP,0.23697070
BTE,2025-09-02T10:15:00-04:00,2025-09-02T14:30:00-04:00,8,2.28171000,2.37539787,0.74950297,0.27731610,ATR_TARGET,1.96265065
YINN,2025-09-02T10:15:00-04:00,2025-09-03T09:30:00-04:00,44,47.14533250,46.37750082,-33.78459412,-12.50029983,ATR_STOP,-1.04748727
BIDU,2025-09-02T13:45:00-04:00,2025-09-03T09:45:00-04:00,9,96.08200750,96.35767750,2.48103000,0.91798110,STOP_GAP,0.23914474
GME,2025-09-02T13:45:00-04:00,2025-09-03T10:00:00-04:00,92,23.15635425,23.32353381,15.38051968,5.69079228,ATR_STOP,0.50992073
ADMA,2025-09-03T09:45:00-04:00,2025-09-03T10:00:00-04:00,45,17.34800125,17.06602306,-12.68901833,-4.69493678,ATR_STOP,-1.04758765
PLTR,2025-09-03T10:30:00-04:00,2025-09-03T12:45:00-04:00,13,160.61537125,156.91202253,-48.14353334,-17.81310734,ATR_STOP,-1.03284614
SEDG,2025-09-03T13:00:00-04:00,2025-09-03T14:30:00-04:00,61,33.64521500,32.64235588,-61.17440662,-22.63453045,ATR_STOP,-1.02504208
IAUX,2025-09-03T13:15:00-04:00,2025-09-03T14:45:00-04:00,8,0.82631928,0.80817730,-0.14513579,-0.05370024,ATR_STOP,-1.03459222
NXE,2025-09-03T11:00:00-04:00,2025-09-04T10:00:00-04:00,106,7.83587250,7.68560615,-15.92823303,-6.58826404,ATR_STOP,-1.03992123
ECHO,2025-09-03T15:00:00-04:00,2025-09-04T11:00:00-04:00,31,63.82783500,66.41592679,80.23084559,29.68541287,ATR_TARGET,1.96220588
VSXY,2025-09-04T10:00:00-04:00,2025-09-04T14:45:00-04:00,2,23.92793250,25.09327339,2.33068179,0.86235226,ATR_TARGET,1.96819038
MU,2025-09-04T12:00:00-04:00,2025-09-04T15:45:00-04:00,16,120.73548375,123.70349793,47.48822686,17.57064394,ATR_TARGET,1.93933260
OLMA,2025-09-05T09:30:00-04:00,2025-09-05T09:30:00-04:00,320,6.35476250,6.76484547,131.22654881,48.55382306,ATR_TARGET,1.97553985
APPS,2025-09-02T15:15:00-04:00,2025-09-05T09:45:00-04:00,22,4.19814625,4.44095879,5.34187583,1.97649406,ATR_TARGET,1.97291671
BE,2025-09-04T10:45:00-04:00,2025-09-05T10:00:00-04:00,15,54.54087500,55.93313996,20.88397438,7.72707052,ATR_STOP,0.91028131
VISN,2025-09-03T09:45:00-04:00,2025-09-05T10:15:00-04:00,131,16.29221000,15.97316287,-41.79517400,-15.46421438,ATR_STOP,-1.03904426
AFRM,2025-09-04T15:00:00-04:00,2025-09-05T10:15:00-04:00,1,91.07825750,89.11653616,-1.96172134,-0.72583690,ATR_STOP,-1.03529997
IVVD,2025-08-28T11:45:00-04:00,2025-09-05T12:30:00-04:00,38,1.00575375,1.11405675,4.11551399,1.52274018,ATR_STOP,0.88940928
REPL,2025-09-05T11:15:00-04:00,2025-09-05T15:45:00-04:00,352,6.13349667,6.27863802,51.08975326,18.90320871,ATR_STOP,0.66520121
ERAS,2025-09-08T09:30:00-04:00,2025-09-08T09:45:00-04:00,18,1.62121500,1.56832980,-0.95193352,-0.35221540,ATR_STOP,-1.02276492
BRZE,2025-09-08T09:30:00-04:00,2025-09-08T10:15:00-04:00,67,32.25417250,31.10354779,-77.09185547,-28.52398653,ATR_STOP,-1.02070930
CLOV,2025-09-08T14:30:00-04:00,2025-09-08T15:15:00-04:00,4,2.82211500,2.76137623,-0.24295508,-0.08989338,ATR_STOP,-1.03532847
RIVN,2025-09-05T09:45:00-04:00,2025-09-09T09:30:00-04:00,149,14.21054993,13.79104924,-62.50560174,-23.12707264,ATR_STOP,-1.02529894
NXE,2025-09-05T13:00:00-04:00,2025-09-09T09:30:00-04:00,5,7.77082375,8.06416883,1.46672538,0.54268839,ATR_TARGET,1.95956772
INTC,2025-09-09T09:45:00-04:00,2025-09-09T09:45:00-04:00,86,24.62345375,24.33858490,-24.49872134,-9.06452690,ATR_STOP,-1.06852047
LUMN,2025-09-09T09:30:00-04:00,2025-09-09T12:45:00-04:00,2,5.11383250,5.35507519,0.48248538,0.17851959,ATR_TARGET,1.96722427
GME,2025-09-08T10:30:00-04:00,2025-09-10T09:30:00-04:00,92,23.13734000,25.18609625,188.48557500,69.73966275,TARGET_GAP,5.83974881
TNYA,2025-09-05T12:00:00-04:00,2025-09-10T09:30:00-04:00,717,1.35101250,1.27387861,-55.30499747,-20.46284907,ATR_STOP,-1.01255125
LUMN,2025-09-09T13:00:00-04:00,2025-09-10T09:30:00-04:00,3,5.40905375,5.75139843,1.02703405,0.38000260,ATR_TARGET,1.97509509
SOFI,2025-09-10T09:45:00-04:00,2025-09-10T10:00:00-04:00,5,26.66998750,26.15032268,-2.59832408,-0.96137991,ATR_STOP,-1.03925199
BIDU,2025-09-10T09:45:00-04:00,2025-09-10T10:15:00-04:00,19,109.90236500,108.27993703,-30.82613145,-11.40566864,ATR_STOP,-1.05273369
IVVD,2025-09-05T15:45:00-04:00,2025-09-10T10:30:00-04:00,2,1.15586625,1.28956499,0.26739749,0.09893707,ATR_TARGET,1.98562525
STX,2025-09-10T09:45:00-04:00,2025-09-10T12:00:00-04:00,5,192.21905625,189.96707000,-11.25993124,-4.16617456,ATR_STOP,-1.06759361
BBBY,2025-09-09T10:15:00-04:00,2025-09-10T12:15:00-04:00,190,11.01825750,10.58900524,-81.55792981,-30.17643403,ATR_STOP,-1.01886454
BTE,2025-09-09T09:45:00-04:00,2025-09-10T12:45:00-04:00,1,2.24168000,2.34751386,0.10583386,0.03915853,ATR_TARGET,1.96724860
BLNK,2025-09-10T10:15:00-04:00,2025-09-10T12:45:00-04:00,126,1.19589625,1.14902616,-5.90563136,-2.18508360,ATR_STOP,-1.01874506
TNYA,2025-09-10T10:30:00-04:00,2025-09-10T13:45:00-04:00,1543,1.34100500,1.28239644,-90.43300338,-33.46021125,ATR_STOP,-1.01669706
IAUX,2025-09-10T13:00:00-04:00,2025-09-10T15:45:00-04:00,2372,0.89376983,0.92742658,79.83382471,29.53851514,ATR_TARGET,1.95947399
OTLK,2025-09-10T15:30:00-04:00,2025-09-11T09:30:00-04:00,2,1.00115030,1.09917500,0.19604940,0.07253828,TARGET_GAP,2.24511810
RIVN,2025-09-10T13:15:00-04:00,2025-09-11T09:30:00-04:00,73,14.02050750,14.51612526,36.18009631,13.38663563,ATR_TARGET,1.95697933
HIVE,2025-09-10T14:00:00-04:00,2025-09-11T09:30:00-04:00,633,3.17738125,3.39181047,135.73369670,50.22146778,ATR_TARGET,1.97653400
LUMN,2025-09-11T09:30:00-04:00,2025-09-11T09:30:00-04:00,6,6.20465000,6.57758055,2.23758331,0.82790583,ATR_TARGET,1.97386974
CLOV,2025-09-10T13:15:00-04:00,2025-09-11T11:00:00-04:00,1,2.98863980,3.13723805,0.14859825,0.05498135,ATR_TARGET,1.96880227
SOFI,2025-09-11T09:45:00-04:00,2025-09-11T14:30:00-04:00,39,25.87939500,26.13231843,9.86401370,3.64968507,ATR_STOP,0.49141790
MRNA,2025-09-11T14:45:00-04:00,2025-09-11T15:45:00-04:00,39,25.87138900,25.34809947,-20.40829186,-7.55106799,ATR_STOP,-1.03772892
INTC,2025-09-11T09:30:00-04:00,2025-09-12T09:30:00-04:00,86,24.76856250,24.48623809,-24.27989920,-8.98356271,ATR_STOP,-1.06962964
TSLT,2025-09-12T09:30:00-04:00,2025-09-12T09:45:00-04:00,49,20.33524000,21.38629346,51.50161968,19.05559928,ATR_TARGET,1.96991532
MVST,2025-09-12T10:00:00-04:00,2025-09-12T10:30:00-04:00,348,2.96222000,3.14079063,62.14257955,22.99275444,ATR_TARGET,1.97394145
APPS,2025-09-11T09:45:00-04:00,2025-09-12T12:30:00-04:00,483,4.49336750,4.75754001,127.59532022,47.21026848,ATR_TARGET,1.97332645
BLNK,2025-09-11T10:15:00-04:00,2025-09-12T13:00:00-04:00,3,1.21200832,1.32612134,0.34233904,0.12666545,ATR_TARGET,1.98270608
HIVE,2025-09-12T09:45:00-04:00,2025-09-15T09:30:00-04:00,596,3.56256993,4.05695500,294.65350470,109.02179674,TARGET_GAP,3.65922326
QS,2025-09-12T13:15:00-04:00,2025-09-15T09:30:00-04:00,6,9.35501100,10.04246250,4.12470900,1.52614233,TARGET_GAP,2.22469297
IVVD,2025-09-12T12:00:00-04:00,2025-09-15T09:30:00-04:00,830,1.28986668,1.35058590,50.39695570,18.64687361,ATR_STOP,0.58671888
PRME,2025-09-11T09:45:00-04:00,2025-09-15T09:45:00-04:00,1,4.04303000,4.09692500,0.05389500,0.01994115,STOP_GAP,0.34538390
IAUX,2025-09-11T12:30:00-04:00,2025-09-15T10:30:00-04:00,3,0.92109030,0.92406184,0.00891462,0.00329841,ATR_STOP,0.13764503
OTLK,2025-09-15T09:45:00-04:00,2025-09-15T15:45:00-04:00,2105,1.10162560,1.02714980,-156.77156111,-58.00547761,ATR_STOP,-1.01045983
PLTR,2025-09-12T13:00:00-04:00,2025-09-16T09:30:00-04:00,13,168.75647250,169.73907882,12.77388214,4.72633639,ATR_STOP,0.41218682
AAOI,2025-09-15T09:45:00-04:00,2025-09-16T09:30:00-04:00,40,28.31121750,28.75648007,17.81050290,6.58988607,ATR_STOP,0.40270223
STX,2025-09-16T09:45:00-04:00,2025-09-16T10:00:00-04:00,10,214.58081500,210.71271266,-38.68102335,-14.31197864,ATR_STOP,-1.04262947
PLUG,2025-09-15T09:45:00-04:00,2025-09-16T10:15:00-04:00,17,1.53555080,1.55482839,0.32771904,0.12125605,ATR_STOP,0.43026065
APP,2025-09-16T09:30:00-04:00,2025-09-16T10:45:00-04:00,3,597.14752500,590.02271795,-21.37442116,-7.90853583,ATR_STOP,-1.06627536
SOXL,2025-09-16T09:30:00-04:00,2025-09-16T11:15:00-04:00,14,30.35274750,29.90555663,-6.26067218,-2.31644870,ATR_STOP,-1.05284585
QS,2025-09-16T11:00:00-04:00,2025-09-16T11:45:00-04:00,167,10.64798000,10.16499647,-80.65824961,-29.84355236,ATR_STOP,-1.01605008
ABCL,2025-09-16T09:45:00-04:00,2025-09-16T12:30:00-04:00,274,4.39329250,4.48858066,26.10895674,9.66031399,ATR_STOP,0.87812610
PRME,2025-09-16T12:00:00-04:00,2025-09-16T12:45:00-04:00,411,4.20315000,4.48260705,114.85684899,42.49703412,ATR_TARGET,1.97620776
NIO,2025-09-16T10:45:00-04:00,2025-09-16T14:00:00-04:00,4,6.69711907,7.02829771,1.32471455,0.49014438,ATR_TARGET,1.96864247
APPS,2025-09-16T11:30:00-04:00,2025-09-16T14:45:00-04:00,82,5.11383250,5.37036918,21.03600735,7.78332272,ATR_TARGET,1.96906137
YINN,2025-09-16T13:00:00-04:00,2025-09-17T09:30:00-04:00,42,54.02048500,56.58752750,107.81578500,39.89184045,TARGET_GAP,3.69259174
INTC,2025-09-16T10:15:00-04:00,2025-09-17T09:30:00-04:00,84,25.22610540,24.78731411,-36.85846804,-13.63763318,ATR_STOP,-1.04427659
ACHR,2025-09-16T13:00:00-04:00,2025-09-17T09:30:00-04:00,82,9.13184375,8.90929819,-18.24873608,-6.75203235,ATR_STOP,-1.03097857
QUBT,2025-09-16T14:45:00-04:00,2025-09-17T09:45:00-04:00,2,16.60744625,17.53339304,1.85189358,0.68520062,ATR_TARGET,1.97197355
PLUG,2025-09-16T15:00:00-04:00,2025-09-17T09:45:00-04:00,256,1.69126750,1.80752817,29.76273105,11.01221049,ATR_TARGET,1.97693089
BRZE,2025-09-17T09:45:00-04:00,2025-09-17T11:15:00-04:00,72,31.65372250,32.92609197,91.61060160,33.89592259,ATR_TARGET,1.96189432
AAOI,2025-09-17T11:30:00-04:00,2025-09-17T11:45:00-04:00,77,30.00218478,29.04387548,-73.78981583,-27.30223186,ATR_STOP,-1.02327712
ACHR,2025-09-17T12:00:00-04:00,2025-09-17T12:30:00-04:00,249,9.17187375,8.95898304,-53.00978655,-19.61362102,ATR_STOP,-1.03261579
VSXY,2025-09-17T10:00:00-04:00,2025-09-17T14:00:00-04:00,18,26.74004000,27.75709067,18.30691207,6.77355746,ATR_TARGET,1.95985401
BLNK,2025-09-17T11:15:00-04:00,2025-09-17T14:30:00-04:00,3,1.41456012,1.36170425,-0.15856762,-0.05867002,ATR_STOP,-1.01971772
IAUX,2025-09-17T14:00:00-04:00,2025-09-17T14:45:00-04:00,2506,0.90077508,0.88160205,-48.04759234,-17.77760916,ATR_STOP,-1.03574557
GDS,2025-09-17T14:15:00-04:00,2025-09-18T09:30:00-04:00,12,39.23030067,39.02071250,-2.51505810,-0.93057150,STOP_GAP,-0.22504688
CLOV,2025-09-15T12:45:00-04:00,2025-09-18T09:30:00-04:00,1,3.12234000,3.05318034,-0.06915966,-0.02558907,ATR_STOP,-1.03427053
BTU,2025-09-17T09:45:00-04:00,2025-09-18T09:30:00-04:00,111,20.60544250,20.85294693,27.47299129,10.16500678,ATR_STOP,0.61539026
PRME,2025-09-17T09:45:00-04:00,2025-09-18T12:15:00-04:00,127,4.75356250,4.90964983,19.82309146,7.33454384,ATR_STOP,0.63023313
DDD,2025-09-18T10:45:00-04:00,2025-09-18T14:30:00-04:00,1,2.42181500,2.47120562,0.04939062,0.01827453,ATR_STOP,0.52158237
BE,2025-09-17T15:00:00-04:00,2025-09-18T14:45:00-04:00,28,79.18934750,81.60055689,67.51386299,24.98012931,ATR_STOP,0.85278237
HIVE,2025-09-18T09:45:00-04:00,2025-09-18T15:15:00-04:00,116,4.01300750,3.80124055,-24.56496654,-9.08903762,ATR_STOP,-1.01365668
QUBT,2025-09-18T09:45:00-04:00,2025-09-19T09:30:00-04:00,126,18.18362750,20.27859165,263.96548249,97.66722852,ATR_TARGET,1.98557438
SOFI,2025-09-18T12:30:00-04:00,2025-09-19T09:30:00-04:00,21,28.08104500,29.30471209,25.69700889,9.50789329,ATR_TARGET,1.96468540
MRNA,2025-09-18T15:00:00-04:00,2025-09-19T09:30:00-04:00,87,25.84937250,25.34533451,-43.85130547,-16.22498302,ATR_STOP,-1.03922204
EOSE,2025-09-18T12:30:00-04:00,2025-09-19T09:45:00-04:00,3,8.84663000,9.52131792,2.02406376,0.74890359,ATR_TARGET,1.97903787
MVST,2025-09-18T15:30:00-04:00,2025-09-19T10:00:00-04:00,134,3.43757625,3.60795481,22.83072732,8.44736911,ATR_TARGET,1.96870933
BILL,2025-09-19T09:45:00-04:00,2025-09-19T10:45:00-04:00,44,53.32996750,52.41059546,-40.45236992,-14.96737687,ATR_STOP,-1.04469989
ACHR,2025-09-19T09:45:00-04:00,2025-09-19T10:45:00-04:00,253,9.40204625,9.55826502,39.52334910,14.62363917,ATR_STOP,0.72994053
PRME,2025-09-19T11:15:00-04:00,2025-09-19T13:45:00-04:00,454,5.18388500,4.99443055,-86.01231920,-31.82455810,ATR_STOP,-1.02018588
VISN,2025-09-19T10:00:00-04:00,2025-09-19T15:45:00-04:00,5,16.74755125,16.43457327,-1.56488992,-0.57900927,ATR_STOP,-1.04102936
AAOI,2025-09-19T11:00:00-04:00,2025-09-22T09:30:00-04:00,80,29.64721875,28.22881250,-113.47250000,-41.98482500,STOP_GAP,-1.47639354
BE,2025-09-19T09:45:00-04:00,2025-09-22T09:30:00-04:00,6,84.43337757,81.41842560,-18.08971187,-6.69319339,ATR_STOP,-1.02068819
AFRM,2025-09-19T10:15:00-04:00,2025-09-22T09:30:00-04:00,5,91.69371875,89.85385326,-9.19932744,-3.40375115,ATR_STOP,-1.03805012
QS,2025-09-22T09:30:00-04:00,2025-09-22T09:45:00-04:00,179,13.07980250,14.04319014,172.44638786,63.80516351,ATR_TARGET,1.97835508
MRNA,2025-09-22T10:00:00-04:00,2025-09-22T11:15:00-04:00,2,25.75930500,26.95682964,2.39504927,0.88616823,ATR_TARGET,1.96677040
MVST,2025-09-22T09:45:00-04:00,2025-09-22T12:15:00-04:00,2,3.72279000,3.74177366,0.03796732,0.01404791,ATR_STOP,0.14660703
USAS,2025-09-19T14:00:00-04:00,2025-09-22T13:00:00-04:00,767,3.00225000,3.14858708,112.24053803,41.52899907,ATR_TARGET,1.96821509
SOXL,2025-09-22T09:45:00-04:00,2025-09-23T09:45:00-04:00,29,33.81534250,35.05555097,35.96604564,13.30743689,ATR_TARGET,1.95845087
NXE,2025-09-22T12:30:00-04:00,2025-09-23T11:00:00-04:00,3,8.81160375,9.19003593,1.13529655,0.42005972,ATR_TARGET,1.96419847
VISN,2025-09-22T13:15:00-04:00,2025-09-23T11:30:00-04:00,139,17.00274250,16.68347425,-44.37828681,-16.41996612,ATR_STOP,-1.04082201
APPS,2025-09-19T10:15:00-04:00,2025-09-23T13:30:00-04:00,3,5.48821307,5.60752095,0.35792364,0.13243175,ATR_STOP,0.63860613
SEDG,2025-09-22T11:45:00-04:00,2025-09-23T13:30:00-04:00,1,37.90841000,36.46547509,-1.44293491,-0.53388592,ATR_STOP,-1.01933477
BILL,2025-09-23T13:15:00-04:00,2025-09-23T13:30:00-04:00,43,54.41077750,53.71404679,-29.95942063,-11.08498563,ATR_STOP,-1.06141812
EVLV,2025-09-23T14:00:00-04:00,2025-09-24T09:30:00-04:00,275,8.63647250,8.40997952,-62.28557016,-23.04566096,ATR_STOP,-1.02866835
PRME,2025-09-23T14:45:00-04:00,2025-09-24T09:45:00-04:00,4,5.24863352,5.38548471,0.54740475,0.20253976,ATR_STOP,0.68805315
HIVE,2025-09-24T09:45:00-04:00,2025-09-24T09:45:00-04:00,1,4.00300000,3.83445714,-0.16854286,-0.06236086,ATR_STOP,-1.01737243
QS,2025-09-22T10:00:00-04:00,2025-09-24T10:00:00-04:00,175,13.66023750,12.85870149,-140.26880245,-51.89945691,ATR_STOP,-1.01218771
NVTS,2025-09-24T10:00:00-04:00,2025-09-24T11:45:00-04:00,3,7.21540750,6.94509949,-0.81092404,-0.30004189,ATR_STOP,-1.01966363
BIDU,2025-09-24T10:15:00-04:00,2025-09-24T11:45:00-04:00,17,134.24310688,135.72460927,25.18554074,9.31865007,ATR_STOP,0.48976766
NIO,2025-09-23T10:00:00-04:00,2025-09-24T12:00:00-04:00,145,7.01025375,7.16076767,21.82451905,8.07507205,ATR_STOP,0.83474630
BTU,2025-09-24T09:45:00-04:00,2025-09-24T13:15:00-04:00,97,24.06803750,25.18680794,108.52073239,40.15267098,ATR_TARGET,1.96676680
TNYA,2025-09-24T13:45:00-04:00,2025-09-24T15:45:00-04:00,2,1.42606875,1.53677721,0.22141692,0.08192426,ATR_TARGET,1.97937729
EOSE,2025-09-24T10:45:00-04:00,2025-09-25T09:30:00-04:00,2,10.91818250,10.11241000,-1.61154500,-0.59627165,STOP_GAP,-1.51893547
HIVE,2025-09-24T13:30:00-04:00,2025-09-25T09:30:00-04:00,253,4.07305250,3.84711250,-57.16282000,-21.15024340,STOP_GAP,-1.21686635
SEDG,2025-09-24T13:15:00-04:00,2025-09-25T09:30:00-04:00,63,37.52812500,36.30555224,-77.02208395,-28.49817106,ATR_STOP,-1.02279685
INTC,2025-09-24T13:30:00-04:00,2025-09-25T09:45:00-04:00,76,31.01324250,31.36146125,26.46462500,9.79191125,STOP_GAP,0.52221696
SGML,2025-09-25T09:30:00-04:00,2025-09-25T10:00:00-04:00,156,6.52989375,6.88785103,55.84133498,20.66129394,ATR_TARGET,1.97152641
NIO,2025-09-25T09:45:00-04:00,2025-09-25T10:00:00-04:00,327,7.16036625,7.44395457,92.73338156,34.31135118,ATR_TARGET,1.96135802
ALB,2025-09-25T10:00:00-04:00,2025-09-25T13:30:00-04:00,28,83.81281250,85.14476527,37.29467761,13.79903072,ATR_STOP,0.68108621
BIDU,2025-09-25T10:15:00-04:00,2025-09-26T09:30:00-04:00,8,135.65166250,132.49939259,-25.21815931,-9.33071894,ATR_STOP,-1.03257614
NXE,2025-09-25T10:45:00-04:00,2025-09-26T09:30:00-04:00,5,8.84162625,9.30067325,2.29523499,0.84923695,ATR_TARGET,1.97004152
EOSE,2025-09-25T15:30:00-04:00,2025-09-26T09:30:00-04:00,1,10.63797250,10.20859007,-0.42938243,-0.15887150,ATR_STOP,-1.01816889
KTOS,2025-09-25T10:15:00-04:00,2025-09-26T10:45:00-04:00,28,82.83207750,84.62339022,50.15675611,18.55799976,ATR_STOP,0.79141817
RIVN,2025-09-26T09:45:00-04:00,2025-09-26T11:00:00-04:00,2,16.02200750,15.62233418,-0.79934664,-0.29575826,ATR_STOP,-1.03022454
TNYA,2025-09-26T11:30:00-04:00,2025-09-26T15:00:00-04:00,1562,1.53104743,1.63688033,165.31099686,61.16506884,ATR_TARGET,1.97704904
APP,2025-09-26T09:45:00-04:00,2025-09-29T09:30:00-04:00,1,653.97511375,684.98587500,31.01076125,11.47398166,TARGET_GAP,2.37977305
DFLI,2025-09-26T15:45:00-04:00,2025-09-29T09:30:00-04:00,450,5.41405750,6.90181975,669.49301250,247.71241462,TARGET_GAP,2.27378442
LUMN,2025-09-25T12:15:00-04:00,2025-09-29T09:30:00-04:00,1,5.90442500,5.73551955,-0.16890545,-0.06249502,ATR_STOP,-1.02615342
ALB,2025-09-26T09:45:00-04:00,2025-09-29T09:45:00-04:00,5,87.65569250,87.25451000,-2.00591250,-0.74218763,STOP_GAP,-0.16133091
BILL,2025-09-25T14:15:00-04:00,2025-09-29T10:00:00-04:00,44,53.56014000,54.95224876,61.25278553,22.66353065,ATR_TARGET,1.94244949
AMC,2025-09-29T09:45:00-04:00,2025-09-29T10:00:00-04:00,614,2.94620800,3.05469763,66.61263290,24.64667417,ATR_TARGET,1.95860817
BTU,2025-09-29T10:15:00-04:00,2025-09-29T12:00:00-04:00,63,25.20889250,26.23117945,64.40407789,23.82950882,ATR_TARGET,1.96220994
PRME,2025-09-29T10:15:00-04:00,2025-09-29T13:15:00-04:00,1,5.24393000,5.06910116,-0.17482884,-0.06468667,ATR_STOP,-1.02224644
EOSE,2025-09-29T10:15:00-04:00,2025-09-29T15:30:00-04:00,244,10.85823758,11.08654245,55.70638985,20.61136425,ATR_STOP,0.51655372
TSLA,2025-09-29T09:30:00-04:00,2025-09-30T09:30:00-04:00,5,444.70327750,438.49878032,-31.02248589,-11.47831978,ATR_STOP,-1.05601700
ACHR,2025-09-29T15:45:00-04:00,2025-09-30T09:30:00-04:00,16,9.61720750,9.38174172,-3.76745249,-1.39395742,ATR_STOP,-1.03082680
APPS,2025-09-29T14:30:00-04:00,2025-09-30T09:45:00-04:00,283,5.78933875,5.88468584,26.98322627,9.98379372,ATR_STOP,0.61260690
VUZI,2025-09-30T09:45:00-04:00,2025-09-30T09:45:00-04:00,741,3.18238500,3.06649519,-85.87435166,-31.77351011,ATR_STOP,-1.02026264
IAUX,2025-09-30T10:00:00-04:00,2025-09-30T11:00:00-04:00,2684,0.99204348,0.96776476,-65.16405861,-24.11070169,ATR_STOP,-1.03084060
ABCL,2025-09-30T09:30:00-04:00,2025-09-30T15:00:00-04:00,1,4.89366750,4.92709014,0.03342264,0.01236638,ATR_STOP,0.31352505
STX,2025-09-29T15:45:00-04:00,2025-09-30T15:45:00-04:00,11,229.38691125,236.04372460,73.22494688,27.09323034,ATR_TARGET,1.94815153
ERAS,2025-09-30T12:30:00-04:00,2025-10-01T09:30:00-04:00,1155,2.27170250,2.15165228,-138.65800983,-51.30346364,ATR_STOP,-1.01363572
USAS,2025-09-30T15:30:00-04:00,2025-10-01T09:30:00-04:00,1,3.67925738,3.84783310,0.16857572,0.06237302,ATR_TARGET,1.96631311
LUMN,2025-09-30T10:15:00-04:00,2025-10-01T10:00:00-04:00,214,6.04453000,6.05136543,1.46278145,0.54122914,ATR_STOP,0.04456400
IAUX,2025-10-01T09:30:00-04:00,2025-10-01T10:15:00-04:00,33,0.97042728,0.97457824,0.13698172,0.05068324,ATR_STOP,0.20570130
PLTR,2025-10-01T09:30:00-04:00,2025-10-01T11:00:00-04:00,14,181.39594500,185.95218545,63.78736625,23.60132551,ATR_TARGET,1.94055601
FLNA,2025-10-01T09:45:00-04:00,2025-10-01T11:15:00-04:00,841,3.01726125,3.23010394,179.00070649,66.23026140,ATR_TARGET,1.97747546
INTC,2025-10-01T11:45:00-04:00,2025-10-01T14:30:00-04:00,77,34.62895225,34.98766105,27.62057730,10.21961360,ATR_STOP,0.50749604
AMD,2025-10-01T10:15:00-04:00,2025-10-02T09:30:00-04:00,7,163.78774875,168.53350500,33.22029375,12.29150869,TARGET_GAP,1.98760187
TSLL,2025-10-01T10:15:00-04:00,2025-10-02T09:30:00-04:00,6,21.68625250,23.59229250,11.43624000,4.23140880,TARGET_GAP,2.80377887
KTOS,2025-10-01T11:15:00-04:00,2025-10-02T09:45:00-04:00,1,93.22987000,94.23736892,1.00749892,0.37277460,STOP_GAP,0.48238258
PLTR,2025-10-01T11:15:00-04:00,2025-10-02T09:45:00-04:00,13,186.10217203,182.83041040,-42.53290115,-15.73717343,ATR_STOP,-1.04377864
BE,2025-10-01T15:15:00-04:00,2025-10-02T10:45:00-04:00,30,88.66144625,85.55906996,-93.07128869,-34.43637682,ATR_STOP,-1.02113697
MVST,2025-10-01T10:30:00-04:00,2025-10-02T11:15:00-04:00,13,4.02761845,4.30087994,3.55239940,1.31438778,ATR_TARGET,1.97664953
PRME,2025-10-02T09:45:00-04:00,2025-10-02T12:15:00-04:00,238,5.68426000,6.05662046,88.62179050,32.79006248,ATR_TARGET,1.97587796
REPL,2025-10-02T11:30:00-04:00,2025-10-02T13:00:00-04:00,589,4.50837875,4.52406752,9.24068478,3.41905337,ATR_STOP,0.10469053
QS,2025-10-02T10:00:00-04:00,2025-10-02T14:45:00-04:00,160,14.87114500,14.12562334,-119.28346589,-44.13488238,ATR_STOP,-1.01442630
AMC,2025-10-02T15:00:00-04:00,2025-10-02T15:45:00-04:00,9,3.00725375,3.10863304,0.91241364,0.33759305,ATR_TARGET,1.95500592
DFLI,2025-10-02T14:00:00-04:00,2025-10-03T09:30:00-04:00,139,10.00649925,14.58905000,636.97455425,235.68058507,TARGET_GAP,3.87340995
ACHR,2025-10-02T10:00:00-04:00,2025-10-03T09:30:00-04:00,1,10.11257875,10.67268397,0.56010522,0.20723893,ATR_TARGET,1.97179969
FLNA,2025-10-02T14:15:00-04:00,2025-10-03T09:30:00-04:00,2,3.30747875,3.49651320,0.37806890,0.13988549,ATR_TARGET,1.97261432
BTU,2025-10-02T15:00:00-04:00,2025-10-03T09:30:00-04:00,79,28.86163000,29.87567245,80.10935355,29.64046081,ATR_TARGET,1.95673071
KTOS,2025-10-03T09:45:00-04:00,2025-10-03T10:00:00-04:00,24,95.86184250,93.93798989,-46.17246257,-17.08381115,ATR_STOP,-1.03804274
MVST,2025-10-02T14:00:00-04:00,2025-10-03T10:15:00-04:00,612,4.36827375,4.63639252,164.08868689,60.71281415,ATR_TARGET,1.97437466
ERAS,2025-10-03T10:30:00-04:00,2025-10-03T11:15:00-04:00,21,2.44183000,2.48232702,0.85043751,0.31466188,ATR_STOP,0.33497729
EOSE,2025-10-03T10:15:00-04:00,2025-10-06T09:30:00-04:00,174,13.04477625,14.42417375,240.01516500,88.80561105,TARGET_GAP,2.11230972
VUZI,2025-10-03T09:30:00-04:00,2025-10-06T09:30:00-04:00,476,3.83287250,4.12258634,137.90378898,51.02440192,ATR_TARGET,1.97886493
BE,2025-10-03T10:30:00-04:00,2025-10-06T09:45:00-04:00,30,90.89812250,92.27030005,41.16532654,15.23117082,ATR_STOP,0.44057032
SLS,2025-10-03T13:15:00-04:00,2025-10-06T11:15:00-04:00,1,1.83337400,1.84426696,0.01089296,0.00403039,ATR_STOP,0.19378366
BIDU,2025-10-06T10:00:00-04:00,2025-10-06T11:15:00-04:00,19,144.19306375,148.39153854,79.77102108,29.51527780,ATR_TARGET,1.94831508
BBBY,2025-10-03T11:45:00-04:00,2025-10-06T11:30:00-04:00,4,12.34925500,11.60577005,-2.97393978,-1.10035772,ATR_STOP,-1.01185516
AAOI,2025-10-06T12:15:00-04:00,2025-10-06T12:30:00-04:00,93,30.65797625,33.19234318,235.69612444,87.20756604,ATR_TARGET,1.98053129
USAS,2025-10-03T09:45:00-04:00,2025-10-06T14:30:00-04:00,12,3.94565703,4.03649136,1.09001199,0.40330444,ATR_STOP,0.79808516
NIO,2025-10-06T09:45:00-04:00,2025-10-06T15:45:00-04:00,385,7.76411873,7.60834803,-59.97171891,-22.18953600,ATR_STOP,-1.03805503
TNYA,2025-10-06T15:15:00-04:00,2025-10-07T09:30:00-04:00,1,1.69627125,1.79865000,0.10237875,0.03788014,TARGET_GAP,2.27722220
DDD,2025-10-07T09:30:00-04:00,2025-10-07T09:30:00-04:00,931,3.17237750,3.33431242,150.76141145,55.78172224,ATR_TARGET,1.96956156
APPS,2025-10-06T14:45:00-04:00,2025-10-07T09:45:00-04:00,7,6.59994625,6.93946908,2.37665980,0.87936413,ATR_TARGET,1.96978222
MVST,2025-10-06T13:00:00-04:00,2025-10-07T10:30:00-04:00,4,4.58343500,4.62713746,0.17480985,0.06467965,ATR_STOP,0.20844085
NVTS,2025-10-07T09:45:00-04:00,2025-10-07T10:30:00-04:00,364,8.36797128,8.38207778,5.13476793,1.89986414,ATR_STOP,0.04704318
QUBT,2025-10-06T13:00:00-04:00,2025-10-07T10:45:00-04:00,130,22.95720500,21.62524589,-173.15468377,-64.06723300,ATR_STOP,-1.01233622
INTC,2025-10-07T10:00:00-04:00,2025-10-07T11:00:00-04:00,1,37.73327875,36.89854439,-0.83473436,-0.30885171,ATR_STOP,-1.03431638
VUZI,2025-10-07T10:45:00-04:00,2025-10-07T11:15:00-04:00,755,4.04303000,4.01198875,-23.43614375,-8.67137319,STOP_GAP,-0.19464794
PLUG,2025-10-06T09:45:00-04:00,2025-10-08T09:30:00-04:00,331,4.05303750,3.61728500,-144.23407750,-53.36660867,STOP_GAP,-1.02995823
HIVE,2025-10-07T12:45:00-04:00,2025-10-08T09:45:00-04:00,497,6.06464508,6.23002700,82.19481488,30.41208151,ATR_STOP,0.50122954
OTLK,2025-10-07T15:45:00-04:00,2025-10-08T09:45:00-04:00,1,1.17588125,1.26943167,0.09355042,0.03461366,ATR_TARGET,1.97983585
ABCL,2025-10-08T09:30:00-04:00,2025-10-08T10:15:00-04:00,215,5.81435750,6.07400827,55.82491633,20.65521904,ATR_TARGET,1.96549010
NVTS,2025-10-08T10:00:00-04:00,2025-10-08T10:15:00-04:00,6,8.38628500,8.00544373,-2.28504762,-0.84546762,ATR_STOP,-1.01603006
REPL,2025-10-07T13:00:00-04:00,2025-10-08T10:45:00-04:00,626,4.73354750,4.78362837,31.35062628,11.59973172,ATR_STOP,0.38952275
MRNA,2025-10-08T10:00:00-04:00,2025-10-08T11:15:00-04:00,107,28.19613125,29.18781836,106.11052125,39.26089286,ATR_TARGET,1.95677306
PRME,2025-10-08T11:00:00-04:00,2025-10-08T11:45:00-04:00,467,6.38478500,6.52164060,63.91156468,23.64727893,ATR_STOP,0.50903073
DDD,2025-10-08T10:30:00-04:00,2025-10-08T14:15:00-04:00,396,3.36252000,3.20329709,-63.05227349,-23.32934119,ATR_STOP,-1.01533157
SOXL,2025-10-08T11:30:00-04:00,2025-10-09T09:30:00-04:00,74,41.45987160,42.11359276,48.37536560,17.89888527,ATR_STOP,0.55842539
LUMN,2025-10-08T12:45:00-04:00,2025-10-09T09:30:00-04:00,1,7.17537750,7.00818987,-0.16718763,-0.06185942,ATR_STOP,-1.03248421
VUZI,2025-10-08T14:30:00-04:00,2025-10-09T09:30:00-04:00,321,4.02501650,3.87945352,-46.72571795,-17.28851564,ATR_STOP,-1.02041184
TNYA,2025-10-08T10:45:00-04:00,2025-10-09T09:45:00-04:00,1,1.84047932,2.00341743,0.16293810,0.06028710,ATR_TARGET,1.98171157
BTE,2025-10-09T09:45:00-04:00,2025-10-09T09:45:00-04:00,1183,2.59194250,2.52898644,-74.47701377,-27.55649509,ATR_STOP,-1.03108793
AAOI,2025-10-09T09:45:00-04:00,2025-10-09T12:00:00-04:00,39,33.08479500,32.08313968,-39.06455763,-14.45388632,ATR_STOP,-1.02463281
SGML,2025-10-09T10:00:00-04:00,2025-10-09T13:00:00-04:00,387,7.83587250,7.50455427,-128.22015441,-47.44145713,ATR_STOP,-1.01729472
EOSE,2025-10-08T12:00:00-04:00,2025-10-10T09:30:00-04:00,204,14.86614125,14.21182958,-133.47958081,-49.38744490,ATR_STOP,-1.01657261
IVVD,2025-10-09T13:15:00-04:00,2025-10-10T09:45:00-04:00,1614,1.83637625,1.85360875,27.81325500,10.29090435,STOP_GAP,0.19808644
SOFI,2025-10-09T12:15:00-04:00,2025-10-10T09:45:00-04:00,44,28.48644883,29.67495987,52.29448610,19.34895986,ATR_TARGET,1.96320909
MVST,2025-10-10T09:45:00-04:00,2025-10-10T09:45:00-04:00,1,4.70352500,5.03027810,0.32675310,0.12089865,ATR_TARGET,1.97715454
QS,2025-10-10T09:45:00-04:00,2025-10-10T10:45:00-04:00,188,15.70176750,16.00768776,57.51300954,21.27981353,ATR_STOP,0.44605351
BE,2025-10-10T10:00:00-04:00,2025-10-10T10:45:00-04:00,14,88.82156625,88.90347868,1.14677407,0.42430641,ATR_STOP,0.02641901
AAOI,2025-10-10T09:45:00-04:00,2025-10-10T11:00:00-04:00,91,32.73453250,31.29439747,-131.05228772,-48.48934646,ATR_STOP,-1.01658029
JMIA,2025-10-10T10:00:00-04:00,2025-10-10T11:00:00-04:00,3,13.04978000,12.69221290,-1.07270129,-0.39689948,ATR_STOP,-1.02737123
DDD,2025-10-10T10:00:00-04:00,2025-10-10T11:00:00-04:00,2,3.31748625,3.19599475,-0.24298301,-0.08990371,ATR_STOP,-1.02014225
AMC,2025-10-10T13:45:00-04:00,2025-10-13T09:30:00-04:00,999,2.97573013,2.89903165,-76.62177448,-28.35005656,ATR_STOP,-1.02919794
ALKS,2025-10-10T15:45:00-04:00,2025-10-13T11:30:00-04:00,39,31.34349000,31.97325920,24.56099895,9.08756961,ATR_TARGET,1.92658566
EVLV,2025-10-10T13:30:00-04:00,2025-10-14T09:30:00-04:00,367,8.09596742,7.88267408,-78.27865893,-28.96310381,ATR_STOP,-1.02852990
TSLZ,2025-10-14T09:45:00-04:00,2025-10-14T11:45:00-04:00,190,15.45158000,14.78897181,-125.89555654,-46.58135592,ATR_STOP,-1.01703748
TSLQ,2025-10-14T09:45:00-04:00,2025-10-14T12:15:00-04:00,50,26.02950750,24.81855499,-60.54762558,-22.40262146,ATR_STOP,-1.01562317
AMD,2025-10-14T09:45:00-04:00,2025-10-14T15:30:00-04:00,13,218.25356750,220.86116893,33.89881865,12.54256290,ATR_STOP,0.59968835
IAUX,2025-10-14T09:45:00-04:00,2025-10-15T09:30:00-04:00,19,1.00675450,1.06919750,1.18641700,0.43897429,TARGET_GAP,2.23076496
SOFI,2025-10-14T12:30:00-04:00,2025-10-15T09:30:00-04:00,45,27.59067750,29.01878492,64.26483396,23.77798857,ATR_TARGET,1.96995571
BLNK,2025-10-14T12:45:00-04:00,2025-10-15T11:30:00-04:00,1,2.24168000,2.13718398,-0.10449602,-0.03866353,ATR_STOP,-1.01559006
NXE,2025-10-14T12:30:00-04:00,2025-10-15T11:45:00-04:00,2,9.52714000,9.20387875,-0.64652250,-0.23921333,ATR_STOP,-1.02183664
ASTS,2025-10-14T12:00:00-04:00,2025-10-16T10:45:00-04:00,30,95.20935350,97.96005639,82.52108660,30.53280204,ATR_STOP,0.65521374
INTC,2025-10-17T10:15:00-04:00,2025-10-17T11:15:00-04:00,77,38.05842242,36.86866160,-91.61158361,-33.89628593,ATR_STOP,-1.02381251
MU,2025-10-17T15:00:00-04:00,2025-10-20T09:30:00-04:00,14,201.98137250,209.57270250,106.27862000,39.32308940,TARGET_GAP,1.99948644
SLS,2025-10-17T15:15:00-04:00,2025-10-20T09:30:00-04:00,612,2.14660875,2.42817750,172.32007500,63.75842775,TARGET_GAP,3.68165215
AMD,2025-10-17T15:15:00-04:00,2025-10-21T09:30:00-04:00,12,234.61583000,239.21045750,55.13553000,20.40014610,STOP_GAP,0.94147458
EOSE,2025-10-21T09:45:00-04:00,2025-10-21T10:45:00-04:00,188,15.95375635,16.27235059,59.89571641,22.16141507,ATR_STOP,0.38659067
LUMN,2025-10-21T12:15:00-04:00,2025-10-21T13:00:00-04:00,1,7.29046375,7.13398690,-0.15647685,-0.05789644,ATR_STOP,-1.03543160
RIVN,2025-10-21T10:15:00-04:00,2025-10-21T13:15:00-04:00,88,13.20489625,13.29180514,7.64798263,2.82975357,ATR_STOP,0.32541731
AAOI,2025-10-21T11:45:00-04:00,2025-10-21T13:30:00-04:00,86,35.22640000,33.71561652,-129.92737962,-48.07313046,ATR_STOP,-1.01703539
IVVD,2025-10-21T10:00:00-04:00,2025-10-21T14:15:00-04:00,1465,2.05153750,2.13492004,122.15542005,45.19750542,ATR_STOP,0.76478747
INTC,2025-10-21T13:45:00-04:00,2025-10-22T09:30:00-04:00,79,38.33372875,37.76206012,-45.16182186,-16.70987409,ATR_STOP,-1.05216539
MU,2025-10-22T09:45:00-04:00,2025-10-22T10:00:00-04:00,5,205.52022465,202.30346080,-16.08381925,-5.95101312,ATR_STOP,-1.04954170
GGLL,2025-10-22T09:45:00-04:00,2025-10-22T12:00:00-04:00,43,68.90163750,66.83059948,-89.05463490,-32.95021491,ATR_STOP,-1.02482118
ADMA,2025-10-22T09:45:00-04:00,2025-10-22T13:15:00-04:00,201,14.96121250,15.13909189,35.75375743,13.22889025,ATR_STOP,0.71760687
TSLA,2025-10-22T15:15:00-04:00,2025-10-23T09:30:00-04:00,6,437.44884075,419.68500000,-106.58304450,-39.43572646,STOP_GAP,-2.62678280
REPL,2025-10-22T15:00:00-04:00,2025-10-23T09:30:00-04:00,373,8.00099625,8.56865518,211.73678150,78.34260915,ATR_TARGET,1.97759476
CLOV,2025-10-23T09:30:00-04:00,2025-10-24T09:30:00-04:00,973,3.08231000,3.38745750,296.90851750,109.85615147,TARGET_GAP,3.57804002
TSLT,2025-10-24T09:30:00-04:00,2025-10-24T10:30:00-04:00,17,28.30121000,27.19190037,-18.85826373,-6.97755758,ATR_STOP,-1.01874297
TSLA,2025-10-24T09:30:00-04:00,2025-10-24T10:45:00-04:00,6,447.33525000,437.88020789,-56.73025263,-20.99019347,ATR_STOP,-1.03601170
ADMA,2025-10-24T09:45:00-04:00,2025-10-24T12:15:00-04:00,1,15.48160250,15.89319967,0.41159717,0.15229095,ATR_TARGET,1.94366888
IVVD,2025-10-23T09:45:00-04:00,2025-10-24T12:30:00-04:00,576,1.99149250,2.23286174,139.02867963,51.44061146,ATR_TARGET,1.98620912
MVST,2025-10-24T12:15:00-04:00,2025-10-24T14:45:00-04:00,526,5.90942875,5.69833421,-111.03572919,-41.08321980,ATR_STOP,-1.02067986
AMD,2025-10-24T15:45:00-04:00,2025-10-27T09:45:00-04:00,12,252.51924750,254.06526886,18.55225637,6.86433486,ATR_STOP,0.42384806
VISN,2025-10-23T09:45:00-04:00,2025-10-27T10:15:00-04:00,190,15.88190250,16.06139362,34.10331288,12.61822577,ATR_STOP,0.55911781
IVVD,2025-10-24T13:00:00-04:00,2025-10-27T11:00:00-04:00,553,2.29672125,2.16948922,-70.35931335,-26.03294594,ATR_STOP,-1.01296409
LUMN,2025-10-27T09:45:00-04:00,2025-10-27T15:30:00-04:00,1,8.65648750,9.33808039,0.68159289,0.25218937,ATR_TARGET,1.97964334
INTC,2025-10-27T10:00:00-04:00,2025-10-28T13:45:00-04:00,75,40.28519125,41.48982620,90.34762119,33.42861984,ATR_STOP,1.02903694
TSLR,2025-10-27T11:30:00-04:00,2025-10-28T13:45:00-04:00,88,34.54589000,35.45462958,79.96908345,29.58856088,ATR_STOP,0.71741099
TSLT,2025-10-27T11:30:00-04:00,2025-10-28T13:45:00-04:00,42,29.07168743,29.82888960,31.80249152,11.76692186,ATR_STOP,0.71468105
TSLL,2025-10-27T11:30:00-04:00,2025-10-28T13:45:00-04:00,1,21.42615758,21.97412870,0.54797113,0.20274932,ATR_STOP,0.69250396
PLTR,2025-10-28T14:30:00-04:00,2025-10-29T09:45:00-04:00,16,190.27259750,195.26800368,79.92649881,29.57280456,ATR_TARGET,1.94299422
AAOI,2025-10-29T10:00:00-04:00,2025-10-29T10:45:00-04:00,79,38.72902500,37.22124941,-119.11427157,-44.07228048,ATR_STOP,-1.01887833
RIVN,2025-10-29T09:30:00-04:00,2025-10-29T14:15:00-04:00,232,13.51012500,13.66693874,36.38078792,13.46089153,ATR_STOP,0.67534000
ABCL,2025-10-29T11:00:00-04:00,2025-10-29T14:30:00-04:00,526,5.73429750,5.58434410,-78.87548619,-29.18392989,ATR_STOP,-1.02875511
CLOV,2025-10-29T13:45:00-04:00,2025-10-29T14:30:00-04:00,1,3.73780125,3.64995913,-0.08784212,-0.03250158,ATR_STOP,-1.03219084
BTE,2025-10-29T09:45:00-04:00,2025-10-30T09:30:00-04:00,2,2.32594315,2.28080182,-0.09028267,-0.34610785,ATR_STOP,-1.03941761
PLTR,2025-10-29T15:15:00-04:00,2025-10-30T09:30:00-04:00,15,198.79898750,194.98562907,-57.20037638,-21.16413926,ATR_STOP,-1.03990963
CAPR,2025-10-29T15:15:00-04:00,2025-10-30T09:30:00-04:00,440,7.07380138,6.72111724,-155.18101925,-57.41697712,ATR_STOP,-1.01451107
ADMA,2025-10-29T09:30:00-04:00,2025-10-30T15:00:00-04:00,81,15.55165500,15.27614149,-22.31659405,-8.25713980,ATR_STOP,-1.04342284
VISN,2025-10-30T09:45:00-04:00,2025-10-31T09:30:00-04:00,183,16.71252500,17.75078141,190.00092390,70.30034184,ATR_TARGET,1.97466083
STX,2025-10-30T09:45:00-04:00,2025-10-31T09:45:00-04:00,11,268.95156250,268.16372625,-8.66619875,-3.20649354,STOP_GAP,-0.08391199
VISN,2025-10-31T09:45:00-04:00,2025-10-31T10:00:00-04:00,178,17.39803875,16.70444822,-123.45911513,-45.67987260,ATR_STOP,-1.01840935
SOXL,2025-10-31T10:45:00-04:00,2025-10-31T12:00:00-04:00,3,49.89739500,48.10910146,-5.36488063,-1.98500583,ATR_STOP,-1.02060794
PLTR,2025-10-31T10:15:00-04:00,2025-10-31T12:15:00-04:00,14,203.03726382,198.26569570,-66.80195375,-24.71672289,ATR_STOP,-1.03219094
TSLL,2025-10-31T11:00:00-04:00,2025-10-31T13:00:00-04:00,1,21.57617000,20.80997401,-0.76619599,-0.28349252,ATR_STOP,-1.02080959
NXE,2025-10-30T15:15:00-04:00,2025-11-03T09:30:00-05:00,127,9.78723492,9.57951974,-26.37982828,-9.76053646,ATR_STOP,-1.03585601
BTE,2025-10-31T09:45:00-04:00,2025-11-03T09:30:00-05:00,1301,2.34175500,2.36481323,29.99875168,11.09953812,ATR_STOP,0.40421056
NIO,2025-10-31T12:45:00-04:00,2025-11-03T09:30:00-05:00,410,7.20039625,7.45544230,104.56887918,38.69048530,ATR_TARGET,1.95706155
QS,2025-10-31T14:45:00-04:00,2025-11-03T09:30:00-05:00,1,18.54389750,17.70268941,-0.84120809,-0.31124699,ATR_STOP,-1.01604861
APP,2025-11-03T09:45:00-05:00,2025-11-03T10:15:00-05:00,4,644.39293250,631.51929648,-51.49454409,-19.05298131,ATR_STOP,-1.03822651
TSLT,2025-11-03T09:45:00-05:00,2025-11-03T14:00:00-05:00,57,30.13258250,30.45339896,18.28653823,6.76601915,ATR_STOP,0.31819951
FIVN,2025-11-03T11:45:00-05:00,2025-11-03T15:00:00-05:00,103,24.64847250,24.11912022,-54.52328460,-20.17361530,ATR_STOP,-1.03540917
MU,2025-11-03T09:45:00-05:00,2025-11-04T09:30:00-05:00,13,233.24480250,221.99837625,-146.20354125,-54.09531026,STOP_GAP,-1.71820880
AMD,2025-11-03T15:45:00-05:00,2025-11-04T09:30:00-05:00,11,259.97983875,250.16223750,-107.99361375,-39.95763709,STOP_GAP,-2.89602933
LUMN,2025-11-03T15:45:00-05:00,2025-11-04T09:30:00-05:00,117,11.68876000,10.97176500,-83.88841500,-31.03871355,STOP_GAP,-1.37781495
CLOV,2025-11-03T13:00:00-05:00,2025-11-04T09:30:00-05:00,2,3.67275250,3.57456050,-0.19638401,-0.07266208,ATR_STOP,-1.02809087
ALKS,2025-11-04T10:15:00-05:00,2025-11-05T09:30:00-05:00,97,30.50286000,31.98599250,143.86385250,53.22962542,TARGET_GAP,3.08885512
BTU,2025-11-04T14:00:00-05:00,2025-11-06T09:45:00-05:00,100,29.39202750,30.91507189,152.30443898,56.35264242,ATR_TARGET,1.96998708
QS,2025-11-05T10:00:00-05:00,2025-11-06T10:45:00-05:00,7,16.91267500,16.14596079,-5.36699946,-1.98578980,ATR_STOP,-1.01605967
VISN,2025-11-05T09:45:00-05:00,2025-11-06T12:15:00-05:00,179,16.65248000,16.23866880,-74.07220416,-27.40671554,ATR_STOP,-1.03034722
LUMN,2025-11-06T13:30:00-05:00,2025-11-06T15:45:00-05:00,258,11.38022878,10.87922648,-129.25859268,-47.82567929,ATR_STOP,-1.01656846
BE,2025-11-05T09:45:00-05:00,2025-11-07T09:30:00-05:00,8,138.71495825,131.24710669,-59.74281245,-22.10484060,ATR_STOP,-1.01336744
TSLZ,2025-11-06T11:00:00-05:00,2025-11-07T09:45:00-05:00,11,13.20990000,14.38219720,12.89526924,4.77124962,ATR_TARGET,1.98175164
TSLQ,2025-11-06T11:00:00-05:00,2025-11-07T11:45:00-05:00,134,22.39178125,24.43864080,274.27917996,101.48329659,ATR_TARGET,1.98223638
BTE,2025-11-06T15:30:00-05:00,2025-11-07T14:30:00-05:00,3,2.39179250,2.49803576,0.31872978,0.11793002,ATR_TARGET,1.96531697
EOSE,2025-11-07T13:45:00-05:00,2025-11-10T09:30:00-05:00,185,16.36406385,18.48879849,393.07590880,145.43808626,ATR_TARGET,1.98702242
RIVN,2025-11-07T14:00:00-05:00,2025-11-10T09:45:00-05:00,205,14.83611875,15.07868250,49.72556875,18.39846044,STOP_GAP,0.47964804
VISN,2025-11-10T09:45:00-05:00,2025-11-10T11:15:00-05:00,31,17.09281000,16.66208533,-13.35246462,-4.94041191,ATR_STOP,-1.02990288
SEDG,2025-11-10T09:45:00-05:00,2025-11-10T13:15:00-05:00,74,42.39177000,46.87984786,332.11776166,122.88357181,ATR_TARGET,1.98444209
BTE,2025-11-07T14:45:00-05:00,2025-11-11T09:30:00-05:00,478,2.50307590,2.61531658,53.65104302,19.85088592,ATR_TARGET,1.96562352
APP,2025-11-10T09:45:00-05:00,2025-11-11T09:30:00-05:00,4,670.23229750,640.70800437,-118.09717251,-43.69595383,ATR_STOP,-1.01655769
RIVN,2025-11-10T11:45:00-05:00,2025-11-11T09:30:00-05:00,32,15.95195500,16.22293625,8.67140011,3.20841804,ATR_STOP,0.46217787
QS,2025-11-10T15:00:00-05:00,2025-11-11T09:30:00-05:00,8,16.56241250,15.68911706,-6.98636352,-2.58495450,ATR_STOP,-1.01366848
AFRM,2025-11-11T09:45:00-05:00,2025-11-11T10:45:00-05:00,41,76.75252125,74.66335773,-85.65570416,-31.69261054,ATR_STOP,-1.02756327
CMPX,2025-11-10T14:00:00-05:00,2025-11-11T12:00:00-05:00,745,4.32324000,4.55145204,170.01797122,62.90664935,ATR_TARGET,1.97050315
TNDM,2025-11-11T09:45:00-05:00,2025-11-11T14:15:00-05:00,77,17.21290000,17.70949586,38.23788086,14.14801592,ATR_STOP,0.65966629
TSLZ,2025-11-11T11:00:00-05:00,2025-11-12T09:30:00-05:00,227,13.68525625,13.20009250,-110.13217125,-40.74890336,STOP_GAP,-1.06038250
RIVN,2025-11-11T15:15:00-05:00,2025-11-12T09:30:00-05:00,75,17.86338750,17.27991990,-43.76007013,-16.19122595,ATR_STOP,-1.02273394
CMPX,2025-11-11T12:15:00-05:00,2025-11-12T09:45:00-05:00,16,4.55341250,4.84978985,4.74203763,1.75455392,ATR_TARGET,1.97573426
STX,2025-11-12T09:45:00-05:00,2025-11-12T09:45:00-05:00,3,294.22050000,286.73439631,-22.45831106,-8.30957509,ATR_STOP,-1.02959915
CSIQ,2025-11-12T09:45:00-05:00,2025-11-12T10:30:00-05:00,9,31.35349750,29.59202323,-15.85326841,-5.86570931,ATR_STOP,-1.01277016
TSLZ,2025-11-12T10:00:00-05:00,2025-11-12T15:30:00-05:00,1,13.69526375,13.83961250,0.14434875,0.05340904,STOP_GAP,0.39803346
TSLQ,2025-11-12T10:00:00-05:00,2025-11-13T09:30:00-05:00,40,23.25242625,24.51310374,50.42709961,18.65802685,ATR_TARGET,1.97123138
TNYA,2025-11-12T15:30:00-05:00,2025-11-13T09:30:00-05:00,10,1.54615875,1.48720945,-0.58949296,-0.21811239,ATR_STOP,-1.01930115
AFRM,2025-11-12T09:45:00-05:00,2025-11-13T09:45:00-05:00,41,77.73225550,75.81394757,-78.65062528,-29.10073135,ATR_STOP,-1.03057000
BTU,2025-11-12T12:15:00-05:00,2025-11-13T09:45:00-05:00,9,30.86813375,30.04072015,-7.44672237,-2.75528728,ATR_STOP,-1.02801391
VISN,2025-11-11T12:15:00-05:00,2025-11-13T10:30:00-05:00,186,17.50311750,17.06328005,-81.80976522,-30.26961313,ATR_STOP,-1.02999099
MU,2025-11-13T10:15:00-05:00,2025-11-13T10:30:00-05:00,12,248.77644250,241.92280624,-82.24363515,-30.43014501,ATR_STOP,-1.02721473
SGML,2025-11-13T09:45:00-05:00,2025-11-13T15:45:00-05:00,164,5.95446250,5.68199779,-44.68421291,-16.53315878,ATR_STOP,-1.01590118
IAUX,2025-11-13T10:30:00-05:00,2025-11-14T09:30:00-05:00,417,1.02076500,0.96507565,-23.22245895,-8.59230981,STOP_GAP,-1.75113492
SGML,2025-11-14T09:45:00-05:00,2025-11-14T09:45:00-05:00,496,6.30472500,5.83174530,-234.59792899,-86.80123373,ATR_STOP,-1.00934073
MIST,2025-11-14T10:00:00-05:00,2025-11-14T11:15:00-05:00,7,1.91143250,2.03444136,0.86106204,0.31859295,ATR_TARGET,1.97547732
MU,2025-11-14T09:45:00-05:00,2025-11-14T15:30:00-05:00,12,244.27807125,248.93067035,55.83118915,20.65753998,ATR_STOP,0.55317078
CSIQ,2025-11-14T10:00:00-05:00,2025-11-17T09:30:00-05:00,98,30.25267250,31.74617250,146.36300000,54.15431000,STOP_GAP,0.65852800
OTLK,2025-11-14T09:45:00-05:00,2025-11-17T09:45:00-05:00,899,1.60670413,1.93540776,295.50456358,109.33668852,ATR_TARGET,1.99120026
MIST,2025-11-17T09:45:00-05:00,2025-11-17T10:30:00-05:00,1537,2.06154500,1.99289811,-105.51027485,-39.03880170,ATR_STOP,-1.02227507
MU,2025-11-17T09:45:00-05:00,2025-11-17T11:15:00-05:00,11,256.69988062,248.42323608,-91.04308997,-33.68594329,ATR_STOP,-1.02304734
IAUX,2025-11-17T09:45:00-05:00,2025-11-17T13:15:00-05:00,43,1.06539845,1.01950842,-1.97327113,-0.73011032,ATR_STOP,-1.01695752
MIST,2025-11-17T15:15:00-05:00,2025-11-17T15:45:00-05:00,1458,2.17683140,2.37285407,285.80105924,105.74639192,ATR_TARGET,1.98199248
TSLQ,2025-11-17T13:15:00-05:00,2025-11-18T11:15:00-05:00,124,25.36901250,26.39940616,127.76881349,47.27446099,ATR_STOP,0.85304923
SOXS,2025-11-21T09:45:00-05:00,2025-11-21T12:00:00-05:00,3,967.72525000,907.47967531,-180.73672407,-66.87258791,ATR_STOP,-1.01143502
BEKE,2025-11-21T09:45:00-05:00,2025-11-21T15:45:00-05:00,187,17.33799375,17.48315213,27.14461794,10.04350864,ATR_STOP,0.59088891
GGLL,2025-11-21T09:45:00-05:00,2025-11-24T09:30:00-05:00,16,92.33920250,100.88364468,136.71107488,50.58309771,ATR_TARGET,1.98243199
TSLQ,2025-11-21T10:15:00-05:00,2025-11-24T09:30:00-05:00,3,27.66073000,26.03832881,-4.86720356,-1.80086532,ATR_STOP,-1.01219285
MIST,2025-11-21T12:45:00-05:00,2025-11-24T11:15:00-05:00,1,2.42681875,2.32867730,-0.09814145,-0.03631233,ATR_STOP,-1.01813210
IVVD,2025-11-21T11:30:00-05:00,2025-11-24T11:30:00-05:00,3,2.53189750,2.42378880,-0.32432609,-0.12000065,ATR_STOP,-1.01711558
IAUX,2025-11-26T09:45:00-05:00,2025-11-26T14:45:00-05:00,1,1.05579125,1.06199201,0.00620076,0.00229428,ATR_STOP,0.18916553
CMPX,2025-11-26T09:45:00-05:00,2025-11-26T15:00:00-05:00,330,5.04878375,5.30204005,83.57457944,30.92259439,ATR_TARGET,1.96905940
NVTS,2025-11-26T15:15:00-05:00,2025-11-26T15:45:00-05:00,199,8.64147625,8.37063751,-53.89690905,-19.94185635,ATR_STOP,-1.02374805
TSLL,2025-11-26T09:45:00-05:00,2025-11-28T10:00:00-05:00,182,17.83336500,18.26438578,78.44578268,29.02493959,ATR_STOP,0.76486528
TSLA,2025-11-28T09:30:00-05:00,2025-11-28T10:00:00-05:00,3,426.86991250,426.92116668,0.15376253,0.05689213,ATR_STOP,0.01051988
NVTS,2025-11-28T10:15:00-05:00,2025-11-28T12:45:00-05:00,1,9.06679500,8.67451808,-0.39227692,-0.14514246,ATR_STOP,-1.01687751
SOFI,2025-11-28T10:15:00-05:00,2025-12-01T09:30:00-05:00,113,29.07178750,28.80837750,-29.76533000,-11.01317210,STOP_GAP,-0.44956021
AFRM,2025-11-28T10:15:00-05:00,2025-12-01T09:45:00-05:00,18,70.44279250,70.55537356,2.02645908,0.74978986,ATR_STOP,0.09243651
ASPN,2025-12-01T10:45:00-05:00,2025-12-01T12:15:00-05:00,408,3.26544725,3.45472490,77.22528024,28.57335369,ATR_TARGET,1.97297149
RIVN,2025-11-28T09:45:00-05:00,2025-12-01T13:00:00-05:00,24,16.81760375,17.69311916,21.01236979,7.77457682,ATR_TARGET,1.97011730
BIDU,2025-12-01T10:15:00-05:00,2025-12-02T09:30:00-05:00,27,118.93663562,117.14559649,-48.35805657,-17.89248093,ATR_STOP,-1.05162610
SGML,2025-11-28T10:15:00-05:00,2025-12-02T09:45:00-05:00,2,11.09831750,10.48061954,-1.23539592,-0.45709649,ATR_STOP,-1.01289924
INTC,2025-12-02T09:45:00-05:00,2025-12-02T10:15:00-05:00,77,40.96069750,42.34552373,106.63161982,39.45369933,ATR_TARGET,1.95512809
AAOI,2025-12-02T10:00:00-05:00,2025-12-02T10:15:00-05:00,1,27.62070000,26.77393294,-0.84676706,-0.31330381,ATR_STOP,-1.02430896
VISN,2025-12-02T09:45:00-05:00,2025-12-02T11:00:00-05:00,1,19.99498500,19.65775003,-0.33723497,-0.12477694,ATR_STOP,-1.04575276
CLOV,2025-12-01T13:15:00-05:00,2025-12-03T13:00:00-05:00,723,2.48696383,2.59054293,74.88769144,27.70844583,ATR_TARGET,1.96314819
ECHO,2025-12-02T11:45:00-05:00,2025-12-04T09:45:00-05:00,44,74.04549250,72.88667214,-50.98809596,-18.86559551,ATR_STOP,-1.04954744
HIVE,2025-12-03T13:15:00-05:00,2025-12-04T09:45:00-05:00,559,3.29747125,3.18858750,-60.86601823,-22.52042675,ATR_STOP,-1.02247370
EVLV,2025-12-02T12:45:00-05:00,2025-12-04T10:15:00-05:00,1,6.41480750,6.68890547,0.27409797,0.10141625,ATR_TARGET,1.96402642
PLUG,2025-12-02T13:45:00-05:00,2025-12-04T14:15:00-05:00,2,2.10157500,2.17016501,0.13718002,0.05075661,ATR_STOP,0.78717590
ABCL,2025-12-04T10:30:00-05:00,2025-12-04T14:15:00-05:00,928,3.57768125,3.65129717,68.31557792,25.27676383,ATR_STOP,0.75850037
ACHR,2025-12-04T14:45:00-05:00,2025-12-05T09:30:00-05:00,13,8.79158875,8.79340000,0.02354625,0.00871211,STOP_GAP,0.00830067
OTLK,2025-12-03T14:45:00-05:00,2025-12-05T09:45:00-05:00,1,1.98268590,2.02346086,0.04077496,0.01508674,ATR_STOP,0.58301278
STX,2025-12-04T10:30:00-05:00,2025-12-05T09:45:00-05:00,1,264.98358875,276.40111809,11.41752934,4.22448586,ATR_TARGET,1.96430853
BTE,2025-11-21T12:30:00-05:00,2025-12-05T11:15:00-05:00,880,3.16737375,3.26035920,81.82719885,30.27606357,ATR_STOP,0.96218968
MRNA,2025-12-05T10:00:00-05:00,2025-12-05T11:15:00-05:00,11,26.05953000,27.06654945,11.07721395,4.09856916,ATR_TARGET,1.96045077
NVTS,2025-12-04T14:45:00-05:00,2025-12-08T09:45:00-05:00,350,9.51713250,10.15317708,222.61560245,82.36777291,ATR_TARGET,1.97632123
MIST,2025-12-05T13:15:00-05:00,2025-12-08T09:45:00-05:00,1,2.67700625,2.61399130,-0.06301495,-0.02331553,ATR_STOP,-1.03213545
ASTS,2025-12-08T10:00:00-05:00,2025-12-08T10:30:00-05:00,45,75.72675250,72.10411899,-163.01850810,-60.31684800,ATR_STOP,-1.01516560
JMIA,2025-12-08T10:15:00-05:00,2025-12-08T10:45:00-05:00,5,12.40930000,12.06152485,-1.73887575,-0.64338403,ATR_STOP,-1.02672672
CAPR,2025-12-05T09:45:00-05:00,2025-12-08T12:00:00-05:00,4,27.52052493,29.45788111,7.74942475,2.86728716,ATR_STOP,0.63456772
APP,2025-12-04T10:30:00-05:00,2025-12-08T12:15:00-05:00,2,684.91330000,693.77791901,17.72923803,6.55981807,ATR_STOP,0.57735106
GME,2025-12-08T11:00:00-05:00,2025-12-08T13:45:00-05:00,10,23.38252375,23.03442611,-3.48097636,-1.28796125,ATR_STOP,-1.05226216
IVVD,2025-12-08T11:30:00-05:00,2025-12-08T13:45:00-05:00,5,2.36177000,2.39659948,0.17414739,0.06443453,ATR_STOP,0.38429573
BEKE,2025-12-05T12:00:00-05:00,2025-12-08T15:45:00-05:00,182,17.24792625,17.08472253,-29.70307704,-10.99013850,ATR_STOP,-1.08527139
MIST,2025-12-09T09:30:00-05:00,2025-12-09T09:30:00-05:00,1174,2.66199500,2.59098183,-83.36946529,-30.84670216,ATR_STOP,-1.02815604
AAOI,2025-12-08T13:00:00-05:00,2025-12-09T11:00:00-05:00,53,27.91091750,29.70029026,94.83675640,35.08959987,ATR_TARGET,1.97539066
ALB,2025-12-08T14:45:00-05:00,2025-12-09T12:30:00-05:00,2,127.55559500,131.32274538,7.53430076,2.78769128,ATR_TARGET,1.94900506
HIVE,2025-12-09T11:15:00-05:00,2025-12-10T09:30:00-05:00,471,3.27245250,3.15748710,-54.14870282,-20.03502004,ATR_STOP,-1.02104784
USAS,2025-12-09T10:30:00-05:00,2025-12-10T10:15:00-05:00,3,4.99874625,4.81886019,-0.53965817,-0.19967352,ATR_STOP,-1.02051894
IAUX,2025-12-09T11:15:00-05:00,2025-12-10T10:15:00-05:00,1,1.31598625,1.26854395,-0.04744230,-0.01755365,ATR_STOP,-1.02048007
FROG,2025-12-09T12:45:00-05:00,2025-12-10T10:15:00-05:00,3,68.00096250,68.39884915,1.19365996,0.44165419,ATR_STOP,0.31743830
RIVN,2025-12-10T10:30:00-05:00,2025-12-10T11:00:00-05:00,16,18.40379250,17.89325355,-8.16862321,-3.02239059,ATR_STOP,-1.02701624
STX,2025-12-08T10:45:00-05:00,2025-12-10T14:00:00-05:00,11,284.04287250,295.35824528,124.46910054,46.05356720,ATR_TARGET,1.96156993
PLTR,2025-12-10T09:45:00-05:00,2025-12-10T14:30:00-05:00,8,185.05929045,189.72593000,37.33311641,13.81325307,ATR_TARGET,1.94077769
VISN,2025-12-09T09:45:00-05:00,2025-12-10T15:45:00-05:00,153,19.95995875,20.06412558,15.93752570,5.89688451,ATR_STOP,0.29031012
QUBT,2025-12-10T14:15:00-05:00,2025-12-11T09:30:00-05:00,252,12.70952500,12.23082000,-120.63366000,-44.63445420,STOP_GAP,-1.07498891
IAUX,2025-12-10T11:30:00-05:00,2025-12-11T09:30:00-05:00,227,1.31598625,1.39399483,17.70794764,6.55194063,ATR_TARGET,1.97353026
TSLA,2025-12-10T15:00:00-05:00,2025-12-11T09:30:00-05:00,3,452.22891750,446.35321642,-17.62710323,-6.52202819,ATR_STOP,-1.06046476
TSLL,2025-12-10T15:00:00-05:00,2025-12-11T09:30:00-05:00,7,19.72478250,19.21740293,-3.55165700,-1.31411309,ATR_STOP,-1.02925997
PRME,2025-12-11T09:45:00-05:00,2025-12-11T09:45:00-05:00,275,4.38828875,4.19010815,-54.49966406,-20.16487570,ATR_STOP,-1.01612495
OLMA,2025-12-11T09:30:00-05:00,2025-12-11T11:00:00-05:00,111,30.23766125,32.86874035,292.04977993,108.05841857,ATR_TARGET,1.98142139
CLOV,2025-12-10T15:00:00-05:00,2025-12-11T12:00:00-05:00,3,2.66199500,2.77197314,0.32993442,0.12207573,ATR_TARGET,1.96286695
USAS,2025-12-11T11:45:00-05:00,2025-12-12T09:30:00-05:00,627,5.46909875,5.62698780,98.99643703,36.62868170,ATR_STOP,0.74397123
VOR,2025-12-11T10:15:00-05:00,2025-12-12T09:45:00-05:00,101,11.57447435,13.39186404,183.55635892,67.91585280,ATR_TARGET,1.98899944
NXE,2025-12-11T09:45:00-05:00,2025-12-12T10:15:00-05:00,356,9.51212875,9.25762849,-90.60209366,-33.52277466,ATR_STOP,-1.02806860
TSLL,2025-12-12T09:45:00-05:00,2025-12-12T10:15:00-05:00,171,20.21525008,19.60280443,-104.72820517,-38.74943591,ATR_STOP,-1.02461492
QS,2025-12-12T10:00:00-05:00,2025-12-12T10:30:00-05:00,103,12.82461125,12.44785319,-38.80607972,-14.35824950,ATR_STOP,-1.02542872
PLUG,2025-12-11T12:15:00-05:00,2025-12-12T11:00:00-05:00,1,2.27670625,2.31838641,0.04168016,0.01542166,ATR_STOP,0.39872377
BILL,2025-12-12T12:15:00-05:00,2025-12-12T15:30:00-05:00,62,55.26641875,54.47270655,-49.21015624,-18.20775781,ATR_STOP,-1.05430888
PLUG,2025-12-12T13:00:00-05:00,2025-12-12T15:45:00-05:00,494,2.43592558,2.33207702,-51.30118473,-18.98143835,ATR_STOP,-1.01714399
ERAS,2025-12-11T12:15:00-05:00,2025-12-15T09:30:00-05:00,2,3.42256500,3.67724000,0.50935000,0.18845950,TARGET_GAP,2.51482744
BEKE,2025-12-12T15:45:00-05:00,2025-12-15T09:30:00-05:00,195,17.36301250,17.01722750,-67.42807500,-24.94838775,STOP_GAP,-3.27112312
SLS,2025-12-11T11:45:00-05:00,2025-12-15T09:30:00-05:00,56,2.04153000,1.95293816,-4.96114329,-1.83562302,ATR_STOP,-1.01682394
FROG,2025-12-12T12:15:00-05:00,2025-12-15T09:30:00-05:00,49,69.24189250,67.81933106,-69.70551033,-25.79103882,ATR_STOP,-1.03711031
ECHO,2025-12-15T09:45:00-05:00,2025-12-15T11:00:00-05:00,11,108.69145750,105.88217732,-30.90208193,-11.43377032,ATR_STOP,-1.02911238
PLTR,2025-12-15T09:45:00-05:00,2025-12-15T15:45:00-05:00,18,186.39969500,182.62232227,-67.99270920,-25.15730241,ATR_STOP,-1.03765333
OLMA,2025-12-15T09:45:00-05:00,2025-12-16T09:30:00-05:00,1,33.67023375,34.98587264,1.31563889,0.48678639,ATR_STOP,1.03884779
OTLK,2025-12-15T11:30:00-05:00,2025-12-16T13:45:00-05:00,555,2.17663125,2.38079438,113.31053522,41.92489803,ATR_TARGET,1.98264690
VUZI,2025-12-16T09:45:00-05:00,2025-12-17T09:45:00-05:00,1159,2.88716375,2.93823339,59.18970866,21.90019221,ATR_STOP,0.47617422
OTLK,2025-12-16T14:00:00-05:00,2025-12-17T10:00:00-05:00,15,2.38028387,2.41672634,0.54663694,0.20225567,ATR_STOP,0.35944811
IAUX,2025-12-15T09:45:00-05:00,2025-12-17T13:45:00-05:00,2285,1.47700692,1.50934527,73.89311161,27.34045130,ATR_STOP,0.62877602
TWLO,2025-12-17T10:00:00-05:00,2025-12-17T15:45:00-05:00,23,141.35593750,138.41885255,-67.55295388,-24.99459294,ATR_STOP,-1.03666960
ERAS,2025-12-17T13:00:00-05:00,2025-12-18T10:00:00-05:00,46,3.69276750,3.56946332,-5.67199210,-2.09863708,ATR_STOP,-1.02221020
AFRM,2025-12-16T14:00:00-05:00,2025-12-18T10:45:00-05:00,17,73.14481750,77.87001396,80.32833974,29.72148570,ATR_TARGET,1.97556408
VUZI,2025-12-18T09:45:00-05:00,2025-12-18T14:00:00-05:00,2,3.08231000,3.16271930,0.16081860,0.05950288,ATR_STOP,0.56600489
SLS,2025-12-18T09:45:00-05:00,2025-12-18T14:45:00-05:00,1505,2.25669125,2.30674324,75.32825103,27.87145288,ATR_STOP,0.51003859
ECHO,2025-12-18T10:30:00-05:00,2025-12-19T09:30:00-05:00,1,104.74850250,109.88054506,5.13204256,1.89885575,ATR_TARGET,1.96836819
ALB,2025-12-18T15:15:00-05:00,2025-12-19T09:30:00-05:00,24,140.03494750,144.66551203,111.13354882,41.11941306,ATR_TARGET,1.95417715
RIVN,2025-12-18T15:15:00-05:00,2025-12-19T09:45:00-05:00,4,19.95495500,21.25758434,5.21051735,1.92789142,ATR_TARGET,1.97579957
TSLR,2025-12-18T11:15:00-05:00,2025-12-19T10:30:00-05:00,10,38.18862000,36.62256554,-15.66054464,-5.79440152,ATR_STOP,-1.01786568
JMIA,2025-12-19T09:45:00-05:00,2025-12-19T10:45:00-05:00,263,13.20990000,12.81841819,-102.95971472,-38.09509444,ATR_STOP,-1.02519512
TSLA,2025-12-18T11:00:00-05:00,2025-12-19T11:45:00-05:00,2,486.79482250,475.71718927,-22.15526647,-8.19744859,ATR_STOP,-1.03330564
MRNA,2025-12-19T10:15:00-05:00,2025-12-19T13:45:00-05:00,5,32.81459250,33.43811737,3.11762436,1.15352101,ATR_STOP,0.70076188
CCJ,2025-12-19T15:45:00-05:00,2025-12-22T09:45:00-05:00,1,90.44778500,92.79127274,2.34348774,0.86709046,ATR_TARGET,1.94227780
TSLL,2025-12-18T09:45:00-05:00,2025-12-22T10:00:00-05:00,145,21.95645500,22.95136108,144.26138184,53.37671128,ATR_STOP,1.02840208
BTE,2025-12-22T09:45:00-05:00,2025-12-22T10:00:00-05:00,23,3.18738875,3.12169393,-1.51098089,-0.55906293,ATR_STOP,-1.03698439
SLS,2025-12-19T12:00:00-05:00,2025-12-22T11:30:00-05:00,558,2.41080675,2.60407497,107.84366417,39.90215574,ATR_TARGET,1.97997649
SLS,2025-12-22T11:45:00-05:00,2025-12-23T09:30:00-05:00,542,2.61455945,2.83433035,119.11582789,44.07285632,ATR_TARGET,1.98082596
ABCL,2025-12-23T09:45:00-05:00,2025-12-23T10:00:00-05:00,392,3.80285000,3.70247622,-39.34652070,-14.55821266,ATR_STOP,-1.02847427
JMIA,2025-12-23T11:45:00-05:00,2025-12-24T09:30:00-05:00,110,13.26994500,12.88033250,-42.85737500,-15.85722875,STOP_GAP,-1.06146238
BTU,2025-12-19T11:00:00-05:00,2025-12-26T09:30:00-05:00,109,31.16335500,30.28881885,-95.32444037,-35.27004294,ATR_STOP,-1.02668889
BTE,2025-12-23T14:15:00-05:00,2025-12-26T11:45:00-05:00,2,3.16237000,3.11977774,-0.08518452,-0.03151827,ATR_STOP,-1.05817517
ECHO,2025-12-22T11:00:00-05:00,2025-12-29T09:30:00-05:00,32,107.41049750,103.88203000,-112.91096000,-41.77705520,STOP_GAP,-1.39288610
RIVN,2025-12-24T09:30:00-05:00,2025-12-29T09:30:00-05:00,67,21.12583250,20.62452000,-33.58793750,-12.42753687,STOP_GAP,-1.28249975
ALB,2025-12-26T09:45:00-05:00,2025-12-29T09:30:00-05:00,23,148.61137500,144.61146000,-91.99804500,-34.03927665,STOP_GAP,-1.50348794
USAS,2025-12-26T14:45:00-05:00,2025-12-29T09:30:00-05:00,1,6.22026170,5.87559000,-0.34467170,-0.12752853,STOP_GAP,-2.18392512
IAUX,2025-12-19T10:15:00-05:00,2025-12-29T09:30:00-05:00,1,1.54115500,1.48161192,-0.05954308,-0.02203094,ATR_STOP,-1.01903172
NXE,2025-12-29T09:45:00-05:00,2025-12-29T09:45:00-05:00,360,9.50212125,9.32903461,-62.31119179,-23.05514096,ATR_STOP,-1.04215940
MU,2025-12-29T09:45:00-05:00,2025-12-29T10:00:00-05:00,4,287.18522750,282.83391907,-17.40523372,-6.43993647,ATR_STOP,-1.05128858
NIO,2025-12-29T09:45:00-05:00,2025-12-29T15:30:00-05:00,27,5.16887375,5.36195065,5.21307636,1.92883825,ATR_TARGET,1.95916334
VUZI,2025-12-29T11:15:00-05:00,2025-12-30T09:30:00-05:00,992,3.43257250,3.75740880,322.23761157,119.22791628,ATR_TARGET,1.98278580
SLS,2025-12-29T12:45:00-05:00,2025-12-30T09:45:00-05:00,343,3.24743375,3.70009742,155.26363802,57.44754607,ATR_TARGET,1.98780454
ASTS,2025-12-30T09:45:00-05:00,2025-12-30T10:00:00-05:00,47,75.03623500,75.01562944,-0.96846142,-0.35833072,ATR_STOP,-0.00768298
SOXL,2025-12-29T15:45:00-05:00,2025-12-30T13:00:00-05:00,3,43.77280500,44.08822105,0.94624814,0.35011181,ATR_STOP,0.49950823
AAOI,2025-12-30T10:45:00-05:00,2025-12-30T15:30:00-05:00,95,37.14784000,36.09134149,-100.36735879,-37.13592275,ATR_STOP,-1.02631491
BTE,2025-12-29T09:45:00-05:00,2025-12-30T15:45:00-05:00,1071,3.19239250,3.24070256,51.74007751,19.14382868,ATR_STOP,0.94411686
BIDU,2025-12-30T15:45:00-05:00,2025-12-31T09:30:00-05:00,26,133.39997500,131.98570141,-36.77111321,-13.60531189,ATR_STOP,-1.07532149
NXE,2025-12-31T09:45:00-05:00,2025-12-31T13:45:00-05:00,374,9.33199375,9.16938369,-60.81616242,-22.50198010,ATR_STOP,-1.04419376
AMD,2025-12-31T09:45:00-05:00,2025-12-31T15:45:00-05:00,6,215.95184250,214.05070425,-11.40682949,-4.22052691,ATR_STOP,-1.09230703
TSLZ,2025-12-31T09:30:00-05:00,2025-12-31T15:45:00-05:00,302,11.53864750,11.85110500,94.36216500,34.91400105,END_OF_TEST,1.49100294
TSLQ,2025-12-31T14:45:00-05:00,2025-12-31T15:45:00-05:00,193,17.96336242,18.15637250,37.25094448,13.78284946,END_OF_TEST,0.71317643
