Symbol,EntryTimestampMarket,ExitTimestampMarket,Shares,EntryPrice,ExitPrice,PnL,TaxReserved,ExitReason,ResultR
BTE,2024-03-18T15:15:00-04:00,2024-03-19T09:45:00-04:00,231,3.36752375,3.45008384,19.07138103,6.42551246,ATR_TARGET,1.93917752
BEKE,2024-03-19T09:45:00-04:00,2024-03-20T09:30:00-04:00,24,14.32073250,14.10941000,-5.07174000,-1.87654380,STOP_GAP,-1.09706487
CLOV,2024-03-20T10:30:00-04:00,2024-03-20T15:30:00-04:00,930,0.84573382,0.88755671,38.89528464,14.39125532,ATR_TARGET,1.96864288
BTE,2024-03-20T13:15:00-04:00,2024-03-21T09:30:00-04:00,103,3.47660550,3.57732559,10.37416935,3.83844266,ATR_TARGET,1.94806817
BTE,2024-03-21T09:45:00-04:00,2024-03-21T11:00:00-04:00,100,3.58268500,3.50838156,-7.43034436,-2.74922741,ATR_STOP,-1.03674138
BEKE,2024-03-21T09:45:00-04:00,2024-03-21T11:45:00-04:00,57,14.34074750,14.13564346,-11.69093007,-4.32564413,ATR_STOP,-1.05455012
CLOV,2024-03-21T14:15:00-04:00,2024-03-22T09:30:00-04:00,4,0.88636428,0.85905522,-0.10923620,-0.04041739,STOP_GAP,-1.26412076
EOSE,2024-03-21T11:30:00-04:00,2024-03-22T15:30:00-04:00,337,1.05078750,0.99045660,-20.33151330,-7.52265992,STOP_GAP,-1.09594978
BTE,2024-03-22T15:30:00-04:00,2024-03-25T09:30:00-04:00,99,3.48261000,3.56317313,7.97575022,2.95102758,ATR_TARGET,1.93574086
NXE,2024-03-21T12:45:00-04:00,2024-03-25T09:45:00-04:00,104,7.75080875,7.82889834,8.12131787,3.00488761,ATR_STOP,0.54686693
CCJ,2024-03-25T09:45:00-04:00,2024-03-25T10:45:00-04:00,8,43.78281250,43.17919921,-4.82890632,-1.78669534,ATR_STOP,-1.05673748
BTE,2024-03-25T10:30:00-04:00,2024-03-26T11:00:00-04:00,3,3.57768125,3.51440575,-0.18982650,-0.07023581,ATR_STOP,-1.04350069
MVST,2024-03-25T11:00:00-04:00,2024-03-26T11:15:00-04:00,459,0.76097030,0.82478092,29.28907510,10.83695779,ATR_TARGET,1.98078370
MVST,2024-03-26T11:30:00-04:00,2024-03-26T15:00:00-04:00,456,0.82962175,0.84052239,4.97069225,1.83915613,ATR_STOP,0.30265388
APP,2024-03-25T10:00:00-04:00,2024-03-26T15:15:00-04:00,11,72.54436750,73.65238376,12.18817882,4.50962616,ATR_STOP,0.80718738
QS,2024-03-27T10:00:00-04:00,2024-03-27T10:30:00-04:00,139,5.92944375,6.19457561,36.85332861,13.63573159,ATR_TARGET,1.96553194
BTE,2024-03-27T11:45:00-04:00,2024-03-28T12:30:00-04:00,104,3.48261000,3.60444397,12.67073334,4.68817134,ATR_TARGET,1.95655410
QS,2024-04-01T09:30:00-04:00,2024-04-01T09:30:00-04:00,14,6.37477750,6.26710408,-1.50742793,-0.55774833,ATR_STOP,-1.04568200
EOSE,2024-04-01T09:45:00-04:00,2024-04-01T09:45:00-04:00,9,1.08581375,1.03329232,-0.47269286,-0.17489636,ATR_STOP,-1.01498768
PLUG,2024-03-27T11:15:00-04:00,2024-04-01T10:15:00-04:00,246,3.44258000,3.32411944,-29.14129867,-10.78228051,ATR_STOP,-1.02151466
STX,2024-03-28T15:30:00-04:00,2024-04-01T10:15:00-04:00,3,92.94966000,92.96308144,0.04026432,0.01489780,ATR_STOP,0.01303088
BE,2024-04-01T09:45:00-04:00,2024-04-01T10:30:00-04:00,7,11.37852750,11.08380086,-2.06308649,-0.76334200,ATR_STOP,-1.02904634
MVST,2024-04-01T13:30:00-04:00,2024-04-02T09:30:00-04:00,952,0.87975932,0.64241782,-225.94910800,-35.48597544,STOP_GAP,-5.74359219
BLNK,2024-04-01T14:00:00-04:00,2024-04-02T09:30:00-04:00,1,2.98213493,2.86784750,-0.11428743,0.00000000,STOP_GAP,-1.42253937
NVTS,2024-04-01T14:00:00-04:00,2024-04-02T09:30:00-04:00,73,4.85363750,4.71945461,-9.79535131,0.00000000,ATR_STOP,-1.02711444
BEKE,2024-04-02T09:45:00-04:00,2024-04-02T13:15:00-04:00,24,14.44582625,14.25868362,-4.49142311,0.00000000,ATR_STOP,-1.06065520
EVLV,2024-04-02T09:30:00-04:00,2024-04-02T14:45:00-04:00,131,4.95371250,5.08443627,17.12481415,0.00000000,ATR_STOP,0.52531294
BE,2024-04-02T14:30:00-04:00,2024-04-03T09:30:00-04:00,29,11.78803440,11.52135250,-7.73377510,0.00000000,STOP_GAP,-1.17059434
CCJ,2024-04-02T15:30:00-04:00,2024-04-03T09:30:00-04:00,14,47.34047875,48.60665016,17.72639973,0.00000000,ATR_TARGET,1.94398765
NXE,2024-04-03T09:30:00-04:00,2024-04-03T09:45:00-04:00,39,8.56642000,8.81362096,9.64083730,0.00000000,ATR_TARGET,1.94787426
MU,2024-04-03T10:00:00-04:00,2024-04-03T11:15:00-04:00,2,123.75274500,127.21874259,6.93199518,0.00000000,ATR_TARGET,1.94637871
NVTS,2024-04-03T13:45:00-04:00,2024-04-04T09:30:00-04:00,76,4.59844625,4.80028941,15.34007985,0.00000000,ATR_TARGET,1.96492589
NXE,2024-04-04T09:45:00-04:00,2024-04-04T10:15:00-04:00,3,8.82661500,8.63859028,-0.56407415,0.00000000,ATR_STOP,-1.03571540
BLNK,2024-04-04T11:45:00-04:00,2024-04-04T14:00:00-04:00,1,2.96222000,2.87172946,-0.09049054,0.00000000,ATR_STOP,-1.02440041
CCJ,2024-04-04T09:45:00-04:00,2024-04-04T14:30:00-04:00,7,50.01748500,49.11699743,-6.30341298,0.00000000,ATR_STOP,-1.04268695
EVLV,2024-04-04T10:45:00-04:00,2024-04-04T15:00:00-04:00,5,5.04378000,4.86629379,-0.88743104,0.00000000,ATR_STOP,-1.02101122
IAUX,2024-04-03T09:45:00-04:00,2024-04-04T15:15:00-04:00,2,1.45609125,1.40571525,-0.10075199,0.00000000,ATR_STOP,-1.02139209
BTE,2024-04-03T09:45:00-04:00,2024-04-05T09:30:00-04:00,172,3.95796625,3.99662681,6.64961559,0.00000000,ATR_STOP,0.53199731
BTE,2024-04-05T10:45:00-04:00,2024-04-05T15:00:00-04:00,179,4.06304500,3.99051045,-12.98368519,0.00000000,ATR_STOP,-1.04307095
CCJ,2024-04-05T10:45:00-04:00,2024-04-05T15:00:00-04:00,6,49.95744000,48.83921546,-6.70934725,0.00000000,ATR_STOP,-1.03389238
APP,2024-04-05T15:15:00-04:00,2024-04-08T09:45:00-04:00,9,75.87686500,75.68617289,-1.71622899,0.00000000,ATR_STOP,-0.14406957
BE,2024-04-08T10:45:00-04:00,2024-04-08T15:45:00-04:00,56,12.01900750,11.68459495,-18.72710263,0.00000000,ATR_STOP,-1.02693145
BEKE,2024-04-09T09:30:00-04:00,2024-04-09T09:30:00-04:00,46,14.18062750,14.38635216,9.46333444,0.00000000,ATR_TARGET,1.90026107
QS,2024-04-08T09:45:00-04:00,2024-04-09T10:00:00-04:00,58,6.18583590,6.28220475,5.58939322,0.00000000,ATR_STOP,0.72906147
MU,2024-04-09T09:45:00-04:00,2024-04-09T10:15:00-04:00,5,125.23985950,123.10572520,-10.67067151,0.00000000,ATR_STOP,-1.04525492
BE,2024-04-09T09:45:00-04:00,2024-04-09T11:00:00-04:00,3,12.26919500,11.91331196,-1.06764913,0.00000000,ATR_STOP,-1.02577292
JMIA,2024-04-08T13:30:00-04:00,2024-04-09T12:30:00-04:00,1,5.25894125,5.08645159,-0.17248966,0.00000000,ATR_STOP,-1.02263389
EOSE,2024-04-08T09:45:00-04:00,2024-04-09T13:00:00-04:00,1,1.01105772,0.96921490,-0.04184282,0.00000000,ATR_STOP,-1.01769306
CCJ,2024-04-09T14:15:00-04:00,2024-04-10T09:30:00-04:00,14,48.00597750,47.18514466,-11.49165981,0.00000000,ATR_STOP,-1.04509121
BEKE,2024-04-10T09:30:00-04:00,2024-04-10T09:30:00-04:00,24,14.52088250,14.78070507,6.23574177,0.00000000,ATR_TARGET,1.91810132
ALB,2024-04-10T09:45:00-04:00,2024-04-10T10:00:00-04:00,5,130.24260875,127.74198312,-12.50312815,0.00000000,ATR_STOP,-1.03987047
CCJ,2024-04-10T10:15:00-04:00,2024-04-11T10:15:00-04:00,14,48.26617250,48.61995648,4.95297578,0.00000000,ATR_STOP,0.40306495
BTE,2024-04-10T14:00:00-04:00,2024-04-11T10:45:00-04:00,85,3.89291750,3.81389949,-6.71653081,0.00000000,ATR_STOP,-1.03758854
TSLA,2024-04-11T15:45:00-04:00,2024-04-12T09:30:00-04:00,2,175.77173000,172.19076000,-7.16194000,0.00000000,STOP_GAP,-1.58091759
TSLT,2024-04-11T15:45:00-04:00,2024-04-12T09:30:00-04:00,1,10.99824250,10.56207250,-0.43617000,0.00000000,STOP_GAP,-1.68602397
CCJ,2024-04-11T12:00:00-04:00,2024-04-12T09:30:00-04:00,13,49.56314450,51.29016289,22.45123905,0.00000000,ATR_TARGET,1.95639063
SOFI,2024-04-12T09:30:00-04:00,2024-04-12T10:45:00-04:00,47,7.56567000,7.45439411,-5.22996694,0.00000000,ATR_STOP,-1.05294232
BTE,2024-04-12T09:45:00-04:00,2024-04-12T11:15:00-04:00,170,3.92294000,3.84731788,-12.85576041,0.00000000,ATR_STOP,-1.03970132
TPET,2024-04-12T11:00:00-04:00,2024-04-12T11:15:00-04:00,37,6.19664400,8.01937498,67.44104615,0.00000000,ATR_TARGET,1.99341731
TPET,2024-04-15T13:45:00-04:00,2024-04-16T09:30:00-04:00,14,12.82961500,10.24616756,-36.16826409,0.00000000,ATR_STOP,-1.00298568
MVST,2024-04-17T11:15:00-04:00,2024-04-17T14:00:00-04:00,1186,0.56522360,0.53498655,-35.86113828,0.00000000,ATR_STOP,-1.01345850
AAOI,2024-04-18T11:00:00-04:00,2024-04-18T12:15:00-04:00,54,12.51938250,12.02371977,-26.76578762,0.00000000,ATR_STOP,-1.01854470
ADMA,2024-04-19T09:45:00-04:00,2024-04-19T12:00:00-04:00,107,6.24508030,6.11766336,-13.63361219,0.00000000,ATR_STOP,-1.03738394
AMC,2024-04-19T12:45:00-04:00,2024-04-22T09:30:00-04:00,184,3.26244500,3.08085889,-33.41184441,0.00000000,ATR_STOP,-1.01289859
ADMA,2024-04-22T09:30:00-04:00,2024-04-22T14:45:00-04:00,57,6.29471750,6.38469348,5.12863087,0.00000000,ATR_STOP,0.83434316
AMC,2024-04-22T10:30:00-04:00,2024-04-23T15:00:00-04:00,151,3.29226735,3.42965177,20.74504685,0.00000000,ATR_STOP,0.65063815
ASTS,2024-04-22T15:15:00-04:00,2024-04-23T15:00:00-04:00,200,2.18163500,2.12361688,-11.60362492,0.00000000,ATR_STOP,-1.02824865
HIVE,2024-04-24T10:15:00-04:00,2024-04-24T10:30:00-04:00,94,3.11233250,3.02179849,-8.51019691,0.00000000,ATR_STOP,-1.02569564
ASTS,2024-04-24T10:15:00-04:00,2024-04-24T14:45:00-04:00,295,2.20175008,2.13227938,-20.49385598,0.00000000,ATR_STOP,-1.02358042
BEKE,2024-04-24T14:45:00-04:00,2024-04-25T09:30:00-04:00,20,13.75530875,13.30001750,-9.10582500,0.00000000,STOP_GAP,-3.29930359
STX,2024-04-25T09:30:00-04:00,2024-04-26T09:30:00-04:00,7,85.96442500,86.87814320,6.39602742,0.00000000,ATR_STOP,0.55715582
CLOV,2024-04-25T09:30:00-04:00,2024-04-26T09:30:00-04:00,478,0.64998712,0.66644551,7.86710572,0.00000000,ATR_STOP,0.96978880
AFRM,2024-04-26T09:45:00-04:00,2024-04-26T11:00:00-04:00,19,32.55439750,32.84535010,5.52809933,0.00000000,ATR_STOP,0.34649776
CLOV,2024-04-26T10:15:00-04:00,2024-04-26T11:15:00-04:00,1,0.69702238,0.67547921,-0.02154317,0.00000000,ATR_STOP,-1.02410085
AMC,2024-04-26T09:45:00-04:00,2024-04-26T14:00:00-04:00,93,3.31248250,3.38275410,6.53525847,0.00000000,ATR_STOP,0.69166299
BTE,2024-04-26T14:15:00-04:00,2024-04-29T09:30:00-04:00,80,3.93735080,3.88510579,-4.17960059,0.00000000,ATR_STOP,-1.05911364
BLNK,2024-04-26T12:45:00-04:00,2024-04-29T09:45:00-04:00,256,2.43682625,2.46457365,7.10333536,0.00000000,ATR_STOP,0.41299353
SOXL,2024-04-29T13:45:00-04:00,2024-04-29T15:00:00-04:00,15,40.75054000,39.81890724,-13.97449140,0.00000000,ATR_STOP,-1.03314302
NVTS,2024-04-29T09:45:00-04:00,2024-04-30T09:30:00-04:00,68,4.52208902,4.39670000,-8.52645370,0.00000000,STOP_GAP,-1.04893617
RIVN,2024-04-29T15:00:00-04:00,2024-04-30T09:30:00-04:00,2,9.38703500,9.10316750,-0.56773500,0.00000000,STOP_GAP,-1.41431819
ACHR,2024-04-29T09:45:00-04:00,2024-04-30T09:30:00-04:00,1,4.04303000,3.96088414,-0.08214586,0.00000000,ATR_STOP,-1.03754934
NXE,2024-04-29T15:30:00-04:00,2024-04-30T09:30:00-04:00,71,8.38628500,8.21653272,-12.05241175,0.00000000,ATR_STOP,-1.03769915
PLTR,2024-04-30T09:30:00-04:00,2024-04-30T10:45:00-04:00,14,22.78707750,22.50670450,-3.92522195,0.00000000,ATR_STOP,-1.06411370
SOXL,2024-04-30T09:45:00-04:00,2024-04-30T11:00:00-04:00,14,41.16084750,40.11727398,-14.61002924,0.00000000,ATR_STOP,-1.02971055
MRNA,2024-04-30T11:00:00-04:00,2024-04-30T15:15:00-04:00,2,112.74449500,110.95759846,-3.57379307,0.00000000,ATR_STOP,-1.04888465
NIO,2024-05-01T09:30:00-04:00,2024-05-01T09:45:00-04:00,127,4.76357000,4.94636113,23.21447323,0.00000000,ATR_TARGET,1.96018786
APP,2024-05-01T10:00:00-04:00,2024-05-01T10:15:00-04:00,8,71.99395500,70.59533567,-11.18895463,0.00000000,ATR_STOP,-1.03937644
BLNK,2024-04-30T10:30:00-04:00,2024-05-01T12:00:00-04:00,4,2.54190500,2.56660038,0.09878152,0.00000000,ATR_STOP,0.29656478
ACHR,2024-05-01T14:00:00-04:00,2024-05-01T14:45:00-04:00,4,3.99299250,4.15835450,0.66144799,0.00000000,ATR_TARGET,1.96295051
YINN,2024-05-01T10:30:00-04:00,2024-05-01T15:30:00-04:00,27,22.77707000,22.85024629,1.97575990,0.00000000,ATR_STOP,0.19293810
NXE,2024-05-01T09:45:00-04:00,2024-05-02T09:30:00-04:00,33,7.97597750,7.71173204,-8.72010004,0.00000000,ATR_STOP,-1.02239496
ALB,2024-05-02T09:45:00-04:00,2024-05-02T09:45:00-04:00,4,125.00368250,120.46983011,-18.13540958,0.00000000,ATR_STOP,-1.02034918
BLNK,2024-05-01T14:45:00-04:00,2024-05-02T10:00:00-04:00,1,2.66199500,2.65460954,-0.00738546,0.00000000,ATR_STOP,-0.08110500
MRNA,2024-05-02T10:30:00-04:00,2024-05-02T15:30:00-04:00,2,120.51031500,125.06943864,9.11824727,0.00000000,ATR_STOP,0.99211215
NXE,2024-05-02T10:45:00-04:00,2024-05-03T09:30:00-04:00,6,8.07605250,8.60354250,3.16494000,0.00000000,TARGET_GAP,2.38338279
BLNK,2024-05-02T12:30:00-04:00,2024-05-03T09:30:00-04:00,2,2.75206250,2.94129362,0.37846224,0.00000000,ATR_TARGET,1.97693648
CLOV,2024-05-03T09:45:00-04:00,2024-05-03T15:45:00-04:00,467,0.66309695,0.69918545,16.85332990,0.00000000,ATR_TARGET,1.97133376
RIVN,2024-05-06T09:30:00-04:00,2024-05-06T10:00:00-04:00,32,10.20765000,10.20195438,-0.18225989,0.00000000,ATR_STOP,-0.02503199
CCJ,2024-05-02T10:30:00-04:00,2024-05-06T12:00:00-04:00,12,48.27607992,50.66106080,28.61977053,0.00000000,ATR_TARGET,1.96861392
AFRM,2024-05-06T10:15:00-04:00,2024-05-07T09:30:00-04:00,9,36.15709750,35.30222573,-7.69384589,0.00000000,ATR_STOP,-1.03198616
WTI,2024-05-06T13:30:00-04:00,2024-05-07T09:30:00-04:00,250,2.43682625,2.38242653,-13.59993026,0.00000000,ATR_STOP,-1.03398799
AMD,2024-05-07T09:45:00-04:00,2024-05-07T09:45:00-04:00,4,156.35718000,154.33141868,-8.10304529,0.00000000,ATR_STOP,-1.06064918
MRNA,2024-05-07T09:45:00-04:00,2024-05-07T09:45:00-04:00,2,122.64191250,120.52585131,-4.23212237,0.00000000,ATR_STOP,-1.04465950
AFRM,2024-05-07T10:15:00-04:00,2024-05-07T14:15:00-04:00,17,36.26217625,35.44366983,-13.91460909,0.00000000,ATR_STOP,-1.03359336
LUMN,2024-05-07T09:45:00-04:00,2024-05-08T09:30:00-04:00,31,1.34100500,1.28903250,-1.61114750,0.00000000,STOP_GAP,-1.03030462
TWLO,2024-05-07T11:00:00-04:00,2024-05-08T09:30:00-04:00,3,63.69773750,60.05492500,-10.92843750,0.00000000,STOP_GAP,-5.68197269
CLOV,2024-05-07T14:15:00-04:00,2024-05-08T09:30:00-04:00,1,0.73715245,0.88333700,0.14618455,0.00000000,TARGET_GAP,6.37614560
GME,2024-05-07T14:30:00-04:00,2024-05-08T09:30:00-04:00,27,16.88255243,15.76785838,-30.09673929,0.00000000,ATR_STOP,-1.01073099
VISN,2024-05-07T13:15:00-04:00,2024-05-08T09:45:00-04:00,52,0.98443778,0.99925000,0.77023570,0.00000000,STOP_GAP,0.44585809
AFRM,2024-05-08T09:45:00-04:00,2024-05-08T09:45:00-04:00,16,36.35724750,35.10668055,-20.00907121,0.00000000,ATR_STOP,-1.02152377
GME,2024-05-08T11:45:00-04:00,2024-05-08T14:45:00-04:00,19,17.16276243,15.86843960,-24.59213376,0.00000000,ATR_STOP,-1.00928739
JMIA,2024-05-08T15:15:00-04:00,2024-05-09T09:30:00-04:00,46,6.65498750,6.38360361,-12.48365893,0.00000000,ATR_STOP,-1.01797235
BE,2024-05-09T09:45:00-04:00,2024-05-09T10:15:00-04:00,24,11.83386875,11.61598509,-5.22920788,0.00000000,ATR_STOP,-1.04168251
MRNA,2024-05-08T10:30:00-04:00,2024-05-09T13:45:00-04:00,4,122.13153000,123.95406688,7.29014753,0.00000000,ATR_STOP,0.91411374
BE,2024-05-09T11:30:00-04:00,2024-05-09T15:30:00-04:00,23,11.99899250,11.70489126,-6.76432847,0.00000000,ATR_STOP,-1.03079133
MVST,2024-05-09T13:30:00-04:00,2024-05-10T09:30:00-04:00,8,0.43022243,0.48963250,0.47528060,0.00000000,TARGET_GAP,2.61910721
PLUG,2024-05-09T09:45:00-04:00,2024-05-10T09:30:00-04:00,4,2.60695375,2.69985938,0.37162254,0.00000000,ATR_STOP,0.74782075
MVST,2024-05-10T09:45:00-04:00,2024-05-10T09:45:00-04:00,93,0.46684988,0.43714270,-2.76276755,0.00000000,ATR_STOP,-1.01116792
RIVN,2024-05-09T09:30:00-04:00,2024-05-10T10:15:00-04:00,2,10.25768750,9.94477061,-0.62583378,0.00000000,ATR_STOP,-1.02443644
MU,2024-05-10T09:45:00-04:00,2024-05-10T10:15:00-04:00,2,121.11076500,119.40274410,-3.41604179,0.00000000,ATR_STOP,-1.05537517
AMC,2024-05-10T10:00:00-04:00,2024-05-10T10:15:00-04:00,13,3.13234750,2.99719556,-1.75697520,0.00000000,ATR_STOP,-1.01692659
LUMN,2024-05-09T14:45:00-04:00,2024-05-10T11:15:00-04:00,365,1.35601625,1.31644236,-14.44446857,0.00000000,ATR_STOP,-1.02560715
MU,2024-05-10T14:15:00-04:00,2024-05-13T09:45:00-04:00,3,120.99067500,123.45906415,7.40516744,0.00000000,ATR_TARGET,1.92763617
MRNA,2024-05-13T10:00:00-04:00,2024-05-13T10:30:00-04:00,2,125.11376500,122.06076988,-6.10599023,0.00000000,ATR_STOP,-1.03093634
PLUG,2024-05-13T09:45:00-04:00,2024-05-13T11:15:00-04:00,14,2.65699125,2.85237884,2.73542625,0.00000000,ATR_TARGET,1.97832323
MVST,2024-05-10T13:00:00-04:00,2024-05-13T12:15:00-04:00,850,0.44233150,0.41045330,-27.09646795,0.00000000,ATR_STOP,-1.00975831
CLOV,2024-05-13T10:15:00-04:00,2024-05-14T09:30:00-04:00,2,0.90017463,1.01923500,0.23812075,0.00000000,TARGET_GAP,2.98990422
PLUG,2024-05-13T12:45:00-04:00,2024-05-14T09:30:00-04:00,134,2.90717875,4.88633250,265.20660250,0.00000000,TARGET_GAP,14.82141341
BLNK,2024-05-13T10:45:00-04:00,2024-05-14T09:30:00-04:00,78,3.10232500,3.37449457,21.22922628,0.00000000,ATR_TARGET,1.98155989
EOSE,2024-05-13T14:00:00-04:00,2024-05-14T09:45:00-04:00,2,0.74255650,0.82236038,0.15960775,0.00000000,ATR_TARGET,1.98464997
BE,2024-05-13T10:00:00-04:00,2024-05-14T10:45:00-04:00,10,11.98898500,12.47425446,4.85269464,0.00000000,ATR_STOP,0.79394861
MVST,2024-05-14T11:00:00-04:00,2024-05-14T11:00:00-04:00,1,0.45924417,0.43047856,-0.02876561,0.00000000,ATR_STOP,-1.01135980
EOSE,2024-05-14T11:00:00-04:00,2024-05-14T12:30:00-04:00,154,0.84623420,0.78545707,-9.35967767,0.00000000,ATR_STOP,-1.00979496
ADMA,2024-05-14T09:45:00-04:00,2024-05-14T13:30:00-04:00,1,8.84663000,8.94137547,0.09474547,0.00000000,ATR_STOP,0.39253936
SOXL,2024-05-14T09:45:00-04:00,2024-05-14T15:00:00-04:00,5,41.71126000,43.10654644,6.97643218,0.00000000,ATR_TARGET,1.95467462
MU,2024-05-14T15:00:00-04:00,2024-05-15T09:30:00-04:00,1,123.82279750,126.13532750,2.31253000,0.00000000,TARGET_GAP,1.97850776
QS,2024-05-14T15:45:00-04:00,2024-05-15T09:30:00-04:00,8,6.29471750,6.14387806,-1.20671555,0.00000000,ATR_STOP,-1.03153544
EOSE,2024-05-15T09:30:00-04:00,2024-05-15T09:45:00-04:00,160,0.81561125,0.75773817,-9.25969272,0.00000000,ATR_STOP,-1.00992473
AAOI,2024-05-15T09:45:00-04:00,2024-05-15T10:00:00-04:00,1,11.26344125,10.86280334,-0.40063791,0.00000000,ATR_STOP,-1.02077334
LUMN,2024-05-14T09:45:00-04:00,2024-05-15T13:30:00-04:00,527,1.32599375,1.27120354,-28.87444255,0.00000000,ATR_STOP,-1.01772265
YINN,2024-05-15T09:45:00-04:00,2024-05-16T09:30:00-04:00,1,29.16185500,30.97675000,1.81489500,0.00000000,TARGET_GAP,4.19996781
IAUX,2024-05-15T13:00:00-04:00,2024-05-16T09:30:00-04:00,4,1.26094500,1.21575008,-0.18077969,0.00000000,ATR_STOP,-1.02060630
BEKE,2024-05-15T15:15:00-04:00,2024-05-16T09:30:00-04:00,28,18.26368750,18.65648155,10.99823350,0.00000000,ATR_TARGET,1.93115551
JMIA,2024-05-15T12:00:00-04:00,2024-05-16T09:45:00-04:00,21,6.43322130,6.59105300,3.31446570,0.00000000,STOP_GAP,0.57722329
GME,2024-05-15T14:00:00-04:00,2024-05-16T11:00:00-04:00,4,39.02925000,31.44872858,-30.32208568,0.00000000,ATR_STOP,-1.00312353
JMIA,2024-05-16T10:00:00-04:00,2024-05-16T11:15:00-04:00,1,7.01525750,6.63870392,-0.37655358,0.00000000,ATR_STOP,-1.01341000
BLNK,2024-05-16T09:45:00-04:00,2024-05-17T09:30:00-04:00,198,3.37753125,3.25104314,-25.04464604,0.00000000,ATR_STOP,-1.01967071
MRNA,2024-05-16T15:00:00-04:00,2024-05-17T09:30:00-04:00,1,132.94963750,131.29540309,-1.65423441,0.00000000,ATR_STOP,-1.06334522
SOFI,2024-05-17T10:00:00-04:00,2024-05-17T11:15:00-04:00,38,7.23041875,7.40961830,6.80958306,0.00000000,ATR_TARGET,1.93979913
AMD,2024-05-17T09:45:00-04:00,2024-05-17T13:30:00-04:00,3,167.32540000,163.86159938,-10.39140186,0.00000000,ATR_STOP,-1.03681393
APP,2024-05-14T15:15:00-04:00,2024-05-17T14:15:00-04:00,2,83.53760625,82.04051586,-2.99418077,0.00000000,ATR_STOP,-1.04289514
EOSE,2024-05-17T15:00:00-04:00,2024-05-17T15:45:00-04:00,865,0.74555875,0.74064410,-4.25117225,0.00000000,STOP_GAP,-0.17438972
MRNA,2024-05-17T12:00:00-04:00,2024-05-20T10:30:00-04:00,2,133.38656495,137.10559183,7.43805377,0.00000000,ATR_TARGET,1.94614957
VISN,2024-05-17T12:00:00-04:00,2024-05-20T10:30:00-04:00,12,1.24093000,1.34623999,1.26371994,0.00000000,ATR_TARGET,1.98099259
ASTS,2024-05-20T09:45:00-04:00,2024-05-20T15:00:00-04:00,1,4.97372750,5.33909666,0.36536916,0.00000000,ATR_STOP,0.86965372
SOXL,2024-05-20T11:00:00-04:00,2024-05-21T09:30:00-04:00,6,48.05601500,46.51508750,-9.24556500,0.00000000,STOP_GAP,-1.28043872
LUMN,2024-05-20T09:30:00-04:00,2024-05-21T09:45:00-04:00,491,1.31098250,1.27440758,-17.95828538,0.00000000,ATR_STOP,-1.02685475
QS,2024-05-21T09:45:00-04:00,2024-05-21T10:45:00-04:00,18,5.76432000,5.64786418,-2.09620476,0.00000000,ATR_STOP,-1.03777580
TSLA,2024-05-21T09:45:00-04:00,2024-05-21T13:30:00-04:00,1,178.77398000,183.22480899,4.45082899,0.00000000,ATR_TARGET,1.94005613
TSLT,2024-05-21T12:00:00-04:00,2024-05-21T14:15:00-04:00,11,10.81620608,11.35187257,5.89233147,0.00000000,ATR_TARGET,1.96868614
CCJ,2024-05-21T10:00:00-04:00,2024-05-21T15:15:00-04:00,11,54.58090500,53.62440568,-10.52149255,0.00000000,ATR_STOP,-1.04392737
MRNA,2024-05-21T15:45:00-04:00,2024-05-22T09:30:00-04:00,4,142.98716000,146.34345227,13.42516908,0.00000000,ATR_TARGET,1.93662102
ERAS,2024-05-21T15:15:00-04:00,2024-05-22T09:45:00-04:00,138,2.29672125,2.46466221,23.17585225,0.00000000,ATR_TARGET,1.97820985
BEKE,2024-05-22T09:45:00-04:00,2024-05-22T10:45:00-04:00,30,19.15435500,18.90240275,-7.55856756,0.00000000,ATR_STOP,-1.05967007
ADMA,2024-05-21T15:45:00-04:00,2024-05-22T11:15:00-04:00,2,9.55716250,9.60790290,0.10148080,0.00000000,ATR_STOP,0.36492005
QS,2024-05-22T10:00:00-04:00,2024-05-22T13:15:00-04:00,60,5.83447258,5.89425365,3.58686429,0.00000000,ATR_STOP,0.45330197
SOXL,2024-05-22T11:15:00-04:00,2024-05-22T14:00:00-04:00,11,49.80732750,48.67623736,-12.44199151,0.00000000,ATR_STOP,-1.03337846
EOSE,2024-05-22T13:30:00-04:00,2024-05-22T14:30:00-04:00,478,0.74005463,0.71402638,-12.44150180,0.00000000,ATR_STOP,-1.02102287
PLUG,2024-05-23T09:30:00-04:00,2024-05-23T09:30:00-04:00,102,3.40255000,3.28301793,-12.19227072,0.00000000,ATR_STOP,-1.02104856
VISN,2024-05-22T11:30:00-04:00,2024-05-23T10:00:00-04:00,29,1.33099750,1.27089057,-1.74310101,0.00000000,ATR_STOP,-1.01612568
ERAS,2024-05-23T09:45:00-04:00,2024-05-23T11:00:00-04:00,128,2.62196500,2.91214601,37.14316958,0.00000000,ATR_TARGET,1.98504790
MRNA,2024-05-24T09:45:00-04:00,2024-05-24T09:45:00-04:00,2,169.93735750,165.03388023,-9.80695453,0.00000000,ATR_STOP,-1.02591599
CLOV,2024-05-22T14:15:00-04:00,2024-05-24T10:00:00-04:00,540,0.99174325,0.95729898,-18.59990422,0.00000000,ATR_STOP,-1.02130458
CCJ,2024-05-24T10:15:00-04:00,2024-05-24T13:15:00-04:00,1,52.52936750,53.11781391,0.58844641,0.00000000,ATR_STOP,0.80827820
ASTS,2024-05-24T09:45:00-04:00,2024-05-24T15:30:00-04:00,16,4.28821375,4.70941972,6.73929545,0.00000000,ATR_TARGET,1.98335589
AMD,2024-05-24T10:15:00-04:00,2024-05-28T09:45:00-04:00,1,165.09372750,165.85551500,0.76178750,0.00000000,STOP_GAP,0.22019212
ASTS,2024-05-24T15:45:00-04:00,2024-05-28T09:45:00-04:00,28,4.73324728,4.76392438,0.85895880,0.00000000,STOP_GAP,0.18778762
SOXL,2024-05-24T10:15:00-04:00,2024-05-28T09:45:00-04:00,12,50.99822000,52.21881337,14.64712040,0.00000000,ATR_STOP,0.65785665
BE,2024-05-24T11:30:00-04:00,2024-05-28T09:45:00-04:00,1,16.35225500,16.67461433,0.32235933,0.00000000,ATR_STOP,0.47853157
AMC,2024-05-20T11:00:00-04:00,2024-05-28T12:45:00-04:00,1,4.78858875,5.06460809,0.27601934,0.00000000,ATR_STOP,0.69099370
BTE,2024-05-28T09:45:00-04:00,2024-05-28T15:15:00-04:00,84,3.54765875,3.67724486,10.88523357,0.00000000,ATR_TARGET,1.95829113
ASTS,2024-05-28T12:15:00-04:00,2024-05-29T09:30:00-04:00,118,5.07780550,6.16537250,128.33290600,0.00000000,TARGET_GAP,3.93036035
CLOV,2024-05-28T15:45:00-04:00,2024-05-29T09:30:00-04:00,351,1.02576875,0.99607858,-10.42124996,0.00000000,ATR_STOP,-1.02583116
CLOV,2024-05-29T10:30:00-04:00,2024-05-30T09:30:00-04:00,701,1.03577625,1.11682385,56.81436989,0.00000000,ATR_TARGET,1.97952646
BE,2024-05-30T09:45:00-04:00,2024-05-30T10:00:00-04:00,48,15.73179000,15.74980807,0.86486736,0.00000000,ATR_STOP,0.04228304
TSLA,2024-05-30T10:15:00-04:00,2024-05-30T10:30:00-04:00,4,181.47990792,178.41297103,-12.26774757,0.00000000,ATR_STOP,-1.04565596
QS,2024-05-30T09:45:00-04:00,2024-05-30T13:00:00-04:00,4,5.80435000,6.00479003,0.80176011,0.00000000,ATR_TARGET,1.95601816
BE,2024-05-30T11:15:00-04:00,2024-05-31T09:30:00-04:00,45,16.47734875,17.65152858,52.83809255,1.72723421,ATR_TARGET,1.97768525
EOSE,2024-05-30T12:45:00-04:00,2024-05-31T10:00:00-04:00,4,0.72744518,0.70572342,-0.08688703,-0.03214820,ATR_STOP,-1.02499472
PLUG,2024-05-31T09:45:00-04:00,2024-05-31T10:00:00-04:00,233,3.37252750,3.27062261,-23.74383855,-1.69508601,ATR_STOP,-1.02468382
NXE,2024-05-29T15:15:00-04:00,2024-05-31T10:15:00-04:00,44,7.87590250,7.91332482,1.64658193,0.00000000,ATR_STOP,0.29475771
NVTS,2024-05-30T13:15:00-04:00,2024-05-31T10:15:00-04:00,6,3.98798875,3.84838718,-0.83760941,0.00000000,ATR_STOP,-1.02112787
VSXY,2024-05-31T12:15:00-04:00,2024-06-03T09:30:00-04:00,34,22.35675500,23.21730830,29.25881210,4.03494606,ATR_TARGET,1.96030419
EOSE,2024-05-31T13:15:00-04:00,2024-06-03T09:30:00-04:00,536,0.71903888,0.76146869,22.74238038,8.41468074,ATR_TARGET,1.97341803
BTE,2024-05-30T09:45:00-04:00,2024-06-03T09:45:00-04:00,1,3.65774125,3.59307266,-0.06466859,-0.02392738,ATR_STOP,-1.04351703
EOSE,2024-06-03T09:45:00-04:00,2024-06-03T09:45:00-04:00,3,0.75796805,0.72282799,-0.10542017,-0.03900546,ATR_STOP,-1.01568112
BLNK,2024-06-03T09:45:00-04:00,2024-06-03T10:15:00-04:00,251,3.19249258,3.10196005,-22.72366493,-8.40775602,ATR_STOP,-1.02639572
QS,2024-06-03T09:45:00-04:00,2024-06-03T12:00:00-04:00,64,5.95446250,5.81592129,-8.86663743,-3.28065585,ATR_STOP,-1.03253350
GME,2024-06-03T13:45:00-04:00,2024-06-03T15:30:00-04:00,9,31.36350500,27.36117318,-36.02098639,-0.69828208,ATR_STOP,-1.00515754
VSXY,2024-06-03T14:45:00-04:00,2024-06-03T15:45:00-04:00,32,23.94794750,23.40030057,-17.52470169,0.00000000,ATR_STOP,-1.03313326
EOSE,2024-06-03T15:45:00-04:00,2024-06-04T09:30:00-04:00,342,0.74485822,0.72083598,-8.21560923,0.00000000,ATR_STOP,-1.02304109
RIVN,2024-06-03T15:00:00-04:00,2024-06-04T09:45:00-04:00,10,11.19338875,11.23647138,0.43082626,0.00000000,ATR_STOP,0.15663135
MU,2024-06-04T09:30:00-04:00,2024-06-04T10:00:00-04:00,5,127.44551250,125.46434290,-9.90584800,0.00000000,ATR_STOP,-1.04990400
OLMA,2024-06-04T10:30:00-04:00,2024-06-04T12:30:00-04:00,41,13.22491125,14.99826404,72.70746419,1.24260578,ATR_TARGET,1.98738420
ASTS,2024-06-04T13:15:00-04:00,2024-06-05T09:45:00-04:00,71,8.68060557,9.55546725,62.11517897,22.98261622,ATR_TARGET,1.98373763
ADMA,2024-06-04T11:00:00-04:00,2024-06-05T10:00:00-04:00,19,10.02751500,10.08637920,1.11841975,0.41381531,ATR_STOP,0.32355967
HIVE,2024-06-04T15:00:00-04:00,2024-06-05T10:00:00-04:00,1,2.80710375,2.71987070,-0.08723305,-0.03227623,ATR_STOP,-1.02396285
VISN,2024-06-04T09:45:00-04:00,2024-06-05T12:00:00-04:00,1,1.53615125,1.67025526,0.13410401,0.04961848,ATR_TARGET,1.98147675
JMIA,2024-06-04T09:45:00-04:00,2024-06-05T13:45:00-04:00,49,7.26544500,7.79567674,25.98135511,9.61310139,ATR_TARGET,1.97817074
NIO,2024-06-05T14:45:00-04:00,2024-06-06T09:30:00-04:00,71,5.25393750,4.94628750,-21.84315000,-8.08196550,STOP_GAP,-3.66224639
ACHR,2024-06-05T10:45:00-04:00,2024-06-06T09:30:00-04:00,5,3.44758375,3.66631976,1.09368007,0.40466162,ATR_TARGET,1.97515165
APP,2024-06-05T10:00:00-04:00,2024-06-06T09:45:00-04:00,7,83.39249750,84.54948752,8.09893011,2.99660414,ATR_STOP,0.64805281
GME,2024-06-05T10:15:00-04:00,2024-06-06T10:00:00-04:00,6,29.97246250,31.70826835,10.41483512,3.85348899,ATR_STOP,0.67112411
RIVN,2024-06-05T10:00:00-04:00,2024-06-06T10:15:00-04:00,6,11.45358375,11.14384942,-1.85840599,-0.68761022,ATR_STOP,-1.02775378
VISN,2024-06-05T12:15:00-04:00,2024-06-06T12:00:00-04:00,2,1.68206060,1.72931556,0.09450993,0.03496867,ATR_STOP,0.73304710
DDD,2024-06-06T10:00:00-04:00,2024-06-06T13:00:00-04:00,133,4.41831125,4.43185532,1.80136074,0.66650348,ATR_STOP,0.06181237
IAUX,2024-06-06T12:45:00-04:00,2024-06-07T09:30:00-04:00,3,1.12584375,1.09060858,-0.10570551,-0.03911104,ATR_STOP,-1.02378417
HIVE,2024-06-06T10:30:00-04:00,2024-06-07T11:15:00-04:00,87,2.93720125,2.99055527,4.64179937,1.71746577,ATR_STOP,0.53111799
RIVN,2024-06-06T13:15:00-04:00,2024-06-07T12:45:00-04:00,50,11.55365875,11.62142923,3.38852417,1.25375394,ATR_STOP,0.25441138
ASTS,2024-06-06T09:45:00-04:00,2024-06-10T09:30:00-04:00,38,9.07680250,8.53359500,-20.64188500,-7.63749745,STOP_GAP,-1.04994869
CLOV,2024-06-06T13:30:00-04:00,2024-06-10T09:30:00-04:00,10,1.11583625,1.07566541,-0.40170843,-0.14863212,ATR_STOP,-1.02051024
JMIA,2024-06-10T10:15:00-04:00,2024-06-10T11:15:00-04:00,46,7.71738370,8.33388345,28.35898870,10.49282582,ATR_TARGET,1.97991151
EOSE,2024-06-10T11:15:00-04:00,2024-06-10T13:45:00-04:00,2,0.72404263,0.78041065,0.11273605,0.04171234,ATR_TARGET,1.97943078
BE,2024-06-10T12:30:00-04:00,2024-06-10T15:45:00-04:00,6,15.64672625,15.15998697,-2.92043566,-1.08056119,ATR_STOP,-1.02393661
MVST,2024-06-10T13:45:00-04:00,2024-06-10T15:45:00-04:00,21,0.41931425,0.39711479,-0.46618856,-0.17248977,ATR_STOP,-1.01360916
MU,2024-06-10T11:30:00-04:00,2024-06-11T09:45:00-04:00,2,135.33142250,133.06572143,-4.53140214,-1.67661879,ATR_STOP,-1.04611366
AMC,2024-06-11T10:15:00-04:00,2024-06-11T13:45:00-04:00,1,4.93369750,5.40582813,0.47213063,0.17468833,ATR_TARGET,1.98295877
ASTS,2024-06-11T10:00:00-04:00,2024-06-11T14:15:00-04:00,31,8.78658500,9.56417601,24.10532143,8.91896893,ATR_TARGET,1.98170542
INTC,2024-06-11T09:30:00-04:00,2024-06-12T09:30:00-04:00,3,30.80308500,31.42641250,1.86998250,0.69189352,TARGET_GAP,2.23738463
ACHR,2024-06-10T09:30:00-04:00,2024-06-12T09:30:00-04:00,250,3.31248250,3.46046828,36.99644505,13.68868467,ATR_TARGET,1.96550344
BLNK,2024-06-11T14:00:00-04:00,2024-06-12T09:30:00-04:00,1,3.32399113,3.50059301,0.17660189,0.06534270,ATR_TARGET,1.97068096
JMIA,2024-06-11T14:45:00-04:00,2024-06-12T09:30:00-04:00,32,9.01685757,9.70900336,22.14866502,8.19500606,ATR_TARGET,1.97916250
DDD,2024-06-12T09:45:00-04:00,2024-06-12T09:45:00-04:00,101,4.21115600,4.09102478,-12.13325297,-4.48930360,ATR_STOP,-1.02623060
EOSE,2024-06-12T09:45:00-04:00,2024-06-12T10:15:00-04:00,779,0.94390740,0.88561186,-45.41222616,-16.80252368,ATR_STOP,-1.01153389
GME,2024-06-12T09:30:00-04:00,2024-06-12T12:00:00-04:00,3,29.19187750,30.10727118,2.74618103,1.01608698,ATR_STOP,0.31065384
EOSE,2024-06-12T14:15:00-04:00,2024-06-13T09:30:00-04:00,4,0.94500823,0.88963219,-0.22150414,-0.08195653,ATR_STOP,-1.01220518
MVST,2024-06-12T10:30:00-04:00,2024-06-13T10:00:00-04:00,1560,0.47035250,0.44238084,-43.63578318,-16.14523978,ATR_STOP,-1.01201300
JMIA,2024-06-12T13:30:00-04:00,2024-06-13T10:15:00-04:00,48,9.98758508,10.03555025,2.30232853,0.85186156,ATR_STOP,0.10922779
AMC,2024-06-13T10:45:00-04:00,2024-06-13T12:30:00-04:00,135,5.38403500,5.07056040,-42.31907114,-15.65805632,ATR_STOP,-1.01228982
MU,2024-06-13T11:45:00-04:00,2024-06-13T12:30:00-04:00,3,144.16804500,141.47646880,-8.07472859,-2.98764958,ATR_STOP,-1.04107196
EOSE,2024-06-13T14:30:00-04:00,2024-06-14T10:00:00-04:00,379,0.93229870,0.89056234,-15.81808024,-5.85268969,ATR_STOP,-1.01627603
JMIA,2024-06-14T10:15:00-04:00,2024-06-14T11:45:00-04:00,35,9.61720750,9.17843735,-15.35695517,-5.68207341,ATR_STOP,-1.01595114
HIVE,2024-06-13T14:00:00-04:00,2024-06-14T12:15:00-04:00,261,3.08731375,2.96203401,-32.69801164,-2.11001981,ATR_STOP,-1.01806643
TSLL,2024-06-17T09:45:00-04:00,2024-06-17T11:00:00-04:00,1,7.79584250,8.29294802,0.49710552,0.00000000,ATR_TARGET,1.97526720
PLTR,2024-06-14T15:00:00-04:00,2024-06-17T12:15:00-04:00,16,23.72778250,24.27335867,8.72921880,0.00000000,ATR_TARGET,1.93537123
SOXL,2024-06-14T13:15:00-04:00,2024-06-18T09:30:00-04:00,12,60.11505250,63.37243500,39.08859000,7.88827380,TARGET_GAP,2.09479797
HIVE,2024-06-17T12:30:00-04:00,2024-06-18T09:30:00-04:00,125,3.15236250,3.18760750,4.40562500,1.63008125,STOP_GAP,0.27728139
INTC,2024-06-18T09:30:00-04:00,2024-06-18T10:00:00-04:00,25,31.01324250,31.10462662,2.28460304,0.84530312,ATR_STOP,0.34367646
CLOV,2024-06-17T10:15:00-04:00,2024-06-20T09:30:00-04:00,1,1.13154803,1.07659260,-0.05495542,-0.02033351,ATR_STOP,-1.01492317
MVST,2024-06-18T11:45:00-04:00,2024-06-20T09:30:00-04:00,1640,0.49036750,0.46765849,-37.24277968,-10.39048281,ATR_STOP,-1.01569939
INTC,2024-06-20T10:00:00-04:00,2024-06-20T15:00:00-04:00,11,30.97821625,30.62486238,-3.88689259,0.00000000,ATR_STOP,-1.06957662
EOSE,2024-06-20T12:30:00-04:00,2024-06-20T15:00:00-04:00,13,0.84063000,0.91260348,0.93565527,0.00000000,ATR_TARGET,1.98114558
ADMA,2024-06-20T09:45:00-04:00,2024-06-20T15:45:00-04:00,71,10.92819000,10.72898048,-14.14387622,0.00000000,ATR_STOP,-1.04212655
ASTS,2024-06-20T10:00:00-04:00,2024-06-20T15:45:00-04:00,1,11.74880500,11.21492987,-0.53387513,0.00000000,ATR_STOP,-1.01601939
TSLA,2024-06-21T09:45:00-04:00,2024-06-21T09:45:00-04:00,4,183.26734750,180.66712286,-10.40089856,0.00000000,ATR_STOP,-1.05501939
EOSE,2024-06-21T14:00:00-04:00,2024-06-21T15:30:00-04:00,5,0.94000448,0.90356251,-0.18220984,0.00000000,ATR_STOP,-1.01896277
MVST,2024-06-21T09:45:00-04:00,2024-06-21T15:45:00-04:00,1,0.47435550,0.45293742,-0.02141808,0.00000000,ATR_STOP,-1.01612848
TSLL,2024-06-21T09:45:00-04:00,2024-06-24T09:30:00-04:00,48,7.98598500,8.41194016,20.44584758,0.00000000,ATR_TARGET,1.97078813
INTC,2024-06-21T13:00:00-04:00,2024-06-24T09:45:00-04:00,23,31.21339250,30.85403462,-8.26523130,0.00000000,ATR_STOP,-1.06888131
YINN,2024-06-24T10:00:00-04:00,2024-06-24T13:00:00-04:00,28,25.12522980,24.65784218,-13.08685334,0.00000000,ATR_STOP,-1.04122983
WTI,2024-06-21T09:45:00-04:00,2024-06-25T09:30:00-04:00,3,2.14160500,2.16108132,0.05842896,0.00000000,ATR_STOP,0.40284364
BTE,2024-06-24T14:30:00-04:00,2024-06-25T09:30:00-04:00,199,3.45759125,3.39971594,-11.51718724,0.00000000,ATR_STOP,-1.04612318
ACHR,2024-06-24T09:45:00-04:00,2024-06-25T15:15:00-04:00,106,3.85288750,3.64023086,-22.54160391,0.00000000,ATR_STOP,-1.01301527
RIVN,2024-06-25T15:30:00-04:00,2024-06-26T09:30:00-04:00,32,12.00399625,16.31775250,138.04020000,24.32368601,TARGET_GAP,15.28490070
MVST,2024-06-24T12:45:00-04:00,2024-06-26T09:45:00-04:00,15,0.45524118,0.50265532,0.71121218,0.26314851,ATR_TARGET,1.98421162
AMD,2024-06-26T09:30:00-04:00,2024-06-26T10:15:00-04:00,3,160.72045000,158.68967994,-6.09231017,-2.25415476,ATR_STOP,-1.06230521
ASTS,2024-06-26T09:30:00-04:00,2024-06-26T10:15:00-04:00,1,10.87815250,11.65114212,0.77298962,0.28600616,ATR_TARGET,1.97762689
HIVE,2024-06-26T09:45:00-04:00,2024-06-26T10:15:00-04:00,2,3.14235500,3.36857862,0.45244725,0.16740548,ATR_TARGET,1.97789457
BTE,2024-06-26T13:30:00-04:00,2024-06-27T10:15:00-04:00,2,3.41245742,3.42757889,0.03024293,0.01118989,ATR_STOP,0.27049858
MVST,2024-06-27T10:30:00-04:00,2024-06-27T13:15:00-04:00,13,0.51608678,0.56620112,0.65148647,0.24105000,ATR_TARGET,1.98318261
TSLL,2024-06-26T11:45:00-04:00,2024-06-28T09:30:00-04:00,56,8.89166375,9.52723405,35.59193661,13.16901655,ATR_TARGET,1.97774839
EOSE,2024-06-27T13:45:00-04:00,2024-06-28T10:00:00-04:00,5,1.26594875,1.30215639,0.18103821,0.06698414,ATR_STOP,0.42614066
CLOV,2024-06-25T09:45:00-04:00,2024-06-28T11:00:00-04:00,524,1.30597875,1.25324918,-27.63029269,-10.22320829,ATR_STOP,-1.01816300
APP,2024-06-28T11:45:00-04:00,2024-06-28T12:15:00-04:00,7,84.34321000,82.79873079,-10.81135448,-4.00020116,ATR_STOP,-1.04192421
SOFI,2024-06-28T11:45:00-04:00,2024-06-28T13:00:00-04:00,12,6.62996875,6.55297513,-0.92392348,-0.34185169,ATR_STOP,-1.06824012
APPS,2024-06-28T12:30:00-04:00,2024-06-28T13:30:00-04:00,353,1.65924350,1.58358132,-26.70874946,-9.88223730,ATR_STOP,-1.01595971
ERAS,2024-06-28T14:00:00-04:00,2024-07-01T09:30:00-04:00,282,2.29672125,2.44342716,41.37106589,15.30729438,ATR_TARGET,1.97530702
VISN,2024-06-28T14:30:00-04:00,2024-07-01T09:45:00-04:00,1,1.21591125,1.21908500,0.00317375,0.00117429,STOP_GAP,0.06801954
BTE,2024-07-01T09:45:00-04:00,2024-07-01T10:30:00-04:00,2,3.50262500,3.45216629,-0.10091743,-0.03733945,ATR_STOP,-1.05412984
ASTS,2024-07-01T09:45:00-04:00,2024-07-01T11:00:00-04:00,55,12.13909750,11.61369447,-28.89716671,-10.69195168,ATR_STOP,-1.01687060
IAUX,2024-06-28T09:45:00-04:00,2024-07-02T10:30:00-04:00,495,1.05579125,1.01680003,-19.30065497,-7.14124234,ATR_STOP,-1.01996368
ADMA,2024-07-01T11:15:00-04:00,2024-07-02T10:30:00-04:00,56,11.61870750,11.34749043,-15.18815590,-5.61961768,ATR_STOP,-1.03242103
ACHR,2024-07-02T14:15:00-04:00,2024-07-03T10:00:00-04:00,97,3.76782375,4.04228883,26.62311316,9.85055187,ATR_TARGET,1.97813332
BTE,2024-07-02T09:45:00-04:00,2024-07-03T10:45:00-04:00,1,3.55266250,3.58328697,0.03062447,0.01133105,ATR_STOP,0.57285415
RIVN,2024-07-02T14:00:00-04:00,2024-07-05T09:30:00-04:00,53,14.87254605,14.32595961,-28.96908129,-10.71856008,ATR_STOP,-1.02006692
SOFI,2024-07-03T10:15:00-04:00,2024-07-05T09:30:00-04:00,58,6.53990125,6.44174709,-5.69294152,-2.10638836,ATR_STOP,-1.05181072
EOSE,2024-07-03T10:15:00-04:00,2024-07-05T09:30:00-04:00,2,1.66624875,1.86766780,0.40283810,0.14905010,ATR_TARGET,1.98617694
AMD,2024-07-05T09:45:00-04:00,2024-07-05T12:15:00-04:00,4,167.16528000,173.23773503,24.28982012,8.98723345,ATR_TARGET,1.95807296
ASTS,2024-07-05T12:30:00-04:00,2024-07-08T10:30:00-04:00,57,12.02561245,12.29050153,15.09867784,5.58651080,ATR_STOP,0.51920569
AMC,2024-07-08T10:45:00-04:00,2024-07-08T11:00:00-04:00,131,5.28936405,5.59203772,39.65025013,14.67059255,ATR_TARGET,1.97264532
CLOV,2024-07-08T09:45:00-04:00,2024-07-08T12:00:00-04:00,1,1.28586367,1.30742434,0.02156067,0.00797745,ATR_STOP,0.60672666
TSLA,2024-07-08T11:15:00-04:00,2024-07-08T13:15:00-04:00,2,255.95612322,249.01226528,-13.88771589,-5.13845488,ATR_STOP,-1.02766028
TSLT,2024-07-08T11:15:00-04:00,2024-07-08T13:15:00-04:00,10,20.70551750,19.67066194,-10.34855557,-3.82896556,ATR_STOP,-1.01447328
LUMN,2024-07-08T13:30:00-04:00,2024-07-08T15:15:00-04:00,656,1.07580625,1.03504632,-26.73851262,-9.89324967,ATR_STOP,-1.01942991
ACHR,2024-07-05T09:45:00-04:00,2024-07-09T09:30:00-04:00,111,4.34315493,4.05618357,-31.85382091,-11.22277974,ATR_STOP,-1.01072255
PLTR,2024-07-08T15:30:00-04:00,2024-07-09T10:15:00-04:00,24,27.93093250,27.48535469,-10.69386751,0.00000000,ATR_STOP,-1.04854587
BIDU,2024-07-09T10:45:00-04:00,2024-07-09T10:45:00-04:00,7,89.79729750,91.48307261,11.80042580,0.00000000,ATR_TARGET,1.92172563
TSLA,2024-07-09T09:45:00-04:00,2024-07-10T10:00:00-04:00,1,255.03123008,259.64547516,4.61424509,1.55356326,ATR_STOP,0.72963098
HIVE,2024-07-10T11:45:00-04:00,2024-07-10T13:15:00-04:00,1,3.38253500,3.27076147,-0.11177353,-0.04135621,ATR_STOP,-1.02245649
BTE,2024-07-08T15:45:00-04:00,2024-07-10T15:00:00-04:00,5,3.55266250,3.65048434,0.48910919,0.18097040,ATR_TARGET,1.94550775
EOSE,2024-07-10T13:30:00-04:00,2024-07-11T09:30:00-04:00,2,2.00650375,2.18498014,0.35695278,0.13207253,ATR_TARGET,1.98178994
PLUG,2024-07-10T15:30:00-04:00,2024-07-11T10:00:00-04:00,6,2.70202500,2.88899981,1.12184886,0.41508408,ATR_TARGET,1.97707159
LUMN,2024-07-09T11:00:00-04:00,2024-07-11T10:15:00-04:00,627,1.07580625,1.16499287,55.92001357,20.69040502,ATR_TARGET,1.98058205
HIVE,2024-07-11T10:45:00-04:00,2024-07-11T11:30:00-04:00,209,3.42256500,3.29286909,-27.10644421,-10.02938436,ATR_STOP,-1.01942635
BTE,2024-07-11T10:00:00-04:00,2024-07-11T11:45:00-04:00,1,3.67275250,3.70638813,0.03363563,0.01244518,ATR_STOP,0.59201166
ADMA,2024-07-09T09:45:00-04:00,2024-07-11T12:00:00-04:00,17,11.98097900,12.43813536,7.77165813,2.87551351,ATR_TARGET,1.95997529
ACHR,2024-07-10T10:45:00-04:00,2024-07-12T09:30:00-04:00,58,4.39319242,4.69647500,17.59038935,6.50844406,TARGET_GAP,2.33460727
VISN,2024-07-11T14:30:00-04:00,2024-07-12T09:30:00-04:00,69,1.41105750,1.50257269,6.31454784,2.33638270,ATR_TARGET,1.97565330
JMIA,2024-07-11T10:15:00-04:00,2024-07-12T10:45:00-04:00,1,12.12478678,12.31304299,0.18825621,0.06965480,ATR_STOP,0.29380476
BLNK,2024-07-11T13:30:00-04:00,2024-07-12T13:30:00-04:00,249,3.27245250,3.49554451,55.54991098,20.55346706,ATR_TARGET,1.97675282
HIVE,2024-07-12T13:45:00-04:00,2024-07-15T12:30:00-04:00,241,3.52334053,3.78689601,63.51687280,23.50124294,ATR_TARGET,1.97866121
LUMN,2024-07-12T15:15:00-04:00,2024-07-15T15:15:00-04:00,1,1.18088500,1.25361119,0.07272619,0.02690869,ATR_TARGET,1.97445497
CLOV,2024-07-12T13:00:00-04:00,2024-07-16T09:30:00-04:00,4,1.51953880,1.62708808,0.43019711,0.15917293,ATR_TARGET,1.97754480
QS,2024-07-12T12:45:00-04:00,2024-07-16T09:45:00-04:00,1,8.29621750,8.75676576,0.46054826,0.17040286,ATR_STOP,0.89372219
VISN,2024-07-15T15:30:00-04:00,2024-07-16T09:45:00-04:00,1,1.62121500,1.57063801,-0.05057699,-0.01871349,ATR_STOP,-1.02386452
AMC,2024-07-12T09:45:00-04:00,2024-07-16T10:00:00-04:00,69,5.29897125,5.39417929,6.56935468,2.43066123,ATR_STOP,0.68136799
BE,2024-07-15T12:45:00-04:00,2024-07-16T10:00:00-04:00,64,13.88040250,14.30339763,27.07168862,10.01652479,ATR_STOP,0.82439302
SOFI,2024-07-16T10:45:00-04:00,2024-07-17T09:30:00-04:00,58,7.50562500,7.58430750,4.56358500,1.68852645,STOP_GAP,0.45978258
CLOV,2024-07-16T09:45:00-04:00,2024-07-17T09:30:00-04:00,4,1.63622625,1.67878381,0.17023026,0.06298519,ATR_STOP,0.68991035
HIVE,2024-07-16T11:15:00-04:00,2024-07-17T10:00:00-04:00,1,3.92294000,4.03441813,0.11147813,0.04124691,ATR_STOP,0.71725261
APPS,2024-07-16T10:45:00-04:00,2024-07-17T10:30:00-04:00,362,2.33675125,2.36891837,11.64449915,4.30846469,ATR_STOP,0.25313596
AMC,2024-07-17T09:45:00-04:00,2024-07-17T11:00:00-04:00,1,5.61921125,5.45129920,-0.16791205,-0.06212746,ATR_STOP,-1.02497577
AFRM,2024-07-17T09:45:00-04:00,2024-07-17T11:15:00-04:00,13,33.57516250,32.70740628,-11.28083092,-4.17390744,ATR_STOP,-1.02911380
CLOV,2024-07-17T09:45:00-04:00,2024-07-17T11:30:00-04:00,1,1.74630875,1.67159957,-0.07470918,-0.02764240,ATR_STOP,-1.01708051
MVST,2024-07-16T14:00:00-04:00,2024-07-17T12:30:00-04:00,1,0.42381762,0.40432762,-0.01949000,-0.00721130,ATR_STOP,-1.01581700
VISN,2024-07-17T13:30:00-04:00,2024-07-18T09:30:00-04:00,570,1.61521050,2.31826000,400.73821500,148.27313955,TARGET_GAP,10.45555494
PLTR,2024-07-18T09:45:00-04:00,2024-07-18T10:00:00-04:00,39,28.38127000,29.45037751,41.69519288,15.42722137,ATR_TARGET,1.95948658
EVLV,2024-07-17T13:45:00-04:00,2024-07-18T10:30:00-04:00,111,3.36752375,3.42081673,5.91552054,2.18874260,ATR_STOP,0.33520860
CLOV,2024-07-18T10:15:00-04:00,2024-07-18T10:30:00-04:00,11,1.77633125,1.70446402,-0.79053950,-0.29249961,ATR_STOP,-1.01812360
INTC,2024-07-18T10:15:00-04:00,2024-07-18T14:00:00-04:00,31,35.89189875,34.98497442,-28.11465428,-10.40242208,ATR_STOP,-1.02981656
PLUG,2024-07-18T11:15:00-04:00,2024-07-18T14:00:00-04:00,124,3.20740375,3.07595321,-16.29986703,-6.03095080,ATR_STOP,-1.01787721
HIVE,2024-07-19T09:45:00-04:00,2024-07-19T12:30:00-04:00,302,3.84798383,4.20341920,107.34148200,39.71634834,ATR_TARGET,1.98240370
JMIA,2024-07-19T09:45:00-04:00,2024-07-22T09:45:00-04:00,25,12.52939000,12.74369839,5.35770983,1.98235264,ATR_STOP,0.37432097
HIVE,2024-07-22T09:45:00-04:00,2024-07-23T09:30:00-04:00,2,4.28821375,4.36672250,0.15701750,0.05809647,STOP_GAP,0.38455797
RIVN,2024-07-22T10:15:00-04:00,2024-07-23T09:45:00-04:00,18,17.32298250,16.82852097,-8.90030754,-3.29311379,ATR_STOP,-1.02621432
ASTS,2024-07-23T10:00:00-04:00,2024-07-23T10:15:00-04:00,23,13.19949220,13.94222011,17.08274187,6.32061449,ATR_TARGET,1.97221291
LUMN,2024-07-18T09:45:00-04:00,2024-07-23T12:00:00-04:00,7,1.35601625,1.46314959,0.74993338,0.27747535,ATR_TARGET,1.97970673
ADMA,2024-07-22T09:45:00-04:00,2024-07-23T15:45:00-04:00,90,13.66023750,13.86393674,18.33293193,6.78318482,ATR_STOP,0.67238993
SOFI,2024-07-23T09:30:00-04:00,2024-07-24T09:30:00-04:00,1,7.50562500,7.32450250,-0.18112250,-0.06701532,STOP_GAP,-1.35242627
LUMN,2024-07-23T12:15:00-04:00,2024-07-24T09:30:00-04:00,7,1.46609875,1.61878500,1.06880375,0.39545739,TARGET_GAP,4.29737949
LUMN,2024-07-24T13:30:00-04:00,2024-07-24T14:00:00-04:00,13,1.61120750,1.54067798,-0.91688375,-0.33924699,ATR_STOP,-1.01666893
VISN,2024-07-23T10:30:00-04:00,2024-07-24T14:30:00-04:00,179,1.77132750,1.68400777,-15.63023129,-5.78318558,ATR_STOP,-1.01468761
HIVE,2024-07-24T13:15:00-04:00,2024-07-24T14:30:00-04:00,283,4.37327750,4.17719837,-55.49039292,-20.53144538,ATR_STOP,-1.01624955
CLOV,2024-07-22T15:00:00-04:00,2024-07-24T15:15:00-04:00,3,1.65624125,1.60480670,-0.15430366,-0.05709235,ATR_STOP,-1.02397984
ASTS,2024-07-25T09:45:00-04:00,2024-07-25T10:15:00-04:00,85,14.01050000,15.16714457,98.31478824,36.37647165,ATR_TARGET,1.98050750
VISN,2024-07-25T11:00:00-04:00,2024-07-26T10:30:00-04:00,702,1.79134250,1.81589857,17.23835819,6.37819253,ATR_STOP,0.31842658
VISN,2024-07-26T12:15:00-04:00,2024-07-29T09:30:00-04:00,667,1.90142500,2.05117013,99.88000023,36.95560008,ATR_TARGET,1.97964721
CLOV,2024-07-26T09:45:00-04:00,2024-07-29T09:45:00-04:00,195,1.69637133,1.71371375,3.38177287,1.25125596,STOP_GAP,0.31004292
LUMN,2024-07-29T09:45:00-04:00,2024-07-29T12:15:00-04:00,751,1.77633125,1.89081664,85.97853047,31.81205627,ATR_TARGET,1.97551129
LUMN,2024-07-29T12:30:00-04:00,2024-07-30T09:30:00-04:00,733,1.89141750,2.04435692,112.10459449,41.47869996,ATR_TARGET,1.98013361
ASTS,2024-07-30T09:45:00-04:00,2024-07-30T10:00:00-04:00,73,19.82485750,18.82130794,-73.25911789,-27.10587362,ATR_STOP,-1.01427759
CLOV,2024-07-29T11:15:00-04:00,2024-07-30T11:15:00-04:00,184,1.79064197,1.93154919,25.92692670,9.59296288,ATR_TARGET,1.97963220
VISN,2024-07-30T09:45:00-04:00,2024-07-31T09:30:00-04:00,5,2.49186750,2.84319879,1.75665647,0.64996289,ATR_TARGET,1.98792527
BLNK,2024-07-31T09:45:00-04:00,2024-07-31T14:45:00-04:00,4,3.24212977,3.44376312,0.80653338,0.29841735,ATR_TARGET,1.97468627
BLNK,2024-07-31T15:00:00-04:00,2024-07-31T15:15:00-04:00,4,3.44758375,3.34066773,-0.42766406,-0.15823570,ATR_STOP,-1.02401508
LUMN,2024-07-31T09:30:00-04:00,2024-08-01T09:30:00-04:00,125,2.59194250,3.26754750,84.45062500,31.24673125,TARGET_GAP,2.24425447
CLOV,2024-07-30T11:30:00-04:00,2024-08-01T13:00:00-04:00,742,1.91643625,1.82616799,-66.97905263,-24.78224947,ATR_STOP,-1.01541834
FLNA,2024-08-01T15:45:00-04:00,2024-08-02T09:45:00-04:00,51,22.84211875,21.44446870,-71.28015280,-26.37365654,ATR_STOP,-1.01165023
FLNA,2024-08-02T11:45:00-04:00,2024-08-02T13:00:00-04:00,35,23.96806258,27.86365614,136.34577485,50.44793669,ATR_TARGET,1.98932037
TWLO,2024-08-02T12:30:00-04:00,2024-08-05T09:30:00-04:00,13,61.51610250,57.95650000,-46.27483250,-17.12168803,STOP_GAP,-2.24332802
FLNA,2024-08-02T15:15:00-04:00,2024-08-05T09:30:00-04:00,27,28.82059925,25.98050000,-76.68267975,-28.37259151,STOP_GAP,-1.04513737
VISN,2024-08-02T15:45:00-04:00,2024-08-05T09:30:00-04:00,91,2.24668375,2.01848500,-20.76608625,-7.68345191,STOP_GAP,-1.91083565
ASTS,2024-08-07T09:45:00-04:00,2024-08-07T12:45:00-04:00,67,20.47534500,20.73115095,17.13899857,6.34142947,ATR_STOP,0.25554289
TWLO,2024-08-07T10:00:00-04:00,2024-08-07T13:45:00-04:00,5,60.99571250,59.81568763,-5.90012433,-2.18304600,ATR_STOP,-1.03955094
FLNA,2024-08-07T15:15:00-04:00,2024-08-08T09:45:00-04:00,25,28.43160772,25.67331643,-68.95728246,-25.51419451,ATR_STOP,-1.00703515
PLTR,2024-08-08T10:30:00-04:00,2024-08-09T11:00:00-04:00,11,27.91592125,29.89047232,21.72006175,8.03642285,ATR_TARGET,1.97753146
VSXY,2024-08-08T10:00:00-04:00,2024-08-09T15:45:00-04:00,70,19.00424250,19.70565635,49.09896978,18.16661882,ATR_STOP,1.19761353
LUMN,2024-08-14T09:45:00-04:00,2024-08-14T11:30:00-04:00,242,5.07380250,5.64600184,138.47224086,51.23472912,ATR_TARGET,1.98529699
ADMA,2024-08-14T11:45:00-04:00,2024-08-14T12:30:00-04:00,73,17.81335000,17.39330504,-30.66328234,-11.34541447,ATR_STOP,-1.03207637
APPS,2024-08-15T09:45:00-04:00,2024-08-15T10:00:00-04:00,1,3.46259500,3.29781398,-0.16478102,-0.06096898,ATR_STOP,-1.01525033
CCJ,2024-08-14T09:45:00-04:00,2024-08-15T11:00:00-04:00,11,39.77480875,41.04064221,13.92416801,5.15194216,ATR_TARGET,1.95248696
BTE,2024-08-14T09:45:00-04:00,2024-08-15T11:00:00-04:00,8,3.53274758,3.65184262,0.95276036,0.35252133,ATR_TARGET,1.95500611
LUMN,2024-08-14T15:15:00-04:00,2024-08-16T09:30:00-04:00,225,5.74940882,5.39595000,-79.52823562,-29.42544718,STOP_GAP,-1.10800133
BTE,2024-08-15T11:15:00-04:00,2024-08-16T09:30:00-04:00,130,3.65273750,3.55733000,-12.40297500,-4.58910075,STOP_GAP,-1.52186598
EOSE,2024-08-15T10:15:00-04:00,2024-08-16T09:30:00-04:00,1,1.82136500,1.95023237,0.12886737,0.04768093,ATR_TARGET,1.97753765
IAUX,2024-08-16T09:45:00-04:00,2024-08-16T10:00:00-04:00,4,0.99924888,1.00518659,0.02375087,0.00878782,ATR_STOP,0.21769802
VISN,2024-08-16T10:30:00-04:00,2024-08-19T09:45:00-04:00,1,3.81786125,3.95146402,0.13360277,0.04943303,ATR_STOP,0.79558114
TSLL,2024-08-16T09:45:00-04:00,2024-08-20T09:30:00-04:00,31,9.98848575,10.76192250,23.97653925,8.87131952,TARGET_GAP,2.40676594
KC,2024-08-19T10:15:00-04:00,2024-08-20T09:30:00-04:00,1,2.52689375,2.46091815,-0.06597560,-0.02441097,ATR_STOP,-1.02880269
AMD,2024-08-20T09:30:00-04:00,2024-08-20T10:00:00-04:00,2,156.62738250,160.55006712,7.84536923,2.90278662,ATR_TARGET,1.94039212
CLOV,2024-08-20T10:00:00-04:00,2024-08-20T10:30:00-04:00,1,3.29747125,3.10912211,-0.18834914,-0.06968918,ATR_STOP,-1.01254514
VSXY,2024-08-16T09:30:00-04:00,2024-08-20T10:45:00-04:00,58,24.19813500,24.43166250,13.54459500,5.01150015,STOP_GAP,0.35703596
VISN,2024-08-20T12:00:00-04:00,2024-08-21T09:30:00-04:00,84,4.13810125,4.44666250,25.91914500,9.59008365,TARGET_GAP,2.24724316
MRNA,2024-08-21T09:45:00-04:00,2024-08-21T10:00:00-04:00,1,88.28616500,87.03376154,-1.25240346,-0.46338928,ATR_STOP,-1.05502945
TSLA,2024-08-21T09:45:00-04:00,2024-08-21T10:15:00-04:00,1,222.68689000,219.42486125,-3.26202875,-1.20695064,ATR_STOP,-1.05317219
ERAS,2024-08-20T09:30:00-04:00,2024-08-21T15:15:00-04:00,4,2.73204750,2.83608777,0.41616108,0.15397960,ATR_STOP,1.14004649
CLOV,2024-08-21T10:15:00-04:00,2024-08-22T09:30:00-04:00,26,3.30737867,3.68723250,9.87619945,3.65419380,TARGET_GAP,2.36479219
BIDU,2024-08-21T10:30:00-04:00,2024-08-22T09:30:00-04:00,2,89.59714750,87.38441250,-4.42547000,-1.63742390,STOP_GAP,-2.50032963
SOXL,2024-08-21T09:45:00-04:00,2024-08-22T09:45:00-04:00,1,41.03075000,41.47290601,0.44215601,0.16359772,ATR_STOP,0.31901204
NXE,2024-08-21T09:45:00-04:00,2024-08-22T10:15:00-04:00,2,6.02451500,5.93413032,-0.18076935,-0.06688466,ATR_STOP,-1.05183172
PLUG,2024-08-21T15:30:00-04:00,2024-08-22T10:15:00-04:00,25,2.19664625,2.13034425,-1.65755003,-0.61329351,ATR_STOP,-1.02471224
BEKE,2024-08-22T09:45:00-04:00,2024-08-22T11:30:00-04:00,17,14.95120500,14.76650683,-3.13986886,-1.16175148,ATR_STOP,-1.06383777
GME,2024-08-22T10:15:00-04:00,2024-08-22T11:45:00-04:00,2,22.69420790,22.34697233,-0.69447115,-0.25695432,ATR_STOP,-1.05075552
AFRM,2024-08-22T11:15:00-04:00,2024-08-22T13:30:00-04:00,2,31.20838875,30.24547815,-1.92582120,-0.71255384,ATR_STOP,-1.02414476
LUMN,2024-08-20T11:15:00-04:00,2024-08-23T09:30:00-04:00,233,5.94945875,6.56331535,143.02858702,52.92057720,ATR_TARGET,1.98407783
NIO,2024-08-22T11:45:00-04:00,2024-08-26T09:30:00-04:00,66,4.01841155,4.05695500,2.54386770,0.94123105,STOP_GAP,0.50307926
ACHR,2024-08-23T09:30:00-04:00,2024-08-26T09:30:00-04:00,29,3.72279000,3.88388034,4.67161981,1.72849933,ATR_TARGET,1.96445122
QS,2024-08-26T09:30:00-04:00,2024-08-26T09:30:00-04:00,43,6.13459750,6.02781077,-4.59182948,-1.69897691,ATR_STOP,-1.04424156
TSLL,2024-08-23T09:45:00-04:00,2024-08-26T10:30:00-04:00,149,9.90742500,9.52081503,-57.60488541,-21.31380760,ATR_STOP,-1.01883175
CCJ,2024-08-26T09:45:00-04:00,2024-08-26T10:45:00-04:00,8,44.06302250,43.10153758,-7.69187933,-2.84599535,ATR_STOP,-1.03481780
BE,2024-08-26T09:45:00-04:00,2024-08-27T09:30:00-04:00,2,11.96396625,11.69134712,-0.54523827,-0.20173816,ATR_STOP,-1.03325863
QS,2024-08-27T10:45:00-04:00,2024-08-27T11:15:00-04:00,4,6.07955625,5.95778663,-0.48707849,-0.18021904,ATR_STOP,-1.03812253
CLOV,2024-08-26T15:45:00-04:00,2024-08-27T12:30:00-04:00,88,3.30167440,3.15107222,-13.25299213,-4.90360709,ATR_STOP,-1.01595470
GDS,2024-08-26T14:45:00-04:00,2024-08-27T15:45:00-04:00,88,16.99773875,16.59841528,-35.14046554,-13.00197225,ATR_STOP,-1.03220282
SOFI,2024-08-27T14:00:00-04:00,2024-08-27T15:45:00-04:00,36,7.75601265,7.76719590,0.40259695,0.14896087,ATR_STOP,0.11263717
HIVE,2024-08-27T14:45:00-04:00,2024-08-28T09:30:00-04:00,1,3.38253500,3.27754000,-0.10499500,-0.03884815,STOP_GAP,-1.05340148
SEDG,2024-08-28T09:45:00-04:00,2024-08-28T10:00:00-04:00,12,26.42030038,25.61954498,-9.60906479,-3.55535397,ATR_STOP,-1.02460452
CLOV,2024-08-28T10:00:00-04:00,2024-08-28T10:30:00-04:00,2,3.30327560,3.18342918,-0.23969285,-0.08868635,ATR_STOP,-1.02034245
VSXY,2024-08-27T12:00:00-04:00,2024-08-29T09:30:00-04:00,1,24.42830750,25.48087500,1.05256750,0.38944997,TARGET_GAP,2.13679702
AFRM,2024-08-28T15:30:00-04:00,2024-08-29T09:30:00-04:00,10,31.33348250,39.04069750,77.07215000,28.51669550,TARGET_GAP,11.64474185
BILL,2024-08-28T09:30:00-04:00,2024-08-29T09:45:00-04:00,27,53.04975750,55.25396605,59.51363073,22.02004337,ATR_TARGET,1.96306546
SOFI,2024-08-29T09:45:00-04:00,2024-08-29T11:15:00-04:00,2,7.77082375,8.11487589,0.68810427,0.25459858,ATR_TARGET,1.96521006
BTE,2024-08-29T13:15:00-04:00,2024-08-30T09:30:00-04:00,4,3.70277500,3.58730750,-0.46187000,-0.17089190,STOP_GAP,-2.20214904
RIVN,2024-08-29T10:00:00-04:00,2024-08-30T10:00:00-04:00,103,14.28070250,13.94779254,-34.28972602,-12.68719863,ATR_STOP,-1.03246699
NVTS,2024-08-30T09:45:00-04:00,2024-08-30T10:45:00-04:00,2,3.16737375,3.05408969,-0.22656812,-0.08383020,ATR_STOP,-1.02065276
AAOI,2024-08-30T09:45:00-04:00,2024-09-03T09:30:00-04:00,1,10.77087210,12.01098500,1.24011290,0.45884177,TARGET_GAP,2.57463017
GME,2024-08-30T13:45:00-04:00,2024-09-03T09:30:00-04:00,63,22.90716750,24.28289656,86.67093075,32.06824438,ATR_TARGET,1.97385017
EOSE,2024-09-03T09:30:00-04:00,2024-09-03T10:15:00-04:00,9,2.64198000,2.50594731,-1.22429425,-0.45298887,ATR_STOP,-1.01402047
APP,2024-08-29T09:45:00-04:00,2024-09-03T14:30:00-04:00,4,91.50357625,89.42652373,-8.30821008,-3.07403773,ATR_STOP,-1.03339428
NIO,2024-09-03T09:45:00-04:00,2024-09-04T15:00:00-04:00,363,4.12309000,4.21236199,32.40573286,11.99012116,ATR_STOP,0.83935653
GME,2024-09-06T09:45:00-04:00,2024-09-06T10:30:00-04:00,71,22.46783825,21.94805341,-36.90472360,-13.65474773,ATR_STOP,-1.03273002
LUMN,2024-09-06T15:15:00-04:00,2024-09-09T09:30:00-04:00,268,5.85939125,5.67485443,-49.45586894,-18.29867151,ATR_STOP,-1.02362655
TSLT,2024-09-10T09:45:00-04:00,2024-09-10T10:30:00-04:00,36,13.83036500,13.84096285,0.38152268,0.14116339,ATR_STOP,0.02185120
TSLA,2024-09-10T09:45:00-04:00,2024-09-11T10:45:00-04:00,6,221.51100875,217.10146098,-26.45728660,-9.78919604,ATR_STOP,-1.03837148
VISN,2024-09-10T14:15:00-04:00,2024-09-11T13:45:00-04:00,103,4.89867125,5.00771733,11.23174670,4.15574628,ATR_STOP,0.57390610
VISN,2024-09-11T14:45:00-04:00,2024-09-13T11:30:00-04:00,298,5.14885875,5.22726959,23.36643022,8.34754592,ATR_STOP,0.41921645
TSLL,2024-09-12T09:45:00-04:00,2024-09-16T09:30:00-04:00,1,10.94019900,10.47404374,-0.46615526,-0.17247744,ATR_STOP,-1.01715369
DDD,2024-09-13T09:45:00-04:00,2024-09-16T09:45:00-04:00,1,2.37578050,2.37821500,0.00243450,0.00090076,STOP_GAP,0.02509145
IAUX,2024-09-13T12:30:00-04:00,2024-09-16T11:00:00-04:00,2,1.11583625,1.08051820,-0.07063610,-0.02613536,ATR_STOP,-1.02350235
CLOV,2024-09-13T11:45:00-04:00,2024-09-17T09:30:00-04:00,528,2.93219750,3.14578830,112.77594415,41.72709934,ATR_TARGET,1.97813298
VISN,2024-09-16T11:15:00-04:00,2024-09-17T09:30:00-04:00,2,5.45598893,5.78519734,0.65841684,0.24361423,ATR_TARGET,1.97396404
BLNK,2024-09-16T13:45:00-04:00,2024-09-17T10:15:00-04:00,2,1.78413710,1.88155022,0.19482624,0.07208571,ATR_TARGET,1.97141984
PLUG,2024-09-17T09:45:00-04:00,2024-09-17T11:15:00-04:00,5,2.03332385,2.17196596,0.69321054,0.25648790,ATR_TARGET,1.97675668
HIVE,2024-09-17T10:30:00-04:00,2024-09-17T12:45:00-04:00,1,3.07230250,2.98589645,-0.08640605,-0.03197024,ATR_STOP,-1.02662751
DDD,2024-09-17T09:45:00-04:00,2024-09-17T13:45:00-04:00,649,2.49687125,2.53346702,23.75065740,8.78774324,ATR_STOP,0.39839187
ABCL,2024-09-17T11:30:00-04:00,2024-09-17T14:15:00-04:00,4,2.82711875,2.73939572,-0.35089211,-0.12983008,ATR_STOP,-1.02400096
AMC,2024-09-11T14:45:00-04:00,2024-09-17T15:45:00-04:00,59,4.90867875,4.81448737,-5.55729126,-2.05619777,ATR_STOP,-1.03989472
BLNK,2024-09-17T15:45:00-04:00,2024-09-18T10:30:00-04:00,17,1.90132492,1.84888276,-0.89151677,-0.32986120,ATR_STOP,-1.02718084
APP,2024-09-17T15:30:00-04:00,2024-09-18T11:15:00-04:00,13,124.39322500,121.67481097,-35.33938235,-13.07557147,ATR_STOP,-1.03476265
HIVE,2024-09-18T09:30:00-04:00,2024-09-18T14:30:00-04:00,94,3.05228750,3.21298950,15.10598846,5.58921573,ATR_TARGET,1.97043102
IAUX,2024-09-18T12:15:00-04:00,2024-09-19T09:45:00-04:00,1342,1.19079242,1.14252252,-64.77820848,-23.96793714,ATR_STOP,-1.01808674
ASTS,2024-09-18T10:45:00-04:00,2024-09-19T13:45:00-04:00,1,28.68029410,29.15455986,0.47426576,0.17547833,ATR_STOP,0.38560681
APPS,2024-09-19T14:00:00-04:00,2024-09-19T15:15:00-04:00,10,3.02726875,2.92707434,-1.00194407,-0.37071931,ATR_STOP,-1.02241848
ADMA,2024-09-20T09:30:00-04:00,2024-09-20T09:30:00-04:00,1,19.90491750,19.47305281,-0.43186469,-0.15978993,ATR_STOP,-1.03502885
VISN,2024-09-20T09:45:00-04:00,2024-09-20T11:00:00-04:00,5,6.11958625,6.20573323,0.43073488,0.15937191,ATR_STOP,0.51105051
SOXL,2024-09-19T09:45:00-04:00,2024-09-20T11:15:00-04:00,8,34.36575500,32.02575602,-18.71999188,-6.92639700,ATR_STOP,-1.01037899
BE,2024-09-20T11:45:00-04:00,2024-09-23T09:30:00-04:00,28,10.40780000,11.00174250,16.63039000,6.15324430,TARGET_GAP,2.01897019
MVST,2024-09-20T13:15:00-04:00,2024-09-23T09:30:00-04:00,4,0.30222650,0.28478625,-0.06976100,-0.02581157,STOP_GAP,-1.02406297
BTE,2024-09-20T13:00:00-04:00,2024-09-23T11:00:00-04:00,1,3.15236250,3.17749308,0.02513058,0.00929831,ATR_STOP,0.47787953
TSLT,2024-09-19T10:15:00-04:00,2024-09-24T09:30:00-04:00,1,15.97197000,17.86659000,1.89462000,0.70100940,TARGET_GAP,2.38614543
GME,2024-09-23T09:30:00-04:00,2024-09-24T10:00:00-04:00,14,21.55615500,21.99589003,6.15629048,2.27782748,ATR_STOP,0.60202294
AMD,2024-09-19T10:00:00-04:00,2024-09-24T14:30:00-04:00,10,154.68092375,157.80931941,31.28395664,11.57506396,ATR_STOP,0.79997118
BTE,2024-09-24T09:45:00-04:00,2024-09-25T09:30:00-04:00,5,3.18238500,3.11707325,-0.32655873,-0.12082673,ATR_STOP,-1.03715227
CLOV,2024-09-25T11:00:00-04:00,2024-09-25T11:45:00-04:00,5,3.03727625,2.92516479,-0.56055732,-0.20740621,ATR_STOP,-1.01997454
PLUG,2024-09-23T11:30:00-04:00,2024-09-25T15:45:00-04:00,2,2.02942092,1.94826944,-0.16230298,-0.06005210,ATR_STOP,-1.01835003
APP,2024-09-24T11:15:00-04:00,2024-09-26T09:45:00-04:00,2,129.73723000,128.23375250,-3.00695500,-1.25087269,STOP_GAP,-0.64395132
IAUX,2024-09-24T11:15:00-04:00,2024-09-26T09:45:00-04:00,43,1.11083250,1.14456435,1.45046950,0.53667371,ATR_STOP,0.82716453
TSLL,2024-09-26T09:45:00-04:00,2024-09-26T10:15:00-04:00,21,13.65023000,13.30017732,-7.35110624,-2.71990931,ATR_STOP,-1.02935460
NXE,2024-09-25T09:30:00-04:00,2024-09-26T10:45:00-04:00,237,6.60495000,6.68411536,18.76219065,6.94201054,ATR_STOP,0.69900984
PLUG,2024-09-26T10:00:00-04:00,2024-09-26T10:45:00-04:00,24,2.08366158,2.00404578,-1.91077899,-0.70698823,ATR_STOP,-1.01925658
PLTR,2024-09-26T11:30:00-04:00,2024-09-26T13:15:00-04:00,8,37.31826773,36.74368819,-4.59663630,-1.70075543,ATR_STOP,-1.05041754
JMIA,2024-09-26T11:15:00-04:00,2024-09-26T14:30:00-04:00,331,4.86364500,5.16729880,100.50940882,37.18848126,ATR_TARGET,1.97477739
JMIA,2024-09-26T14:45:00-04:00,2024-09-27T09:30:00-04:00,322,5.18388500,5.51981694,108.17008408,40.02293111,ATR_TARGET,1.97563496
ALB,2024-09-26T15:15:00-04:00,2024-09-27T09:45:00-04:00,3,94.91613375,95.18855500,0.81726375,0.30238759,STOP_GAP,0.14891549
NIO,2024-09-27T09:45:00-04:00,2024-09-27T10:15:00-04:00,286,6.06954875,6.50004309,123.12138145,45.55491114,ATR_TARGET,1.97758845
LUMN,2024-09-27T09:45:00-04:00,2024-09-27T15:30:00-04:00,6,7.12534000,7.25727277,0.79159665,0.29289076,ATR_STOP,0.71237355
KC,2024-09-27T09:45:00-04:00,2024-09-30T09:30:00-04:00,1,2.91218250,3.24756250,0.33538000,0.12409060,TARGET_GAP,2.99259331
TSLA,2024-09-27T09:45:00-04:00,2024-09-30T09:30:00-04:00,1,256.13195500,263.28703888,7.15508388,2.64738103,ATR_TARGET,1.94624735
GDS,2024-09-27T10:30:00-04:00,2024-09-30T09:30:00-04:00,85,21.24592250,22.62021901,116.81520331,43.22162523,ATR_TARGET,1.97559375
EOSE,2024-09-27T12:00:00-04:00,2024-09-30T09:30:00-04:00,3,2.67200250,2.56882265,-0.30953954,-0.11452963,ATR_STOP,-1.01904226
BE,2024-09-27T15:45:00-04:00,2024-09-30T09:45:00-04:00,4,10.71302875,10.51027567,-0.81101233,-0.30007456,ATR_STOP,-1.04048262
DDD,2024-09-30T09:30:00-04:00,2024-09-30T10:15:00-04:00,1,2.90217500,2.80042410,-0.10175090,-0.03764783,ATR_STOP,-1.02109298
BTU,2024-09-30T09:45:00-04:00,2024-09-30T10:30:00-04:00,1,26.50986750,26.12276615,-0.38710135,-0.14322750,ATR_STOP,-1.05335257
YINN,2024-09-30T09:45:00-04:00,2024-09-30T11:15:00-04:00,6,39.96995500,38.74777633,-7.33307199,-2.71323664,ATR_STOP,-1.02437578
KC,2024-09-30T09:45:00-04:00,2024-09-30T11:30:00-04:00,607,3.10232500,2.95212966,-91.16857007,-33.73237093,ATR_STOP,-1.01497341
VISN,2024-09-30T10:00:00-04:00,2024-09-30T14:00:00-04:00,6,6.31973625,6.10383307,-1.29541905,-0.47930505,ATR_STOP,-1.02167930
EOSE,2024-09-30T10:45:00-04:00,2024-09-30T15:00:00-04:00,12,2.69211758,2.90683758,2.57664005,0.95335682,ATR_TARGET,1.97988246
JMIA,2024-09-30T14:00:00-04:00,2024-09-30T15:30:00-04:00,335,5.43907625,5.24867018,-63.78603300,-23.60083221,ATR_STOP,-1.02112688
TSLA,2024-10-01T09:30:00-04:00,2024-10-01T09:30:00-04:00,6,262.86700250,258.68621092,-25.08474950,-9.28135732,ATR_STOP,-1.04870284
SOXL,2024-10-01T09:30:00-04:00,2024-10-01T09:30:00-04:00,8,36.61744250,35.37890512,-9.90829903,-3.66607064,ATR_STOP,-1.02190962
PLTR,2024-09-30T11:30:00-04:00,2024-10-01T10:15:00-04:00,6,37.04956635,36.56249495,-2.92242842,-1.08129852,ATR_STOP,-1.05970567
IAUX,2024-10-01T09:45:00-04:00,2024-10-01T10:15:00-04:00,1502,1.17588125,1.18120459,7.99565396,2.95839196,ATR_STOP,0.16783988
BEKE,2024-10-01T09:45:00-04:00,2024-10-01T11:45:00-04:00,4,20.61545000,22.10749955,5.96819821,2.20823334,ATR_TARGET,1.97800265
YINN,2024-10-01T11:45:00-04:00,2024-10-02T09:30:00-04:00,44,39.53953243,49.04319000,418.16093330,154.71954532,TARGET_GAP,5.85341298
BIDU,2024-10-01T11:45:00-04:00,2024-10-02T09:30:00-04:00,2,107.67069250,115.90300750,16.46463000,6.09191310,TARGET_GAP,3.66695787
BEKE,2024-10-01T12:00:00-04:00,2024-10-02T09:30:00-04:00,5,22.17161625,25.72069500,17.74539375,6.56579569,TARGET_GAP,4.25910379
WTI,2024-10-01T12:30:00-04:00,2024-10-02T09:30:00-04:00,5,2.23047160,2.39820000,0.83864200,0.31029754,TARGET_GAP,2.62728427
BTE,2024-10-02T09:45:00-04:00,2024-10-04T09:30:00-04:00,101,3.15236250,3.30751750,15.67065500,5.79814235,TARGET_GAP,2.00895539
BEKE,2024-10-04T09:30:00-04:00,2024-10-07T09:30:00-04:00,13,25.21890000,24.43347335,-10.21054648,-3.77790220,ATR_STOP,-1.02390712
IAUX,2024-10-02T09:30:00-04:00,2024-10-07T12:00:00-04:00,1791,1.14085500,1.09543734,-81.34302894,-30.09692071,ATR_STOP,-1.01843673
MU,2024-10-07T12:30:00-04:00,2024-10-07T14:45:00-04:00,19,103.67770000,102.19184591,-28.23122771,-10.44555425,ATR_STOP,-1.05443087
BLNK,2024-10-07T12:45:00-04:00,2024-10-08T13:00:00-04:00,12,1.93144750,1.86390050,-0.81056403,-0.29990869,ATR_STOP,-1.02114915
ACHR,2024-10-07T15:00:00-04:00,2024-10-08T13:00:00-04:00,629,3.10222492,3.02514497,-48.48329330,-17.93881852,ATR_STOP,-1.03035129
DDD,2024-10-07T09:45:00-04:00,2024-10-10T09:30:00-04:00,106,3.02726875,2.92244727,-11.11107666,-4.11109836,ATR_STOP,-1.02137312
ACHR,2024-10-15T09:45:00-04:00,2024-10-15T10:30:00-04:00,627,3.10732875,3.04816676,-37.09456996,-13.72499088,ATR_STOP,-1.04022637
APP,2024-10-15T09:45:00-04:00,2024-10-15T10:30:00-04:00,1,146.60987500,144.12962016,-2.48025484,-0.91769429,ATR_STOP,-1.04560492
BLNK,2024-10-15T10:15:00-04:00,2024-10-15T10:30:00-04:00,1,2.01160758,1.94009305,-0.07151452,-0.02646037,ATR_STOP,-1.02078498
PLUG,2024-10-15T11:15:00-04:00,2024-10-15T15:00:00-04:00,907,2.12159000,2.05422177,-61.10298313,-22.60810376,ATR_STOP,-1.02342256
EOSE,2024-10-15T09:45:00-04:00,2024-10-15T15:45:00-04:00,39,3.16737375,3.32954006,6.32448605,2.34005984,ATR_TARGET,1.96964717
CCJ,2024-10-15T14:45:00-04:00,2024-10-16T09:30:00-04:00,2,51.47357625,53.33996500,3.73277750,1.38112767,TARGET_GAP,2.55084531
NXE,2024-10-15T15:00:00-04:00,2024-10-16T09:30:00-04:00,6,7.26044125,7.56432250,1.82328750,0.67461637,TARGET_GAP,2.99322513
PLTR,2024-10-17T09:45:00-04:00,2024-10-17T09:45:00-04:00,9,42.62124198,42.00204069,-5.57281155,-2.16292353,ATR_STOP,-1.05364379
APP,2024-10-17T09:45:00-04:00,2024-10-17T10:00:00-04:00,12,146.23959750,144.21598754,-24.28331953,-8.98482823,ATR_STOP,-1.05651303
AMC,2024-10-17T12:30:00-04:00,2024-10-17T14:30:00-04:00,444,4.22716800,4.16151071,-29.15183855,-10.78618026,ATR_STOP,-1.04994858
GME,2024-10-17T12:45:00-04:00,2024-10-18T10:00:00-04:00,12,21.57186678,21.27869054,-3.51811481,-1.30170248,ATR_STOP,-1.05761434
BLNK,2024-10-17T14:45:00-04:00,2024-10-18T10:00:00-04:00,913,2.03332385,2.11719556,76.57487461,28.33270360,ATR_TARGET,1.96281129
ACHR,2024-10-17T13:00:00-04:00,2024-10-18T11:00:00-04:00,5,3.17237750,3.21516927,0.21395887,0.07916478,ATR_STOP,0.76906038
QUBT,2024-10-18T11:30:00-04:00,2024-10-18T13:45:00-04:00,284,0.99694715,0.91425184,-23.48546667,-8.68962267,ATR_STOP,-1.00836741
IAUX,2024-10-17T13:45:00-04:00,2024-10-18T14:00:00-04:00,2,1.12084000,1.19281316,0.14394633,0.05326014,ATR_TARGET,1.97542746
AMC,2024-10-18T09:45:00-04:00,2024-10-21T09:30:00-04:00,1,4.29031532,4.41071568,0.12040035,0.04454813,ATR_TARGET,1.94647973
APP,2024-10-18T10:15:00-04:00,2024-10-21T09:30:00-04:00,13,145.65916250,149.80719090,53.92436917,19.95201659,ATR_TARGET,1.94721720
HIVE,2024-10-18T14:00:00-04:00,2024-10-21T09:30:00-04:00,72,3.73780125,3.61009610,-9.19477076,-3.40206518,ATR_STOP,-1.02167761
CLOV,2024-10-21T10:00:00-04:00,2024-10-21T10:00:00-04:00,3,4.26269462,4.09027999,-0.51724391,-0.19138025,ATR_STOP,-1.01812879
QUBT,2024-10-21T09:45:00-04:00,2024-10-21T10:30:00-04:00,1263,0.97312930,1.12409443,190.66896443,70.54751684,ATR_TARGET,1.98888466
PLTR,2024-10-21T09:45:00-04:00,2024-10-21T10:30:00-04:00,22,43.23240000,42.71897085,-11.29544126,-4.17931327,ATR_STOP,-1.06660895
CAPR,2024-10-21T10:45:00-04:00,2024-10-22T09:30:00-04:00,103,19.59468500,20.17807379,60.08904576,22.23294693,ATR_STOP,0.62105466
PLUG,2024-10-21T15:15:00-04:00,2024-10-22T10:00:00-04:00,124,2.33675125,2.26389400,-9.03429882,-3.34269056,ATR_STOP,-1.02387916
IAUX,2024-10-18T14:15:00-04:00,2024-10-22T12:00:00-04:00,2,1.20130030,1.15742007,-0.08776045,-0.03247137,ATR_STOP,-1.02019731
ASTS,2024-10-22T10:15:00-04:00,2024-10-22T13:15:00-04:00,9,28.69150250,27.54744268,-10.29653836,-3.80971919,ATR_STOP,-1.01840519
PLUG,2024-10-22T13:00:00-04:00,2024-10-22T15:30:00-04:00,12,2.32314105,2.23574363,-1.04876910,-0.38804457,ATR_STOP,-1.01957628
ACHR,2024-10-22T15:45:00-04:00,2024-10-23T09:30:00-04:00,85,3.28706345,3.48270191,16.62926914,6.15282958,ATR_TARGET,1.97362971
VISN,2024-10-23T10:00:00-04:00,2024-10-23T10:45:00-04:00,20,6.21465750,6.25628635,0.83257693,0.30805346,ATR_STOP,0.21246576
QUBT,2024-10-23T10:45:00-04:00,2024-10-23T11:45:00-04:00,2,1.13585125,1.05312707,-0.16544836,-0.06121589,ATR_STOP,-1.00964728
SOFI,2024-10-22T09:45:00-04:00,2024-10-23T13:00:00-04:00,195,10.54330155,10.34681039,-38.31577649,-14.17683730,ATR_STOP,-1.04114941
APP,2024-10-23T09:45:00-04:00,2024-10-23T13:00:00-04:00,1,162.61186750,159.85176810,-2.76009940,-1.02123678,ATR_STOP,-1.04544444
CGTX,2024-10-23T15:45:00-04:00,2024-10-24T11:45:00-04:00,474,0.61035743,0.55356740,-26.91847201,-9.95983464,ATR_STOP,-1.00737012
VISN,2024-10-23T15:30:00-04:00,2024-10-24T14:30:00-04:00,327,6.20965375,6.30069592,29.77079022,11.01519238,ATR_STOP,0.48436259
LUMN,2024-10-24T13:45:00-04:00,2024-10-24T15:30:00-04:00,42,6.42981875,6.26958044,-6.73000922,-2.49010341,ATR_STOP,-1.03025549
PLTR,2024-10-24T15:45:00-04:00,2024-10-25T09:30:00-04:00,6,43.54953768,44.45077238,5.40740822,2.00074104,ATR_TARGET,1.92860437
BLNK,2024-10-24T13:45:00-04:00,2024-10-25T09:45:00-04:00,1,2.09416945,2.19680053,0.10263108,0.03797350,ATR_TARGET,1.96837671
AMC,2024-10-25T09:30:00-04:00,2024-10-25T10:45:00-04:00,5,4.35326250,4.48236807,0.64552783,0.23884530,ATR_TARGET,1.94920657
YINN,2024-10-25T09:45:00-04:00,2024-10-25T11:00:00-04:00,3,33.93543250,34.15338537,0.65385861,0.24192769,ATR_STOP,0.38838392
HIVE,2024-10-24T15:30:00-04:00,2024-10-25T11:45:00-04:00,546,3.72178925,3.75357514,17.35509449,6.42138496,ATR_STOP,0.30046298
APP,2024-10-25T09:45:00-04:00,2024-10-25T14:00:00-04:00,1,162.62187500,159.91782868,-2.70404632,-1.00049714,ATR_STOP,-1.04645029
PLUG,2024-10-25T10:30:00-04:00,2024-10-25T14:00:00-04:00,2,2.22166500,2.14495438,-0.15342124,-0.05676586,ATR_STOP,-1.02143686
RIVN,2024-10-25T11:15:00-04:00,2024-10-25T14:00:00-04:00,11,10.60194550,10.36314423,-2.62681393,-0.97192115,ATR_STOP,-1.03366846
TSLT,2024-10-28T09:30:00-04:00,2024-10-28T14:45:00-04:00,15,18.95420500,18.32069596,-9.50263562,-3.51597518,ATR_STOP,-1.02218742
LUMN,2024-10-25T12:45:00-04:00,2024-10-29T09:30:00-04:00,315,6.48986375,6.31026375,-56.57400000,-20.93238000,STOP_GAP,-1.06561506
EOSE,2024-10-29T09:45:00-04:00,2024-10-29T10:15:00-04:00,126,3.48261000,3.37883360,-13.07582586,-4.83805557,ATR_STOP,-1.02504957
APP,2024-10-29T09:45:00-04:00,2024-10-29T13:30:00-04:00,11,167.96588000,171.83955204,42.61039249,15.76584522,ATR_TARGET,1.93555447
EOSE,2024-10-29T12:00:00-04:00,2024-10-29T14:30:00-04:00,5,3.56267000,3.43075475,-0.65957627,-0.24404322,ATR_STOP,-1.01990871
LUMN,2024-10-29T15:00:00-04:00,2024-10-30T09:30:00-04:00,290,6.52478993,6.72969788,59.42330785,21.98662391,ATR_TARGET,1.95188526
GME,2024-10-29T11:45:00-04:00,2024-10-30T09:45:00-04:00,18,22.92718250,24.40300220,26.56475465,9.82895922,ATR_TARGET,1.97548283
WTI,2024-10-29T13:15:00-04:00,2024-10-30T12:30:00-04:00,1,2.12659375,2.13837017,0.01177642,0.00435728,ATR_STOP,0.27970792
SOFI,2024-10-30T09:45:00-04:00,2024-10-30T15:30:00-04:00,176,10.93819750,11.24051923,53.20862365,19.68719075,ATR_STOP,0.73312187
VISN,2024-10-30T10:00:00-04:00,2024-10-31T09:30:00-04:00,62,7.00024625,6.77677508,-13.85521283,-5.12642875,ATR_STOP,-1.02329098
TNYA,2024-11-07T09:45:00-05:00,2024-11-07T11:00:00-05:00,8,2.35676625,2.69275980,2.68794843,0.93535871,ATR_TARGET,1.98804143
BE,2024-11-07T14:45:00-05:00,2024-11-07T15:45:00-05:00,1,10.99824250,10.63406742,-0.36417508,-0.13474478,ATR_STOP,-1.02240786
INTC,2024-11-07T09:45:00-05:00,2024-11-08T09:30:00-05:00,10,25.45407625,25.94026507,4.86188816,1.79889862,ATR_STOP,0.85808973
TSLL,2024-11-08T09:45:00-05:00,2024-11-08T10:30:00-05:00,16,17.18257727,18.45204225,20.31143956,7.51523264,ATR_TARGET,1.97841617
QUBT,2024-11-08T10:00:00-05:00,2024-11-08T10:30:00-05:00,1,1.45108750,1.29714255,-0.15394495,-0.05695963,ATR_STOP,-1.00636451
ACHR,2024-11-08T09:45:00-05:00,2024-11-08T11:00:00-05:00,1,3.83787625,3.88313663,0.04526038,0.01674634,ATR_STOP,0.26491776
SOFI,2024-11-07T09:45:00-05:00,2024-11-08T12:15:00-05:00,174,12.01900750,12.48151254,80.47587692,29.77607446,ATR_TARGET,1.96029374
SOFI,2024-11-08T12:30:00-05:00,2024-11-11T09:30:00-05:00,171,12.52438625,13.59979250,183.89446875,68.04095344,TARGET_GAP,3.81002767
HIVE,2024-11-08T13:00:00-05:00,2024-11-11T09:30:00-05:00,1,4.66349500,5.09617500,0.43268000,0.16009160,TARGET_GAP,2.49442010
QUBT,2024-11-11T09:30:00-05:00,2024-11-11T09:45:00-05:00,1089,1.50112500,1.39521365,-115.33745714,-42.67485914,ATR_STOP,-1.00998621
PLTR,2024-11-11T09:45:00-05:00,2024-11-11T10:30:00-05:00,10,58.98420500,61.46795136,24.83746362,9.18986154,ATR_TARGET,1.96352750
AFRM,2024-11-11T10:00:00-05:00,2024-11-11T12:00:00-05:00,31,50.09824552,55.33199674,162.24628755,60.03112639,ATR_TARGET,1.98425481
LUMN,2024-11-08T11:30:00-05:00,2024-11-11T12:45:00-05:00,30,9.60019475,10.31955707,21.58086947,7.98492170,ATR_TARGET,1.97869511
GME,2024-11-11T14:45:00-05:00,2024-11-12T09:30:00-05:00,71,27.38052000,26.04045500,-95.14461500,-35.20350755,STOP_GAP,-1.16004046
ERAS,2024-11-11T15:00:00-05:00,2024-11-12T09:30:00-05:00,7,3.16737375,3.06769750,-0.69773375,-0.25816149,STOP_GAP,-1.22976304
ACHR,2024-11-12T09:30:00-05:00,2024-11-12T12:00:00-05:00,432,4.41330750,4.51220467,42.72357611,15.80772316,ATR_STOP,0.56534514
RIVN,2024-11-11T10:45:00-05:00,2024-11-13T09:30:00-05:00,59,10.89816750,11.77116500,51.50685250,19.05753542,TARGET_GAP,1.99070868
ACHR,2024-11-12T14:45:00-05:00,2024-11-13T09:30:00-05:00,12,4.81861125,4.63225574,-2.23626610,-0.82741846,ATR_STOP,-1.01901150
ABCL,2024-11-13T09:45:00-05:00,2024-11-13T14:30:00-05:00,6,3.06229500,2.95334349,-0.65370908,-0.24187236,ATR_STOP,-1.02076801
BILL,2024-11-12T13:45:00-05:00,2024-11-14T09:30:00-05:00,21,89.13680250,87.14523272,-41.82296547,-15.47449722,ATR_STOP,-1.03395768
APP,2024-11-14T09:45:00-05:00,2024-11-14T10:15:00-05:00,6,290.47269125,291.63206713,6.95625527,2.57381445,ATR_STOP,0.12537630
AMC,2024-11-14T14:45:00-05:00,2024-11-14T15:30:00-05:00,371,4.70852875,4.58366076,-46.32602502,-17.14062926,ATR_STOP,-1.02833231
NXE,2024-11-15T10:15:00-05:00,2024-11-15T11:30:00-05:00,2,7.69576750,7.46769281,-0.45614938,-0.16877527,ATR_STOP,-1.02519432
PLTR,2024-11-15T09:45:00-05:00,2024-11-15T12:15:00-05:00,27,63.18735500,63.28233049,2.56433819,0.94880513,ATR_STOP,0.05370529
KC,2024-11-14T09:45:00-05:00,2024-11-15T14:45:00-05:00,21,4.71353250,5.00706903,6.16426705,2.28077881,ATR_STOP,1.23284234
GME,2024-11-13T09:45:00-05:00,2024-11-18T09:45:00-05:00,26,27.48059500,26.15720639,-34.40810373,-12.73099838,ATR_STOP,-1.01505852
SOFI,2024-11-15T15:30:00-05:00,2024-11-18T09:45:00-05:00,134,13.63021500,13.75917756,17.28098267,6.39396359,ATR_STOP,0.51334157
EVLV,2024-11-13T10:15:00-05:00,2024-11-18T11:30:00-05:00,1,2.58193500,2.66285320,0.08091820,0.02993974,ATR_STOP,0.67987319
SOFI,2024-11-18T10:15:00-05:00,2024-11-18T13:45:00-05:00,161,14.08055250,13.72409758,-57.38924241,-21.23401969,ATR_STOP,-1.02975784
ACHR,2024-11-18T10:45:00-05:00,2024-11-18T14:00:00-05:00,2,4.29822125,4.34538835,0.09433419,0.03490365,ATR_STOP,0.31391863
EVLV,2024-11-18T15:45:00-05:00,2024-11-19T09:30:00-05:00,847,2.64698375,2.56008033,-73.60719377,-27.23466169,ATR_STOP,-1.02261071
ACHR,2024-11-19T09:45:00-05:00,2024-11-19T13:15:00-05:00,477,4.59334243,4.90585148,149.06681836,55.15472279,ATR_TARGET,1.97670934
KC,2024-11-19T09:45:00-05:00,2024-11-20T09:30:00-05:00,1,4.54340500,5.67574000,1.13233500,0.41896395,TARGET_GAP,6.54992378
BE,2024-11-19T14:15:00-05:00,2024-11-20T09:30:00-05:00,94,24.19813500,23.00273500,-112.36760000,-41.57601200,STOP_GAP,-1.12422793
PLUG,2024-11-18T11:15:00-05:00,2024-11-20T09:30:00-05:00,1,1.97648125,1.89808773,-0.07839352,-0.02900560,ATR_STOP,-1.01850922
MVST,2024-11-19T14:30:00-05:00,2024-11-20T09:45:00-05:00,19,0.59144325,0.52662637,-1.23152075,-0.45566268,ATR_STOP,-1.00613561
PLTR,2024-11-20T09:30:00-05:00,2024-11-20T09:45:00-05:00,35,62.63694250,61.50467910,-39.62921888,-14.66281099,ATR_STOP,-1.04250356
GME,2024-11-20T10:45:00-05:00,2024-11-20T13:00:00-05:00,78,28.00598875,29.52627127,118.58203690,43.87535365,ATR_TARGET,1.97126466
ASTS,2024-11-18T10:30:00-05:00,2024-11-20T13:30:00-05:00,10,25.32397875,23.86667342,-14.57305333,-5.39202973,ATR_STOP,-1.01244514
AMC,2024-11-20T13:15:00-05:00,2024-11-20T13:45:00-05:00,495,4.55341250,4.42391787,-64.09983983,-23.71694074,ATR_STOP,-1.02631623
SOFI,2024-11-20T15:30:00-05:00,2024-11-21T10:30:00-05:00,20,14.64597625,14.71231259,1.32672684,0.49088893,ATR_STOP,0.27608975
BTE,2024-11-21T09:30:00-05:00,2024-11-21T11:30:00-05:00,1,3.02226500,3.03312566,0.01086066,0.00401844,ATR_STOP,0.24826083
PLTR,2024-11-20T15:30:00-05:00,2024-11-21T13:15:00-05:00,35,62.18650493,61.11312101,-37.56843699,-13.90032169,ATR_STOP,-1.04464096
ACHR,2024-11-21T11:15:00-05:00,2024-11-21T13:15:00-05:00,1,5.33399750,5.79612734,0.46212984,0.17098804,ATR_TARGET,1.98134815
SOFI,2024-11-21T11:00:00-05:00,2024-11-21T15:30:00-05:00,19,15.06629125,15.25671781,3.61810462,1.33869871,ATR_STOP,0.54616191
MVST,2024-11-21T13:45:00-05:00,2024-11-22T09:45:00-05:00,4,0.61736267,0.62962743,0.04905900,0.01815183,STOP_GAP,0.24789744
CLOV,2024-11-21T12:00:00-05:00,2024-11-22T09:45:00-05:00,2,3.40255000,3.32416559,-0.15676882,-0.05800446,ATR_STOP,-1.03287673
CCJ,2024-11-21T13:30:00-05:00,2024-11-22T12:15:00-05:00,36,59.90489500,58.93434654,-34.93974468,-12.92770553,ATR_STOP,-1.04775261
KC,2024-11-22T09:45:00-05:00,2024-11-22T14:00:00-05:00,13,6.24668150,6.89749574,8.46058512,3.13041650,ATR_TARGET,1.98421624
NIO,2024-11-22T10:00:00-05:00,2024-11-22T14:45:00-05:00,1,4.76206887,4.81322635,0.05115747,0.01892826,ATR_STOP,0.42263898
IAUX,2024-11-22T15:30:00-05:00,2024-11-22T15:45:00-05:00,21,0.66890130,0.63726228,-0.66441937,-0.24583517,ATR_STOP,-1.01534963
TWLO,2024-11-22T09:45:00-05:00,2024-11-25T09:30:00-05:00,2,103.25738500,106.11217309,5.70957617,2.11254318,ATR_TARGET,1.94571770
APPS,2024-11-22T09:45:00-05:00,2024-11-25T09:30:00-05:00,3,1.56117000,1.48319761,-0.23391717,-0.08654935,ATR_STOP,-1.01448407
EOSE,2024-11-22T11:15:00-05:00,2024-11-25T09:30:00-05:00,1,2.57693125,2.63935553,0.06242428,0.02309699,ATR_STOP,0.53493424
BE,2024-11-22T15:30:00-05:00,2024-11-25T09:45:00-05:00,3,25.90941750,26.04161536,0.39659358,0.14673963,ATR_STOP,0.19902214
TNYA,2024-11-25T09:30:00-05:00,2024-11-25T09:45:00-05:00,5,2.42181500,2.44944481,0.13814906,0.05111515,ATR_STOP,0.33505234
TSLT,2024-11-25T09:45:00-05:00,2024-11-25T09:45:00-05:00,6,31.65372250,30.55208593,-6.60981943,-2.44563319,ATR_STOP,-1.02125813
IAUX,2024-11-25T15:00:00-05:00,2024-11-25T15:45:00-05:00,1,0.69852350,0.67139882,-0.02712468,-0.01003613,ATR_STOP,-1.01892986
CLOV,2024-11-22T12:45:00-05:00,2024-11-26T09:30:00-05:00,629,3.39254250,3.45456927,39.01483769,14.43548994,ATR_STOP,0.85008647
AFRM,2024-11-25T10:30:00-05:00,2024-11-26T09:30:00-05:00,4,69.97744375,67.83885016,-8.55437438,-3.16511852,ATR_STOP,-1.02438947
JMIA,2024-11-25T10:45:00-05:00,2024-11-26T10:00:00-05:00,6,4.08275978,4.19640509,0.68187190,0.25229260,ATR_STOP,0.77258633
IAUX,2024-11-26T10:45:00-05:00,2024-11-26T12:45:00-05:00,54,0.71463557,0.74047845,1.39551524,0.51634064,ATR_STOP,0.76692616
GME,2024-11-26T10:00:00-05:00,2024-11-26T14:15:00-05:00,14,30.31471900,30.87408566,7.83113321,2.89751929,ATR_STOP,0.51611039
AMC,2024-11-26T13:30:00-05:00,2024-11-26T14:15:00-05:00,8,4.96361993,4.79349453,-1.36100314,-0.50357116,ATR_STOP,-1.02160495
APP,2024-11-26T09:45:00-05:00,2024-11-27T09:30:00-05:00,6,332.59926250,322.30032881,-61.79360216,-22.86363280,ATR_STOP,-1.02405350
CLOV,2024-11-26T15:45:00-05:00,2024-11-27T11:15:00-05:00,136,3.42256500,3.34900539,-10.00410647,-3.70151939,ATR_STOP,-1.03538046
SEDG,2024-11-27T11:30:00-05:00,2024-11-27T14:00:00-05:00,30,15.28145250,14.45008028,-24.94116659,-9.22823164,ATR_STOP,-1.01321797
MVST,2024-11-27T15:15:00-05:00,2024-11-29T09:45:00-05:00,1,0.87055243,0.81851188,-0.05204054,-0.01925500,ATR_STOP,-1.01194614
EVLV,2024-11-27T14:30:00-05:00,2024-11-29T10:00:00-05:00,116,3.81786125,4.07860525,30.24630351,11.19113230,ATR_TARGET,1.97679159
CLOV,2024-11-29T10:15:00-05:00,2024-11-29T11:15:00-05:00,2,3.53504930,3.45198338,-0.16613183,-0.06146878,ATR_STOP,-1.03219548
JMIA,2024-11-27T09:45:00-05:00,2024-11-29T12:00:00-05:00,487,4.02281485,3.89787819,-60.84415190,-22.51233620,ATR_STOP,-1.02397818
RIVN,2024-11-29T10:15:00-05:00,2024-12-02T09:30:00-05:00,37,12.33924750,11.94930229,-14.42797288,-5.33834997,ATR_STOP,-1.02354135
TSLL,2024-11-29T13:00:00-05:00,2024-12-02T09:30:00-05:00,89,21.37602000,22.58387092,107.49873153,39.77453067,ATR_TARGET,1.97232104
AFRM,2024-12-02T09:45:00-05:00,2024-12-02T10:30:00-05:00,3,71.03323500,69.10139478,-5.79552067,-2.14434265,ATR_STOP,-1.02758810
BBBY,2024-11-29T11:30:00-05:00,2024-12-02T12:00:00-05:00,1,6.33474750,6.46698760,0.13224010,0.04892884,ATR_STOP,0.76091218
AMC,2024-12-02T09:45:00-05:00,2024-12-02T12:15:00-05:00,1,5.14885875,4.99205790,-0.15680085,-0.05801631,ATR_STOP,-1.02448060
CSIQ,2024-12-02T10:45:00-05:00,2024-12-02T12:15:00-05:00,16,13.03066567,12.62917293,-6.42388399,-2.37683708,ATR_STOP,-1.02418025
MVST,2024-12-02T12:15:00-05:00,2024-12-02T13:00:00-05:00,8,0.94070500,0.93010190,-0.08482480,-0.03138518,STOP_GAP,-0.12984910
SOXL,2024-12-02T09:45:00-05:00,2024-12-02T14:00:00-05:00,75,29.17686625,30.01656679,62.97754056,23.30169001,ATR_STOP,0.94101636
MRNA,2024-12-02T15:30:00-05:00,2024-12-03T09:30:00-05:00,5,44.42829625,43.58671666,-4.20789795,-1.55692224,ATR_STOP,-1.04044503
CLOV,2024-12-02T15:30:00-05:00,2024-12-03T09:30:00-05:00,5,3.45989298,3.37702108,-0.41435947,-0.15331300,ATR_STOP,-1.03155034
MNSO,2024-12-02T15:15:00-05:00,2024-12-03T09:45:00-05:00,97,22.74204375,23.90826177,113.12314768,41.85556464,ATR_TARGET,1.96969225
NVTS,2024-12-03T09:45:00-05:00,2024-12-03T10:00:00-05:00,74,3.19739625,3.01707333,-13.34389645,-4.93724168,ATR_STOP,-1.01271775
NVTS,2024-12-03T11:30:00-05:00,2024-12-04T09:45:00-05:00,1,3.27365340,3.37246875,0.09881535,0.03656168,STOP_GAP,0.48324189
KC,2024-12-02T09:45:00-05:00,2024-12-04T13:15:00-05:00,4,7.56567000,8.08381934,2.07259734,0.76686102,ATR_STOP,1.21128622
VISN,2024-12-03T11:15:00-05:00,2024-12-04T15:45:00-05:00,47,4.96872375,5.36035418,18.40663016,6.81045316,ATR_TARGET,1.97966260
APPS,2024-12-04T10:00:00-05:00,2024-12-05T09:30:00-05:00,2,1.51113250,1.45443974,-0.11338552,-0.04195264,ATR_STOP,-1.01963357
CLOV,2024-12-05T09:30:00-05:00,2024-12-05T09:45:00-05:00,1,3.44258000,3.46240125,0.01982125,0.00733386,STOP_GAP,0.37470031
QUBT,2024-12-04T14:00:00-05:00,2024-12-05T09:45:00-05:00,4,7.20540000,6.68824092,-2.06863634,-0.76539545,ATR_STOP,-1.00980192
ACHR,2024-12-05T09:45:00-05:00,2024-12-05T10:00:00-05:00,1,7.33549750,7.99727179,0.66177429,0.24485649,ATR_TARGET,1.98202257
VISN,2024-12-05T09:30:00-05:00,2024-12-05T10:30:00-05:00,43,5.36402000,5.20502083,-6.83696425,-2.52967677,ATR_STOP,-1.02518946
PLUG,2024-12-05T11:00:00-05:00,2024-12-05T12:00:00-05:00,103,2.21195773,2.43475444,22.94806183,8.49078288,ATR_TARGET,1.98372894
AFRM,2024-12-03T10:00:00-05:00,2024-12-05T13:15:00-05:00,32,70.89813375,68.79183530,-67.40155035,-24.93857363,ATR_STOP,-1.02512944
MRNA,2024-12-05T12:15:00-05:00,2024-12-05T13:30:00-05:00,5,44.33222425,43.09689219,-6.17666031,-2.28536431,ATR_STOP,-1.02688889
AMC,2024-12-05T12:15:00-05:00,2024-12-05T13:45:00-05:00,4,5.07880625,5.31865478,0.95939412,0.35497583,ATR_TARGET,1.96725741
AMC,2024-12-05T14:00:00-05:00,2024-12-05T14:30:00-05:00,50,5.16887375,5.49950483,16.53155425,6.11667507,ATR_TARGET,1.97533911
EOSE,2024-12-05T10:15:00-05:00,2024-12-05T15:30:00-05:00,3,3.01726125,3.08198113,0.19415963,0.07183906,ATR_STOP,0.55958617
CCJ,2024-12-05T13:45:00-05:00,2024-12-06T10:00:00-05:00,36,61.18585500,61.46101000,9.90557986,3.66506455,ATR_STOP,0.31519375
RIVN,2024-12-05T10:00:00-05:00,2024-12-06T10:45:00-05:00,2,12.56942000,13.26747935,1.39611870,0.51656392,ATR_TARGET,1.97187053
PLUG,2024-12-06T10:15:00-05:00,2024-12-06T12:00:00-05:00,153,2.57693125,2.39783054,-27.40240799,-10.13889096,ATR_STOP,-1.01015066
QUBT,2024-12-05T14:45:00-05:00,2024-12-06T13:00:00-05:00,35,7.69576750,8.02418173,11.49449803,4.25296427,ATR_STOP,0.56340972
TSLL,2024-12-06T15:00:00-05:00,2024-12-06T15:45:00-05:00,10,25.61920000,26.85912192,12.39921918,4.58771110,ATR_TARGET,1.96800292
ACHR,2024-12-06T10:15:00-05:00,2024-12-09T09:30:00-05:00,222,8.17612750,7.65776517,-115.07643620,-42.57828139,ATR_STOP,-1.01121239
VSXY,2024-12-09T09:30:00-05:00,2024-12-09T09:30:00-05:00,5,48.03600000,46.47731878,-7.79340611,-2.88356026,ATR_STOP,-1.02289291
TNYA,2024-12-06T10:00:00-05:00,2024-12-09T09:45:00-05:00,1,3.51253243,3.63185162,0.11931919,0.04414810,ATR_STOP,0.71604919
NVTS,2024-12-09T09:45:00-05:00,2024-12-09T10:30:00-05:00,450,3.91743587,4.40127757,217.72876069,80.55964146,ATR_TARGET,1.98643757
KC,2024-12-06T12:30:00-05:00,2024-12-09T10:45:00-05:00,43,9.31778310,8.92682653,-16.81113240,-6.22011899,ATR_STOP,-1.01743665
VUZI,2024-12-09T10:15:00-05:00,2024-12-09T11:00:00-05:00,1,2.95721625,2.75118921,-0.20602704,-0.07623001,ATR_STOP,-1.01012414
EOSE,2024-12-09T09:45:00-05:00,2024-12-09T13:45:00-05:00,80,3.27225235,3.30829186,2.88316072,1.06676946,ATR_STOP,0.29674651
APPS,2024-12-09T10:45:00-05:00,2024-12-09T14:30:00-05:00,1198,1.58618875,1.51910861,-80.36200235,-29.73394087,ATR_STOP,-1.01729129
VSXY,2024-12-09T14:15:00-05:00,2024-12-10T09:30:00-05:00,5,48.19612000,46.83519620,-6.80461901,-2.51770903,ATR_STOP,-1.02651496
MRNA,2024-12-09T15:15:00-05:00,2024-12-10T09:30:00-05:00,40,45.97535568,44.90893859,-42.65668323,-15.78297280,ATR_STOP,-1.03263935
TSLL,2024-12-10T09:30:00-05:00,2024-12-10T10:00:00-05:00,1,27.46058000,29.49249190,2.03191190,0.75180740,ATR_TARGET,1.97844649
JMIA,2024-12-09T11:30:00-05:00,2024-12-10T11:00:00-05:00,77,5.07380250,4.77993097,-22.62810772,-8.37239986,ATR_STOP,-1.01235907
ACHR,2024-12-10T09:45:00-05:00,2024-12-10T11:30:00-05:00,5,7.97597750,7.61578041,-1.80098544,-0.66636461,ATR_STOP,-1.01612533
PLTR,2024-12-10T09:45:00-05:00,2024-12-10T13:00:00-05:00,27,74.52585250,72.10901313,-65.25466301,-24.14422531,ATR_STOP,-1.02290683
VUZI,2024-12-10T12:15:00-05:00,2024-12-10T15:15:00-05:00,137,3.02226500,3.07020581,6.56789054,2.43011950,ATR_STOP,0.22373647
MVST,2024-12-10T13:00:00-05:00,2024-12-11T09:30:00-05:00,1,1.31088243,1.20909250,-0.10178993,-0.03766227,STOP_GAP,-1.00921976
ABCL,2024-12-10T14:00:00-05:00,2024-12-11T09:30:00-05:00,645,3.05338832,2.98737833,-42.57644899,-15.75328612,ATR_STOP,-1.03516220
BEKE,2024-12-11T09:45:00-05:00,2024-12-11T10:30:00-05:00,105,20.66548750,20.25370774,-43.23687445,-15.99764355,ATR_STOP,-1.03833213
VISN,2024-12-10T11:00:00-05:00,2024-12-11T11:45:00-05:00,6,5.49912125,5.82740681,1.96971337,0.72879395,ATR_TARGET,1.97370382
MVST,2024-12-11T10:15:00-05:00,2024-12-11T12:45:00-05:00,140,1.38103500,1.25811148,-17.20929279,-6.36743833,ATR_STOP,-1.00774142
JMIA,2024-12-11T12:00:00-05:00,2024-12-12T09:30:00-05:00,436,4.90477582,4.70646750,-86.46242970,-31.99109899,STOP_GAP,-1.01893347
DDD,2024-12-11T13:30:00-05:00,2024-12-12T09:30:00-05:00,64,3.45158675,3.71428022,16.81238183,5.99447319,ATR_TARGET,1.97899813
YINN,2024-12-12T09:45:00-05:00,2024-12-12T10:00:00-05:00,2,30.75304750,30.20314657,-1.09980187,-0.40692669,ATR_STOP,-1.04299697
DDD,2024-12-12T09:45:00-05:00,2024-12-12T11:00:00-05:00,580,3.54265500,3.89986843,207.18378692,76.65800116,ATR_TARGET,1.98374470
VISN,2024-12-12T14:30:00-05:00,2024-12-13T09:30:00-05:00,375,5.81435750,5.68223901,-49.54443196,-18.33143983,ATR_STOP,-1.03335751
TWLO,2024-12-12T09:45:00-05:00,2024-12-13T09:45:00-05:00,2,114.19558250,113.77550432,-0.84015635,-0.31085785,STOP_GAP,-0.24957051
SOFI,2024-12-13T09:45:00-05:00,2024-12-13T11:00:00-05:00,14,16.14710125,15.77849282,-5.16051808,-1.90939169,ATR_STOP,-1.03319476
RIVN,2024-12-12T10:15:00-05:00,2024-12-16T09:30:00-05:00,4,13.98548125,14.72913071,2.97459786,1.10060121,ATR_TARGET,1.97070340
EOSE,2024-12-12T10:30:00-05:00,2024-12-16T09:30:00-05:00,3,3.30247500,3.54938233,0.74072199,0.27406714,ATR_TARGET,1.97865112
PLTR,2024-12-13T09:45:00-05:00,2024-12-16T09:30:00-05:00,29,74.13556000,77.53835270,98.68098828,36.51196566,ATR_TARGET,1.96636950
SOFI,2024-12-13T12:15:00-05:00,2024-12-16T09:45:00-05:00,14,16.33254022,16.36771500,0.49244685,0.18220533,STOP_GAP,0.09358074
MRNA,2024-12-16T09:45:00-05:00,2024-12-16T10:00:00-05:00,51,43.82284250,42.68738674,-57.90824369,-21.42605017,ATR_STOP,-1.02903670
QUBT,2024-12-16T09:45:00-05:00,2024-12-16T10:30:00-05:00,37,7.43897505,8.47786412,38.43889571,14.22239141,ATR_TARGET,1.98782462
PRCH,2024-12-06T09:45:00-05:00,2024-12-16T15:30:00-05:00,2,5.30397500,5.79213552,0.97632104,0.36123878,ATR_STOP,1.14573393
TSLA,2024-12-16T10:45:00-05:00,2024-12-17T09:30:00-05:00,4,449.36677250,475.54307500,104.70521000,38.74092770,TARGET_GAP,2.51451378
TSLL,2024-12-16T10:45:00-05:00,2024-12-17T09:30:00-05:00,19,35.26643000,39.43040500,79.11552500,29.27274425,TARGET_GAP,2.69314684
SOFI,2024-12-16T13:30:00-05:00,2024-12-17T09:30:00-05:00,1,16.99773875,16.61864779,-0.37909096,-0.14026366,ATR_STOP,-1.03402275
VUZI,2024-12-16T14:30:00-05:00,2024-12-17T10:00:00-05:00,4,3.46759875,3.82200908,1.41764131,0.52452728,ATR_TARGET,1.98394163
GGLL,2024-12-17T10:00:00-05:00,2024-12-17T10:15:00-05:00,20,51.64370375,50.26650976,-27.54387974,-10.19123550,ATR_STOP,-1.02816659
ASTS,2024-12-17T11:45:00-05:00,2024-12-17T14:30:00-05:00,14,24.73353625,24.93649306,2.84139532,1.05131627,ATR_STOP,0.28876126
QUBT,2024-12-17T10:45:00-05:00,2024-12-18T09:30:00-05:00,41,15.85548270,21.48426655,230.78013800,85.38865106,ATR_TARGET,1.99428678
VUZI,2024-12-17T10:15:00-05:00,2024-12-18T09:45:00-05:00,12,3.73780125,4.23818369,6.00458929,2.22169804,ATR_TARGET,1.98736595
ACHR,2024-12-17T13:15:00-05:00,2024-12-18T10:00:00-05:00,2,9.37702750,9.75180292,0.74955085,0.27733381,ATR_STOP,0.74442933
SOFI,2024-12-17T15:45:00-05:00,2024-12-18T10:00:00-05:00,21,16.64247250,16.80380845,3.38805489,1.25358031,ATR_STOP,0.53205114
SGMT,2024-12-17T09:45:00-05:00,2024-12-18T10:15:00-05:00,254,6.08456000,5.61965114,-118.08685038,-43.69213464,ATR_STOP,-1.00915560
QS,2024-12-18T11:15:00-05:00,2024-12-18T13:00:00-05:00,348,5.47670445,5.84535335,128.28981837,47.46723280,ATR_TARGET,1.97647786
SOXL,2024-12-18T09:45:00-05:00,2024-12-18T14:00:00-05:00,24,32.47433750,31.51423107,-23.04255421,-8.52574506,ATR_STOP,-1.02525852
BLNK,2024-12-18T13:15:00-05:00,2024-12-18T14:00:00-05:00,11,1.66574838,1.61081860,-0.60422749,-0.22356417,ATR_STOP,-1.02250566
ASTS,2024-12-18T13:15:00-05:00,2024-12-18T14:15:00-05:00,77,25.59918500,24.81548801,-60.34466858,-22.32752737,ATR_STOP,-1.02434490
MVST,2024-12-19T10:00:00-05:00,2024-12-20T09:45:00-05:00,847,1.42236597,1.70681650,240.92959585,89.14395047,ATR_TARGET,1.99103303
APPS,2024-12-19T12:15:00-05:00,2024-12-24T09:30:00-05:00,853,1.70627875,1.80779752,86.59550718,32.04033766,ATR_STOP,0.81714652
CGTX,2024-12-24T12:45:00-05:00,2024-12-24T13:00:00-05:00,2,0.65999462,0.62625125,-0.06748674,-0.02497009,ATR_STOP,-1.01412666
GME,2024-12-23T09:45:00-05:00,2024-12-26T09:30:00-05:00,44,30.61624498,32.59553500,87.08876110,32.22284161,TARGET_GAP,2.19040460
MVST,2024-12-23T10:30:00-05:00,2024-12-26T10:45:00-05:00,9,1.88641375,2.27302676,3.47951708,1.28742132,ATR_TARGET,1.99121316
SOXL,2024-12-24T09:45:00-05:00,2024-12-26T15:45:00-05:00,50,29.86238000,30.54932075,34.34703764,12.70840393,ATR_STOP,0.83778375
CLOV,2024-12-26T11:00:00-05:00,2024-12-27T09:30:00-05:00,1,3.34750875,3.25755500,-0.08995375,-0.03328289,STOP_GAP,-1.05022782
QUBT,2024-12-26T09:45:00-05:00,2024-12-27T09:30:00-05:00,74,18.42380750,21.46787605,225.26107273,83.34659691,ATR_TARGET,1.98946926
CGTX,2024-12-26T11:00:00-05:00,2024-12-27T09:30:00-05:00,1,0.71553625,0.74362182,0.02808557,0.01039166,ATR_STOP,0.59500527
EOSE,2024-12-26T11:00:00-05:00,2024-12-27T10:00:00-05:00,3,5.00385007,5.17640507,0.51766500,0.19153605,ATR_STOP,0.74224228
APPS,2024-12-27T09:30:00-05:00,2024-12-27T10:00:00-05:00,762,2.00150000,1.91553820,-65.50288863,-24.23606879,ATR_STOP,-1.01700974
QS,2024-12-27T09:45:00-05:00,2024-12-27T10:00:00-05:00,240,6.26969875,6.02145061,-59.57955374,-22.04443488,ATR_STOP,-1.01854307
ACHR,2024-12-27T15:00:00-05:00,2024-12-30T09:30:00-05:00,105,11.24843000,10.61203500,-66.82147500,-24.72394575,STOP_GAP,-1.53539567
CGTX,2024-12-27T10:45:00-05:00,2024-12-30T09:30:00-05:00,2163,0.82561875,0.76135983,-138.99205187,-51.42705919,ATR_STOP,-1.00897270
NVTS,2024-12-24T09:45:00-05:00,2024-12-30T09:45:00-05:00,4,3.93144638,3.69997148,-0.92589957,-0.34258284,ATR_STOP,-1.01214293
GME,2024-12-30T09:30:00-05:00,2024-12-30T10:00:00-05:00,35,31.82385000,31.92336156,3.48290475,1.28867476,ATR_STOP,0.13090326
MVST,2024-12-30T09:45:00-05:00,2024-12-30T11:00:00-05:00,11,2.54190500,2.58443317,0.46780987,0.17308965,ATR_STOP,0.21707861
WTI,2024-12-30T10:45:00-05:00,2024-12-30T13:15:00-05:00,690,1.64123000,1.66346733,15.34376061,5.67719143,ATR_STOP,0.44676385
APPS,2024-12-30T13:45:00-05:00,2024-12-31T11:00:00-05:00,618,1.85028667,1.75167248,-60.94357053,-22.54912110,ATR_STOP,-1.01351231
BTE,2024-12-30T11:15:00-05:00,2024-12-31T12:15:00-05:00,11,2.45183750,2.55397528,1.12351559,0.41570077,ATR_TARGET,1.96315555
TPET,2024-12-31T12:45:00-05:00,2024-12-31T13:30:00-05:00,42,1.25083743,1.13455785,-4.88374204,-1.80698456,ATR_STOP,-1.00737739
TSLZ,2024-12-30T09:45:00-05:00,2024-12-31T14:30:00-05:00,37,45.82434250,49.50323751,136.11911541,50.36407270,ATR_TARGET,1.98000280
TSLQ,2024-12-31T11:30:00-05:00,2025-01-02T09:30:00-05:00,14,77.12780250,85.58576250,118.41144000,43.81223280,TARGET_GAP,2.34910243
MRNA,2024-12-31T15:30:00-05:00,2025-01-02T10:45:00-05:00,44,41.31596375,43.11213596,79.03157712,29.24168353,ATR_TARGET,1.96460724
MVST,2025-01-02T09:45:00-05:00,2025-01-02T12:45:00-05:00,498,2.28901548,2.35633148,33.52337211,12.40364768,ATR_STOP,0.28225958
PLUG,2025-01-02T11:00:00-05:00,2025-01-02T13:30:00-05:00,783,2.38678875,2.27103620,-90.63424425,-33.53467037,ATR_STOP,-1.01494595
FLNA,2025-01-03T09:30:00-05:00,2025-01-03T09:30:00-05:00,1,2.75206250,2.99358534,0.24152284,0.08936345,ATR_TARGET,1.98156560
QUBT,2025-01-02T15:00:00-05:00,2025-01-03T10:30:00-05:00,121,18.12358250,16.97704068,-138.73156040,-51.33067735,ATR_STOP,-1.01123862
IAUX,2025-01-02T15:15:00-05:00,2025-01-03T12:30:00-05:00,1342,0.58143575,0.58710016,7.60163648,2.81260550,ATR_STOP,0.22069703
AMD,2025-01-03T10:45:00-05:00,2025-01-06T09:30:00-05:00,17,123.56260250,128.97319750,91.98011500,34.03264255,TARGET_GAP,2.56503661
BLNK,2025-01-03T10:15:00-05:00,2025-01-06T09:30:00-05:00,2,1.54615875,1.66582691,0.23933632,0.08855444,ATR_TARGET,1.97931982
APPS,2025-01-03T13:30:00-05:00,2025-01-06T14:15:00-05:00,407,1.93214803,2.11649210,75.02803706,27.76037371,ATR_TARGET,1.98291252
CGTX,2025-01-06T11:30:00-05:00,2025-01-06T14:45:00-05:00,1,0.83372483,0.84447809,0.01075326,0.00397871,ATR_STOP,0.21469618
APP,2025-01-06T15:30:00-05:00,2025-01-07T09:30:00-05:00,2,354.10538000,345.42074000,-17.36928000,-6.42663360,STOP_GAP,-1.13790493
BLNK,2025-01-06T09:45:00-05:00,2025-01-07T09:30:00-05:00,1333,1.62121500,1.74515543,165.21259565,61.12866039,ATR_TARGET,1.97908430
CLOV,2025-01-03T10:45:00-05:00,2025-01-07T10:00:00-05:00,1,3.31248250,3.39644868,0.08396618,0.03106748,ATR_STOP,0.90683285
QS,2025-01-07T09:45:00-05:00,2025-01-07T10:00:00-05:00,33,6.81510750,6.49278584,-10.63661473,-3.93554745,ATR_STOP,-1.01535130
BBBY,2025-01-07T10:30:00-05:00,2025-01-08T09:30:00-05:00,4,6.48486000,6.18708262,-1.19110951,-0.44071052,ATR_STOP,-1.01584191
MNSO,2025-01-07T09:45:00-05:00,2025-01-10T09:30:00-05:00,113,25.31897500,23.98200000,-151.07817500,-55.89892475,STOP_GAP,-1.70021100
BE,2025-01-10T09:30:00-05:00,2025-01-10T09:30:00-05:00,115,23.91792500,23.23090951,-79.00678115,-29.23250902,ATR_STOP,-1.02604062
TSLZ,2025-01-07T10:15:00-05:00,2025-01-10T10:45:00-05:00,4,49.10680250,50.11647995,4.03870981,1.49432263,ATR_STOP,0.34657711
WTI,2025-01-08T09:45:00-05:00,2025-01-10T10:45:00-05:00,16,1.70127500,1.72224818,0.33557088,0.12416123,ATR_STOP,0.33874996
CLOV,2025-01-10T11:45:00-05:00,2025-01-13T09:45:00-05:00,61,3.70277500,3.79663791,5.72563775,2.11848597,ATR_STOP,0.72024074
TPET,2025-01-13T10:15:00-05:00,2025-01-13T11:15:00-05:00,97,2.38158485,2.37840900,-0.30805776,-0.11398137,ATR_STOP,-0.00808367
BTE,2025-01-10T09:45:00-05:00,2025-01-13T12:00:00-05:00,1002,2.71193243,2.75085718,39.00260745,14.43096476,ATR_STOP,0.64656546
PLUG,2025-01-14T09:45:00-05:00,2025-01-14T09:45:00-05:00,71,2.99724625,2.83121218,-11.78841925,-4.36171512,ATR_STOP,-1.01296452
CMPX,2025-01-14T10:45:00-05:00,2025-01-14T12:00:00-05:00,97,2.10898055,1.97209588,-13.27781329,-4.91279092,ATR_STOP,-1.01093156
IAUX,2025-01-13T14:45:00-05:00,2025-01-14T13:00:00-05:00,4907,0.56242150,0.57377267,55.70016923,20.60906262,ATR_STOP,0.60434864
CLOV,2025-01-14T14:00:00-05:00,2025-01-15T15:45:00-05:00,725,3.83287250,3.93189279,71.78970905,26.56219235,ATR_STOP,0.67564365
WTI,2025-01-14T14:00:00-05:00,2025-01-16T09:45:00-05:00,118,1.79634625,1.83214775,4.22457687,1.56309344,ATR_STOP,0.67155525
IAUX,2025-01-15T09:30:00-05:00,2025-01-16T15:00:00-05:00,2,0.61045750,0.61731010,0.01370520,0.00507092,ATR_STOP,0.33228521
STX,2025-01-16T09:45:00-05:00,2025-01-17T10:45:00-05:00,29,95.19634375,97.28222181,60.49046372,22.38147158,ATR_TARGET,1.93235758
SOXL,2025-01-16T09:45:00-05:00,2025-01-17T15:30:00-05:00,2,30.78307000,32.51659927,3.46705854,1.28281166,ATR_TARGET,1.97223361
CLOV,2025-01-16T13:30:00-05:00,2025-01-21T09:30:00-05:00,9,4.01801125,4.24394260,2.03338213,0.75235139,ATR_TARGET,1.97219455
SOFI,2025-01-17T11:00:00-05:00,2025-01-21T10:00:00-05:00,167,16.72573490,17.03360636,51.41453424,19.02337767,ATR_STOP,0.78146992
SOXL,2025-01-17T15:45:00-05:00,2025-01-21T10:00:00-05:00,2,32.60443500,32.65568181,0.10249362,0.03792264,ATR_STOP,0.08220435
APPS,2025-01-17T09:45:00-05:00,2025-01-21T14:15:00-05:00,3,2.02151500,2.08666062,0.19543687,0.07231164,ATR_STOP,0.86627080
BILL,2025-01-16T13:15:00-05:00,2025-01-22T09:30:00-05:00,2,89.30693000,92.59436166,6.57486333,2.43269943,ATR_TARGET,1.95859437
YINN,2025-01-21T09:45:00-05:00,2025-01-22T09:30:00-05:00,1,27.92092500,27.33492013,-0.58600487,-0.21682180,ATR_STOP,-1.03628117
MVST,2025-01-22T09:30:00-05:00,2025-01-22T09:30:00-05:00,3,2.08156000,2.00165474,-0.23971579,-0.08869484,ATR_STOP,-1.01916215
VISN,2025-01-21T11:45:00-05:00,2025-01-22T09:45:00-05:00,1,5.60420000,5.87676593,0.27256593,0.10084939,ATR_TARGET,1.96814981
TWLO,2025-01-22T09:45:00-05:00,2025-01-22T10:00:00-05:00,1,115.14629500,113.39836523,-1.74792977,-0.64673401,ATR_STOP,-1.05118579
BE,2025-01-22T09:45:00-05:00,2025-01-22T15:00:00-05:00,1,26.66998750,25.67060499,-0.99938251,-0.36977153,ATR_STOP,-1.01965831
PLTR,2025-01-22T09:45:00-05:00,2025-01-23T09:30:00-05:00,1,74.55587500,75.99296250,1.43708750,0.53172237,STOP_GAP,1.10108038
CLOV,2025-01-22T11:15:00-05:00,2025-01-23T13:15:00-05:00,28,4.29001510,4.51416092,6.27608304,2.32215073,ATR_TARGET,1.97021841
VSAT,2025-01-23T09:30:00-05:00,2025-01-23T15:45:00-05:00,9,10.71803250,11.61090747,8.03587470,2.97327364,ATR_TARGET,1.98066811
VISN,2025-01-23T09:30:00-05:00,2025-01-24T09:30:00-05:00,1,5.75431250,5.80469916,0.05038666,0.01864306,ATR_STOP,0.35233118
SOXL,2025-01-24T09:30:00-05:00,2025-01-24T09:30:00-05:00,3,34.96620500,34.29745566,-2.00624802,-0.74231177,ATR_STOP,-1.04003440
SOFI,2025-01-21T10:45:00-05:00,2025-01-24T10:15:00-05:00,164,17.66824125,18.03689732,60.45959529,22.37005026,ATR_STOP,0.70121740
EVLV,2025-01-23T15:00:00-05:00,2025-01-24T11:15:00-05:00,31,3.91293250,4.26373135,10.87476445,4.02366285,ATR_TARGET,1.98191973
NIO,2025-01-24T09:45:00-05:00,2025-01-24T12:30:00-05:00,2,4.17813125,4.30958889,0.26291528,0.09727865,ATR_TARGET,1.95197025
HIVE,2025-01-24T12:15:00-05:00,2025-01-24T15:00:00-05:00,40,3.20740375,3.08986028,-4.70173882,-1.73964336,ATR_STOP,-1.02012712
ACHR,2025-01-24T10:30:00-05:00,2025-01-24T15:15:00-05:00,273,10.47785250,9.92895601,-149.84874064,-55.44403404,ATR_STOP,-1.01376376
APPS,2025-01-24T10:45:00-05:00,2025-01-27T09:30:00-05:00,2,2.38178500,2.38820750,0.01284500,0.00475265,STOP_GAP,0.07198052
SLS,2025-01-24T13:45:00-05:00,2025-01-27T09:30:00-05:00,9,1.04578375,1.17484699,1.16156918,0.42978059,ATR_TARGET,1.98642816
VSAT,2025-01-24T15:15:00-05:00,2025-01-27T09:30:00-05:00,10,11.54865500,11.17456390,-3.74091105,-1.38413709,ATR_STOP,-1.02293444
BBBY,2025-01-24T10:30:00-05:00,2025-01-27T11:15:00-05:00,9,7.86069110,7.32630459,-4.80947863,-1.77950709,ATR_STOP,-1.01039701
MRNA,2025-01-27T09:45:00-05:00,2025-01-27T11:15:00-05:00,1,42.01148500,42.34434173,0.33285673,0.12315699,ATR_STOP,0.23441500
BEKE,2025-01-24T09:45:00-05:00,2025-01-27T12:30:00-05:00,6,16.97272000,17.52086835,3.28889008,1.21688933,ATR_TARGET,1.95314256
SLS,2025-01-27T12:30:00-05:00,2025-01-27T12:45:00-05:00,78,1.43027190,1.26963505,-12.52967440,-4.63597953,ATR_STOP,-1.00596767
NIO,2025-01-27T09:45:00-05:00,2025-01-27T13:15:00-05:00,654,4.36827375,4.27078927,-63.75485208,-23.58929527,ATR_STOP,-1.03400011
ABCL,2025-01-28T09:30:00-05:00,2025-01-28T10:00:00-05:00,73,3.35251250,3.26201809,-6.60609192,-2.44425401,ATR_STOP,-1.02780760
DDD,2025-01-27T10:45:00-05:00,2025-01-28T11:15:00-05:00,1,4.00300000,3.76113811,-0.24186189,-0.08948890,ATR_STOP,-1.01180967
PLTR,2025-01-27T15:45:00-05:00,2025-01-28T12:00:00-05:00,37,75.10628750,79.41634468,159.47211555,59.00468275,ATR_TARGET,1.97271783
CMPX,2025-01-29T09:45:00-05:00,2025-01-29T10:45:00-05:00,1,3.51553468,3.25039189,-0.26514278,-0.09810283,ATR_STOP,-1.00928662
APPS,2025-01-28T12:00:00-05:00,2025-01-29T11:45:00-05:00,4,2.48085925,2.36802242,-0.45134731,-0.16699850,ATR_STOP,-1.01600359
SLS,2025-01-29T13:30:00-05:00,2025-01-30T12:15:00-05:00,11,1.18588875,1.27962298,1.03107658,0.38149834,ATR_STOP,0.85464562
BBBY,2025-01-28T10:15:00-05:00,2025-01-30T13:45:00-05:00,12,7.45558750,8.22825556,9.27201673,3.43064619,ATR_TARGET,1.98414105
JMIA,2025-01-28T12:15:00-05:00,2025-01-30T14:15:00-05:00,715,4.02301500,4.15424513,93.82954363,34.71693114,ATR_STOP,1.04647841
YINN,2025-01-30T14:45:00-05:00,2025-01-30T15:30:00-05:00,86,34.05552250,33.30409774,-64.62252909,-23.91033576,ATR_STOP,-1.03441060
SLS,2025-01-30T14:15:00-05:00,2025-01-31T09:30:00-05:00,78,1.39104250,1.29775161,-7.27668948,-2.69237511,ATR_STOP,-1.01055110
TSLZ,2025-01-30T15:45:00-05:00,2025-01-31T09:30:00-05:00,51,47.43555000,44.57060280,-146.11230720,-54.06155366,ATR_STOP,-1.01181463
TSLQ,2025-01-30T15:45:00-05:00,2025-01-31T09:30:00-05:00,6,76.91764500,72.65891330,-25.55239022,-9.45438438,ATR_STOP,-1.01297158
TWLO,2025-01-28T10:15:00-05:00,2025-01-31T09:45:00-05:00,1,145.18881000,149.20722251,4.01841251,1.48681263,ATR_STOP,0.92610366
QS,2025-01-31T09:45:00-05:00,2025-01-31T11:00:00-05:00,525,5.38393493,5.39242920,4.45949307,1.65001243,ATR_STOP,0.05641692
JMIA,2025-01-30T15:30:00-05:00,2025-01-31T13:15:00-05:00,1,4.23817625,4.12666421,-0.11151204,-0.04125945,ATR_STOP,-1.02856919
CLOV,2025-01-31T09:45:00-05:00,2025-01-31T13:30:00-05:00,13,4.53840125,4.42673431,-1.45167016,-0.53711796,ATR_STOP,-1.03066649
APPS,2025-01-31T12:30:00-05:00,2025-02-03T09:30:00-05:00,1075,2.63197250,2.47814000,-165.36993750,-61.18687688,STOP_GAP,-1.58786068
SLS,2025-01-31T15:00:00-05:00,2025-02-03T09:30:00-05:00,136,1.56617375,1.75882251,26.20023172,9.69408574,ATR_TARGET,1.98638847
BBBY,2025-02-03T09:30:00-05:00,2025-02-03T10:30:00-05:00,329,8.27620250,8.35357872,25.45677752,9.41900768,ATR_STOP,0.25712173
DDD,2025-02-03T09:45:00-05:00,2025-02-04T09:45:00-05:00,62,3.71278250,4.02713013,19.48955277,7.21113453,ATR_TARGET,1.98095212
APPS,2025-02-03T14:45:00-05:00,2025-02-04T11:15:00-05:00,4,2.58693875,2.47189362,-0.46018052,-0.17026679,ATR_STOP,-1.01639115
SEDG,2025-02-03T11:30:00-05:00,2025-02-04T12:45:00-05:00,200,13.65023000,13.96696114,63.34622808,23.43810439,ATR_STOP,0.51052106
BBBY,2025-02-04T13:00:00-05:00,2025-02-04T15:30:00-05:00,301,8.67650250,9.60189661,278.54362620,103.06114169,ATR_TARGET,1.98454467
YINN,2025-02-04T10:00:00-05:00,2025-02-05T09:30:00-05:00,7,32.63645900,31.55631500,-7.56100800,-2.79757296,STOP_GAP,-1.12081761
ASTS,2025-02-05T09:30:00-05:00,2025-02-05T11:00:00-05:00,128,23.21740000,24.69937134,189.69233209,70.18616287,ATR_TARGET,1.97529049
IAUX,2025-02-05T10:00:00-05:00,2025-02-05T13:45:00-05:00,82,0.58924160,0.57291059,-1.33914285,-0.49548286,ATR_STOP,-1.02704266
IVVD,2025-02-05T13:15:00-05:00,2025-02-05T15:15:00-05:00,4,1.52103993,1.94137730,1.68134949,0.62209931,ATR_TARGET,1.99309083
APPS,2025-02-05T12:00:00-05:00,2025-02-06T09:30:00-05:00,1214,2.54110440,3.19760000,796.98565840,294.88469361,TARGET_GAP,7.51242390
SOXL,2025-02-05T15:30:00-05:00,2025-02-06T09:30:00-05:00,1,27.93093250,27.14962250,-0.78131000,-0.28908470,STOP_GAP,-1.36191885
TSLZ,2025-02-05T09:45:00-05:00,2025-02-06T09:30:00-05:00,3,50.73802500,54.95857897,12.66166190,4.68481490,ATR_TARGET,1.98064206
BBBY,2025-02-05T15:30:00-05:00,2025-02-06T09:30:00-05:00,2,9.16186625,10.02037766,1.71702281,0.63529844,ATR_TARGET,1.98263131
BBBY,2025-02-06T09:45:00-05:00,2025-02-06T10:30:00-05:00,16,9.78733500,9.23181392,-8.88833731,-3.28868480,ATR_STOP,-1.01263062
PLTR,2025-02-06T09:45:00-05:00,2025-02-06T15:30:00-05:00,34,104.12803750,109.83469507,194.02635729,71.78975220,ATR_TARGET,1.97151961
KC,2025-02-06T13:30:00-05:00,2025-02-07T09:30:00-05:00,8,17.53314000,16.79299006,-5.92119955,-2.19084383,ATR_STOP,-1.01732427
SOXL,2025-02-07T09:30:00-05:00,2025-02-07T09:45:00-05:00,1,27.89090250,27.24378447,-0.64711803,-0.23943367,ATR_STOP,-1.03262990
ASTS,2025-02-07T09:45:00-05:00,2025-02-07T10:00:00-05:00,5,28.22615375,27.03787548,-5.94139137,-2.19831481,ATR_STOP,-1.01737491
PLTR,2025-02-06T15:45:00-05:00,2025-02-07T10:15:00-05:00,33,110.01244750,111.34325331,43.91659180,16.24913897,ATR_STOP,0.58989476
RIVN,2025-02-04T10:15:00-05:00,2025-02-07T10:45:00-05:00,1,12.84963000,12.52014907,-0.32948093,-0.12190794,ATR_STOP,-1.02935844
NXE,2025-02-07T10:00:00-05:00,2025-02-07T10:45:00-05:00,6,6.65498750,6.52402051,-0.78580195,-0.29074672,ATR_STOP,-1.03884093
IVVD,2025-02-07T11:30:00-05:00,2025-02-10T09:30:00-05:00,559,2.29171750,1.95959790,-185.65485740,-68.69229724,ATR_STOP,-1.00444823
TSLQ,2025-02-07T14:30:00-05:00,2025-02-10T09:30:00-05:00,28,91.47855750,97.45959143,167.46895014,61.96351155,ATR_TARGET,1.97583504
IAUX,2025-02-07T15:45:00-05:00,2025-02-10T09:30:00-05:00,13,0.58043500,0.59940894,0.24666121,0.09126465,ATR_TARGET,1.95367607
RIVN,2025-02-10T09:45:00-05:00,2025-02-11T09:30:00-05:00,289,12.74455125,12.78040750,10.36245625,3.83410881,STOP_GAP,0.14741266
BE,2025-02-10T09:45:00-05:00,2025-02-11T09:30:00-05:00,6,24.81359625,24.52159500,-1.75200750,-0.64824278,STOP_GAP,-0.46825069
MVST,2025-02-11T09:30:00-05:00,2025-02-11T10:00:00-05:00,133,1.67125250,1.77108284,13.27743512,4.91265099,ATR_TARGET,1.97371859
APPS,2025-02-10T12:00:00-05:00,2025-02-11T11:00:00-05:00,1,5.11503340,5.26181085,0.14677745,0.05430766,ATR_STOP,0.34773472
PLTR,2025-02-11T09:30:00-05:00,2025-02-11T11:15:00-05:00,31,116.63741250,114.16419264,-76.66981566,-28.36783180,ATR_STOP,-1.03588953
JMIA,2025-02-04T11:45:00-05:00,2025-02-11T11:45:00-05:00,2,4.05303750,3.93066701,-0.24474097,-0.09055416,ATR_STOP,-1.02470446
BEKE,2025-02-11T12:15:00-05:00,2025-02-12T09:30:00-05:00,187,19.54965125,21.02422000,275.74435625,102.02541181,TARGET_GAP,3.95893125
AFRM,2025-02-11T11:00:00-05:00,2025-02-12T10:00:00-05:00,2,78.14266308,75.37225461,-5.54081694,-2.05010227,ATR_STOP,-1.02084562
CLOV,2025-02-12T10:45:00-05:00,2025-02-12T11:00:00-05:00,1,4.57843125,4.47004722,-0.10838403,-0.04010209,ATR_STOP,-1.03194406
GDS,2025-02-12T09:30:00-05:00,2025-02-12T11:30:00-05:00,112,33.83535750,34.26535913,48.16018213,17.81926739,ATR_STOP,0.38791860
IAUX,2025-02-12T09:45:00-05:00,2025-02-12T15:45:00-05:00,1,0.61546125,0.64345810,0.02799685,0.01035883,ATR_TARGET,1.96608433
YINN,2025-02-12T10:30:00-05:00,2025-02-12T15:45:00-05:00,4,37.13783250,37.91390151,3.10427605,1.14858214,ATR_STOP,0.92064192
INTC,2025-02-12T09:45:00-05:00,2025-02-13T09:30:00-05:00,1,21.56616250,22.82287000,1.25670750,0.46498177,TARGET_GAP,2.18198418
KC,2025-02-12T09:45:00-05:00,2025-02-13T09:30:00-05:00,1,17.59318500,17.01722750,-0.57595750,-0.21310428,STOP_GAP,-1.19701581
MVST,2025-02-13T09:45:00-05:00,2025-02-13T09:45:00-05:00,4,2.04153000,1.93376303,-0.43106787,-0.15949511,ATR_STOP,-1.01365191
SOXL,2025-02-13T09:30:00-05:00,2025-02-13T13:15:00-05:00,5,27.51061750,27.79646584,1.42924171,0.52881943,ATR_STOP,0.52495464
AMC,2025-02-12T11:45:00-05:00,2025-02-14T10:15:00-05:00,1105,3.46119395,3.53169878,77.90783680,28.82589962,ATR_STOP,0.60363724
CLOV,2025-02-14T12:00:00-05:00,2025-02-14T12:30:00-05:00,6,4.57102570,4.48460694,-0.51851257,-0.19184965,ATR_STOP,-1.04052820
BE,2025-02-13T14:45:00-05:00,2025-02-18T09:30:00-05:00,5,24.57842000,25.19661292,3.09096460,1.14365690,ATR_STOP,1.11103842
MVST,2025-02-13T15:30:00-05:00,2025-02-18T09:30:00-05:00,7,2.01651125,2.17770939,1.12838701,0.41750319,ATR_TARGET,1.97992408
TSLZ,2025-02-14T11:15:00-05:00,2025-02-18T09:30:00-05:00,6,59.54462500,56.74626385,-16.79016689,-6.21236175,ATR_STOP,-1.01545544
ACHR,2025-02-14T13:45:00-05:00,2025-02-18T09:30:00-05:00,2,10.22266125,11.20665726,1.96799201,0.72815705,ATR_TARGET,1.98304869
IAUX,2025-02-18T09:45:00-05:00,2025-02-18T10:00:00-05:00,736,0.70292680,0.75110704,35.46065782,13.12044339,ATR_TARGET,1.97686882
DDD,2025-02-13T13:00:00-05:00,2025-02-18T14:00:00-05:00,2,4.67350250,4.48795583,-0.37109333,-0.13730453,ATR_STOP,-1.01849010
BTE,2025-02-18T10:30:00-05:00,2025-02-19T10:00:00-05:00,17,2.51188250,2.54054788,0.48731147,0.18030524,ATR_STOP,0.48364324
IAUX,2025-02-18T15:45:00-05:00,2025-02-19T10:30:00-05:00,14,0.77027728,0.74956765,-0.28993475,-0.10727586,ATR_STOP,-1.02792460
VISN,2025-02-19T11:15:00-05:00,2025-02-19T15:45:00-05:00,3,5.22441538,5.46874262,0.73298173,0.27120324,ATR_TARGET,1.96695565
APP,2025-02-14T10:30:00-05:00,2025-02-20T09:30:00-05:00,7,498.75288433,472.05442039,-186.88924754,-69.14902159,ATR_STOP,-1.01344915
MRNA,2025-02-19T10:30:00-05:00,2025-02-20T09:30:00-05:00,1,36.58742000,35.01498399,-1.57243601,-0.58180132,ATR_STOP,-1.01699762
SOXL,2025-02-20T09:45:00-05:00,2025-02-20T09:45:00-05:00,105,32.35424750,31.46116408,-93.77375891,-34.69629080,ATR_STOP,-1.02715860
NIO,2025-02-20T09:45:00-05:00,2025-02-20T09:45:00-05:00,2,4.48566173,4.40260310,-0.16611725,-0.06146338,ATR_STOP,-1.04143269
VISN,2025-02-20T09:30:00-05:00,2025-02-20T10:15:00-05:00,3,5.46409500,5.34135827,-0.36821020,-0.13623778,ATR_STOP,-1.03376655
IAUX,2025-02-20T10:00:00-05:00,2025-02-21T09:30:00-05:00,4307,0.77808312,0.83007697,223.93751195,82.85687942,TARGET_GAP,2.33382828
BTE,2025-02-20T15:15:00-05:00,2025-02-21T09:30:00-05:00,6,2.56362128,2.51361270,-0.30005144,-0.11101903,ATR_STOP,-1.03920507
INTC,2025-02-21T09:30:00-05:00,2025-02-21T11:00:00-05:00,134,25.97947000,25.35171954,-84.11856186,-31.12386789,ATR_STOP,-1.03125901
QS,2025-02-21T09:45:00-05:00,2025-02-21T12:00:00-05:00,1,5.35901625,5.23733117,-0.12168508,-0.04502348,ATR_STOP,-1.03338266
KC,2025-02-21T09:45:00-05:00,2025-02-21T14:15:00-05:00,1,21.55615500,20.65154016,-0.90461484,-0.33470749,ATR_STOP,-1.01743339
TSLZ,2025-02-21T11:45:00-05:00,2025-02-24T09:30:00-05:00,56,61.28593000,62.18678158,50.44768835,18.66564469,ATR_STOP,0.41459447
ALB,2025-02-18T10:15:00-05:00,2025-02-24T09:45:00-05:00,6,82.53185250,80.59761874,-11.60540254,-4.29399894,ATR_STOP,-1.03228494
IAUX,2025-02-21T15:00:00-05:00,2025-02-24T09:45:00-05:00,31,0.82421770,0.80834501,-0.49205353,-0.18205981,ATR_STOP,-1.03974286
SEDG,2025-02-24T09:45:00-05:00,2025-02-24T14:30:00-05:00,193,17.90341750,18.42230670,100.14561556,37.05387776,ATR_STOP,0.76805691
TSLQ,2025-02-25T09:30:00-05:00,2025-02-25T09:45:00-05:00,35,109.55210250,117.13766529,265.49469763,98.23303812,ATR_TARGET,1.97708493
NIO,2025-02-25T09:45:00-05:00,2025-02-25T10:00:00-05:00,46,4.47835625,4.37707761,-4.65881750,-1.72376248,ATR_STOP,-1.03352545
YINN,2025-02-25T11:00:00-05:00,2025-02-26T09:30:00-05:00,96,42.02149250,45.81561250,364.23552000,134.76714240,TARGET_GAP,3.33509555
SEDG,2025-02-26T09:45:00-05:00,2025-02-26T13:30:00-05:00,218,19.60469250,18.80309843,-174.74750825,-64.65657805,ATR_STOP,-1.01792158
VISN,2025-02-27T09:30:00-05:00,2025-02-27T09:30:00-05:00,654,6.28471000,6.01347481,-177.38781180,-65.63349036,ATR_STOP,-1.01692210
NIO,2025-02-26T12:45:00-05:00,2025-02-27T09:45:00-05:00,6,4.69852125,4.75143375,0.31747500,0.11746575,STOP_GAP,0.41119422
TSLQ,2025-02-26T10:30:00-05:00,2025-02-27T10:15:00-05:00,1,131.37846000,135.33821724,3.95975724,1.46511018,ATR_STOP,0.51033030
SEDG,2025-02-27T11:30:00-05:00,2025-02-27T15:15:00-05:00,5,18.81610150,18.04540732,-3.85347089,-1.42578423,ATR_STOP,-1.01788842
FLNA,2025-02-27T10:30:00-05:00,2025-02-28T09:30:00-05:00,1563,2.60195000,2.47153688,-203.83571174,-75.41921334,ATR_STOP,-1.01442962
VISN,2025-03-03T14:45:00-05:00,2025-03-03T15:15:00-05:00,5,6.36477000,6.18647568,-0.89147160,-0.32984449,ATR_STOP,-1.02673949
BEKE,2025-03-04T09:30:00-05:00,2025-03-04T09:45:00-05:00,1,22.31672500,22.27328250,-0.04344250,-0.01607373,STOP_GAP,-0.17040750
TSLZ,2025-03-03T13:00:00-05:00,2025-03-04T09:45:00-05:00,32,82.86210000,95.07146976,390.69983236,144.55893797,ATR_TARGET,1.98837901
TSLQ,2025-03-03T13:00:00-05:00,2025-03-04T09:45:00-05:00,10,135.07122750,154.51199825,194.40770749,71.93085177,ATR_TARGET,1.98814005
ADMA,2025-03-11T09:45:00-04:00,2025-03-12T09:30:00-04:00,251,16.97272000,18.06422378,273.96744900,101.36795613,ATR_TARGET,1.97546140
BE,2025-03-11T12:00:00-04:00,2025-03-12T09:45:00-04:00,4,24.44331875,24.89327429,1.79982217,0.66593420,ATR_STOP,0.40171179
NVTS,2025-03-11T14:45:00-04:00,2025-03-12T09:45:00-04:00,1,2.50377643,2.51884842,0.01507199,0.00557664,ATR_STOP,0.13999719
AMD,2025-03-12T12:00:00-04:00,2025-03-13T09:45:00-04:00,1,100.50532250,98.25638211,-2.24894039,-0.83210794,ATR_STOP,-1.03390394
ADMA,2025-03-12T09:45:00-04:00,2025-03-17T12:00:00-04:00,247,17.94344750,19.17442451,304.05132038,112.49898854,ATR_TARGET,1.97688779
CCJ,2025-03-20T09:45:00-04:00,2025-03-20T12:15:00-04:00,103,44.73352500,44.99890968,27.33462187,10.11381009,ATR_STOP,0.33796085
BE,2025-03-20T10:00:00-04:00,2025-03-21T09:30:00-04:00,2,25.71927500,24.71767223,-2.00320554,-0.74118605,ATR_STOP,-1.01887204
CAPR,2025-03-20T14:15:00-04:00,2025-03-21T09:30:00-04:00,318,14.51087500,13.78040597,-232.28915004,-85.94698552,ATR_STOP,-1.01436285
RIVN,2025-03-21T09:45:00-04:00,2025-03-21T12:15:00-04:00,407,11.03827250,11.50322558,189.23590357,70.01728432,ATR_TARGET,1.96353829
TSLT,2025-03-21T09:45:00-04:00,2025-03-24T09:30:00-04:00,3,11.68876000,13.20009250,4.53399750,1.67757907,TARGET_GAP,2.82772379
TSLL,2025-03-21T09:45:00-04:00,2025-03-24T09:30:00-04:00,1,8.55871423,9.69772125,1.13900702,0.42143260,TARGET_GAP,2.74710165
INTC,2025-03-21T12:30:00-04:00,2025-03-24T09:45:00-04:00,189,24.39508260,24.48770409,17.50546245,6.47702111,ATR_STOP,0.21303914
LUMN,2025-03-24T09:45:00-04:00,2025-03-24T12:15:00-04:00,9,5.04378000,4.92344493,-1.08301567,-0.40071580,ATR_STOP,-1.03168179
TNYA,2025-03-24T12:30:00-04:00,2025-03-25T09:45:00-04:00,65,0.69522103,0.66972703,-1.65710981,-0.61313063,ATR_STOP,-1.02011387
PRCH,2025-03-25T10:15:00-04:00,2025-03-25T10:30:00-04:00,6,7.20039625,7.70041621,3.00011978,1.11004432,ATR_TARGET,1.97714650
QUBT,2025-03-25T11:00:00-04:00,2025-03-25T11:30:00-04:00,5,8.91167875,8.46930486,-2.21186943,-0.81839169,ATR_STOP,-1.01457912
AMC,2025-03-25T12:45:00-04:00,2025-03-25T14:45:00-04:00,1,3.09782162,3.05407128,-0.04375034,-0.01618763,ATR_STOP,-1.05529135
HIVE,2025-03-26T09:30:00-04:00,2025-03-26T10:15:00-04:00,2,1.79134250,1.74023499,-0.10221502,-0.03781956,ATR_STOP,-1.02622732
VISN,2025-03-25T12:00:00-04:00,2025-03-26T11:30:00-04:00,7,5.83937625,5.71029988,-0.90353459,-0.33430780,ATR_STOP,-1.03434510
CLOV,2025-03-24T10:15:00-04:00,2025-03-26T12:15:00-04:00,1208,3.82826905,3.73229072,-115.94182271,-42.89847440,ATR_STOP,-1.03006449
QS,2025-03-26T15:00:00-04:00,2025-03-26T15:15:00-04:00,986,4.62346500,4.53986237,-82.43219802,-30.49991327,ATR_STOP,-1.04248949
SOFI,2025-03-26T15:45:00-04:00,2025-03-27T09:30:00-04:00,342,13.16987000,12.60054250,-194.71000500,-72.04270185,STOP_GAP,-2.46809377
TSLR,2025-03-27T09:45:00-04:00,2025-03-27T10:45:00-04:00,249,17.35300500,19.09904602,434.76421311,158.82025265,ATR_TARGET,1.98371367
TSLT,2025-03-27T09:45:00-04:00,2025-03-27T11:30:00-04:00,9,15.01125000,15.62940995,5.56343953,2.05847263,ATR_STOP,0.78966745
RIVN,2025-03-27T11:00:00-04:00,2025-03-28T09:30:00-04:00,357,12.87464875,12.43822178,-155.80442908,-57.64763876,ATR_STOP,-1.02185872
BBBY,2025-03-27T14:45:00-04:00,2025-03-28T09:30:00-04:00,24,5.73429750,5.52125304,-5.11306704,-1.89183481,ATR_STOP,-1.01983743
ADMA,2025-04-15T09:45:00-04:00,2025-04-15T09:45:00-04:00,1,21.56616250,20.77004403,-0.79611847,-0.29456384,ATR_STOP,-1.01997263
IAUX,2025-04-15T09:45:00-04:00,2025-04-15T10:15:00-04:00,15,0.63407520,0.61260226,-0.32209407,-0.11917481,ATR_STOP,-1.02188138
CCJ,2025-04-15T09:45:00-04:00,2025-04-15T12:45:00-04:00,108,41.80633125,41.03948733,-82.81914357,-30.64308312,ATR_STOP,-1.04184918
NIO,2025-04-15T14:45:00-04:00,2025-04-16T09:30:00-04:00,1229,3.63272250,3.44741250,-227.74599000,-84.26601630,STOP_GAP,-2.74098258
AMC,2025-04-15T15:00:00-04:00,2025-04-16T11:15:00-04:00,9,2.91718625,2.86381853,-0.48030949,-0.17771451,ATR_STOP,-1.04196700
RIVN,2025-04-16T11:30:00-04:00,2025-04-16T13:30:00-04:00,2,12.10407125,11.81337565,-0.58139119,-0.21511474,ATR_STOP,-1.03146122
CLOV,2025-04-16T09:30:00-04:00,2025-04-16T13:45:00-04:00,1163,3.71278250,3.64262826,-81.58937681,-30.18806942,ATR_STOP,-1.04055196
IAUX,2025-04-16T09:45:00-04:00,2025-04-17T10:00:00-04:00,7,0.62426785,0.60134632,-0.16045069,-2.45597965,ATR_STOP,-1.02008654
STX,2025-04-17T09:30:00-04:00,2025-04-17T14:30:00-04:00,1,73.54511750,76.14663529,2.60151779,0.96256158,ATR_TARGET,1.95700645
AFRM,2025-04-17T09:30:00-04:00,2025-04-21T09:30:00-04:00,104,40.75054000,41.26902500,53.92244000,19.95130280,STOP_GAP,0.48227460
HIVE,2025-04-15T15:45:00-04:00,2025-04-21T10:15:00-04:00,1,1.45108750,1.53957915,0.08849165,0.03274191,ATR_TARGET,1.97422003
PLTR,2025-04-21T09:45:00-04:00,2025-04-21T10:45:00-04:00,45,94.88110750,92.27245659,-117.38929102,-43.43403768,ATR_STOP,-1.02727275
HIVE,2025-04-21T10:30:00-04:00,2025-04-21T12:45:00-04:00,1,1.55116250,1.48521596,-0.06594654,-0.02440022,ATR_STOP,-1.01719447
BIDU,2025-04-21T14:15:00-04:00,2025-04-22T09:30:00-04:00,50,82.57188250,83.88703750,65.75775000,24.33036750,TARGET_GAP,2.05196281
QS,2025-04-21T14:45:00-04:00,2025-04-22T10:15:00-04:00,18,3.80274993,3.84484131,0.75764492,0.28032862,ATR_STOP,0.57715930
MVST,2025-04-22T09:30:00-04:00,2025-04-22T10:30:00-04:00,1993,2.09156750,2.13495182,86.46495684,31.99203403,ATR_STOP,0.49207091
IAUX,2025-04-21T09:45:00-04:00,2025-04-22T14:00:00-04:00,144,0.62666965,0.60633104,-2.92875981,-1.08364113,ATR_STOP,-1.02288778
BTE,2025-04-23T09:45:00-04:00,2025-04-23T10:15:00-04:00,2505,1.73129750,1.67787837,-133.81492607,-49.51152265,ATR_STOP,-1.02414415
ABCL,2025-04-23T09:45:00-04:00,2025-04-23T11:15:00-04:00,17,2.64047888,2.55334301,-1.48130973,-0.54808460,ATR_STOP,-1.02248835
RIVN,2025-04-23T10:30:00-04:00,2025-04-24T09:30:00-04:00,350,12.15020583,11.75423117,-138.59112890,-53.91743231,ATR_STOP,-1.02278764
NXE,2025-04-23T13:15:00-04:00,2025-04-24T15:00:00-04:00,8,4.97372750,5.07801507,0.83430059,0.30869122,ATR_STOP,0.81449420
MRNA,2025-04-24T15:45:00-04:00,2025-04-25T09:30:00-04:00,1,27.27594163,26.80987750,-0.46606413,-0.17244373,STOP_GAP,-1.15033101
PRME,2025-04-23T14:15:00-04:00,2025-04-25T09:30:00-04:00,2,1.79634625,1.70736593,-0.17796065,-0.06584544,ATR_STOP,-1.01461234
EOSE,2025-04-24T09:45:00-04:00,2025-04-25T09:30:00-04:00,842,4.94870875,4.77927734,-142.66124887,-52.78466208,ATR_STOP,-1.02162962
TSLA,2025-04-25T09:45:00-04:00,2025-04-25T10:30:00-04:00,15,263.67761000,273.76218806,151.26867092,55.96940824,ATR_TARGET,1.96006323
TSLR,2025-04-25T09:45:00-04:00,2025-04-25T10:30:00-04:00,8,14.34074750,15.34457159,8.03059272,2.97131931,ATR_TARGET,1.97731390
TSLL,2025-04-25T09:45:00-04:00,2025-04-25T10:30:00-04:00,1,9.02676500,9.69710585,0.67034085,0.24802611,ATR_TARGET,1.97851806
ABCL,2025-04-25T09:30:00-04:00,2025-04-25T12:45:00-04:00,17,2.56192000,2.57934616,0.29624471,0.10961054,ATR_STOP,0.31338930
BLNK,2025-04-25T12:30:00-04:00,2025-04-25T13:45:00-04:00,1,0.80730503,0.78248479,-0.02482023,-0.00918349,ATR_STOP,-1.02423579
MRNA,2025-04-25T10:45:00-04:00,2025-04-25T15:15:00-04:00,151,27.62070000,27.00143667,-93.50876258,-34.59824216,ATR_STOP,-1.03383368
CSIQ,2025-04-25T15:30:00-04:00,2025-04-28T09:30:00-04:00,363,11.33349375,10.47713625,-310.85777250,-115.01737582,STOP_GAP,-1.72576235
EOSE,2025-04-25T13:15:00-04:00,2025-04-28T09:30:00-04:00,8,5.02876875,5.34504074,2.53017590,0.93616508,ATR_TARGET,1.97494853
NVTS,2025-04-24T09:45:00-04:00,2025-04-28T09:45:00-04:00,14,1.95146250,2.00177187,0.70433115,0.26060252,ATR_STOP,0.63060709
HIVE,2025-04-25T11:15:00-04:00,2025-04-28T09:45:00-04:00,6,1.78133500,1.71991493,-0.36852044,-0.13635256,ATR_STOP,-1.02146885
RIVN,2025-04-28T09:30:00-04:00,2025-04-28T11:00:00-04:00,306,12.77957750,12.80925426,9.08108943,3.36000309,ATR_STOP,0.12522482
MRNA,2025-04-29T09:45:00-04:00,2025-04-29T10:15:00-04:00,141,27.97096250,27.37577851,-83.92094280,-31.05074883,ATR_STOP,-1.03575693
HIVE,2025-04-29T10:45:00-04:00,2025-04-29T11:15:00-04:00,2204,1.76632375,1.70354609,-138.36196276,-51.19392622,ATR_STOP,-1.02079087
ACHR,2025-04-29T09:45:00-04:00,2025-04-29T13:00:00-04:00,7,8.62646500,8.70417285,0.54395498,0.20126334,ATR_STOP,0.37569565
ABCL,2025-04-29T12:30:00-04:00,2025-04-29T15:30:00-04:00,1,2.63107183,2.55863252,-0.07243930,-0.02680254,ATR_STOP,-1.02723263
BTU,2025-04-29T11:45:00-04:00,2025-04-29T15:45:00-04:00,299,12.71452875,12.79124060,22.93684369,8.48663217,ATR_STOP,0.31497452
SEDG,2025-04-29T14:00:00-04:00,2025-04-30T09:30:00-04:00,4,13.04577700,12.18085750,-3.45967800,-1.28008086,STOP_GAP,-2.46599156
QS,2025-04-29T14:45:00-04:00,2025-04-30T09:30:00-04:00,2,3.99799625,3.81713500,-0.36172250,-0.13383732,STOP_GAP,-2.46307563
EOSE,2025-05-13T09:45:00-04:00,2025-05-13T15:45:00-04:00,13,6.71503250,6.81460505,1.29444319,-5.00307523,ATR_STOP,0.38145549
BTE,2025-05-13T10:45:00-04:00,2025-05-13T15:45:00-04:00,1,1.83137250,1.94781699,0.11644449,0.04308446,ATR_TARGET,1.97520137
SOFI,2025-05-14T09:45:00-04:00,2025-05-14T09:45:00-04:00,6,14.62095750,14.33384775,-1.72265850,-0.63738364,ATR_STOP,-1.03893036
NIO,2025-05-14T09:45:00-04:00,2025-05-15T09:30:00-04:00,2,4.17392810,4.05695500,-0.23394620,-0.08656009,STOP_GAP,-1.66907659
QS,2025-05-13T09:45:00-04:00,2025-05-15T09:30:00-04:00,894,4.31823625,4.22915229,-79.64105763,-31.52103350,ATR_STOP,-1.03694862
AMC,2025-05-14T10:15:00-04:00,2025-05-15T09:30:00-04:00,31,2.79709625,2.73717368,-1.85759961,-0.68731186,ATR_STOP,-1.03550176
AAOI,2025-05-15T09:45:00-04:00,2025-05-15T10:00:00-04:00,196,19.43456500,18.66469863,-150.89380828,-55.83070906,ATR_STOP,-1.01853396
RIVN,2025-05-15T09:45:00-04:00,2025-05-15T13:30:00-04:00,8,15.09131000,15.18864811,0.77870492,0.28812082,ATR_STOP,0.27960484
QUBT,2025-05-15T09:45:00-04:00,2025-05-16T09:30:00-04:00,1,9.13684750,10.52210250,1.38525500,0.51254435,TARGET_GAP,3.03377724
BBBY,2025-05-15T10:15:00-04:00,2025-05-16T09:30:00-04:00,171,5.75431250,6.21235906,78.32596109,28.98060560,ATR_TARGET,1.97984581
AMC,2025-05-15T14:15:00-04:00,2025-05-16T10:45:00-04:00,44,2.77708125,2.87103056,4.13376965,1.52949477,ATR_TARGET,1.95515515
QS,2025-05-16T11:00:00-04:00,2025-05-16T13:00:00-04:00,28,4.40830375,4.61364885,5.74966285,2.12737526,ATR_TARGET,1.96683235
HIVE,2025-05-16T09:45:00-04:00,2025-05-16T14:00:00-04:00,547,1.91643625,2.05132824,73.78591896,27.30079002,ATR_TARGET,1.97742971
PRCH,2025-05-16T14:15:00-04:00,2025-05-19T09:30:00-04:00,114,10.72303625,10.30226750,-47.96763750,-17.74802587,STOP_GAP,-1.25724699
MVST,2025-05-15T10:15:00-04:00,2025-05-19T13:30:00-04:00,842,3.24152933,3.38412219,120.06318977,44.42338022,ATR_STOP,0.64524570
TNYA,2025-05-19T13:30:00-04:00,2025-05-19T15:45:00-04:00,10,0.46715010,0.47615294,0.09002843,0.03331052,ATR_STOP,0.38864856
CAPR,2025-05-19T09:45:00-04:00,2025-05-20T09:30:00-04:00,9,9.61220375,10.85185500,11.15686125,4.12803866,TARGET_GAP,2.18616341
RIVN,2025-05-19T14:15:00-04:00,2025-05-20T09:45:00-04:00,172,16.30551997,16.93862700,108.89440828,40.29093106,ATR_TARGET,1.96062836
BBBY,2025-05-20T10:15:00-04:00,2025-05-20T11:45:00-04:00,2,6.91017875,6.63726357,-0.54583036,-0.20195723,ATR_STOP,-1.01859299
APPS,2025-05-20T12:15:00-04:00,2025-05-20T15:00:00-04:00,3,4.83362250,4.67264911,-0.48292016,-0.17868046,ATR_STOP,-1.02227218
APP,2025-05-19T09:45:00-04:00,2025-05-21T09:30:00-04:00,3,367.27525000,359.41024000,-23.59503000,-8.73016110,STOP_GAP,-1.08697633
VSXY,2025-05-20T10:15:00-04:00,2025-05-21T09:30:00-04:00,121,23.62270375,22.62302000,-120.96173375,-44.75584149,STOP_GAP,-1.57961016
SLS,2025-05-20T15:15:00-04:00,2025-05-21T09:30:00-04:00,8,1.88641375,2.04846250,1.29639000,0.47966430,TARGET_GAP,2.79456657
MVST,2025-05-20T09:30:00-04:00,2025-05-21T09:30:00-04:00,27,3.59269250,3.67815264,2.30742372,0.85374678,ATR_STOP,0.47725741
IAUX,2025-05-21T09:30:00-04:00,2025-05-21T09:30:00-04:00,7132,0.54040500,0.55140994,78.48724924,29.04028222,ATR_TARGET,1.92751121
MU,2025-05-21T09:45:00-04:00,2025-05-21T13:15:00-04:00,39,98.61390500,97.42721236,-46.28101304,-17.12397482,ATR_STOP,-1.06566756
EVLV,2025-05-21T09:45:00-04:00,2025-05-21T13:15:00-04:00,27,5.82436500,5.89867193,2.00628714,0.74232624,ATR_STOP,0.30791781
AMC,2025-05-21T09:30:00-04:00,2025-05-21T13:30:00-04:00,10,2.99224250,2.92340782,-0.68834682,-0.25468833,ATR_STOP,-1.03292596
ADMA,2025-05-28T10:15:00-04:00,2025-05-28T11:45:00-04:00,5,20.06503750,19.69281385,-1.86111826,-0.68861376,ATR_STOP,-1.04135120
PLUG,2025-05-28T11:45:00-04:00,2025-05-28T12:45:00-04:00,1,0.86825070,0.88634827,0.01809757,0.00669610,ATR_STOP,0.50423739
ABCL,2025-05-28T13:15:00-04:00,2025-05-29T09:30:00-04:00,48,2.05654125,2.00521787,-2.46352239,-0.91150328,ATR_STOP,-1.03021060
NXE,2025-05-28T09:45:00-04:00,2025-05-29T09:45:00-04:00,602,6.43982625,6.30413896,-81.68374611,-30.22298606,ATR_STOP,-1.03613173
BBBY,2025-05-29T09:45:00-04:00,2025-05-29T12:15:00-04:00,14,6.90517500,6.62953754,-3.85892442,-1.42780204,ATR_STOP,-1.01838416
VUZI,2025-05-29T10:45:00-04:00,2025-05-29T12:15:00-04:00,1004,3.16237000,2.96985507,-193.28499192,-71.51544701,ATR_STOP,-1.01171429
MVST,2025-05-28T11:00:00-04:00,2025-05-29T13:30:00-04:00,4,4.01300750,3.84048514,-0.69008945,-0.25533310,ATR_STOP,-1.01699203
MRNA,2025-05-29T11:00:00-04:00,2025-05-30T09:30:00-04:00,24,26.91557155,26.25648276,-15.81813093,-5.85270844,ATR_STOP,-1.03082219
VISN,2025-05-29T15:45:00-04:00,2025-05-30T09:30:00-04:00,503,6.29461743,6.17032741,-62.51787548,-23.13161393,ATR_STOP,-1.03870354
VUZI,2025-05-30T09:45:00-04:00,2025-05-30T09:45:00-04:00,940,3.22241500,3.02567162,-184.93877870,-68.42734812,ATR_STOP,-1.01167753
AMC,2025-05-30T10:15:00-04:00,2025-05-30T12:00:00-04:00,62,3.52764375,3.39623639,-8.14725642,-3.01448487,ATR_STOP,-1.01978211
STX,2025-05-30T10:15:00-04:00,2025-05-30T12:30:00-04:00,29,118.37871750,116.96620539,-40.96285105,-15.15625489,ATR_STOP,-1.06627090
AMC,2025-05-30T14:15:00-04:00,2025-06-02T10:00:00-04:00,995,3.53264750,3.40742812,-124.59327928,-46.09951333,ATR_STOP,-1.02084991
JMIA,2025-05-30T15:30:00-04:00,2025-06-02T10:00:00-04:00,32,3.28746375,3.18815357,-3.17792583,-1.17583256,ATR_STOP,-1.02469023
ABCL,2025-06-02T11:15:00-04:00,2025-06-03T11:30:00-04:00,1630,2.11238310,2.23074260,192.92597894,71.38261221,ATR_TARGET,1.97210265
LUMN,2025-06-03T11:45:00-04:00,2025-06-03T14:45:00-04:00,1,4.01801125,4.09934919,0.08133794,0.03009504,ATR_STOP,0.87352504
IAUX,2025-06-03T09:30:00-04:00,2025-06-03T15:45:00-04:00,5,0.54540875,0.55141955,0.03005400,0.01111998,ATR_STOP,0.40523612
ABCL,2025-06-03T11:45:00-04:00,2025-06-04T09:30:00-04:00,1592,2.23667625,2.27702600,64.23680919,23.76761940,ATR_STOP,0.58424026
VUZI,2025-06-04T09:30:00-04:00,2025-06-04T09:45:00-04:00,2,3.20240000,3.06886539,-0.26706923,-0.09881561,ATR_STOP,-1.01755205
SOFI,2025-06-02T12:15:00-04:00,2025-06-04T10:00:00-04:00,7,13.64842865,13.35014174,-2.08800835,-0.77256309,ATR_STOP,-1.03475989
BLNK,2025-06-04T09:45:00-04:00,2025-06-04T10:00:00-04:00,1,0.81941410,0.79430314,-0.02511096,-0.00929106,ATR_STOP,-1.02431897
BTE,2025-06-04T09:45:00-04:00,2025-06-04T10:45:00-04:00,210,1.79634625,1.74194260,-11.42476661,-4.22716365,ATR_STOP,-1.02462393
CAPR,2025-06-04T10:15:00-04:00,2025-06-05T09:30:00-04:00,8,11.58368125,12.49062500,7.25555000,2.68455350,TARGET_GAP,1.98990389
APP,2025-06-04T09:45:00-04:00,2025-06-05T09:30:00-04:00,8,402.96199500,418.26281590,122.40656718,43.25291435,ATR_TARGET,1.95979026
PLUG,2025-06-04T10:00:00-04:00,2025-06-05T09:45:00-04:00,6,0.93920388,0.89766387,-0.24924002,-0.09221881,ATR_STOP,-1.01648679
JMIA,2025-06-04T11:00:00-04:00,2025-06-05T09:45:00-04:00,111,3.35751625,3.24889645,-12.05679766,-4.46101513,ATR_STOP,-1.02296545
SOFI,2025-06-05T09:30:00-04:00,2025-06-05T09:45:00-04:00,9,13.49011000,13.55612856,0.59416708,0.21984182,ATR_STOP,0.43748675
SOXL,2025-06-05T09:45:00-04:00,2025-06-05T09:45:00-04:00,170,19.49461000,19.02111275,-80.49453275,-29.78297712,ATR_STOP,-1.03108863
SOFI,2025-06-05T10:15:00-04:00,2025-06-05T11:00:00-04:00,11,13.83867123,14.30163331,5.09258297,1.88425570,ATR_TARGET,1.95467867
AFRM,2025-06-05T10:15:00-04:00,2025-06-05T12:45:00-04:00,65,55.46656875,56.10488646,41.49065099,15.35154087,ATR_STOP,0.65845626
SEDG,2025-06-05T13:45:00-04:00,2025-06-05T15:15:00-04:00,202,17.93344000,17.37118769,-113.57496648,-42.02273760,ATR_STOP,-1.02373968
PRME,2025-06-05T15:45:00-04:00,2025-06-06T09:30:00-04:00,90,1.39104250,1.52382257,11.95020593,4.42157619,ATR_TARGET,1.98291977
ASTS,2025-06-05T15:45:00-04:00,2025-06-09T09:30:00-04:00,113,30.41279250,33.53667744,352.99899859,130.60962948,ATR_TARGET,1.98401338
PLUG,2025-06-06T10:15:00-04:00,2025-06-09T09:45:00-04:00,1,0.96061993,1.05266069,0.09204077,0.03405508,ATR_TARGET,1.98297790
DDD,2025-06-06T09:45:00-04:00,2025-06-09T14:30:00-04:00,78,1.73129750,1.83576626,8.14856350,3.01496850,ATR_TARGET,1.97396501
IAUX,2025-06-09T10:45:00-04:00,2025-06-09T15:45:00-04:00,4,0.62696988,0.64279729,0.06330964,0.02342457,ATR_STOP,0.98324600
ABCL,2025-06-09T09:45:00-04:00,2025-06-10T09:45:00-04:00,1459,2.50687875,2.63148136,181.79521375,67.26422909,ATR_TARGET,1.96879241
MU,2025-06-10T10:00:00-04:00,2025-06-10T14:00:00-04:00,33,112.80303888,113.33622651,17.59519186,6.51022099,ATR_STOP,0.38359321
SOXL,2025-06-10T10:00:00-04:00,2025-06-10T14:00:00-04:00,2,21.10421630,21.57549552,0.94255845,0.34874663,ATR_STOP,0.91845576
TNYA,2025-06-10T12:15:00-04:00,2025-06-10T14:15:00-04:00,3,0.71803813,0.68083543,-0.11160808,-0.04129499,ATR_STOP,-1.01392713
JMIA,2025-06-09T15:00:00-04:00,2025-06-10T15:30:00-04:00,41,3.41756125,3.57481784,6.44752011,2.38558244,ATR_TARGET,1.96644829
NIO,2025-06-10T14:30:00-04:00,2025-06-11T09:30:00-04:00,1004,3.76282000,3.85854356,96.10645284,35.55938755,ATR_TARGET,1.94126769
NVTS,2025-06-10T10:15:00-04:00,2025-06-11T09:45:00-04:00,1,8.14110125,8.50128666,0.36018541,0.13326860,ATR_STOP,0.55821624
NXE,2025-06-11T09:45:00-04:00,2025-06-11T10:15:00-04:00,597,6.41981125,6.64127119,132.21158621,48.91828690,ATR_TARGET,1.95597430
IAUX,2025-06-11T09:30:00-04:00,2025-06-11T10:30:00-04:00,231,0.62496838,0.66049844,8.20744465,3.03675452,ATR_TARGET,1.97247831
IAUX,2025-06-11T10:45:00-04:00,2025-06-11T13:15:00-04:00,20,0.66379747,0.67309539,0.18595831,0.06880458,ATR_STOP,0.38049547
PLUG,2025-06-11T09:45:00-04:00,2025-06-11T13:45:00-04:00,4,1.34220590,1.40738976,0.26073543,0.09647211,ATR_STOP,0.69248366
VISN,2025-06-11T10:15:00-04:00,2025-06-11T14:00:00-04:00,1,6.30972875,6.15777916,-0.15194959,-0.05622135,ATR_STOP,-1.03137087
VSAT,2025-06-11T13:30:00-04:00,2025-06-11T14:00:00-04:00,1,11.11332875,10.79905970,-0.31426905,-0.11627955,ATR_STOP,-1.02647399
ADMA,2025-06-11T10:30:00-04:00,2025-06-12T12:45:00-04:00,179,21.83636500,21.33068710,-90.51634390,-33.49104724,ATR_STOP,-1.03269568
NVTS,2025-06-12T13:45:00-04:00,2025-06-12T14:45:00-04:00,471,8.16612000,7.75768693,-192.37197631,-71.17763123,ATR_STOP,-1.01446220
APPS,2025-06-05T11:15:00-04:00,2025-06-13T09:30:00-04:00,29,5.28896375,4.78640750,-14.57413125,-5.39242856,STOP_GAP,-1.33596963
BTE,2025-06-11T14:15:00-04:00,2025-06-13T09:30:00-04:00,12,2.00650375,2.16837250,1.94242500,0.71869725,TARGET_GAP,2.80012570
MVST,2025-06-12T14:15:00-04:00,2025-06-13T09:30:00-04:00,1,4.26819875,4.08693250,-0.18126625,-0.06706851,STOP_GAP,-1.35779691
ASTS,2025-06-11T10:45:00-04:00,2025-06-13T09:30:00-04:00,4,36.50065498,39.28532142,11.13866578,4.12130634,ATR_TARGET,1.97904442
VSAT,2025-06-12T15:30:00-04:00,2025-06-13T09:30:00-04:00,324,11.48360625,12.04899814,183.18697353,67.77918021,ATR_TARGET,1.96851332
BEKE,2025-06-13T09:45:00-04:00,2025-06-13T11:45:00-04:00,1,19.31447500,19.08697467,-0.22750033,-0.08417512,ATR_STOP,-1.06720309
PLTR,2025-06-13T09:45:00-04:00,2025-06-13T14:15:00-04:00,1,136.94263000,137.53823377,0.59560377,0.22037340,ATR_STOP,0.26285729
BTE,2025-06-13T15:15:00-04:00,2025-06-16T09:30:00-04:00,77,2.09657125,2.03105242,-5.04494989,-1.86663146,ATR_STOP,-1.02382135
IAUX,2025-06-13T09:45:00-04:00,2025-06-17T09:45:00-04:00,6003,0.66760032,0.69461697,162.18094913,60.00695118,ATR_STOP,1.18114573
KTOS,2025-06-17T10:00:00-04:00,2025-06-17T11:00:00-04:00,97,42.21163500,43.62207337,136.81252163,50.62063300,ATR_TARGET,1.95462642
EOSE,2025-06-17T10:00:00-04:00,2025-06-17T13:00:00-04:00,3,4.69852125,4.46681907,-0.69510655,-0.25718942,ATR_STOP,-1.01468200
INTC,2025-06-17T13:30:00-04:00,2025-06-17T14:15:00-04:00,92,21.28595250,20.97511701,-28.59686505,-10.58084007,ATR_STOP,-1.05334989
ABCL,2025-06-17T09:45:00-04:00,2025-06-17T14:30:00-04:00,49,3.25744125,3.14230999,-5.64143176,-2.08732975,ATR_STOP,-1.02091375
IAUX,2025-06-17T15:15:00-04:00,2025-06-18T09:30:00-04:00,9,0.71543618,0.70047525,-0.13464834,-0.04981988,ATR_STOP,-1.03642150
TPET,2025-06-17T13:15:00-04:00,2025-06-18T09:45:00-04:00,1477,1.51123257,1.79301762,416.19651706,153.99271131,ATR_TARGET,1.99049363
VSAT,2025-06-17T14:45:00-04:00,2025-06-18T11:30:00-04:00,158,13.25993750,13.35181112,14.51603248,5.37093202,ATR_STOP,0.23802939
ABCL,2025-06-24T09:45:00-04:00,2025-06-24T11:30:00-04:00,90,3.40755375,3.62101266,19.21130191,7.10818171,ATR_TARGET,1.97485578
AMD,2025-06-24T09:45:00-04:00,2025-06-25T09:30:00-04:00,32,134.40072500,140.83429500,205.87424000,76.17346880,TARGET_GAP,2.30395111
TNYA,2025-06-24T15:15:00-04:00,2025-06-25T09:30:00-04:00,1,0.62306695,0.62686631,0.00379936,0.00140576,ATR_STOP,0.16067450
BE,2025-06-25T09:30:00-04:00,2025-06-25T09:30:00-04:00,192,23.01725000,22.58979399,-82.07155331,-30.36647473,ATR_STOP,-1.04130334
BILL,2025-06-25T09:45:00-04:00,2025-06-25T10:15:00-04:00,96,45.55414000,45.00592065,-52.62905802,-19.47275147,ATR_STOP,-1.06566325
EVLV,2025-06-25T09:30:00-04:00,2025-06-25T10:45:00-04:00,1,6.26469500,6.11592704,-0.14876796,-0.05504415,ATR_STOP,-1.03183843
AAOI,2025-06-25T11:00:00-04:00,2025-06-25T12:30:00-04:00,181,23.94674660,25.96608002,365.49934949,135.23475931,ATR_TARGET,1.98088193
VSAT,2025-06-25T14:15:00-04:00,2025-06-26T09:30:00-04:00,1,14.51087500,14.04759461,-0.46328039,-0.17141374,ATR_STOP,-1.02328859
SOFI,2025-06-24T11:45:00-04:00,2025-06-26T09:45:00-04:00,20,15.94314840,16.09102519,2.95753578,1.09428824,ATR_STOP,0.45176852
QS,2025-06-26T09:45:00-04:00,2025-06-26T10:30:00-04:00,2,5.93945125,6.89399385,1.90908521,0.70636153,ATR_TARGET,1.98921687
NXE,2025-06-26T11:30:00-04:00,2025-06-26T13:15:00-04:00,1,6.85513750,6.89879023,0.04365273,0.01615151,ATR_STOP,0.35404183
GME,2025-06-25T13:15:00-04:00,2025-06-26T14:00:00-04:00,195,23.39253125,23.98614968,115.75559343,42.82956957,ATR_TARGET,1.94112989
RIVN,2025-06-26T10:00:00-04:00,2025-06-27T09:30:00-04:00,23,13.98137818,13.73881271,-5.57900574,-2.06423212,ATR_STOP,-1.04439906
SOFI,2025-06-26T15:00:00-04:00,2025-06-27T09:30:00-04:00,277,16.71752875,17.16658532,124.38867061,46.02380812,ATR_TARGET,1.94421540
PRME,2025-06-26T11:45:00-04:00,2025-06-27T10:00:00-04:00,2,2.56192000,2.64226182,0.16068364,0.05945295,ATR_STOP,0.57850178
JMIA,2025-06-26T13:45:00-04:00,2025-06-27T10:45:00-04:00,2,3.28746375,3.29178470,0.00864189,0.00319750,ATR_STOP,0.05666859
EVLV,2025-06-27T10:45:00-04:00,2025-06-27T13:00:00-04:00,1,6.27970625,6.13872879,-0.14097746,-0.05216166,ATR_STOP,-1.03378678
TNYA,2025-06-25T14:15:00-04:00,2025-06-27T13:45:00-04:00,1,0.68040992,0.64940504,-0.03100488,-0.01147181,ATR_STOP,-1.01597182
AFRM,2025-06-27T09:45:00-04:00,2025-06-27T13:45:00-04:00,71,67.64069250,68.25360169,43.51655281,16.10112454,ATR_STOP,0.61102903
JMIA,2025-06-27T11:15:00-04:00,2025-06-27T15:30:00-04:00,2,3.40755375,3.63216665,0.44922579,0.16621354,ATR_TARGET,1.97601671
BLNK,2025-06-26T10:15:00-04:00,2025-06-30T09:30:00-04:00,1,0.99274400,0.92463696,-0.06810704,-0.02519960,ATR_STOP,-1.01029472
VSXY,2025-06-27T09:45:00-04:00,2025-06-30T09:30:00-04:00,12,19.29446000,18.89731235,-4.76577182,-1.76333557,ATR_STOP,-1.03703643
SEDG,2025-06-27T15:15:00-04:00,2025-06-30T09:30:00-04:00,246,19.61470000,20.81423324,295.08517725,109.18151558,ATR_TARGET,1.97428742
LUMN,2025-06-27T13:30:00-04:00,2025-06-30T09:45:00-04:00,1,4.43332250,4.45490270,0.02158020,0.00798467,ATR_STOP,0.22878778
ABCL,2025-06-30T10:15:00-04:00,2025-06-30T11:00:00-04:00,1,3.73279750,3.62444882,-0.10834868,-0.04008901,ATR_STOP,-1.02575424
EVLV,2025-06-30T09:30:00-04:00,2025-06-30T13:00:00-04:00,2,6.27470250,6.29891695,0.04842889,0.01791869,ATR_STOP,0.17337234
EOSE,2025-06-30T10:15:00-04:00,2025-07-01T09:30:00-04:00,1,4.84002730,5.02622750,0.18620020,0.06889407,STOP_GAP,0.89650655
ACHR,2025-06-30T09:45:00-04:00,2025-07-01T09:30:00-04:00,470,10.73654638,10.42039367,-148.59177137,-54.97895541,ATR_STOP,-1.02536608
QS,2025-06-30T09:45:00-04:00,2025-07-01T09:30:00-04:00,28,6.87515250,6.46523939,-11.47756699,-4.24669979,ATR_STOP,-1.01197986
SLS,2025-06-30T12:15:00-04:00,2025-07-01T09:30:00-04:00,2,2.18663875,2.07478563,-0.22370624,-0.08277131,ATR_STOP,-1.01411891
PRME,2025-06-30T13:45:00-04:00,2025-07-01T09:30:00-04:00,5,2.55651595,2.42720285,-0.64656548,-0.23922923,ATR_STOP,-1.01428935
NIO,2025-07-01T09:45:00-04:00,2025-07-01T10:45:00-04:00,1395,3.55266250,3.48585839,-93.19173774,-34.48094296,ATR_STOP,-1.04076098
BBBY,2025-07-01T09:45:00-04:00,2025-07-01T11:45:00-04:00,29,6.99524250,7.58521814,17.10929369,6.33043867,ATR_TARGET,1.98088474
VSAT,2025-07-01T12:00:00-04:00,2025-07-01T12:00:00-04:00,14,15.04127250,14.69000949,-4.91768217,-1.81954240,ATR_STOP,-1.03240614
INTC,2025-07-01T11:15:00-04:00,2025-07-01T12:45:00-04:00,215,22.75705500,22.79463048,8.07872738,2.98912913,ATR_STOP,0.11906241
PRCH,2025-07-01T13:45:00-04:00,2025-07-02T09:30:00-04:00,387,12.62946500,12.06094750,-220.01627250,-81.40602082,STOP_GAP,-1.02773038
PRME,2025-07-01T14:15:00-04:00,2025-07-02T09:45:00-04:00,4,2.66699875,2.98094441,1.25578266,0.46463958,ATR_TARGET,1.98584753
NIO,2025-07-02T09:45:00-04:00,2025-07-02T10:00:00-04:00,1340,3.54265500,3.48043984,-83.36831933,-30.84627815,ATR_STOP,-1.04382824
PLUG,2025-07-02T09:45:00-04:00,2025-07-02T10:30:00-04:00,1,1.49111750,1.41814304,-0.07297446,-0.02700055,ATR_STOP,-1.01480190
DDD,2025-07-01T12:15:00-04:00,2025-07-02T11:15:00-04:00,134,1.57117750,1.67774278,14.27974734,5.28350652,ATR_TARGET,1.97664258
SLS,2025-07-02T10:30:00-04:00,2025-07-02T15:00:00-04:00,9,2.15081190,2.18017513,0.26426907,0.09777955,ATR_STOP,0.32496918
LUMN,2025-07-01T11:30:00-04:00,2025-07-03T09:45:00-04:00,1,4.47835625,4.54179110,0.06343485,0.02347089,STOP_GAP,0.59758290
GGLL,2025-07-02T10:15:00-04:00,2025-07-03T09:45:00-04:00,134,34.96620500,35.23355500,35.82490000,13.25521300,STOP_GAP,0.40211675
ABCL,2025-07-02T11:45:00-04:00,2025-07-03T09:45:00-04:00,61,3.61771125,3.68995556,4.40690263,1.63055397,ATR_STOP,0.57744728
PLUG,2025-07-03T10:00:00-04:00,2025-07-03T10:45:00-04:00,146,1.53114750,1.45996948,-10.39199146,-3.84503684,ATR_STOP,-1.01563590
NIO,2025-07-03T09:45:00-04:00,2025-07-07T09:30:00-04:00,1349,3.49261750,3.43721471,-74.73836698,-27.65319578,ATR_STOP,-1.04883949
SLS,2025-07-03T12:15:00-04:00,2025-07-07T09:30:00-04:00,2,2.18663875,2.10163758,-0.17000234,-0.06290087,ATR_STOP,-1.01890842
SOFI,2025-07-07T09:45:00-04:00,2025-07-07T10:15:00-04:00,249,18.71902875,18.83409632,28.65182597,10.60117561,ATR_STOP,0.34184638
EOSE,2025-07-07T09:45:00-04:00,2025-07-07T11:30:00-04:00,1,5.30397500,5.11607491,-0.18790009,-0.06952303,ATR_STOP,-1.02086240
VISN,2025-07-03T11:00:00-04:00,2025-07-07T14:30:00-04:00,2,8.46134125,8.27139983,-0.37988283,-0.14055665,ATR_STOP,-1.03378924
QS,2025-07-02T15:15:00-04:00,2025-07-08T09:30:00-04:00,3,6.85013375,7.30816960,1.37410756,0.50841980,ATR_TARGET,1.97633229
CLOV,2025-07-07T13:15:00-04:00,2025-07-08T09:30:00-04:00,2,2.90717875,3.16726931,0.52018113,0.19246702,ATR_TARGET,1.98188551
CSIQ,2025-07-07T10:30:00-04:00,2025-07-08T09:45:00-04:00,362,12.93289240,13.96668195,374.23181650,138.46577211,ATR_TARGET,1.97992311
FIVN,2025-07-03T11:00:00-04:00,2025-07-08T10:30:00-04:00,7,27.89590625,29.00416918,7.75784054,2.87040100,ATR_TARGET,1.96147110
BTE,2025-07-08T09:45:00-04:00,2025-07-08T10:30:00-04:00,14,1.84168023,1.94590162,1.45909960,0.53986685,ATR_TARGET,1.97236005
MIST,2025-07-07T15:15:00-04:00,2025-07-08T10:45:00-04:00,7,2.19664625,2.23093489,0.24002046,0.08880757,ATR_STOP,0.39460522
CGTX,2025-07-08T09:30:00-04:00,2025-07-08T11:30:00-04:00,3,0.59684730,0.52394620,-0.21870331,-0.08092022,ATR_STOP,-1.00542361
PLUG,2025-07-08T10:00:00-04:00,2025-07-08T13:15:00-04:00,3378,1.45609125,1.39131177,-218.82508991,-80.96528327,ATR_STOP,-1.01638446
AAOI,2025-07-08T14:00:00-04:00,2025-07-09T09:45:00-04:00,177,26.99022750,28.66208250,295.91833545,109.48978411,ATR_TARGET,1.97459182
PRME,2025-07-08T14:00:00-04:00,2025-07-09T09:45:00-04:00,1,4.03802625,4.50826234,0.47023609,0.17398736,ATR_TARGET,1.98571118
DDD,2025-07-08T11:00:00-04:00,2025-07-09T10:15:00-04:00,18,1.72629375,1.74641195,0.36212761,0.13398722,ATR_STOP,0.36812717
SOXL,2025-07-08T10:45:00-04:00,2025-07-09T10:30:00-04:00,8,26.43981500,26.67253789,1.86178311,0.68885975,ATR_STOP,0.29743159
BLNK,2025-07-09T10:15:00-04:00,2025-07-09T10:30:00-04:00,6,0.98073500,0.95004785,-0.18412292,-0.06812548,ATR_STOP,-1.02378957
CGTX,2025-07-09T09:30:00-04:00,2025-07-09T11:30:00-04:00,2,0.56242150,0.57039891,0.01595481,0.00590328,ATR_STOP,0.15204775
KTOS,2025-07-09T11:00:00-04:00,2025-07-10T09:30:00-04:00,5,44.95369000,46.59292913,8.19619566,3.03259239,ATR_TARGET,1.95822397
ABCL,2025-07-09T12:15:00-04:00,2025-07-10T09:30:00-04:00,1,4.06304500,4.31138487,0.24833987,0.09188575,ATR_TARGET,1.97427443
KTOS,2025-07-10T09:45:00-04:00,2025-07-10T09:45:00-04:00,5,46.33472500,45.59734897,-3.68688016,-1.36414566,ATR_STOP,-1.04867178
QS,2025-07-09T10:00:00-04:00,2025-07-10T11:15:00-04:00,585,8.48135625,8.74357169,153.39603143,56.75653163,ATR_STOP,0.64489527
HIVE,2025-07-10T11:30:00-04:00,2025-07-10T15:45:00-04:00,7,2.25699147,2.28939139,0.22679940,0.08391578,ATR_STOP,0.41670607
PENG,2025-07-09T10:30:00-04:00,2025-07-11T09:30:00-04:00,1,22.42000240,23.51235250,1.09235010,0.40416954,STOP_GAP,1.33583335
SOXL,2025-07-10T11:30:00-04:00,2025-07-11T09:30:00-04:00,182,27.70576375,26.83985500,-157.59539250,-58.31029522,STOP_GAP,-1.19513713
DDD,2025-07-10T10:15:00-04:00,2025-07-11T09:30:00-04:00,127,1.82636875,1.76944198,-7.22970010,-2.67498904,ATR_STOP,-1.02388685
CSIQ,2025-07-11T09:30:00-04:00,2025-07-11T09:30:00-04:00,356,13.98047750,13.74731637,-83.00536229,-30.71198405,ATR_STOP,-1.04630269
HIVE,2025-07-11T09:45:00-04:00,2025-07-11T11:45:00-04:00,87,2.43162235,2.32932579,-8.89980039,-3.29292615,ATR_STOP,-1.01738773
TNYA,2025-07-11T10:00:00-04:00,2025-07-11T13:30:00-04:00,1,0.70883123,0.68140243,-0.02742880,-0.01014865,ATR_STOP,-1.01900021
SOFI,2025-07-11T09:45:00-04:00,2025-07-14T09:30:00-04:00,230,21.51612500,20.96557573,-126.62633305,-46.85174323,ATR_STOP,-1.02942332
SGML,2025-07-11T14:45:00-04:00,2025-07-14T09:30:00-04:00,2,5.54915875,5.88848410,0.67865071,0.25110076,ATR_TARGET,1.97428514
SEDG,2025-07-14T09:45:00-04:00,2025-07-14T10:00:00-04:00,179,27.15535125,26.30621875,-151.99471799,-56.23804566,ATR_STOP,-1.02380607
VSAT,2025-07-14T10:15:00-04:00,2025-07-14T11:30:00-04:00,48,15.61170000,15.17627766,-20.90027233,-7.73310076,ATR_STOP,-1.02686298
CLOV,2025-07-14T09:45:00-04:00,2025-07-14T11:45:00-04:00,6,2.97222750,2.98153226,0.05582858,0.02065658,ATR_STOP,0.13252270
QS,2025-07-14T12:15:00-04:00,2025-07-15T09:30:00-04:00,1,9.63722250,10.44715875,0.80993625,0.29967641,TARGET_GAP,2.04604909
BTU,2025-07-11T12:00:00-04:00,2025-07-15T09:30:00-04:00,13,15.05128000,14.67499957,-4.89164560,-1.80990887,ATR_STOP,-1.03015477
PRME,2025-07-14T10:15:00-04:00,2025-07-15T09:45:00-04:00,865,4.62996988,4.70147125,61.84868937,22.88401507,STOP_GAP,0.25848907
ABCL,2025-07-14T11:00:00-04:00,2025-07-15T10:00:00-04:00,3,4.30322500,4.14898285,-0.46272645,-0.17120879,ATR_STOP,-1.02060552
TSLT,2025-07-15T09:45:00-04:00,2025-07-15T10:30:00-04:00,266,15.92693625,15.53765918,-103.54770168,-38.31264962,ATR_STOP,-1.03088328
SOFI,2025-07-15T10:15:00-04:00,2025-07-15T13:30:00-04:00,1,21.46108375,21.01344898,-0.44763477,-0.16562487,ATR_STOP,-1.03652066
NIO,2025-07-14T15:45:00-04:00,2025-07-15T14:15:00-04:00,1,4.14310500,4.19998566,0.05688066,0.02104584,ATR_STOP,0.56975122
GGLL,2025-07-15T11:15:00-04:00,2025-07-15T15:45:00-04:00,111,37.46808000,36.74369533,-80.40669806,-29.75047828,ATR_STOP,-1.03957837
REPL,2025-07-15T12:00:00-04:00,2025-07-16T09:30:00-04:00,1,11.75881250,13.18010750,1.42129500,0.52587915,TARGET_GAP,3.22917123
BTE,2025-07-15T12:30:00-04:00,2025-07-16T09:30:00-04:00,3,1.90642875,1.85373477,-0.15808195,-0.05849032,ATR_STOP,-1.02712033
SEDG,2025-07-16T09:30:00-04:00,2025-07-16T09:30:00-04:00,150,27.33048250,26.45628103,-131.13022018,-48.51818146,ATR_STOP,-1.02324251
APP,2025-07-16T09:45:00-04:00,2025-07-16T11:45:00-04:00,11,355.83667750,349.31518314,-71.73643793,-26.54248203,ATR_STOP,-1.04188688
KTOS,2025-07-16T09:45:00-04:00,2025-07-16T12:45:00-04:00,2,51.95894000,53.66976186,3.42164371,1.26600817,ATR_TARGET,1.95399185
SGML,2025-07-15T14:30:00-04:00,2025-07-17T10:00:00-04:00,4,6.14460500,6.55233113,1.63090452,0.60343467,ATR_TARGET,1.97616378
PLTR,2025-07-14T12:00:00-04:00,2025-07-17T10:15:00-04:00,5,147.28538125,152.93093192,28.22775334,10.44426874,ATR_TARGET,1.96014666
CLOV,2025-07-16T13:15:00-04:00,2025-07-17T10:30:00-04:00,35,3.00225000,3.11702142,4.01699980,1.48628993,ATR_TARGET,1.96004608
KC,2025-07-17T10:45:00-04:00,2025-07-18T09:30:00-04:00,58,14.84612625,15.78815000,54.63737750,20.21582967,TARGET_GAP,2.93816737
SOFI,2025-07-17T10:15:00-04:00,2025-07-18T09:45:00-04:00,1,21.91112102,22.68553259,0.77441157,0.28653228,ATR_TARGET,1.95697222
BTE,2025-07-17T11:00:00-04:00,2025-07-18T11:15:00-04:00,2,1.90642875,1.95094254,0.08902757,0.03294020,ATR_STOP,0.88525077
BBBY,2025-07-18T09:30:00-04:00,2025-07-18T11:30:00-04:00,109,8.24618000,8.73361540,53.13045895,19.65826981,ATR_TARGET,1.97346051
NIO,2025-07-18T10:00:00-04:00,2025-07-18T11:45:00-04:00,5,4.50837875,4.38846313,-0.59957811,-0.22184390,ATR_STOP,-1.02824358
CGTX,2025-07-16T09:45:00-04:00,2025-07-18T12:30:00-04:00,42,0.63537617,0.67773831,1.77920981,0.65830763,ATR_STOP,0.77697506
TSLR,2025-07-16T12:30:00-04:00,2025-07-18T12:45:00-04:00,204,18.96421250,19.45817165,100.76766738,37.28403693,ATR_STOP,0.76205054
BLNK,2025-07-18T14:30:00-04:00,2025-07-21T09:30:00-04:00,1,1.06069493,1.13708999,0.07639507,0.02826617,ATR_TARGET,1.97790359
TSLL,2025-07-18T14:15:00-04:00,2025-07-21T09:45:00-04:00,320,12.44933000,12.48432973,11.19991200,4.14396744,STOP_GAP,0.09980644
RIVN,2025-07-18T11:45:00-04:00,2025-07-21T09:45:00-04:00,69,13.53014000,13.78689819,17.71631511,6.55503659,ATR_STOP,0.73371601
HIVE,2025-07-21T09:45:00-04:00,2025-07-21T10:30:00-04:00,1729,2.30843003,2.46390648,268.81879251,99.46295323,ATR_TARGET,1.97649061
TDUP,2025-07-21T10:45:00-04:00,2025-07-21T15:45:00-04:00,2,7.83517197,8.36922234,1.06810073,0.39519727,ATR_TARGET,1.97674901
NIO,2025-07-21T10:00:00-04:00,2025-07-22T09:45:00-04:00,204,4.61846125,4.70659390,17.97906071,6.65225246,ATR_STOP,0.66575380
YINN,2025-07-21T10:45:00-04:00,2025-07-22T11:45:00-04:00,90,46.07973390,47.29992698,109.81737732,40.63242961,ATR_TARGET,1.94345509
HIVE,2025-07-22T12:15:00-04:00,2025-07-23T09:45:00-04:00,1755,2.40180000,2.39949902,-4.03821113,-1.49413812,STOP_GAP,-0.02120850
CGTX,2025-07-22T13:00:00-04:00,2025-07-23T11:45:00-04:00,2,0.76302184,0.77596675,0.02588982,0.00957923,ATR_STOP,0.31386098
IAUX,2025-07-23T09:45:00-04:00,2025-07-23T12:30:00-04:00,6287,0.67010220,0.64788217,-139.69732428,-51.68800998,ATR_STOP,-1.02237425
BTE,2025-07-22T10:00:00-04:00,2025-07-23T13:00:00-04:00,484,1.97147750,2.06261932,44.11264000,16.32167680,ATR_TARGET,1.96659561
VISN,2025-07-23T14:30:00-04:00,2025-07-23T15:30:00-04:00,4,8.19614250,8.24368713,0.19017853,0.07036606,ATR_STOP,0.26895223
GDS,2025-07-23T14:30:00-04:00,2025-07-24T09:30:00-04:00,4,36.84761500,36.16354971,-2.73626114,-1.01241662,ATR_STOP,-1.04131846
LUMN,2025-07-23T15:45:00-04:00,2025-07-24T09:30:00-04:00,1,4.55341250,4.48225271,-0.07115979,-0.02632912,ATR_STOP,-1.04962290
DDD,2025-07-23T13:30:00-04:00,2025-07-24T10:00:00-04:00,2590,1.90142500,2.01284720,288.58350836,106.77589809,ATR_TARGET,1.97324486
CGTX,2025-07-23T14:45:00-04:00,2025-07-24T10:45:00-04:00,4,0.79854846,0.84901736,0.20187557,0.07469396,ATR_TARGET,1.97506206
TDUP,2025-07-22T09:30:00-04:00,2025-07-24T11:15:00-04:00,2,8.36627000,8.07308822,-0.58636356,-0.21695452,ATR_STOP,-1.02110375
QS,2025-07-24T10:30:00-04:00,2025-07-24T12:45:00-04:00,383,13.29996750,12.62924531,-256.88659883,-95.04804157,ATR_STOP,-1.01433519
NVTS,2025-07-23T15:45:00-04:00,2025-07-25T09:30:00-04:00,3,8.71282973,8.86834375,0.46654207,0.17262057,STOP_GAP,0.51917543
BEKE,2025-07-24T09:45:00-04:00,2025-07-25T09:30:00-04:00,3,19.80484250,19.51535250,-0.86847000,-0.32133390,STOP_GAP,-1.26957353
BTU,2025-07-24T11:00:00-04:00,2025-07-25T09:30:00-04:00,1,17.63781845,17.22707000,-0.41074845,-0.15197693,STOP_GAP,-1.07378232
EVLV,2025-07-24T13:15:00-04:00,2025-07-25T09:30:00-04:00,726,6.80409925,6.64462451,-115.77866391,-42.83810565,ATR_STOP,-1.03228227
EOSE,2025-07-24T15:15:00-04:00,2025-07-25T09:30:00-04:00,2,6.43982625,6.20972313,-0.46020623,-0.17027631,ATR_STOP,-1.02067397
CCJ,2025-07-24T09:45:00-04:00,2025-07-25T09:45:00-04:00,1,79.67971500,78.61336027,-1.06635473,-0.39455125,ATR_STOP,-1.05857373
RIVN,2025-07-25T09:45:00-04:00,2025-07-25T11:00:00-04:00,18,13.92043250,14.36922722,8.07830494,2.98897283,ATR_TARGET,1.95306578
NIO,2025-07-25T10:15:00-04:00,2025-07-25T12:00:00-04:00,16,4.93359743,4.97267455,0.62523407,0.23133661,ATR_STOP,0.37593956
EOSE,2025-07-25T11:15:00-04:00,2025-07-25T13:30:00-04:00,38,6.58493500,6.32249896,-9.97256938,-3.68985067,ATR_STOP,-1.01841524
AMD,2025-07-25T09:45:00-04:00,2025-07-28T09:30:00-04:00,29,163.43248250,168.92321250,159.23117000,58.91553290,TARGET_GAP,2.65467120
IAUX,2025-07-25T14:30:00-04:00,2025-07-28T09:30:00-04:00,5,0.62987205,0.61638424,-0.06743904,-0.02495244,ATR_STOP,-1.03551854
APPS,2025-07-25T12:15:00-04:00,2025-07-28T09:45:00-04:00,15,5.43907625,5.43092375,-0.12228750,-0.04524637,STOP_GAP,-0.05470120
PLUG,2025-07-25T12:30:00-04:00,2025-07-28T09:45:00-04:00,2,1.82636875,1.80784310,-0.03705130,-0.01370898,STOP_GAP,-0.26017016
EVLV,2025-07-25T14:00:00-04:00,2025-07-28T10:45:00-04:00,36,6.69001375,6.74374476,1.93431624,0.71569701,ATR_STOP,0.40078682
VISN,2025-07-28T09:45:00-04:00,2025-07-29T09:30:00-04:00,611,8.06604500,8.39370000,200.19720500,74.07296585,TARGET_GAP,2.16662363
TSLL,2025-07-28T11:00:00-04:00,2025-07-29T09:30:00-04:00,19,12.14219983,11.66760819,-9.01724115,-3.33637922,ATR_STOP,-1.01879912
NXE,2025-07-29T09:30:00-04:00,2025-07-29T11:15:00-04:00,713,7.09531750,6.98615849,-77.83037435,-28.79723851,ATR_STOP,-1.05045978
BTE,2025-07-29T10:00:00-04:00,2025-07-29T11:15:00-04:00,2,2.19164250,2.13891427,-0.10545646,-0.03901889,ATR_STOP,-1.03140259
GGLL,2025-07-29T12:00:00-04:00,2025-07-30T09:45:00-04:00,120,41.76129750,42.12410897,43.53737695,16.10882947,ATR_STOP,0.58183707
BTE,2025-07-29T14:00:00-04:00,2025-07-30T10:15:00-04:00,1,2.17663125,2.13110383,-0.04552742,-0.01684515,ATR_STOP,-1.03641257
BE,2025-07-30T10:15:00-04:00,2025-07-30T13:15:00-04:00,141,35.57666250,37.37996489,254.26563741,94.07828584,ATR_TARGET,1.96936043
LUMN,2025-07-29T09:45:00-04:00,2025-07-30T14:00:00-04:00,50,4.55341250,4.46970988,-4.18513099,-1.54849847,ATR_STOP,-1.04175345
EOSE,2025-07-30T10:45:00-04:00,2025-07-30T14:45:00-04:00,4,6.25969125,6.06184909,-0.79136864,-0.29280640,ATR_STOP,-1.02353843
ASPN,2025-07-30T14:15:00-04:00,2025-07-30T14:45:00-04:00,629,8.28621000,8.06909434,-136.56575119,-50.52932794,ATR_STOP,-1.02869508
AMD,2025-07-30T14:45:00-04:00,2025-07-30T14:45:00-04:00,1,180.17513007,177.75119124,-2.42393884,-0.89685737,ATR_STOP,-1.05824579
TSLZ,2025-07-30T15:00:00-04:00,2025-07-30T15:45:00-04:00,161,31.69375250,30.66062758,-166.33311258,-61.54325166,ATR_STOP,-1.02278235
EOSE,2025-07-31T10:15:00-04:00,2025-07-31T10:45:00-04:00,2,6.52288850,6.09765197,-0.85047305,-0.31467503,ATR_STOP,-1.01087974
VSAT,2025-07-31T09:45:00-04:00,2025-07-31T13:00:00-04:00,314,16.02200750,17.19855478,369.43584461,136.69126251,ATR_TARGET,1.97829495
BE,2025-07-31T09:45:00-04:00,2025-07-31T15:45:00-04:00,1,38.35374375,36.94777053,-1.40597322,-0.52021009,ATR_STOP,-1.02012102
LUMN,2025-07-31T11:45:00-04:00,2025-08-01T09:30:00-04:00,3,4.49817110,4.01698500,-1.44355830,-0.53411657,STOP_GAP,-4.52175313
APPS,2025-07-31T15:30:00-04:00,2025-08-01T09:30:00-04:00,3,5.47410250,5.23607000,-0.71409750,-0.26421608,STOP_GAP,-1.39017523
BTE,2025-08-01T09:45:00-04:00,2025-08-01T10:00:00-04:00,32,2.18163500,2.10483085,-2.45773285,-0.90936115,ATR_STOP,-1.02100129
VSAT,2025-07-31T13:15:00-04:00,2025-08-01T11:15:00-04:00,323,16.25218000,16.32079478,22.16257412,8.20015242,ATR_STOP,0.09457482
TDUP,2025-08-01T13:15:00-04:00,2025-08-04T09:45:00-04:00,9,8.55641250,8.99827593,3.97677090,1.47140523,ATR_TARGET,1.96989071
ADMA,2025-08-01T12:00:00-04:00,2025-08-04T14:00:00-04:00,272,19.31447500,20.11917871,218.87940861,80.98538119,ATR_TARGET,1.96316021
SOFI,2025-08-05T09:45:00-04:00,2025-08-05T11:30:00-04:00,98,21.87639500,21.43289268,-43.46322753,-16.08139419,ATR_STOP,-1.03763722
EVLV,2025-08-05T13:45:00-04:00,2025-08-06T09:30:00-04:00,302,7.01025375,7.02972082,5.87905505,2.17525037,ATR_STOP,0.14779360
BTE,2025-08-06T09:45:00-04:00,2025-08-06T12:00:00-04:00,12,2.18713913,2.13277409,-0.65238038,-0.24138074,ATR_STOP,-1.03033837
REPL,2025-08-05T09:45:00-04:00,2025-08-06T12:15:00-04:00,555,5.99449250,5.50474983,-271.80718369,-100.56865797,ATR_STOP,-1.00850817
PLTR,2025-08-06T09:45:00-04:00,2025-08-06T13:00:00-04:00,12,174.52579625,176.93090757,28.86133589,10.67869428,ATR_STOP,0.61064712
PRCH,2025-08-07T09:30:00-04:00,2025-08-07T10:15:00-04:00,4,16.34224750,15.55855627,-3.13476494,-1.15986303,ATR_STOP,-1.01512626
AFRM,2025-08-06T15:15:00-04:00,2025-08-07T10:30:00-04:00,67,77.27291125,77.89192161,41.47369419,15.34526685,ATR_STOP,0.47924795
BTU,2025-08-07T15:15:00-04:00,2025-08-08T09:30:00-04:00,1,16.99273500,17.55803332,0.56529832,0.20916038,ATR_TARGET,1.95443755
EOSE,2025-08-07T09:45:00-04:00,2025-08-08T10:15:00-04:00,1,6.69491742,6.43678790,-0.25812952,-0.09550792,ATR_STOP,-1.01907322
VISN,2025-08-07T12:15:00-04:00,2025-08-11T09:30:00-04:00,351,14.91617875,15.79314625,307.81559250,113.89176922,TARGET_GAP,2.01566074
IAUX,2025-08-08T09:45:00-04:00,2025-08-11T09:30:00-04:00,7,0.60885630,0.59564209,-0.09249945,-0.03422480,ATR_STOP,-1.03501699
JMIA,2025-08-11T09:30:00-04:00,2025-08-11T09:30:00-04:00,923,5.88441000,6.30119541,384.69293754,142.33638689,ATR_TARGET,1.97755978
NIO,2025-08-08T11:15:00-04:00,2025-08-11T10:15:00-04:00,1,4.82861875,4.91141578,0.08279703,0.03063490,ATR_STOP,0.86620772
QS,2025-08-11T09:45:00-04:00,2025-08-11T10:15:00-04:00,615,9.21190375,8.91036917,-185.44376970,-68.61419479,ATR_STOP,-1.02268226
QUBT,2025-08-08T09:45:00-04:00,2025-08-11T10:45:00-04:00,2,16.01200000,16.17678190,0.32956381,0.12193861,ATR_STOP,0.32738649
CGTX,2025-08-11T09:45:00-04:00,2025-08-11T14:00:00-04:00,16,0.78548868,0.87692864,1.46303948,0.54132461,ATR_TARGET,1.98570677
HURA,2025-08-11T14:15:00-04:00,2025-08-12T09:30:00-04:00,140,3.09231750,3.57949137,68.20434176,25.23560645,ATR_TARGET,1.98903103
CGTX,2025-08-12T10:15:00-04:00,2025-08-12T12:15:00-04:00,1,0.88086015,0.97948184,0.09862169,0.03649002,ATR_TARGET,1.98520157
APP,2025-08-11T10:30:00-04:00,2025-08-13T09:45:00-04:00,11,469.60193750,454.77085564,-163.14190051,-60.36250319,ATR_STOP,-1.02355694
QS,2025-08-12T09:45:00-04:00,2025-08-13T09:45:00-04:00,52,9.14685500,9.42274709,14.34638880,5.30816386,ATR_STOP,0.98123544
ABCL,2025-08-13T10:15:00-04:00,2025-08-13T13:30:00-04:00,1218,4.52839375,4.61615596,106.89437187,39.55091759,ATR_STOP,0.58168553
CMPX,2025-08-13T12:30:00-04:00,2025-08-13T15:45:00-04:00,1,3.28246000,3.10461269,-0.17784731,-0.06580350,ATR_STOP,-1.01327624
VSAT,2025-08-13T10:45:00-04:00,2025-08-14T09:30:00-04:00,1,27.02025000,27.10965250,0.08940250,0.03307892,STOP_GAP,0.13215618
LUMN,2025-08-13T14:45:00-04:00,2025-08-14T09:45:00-04:00,1324,4.21315750,4.27236124,78.38574628,29.00272612,ATR_STOP,0.66850132
ABCL,2025-08-14T10:00:00-04:00,2025-08-14T10:45:00-04:00,1193,4.71353250,4.51099572,-241.62637352,-89.40175820,ATR_STOP,-1.01700110
HIVE,2025-08-15T09:30:00-04:00,2025-08-15T09:30:00-04:00,2,2.25168750,2.18508352,-0.13320795,-0.04928694,ATR_STOP,-1.02524543
GGLL,2025-08-14T11:15:00-04:00,2025-08-15T11:30:00-04:00,120,45.62419250,45.88529789,31.33264710,11.59307943,ATR_STOP,0.29521774
CGTX,2025-08-15T09:45:00-04:00,2025-08-15T15:00:00-04:00,2,1.83137250,1.57601488,-0.51071525,-0.18896464,ATR_STOP,-1.00465388
PLUG,2025-08-13T15:15:00-04:00,2025-08-18T09:30:00-04:00,4,1.63622625,1.66084140,0.09846062,0.03643043,ATR_STOP,0.34793266
HIVE,2025-08-15T13:30:00-04:00,2025-08-18T09:30:00-04:00,3,2.22796973,2.36632955,0.41507948,0.15357941,ATR_TARGET,1.97465205
NIO,2025-08-15T15:30:00-04:00,2025-08-18T09:30:00-04:00,1,4.80830353,4.95296541,0.14466189,0.05352490,ATR_TARGET,1.94989180
VISN,2025-08-15T12:15:00-04:00,2025-08-18T09:45:00-04:00,354,15.50161750,15.71370276,75.07818337,27.77892785,ATR_STOP,0.55801767
CLOV,2025-08-18T10:15:00-04:00,2025-08-18T15:30:00-04:00,2041,2.71113182,2.63548543,-154.39430146,-57.12589154,ATR_STOP,-1.02685141
BLNK,2025-08-18T13:45:00-04:00,2025-08-19T09:30:00-04:00,1,1.04067993,0.97926500,-0.06141493,-0.02272352,STOP_GAP,-1.40757606
MU,2025-08-19T09:30:00-04:00,2025-08-19T09:30:00-04:00,44,123.03220500,121.84507739,-52.23361499,-19.32643755,ATR_STOP,-1.08346670
NXE,2025-08-19T09:30:00-04:00,2025-08-19T09:30:00-04:00,3,7.01525750,6.91960692,-0.28695173,-0.10617214,ATR_STOP,-1.05741514
VISN,2025-08-19T09:45:00-04:00,2025-08-19T09:45:00-04:00,342,15.79183500,15.47414699,-108.64930013,-40.20024105,ATR_STOP,-1.03794616
TSLA,2025-08-19T10:00:00-04:00,2025-08-19T10:30:00-04:00,15,339.22422750,334.73620759,-67.32029868,-24.90851051,ATR_STOP,-1.05929990
TSLL,2025-08-19T10:00:00-04:00,2025-08-19T10:30:00-04:00,19,12.79959250,12.47243961,-6.21590500,-2.29988485,ATR_STOP,-1.02945752
OTLK,2025-08-19T09:45:00-04:00,2025-08-19T12:30:00-04:00,1,2.82361613,2.65472750,-0.16888862,-0.06248879,ATR_STOP,-1.01193881
IAUX,2025-08-18T09:45:00-04:00,2025-08-19T14:00:00-04:00,27,0.70322703,0.67359905,-0.79995539,-0.29598349,ATR_STOP,-1.01736047
CGTX,2025-08-19T14:45:00-04:00,2025-08-20T09:30:00-04:00,28,1.61641140,1.81084809,5.44422730,2.01436410,ATR_TARGET,1.98611661
YINN,2025-08-20T09:45:00-04:00,2025-08-20T09:45:00-04:00,1,45.56414750,45.03261087,-0.53153663,-0.19666855,ATR_STOP,-1.06790699
ALKS,2025-08-19T11:15:00-04:00,2025-08-20T10:15:00-04:00,184,28.60143500,28.79362119,35.36225812,13.08403550,ATR_STOP,0.50919461
IAUX,2025-08-20T10:15:00-04:00,2025-08-20T14:15:00-04:00,69,0.69682223,0.67640248,-1.40896207,-0.52131597,ATR_STOP,-1.02549624
NIO,2025-08-20T13:45:00-04:00,2025-08-21T09:30:00-04:00,1,5.11883625,5.34537429,0.22653804,-1.11342156,ATR_TARGET,1.96519594
KC,2025-08-20T12:15:00-04:00,2025-08-21T10:00:00-04:00,379,13.92043250,13.42252287,-188.70774996,-69.82186749,ATR_STOP,-1.02065134
SLS,2025-08-20T15:15:00-04:00,2025-08-21T10:15:00-04:00,27,1.86639875,1.80611095,-1.62777057,-0.60227511,ATR_STOP,-1.02300270
VISN,2025-08-21T09:30:00-04:00,2025-08-21T10:30:00-04:00,1,15.71177500,15.45738310,-0.25439190,-0.09412500,ATR_STOP,-1.04778504
CGTX,2025-08-21T09:45:00-04:00,2025-08-21T10:30:00-04:00,3,2.14160500,2.15507008,0.04039525,0.01494624,ATR_STOP,0.07244655
BEKE,2025-08-21T11:45:00-04:00,2025-08-21T14:30:00-04:00,1,18.56391250,18.30728844,-0.25662406,-0.09495090,ATR_STOP,-1.05657356
REPL,2025-08-21T12:30:00-04:00,2025-08-22T09:45:00-04:00,1,5.48411000,5.57378255,0.08967255,0.03317884,ATR_STOP,0.57408939
CGTX,2025-08-22T10:00:00-04:00,2025-08-22T12:00:00-04:00,3,2.17162750,2.47912629,0.92249636,0.34132365,ATR_TARGET,1.98797037
BBBY,2025-08-21T14:45:00-04:00,2025-08-22T15:15:00-04:00,1,9.61720750,9.75833407,0.14112657,0.05221683,ATR_STOP,0.45649272
TNYA,2025-08-21T09:30:00-04:00,2025-08-22T15:45:00-04:00,11,1.20090000,1.12602888,-0.82358235,-0.30472547,ATR_STOP,-1.01141701
OTLK,2025-08-22T09:30:00-04:00,2025-08-25T09:30:00-04:00,5,2.46184500,2.71796000,1.28057500,0.47381275,TARGET_GAP,2.01704161
CLOV,2025-08-21T10:30:00-04:00,2025-08-25T09:30:00-04:00,1989,2.61696125,2.74569744,256.05628199,94.74082434,ATR_TARGET,1.96848829
CGTX,2025-08-22T15:30:00-04:00,2025-08-25T09:30:00-04:00,4,2.75136198,3.21241894,1.84422785,0.68236431,ATR_TARGET,1.98959530
IAUX,2025-08-25T09:45:00-04:00,2025-08-25T11:15:00-04:00,1,0.77117795,0.74986178,-0.02131617,-0.00788698,ATR_STOP,-1.02711940
NIO,2025-08-25T09:45:00-04:00,2025-08-25T12:00:00-04:00,824,6.51488250,6.26176770,-208.56659353,-77.16963961,ATR_STOP,-1.01891936
PLUG,2025-08-22T12:45:00-04:00,2025-08-25T12:30:00-04:00,4,1.64283120,1.65984892,0.06807088,0.02518622,ATR_STOP,0.29069614
LUMN,2025-08-25T09:30:00-04:00,2025-08-25T15:30:00-04:00,5,4.61345750,4.67592931,0.31235903,0.11557284,ATR_STOP,0.81626905
EOSE,2025-08-25T14:00:00-04:00,2025-08-26T09:30:00-04:00,4,6.30972875,6.55196481,0.96894426,0.35850937,ATR_TARGET,1.96020564
BTE,2025-08-25T14:15:00-04:00,2025-08-26T09:30:00-04:00,2,2.16162000,2.11861803,-0.08600394,-0.03182146,ATR_STOP,-1.03839861
TDUP,2025-08-25T09:45:00-04:00,2025-08-26T12:45:00-04:00,1,11.90892500,11.53830641,-0.37061859,-0.13712888,ATR_STOP,-1.02392603
BEKE,2025-08-26T09:45:00-04:00,2025-08-26T13:15:00-04:00,2,19.31447500,18.86322503,-0.90249994,-0.33392498,ATR_STOP,-1.03239144
HIVE,2025-08-26T09:45:00-04:00,2025-08-27T09:30:00-04:00,5,2.68190992,2.85865642,0.88373250,0.32698102,ATR_TARGET,1.97601234
IAUX,2025-08-26T10:00:00-04:00,2025-08-27T09:30:00-04:00,2,0.77958425,0.75726660,-0.04463529,-0.01651506,ATR_STOP,-1.02613312
LUMN,2025-08-27T09:30:00-04:00,2025-08-27T10:00:00-04:00,2,4.70352500,4.83327894,0.25950789,0.09601792,ATR_TARGET,1.94560450
RIVN,2025-08-26T14:30:00-04:00,2025-08-27T13:45:00-04:00,3,13.18568185,13.25492477,0.20772875,0.07685964,ATR_STOP,0.30829428
TSLL,2025-08-27T09:45:00-04:00,2025-08-28T10:15:00-04:00,1,13.70026750,13.36900621,-0.33126129,-0.12256668,ATR_STOP,-1.03123735
SLS,2025-08-27T13:45:00-04:00,2025-08-28T13:15:00-04:00,2,1.91643625,1.95407325,0.07527400,0.02785138,ATR_STOP,0.70440662
MVST,2025-08-28T13:45:00-04:00,2025-08-28T15:30:00-04:00,1,2.72704375,2.77250045,0.04545670,0.01681898,ATR_STOP,0.77169256
EVLV,2025-08-27T11:00:00-04:00,2025-08-29T09:30:00-04:00,1,8.42631500,8.25644150,-0.16987350,-0.06285319,ATR_STOP,-1.03786114
SEDG,2025-08-25T12:30:00-04:00,2025-08-29T10:00:00-04:00,159,32.79457750,33.70867025,145.34074771,53.77607665,ATR_STOP,0.78200678
BTE,2025-08-27T14:00:00-04:00,2025-08-29T10:30:00-04:00,18,2.18163500,2.19555095,0.25048715,0.09268025,ATR_STOP,0.32681427
NIO,2025-08-29T09:30:00-04:00,2025-08-29T10:45:00-04:00,1,6.43982625,6.30358944,-0.13623681,-0.05040762,ATR_STOP,-1.03597749
IAUX,2025-08-29T10:00:00-04:00,2025-08-29T13:30:00-04:00,13,0.78749018,0.79103325,0.04606000,0.01704220,ATR_STOP,0.16938456
BLNK,2025-08-29T14:15:00-04:00,2025-09-02T09:30:00-04:00,8,1.17588125,1.10916750,-0.53371000,-0.19747270,STOP_GAP,-1.07589548
HIVE,2025-08-29T13:00:00-04:00,2025-09-02T09:30:00-04:00,11,2.97723125,2.86921079,-1.18822507,-0.43964327,ATR_STOP,-1.02034179
BTU,2025-08-29T10:45:00-04:00,2025-09-02T09:45:00-04:00,311,17.10281750,16.80316267,-93.19265168,-34.48128112,ATR_STOP,-1.04393708
ASTS,2025-09-02T10:00:00-04:00,2025-09-02T10:00:00-04:00,104,50.18761250,48.76477911,-147.97467260,-54.75062886,ATR_STOP,-1.02640325
CLOV,2025-09-02T09:45:00-04:00,2025-09-02T11:45:00-04:00,15,2.65198750,2.60151892,-0.75702870,-0.28010062,ATR_STOP,-1.04024661
IAUX,2025-09-02T09:45:00-04:00,2025-09-02T11:45:00-04:00,3,0.81891373,0.82472418,0.01743136,0.00644960,ATR_STOP,0.23697070
BTE,2025-09-02T10:15:00-04:00,2025-09-02T14:30:00-04:00,12,2.28171000,2.37539787,1.12425446,0.41597415,ATR_TARGET,1.96265065
YINN,2025-09-02T10:15:00-04:00,2025-09-03T09:30:00-04:00,109,47.14533250,46.37750082,-83.69365363,-30.96665184,ATR_STOP,-1.04748727
GME,2025-09-02T13:45:00-04:00,2025-09-03T10:00:00-04:00,1,23.15635425,23.32353381,0.16717956,0.06185644,ATR_STOP,0.50992073
IAUX,2025-09-03T13:15:00-04:00,2025-09-03T14:45:00-04:00,4,0.82631928,0.80817730,-0.07256790,-0.02685012,ATR_STOP,-1.03459222
NXE,2025-09-03T11:00:00-04:00,2025-09-04T10:00:00-04:00,3,7.83587250,7.68560615,-0.45079905,-0.16679565,ATR_STOP,-1.03992123
BRZE,2025-09-04T12:30:00-04:00,2025-09-05T09:30:00-04:00,1,27.06028000,32.79538500,5.73510500,2.12198885,TARGET_GAP,9.97955078
OLMA,2025-09-05T09:30:00-04:00,2025-09-05T09:30:00-04:00,5,6.35476250,6.76484547,2.05041483,0.75865349,ATR_TARGET,1.97553985
APPS,2025-09-02T15:15:00-04:00,2025-09-05T09:45:00-04:00,11,4.19814625,4.44095879,2.67093791,0.98824703,ATR_TARGET,1.97291671
NXE,2025-09-05T09:45:00-04:00,2025-09-05T09:45:00-04:00,1,7.65073375,7.51982888,-0.13090487,-0.04843480,ATR_STOP,-1.04505884
VISN,2025-09-03T09:45:00-04:00,2025-09-05T10:15:00-04:00,312,16.29221000,15.97316287,-99.54270450,-36.83080066,ATR_STOP,-1.03904426
IVVD,2025-08-28T11:45:00-04:00,2025-09-05T12:30:00-04:00,14,1.00575375,1.11405675,1.51624200,0.56100954,ATR_STOP,0.88940928
REPL,2025-09-05T11:15:00-04:00,2025-09-05T15:45:00-04:00,827,6.13349667,6.27863802,120.03189189,44.41180000,ATR_STOP,0.66520121
BRZE,2025-09-08T09:30:00-04:00,2025-09-08T10:15:00-04:00,159,32.25417250,31.10354779,-182.94932866,-67.69125161,ATR_STOP,-1.02070930
RIVN,2025-09-05T09:45:00-04:00,2025-09-09T09:30:00-04:00,2,14.21054993,13.79104924,-0.83900137,-0.31043051,ATR_STOP,-1.02529894
NXE,2025-09-05T13:00:00-04:00,2025-09-09T09:30:00-04:00,1,7.77082375,8.06416883,0.29334508,0.10853768,ATR_TARGET,1.95956772
INTC,2025-09-09T09:45:00-04:00,2025-09-09T09:45:00-04:00,1,24.62345375,24.33858490,-0.28486885,-0.10540148,ATR_STOP,-1.06852047
CLOV,2025-09-05T13:00:00-04:00,2025-09-10T09:30:00-04:00,2,2.78708875,2.93779500,0.30141250,0.11152262,TARGET_GAP,2.42079403
GME,2025-09-08T10:30:00-04:00,2025-09-10T09:30:00-04:00,217,23.13734000,25.18609625,444.58010625,164.49463931,TARGET_GAP,5.83974881
TNYA,2025-09-05T12:00:00-04:00,2025-09-10T09:30:00-04:00,4,1.35101250,1.27387861,-0.30853555,-0.11415815,ATR_STOP,-1.01255125
SOFI,2025-09-10T09:45:00-04:00,2025-09-10T10:00:00-04:00,1,26.66998750,26.15032268,-0.51966482,-0.19227598,ATR_STOP,-1.03925199
BIDU,2025-09-10T09:45:00-04:00,2025-09-10T10:15:00-04:00,48,109.90236500,108.27993703,-77.87654261,-28.81432077,ATR_STOP,-1.05273369
IVVD,2025-09-05T15:45:00-04:00,2025-09-10T10:30:00-04:00,1,1.15586625,1.28956499,0.13369874,0.04946854,ATR_TARGET,1.98562525
BBBY,2025-09-09T10:15:00-04:00,2025-09-10T12:15:00-04:00,2,11.01825750,10.58900524,-0.85850452,-0.31764667,ATR_STOP,-1.01886454
BTE,2025-09-09T09:45:00-04:00,2025-09-10T12:45:00-04:00,10,2.24168000,2.34751386,1.05833863,0.39158529,ATR_TARGET,1.96724860
BLNK,2025-09-10T10:15:00-04:00,2025-09-10T12:45:00-04:00,33,1.19589625,1.14902616,-1.54671298,-0.57228380,ATR_STOP,-1.01874506
TNYA,2025-09-10T10:30:00-04:00,2025-09-10T13:45:00-04:00,3897,1.34100500,1.28239644,-228.39754645,-84.50709219,ATR_STOP,-1.01669706
IAUX,2025-09-10T13:00:00-04:00,2025-09-10T15:45:00-04:00,95,0.89376983,0.92742658,3.19739180,1.18303497,ATR_TARGET,1.95947399
OTLK,2025-09-10T15:30:00-04:00,2025-09-11T09:30:00-04:00,1,1.00115030,1.09917500,0.09802470,0.03626914,TARGET_GAP,2.24511810
HIVE,2025-09-10T14:00:00-04:00,2025-09-11T09:30:00-04:00,1599,3.17738125,3.39181047,342.87232390,126.86275984,ATR_TARGET,1.97653400
LUMN,2025-09-11T09:30:00-04:00,2025-09-11T09:30:00-04:00,2,6.20465000,6.57758055,0.74586110,0.27596861,ATR_TARGET,1.97386974
INTC,2025-09-11T09:30:00-04:00,2025-09-12T09:30:00-04:00,3,24.76856250,24.48623809,-0.84697323,-0.31338009,ATR_STOP,-1.06962964
APPS,2025-09-11T09:45:00-04:00,2025-09-12T12:30:00-04:00,1182,4.49336750,4.75754001,312.25190166,115.53320361,ATR_TARGET,1.97332645
HIVE,2025-09-12T09:45:00-04:00,2025-09-15T09:30:00-04:00,22,3.56256993,4.05695500,10.87647165,4.02429451,TARGET_GAP,3.65922326
BLNK,2025-09-12T13:00:00-04:00,2025-09-15T09:30:00-04:00,82,1.31598625,1.41050271,7.75034997,2.86762949,ATR_TARGET,1.97784631
IVVD,2025-09-15T09:30:00-04:00,2025-09-15T09:45:00-04:00,60,1.41105750,1.31167261,-5.96309366,-2.20634466,ATR_STOP,-1.01000497
OTLK,2025-09-15T09:45:00-04:00,2025-09-15T15:45:00-04:00,102,1.10162560,1.02714980,-7.59653170,-2.81071673,ATR_STOP,-1.01045983
PLTR,2025-09-12T13:00:00-04:00,2025-09-16T09:30:00-04:00,32,168.75647250,169.73907882,31.44340219,11.63405881,ATR_STOP,0.41218682
STX,2025-09-16T09:45:00-04:00,2025-09-16T10:00:00-04:00,25,214.58081500,210.71271266,-96.70255838,-35.77994660,ATR_STOP,-1.04262947
VISN,2025-09-15T10:00:00-04:00,2025-09-16T10:15:00-04:00,4,16.56741625,16.22988884,-1.35010964,-0.49954057,ATR_STOP,-1.03744186
SOXL,2025-09-16T09:30:00-04:00,2025-09-16T11:15:00-04:00,3,30.35274750,29.90555663,-1.34157261,-0.49638187,ATR_STOP,-1.05284585
ABCL,2025-09-16T09:45:00-04:00,2025-09-16T12:30:00-04:00,16,4.39329250,4.48858066,1.52461061,0.56410593,ATR_STOP,0.87812610
PRME,2025-09-16T12:00:00-04:00,2025-09-16T12:45:00-04:00,1,4.20315000,4.48260705,0.27945705,0.10339911,ATR_TARGET,1.97620776
NIO,2025-09-16T10:45:00-04:00,2025-09-16T14:00:00-04:00,10,6.69711907,7.02829771,3.31178636,1.22536095,ATR_TARGET,1.96864247
APPS,2025-09-16T11:30:00-04:00,2025-09-16T14:45:00-04:00,18,5.11383250,5.37036918,4.61766015,1.70853426,ATR_TARGET,1.96906137
YINN,2025-09-16T13:00:00-04:00,2025-09-17T09:30:00-04:00,1,54.02048500,56.58752750,2.56704250,0.94980572,TARGET_GAP,3.69259174
INTC,2025-09-16T10:15:00-04:00,2025-09-17T09:30:00-04:00,210,25.22610540,24.78731411,-92.14617010,-34.09408294,ATR_STOP,-1.04427659
ACHR,2025-09-16T13:00:00-04:00,2025-09-17T09:30:00-04:00,2,9.13184375,8.90929819,-0.44509112,-0.16468372,ATR_STOP,-1.03097857
QUBT,2025-09-16T14:45:00-04:00,2025-09-17T09:45:00-04:00,4,16.60744625,17.53339304,3.70378716,1.37040125,ATR_TARGET,1.97197355
PLUG,2025-09-16T15:00:00-04:00,2025-09-17T09:45:00-04:00,59,1.69126750,1.80752817,6.85937942,2.53797039,ATR_TARGET,1.97693089
BRZE,2025-09-17T09:45:00-04:00,2025-09-17T11:15:00-04:00,167,31.65372250,32.92609197,212.48570093,78.61970935,ATR_TARGET,1.96189432
NVTS,2025-09-17T10:00:00-04:00,2025-09-17T11:45:00-04:00,2,6.01450750,6.30748726,0.58595953,0.21680502,ATR_TARGET,1.96819654
AAOI,2025-09-17T11:30:00-04:00,2025-09-17T11:45:00-04:00,180,30.00218478,29.04387548,-172.49567337,-63.82339915,ATR_STOP,-1.02327712
ACHR,2025-09-17T12:00:00-04:00,2025-09-17T12:30:00-04:00,580,9.17187375,8.95898304,-123.47661123,-45.68634615,ATR_STOP,-1.03261579
VSXY,2025-09-17T10:00:00-04:00,2025-09-17T14:00:00-04:00,6,26.74004000,27.75709067,6.10230402,2.25785249,ATR_TARGET,1.95985401
IAUX,2025-09-17T14:00:00-04:00,2025-09-17T14:45:00-04:00,5827,0.90077508,0.88160205,-111.72119735,-41.33684302,ATR_STOP,-1.03574557
GDS,2025-09-17T14:15:00-04:00,2025-09-18T09:30:00-04:00,4,39.23030067,39.02071250,-0.83835270,-0.31019050,STOP_GAP,-0.22504688
CLOV,2025-09-15T12:45:00-04:00,2025-09-18T09:30:00-04:00,5,3.12234000,3.05318034,-0.34579830,-0.12794537,ATR_STOP,-1.03427053
BTU,2025-09-17T09:45:00-04:00,2025-09-18T09:30:00-04:00,1,20.60544250,20.85294693,0.24750443,0.09157664,ATR_STOP,0.61539026
PRME,2025-09-17T09:45:00-04:00,2025-09-18T12:15:00-04:00,1,4.75356250,4.90964983,0.15608733,0.05775231,ATR_STOP,0.63023313
BE,2025-09-17T15:00:00-04:00,2025-09-18T14:45:00-04:00,65,79.18934750,81.60055689,156.72861052,57.98958589,ATR_STOP,0.85278237
HIVE,2025-09-18T09:45:00-04:00,2025-09-18T15:15:00-04:00,3,4.01300750,3.80124055,-0.63530086,-0.23506132,ATR_STOP,-1.01365668
QUBT,2025-09-18T09:45:00-04:00,2025-09-19T09:30:00-04:00,12,18.18362750,20.27859165,25.13956976,9.30164081,ATR_TARGET,1.98557438
MRNA,2025-09-18T15:00:00-04:00,2025-09-19T09:30:00-04:00,202,25.84937250,25.34533451,-101.81567476,-37.67179966,ATR_STOP,-1.03922204
RIVN,2025-09-18T15:15:00-04:00,2025-09-19T09:30:00-04:00,1,14.94620125,14.59787936,-0.34832189,-0.12887910,ATR_STOP,-1.03247705
MVST,2025-09-18T15:30:00-04:00,2025-09-19T10:00:00-04:00,3,3.43757625,3.60795481,0.51113569,0.18912020,ATR_TARGET,1.96870933
BILL,2025-09-19T09:45:00-04:00,2025-09-19T10:45:00-04:00,101,53.32996750,52.41059546,-92.85657641,-34.35693327,ATR_STOP,-1.04469989
ACHR,2025-09-19T09:45:00-04:00,2025-09-19T10:45:00-04:00,2,9.40204625,9.55826502,0.31243754,0.11560189,ATR_STOP,0.72994053
IAUX,2025-09-18T15:15:00-04:00,2025-09-19T11:00:00-04:00,11,0.90647935,0.94448074,0.41801531,0.15466567,ATR_TARGET,1.96337448
DDD,2025-09-18T12:30:00-04:00,2025-09-19T11:45:00-04:00,2,2.51538513,2.41015940,-0.21045146,-0.07786704,ATR_STOP,-1.01749210
PRME,2025-09-19T11:15:00-04:00,2025-09-19T13:45:00-04:00,4,5.18388500,4.99443055,-0.75781779,-0.28039258,ATR_STOP,-1.02018588
VUZI,2025-09-19T13:30:00-04:00,2025-09-19T14:15:00-04:00,2,2.58693875,2.50225301,-0.16937149,-0.06266745,ATR_STOP,-1.02268025
AAOI,2025-09-19T11:00:00-04:00,2025-09-22T09:30:00-04:00,180,29.64721875,28.22881250,-255.31312500,-94.46585625,STOP_GAP,-1.47639354
QS,2025-09-22T09:30:00-04:00,2025-09-22T09:45:00-04:00,395,13.07980250,14.04319014,380.53811845,140.79910383,ATR_TARGET,1.97835508
MRNA,2025-09-22T10:00:00-04:00,2025-09-22T11:15:00-04:00,28,25.75930500,26.95682964,33.53068983,12.40635524,ATR_TARGET,1.96677040
MVST,2025-09-22T09:45:00-04:00,2025-09-22T12:15:00-04:00,2,3.72279000,3.74177366,0.03796732,0.01404791,ATR_STOP,0.14660703
USAS,2025-09-19T14:00:00-04:00,2025-09-22T13:00:00-04:00,7,3.00225000,3.14858708,1.02435954,0.37901303,ATR_TARGET,1.96821509
NVTS,2025-09-22T13:15:00-04:00,2025-09-23T10:15:00-04:00,1,7.18038125,6.91299479,-0.26738646,-0.09893299,ATR_STOP,-1.01978902
VISN,2025-09-22T13:15:00-04:00,2025-09-23T11:30:00-04:00,1,17.00274250,16.68347425,-0.31926825,-0.11812925,ATR_STOP,-1.04082201
APPS,2025-09-19T10:15:00-04:00,2025-09-23T13:30:00-04:00,3,5.48821307,5.60752095,0.35792364,0.13243175,ATR_STOP,0.63860613
TNYA,2025-09-19T15:30:00-04:00,2025-09-23T13:30:00-04:00,3,1.39604625,1.34652620,-0.14856015,-0.05496726,ATR_STOP,-1.02083416
SEDG,2025-09-22T11:45:00-04:00,2025-09-23T13:30:00-04:00,20,37.90841000,36.46547509,-28.85869823,-10.67771834,ATR_STOP,-1.01933477
GME,2025-09-23T13:15:00-04:00,2025-09-23T13:45:00-04:00,1,27.07028750,26.65312542,-0.41716208,-0.15434997,ATR_STOP,-1.05037010
EVLV,2025-09-23T14:00:00-04:00,2025-09-24T09:30:00-04:00,91,8.63647250,8.40997952,-20.61086140,-7.62601872,ATR_STOP,-1.02866835
HIVE,2025-09-24T09:45:00-04:00,2025-09-24T09:45:00-04:00,1,4.00300000,3.83445714,-0.16854286,-0.06236086,ATR_STOP,-1.01737243
QS,2025-09-22T10:00:00-04:00,2025-09-24T10:00:00-04:00,342,13.66023750,12.85870149,-274.12531678,-101.42636721,ATR_STOP,-1.01218771
BIDU,2025-09-24T10:15:00-04:00,2025-09-24T11:45:00-04:00,33,134.24310688,135.72460927,48.88957908,18.08914426,ATR_STOP,0.48976766
BTU,2025-09-24T09:45:00-04:00,2025-09-24T13:15:00-04:00,32,24.06803750,25.18680794,35.80065398,13.24624197,ATR_TARGET,1.96676680
TNYA,2025-09-24T13:45:00-04:00,2025-09-24T15:45:00-04:00,1,1.42606875,1.53677721,0.11070846,0.04096213,ATR_TARGET,1.97937729
HIVE,2025-09-24T13:30:00-04:00,2025-09-25T09:30:00-04:00,5,4.07305250,3.84711250,-1.12970000,-0.41798900,STOP_GAP,-1.21686635
NIO,2025-09-24T10:30:00-04:00,2025-09-25T09:30:00-04:00,10,7.21740900,7.03211605,-1.85292948,-0.68558391,ATR_STOP,-1.02932005
SEDG,2025-09-24T13:15:00-04:00,2025-09-25T09:30:00-04:00,118,37.52812500,36.30555224,-144.26358580,-53.37752675,ATR_STOP,-1.02279685
INTC,2025-09-24T13:30:00-04:00,2025-09-25T09:45:00-04:00,26,31.01324250,31.36146125,9.05368750,3.34986438,STOP_GAP,0.52221696
SGML,2025-09-25T09:30:00-04:00,2025-09-25T10:00:00-04:00,3,6.52989375,6.88785103,1.07387183,0.39733258,ATR_TARGET,1.97152641
NIO,2025-09-25T09:45:00-04:00,2025-09-25T10:00:00-04:00,726,7.16036625,7.44395457,205.88512237,76.17749528,ATR_TARGET,1.96135802
KC,2025-09-25T10:00:00-04:00,2025-09-25T13:15:00-04:00,1,17.07279500,17.39407392,0.32127892,0.11887320,ATR_STOP,0.77924226
NXE,2025-09-25T10:45:00-04:00,2025-09-26T09:30:00-04:00,6,8.84162625,9.30067325,2.75428199,1.01908434,ATR_TARGET,1.97004152
EOSE,2025-09-25T15:30:00-04:00,2025-09-26T09:30:00-04:00,1,10.63797250,10.20859007,-0.42938243,-0.15887150,ATR_STOP,-1.01816889
VUZI,2025-09-25T15:30:00-04:00,2025-09-26T10:15:00-04:00,2,2.95721625,2.98067538,0.04691827,0.01735976,ATR_STOP,0.20571686
KTOS,2025-09-25T10:15:00-04:00,2025-09-26T10:45:00-04:00,64,82.83207750,84.62339022,114.64401396,42.41828517,ATR_STOP,0.79141817
RIVN,2025-09-26T09:45:00-04:00,2025-09-26T11:00:00-04:00,4,16.02200750,15.62233418,-1.59869328,-0.59151651,ATR_STOP,-1.03022454
BLNK,2025-09-26T09:30:00-04:00,2025-09-26T11:30:00-04:00,3,1.57117750,1.50810381,-0.18922108,-0.07001180,ATR_STOP,-1.01827405
TNYA,2025-09-26T11:30:00-04:00,2025-09-26T15:00:00-04:00,3529,1.53104743,1.63688033,373.48432005,138.18919842,ATR_TARGET,1.97704904
DFLI,2025-09-26T15:45:00-04:00,2025-09-29T09:30:00-04:00,430,5.41405750,6.90181975,639.73776750,236.70297397,TARGET_GAP,2.27378442
ABCL,2025-09-29T09:30:00-04:00,2025-09-29T09:30:00-04:00,1,4.79859625,4.69511653,-0.10347972,-0.03828750,ATR_STOP,-1.03525541
SEDG,2025-09-26T11:45:00-04:00,2025-09-29T09:45:00-04:00,1,38.53888250,38.63100500,0.09212250,0.03408532,STOP_GAP,0.06922679
AMC,2025-09-29T09:45:00-04:00,2025-09-29T10:00:00-04:00,15,2.94620800,3.05469763,1.62734445,0.60211745,ATR_TARGET,1.95860817
CAPR,2025-09-26T12:15:00-04:00,2025-09-29T11:30:00-04:00,1,7.07029875,7.18847402,0.11817527,0.04372485,ATR_STOP,0.35081548
EOSE,2025-09-29T10:15:00-04:00,2025-09-29T15:30:00-04:00,4,10.85823758,11.08654245,0.91321951,0.33789122,ATR_STOP,0.51655372
TSLA,2025-09-29T09:30:00-04:00,2025-09-30T09:30:00-04:00,13,444.70327750,438.49878032,-80.65846331,-29.84363142,ATR_STOP,-1.05601700
TSLL,2025-09-29T09:30:00-04:00,2025-09-30T09:30:00-04:00,12,21.11582500,20.57453869,-6.49543572,-2.40331121,ATR_STOP,-1.02936706
MVST,2025-09-29T15:00:00-04:00,2025-09-30T09:30:00-04:00,1,4.07105100,3.93240175,-0.13864925,-0.05130022,ATR_STOP,-1.02175066
ACHR,2025-09-29T15:45:00-04:00,2025-09-30T09:30:00-04:00,4,9.61720750,9.38174172,-0.94186312,-0.34848936,ATR_STOP,-1.03082680
APPS,2025-09-29T14:30:00-04:00,2025-09-30T09:45:00-04:00,1,5.78933875,5.88468584,0.09534709,0.03527842,ATR_STOP,0.61260690
VUZI,2025-09-30T09:45:00-04:00,2025-09-30T09:45:00-04:00,1873,3.18238500,3.06649519,-217.06162032,-80.31279952,ATR_STOP,-1.02026264
IAUX,2025-09-30T09:45:00-04:00,2025-09-30T11:00:00-04:00,68,0.98573875,0.96103799,-1.67965200,-0.62147124,ATR_STOP,-1.03008074
ERAS,2025-09-30T12:30:00-04:00,2025-10-01T09:30:00-04:00,30,2.27170250,2.15165228,-3.60150675,-1.33255750,ATR_STOP,-1.01363572
LUMN,2025-09-30T10:15:00-04:00,2025-10-01T10:00:00-04:00,964,6.04453000,6.05136543,6.58935197,2.43806023,ATR_STOP,0.04456400
IAUX,2025-10-01T09:30:00-04:00,2025-10-01T10:15:00-04:00,1,0.97042728,0.97457824,0.00415096,0.00153586,ATR_STOP,0.20570130
FLNA,2025-10-01T09:45:00-04:00,2025-10-01T11:15:00-04:00,21,3.01726125,3.23010394,4.46969659,1.65378774,ATR_TARGET,1.97747546
INTC,2025-10-01T11:45:00-04:00,2025-10-01T14:30:00-04:00,1,34.62895225,34.98766105,0.35870880,0.13272225,ATR_STOP,0.50749604
NVTS,2025-10-01T12:00:00-04:00,2025-10-01T14:30:00-04:00,4,7.37052375,7.09922966,-1.08517635,-0.40151525,ATR_STOP,-1.02003423
AMD,2025-10-01T10:15:00-04:00,2025-10-02T09:30:00-04:00,35,163.78774875,168.53350500,166.10146875,61.45754344,TARGET_GAP,1.98760187
TSLL,2025-10-01T10:15:00-04:00,2025-10-02T09:30:00-04:00,4,21.68625250,23.59229250,7.62416000,2.82093920,TARGET_GAP,2.80377887
BLNK,2025-10-01T10:00:00-04:00,2025-10-02T09:30:00-04:00,1,1.74130500,1.77603311,0.03472811,0.01284940,ATR_STOP,0.50122571
MVST,2025-10-01T10:30:00-04:00,2025-10-02T11:15:00-04:00,3,4.02761845,4.30087994,0.81978448,0.30332026,ATR_TARGET,1.97664953
PRME,2025-10-02T09:45:00-04:00,2025-10-02T12:15:00-04:00,2,5.68426000,6.05662046,0.74472093,0.27554674,ATR_TARGET,1.97587796
REPL,2025-10-02T11:30:00-04:00,2025-10-02T13:00:00-04:00,2,4.50837875,4.52406752,0.03137754,0.01160969,ATR_STOP,0.10469053
INTC,2025-10-02T09:30:00-04:00,2025-10-02T15:15:00-04:00,165,35.78682000,37.44664362,273.87089768,101.33223214,ATR_TARGET,1.96669759
BTU,2025-10-02T15:30:00-04:00,2025-10-03T09:30:00-04:00,209,29.00173500,29.98640055,205.79510055,76.14418720,ATR_TARGET,1.95530719
DDD,2025-10-02T15:30:00-04:00,2025-10-03T09:30:00-04:00,6,2.96722375,3.14102211,1.04279018,0.38583237,ATR_TARGET,1.97323354
KTOS,2025-10-03T09:45:00-04:00,2025-10-03T10:00:00-04:00,64,95.86184250,93.93798989,-123.12656684,-45.55682973,ATR_STOP,-1.03804274
MVST,2025-10-02T14:00:00-04:00,2025-10-03T10:15:00-04:00,5,4.36827375,4.63639252,1.34059385,0.49601972,ATR_TARGET,1.97437466
ERAS,2025-10-03T10:30:00-04:00,2025-10-03T11:15:00-04:00,11,2.44183000,2.48232702,0.44546727,0.16482289,ATR_STOP,0.33497729
OTLK,2025-10-02T09:45:00-04:00,2025-10-06T09:30:00-04:00,4,1.09081750,1.03922000,-0.20639000,-0.07636430,STOP_GAP,-1.23082282
EOSE,2025-10-03T10:15:00-04:00,2025-10-06T09:30:00-04:00,464,13.04477625,14.42417375,640.04044000,236.81496280,TARGET_GAP,2.11230972
VUZI,2025-10-03T09:30:00-04:00,2025-10-06T09:30:00-04:00,1,3.83287250,4.12258634,0.28971384,0.10719412,ATR_TARGET,1.97886493
SLS,2025-10-03T13:15:00-04:00,2025-10-06T11:15:00-04:00,2,1.83337400,1.84426696,0.02178592,0.00806079,ATR_STOP,0.19378366
BBBY,2025-10-03T11:45:00-04:00,2025-10-06T11:30:00-04:00,2,12.34925500,11.60577005,-1.48696989,-0.55017886,ATR_STOP,-1.01185516
USAS,2025-10-03T09:45:00-04:00,2025-10-06T14:30:00-04:00,19,3.94565703,4.03649136,1.72585232,0.63856536,ATR_STOP,0.79808516
NIO,2025-10-06T09:45:00-04:00,2025-10-06T15:45:00-04:00,832,7.76411873,7.60834803,-129.60122113,-47.95245182,ATR_STOP,-1.03805503
TNYA,2025-10-06T15:15:00-04:00,2025-10-07T09:30:00-04:00,2,1.69627125,1.79865000,0.20475750,0.07576027,TARGET_GAP,2.27722220
DDD,2025-10-07T09:30:00-04:00,2025-10-07T09:30:00-04:00,2011,3.17237750,3.33431242,325.65112614,120.49091667,ATR_TARGET,1.96956156
APPS,2025-10-06T14:45:00-04:00,2025-10-07T09:45:00-04:00,11,6.59994625,6.93946908,3.73475112,1.38185791,ATR_TARGET,1.96978222
MVST,2025-10-06T13:00:00-04:00,2025-10-07T10:30:00-04:00,1,4.58343500,4.62713746,0.04370246,0.01616991,ATR_STOP,0.20844085
NVTS,2025-10-07T09:45:00-04:00,2025-10-07T10:30:00-04:00,787,8.36797128,8.38207778,11.10181968,4.10767328,ATR_STOP,0.04704318
QUBT,2025-10-06T13:00:00-04:00,2025-10-07T10:45:00-04:00,1,22.95720500,21.62524589,-1.33195911,-0.49282487,ATR_STOP,-1.01233622
INTC,2025-10-07T10:00:00-04:00,2025-10-07T11:00:00-04:00,2,37.73327875,36.89854439,-1.66946873,-0.61770343,ATR_STOP,-1.03431638
VUZI,2025-10-07T10:45:00-04:00,2025-10-07T11:15:00-04:00,1632,4.04303000,4.01198875,-50.65932000,-18.74394840,STOP_GAP,-0.19464794
PLUG,2025-10-06T09:45:00-04:00,2025-10-08T09:30:00-04:00,1,4.05303750,3.61728500,-0.43575250,-0.16122842,STOP_GAP,-1.02995823
ERAS,2025-10-07T13:00:00-04:00,2025-10-08T09:30:00-04:00,1,2.35676625,2.60003580,0.24326955,0.09000973,ATR_TARGET,1.98408383
HIVE,2025-10-07T12:45:00-04:00,2025-10-08T09:45:00-04:00,1006,6.06464508,6.23002700,166.37421282,61.55845874,ATR_STOP,0.50122954
REPL,2025-10-07T13:00:00-04:00,2025-10-08T10:45:00-04:00,118,4.73354750,4.78362837,5.90954297,2.18653090,ATR_STOP,0.38952275
MRNA,2025-10-08T10:00:00-04:00,2025-10-08T11:15:00-04:00,220,28.19613125,29.18781836,218.17116519,80.72333112,ATR_TARGET,1.95677306
PRME,2025-10-08T11:00:00-04:00,2025-10-08T11:45:00-04:00,88,6.38478500,6.52164060,12.04329270,4.45601830,ATR_STOP,0.50903073
USAS,2025-10-08T09:45:00-04:00,2025-10-08T13:00:00-04:00,1,4.08306000,4.27230082,0.18924082,0.07001910,ATR_TARGET,1.96667526
DDD,2025-10-08T10:30:00-04:00,2025-10-08T14:15:00-04:00,1,3.36252000,3.20329709,-0.15922291,-0.05891248,ATR_STOP,-1.01533157
VUZI,2025-10-08T13:15:00-04:00,2025-10-09T09:30:00-04:00,1,3.92794375,3.96702250,0.03907875,0.01445914,STOP_GAP,0.26641530
WTI,2025-10-08T09:45:00-04:00,2025-10-09T09:30:00-04:00,1,2.22166500,2.34976119,0.12809619,0.04739559,ATR_TARGET,1.97283773
SOXL,2025-10-08T11:30:00-04:00,2025-10-09T09:30:00-04:00,152,41.45987160,42.11359276,99.36561583,36.76527786,ATR_STOP,0.55842539
BTE,2025-10-09T09:45:00-04:00,2025-10-09T09:45:00-04:00,2456,2.59194250,2.52898644,-154.62007254,-57.20942684,ATR_STOP,-1.03108793
SGML,2025-10-09T10:00:00-04:00,2025-10-09T13:00:00-04:00,800,7.83587250,7.50455427,-265.05458276,-98.07019562,ATR_STOP,-1.01729472
EOSE,2025-10-08T12:00:00-04:00,2025-10-10T09:30:00-04:00,40,14.86614125,14.21182958,-26.17246683,-9.68381273,ATR_STOP,-1.01657261
IVVD,2025-10-09T13:15:00-04:00,2025-10-10T09:45:00-04:00,3323,1.83637625,1.85360875,57.26359750,21.18753107,STOP_GAP,0.19808644
MVST,2025-10-10T09:45:00-04:00,2025-10-10T09:45:00-04:00,2,4.70352500,5.03027810,0.65350621,0.24179730,ATR_TARGET,1.97715454
AAOI,2025-10-10T09:45:00-04:00,2025-10-10T11:00:00-04:00,205,32.73453250,31.29439747,-295.22768112,-109.23424202,ATR_STOP,-1.01658029
DDD,2025-10-10T10:00:00-04:00,2025-10-10T11:00:00-04:00,3,3.31748625,3.19599475,-0.36447451,-0.13485557,ATR_STOP,-1.02014225
AMC,2025-10-10T13:45:00-04:00,2025-10-13T09:30:00-04:00,6,2.97573013,2.89903165,-0.46019084,-0.17027061,ATR_STOP,-1.02919794
ACHR,2025-10-08T12:45:00-04:00,2025-10-14T09:30:00-04:00,1,12.21875720,11.57453371,-0.64422349,-0.23836269,ATR_STOP,-1.01366943
EVLV,2025-10-10T13:30:00-04:00,2025-10-14T09:30:00-04:00,805,8.09596742,7.88267408,-171.70114562,-63.52942388,ATR_STOP,-1.02852990
TSLZ,2025-10-14T09:45:00-04:00,2025-10-14T11:45:00-04:00,415,15.45158000,14.78897181,-274.98239981,-101.74348793,ATR_STOP,-1.01703748
TSLQ,2025-10-14T09:45:00-04:00,2025-10-14T12:15:00-04:00,1,26.02950750,24.81855499,-1.21095251,-0.44805243,ATR_STOP,-1.01562317
SOFI,2025-10-14T12:30:00-04:00,2025-10-15T09:30:00-04:00,1,27.59067750,29.01878492,1.42810742,0.52839975,ATR_TARGET,1.96995571
NXE,2025-10-14T12:15:00-04:00,2025-10-15T12:15:00-04:00,5,9.43206875,9.10856341,-1.61752670,-0.59848488,ATR_STOP,-1.02158896
ASTS,2025-10-14T12:00:00-04:00,2025-10-16T10:45:00-04:00,65,95.20935350,97.96005639,178.79568762,66.15440442,ATR_STOP,0.65521374
INTC,2025-10-17T10:15:00-04:00,2025-10-17T11:15:00-04:00,166,38.05842242,36.86866160,-197.50029712,-73.07510994,ATR_STOP,-1.02381251
MU,2025-10-17T15:00:00-04:00,2025-10-20T09:30:00-04:00,30,201.98137250,209.57270250,227.73990000,84.26376300,TARGET_GAP,1.99948644
SLS,2025-10-17T15:15:00-04:00,2025-10-20T09:30:00-04:00,71,2.14660875,2.42817750,19.99138125,7.39681106,TARGET_GAP,3.68165215
EOSE,2025-10-21T09:45:00-04:00,2025-10-21T10:45:00-04:00,388,15.95375635,16.27235059,123.61456366,45.73738856,ATR_STOP,0.38659067
LUMN,2025-10-21T12:15:00-04:00,2025-10-21T13:00:00-04:00,4,7.29046375,7.13398690,-0.62590741,-0.23158574,ATR_STOP,-1.03543160
AAOI,2025-10-21T11:45:00-04:00,2025-10-21T13:30:00-04:00,177,35.22640000,33.71561652,-267.40867666,-98.94121036,ATR_STOP,-1.01703539
IVVD,2025-10-21T10:00:00-04:00,2025-10-21T14:15:00-04:00,87,2.05153750,2.13492004,7.25428092,2.68408394,ATR_STOP,0.76478747
INTC,2025-10-21T13:45:00-04:00,2025-10-22T09:30:00-04:00,159,38.33372875,37.76206012,-90.89531235,-33.63126557,ATR_STOP,-1.05216539
GGLL,2025-10-22T09:45:00-04:00,2025-10-22T12:00:00-04:00,90,68.90163750,66.83059948,-186.39342188,-68.96556610,ATR_STOP,-1.02482118
ADMA,2025-10-22T09:45:00-04:00,2025-10-22T13:15:00-04:00,1,14.96121250,15.13909189,0.17787939,0.06581537,ATR_STOP,0.71760687
REPL,2025-10-22T15:00:00-04:00,2025-10-23T09:30:00-04:00,763,8.00099625,8.56865518,433.12376483,160.25579299,ATR_TARGET,1.97759476
CLOV,2025-10-23T09:45:00-04:00,2025-10-24T09:30:00-04:00,2039,3.12734375,3.38745750,530.37193625,196.23761641,TARGET_GAP,2.73047524
TSLA,2025-10-24T09:30:00-04:00,2025-10-24T10:45:00-04:00,15,447.33525000,437.88020789,-141.82563158,-52.47548369,ATR_STOP,-1.03601170
ADMA,2025-10-24T12:00:00-04:00,2025-10-24T13:00:00-04:00,21,15.59168500,16.04446898,9.50846352,3.51813150,ATR_TARGET,1.94818545
MVST,2025-10-24T12:15:00-04:00,2025-10-24T14:45:00-04:00,2,5.90942875,5.69833421,-0.42218908,-0.15620996,ATR_STOP,-1.02067986
MU,2025-10-24T14:45:00-04:00,2025-10-27T09:30:00-04:00,1,218.22854875,224.64139250,6.41284375,2.37275219,TARGET_GAP,2.09079505
ABCL,2025-10-24T09:45:00-04:00,2025-10-27T09:30:00-04:00,1,5.78433500,5.62307387,-0.16126113,-0.05966662,ATR_STOP,-1.02687502
LUMN,2025-10-27T09:45:00-04:00,2025-10-27T15:30:00-04:00,41,8.65648750,9.33808039,27.94530856,10.33976417,ATR_TARGET,1.97964334
AAOI,2025-10-27T15:45:00-04:00,2025-10-28T09:30:00-04:00,3,37.56835515,36.48691416,-3.24432297,-1.20039950,ATR_STOP,-1.02598130
IVVD,2025-10-24T11:30:00-04:00,2025-10-28T10:45:00-04:00,2840,2.21165750,2.09299975,-336.98801091,-124.68556404,ATR_STOP,-1.01341678
AMD,2025-10-27T15:45:00-04:00,2025-10-28T10:45:00-04:00,1,258.57178350,259.62519750,1.05341400,0.38976318,ATR_STOP,0.28094734
VISN,2025-10-28T09:45:00-04:00,2025-10-28T10:45:00-04:00,2,16.04202250,15.81005573,-0.46393354,-0.17165541,ATR_STOP,-1.05391378
INTC,2025-10-28T09:45:00-04:00,2025-10-28T11:45:00-04:00,2,40.26517625,41.90903150,3.28771050,1.21645289,ATR_TARGET,1.96244832
SOXL,2025-10-28T12:15:00-04:00,2025-10-29T09:30:00-04:00,136,47.06026875,49.33297250,309.08771000,114.36245270,TARGET_GAP,2.59269937
NIO,2025-10-29T09:30:00-04:00,2025-10-29T10:15:00-04:00,1,7.13534750,7.30115874,0.16581124,0.06135016,ATR_TARGET,1.93601565
RIVN,2025-10-29T09:30:00-04:00,2025-10-29T14:15:00-04:00,488,13.51012500,13.66693874,76.52510563,28.31428908,ATR_STOP,0.67534000
AAOI,2025-10-28T12:15:00-04:00,2025-10-29T14:30:00-04:00,1,37.34298625,35.78105898,-1.56192727,-0.57791309,ATR_STOP,-1.01749491
BTE,2025-10-29T10:45:00-04:00,2025-10-30T09:30:00-04:00,3,2.34175500,2.29551349,-0.13872454,-0.05132808,ATR_STOP,-1.03870130
PLTR,2025-10-29T15:15:00-04:00,2025-10-30T09:30:00-04:00,33,198.79898750,194.98562907,-125.84082803,-46.56110637,ATR_STOP,-1.03990963
CAPR,2025-10-29T15:15:00-04:00,2025-10-30T09:30:00-04:00,16,7.07380138,6.72111724,-5.64294615,-2.08789008,ATR_STOP,-1.01451107
NIO,2025-10-30T10:00:00-04:00,2025-10-30T11:15:00-04:00,1,7.23041875,7.06671968,-0.16369907,-0.06056866,ATR_STOP,-1.03348601
VISN,2025-10-30T09:45:00-04:00,2025-10-31T09:30:00-04:00,394,16.71252500,17.75078141,409.07302741,151.35702014,ATR_TARGET,1.97466083
VISN,2025-10-31T09:45:00-04:00,2025-10-31T10:00:00-04:00,393,17.39803875,16.70444822,-272.58108004,-100.85499961,ATR_STOP,-1.01840935
SOXL,2025-10-31T10:45:00-04:00,2025-10-31T12:00:00-04:00,3,49.89739500,48.10910146,-5.36488063,-1.98500583,ATR_STOP,-1.02060794
PLTR,2025-10-31T10:15:00-04:00,2025-10-31T12:15:00-04:00,32,203.03726382,198.26569570,-152.69018000,-56.49536660,ATR_STOP,-1.03219094
NXE,2025-10-30T15:15:00-04:00,2025-11-03T09:30:00-05:00,1,9.78723492,9.57951974,-0.20771518,-0.07685462,ATR_STOP,-1.03585601
BTE,2025-10-31T09:45:00-04:00,2025-11-03T09:30:00-05:00,5,2.34175500,2.36481323,0.11529113,0.04265772,ATR_STOP,0.40421056
NIO,2025-10-31T12:45:00-04:00,2025-11-03T09:30:00-05:00,912,7.20039625,7.45544230,232.60199466,86.06273802,ATR_TARGET,1.95706155
TSLT,2025-11-03T09:45:00-05:00,2025-11-03T14:00:00-05:00,6,30.13258250,30.45339896,1.92489876,0.71221254,ATR_STOP,0.31819951
MU,2025-11-03T09:45:00-05:00,2025-11-04T09:30:00-05:00,28,233.24480250,221.99837625,-314.89993500,-116.51297595,STOP_GAP,-1.71820880
LUMN,2025-11-03T10:00:00-05:00,2025-11-04T09:30:00-05:00,2,10.86814500,10.97176500,0.20724000,0.07667880,STOP_GAP,0.14879082
ALKS,2025-11-04T10:15:00-05:00,2025-11-05T09:30:00-05:00,214,30.50286000,31.98599250,317.39035500,117.43443135,TARGET_GAP,3.08885512
VISN,2025-11-05T09:45:00-05:00,2025-11-06T12:15:00-05:00,404,16.65248000,16.23866880,-167.17972335,-61.85649764,ATR_STOP,-1.03034722
BIDU,2025-11-06T14:45:00-05:00,2025-11-06T15:45:00-05:00,51,129.16179875,127.02379959,-109.03795716,-40.34404415,ATR_STOP,-1.04667412
LUMN,2025-11-05T10:00:00-05:00,2025-11-07T09:30:00-05:00,1,10.96822000,10.44148973,-0.52673027,-0.19489020,ATR_STOP,-1.01510329
BTE,2025-11-06T15:30:00-05:00,2025-11-07T14:30:00-05:00,14,2.39179250,2.49803576,1.48740563,0.55034008,ATR_TARGET,1.96531697
EOSE,2025-11-07T13:45:00-05:00,2025-11-10T09:30:00-05:00,307,16.36406385,18.48879849,652.29353515,241.34860801,ATR_TARGET,1.98702242
RIVN,2025-11-07T14:00:00-05:00,2025-11-10T09:45:00-05:00,101,14.83611875,15.07868250,24.49893875,9.06460734,STOP_GAP,0.47964804
VISN,2025-11-10T09:45:00-05:00,2025-11-10T11:15:00-05:00,24,17.09281000,16.66208533,-10.33739196,-3.82483503,ATR_STOP,-1.02990288
SEDG,2025-11-10T09:45:00-05:00,2025-11-10T13:15:00-05:00,154,42.39177000,46.87984786,691.16399048,255.73067648,ATR_TARGET,1.98444209
BTE,2025-11-07T14:45:00-05:00,2025-11-11T09:30:00-05:00,19,2.50307590,2.61531658,2.13257284,0.78905195,ATR_TARGET,1.96562352
RIVN,2025-11-10T11:45:00-05:00,2025-11-11T09:30:00-05:00,26,15.95195500,16.22293625,7.04551259,2.60683966,ATR_STOP,0.46217787
AFRM,2025-11-11T09:45:00-05:00,2025-11-11T10:45:00-05:00,6,76.75252125,74.66335773,-12.53498110,-4.63794301,ATR_STOP,-1.02756327
CMPX,2025-11-10T14:00:00-05:00,2025-11-11T12:00:00-05:00,1610,4.32324000,4.55145204,367.42138747,135.94591336,ATR_TARGET,1.97050315
TSLZ,2025-11-11T11:00:00-05:00,2025-11-12T09:30:00-05:00,33,13.68525625,13.20009250,-16.01040375,-5.92384939,STOP_GAP,-1.06038250
CMPX,2025-11-11T12:15:00-05:00,2025-11-12T09:45:00-05:00,2,4.55341250,4.84978985,0.59275470,0.21931924,ATR_TARGET,1.97573426
CSIQ,2025-11-12T09:45:00-05:00,2025-11-12T10:30:00-05:00,1,31.35349750,29.59202323,-1.76147427,-0.65174548,ATR_STOP,-1.01277016
TSLQ,2025-11-12T10:00:00-05:00,2025-11-13T09:30:00-05:00,1,23.25242625,24.51310374,1.26067749,0.46645067,ATR_TARGET,1.97123138
CMPX,2025-11-12T13:15:00-05:00,2025-11-13T09:30:00-05:00,2,4.99874625,4.81334468,-0.37080315,-0.13719716,ATR_STOP,-1.01987315
AFRM,2025-11-12T09:45:00-05:00,2025-11-13T09:45:00-05:00,5,77.73225550,75.81394757,-9.59153967,-3.54886968,ATR_STOP,-1.03057000
TSLZ,2025-11-12T10:45:00-05:00,2025-11-13T09:45:00-05:00,2,13.93044000,14.71014446,1.55940892,0.57698130,ATR_TARGET,1.97207473
VISN,2025-11-11T12:15:00-05:00,2025-11-13T10:30:00-05:00,411,17.50311750,17.06328005,-180.77319089,-66.88608063,ATR_STOP,-1.02999099
MU,2025-11-13T10:15:00-05:00,2025-11-13T10:30:00-05:00,1,248.77644250,241.92280624,-6.85363626,-2.53584542,ATR_STOP,-1.02721473
SGML,2025-11-13T09:45:00-05:00,2025-11-13T15:45:00-05:00,5,5.95446250,5.68199779,-1.36232356,-0.50405972,ATR_STOP,-1.01590118
IAUX,2025-11-13T10:30:00-05:00,2025-11-14T09:30:00-05:00,163,1.02076500,0.96507565,-9.07736405,-3.35862470,STOP_GAP,-1.75113492
SGML,2025-11-14T09:45:00-05:00,2025-11-14T09:45:00-05:00,30,6.30472500,5.83174530,-14.18939087,-5.25007462,ATR_STOP,-1.00934073
MIST,2025-11-14T10:00:00-05:00,2025-11-14T11:15:00-05:00,6,1.91143250,2.03444136,0.73805317,0.27307967,ATR_TARGET,1.97547732
BEKE,2025-11-14T10:00:00-05:00,2025-11-14T13:00:00-05:00,1,17.13284000,16.85040390,-0.28243610,-0.10450136,ATR_STOP,-1.04687848
MU,2025-11-14T09:45:00-05:00,2025-11-14T15:30:00-05:00,30,244.27807125,248.93067035,139.57797286,51.64384996,ATR_STOP,0.55317078
TNDM,2025-11-14T13:30:00-05:00,2025-11-14T15:45:00-05:00,1,17.81335000,18.66825493,0.85490493,0.31631483,ATR_TARGET,1.96774903
CSIQ,2025-11-14T10:00:00-05:00,2025-11-17T09:30:00-05:00,5,30.25267250,31.74617250,7.46750000,2.76297500,STOP_GAP,0.65852800
OTLK,2025-11-14T09:45:00-05:00,2025-11-17T09:45:00-05:00,1,1.60670413,1.93540776,0.32870363,0.12162034,ATR_TARGET,1.99120026
MIST,2025-11-17T09:45:00-05:00,2025-11-17T10:30:00-05:00,3672,2.06154500,1.99289811,-252.07139184,-93.26641498,ATR_STOP,-1.02227507
IAUX,2025-11-17T09:45:00-05:00,2025-11-17T13:15:00-05:00,30,1.06539845,1.01950842,-1.37670079,-0.50937929,ATR_STOP,-1.01695752
MIST,2025-11-17T15:15:00-05:00,2025-11-17T15:45:00-05:00,17,2.17683140,2.37285407,3.33238546,1.23298262,ATR_TARGET,1.98199248
TSLQ,2025-11-17T13:15:00-05:00,2025-11-18T11:15:00-05:00,292,25.36901250,26.39940616,300.87494790,111.32373072,ATR_STOP,0.85304923
SOXS,2025-11-21T09:45:00-05:00,2025-11-21T12:00:00-05:00,6,967.72525000,907.47967531,-361.47344815,-133.74517581,ATR_STOP,-1.01143502
BEKE,2025-11-21T09:45:00-05:00,2025-11-21T15:45:00-05:00,95,17.33799375,17.48315213,13.79004655,5.10231722,ATR_STOP,0.59088891
IVVD,2025-11-21T11:30:00-05:00,2025-11-24T11:30:00-05:00,5,2.53189750,2.42378880,-0.54054348,-0.20000109,ATR_STOP,-1.01711558
OLMA,2025-11-24T09:30:00-05:00,2025-11-25T09:30:00-05:00,71,23.22740750,25.38072134,152.88528281,56.56755464,ATR_TARGET,1.98246166
TSLL,2025-11-26T09:45:00-05:00,2025-11-28T10:00:00-05:00,99,17.83336500,18.26438578,42.67105761,15.78829132,ATR_STOP,0.76486528
SOFI,2025-11-28T10:15:00-05:00,2025-12-01T09:30:00-05:00,61,29.07178750,28.80837750,-16.06801000,-5.94516370,STOP_GAP,-0.44956021
PRME,2025-11-28T10:30:00-05:00,2025-12-01T09:30:00-05:00,2,3.82786875,3.69722500,-0.26128750,-0.09667637,STOP_GAP,-1.05151440
TNYA,2025-11-28T10:00:00-05:00,2025-12-01T09:30:00-05:00,5,1.40685435,1.34934259,-0.28755882,-0.10639676,ATR_STOP,-1.01792539
ASPN,2025-12-01T10:45:00-05:00,2025-12-01T12:15:00-05:00,5,3.26544725,3.45472490,0.94638824,0.35016365,ATR_TARGET,1.97297149
RIVN,2025-12-01T09:45:00-05:00,2025-12-01T14:15:00-05:00,103,17.10281750,17.35983850,26.47316342,9.79507046,ATR_STOP,0.56973937
SGML,2025-11-28T10:15:00-05:00,2025-12-02T09:45:00-05:00,1,11.09831750,10.48061954,-0.61769796,-0.22854824,ATR_STOP,-1.01289924
MIST,2025-12-01T14:30:00-05:00,2025-12-03T09:30:00-05:00,661,2.68701375,2.61151532,-49.90446381,-18.46465161,ATR_STOP,-1.02665422
CLOV,2025-12-01T13:15:00-05:00,2025-12-03T13:00:00-05:00,7,2.48696383,2.59054293,0.72505372,0.26826988,ATR_TARGET,1.96314819
HIVE,2025-12-03T13:15:00-05:00,2025-12-04T09:45:00-05:00,5,3.29747125,3.18858750,-0.54441877,-0.20143494,ATR_STOP,-1.02247370
EVLV,2025-12-02T12:45:00-05:00,2025-12-04T10:15:00-05:00,2,6.41480750,6.68890547,0.54819595,0.20283250,ATR_TARGET,1.96402642
ABCL,2025-12-04T10:30:00-05:00,2025-12-04T14:15:00-05:00,8,3.57768125,3.65129717,0.58892740,0.21790314,ATR_STOP,0.75850037
CMPX,2025-12-03T09:45:00-05:00,2025-12-05T09:30:00-05:00,329,5.29897125,5.64594128,114.15313856,42.23666127,ATR_TARGET,1.97586821
BLNK,2025-12-04T10:45:00-05:00,2025-12-05T09:30:00-05:00,1,1.40665420,1.35205451,-0.05459969,-0.02020189,ATR_STOP,-1.01893821
OTLK,2025-12-03T14:45:00-05:00,2025-12-05T09:45:00-05:00,1,1.98268590,2.02346086,0.04077496,0.01508674,ATR_STOP,0.58301278
BTE,2025-11-21T12:30:00-05:00,2025-12-05T11:15:00-05:00,1761,3.16737375,3.26035920,163.74738315,60.58653177,ATR_STOP,0.96218968
PLUG,2025-12-05T10:15:00-05:00,2025-12-05T13:45:00-05:00,6,2.30742928,2.20390645,-0.62113693,-0.22982066,ATR_STOP,-1.01623827
SLS,2025-12-05T14:00:00-05:00,2025-12-08T09:30:00-05:00,8,1.78633875,1.92407715,1.10190722,0.40770567,ATR_TARGET,1.97924825
NVTS,2025-12-04T14:45:00-05:00,2025-12-08T09:45:00-05:00,3,9.51713250,10.15317708,1.90813374,0.70600948,ATR_TARGET,1.97632123
MIST,2025-12-05T13:15:00-05:00,2025-12-08T09:45:00-05:00,2,2.67700625,2.61399130,-0.12602989,-0.04663106,ATR_STOP,-1.03213545
SLS,2025-12-08T09:45:00-05:00,2025-12-08T10:00:00-05:00,8,1.90142500,1.79255863,-0.87093093,-0.32224445,ATR_STOP,-1.01251317
JMIA,2025-12-08T10:15:00-05:00,2025-12-08T10:45:00-05:00,4,12.40930000,12.06152485,-1.39110060,-0.51470722,ATR_STOP,-1.02672672
CAPR,2025-12-05T09:45:00-05:00,2025-12-08T12:00:00-05:00,66,27.52052493,29.45788111,127.86550830,47.31023807,ATR_STOP,0.63456772
GME,2025-12-08T11:00:00-05:00,2025-12-08T13:45:00-05:00,2,23.38252375,23.03442611,-0.69619527,-0.25759225,ATR_STOP,-1.05226216
IVVD,2025-12-08T11:30:00-05:00,2025-12-08T13:45:00-05:00,1,2.36177000,2.39659948,0.03482948,0.01288691,ATR_STOP,0.38429573
BEKE,2025-12-05T12:00:00-05:00,2025-12-08T15:45:00-05:00,329,17.24792625,17.08472253,-53.69402387,-19.86678883,ATR_STOP,-1.08527139
STX,2025-12-08T13:00:00-05:00,2025-12-09T09:30:00-05:00,6,286.86999125,281.21528985,-33.92820839,-12.55343711,ATR_STOP,-1.03877371
MIST,2025-12-09T09:30:00-05:00,2025-12-09T09:30:00-05:00,2123,2.66199500,2.59098183,-150.76096661,-55.78155765,ATR_STOP,-1.02815604
AAOI,2025-12-08T13:00:00-05:00,2025-12-09T11:00:00-05:00,6,27.91091750,29.70029026,10.73623657,3.97240753,ATR_TARGET,1.97539066
EOSE,2025-12-08T15:30:00-05:00,2025-12-09T11:45:00-05:00,3,15.14635125,15.10980575,-0.10963651,-0.04056551,ATR_STOP,-0.07479446
PLUG,2025-12-09T13:45:00-05:00,2025-12-10T09:30:00-05:00,20,2.28671375,2.19835000,-1.76727500,-0.65389175,STOP_GAP,-1.12721316
HIVE,2025-12-09T11:15:00-05:00,2025-12-10T09:30:00-05:00,53,3.27245250,3.15748710,-6.09316614,-2.25447147,ATR_STOP,-1.02104784
USAS,2025-12-09T10:30:00-05:00,2025-12-10T10:15:00-05:00,2,4.99874625,4.81886019,-0.35977212,-0.13311568,ATR_STOP,-1.02051894
SLS,2025-12-10T11:45:00-05:00,2025-12-10T12:00:00-05:00,5,1.96147000,1.88623794,-0.37616030,-0.13917931,ATR_STOP,-1.01917923
PLTR,2025-12-10T09:45:00-05:00,2025-12-10T14:30:00-05:00,1,185.05929045,189.72593000,4.66663955,1.72665663,ATR_TARGET,1.94077769
VISN,2025-12-09T09:45:00-05:00,2025-12-10T15:45:00-05:00,363,19.95995875,20.06412558,37.81256098,13.99064756,ATR_STOP,0.29031012
NVTS,2025-12-10T13:15:00-05:00,2025-12-11T09:30:00-05:00,1,9.12684000,8.80339250,-0.32344750,-0.11967558,STOP_GAP,-1.09278811
IAUX,2025-12-09T10:45:00-05:00,2025-12-11T09:30:00-05:00,1,1.30597875,1.39874931,0.09277056,0.03432511,ATR_TARGET,1.97762002
CLOV,2025-12-10T10:00:00-05:00,2025-12-11T09:30:00-05:00,11,2.61195750,2.70940809,1.07195653,0.39662391,ATR_TARGET,1.95911749
TSLL,2025-12-10T15:00:00-05:00,2025-12-11T09:30:00-05:00,9,19.72478250,19.21740293,-4.56641614,-1.68957397,ATR_STOP,-1.02925997
PRME,2025-12-11T09:45:00-05:00,2025-12-11T09:45:00-05:00,52,4.38828875,4.19010815,-10.30539102,-3.81299468,ATR_STOP,-1.01612495
OLMA,2025-12-11T09:30:00-05:00,2025-12-11T11:00:00-05:00,240,30.23766125,32.86874035,631.45898363,233.63982394,ATR_TARGET,1.98142139
USAS,2025-12-11T11:45:00-05:00,2025-12-12T09:30:00-05:00,1400,5.46909875,5.62698780,221.04467597,81.78653011,ATR_STOP,0.74397123
VOR,2025-12-11T10:15:00-05:00,2025-12-12T09:45:00-05:00,19,11.57447435,13.39186404,34.53040415,12.77624954,ATR_TARGET,1.98899944
NXE,2025-12-10T15:45:00-05:00,2025-12-12T10:15:00-05:00,1,9.41205375,9.20147788,-0.21057587,-0.07791307,ATR_STOP,-1.03390928
IAUX,2025-12-11T09:45:00-05:00,2025-12-12T10:15:00-05:00,1,1.38103500,1.40383631,0.02280131,0.00843648,ATR_STOP,0.43437855
TSLL,2025-12-12T09:45:00-05:00,2025-12-12T10:15:00-05:00,385,20.21525008,19.60280443,-235.79157304,-87.24288202,ATR_STOP,-1.02461492
QS,2025-12-12T10:00:00-05:00,2025-12-12T10:30:00-05:00,20,12.82461125,12.44785319,-7.53516111,-2.78800961,ATR_STOP,-1.02542872
ABCL,2025-12-12T10:00:00-05:00,2025-12-12T11:00:00-05:00,1,3.81786125,3.72420790,-0.09365335,-0.03465174,ATR_STOP,-1.03076503
BILL,2025-12-12T12:15:00-05:00,2025-12-12T15:30:00-05:00,142,55.26641875,54.47270655,-112.70713204,-41.70163885,ATR_STOP,-1.05430888
PLUG,2025-12-12T13:00:00-05:00,2025-12-12T15:45:00-05:00,21,2.43592558,2.33207702,-2.18081959,-0.80690325,ATR_STOP,-1.01714399
BEKE,2025-12-12T15:45:00-05:00,2025-12-15T09:30:00-05:00,447,17.36301250,17.01722750,-154.56589500,-57.18938115,STOP_GAP,-3.27112312
IAUX,2025-12-12T14:45:00-05:00,2025-12-15T11:00:00-05:00,1,1.43607625,1.46308025,0.02700400,0.00999148,ATR_STOP,0.56942789
PLTR,2025-12-15T09:45:00-05:00,2025-12-15T15:45:00-05:00,41,186.39969500,182.62232227,-154.87228207,-57.30274437,ATR_STOP,-1.03765333
OLMA,2025-12-15T09:45:00-05:00,2025-12-16T09:30:00-05:00,2,33.67023375,34.98587264,2.63127778,0.97357278,ATR_STOP,1.03884779
OTLK,2025-12-15T11:30:00-05:00,2025-12-16T13:45:00-05:00,10,2.17663125,2.38079438,2.04163127,0.75540357,ATR_TARGET,1.98264690
VUZI,2025-12-16T09:45:00-05:00,2025-12-17T09:45:00-05:00,2637,2.88716375,2.93823339,134.67063136,49.82813360,ATR_STOP,0.47617422
OTLK,2025-12-16T14:00:00-05:00,2025-12-17T10:00:00-05:00,9,2.38028387,2.41672634,0.32798217,0.12135340,ATR_STOP,0.35944811
TWLO,2025-12-17T10:00:00-05:00,2025-12-17T15:45:00-05:00,54,141.35593750,138.41885255,-158.60258738,-58.68295733,ATR_STOP,-1.03666960
IAUX,2025-12-17T12:45:00-05:00,2025-12-18T10:15:00-05:00,57,1.54615875,1.49366909,-2.99191045,-1.10700687,ATR_STOP,-1.02182449
SLS,2025-12-18T09:45:00-05:00,2025-12-18T14:45:00-05:00,3318,2.25669125,2.30674324,166.07251621,61.44683100,ATR_STOP,0.51003859
ALB,2025-12-18T15:15:00-05:00,2025-12-19T09:30:00-05:00,54,140.03494750,144.66551203,250.05048483,92.51867939,ATR_TARGET,1.95417715
RIVN,2025-12-18T15:15:00-05:00,2025-12-19T09:45:00-05:00,1,19.95495500,21.25758434,1.30262934,0.48197285,ATR_TARGET,1.97579957
SGML,2025-12-18T15:30:00-05:00,2025-12-19T09:45:00-05:00,1,11.67875250,11.95862464,0.27987214,0.10355269,ATR_STOP,0.59721950
MRNA,2025-12-19T10:15:00-05:00,2025-12-19T13:45:00-05:00,1,32.81459250,33.43811737,0.62352487,0.23070420,ATR_STOP,0.70076188
STX,2025-12-19T09:45:00-05:00,2025-12-22T09:30:00-05:00,25,300.97556250,293.04826458,-198.18244811,-73.32750580,ATR_STOP,-1.02853786
PLTR,2025-12-19T10:00:00-05:00,2025-12-22T09:30:00-05:00,1,190.60284500,198.43560434,7.83275934,2.89812096,ATR_TARGET,1.96268002
TSLL,2025-12-18T10:30:00-05:00,2025-12-22T10:00:00-05:00,3,22.36676250,22.95136108,1.75379575,0.64890443,ATR_STOP,0.57605347
BTE,2025-12-22T09:45:00-05:00,2025-12-22T10:00:00-05:00,2393,3.18738875,3.12169393,-157.20770743,-58.16685175,ATR_STOP,-1.03698439
SLS,2025-12-22T11:45:00-05:00,2025-12-23T09:30:00-05:00,30,2.61455945,2.83433035,6.59312700,2.43945699,ATR_TARGET,1.98082596
ABCL,2025-12-23T09:45:00-05:00,2025-12-23T10:00:00-05:00,21,3.80285000,3.70247622,-2.10784932,-0.77990425,ATR_STOP,-1.02847427
JMIA,2025-12-18T10:45:00-05:00,2025-12-24T09:30:00-05:00,1,13.03977250,12.50913989,-0.53063261,-0.19633407,ATR_STOP,-1.01801249
SOXL,2025-12-26T09:45:00-05:00,2025-12-26T10:00:00-05:00,1,44.64345750,44.00081746,-0.64264004,-0.23777682,ATR_STOP,-1.05417419
BTE,2025-12-23T14:15:00-05:00,2025-12-26T11:45:00-05:00,25,3.16237000,3.11977774,-1.06480648,-0.39397840,ATR_STOP,-1.05817517
ECHO,2025-12-22T11:00:00-05:00,2025-12-29T09:30:00-05:00,70,107.41049750,103.88203000,-246.99272500,-91.38730825,STOP_GAP,-1.39288610
USAS,2025-12-26T14:45:00-05:00,2025-12-29T09:30:00-05:00,24,6.22026170,5.87559000,-8.27212080,-3.06068470,STOP_GAP,-2.18392512
IAUX,2025-12-19T10:15:00-05:00,2025-12-29T09:30:00-05:00,11,1.54115500,1.48161192,-0.65497384,-0.24234032,ATR_STOP,-1.01903172
NXE,2025-12-29T09:45:00-05:00,2025-12-29T09:45:00-05:00,792,9.50212125,9.32903461,-137.08462194,-50.72131012,ATR_STOP,-1.04215940
VUZI,2025-12-29T11:15:00-05:00,2025-12-30T09:30:00-05:00,2167,3.43257250,3.75740880,703.92026641,260.45049857,ATR_TARGET,1.98278580
ASTS,2025-12-30T09:45:00-05:00,2025-12-30T10:00:00-05:00,105,75.03623500,75.01562944,-2.16358402,-0.80052609,ATR_STOP,-0.00768298
AAOI,2025-12-30T10:45:00-05:00,2025-12-30T15:30:00-05:00,212,37.14784000,36.09134149,-223.97768488,-82.87174341,ATR_STOP,-1.02631491
BTE,2025-12-29T09:45:00-05:00,2025-12-30T15:45:00-05:00,1,3.19239250,3.24070256,0.04831006,0.01787472,ATR_STOP,0.94411686
BIDU,2025-12-30T15:45:00-05:00,2025-12-31T09:30:00-05:00,58,133.39997500,131.98570141,-82.02786794,-30.35031114,ATR_STOP,-1.07532149
NXE,2025-12-31T09:45:00-05:00,2025-12-31T13:45:00-05:00,824,9.33199375,9.16938369,-133.99068939,-49.57655508,ATR_STOP,-1.04419376
TSLQ,2025-12-31T14:45:00-05:00,2026-01-02T09:30:00-05:00,423,17.96336242,17.50686000,-193.10052578,-71.44719454,STOP_GAP,-1.68678640
NIO,2026-01-02T09:45:00-05:00,2026-01-02T13:00:00-05:00,1436,5.24893375,5.09847949,-216.05231743,-79.93935745,ATR_STOP,-1.02609830
BTE,2026-01-02T12:15:00-05:00,2026-01-05T09:30:00-05:00,1,3.26244500,3.20233939,-0.06010561,-0.02223907,ATR_STOP,-1.04165462
TNYA,2026-01-02T14:15:00-05:00,2026-01-05T10:00:00-05:00,10226,0.72374240,0.73783162,144.07632855,53.30824156,ATR_STOP,0.71034103
PLUG,2026-01-05T09:45:00-05:00,2026-01-05T15:45:00-05:00,1,2.30672875,2.33912786,0.03239911,0.01198767,ATR_STOP,0.38514938
SGML,2026-01-05T11:00:00-05:00,2026-01-06T09:30:00-05:00,514,14.56091250,15.71100452,591.14729584,218.72449946,ATR_TARGET,1.97970177
EVLV,2026-01-05T13:00:00-05:00,2026-01-06T09:45:00-05:00,1,7.37052375,7.12350492,-0.24701883,-0.09139697,ATR_STOP,-1.02212352
BTE,2026-01-06T10:45:00-05:00,2026-01-06T12:30:00-05:00,4,3.26234493,3.17951432,-0.33132241,-0.12258929,ATR_STOP,-1.02966561
MIST,2026-01-06T14:15:00-05:00,2026-01-06T15:45:00-05:00,7,2.10157500,2.04698075,-0.38215978,-0.14139912,ATR_STOP,-1.02895683
EOSE,2026-01-06T09:45:00-05:00,2026-01-07T09:30:00-05:00,569,13.80034250,14.67861636,499.73782860,184.90299658,ATR_TARGET,1.97522245
QUBT,2026-01-07T09:30:00-05:00,2026-01-07T15:15:00-05:00,1,12.00900000,11.67356984,-0.33543016,-0.12410916,ATR_STOP,-1.02682154
TNYA,2026-01-07T09:45:00-05:00,2026-01-07T15:15:00-05:00,10637,0.76807562,0.81835052,534.77401400,197.86638518,ATR_TARGET,1.97586032
NVTS,2026-01-07T15:45:00-05:00,2026-01-08T10:30:00-05:00,2,10.22766500,9.86308660,-0.72915680,-0.26978802,ATR_STOP,-1.02072613
CCJ,2026-01-07T15:30:00-05:00,2026-01-08T15:45:00-05:00,82,103.59764000,106.07186399,202.88636737,75.06795593,ATR_TARGET,1.93765178
DDD,2026-01-08T10:45:00-05:00,2026-01-09T09:30:00-05:00,8,2.37177750,2.71796000,2.76946000,1.02470020,TARGET_GAP,3.12654658
EOSE,2026-01-09T09:45:00-05:00,2026-01-09T10:00:00-05:00,587,14.71102500,14.14407199,-332.80141902,-123.13652504,ATR_STOP,-1.01908199
HIVE,2026-01-09T10:30:00-05:00,2026-01-09T13:30:00-05:00,88,3.24243000,3.12556164,-10.28441598,-3.80523391,ATR_STOP,-1.02048446
PLUG,2026-01-09T14:00:00-05:00,2026-01-12T09:30:00-05:00,8,2.24668375,2.15838000,-0.70643000,-0.26137910,STOP_GAP,-1.09734064
NXE,2026-01-12T09:30:00-05:00,2026-01-12T09:30:00-05:00,1,10.85813750,10.68293193,-0.17520557,-0.06482606,ATR_STOP,-1.04795944
TSLZ,2026-01-12T09:45:00-05:00,2026-01-12T09:45:00-05:00,1,12.12408625,11.82816497,-0.29592128,-0.10949088,ATR_STOP,-1.03092835
BE,2026-01-09T13:45:00-05:00,2026-01-13T09:30:00-05:00,2,131.12827250,141.34981707,20.44308914,7.56394298,ATR_TARGET,1.97945475
HIVE,2026-01-12T10:00:00-05:00,2026-01-13T09:30:00-05:00,4,3.22241500,3.43560656,0.85276625,0.31552351,ATR_TARGET,1.97609829
MU,2026-01-09T10:15:00-05:00,2026-01-13T09:45:00-05:00,24,339.68457250,341.75349250,49.65408000,18.37200960,STOP_GAP,0.26593334
IAUX,2026-01-13T09:45:00-05:00,2026-01-13T12:00:00-05:00,5291,1.60120000,1.55615273,-238.34512647,-88.18769679,ATR_STOP,-1.02661827
DDD,2026-01-12T09:45:00-05:00,2026-01-13T15:15:00-05:00,2,2.51188250,2.36631712,-0.29113076,-0.10771838,ATR_STOP,-1.01235189
EOSE,2026-01-13T12:30:00-05:00,2026-01-13T15:15:00-05:00,473,17.58818125,16.73534934,-403.38949474,-149.25411305,ATR_STOP,-1.01494867
CMPX,2026-01-13T15:30:00-05:00,2026-01-14T13:00:00-05:00,1460,5.52914375,5.83719418,449.75362994,166.40884308,ATR_TARGET,1.97195430
PRME,2026-01-14T13:15:00-05:00,2026-01-14T15:45:00-05:00,22,4.55341250,4.36258838,-4.19813060,-1.55330832,ATR_STOP,-1.01745882
KTOS,2026-01-14T13:15:00-05:00,2026-01-15T09:45:00-05:00,68,121.36095250,117.36943339,-271.42329933,-100.42662075,ATR_STOP,-1.02256816
DDD,2026-01-15T10:00:00-05:00,2026-01-15T10:45:00-05:00,41,2.54190500,2.44472930,-3.98420361,-1.47415534,ATR_STOP,-1.01924594
EOSE,2026-01-15T11:00:00-05:00,2026-01-15T15:15:00-05:00,5,18.11357500,17.20202351,-4.55775746,-1.68637026,ATR_STOP,-1.01436749
ACHR,2026-01-15T11:15:00-05:00,2026-01-15T15:30:00-05:00,1,9.18688500,8.84288693,-0.34399807,-0.12727929,ATR_STOP,-1.01967372
CCJ,2026-01-15T10:00:00-05:00,2026-01-16T09:30:00-05:00,71,112.33919125,116.29265220,280.69572771,103.85741925,ATR_TARGET,1.95679760
BTU,2026-01-15T15:45:00-05:00,2026-01-16T10:00:00-05:00,2,35.94193625,37.38811592,2.89235934,1.07017296,ATR_TARGET,1.96193008
TNYA,2026-01-14T13:15:00-05:00,2026-01-16T10:15:00-05:00,4,0.74926153,0.72177443,-0.10994840,-0.04068091,ATR_STOP,-1.02010502
NXE,2026-01-16T09:45:00-05:00,2026-01-16T10:30:00-05:00,677,12.04903000,11.77155070,-187.85348354,-69.50578891,ATR_STOP,-1.03288847
ABCL,2026-01-16T10:15:00-05:00,2026-01-16T10:30:00-05:00,17,4.37828125,4.22721614,-2.56810681,-0.95019952,ATR_STOP,-1.02145339
DDD,2026-01-15T14:00:00-05:00,2026-01-16T15:00:00-05:00,1,2.65048637,2.72767573,0.07718936,0.02856006,ATR_STOP,0.66814733
AMC,2026-01-16T11:00:00-05:00,2026-01-16T15:00:00-05:00,4854,1.67125250,1.60614498,-316.03192477,-116.93181217,ATR_STOP,-1.01886502
GME,2026-01-16T09:30:00-05:00,2026-01-16T15:30:00-05:00,1,21.34599750,21.11245438,-0.23354312,-0.08641095,ATR_STOP,-1.07279032
HIVE,2026-01-16T10:30:00-05:00,2026-01-20T09:30:00-05:00,1,3.49722095,3.25755500,-0.23966595,-0.08867640,STOP_GAP,-1.74750070
LUMN,2026-01-16T15:15:00-05:00,2026-01-20T09:30:00-05:00,930,8.50637500,8.10391750,-374.28547500,-138.48562575,STOP_GAP,-2.31836544
IAUX,2026-01-16T11:30:00-05:00,2026-01-20T09:30:00-05:00,1,1.59119250,1.70670190,0.11550940,0.04273848,ATR_TARGET,1.97806348
MU,2026-01-20T09:30:00-05:00,2026-01-20T09:30:00-05:00,21,364.95351000,376.85317037,249.89286772,92.46036106,ATR_TARGET,1.95356426
NXE,2026-01-20T09:45:00-05:00,2026-01-20T10:00:00-05:00,653,12.03902250,11.76825510,-176.81110905,-65.42011035,ATR_STOP,-1.03372146
EOSE,2026-01-20T10:15:00-05:00,2026-01-20T14:30:00-05:00,13,17.97347000,17.07131909,-11.72796188,-4.33934590,ATR_STOP,-1.01440746
AMD,2026-01-20T10:15:00-05:00,2026-01-21T09:45:00-05:00,32,234.95608500,245.09027475,324.29407215,119.98880670,ATR_TARGET,1.96434327
SLS,2026-01-20T15:15:00-05:00,2026-01-21T14:00:00-05:00,51,4.38828875,4.18256271,-10.49202815,-3.88205041,ATR_STOP,-1.01549596
IAUX,2026-01-22T09:45:00-05:00,2026-01-22T14:30:00-05:00,4458,1.77132750,1.79692193,114.09995939,42.21698497,ATR_STOP,0.41098550
ACHR,2026-01-22T14:45:00-05:00,2026-01-23T09:30:00-05:00,873,9.12533887,8.90152976,-195.38536082,-72.29258350,ATR_STOP,-1.03077060
IAUX,2026-01-23T09:45:00-05:00,2026-01-26T10:30:00-05:00,4264,1.84138000,1.86196446,87.77212928,32.47568783,ATR_STOP,0.40007500
GDS,2026-01-26T11:15:00-05:00,2026-01-26T14:00:00-05:00,3,44.67348000,46.54590375,5.61727124,2.07839036,ATR_TARGET,1.96336754
STX,2026-01-26T11:00:00-05:00,2026-01-26T15:00:00-05:00,21,369.14164875,358.24231799,-228.88594602,-84.68780003,ATR_STOP,-1.02529371
MRNA,2026-01-26T15:30:00-05:00,2026-01-27T09:30:00-05:00,161,48.19612000,50.67417893,398.96748746,147.61797036,ATR_TARGET,1.96976729
SLS,2026-01-26T15:45:00-05:00,2026-01-27T09:45:00-05:00,1,4.31323250,4.16321026,-0.15002224,-0.05550823,ATR_STOP,-1.02127165
BTE,2026-01-27T11:45:00-05:00,2026-01-27T12:00:00-05:00,1,3.43757625,3.37750065,-0.06007560,-0.02222797,ATR_STOP,-1.04405634
WTI,2026-01-27T09:45:00-05:00,2026-01-27T14:45:00-05:00,8,2.12679390,2.05913380,-0.54128077,-0.20027389,ATR_STOP,-1.02337623
GDS,2026-01-27T09:45:00-05:00,2026-01-28T09:30:00-05:00,167,47.87588000,46.29520036,-263.97350022,-97.67019508,ATR_STOP,-1.02247670
SLS,2026-01-27T14:15:00-05:00,2026-01-28T09:30:00-05:00,1,4.53840125,4.35856839,-0.17983286,-0.06653816,ATR_STOP,-1.01852828
IAUX,2026-01-27T15:15:00-05:00,2026-01-28T10:00:00-05:00,9,1.83557565,1.84724183,0.10499565,0.03884839,ATR_STOP,0.20697362
NIO,2026-01-28T09:45:00-05:00,2026-01-28T11:45:00-05:00,1663,4.70852875,4.62310251,-142.06383159,-52.56361769,ATR_STOP,-1.04233877
WTI,2026-01-28T10:00:00-05:00,2026-01-28T14:15:00-05:00,2,2.15661625,2.07871526,-0.15580197,-0.05764673,ATR_STOP,-1.02043739
NXE,2026-01-28T12:00:00-05:00,2026-01-28T15:45:00-05:00,583,13.28996000,13.91495943,364.37466743,134.81862695,ATR_TARGET,1.96712830
CCJ,2026-01-29T09:30:00-05:00,2026-01-29T09:30:00-05:00,58,135.34143000,132.16814637,-184.05045076,-68.09866678,ATR_STOP,-1.03226995
ALB,2026-01-29T09:45:00-05:00,2026-01-29T09:45:00-05:00,42,186.94010000,182.37073233,-191.91344213,-71.00797359,ATR_STOP,-1.03088124
USAS,2026-01-28T15:45:00-05:00,2026-01-29T10:00:00-05:00,1,9.24693000,8.89841382,-0.34851618,-0.12895098,ATR_STOP,-1.01953800
MRNA,2026-01-29T10:30:00-05:00,2026-01-29T12:00:00-05:00,163,47.29544500,45.74066875,-253.42852875,-93.76855564,STOP_GAP,-1.02342860
TSLZ,2026-01-29T09:45:00-05:00,2026-01-29T12:00:00-05:00,1,12.80459625,13.03490487,0.23030862,0.08521419,ATR_STOP,0.54943821
NIO,2026-01-29T13:15:00-05:00,2026-01-30T09:45:00-05:00,1576,4.81861125,4.85574204,58.51812107,21.65170480,ATR_STOP,0.28596894
WTI,2026-01-30T09:30:00-05:00,2026-01-30T13:15:00-05:00,1,2.20165000,2.12792491,-0.07372509,-0.02727828,ATR_STOP,-1.02214317
TSLA,2026-01-30T10:45:00-05:00,2026-02-02T09:30:00-05:00,17,436.68727000,420.93406250,-267.80452750,-99.08767518,STOP_GAP,-1.60572402
TSLL,2026-01-30T10:45:00-05:00,2026-02-02T09:30:00-05:00,11,17.58317750,16.35772250,-13.48000500,-4.98760185,STOP_GAP,-1.62408722
TNYA,2026-02-02T09:45:00-05:00,2026-02-02T13:30:00-05:00,8,0.80920645,0.87349641,0.51431969,0.19029829,ATR_TARGET,1.97981036
LUMN,2026-02-02T09:45:00-05:00,2026-02-02T15:00:00-05:00,808,9.22191125,8.89363406,-265.24797066,-98.14174914,ATR_STOP,-1.02075619
TSLQ,2026-02-03T09:30:00-05:00,2026-02-03T14:00:00-05:00,367,19.81485000,20.71579511,330.64685618,122.33933679,ATR_TARGET,1.96606958
TSLZ,2026-02-03T09:30:00-05:00,2026-02-03T14:00:00-05:00,1,12.86964500,13.43655678,0.56691178,0.20975736,ATR_TARGET,1.96504320
TNYA,2026-02-03T15:15:00-05:00,2026-02-04T09:30:00-05:00,8032,0.90808055,0.85968007,-388.75262504,-143.83847127,ATR_STOP,-1.01351148
CMPX,2026-02-04T09:45:00-05:00,2026-02-04T09:45:00-05:00,1075,6.55491250,6.37022105,-198.54331095,-73.46102505,ATR_STOP,-1.02657577
IAUX,2026-02-04T09:30:00-05:00,2026-02-04T10:30:00-05:00,107,1.88141000,1.82183198,-6.37484772,-2.35869366,ATR_STOP,-1.02349055
GME,2026-02-04T10:30:00-05:00,2026-02-04T12:30:00-05:00,275,25.09881000,24.34591476,-207.04619234,-76.60709116,ATR_STOP,-1.02487421
TSLZ,2026-02-04T10:45:00-05:00,2026-02-04T12:45:00-05:00,16,13.49011000,14.36566769,14.00892307,5.18330154,ATR_TARGET,1.97566998
ERAS,2026-02-04T15:15:00-05:00,2026-02-05T10:15:00-05:00,1,11.18838500,11.36488208,0.17649708,-7.03400570,ATR_STOP,0.46700617
BTE,2026-02-03T09:45:00-05:00,2026-02-05T10:30:00-05:00,1,3.48261000,3.39062543,-0.09198457,-0.03403429,ATR_STOP,-1.02845356
TSLZ,2026-02-05T09:45:00-05:00,2026-02-05T11:15:00-05:00,6,14.47084500,14.62661150,0.93459903,0.34580164,ATR_STOP,0.28236031
GME,2026-02-04T14:45:00-05:00,2026-02-09T09:45:00-05:00,280,24.92868250,24.27789811,-182.21963060,-67.42126332,ATR_STOP,-1.02880679
TNYA,2026-02-09T14:15:00-05:00,2026-02-10T09:30:00-05:00,5,0.84983690,0.82177232,-0.14032291,-0.05191948,ATR_STOP,-1.02247146
BTU,2026-02-09T10:15:00-05:00,2026-02-10T09:45:00-05:00,182,37.69825250,36.56647373,-205.98373596,-76.21398230,ATR_STOP,-1.02485250
HURA,2026-02-10T12:15:00-05:00,2026-02-10T13:00:00-05:00,10,1.00054985,1.23005183,2.29501976,0.84915731,ATR_TARGET,1.99198672
BTE,2026-02-09T09:45:00-05:00,2026-02-11T10:00:00-05:00,1,3.57768125,3.61282312,0.03514187,0.01300249,ATR_STOP,0.58956509
VISN,2026-02-10T10:00:00-05:00,2026-02-11T10:00:00-05:00,342,19.66473750,19.29677051,-125.84470976,-46.56254261,ATR_STOP,-1.04097345
IAUX,2026-02-10T14:15:00-05:00,2026-02-11T12:15:00-05:00,5,1.98648875,2.07890050,0.46205877,0.17096175,ATR_TARGET,1.96679130
WTI,2026-02-11T11:45:00-05:00,2026-02-12T09:30:00-05:00,2522,2.63697625,2.55376893,-209.84885084,-81.77658667,ATR_STOP,-1.02357918
IAUX,2026-02-11T12:30:00-05:00,2026-02-12T09:30:00-05:00,5,2.08656375,2.21113230,0.62284273,0.23045181,ATR_TARGET,1.97370485
TSLA,2026-02-12T09:45:00-05:00,2026-02-12T10:00:00-05:00,15,434.38554500,427.69465704,-100.36331940,-37.13442818,ATR_STOP,-1.05039529
TSLT,2026-02-12T09:30:00-05:00,2026-02-12T10:45:00-05:00,2,23.68775250,23.12943897,-1.11662706,-0.41315201,ATR_STOP,-1.03209167
IAUX,2026-02-12T09:45:00-05:00,2026-02-12T11:15:00-05:00,11,2.10157500,2.02542482,-0.83765199,-0.30993124,ATR_STOP,-1.02036995
NIO,2026-02-12T10:30:00-05:00,2026-02-12T11:15:00-05:00,1265,5.09882125,4.99685979,-128.98124670,-47.72306128,ATR_STOP,-1.03818775
ERAS,2026-02-12T14:45:00-05:00,2026-02-12T15:45:00-05:00,513,12.52939000,12.12811514,-205.85400565,-76.16598209,ATR_STOP,-1.02321154
HURA,2026-02-12T10:45:00-05:00,2026-02-13T12:45:00-05:00,2,1.33149788,1.42063372,0.17827170,0.06596053,STOP_GAP,0.60117885
GCTS,2026-02-05T11:30:00-05:00,2026-02-19T09:30:00-05:00,90,1.26594875,1.18483429,-7.30030116,-4.81122540,ATR_STOP,-1.01108496
SLS,2026-02-19T09:45:00-05:00,2026-02-19T11:00:00-05:00,20,3.84107865,4.05872813,4.35298952,1.61060612,ATR_TARGET,1.97239340
KTOS,2026-02-19T09:45:00-05:00,2026-02-19T11:45:00-05:00,63,101.16081375,101.22558338,4.08048669,1.50978007,ATR_STOP,0.02089821
NXE,2026-02-19T11:15:00-05:00,2026-02-19T12:30:00-05:00,6,12.37927750,12.06901028,-1.86160333,-0.68879323,ATR_STOP,-1.03007401
MRNA,2026-02-19T13:00:00-05:00,2026-02-19T14:45:00-05:00,134,47.84585750,50.39994325,342.24749034,126.63157143,ATR_TARGET,1.97081051
WTI,2026-02-19T15:00:00-05:00,2026-02-20T09:45:00-05:00,2496,2.67200250,2.56646656,-263.41771409,-97.46455421,ATR_STOP,-1.01859185
BTE,2026-02-23T09:45:00-05:00,2026-02-23T10:45:00-05:00,1698,3.83607490,3.77079983,-110.83706498,-41.00971404,ATR_STOP,-1.04532356
ACHR,2026-02-23T15:45:00-05:00,2026-02-24T09:30:00-05:00,1,6.96522000,6.78941961,-0.17580039,-0.06504614,ATR_STOP,-1.02985209
TSLQ,2026-02-23T11:15:00-05:00,2026-02-24T10:15:00-05:00,290,22.18662750,21.54984165,-184.66789746,-68.32712206,ATR_STOP,-1.02606222
CCJ,2026-02-25T09:45:00-05:00,2026-02-25T15:15:00-05:00,51,122.68194250,120.28371241,-122.30973456,-45.25460179,ATR_STOP,-1.03911719
USAS,2026-02-25T09:45:00-05:00,2026-02-26T09:30:00-05:00,8,8.89666750,8.57743340,-2.55387281,-4.08757829,ATR_STOP,-1.02058178
GME,2026-02-25T15:30:00-05:00,2026-02-26T10:15:00-05:00,255,24.20634115,24.18575119,-5.25044083,-1.94266311,ATR_STOP,-0.08067811
SLS,2026-02-26T10:45:00-05:00,2026-02-26T13:45:00-05:00,2,4.64848375,4.97080806,0.64464861,0.23851999,ATR_TARGET,1.97711489
CLOV,2026-02-26T09:45:00-05:00,2026-02-27T09:30:00-05:00,56,2.11158250,2.05845500,-2.97514000,-1.10080180,STOP_GAP,-1.05332136
USAS,2026-02-26T14:00:00-05:00,2026-02-27T09:30:00-05:00,1,9.10682500,9.55326967,0.44644467,0.16518453,ATR_TARGET,1.96838583
TSLZ,2026-02-26T10:30:00-05:00,2026-02-27T10:15:00-05:00,450,13.68525625,13.79889159,51.13590149,18.92028355,ATR_STOP,0.33976736
CLOV,2026-02-27T10:30:00-05:00,2026-02-27T11:15:00-05:00,2765,2.24668375,2.14491207,-281.39868855,-104.11751476,ATR_STOP,-1.01607291
IAUX,2026-02-26T15:15:00-05:00,2026-02-27T11:30:00-05:00,1,1.98648875,1.99280951,0.00632076,0.00233868,ATR_STOP,0.13016200
SGML,2026-02-27T09:30:00-05:00,2026-02-27T11:45:00-05:00,7,15.64172250,14.76691179,-6.12367496,-2.26575974,ATR_STOP,-1.01283217
WTI,2026-02-27T14:15:00-05:00,2026-03-02T09:30:00-05:00,2325,2.64198000,3.15763000,1198.88625000,443.58791250,TARGET_GAP,5.64619969
TPET,2026-02-27T14:45:00-05:00,2026-03-02T09:30:00-05:00,4,0.41050765,1.04921250,2.55481940,0.94528318,TARGET_GAP,27.69235471
TSLZ,2026-03-02T09:45:00-05:00,2026-03-02T10:45:00-05:00,2,14.46083750,14.01392089,-0.89383322,-0.33071829,ATR_STOP,-1.02410259
NXE,2026-03-02T09:30:00-05:00,2026-03-02T11:00:00-05:00,545,12.59944250,13.02759964,233.34563934,86.33788656,ATR_TARGET,1.95534484
TDUP,2026-03-02T10:00:00-05:00,2026-03-02T12:30:00-05:00,1,5.12384000,4.91536818,-0.20847182,-0.07713457,ATR_STOP,-1.01801566
HIVE,2026-03-02T11:15:00-05:00,2026-03-03T09:30:00-05:00,3163,2.21666125,2.12840250,-279.16242625,-103.29009771,STOP_GAP,-1.03149973
ABCL,2026-03-02T13:00:00-05:00,2026-03-03T09:30:00-05:00,3,3.65774125,3.64726250,-0.03143625,-0.01163141,STOP_GAP,-0.08088217
ACHR,2026-03-02T11:00:00-05:00,2026-03-03T09:30:00-05:00,3,7.47660325,7.20209006,-0.82353957,-0.30470964,ATR_STOP,-1.02008722
ASTS,2026-03-03T09:30:00-05:00,2026-03-03T09:30:00-05:00,77,88.07600750,85.48196174,-199.74152328,-73.90436361,ATR_STOP,-1.02536066
MRNA,2026-03-09T09:45:00-04:00,2026-03-09T10:15:00-04:00,121,55.17635125,52.92524078,-272.38436654,-100.78221562,ATR_STOP,-1.01796326
TPET,2026-03-09T09:45:00-04:00,2026-03-09T12:30:00-04:00,2,2.18163500,1.79937355,-0.76452289,-0.28287347,ATR_STOP,-1.00354556
BTE,2026-03-09T10:45:00-04:00,2026-03-09T13:15:00-04:00,2,4.08306000,3.98069914,-0.20472172,-0.07574704,ATR_STOP,-1.03006614
TNYA,2026-03-09T09:45:00-04:00,2026-03-09T14:30:00-04:00,1,0.93580133,0.95546334,0.01966202,0.00727495,ATR_STOP,0.26920966
GME,2026-03-09T10:45:00-04:00,2026-03-10T09:30:00-04:00,266,24.41830000,24.54158000,32.79248000,12.13321760,STOP_GAP,0.31135522
DDD,2026-03-09T14:15:00-04:00,2026-03-10T09:30:00-04:00,3,2.39679625,2.66493237,0.80440836,0.29763109,ATR_TARGET,1.98519118
MRNA,2026-03-10T09:30:00-04:00,2026-03-10T09:30:00-04:00,117,55.32146000,53.61391592,-199.78265680,-73.91958302,ATR_STOP,-1.02413515
ERAS,2026-03-10T09:45:00-04:00,2026-03-10T11:15:00-04:00,398,16.04202250,15.46660757,-229.01514168,-84.73560242,ATR_STOP,-1.02058981
PLUG,2026-03-10T10:30:00-04:00,2026-03-10T13:45:00-04:00,6,2.24668375,2.15725349,-0.53658155,-0.19853517,ATR_STOP,-1.01843906
ERAS,2026-03-10T13:00:00-04:00,2026-03-10T14:45:00-04:00,2,16.02200750,15.50515453,-1.03370595,-0.38247120,ATR_STOP,-1.02303492
SLS,2026-03-09T12:45:00-04:00,2026-03-11T09:45:00-04:00,1,5.85939125,5.57456180,-0.28482945,-0.10538690,ATR_STOP,-1.01490871
NIO,2026-03-11T09:30:00-04:00,2026-03-11T11:30:00-04:00,8,5.69426750,5.51486857,-1.43519142,-0.53102082,ATR_STOP,-1.02361785
INTC,2026-03-10T12:00:00-04:00,2026-03-12T09:45:00-04:00,130,47.72576750,46.50622616,-158.54037386,-62.33209838,ATR_STOP,-1.02946548
VISN,2026-03-13T09:45:00-04:00,2026-03-13T11:30:00-04:00,342,18.14860125,17.79299915,-121.61591718,-44.99788936,ATR_STOP,-1.03902080
TSLQ,2026-03-13T15:30:00-04:00,2026-03-16T09:30:00-04:00,2,22.71702500,22.10341000,-1.22723000,-0.45407510,STOP_GAP,-1.25536328
VIST,2026-03-13T14:45:00-04:00,2026-03-16T15:45:00-04:00,94,64.71850250,65.71450534,93.62426684,34.64097873,ATR_STOP,0.83190146
TNYA,2026-03-16T09:30:00-04:00,2026-03-18T09:30:00-04:00,55,0.87065250,0.83673253,-1.86559825,-0.69027135,ATR_STOP,-1.01886403
SEDG,2026-03-17T09:30:00-04:00,2026-03-18T09:30:00-04:00,148,41.27093000,43.58775133,342.88955722,126.86913617,ATR_TARGET,1.97215166
BTU,2026-03-19T09:45:00-04:00,2026-03-19T10:30:00-04:00,1,36.97771250,39.34074285,2.36303035,0.87432123,ATR_TARGET,1.97531704
BTE,2026-03-19T10:45:00-04:00,2026-03-19T13:30:00-04:00,9,4.24818375,4.17284308,-0.67806605,-0.25088444,ATR_STOP,-1.04337402
VSXY,2026-03-19T09:45:00-04:00,2026-03-20T09:45:00-04:00,132,47.97595500,46.73900434,-163.27748771,-60.41267045,ATR_STOP,-1.02918832
PLUG,2026-03-19T15:15:00-04:00,2026-03-20T13:30:00-04:00,16,2.38168493,2.29473662,-1.39117288,-0.51473397,ATR_STOP,-1.02020915
PLUG,2026-03-23T14:45:00-04:00,2026-03-24T09:30:00-04:00,1,2.34675875,2.25830500,-0.08845375,-0.03272789,STOP_GAP,-1.14276199
EVLV,2026-03-23T09:45:00-04:00,2026-03-24T09:30:00-04:00,1103,5.68426000,5.74822256,70.55070220,26.10375982,ATR_STOP,0.45373117
NIO,2026-03-24T09:45:00-04:00,2026-03-24T13:45:00-04:00,3,5.88941375,5.75654991,-0.39859151,-0.14747886,ATR_STOP,-1.03361246
PLUG,2026-03-24T15:15:00-04:00,2026-03-25T11:00:00-04:00,8,2.31673625,2.32090499,0.03334989,0.01233946,ATR_STOP,0.05671280
ERAS,2026-03-25T11:15:00-04:00,2026-03-25T15:30:00-04:00,1,15.50161750,15.73644427,0.23482677,0.08688590,ATR_STOP,0.45786889
BTE,2026-03-26T09:30:00-04:00,2026-03-26T09:45:00-04:00,4,4.20315000,4.20672596,0.01430386,0.00529243,ATR_STOP,0.06144002
PRME,2026-03-26T10:00:00-04:00,2026-03-26T14:15:00-04:00,5,3.78283500,3.66050964,-0.61162681,-0.22630192,ATR_STOP,-1.02297617
BTU,2026-03-24T09:45:00-04:00,2026-03-27T12:00:00-04:00,166,37.93342875,38.84838741,151.88313750,56.19676087,ATR_STOP,0.65687049
WTI,2026-03-27T09:45:00-04:00,2026-03-30T09:30:00-04:00,6,3.38253500,3.61229843,1.37858057,0.51007481,ATR_TARGET,1.97667482
BTE,2026-03-30T09:30:00-04:00,2026-03-30T15:30:00-04:00,1458,4.38328500,4.30874225,-108.68332406,-40.21282990,ATR_STOP,-1.04535182
WTI,2026-03-31T09:45:00-04:00,2026-03-31T12:45:00-04:00,1729,3.65774125,3.49653996,-278.71703424,-103.12530267,ATR_STOP,-1.01654953
YINN,2026-03-31T15:45:00-04:00,2026-04-01T09:45:00-04:00,2,32.55439750,31.92174575,-1.26530351,-0.46816230,ATR_STOP,-1.03936188
ECHO,2026-03-31T14:45:00-04:00,2026-04-01T14:00:00-04:00,51,119.25937750,120.83255265,80.23193266,29.68581508,ATR_STOP,0.57490626
BRZE,2026-03-30T09:45:00-04:00,2026-04-07T09:30:00-04:00,1,23.40754250,22.63350364,-0.77403886,-0.28639438,ATR_STOP,-1.02243953
TWLO,2026-04-08T09:45:00-04:00,2026-04-08T14:45:00-04:00,45,135.67167750,132.52798069,-141.46635623,-52.34255181,ATR_STOP,-1.03267516
VISN,2026-04-08T15:45:00-04:00,2026-04-09T10:15:00-04:00,323,18.60394250,18.74543740,45.70285178,13.97902270,ATR_STOP,0.44506130
TNYA,2026-04-09T09:30:00-04:00,2026-04-09T11:45:00-04:00,52,0.72054000,0.76867336,2.50293489,0.92608591,ATR_TARGET,1.97631147
PLUG,2026-04-08T09:45:00-04:00,2026-04-09T13:45:00-04:00,46,2.63147213,2.74418185,5.18464723,1.91831947,ATR_STOP,0.85795600
AMC,2026-04-10T09:45:00-04:00,2026-04-10T12:00:00-04:00,4446,1.39604625,1.32657710,-308.85982268,-114.27813439,ATR_STOP,-1.01454110
IAUX,2026-04-10T15:30:00-04:00,2026-04-13T09:30:00-04:00,4,1.69627125,1.65362427,-0.17058793,-0.06311753,ATR_STOP,-1.02997522
ADMA,2026-04-10T15:00:00-04:00,2026-04-13T09:45:00-04:00,612,9.81235375,10.11823147,187.19716189,69.26294990,ATR_TARGET,1.95154676
MRNA,2026-04-13T10:00:00-04:00,2026-04-13T10:45:00-04:00,115,52.93967500,51.55116444,-159.67871447,-59.08112435,ATR_STOP,-1.02866489
PLUG,2026-04-13T10:00:00-04:00,2026-04-14T10:15:00-04:00,13,2.79209250,2.99430875,2.62881119,0.97266014,ATR_TARGET,1.97801646
AMC,2026-04-13T11:00:00-04:00,2026-04-14T11:45:00-04:00,4288,1.39604625,1.52517857,553.71939524,204.87617624,ATR_TARGET,1.98242603
MVST,2026-04-14T12:00:00-04:00,2026-04-15T10:00:00-04:00,3669,1.72629375,1.83612359,402.96566943,149.09729769,ATR_TARGET,1.97521533
PLUG,2026-04-14T10:30:00-04:00,2026-04-15T11:30:00-04:00,13,2.99194227,2.86306046,-1.67546359,-0.61992153,ATR_STOP,-1.01695619
NVTS,2026-04-15T10:45:00-04:00,2026-04-15T12:30:00-04:00,1,10.27269875,9.96925414,-0.30344461,-0.11227450,ATR_STOP,-1.02528213
AMC,2026-04-14T12:00:00-04:00,2026-04-15T14:00:00-04:00,1,1.54615875,1.57371716,0.02755841,0.01019661,ATR_STOP,0.37459014
LUMN,2026-04-15T13:30:00-04:00,2026-04-15T14:15:00-04:00,1,8.22116125,8.64765901,0.42649776,0.15780417,ATR_TARGET,1.97001946
MNTS,2026-04-15T12:00:00-04:00,2026-04-16T09:30:00-04:00,5,7.31548250,6.28471050,-5.15386002,-1.90692821,ATR_STOP,-1.00459729
NIO,2026-04-13T09:45:00-04:00,2026-04-16T09:45:00-04:00,1,6.52489000,6.58325885,0.05836885,0.02159647,STOP_GAP,0.42466793
OTLK,2026-04-15T14:30:00-04:00,2026-04-16T09:45:00-04:00,46,0.26619950,0.27009727,0.17929765,0.06634013,STOP_GAP,0.35688917
RIVN,2026-04-15T10:15:00-04:00,2026-04-16T09:45:00-04:00,406,16.19713875,16.49303922,120.13559016,44.45016836,ATR_STOP,0.86922284
CSIQ,2026-04-16T09:45:00-04:00,2026-04-16T10:00:00-04:00,3,14.13259150,13.73283147,-1.19928008,-0.44373363,ATR_STOP,-1.02646626
TNYA,2026-04-15T12:15:00-04:00,2026-04-17T10:00:00-04:00,3,0.75536610,0.76810752,0.03822427,0.01414298,ATR_STOP,0.48974505
AAOI,2026-04-16T10:00:00-04:00,2026-04-17T10:45:00-04:00,44,149.61212500,154.53643486,216.66963372,80.16776448,ATR_STOP,0.68063350
HIVE,2026-04-17T10:00:00-04:00,2026-04-17T11:30:00-04:00,1,2.30172500,2.54071518,0.23899018,0.08842637,ATR_TARGET,1.98416779
AMC,2026-04-17T10:15:00-04:00,2026-04-17T12:00:00-04:00,2,1.70627875,1.87899769,0.34543787,0.12781201,ATR_TARGET,1.98380162
SOXL,2026-04-16T11:15:00-04:00,2026-04-17T12:15:00-04:00,1,88.42627000,94.23605458,5.80978458,2.14962030,ATR_TARGET,1.97594425
JMIA,2026-04-16T11:15:00-04:00,2026-04-17T13:15:00-04:00,4,7.89091375,8.17948661,1.15429143,0.42708783,ATR_STOP,1.06576900
BBBY,2026-04-17T14:00:00-04:00,2026-04-17T15:15:00-04:00,6,5.52914375,5.81155543,1.69447008,0.62695393,ATR_TARGET,1.96957922
LUMN,2026-04-17T11:30:00-04:00,2026-04-20T09:30:00-04:00,767,8.75656250,8.46364750,-224.66580500,-83.12634785,STOP_GAP,-1.25811630
OTLK,2026-04-17T15:30:00-04:00,2026-04-20T09:30:00-04:00,122,0.30933183,0.34374200,4.19804135,1.55327530,TARGET_GAP,2.37603052
SLS,2026-04-17T12:30:00-04:00,2026-04-20T09:30:00-04:00,19,5.08881375,5.37250263,5.39008870,1.99433282,ATR_TARGET,1.97197009
SGML,2026-04-20T09:45:00-04:00,2026-04-20T10:15:00-04:00,5,19.99598575,21.28489752,6.44455885,2.38448677,ATR_TARGET,1.97551413
DDD,2026-04-20T09:30:00-04:00,2026-04-20T15:15:00-04:00,2991,2.21165750,2.32150668,328.55890682,121.56679552,ATR_TARGET,1.96877119
NVTS,2026-04-20T10:30:00-04:00,2026-04-21T09:30:00-04:00,8,12.86464125,14.43416625,12.55620000,4.64579400,TARGET_GAP,2.49746900
LUMN,2026-04-20T15:30:00-04:00,2026-04-21T09:30:00-04:00,7,8.73154375,8.56293661,-1.18024995,-0.43669248,ATR_STOP,-1.03962892
CLOV,2026-04-20T15:45:00-04:00,2026-04-21T09:30:00-04:00,2,2.22666875,2.30987549,0.16641348,0.06157299,ATR_TARGET,1.95917830
ECHO,2026-04-21T09:45:00-04:00,2026-04-21T10:00:00-04:00,1,136.40222500,133.99196680,-2.41025820,-0.89179553,ATR_STOP,-1.04354240
AFRM,2026-04-20T15:30:00-04:00,2026-04-21T10:45:00-04:00,101,66.90013750,67.35142278,45.57981327,16.86453091,ATR_STOP,0.41811443
ACHR,2026-04-21T09:45:00-04:00,2026-04-21T10:45:00-04:00,6,6.19964625,6.04888975,-0.90453902,-0.33467944,ATR_STOP,-1.03105036
RIVN,2026-04-21T10:15:00-04:00,2026-04-21T11:00:00-04:00,7,17.41805375,17.08355784,-2.34147138,-0.86634441,ATR_STOP,-1.03986116
MVST,2026-04-21T10:30:00-04:00,2026-04-21T11:00:00-04:00,1,1.97147750,1.91556800,-0.05590950,-0.02068651,ATR_STOP,-1.02639450
BLNK,2026-04-20T14:00:00-04:00,2026-04-21T14:15:00-04:00,1,0.79069258,0.74660234,-0.04409024,-0.01631339,ATR_STOP,-1.01287328
OTLK,2026-04-21T15:15:00-04:00,2026-04-22T09:30:00-04:00,32,0.32324225,0.28958265,-1.07710720,-0.39852966,STOP_GAP,-1.33558931
WTI,2026-04-21T10:15:00-04:00,2026-04-22T09:30:00-04:00,4,3.12734375,3.32030443,0.77184271,0.28558180,ATR_TARGET,1.97449924
ABCL,2026-04-22T09:30:00-04:00,2026-04-22T10:15:00-04:00,2,4.05303750,4.08431971,0.06256441,0.02314883,ATR_STOP,0.31421668
LUMN,2026-04-21T15:00:00-04:00,2026-04-22T13:45:00-04:00,793,8.74655500,9.08090989,265.14343138,98.10306961,ATR_TARGET,1.96004467
BTE,2026-04-22T13:00:00-04:00,2026-04-23T09:30:00-04:00,2,4.44333000,4.57981039,0.27296079,0.10099549,ATR_TARGET,1.95086493
NXE,2026-04-22T14:45:00-04:00,2026-04-23T10:00:00-04:00,552,12.85463375,13.01871568,90.57322330,33.51209262,ATR_STOP,0.63949604
EOSE,2026-04-22T15:30:00-04:00,2026-04-23T10:00:00-04:00,1,7.31047875,7.08099907,-0.22947968,-0.08490748,ATR_STOP,-1.02370904
AMC,2026-04-23T09:45:00-04:00,2026-04-23T13:00:00-04:00,5,1.75131250,1.67774819,-0.36782157,-0.13609398,ATR_STOP,-1.01741587
BE,2026-04-23T11:00:00-04:00,2026-04-23T13:00:00-04:00,29,240.88052500,233.59608976,-211.24862194,-78.16199012,ATR_STOP,-1.02466253
ERAS,2026-04-23T11:30:00-04:00,2026-04-23T13:15:00-04:00,7,23.54764750,22.49126759,-7.39465938,-2.73602397,ATR_STOP,-1.01623966
REPL,2026-04-23T15:45:00-04:00,2026-04-24T09:30:00-04:00,2,2.87715625,2.66716474,-0.41998301,-0.15539371,ATR_STOP,-1.00962488
ABCL,2026-04-24T09:30:00-04:00,2026-04-24T09:30:00-04:00,1,4.08306000,3.96814110,-0.11491890,-0.04251999,ATR_STOP,-1.02660644
QS,2026-04-24T09:45:00-04:00,2026-04-24T09:45:00-04:00,1,8.17612750,7.64816251,-0.52796499,-0.19534705,ATR_STOP,-1.01099226
PLUG,2026-04-22T09:45:00-04:00,2026-04-24T12:30:00-04:00,4,3.15236250,3.23152598,0.31665391,0.11716195,ATR_STOP,0.62943494
BTE,2026-04-23T14:15:00-04:00,2026-04-27T09:30:00-04:00,1539,4.56342000,4.69659561,204.95725890,75.83418579,ATR_TARGET,1.94842615
ABCL,2026-04-24T12:45:00-04:00,2026-04-27T10:00:00-04:00,3,4.20304993,4.22078397,0.05320214,0.01968479,ATR_STOP,0.13460368
QS,2026-04-27T10:45:00-04:00,2026-04-27T11:00:00-04:00,2,7.73079375,7.28218323,-0.89722104,-0.33197178,ATR_STOP,-1.01233398
TSLZ,2026-04-27T10:00:00-04:00,2026-04-27T12:15:00-04:00,1,15.71177500,15.20758332,-0.50419168,-0.18655092,ATR_STOP,-1.02316309
CLOV,2026-04-27T14:00:00-04:00,2026-04-27T15:30:00-04:00,2,2.45684125,2.54976525,0.18584800,0.06876376,ATR_TARGET,1.95964141
LUMN,2026-04-27T13:30:00-04:00,2026-04-28T09:30:00-04:00,3,9.02176125,8.80339250,-0.65510625,-0.24238931,STOP_GAP,-1.11899385
SEDG,2026-04-27T09:45:00-04:00,2026-04-28T09:30:00-04:00,150,47.53562500,45.58001912,-293.34088242,-108.53612650,ATR_STOP,-1.01780512
OTLK,2026-04-24T10:30:00-04:00,2026-04-28T10:00:00-04:00,41,0.30012492,0.28141582,-0.76707340,-0.28381716,ATR_STOP,-1.01141862
BTE,2026-04-28T09:45:00-04:00,2026-04-29T09:30:00-04:00,1447,4.81861125,5.03222300,309.09620225,114.36559483,TARGET_GAP,2.64325412
CSIQ,2026-04-28T12:00:00-04:00,2026-04-29T09:30:00-04:00,1,14.77107000,14.18181646,-0.58925354,-0.21802381,ATR_STOP,-1.01839643
CLOV,2026-04-28T13:45:00-04:00,2026-04-29T09:45:00-04:00,1,2.57693125,2.52069825,-0.05623300,-0.02080621,ATR_STOP,-1.03481608
WTI,2026-04-29T09:45:00-04:00,2026-04-29T15:00:00-04:00,1,4.15311250,4.40127049,0.24815799,0.09181846,ATR_TARGET,1.97372614
TPET,2026-04-29T12:45:00-04:00,2026-04-29T15:45:00-04:00,10,0.52319210,0.57202809,0.48835990,0.18069316,ATR_TARGET,1.98257017
BTE,2026-04-29T09:45:00-04:00,2026-04-30T09:30:00-04:00,1438,4.97953185,5.02622750,67.14834470,24.84488754,STOP_GAP,0.51614342
WTI,2026-04-29T15:15:00-04:00,2026-04-30T09:30:00-04:00,1,4.41330750,4.28355545,-0.12975205,-0.04800826,ATR_STOP,-1.02540821
PLUG,2026-04-30T09:30:00-04:00,2026-04-30T09:30:00-04:00,310,3.42256500,3.26441046,-49.02790725,-18.14032568,ATR_STOP,-1.01573588
SGML,2026-04-30T09:45:00-04:00,2026-04-30T10:15:00-04:00,2,22.37677000,21.51285018,-1.72783963,-0.63930066,ATR_STOP,-1.01904607
TSLZ,2026-04-29T09:45:00-04:00,2026-04-30T10:30:00-04:00,1,15.09131000,15.09353781,0.00222781,0.00082429,ATR_STOP,0.00677874
TPET,2026-04-30T09:30:00-04:00,2026-04-30T15:00:00-04:00,11010,0.55041250,0.51730353,-364.52972187,-134.87599709,ATR_STOP,-1.01186615
FIVN,2026-04-30T15:15:00-04:00,2026-05-01T09:30:00-04:00,340,17.12283250,20.16486500,1034.29105000,382.68768850,TARGET_GAP,8.53901482
SOXL,2026-04-30T09:45:00-04:00,2026-05-01T09:30:00-04:00,8,121.44101250,123.82423952,19.06581619,7.05435199,ATR_STOP,0.55156235
ABCL,2026-05-01T09:30:00-04:00,2026-05-01T09:30:00-04:00,113,4.15311250,4.05778800,-10.77166898,-3.98551752,ATR_STOP,-1.03300458
CLOV,2026-04-30T11:00:00-04:00,2026-05-01T09:45:00-04:00,29,2.66699875,2.68298625,0.46363750,0.17154587,STOP_GAP,0.20118585
STX,2026-05-01T09:30:00-04:00,2026-05-01T09:45:00-04:00,9,667.51025750,708.45720062,368.52248806,136.35332058,ATR_TARGET,1.97436072
GCTS,2026-05-01T11:30:00-04:00,2026-05-04T09:30:00-04:00,2,1.56117000,1.71474931,0.30715862,0.11364869,ATR_TARGET,1.98337886
PRCH,2026-05-01T09:45:00-04:00,2026-05-04T09:45:00-04:00,12,9.87750258,10.31931505,5.30174975,1.96164741,ATR_STOP,1.02611597
SOXL,2026-05-01T09:45:00-04:00,2026-05-04T10:15:00-04:00,11,127.78576750,130.06719915,25.09574814,9.28542681,ATR_STOP,0.52294977
VUZI,2026-04-30T15:30:00-04:00,2026-05-04T12:00:00-04:00,3,2.80710375,2.70394775,-0.30946801,-0.11450316,ATR_STOP,-1.02006875
QS,2026-05-01T10:00:00-04:00,2026-05-04T12:45:00-04:00,5,7.34550500,7.12133328,-1.12085861,-0.41471768,ATR_STOP,-1.02442576
INTC,2026-05-01T10:00:00-04:00,2026-05-05T09:30:00-04:00,63,98.43377000,104.87692215,405.91858559,150.18987667,ATR_TARGET,1.97586068
SLS,2026-05-04T10:00:00-04:00,2026-05-05T09:30:00-04:00,24,5.14385500,4.99049070,-3.68074329,-1.36187502,ATR_STOP,-1.02503483
BTE,2026-05-04T12:00:00-04:00,2026-05-05T10:15:00-04:00,283,5.02876875,5.17590700,41.64012336,15.40684564,ATR_TARGET,1.94855298
TSLL,2026-05-04T13:30:00-04:00,2026-05-05T10:15:00-04:00,3,13.23992250,13.36408311,0.37248182,0.13781827,ATR_STOP,0.26300668
TNYA,2026-05-05T09:30:00-04:00,2026-05-05T12:15:00-04:00,5,0.79859850,0.76656050,-0.16018999,-0.05927030,ATR_STOP,-1.01828682
PENG,2026-05-05T09:45:00-04:00,2026-05-05T14:15:00-04:00,5,33.48539522,35.63289931,10.73752041,3.97288255,ATR_TARGET,1.97539865
HIVE,2026-05-05T11:30:00-04:00,2026-05-06T09:30:00-04:00,1,2.70832973,2.90282125,0.19449152,0.07196186,TARGET_GAP,2.06094456
QUBT,2026-05-05T14:30:00-04:00,2026-05-06T09:30:00-04:00,18,9.53194360,9.99111395,8.26506627,3.05807452,ATR_TARGET,1.96786178
ACHR,2026-05-05T15:00:00-04:00,2026-05-06T09:30:00-04:00,1,5.79934625,6.08580022,0.28645397,0.10598797,ATR_TARGET,1.96860870
TWLO,2026-05-05T09:45:00-04:00,2026-05-06T09:45:00-04:00,33,193.94535000,193.79454500,-4.97656500,-1.84132905,STOP_GAP,-0.03087763
REPL,2026-05-06T09:30:00-04:00,2026-05-06T10:15:00-04:00,1,2.90217500,3.25471947,0.35254447,0.13044145,ATR_TARGET,1.98623685
TNYA,2026-05-06T10:30:00-04:00,2026-05-06T11:30:00-04:00,4,0.81981440,0.78371846,-0.14438378,-0.05342200,ATR_STOP,-1.01656626
QUBT,2026-05-06T09:45:00-04:00,2026-05-07T09:30:00-04:00,655,10.03752250,10.02247750,-9.85447500,-3.64615575,STOP_GAP,-0.04796837
PLUG,2026-05-05T10:30:00-04:00,2026-05-07T09:45:00-04:00,450,3.32749375,3.18538947,-63.94692503,-23.66036226,ATR_STOP,-1.01711242
APP,2026-05-07T10:15:00-04:00,2026-05-07T11:00:00-04:00,3,472.69425500,506.90646789,102.63663868,37.97555631,ATR_TARGET,1.97800314
TNYA,2026-05-07T11:45:00-04:00,2026-05-07T12:45:00-04:00,1872,0.82191598,0.79522236,-49.97044662,-18.48906525,ATR_STOP,-1.02287122
HIVE,2026-05-06T09:45:00-04:00,2026-05-07T13:15:00-04:00,2,2.92219000,2.80148625,-0.24140750,-0.08932078,ATR_STOP,-1.01772911
FIVN,2026-05-07T09:45:00-04:00,2026-05-07T15:15:00-04:00,1,23.16736250,22.30378647,-0.86357603,-0.31952313,ATR_STOP,-1.01976818
FROG,2026-05-07T15:00:00-04:00,2026-05-08T09:30:00-04:00,26,57.19286250,66.30023750,236.79175000,87.61294750,TARGET_GAP,7.27475705
CSIQ,2026-05-07T15:30:00-04:00,2026-05-08T09:30:00-04:00,2,17.48310250,18.48392661,2.00164822,0.74060984,ATR_TARGET,1.97265520
VISN,2026-05-08T09:30:00-04:00,2026-05-08T09:30:00-04:00,137,12.00900000,11.79998714,-28.63476173,-10.59486184,ATR_STOP,-1.04424860
AFRM,2026-05-07T09:45:00-04:00,2026-05-08T09:45:00-04:00,2,67.96093250,68.94685105,1.97183710,0.72957973,STOP_GAP,0.57429379
AAOI,2026-05-08T09:45:00-04:00,2026-05-08T10:15:00-04:00,10,174.36067250,163.70684941,-106.53823085,-39.41914542,ATR_STOP,-1.01166773
REPL,2026-05-06T13:15:00-04:00,2026-05-08T13:15:00-04:00,1,3.35751625,3.98700750,0.62949125,0.23291176,TARGET_GAP,2.77453240
MVST,2026-05-08T09:45:00-04:00,2026-05-08T14:30:00-04:00,33,2.00470240,2.14289208,4.56025951,1.68729602,ATR_TARGET,1.97699002
CLOV,2026-05-08T12:30:00-04:00,2026-05-08T15:00:00-04:00,589,2.84713375,3.01581955,99.35593817,36.76169712,ATR_TARGET,1.97351775
TWLO,2026-05-07T09:45:00-04:00,2026-05-11T09:30:00-04:00,32,197.15775750,200.54926819,108.52834214,40.15548659,ATR_STOP,0.71175989
BLNK,2026-05-08T14:30:00-04:00,2026-05-11T10:00:00-04:00,4,0.85894372,0.92453900,0.26238108,0.09708100,ATR_TARGET,1.97906372
IAUX,2026-05-08T15:15:00-04:00,2026-05-11T10:30:00-04:00,1155,1.56617375,1.58358941,20.11508806,7.44258258,ATR_STOP,0.42587030
SLS,2026-05-11T09:45:00-04:00,2026-05-11T11:15:00-04:00,2,5.13214623,5.38880322,0.51331399,0.18992618,ATR_TARGET,1.96897115
HIVE,2026-05-11T10:15:00-04:00,2026-05-11T13:30:00-04:00,2,2.89717125,3.11633302,0.43832353,0.16217971,ATR_TARGET,1.97888040
ECHO,2026-05-11T09:45:00-04:00,2026-05-11T15:15:00-04:00,49,127.78076375,129.52887044,85.65722775,31.69317427,ATR_STOP,0.65440271
DDD,2026-05-11T13:45:00-04:00,2026-05-11T15:15:00-04:00,6,2.56692375,2.48556199,-0.48817056,-0.18062311,ATR_STOP,-1.02346742
CSIQ,2026-05-11T09:45:00-04:00,2026-05-12T09:30:00-04:00,5,20.51537500,19.58008280,-4.67646102,-1.73029058,ATR_STOP,-1.01596366
CMPX,2026-05-11T11:00:00-04:00,2026-05-12T09:30:00-04:00,19,1.88641375,1.81087734,-1.43519175,-0.53102095,ATR_STOP,-1.01832338
FROG,2026-05-11T15:45:00-04:00,2026-05-12T09:30:00-04:00,2,68.76153250,66.74681627,-4.02943247,-1.49089001,ATR_STOP,-1.02549996
AAOI,2026-05-11T10:45:00-04:00,2026-05-12T09:45:00-04:00,10,178.68391250,189.12761799,104.43705487,38.64171030,ATR_STOP,0.75938388
APP,2026-05-11T15:30:00-04:00,2026-05-12T12:45:00-04:00,13,474.23541000,479.52105484,68.71338287,25.42395166,ATR_STOP,0.48620105
REPL,2026-05-12T09:45:00-04:00,2026-05-12T12:45:00-04:00,75,3.94525673,4.13276444,14.06307873,5.20333913,ATR_STOP,0.74016482
TNYA,2026-05-12T10:15:00-04:00,2026-05-13T09:45:00-04:00,1749,1.06079500,0.96754294,-163.09784521,-60.34620273,ATR_STOP,-1.00784864
CLOV,2026-05-12T14:30:00-04:00,2026-05-13T11:15:00-04:00,1966,3.31248250,3.48445292,338.09384436,125.09472241,ATR_TARGET,1.97003992
IAUX,2026-05-13T11:45:00-04:00,2026-05-13T12:30:00-04:00,4,1.64623375,1.58660322,-0.23852211,-0.08825318,ATR_STOP,-1.02037734
BLNK,2026-05-13T11:00:00-04:00,2026-05-13T13:15:00-04:00,3,0.94610905,0.89133491,-0.16432241,-0.06079929,ATR_STOP,-1.01236487
REPL,2026-05-13T10:00:00-04:00,2026-05-13T14:00:00-04:00,381,4.59374273,5.39315203,304.57494430,112.69272939,ATR_TARGET,1.98992379
PLUG,2026-05-13T14:30:00-04:00,2026-05-14T09:30:00-04:00,488,3.98438605,3.75415701,-112.35177308,-41.57015604,ATR_STOP,-1.01239046
SLS,2026-05-13T14:00:00-04:00,2026-05-14T11:30:00-04:00,1,6.26969875,7.04957173,0.77987298,0.28855300,ATR_TARGET,1.98652219
ASTS,2026-05-13T11:30:00-04:00,2026-05-14T12:45:00-04:00,3,76.52735250,83.32522311,20.39361184,7.54563638,ATR_TARGET,1.98176762
NVTS,2026-05-13T11:45:00-04:00,2026-05-14T13:15:00-04:00,2,21.30096375,22.03011353,1.45829956,0.53957084,ATR_STOP,0.53478679
BE,2026-05-13T11:30:00-04:00,2026-05-15T09:30:00-04:00,22,293.03961500,286.57490750,-142.22356500,-52.62271905,STOP_GAP,-0.49306835
DDD,2026-05-14T14:00:00-04:00,2026-05-15T09:30:00-04:00,89,3.21741125,3.08396627,-11.87660310,-4.39434315,ATR_STOP,-1.01765199
WTI,2026-05-14T09:45:00-04:00,2026-05-15T09:45:00-04:00,424,4.41330750,4.70667152,124.38634362,46.02294714,ATR_TARGET,1.97620281
ASPN,2026-05-14T11:45:00-04:00,2026-05-15T10:00:00-04:00,1,5.87940625,5.61097370,-0.26843255,-0.09932004,ATR_STOP,-1.01593888
APP,2026-05-15T10:00:00-04:00,2026-05-18T10:30:00-04:00,17,495.92166250,500.96866889,85.79910857,31.74567017,ATR_STOP,0.34846824
WTI,2026-05-18T11:00:00-04:00,2026-05-18T14:15:00-04:00,1772,4.78858875,4.87907237,160.33697428,59.32468048,ATR_STOP,0.59246717
VUZI,2026-05-18T15:15:00-04:00,2026-05-19T09:30:00-04:00,21,3.58268500,4.06601687,10.14996919,3.75548860,ATR_TARGET,1.98745105
REPL,2026-05-15T10:30:00-04:00,2026-05-19T09:45:00-04:00,32,5.25894125,4.84035972,-13.39460912,-4.95600537,ATR_STOP,-1.00875529
ASTS,2026-05-18T15:15:00-04:00,2026-05-19T10:00:00-04:00,99,85.98444000,81.94505255,-399.89935768,-147.96276234,ATR_STOP,-1.01546172
WTI,2026-05-19T09:45:00-04:00,2026-05-19T10:45:00-04:00,1,5.01315705,4.84182240,-0.17133465,-0.06339382,ATR_STOP,-1.02167013
SOXS,2026-05-19T10:15:00-04:00,2026-05-19T11:30:00-04:00,60,109.18182500,102.01951262,-429.73874288,-159.00333487,ATR_STOP,-1.01080650
BTE,2026-05-19T12:00:00-04:00,2026-05-20T10:15:00-04:00,1180,5.32288918,5.23170538,-107.59687584,-39.81084406,ATR_STOP,-1.04500179
VUZI,2026-05-19T12:45:00-04:00,2026-05-20T11:15:00-04:00,1,4.10807875,4.37734374,0.26926499,0.09962805,ATR_STOP,0.91114681
ADMA,2026-05-19T09:45:00-04:00,2026-05-20T13:15:00-04:00,9,8.50637500,8.63106688,1.12222688,0.41522395,ATR_STOP,0.89324208
CLOV,2026-05-19T10:45:00-04:00,2026-05-20T14:45:00-04:00,541,3.45759125,3.55737944,53.98541287,19.97460276,ATR_STOP,0.88542816
NVTS,2026-05-20T10:30:00-04:00,2026-05-20T15:30:00-04:00,296,20.97572000,23.24249316,670.96485411,248.25699602,ATR_TARGET,1.98472567
SLS,2026-05-20T14:45:00-04:00,2026-05-21T09:30:00-04:00,8,9.05668742,8.58935311,-3.73867453,-1.38330958,ATR_STOP,-1.01398790
ECHO,2026-05-20T15:15:00-04:00,2026-05-21T09:45:00-04:00,13,140.28513500,137.31027965,-38.67311957,-14.30905424,ATR_STOP,-1.03588696
WTI,2026-05-21T09:45:00-04:00,2026-05-21T11:00:00-04:00,15,4.60345000,4.44591312,-2.36305322,-0.87432969,ATR_STOP,-1.02164033
PSNL,2026-05-21T10:00:00-04:00,2026-05-21T12:45:00-04:00,225,7.99599250,8.22784979,52.16789037,19.30211944,ATR_STOP,0.77548863
CMPX,2026-05-20T11:45:00-04:00,2026-05-21T13:00:00-04:00,4,1.87640625,1.91326991,0.14745463,0.05455821,ATR_STOP,0.53272158
SEDG,2026-05-21T11:15:00-04:00,2026-05-22T09:30:00-04:00,1,60.70049125,62.18919970,1.48870845,0.55082213,ATR_STOP,0.40825690
GCTS,2026-05-21T11:45:00-04:00,2026-05-22T09:30:00-04:00,2,3.43757625,3.09713166,-0.68088917,-0.25192899,ATR_STOP,-1.00687505
PLTR,2026-05-20T15:45:00-04:00,2026-05-22T09:45:00-04:00,49,136.95263750,137.09116759,6.78797453,2.51155057,ATR_STOP,0.08800943
MNTS,2026-05-22T09:45:00-04:00,2026-05-22T10:45:00-04:00,10,7.71578250,7.11381195,-6.01970547,-2.22729103,ATR_STOP,-1.00894919
LUMN,2026-05-21T13:30:00-04:00,2026-05-22T14:30:00-04:00,190,9.65223375,9.35883534,-55.74569795,-20.62590824,ATR_STOP,-1.02452874
CMPX,2026-05-22T11:00:00-04:00,2026-05-22T15:00:00-04:00,36,2.02151500,2.07732203,2.00905307,0.74334964,ATR_STOP,0.71981406
PENG,2026-05-22T10:00:00-04:00,2026-05-22T15:30:00-04:00,132,50.89814500,52.68349377,235.66603731,87.19643381,ATR_STOP,0.96365186
SEDG,2026-05-22T15:30:00-04:00,2026-05-26T09:30:00-04:00,29,62.60692000,67.07616610,129.60813681,47.95501062,ATR_TARGET,1.97772149
DDD,2026-05-26T10:15:00-04:00,2026-05-26T14:15:00-04:00,1,3.32749375,3.63239435,0.30490060,0.11281322,ATR_TARGET,1.98227502
GCTS,2026-05-26T09:45:00-04:00,2026-05-26T15:45:00-04:00,2,3.56267000,3.28308938,-0.55916125,-0.20688966,ATR_STOP,-1.00889216
SOFI,2026-05-26T09:45:00-04:00,2026-05-27T11:15:00-04:00,550,16.02190742,16.32917406,168.99664687,62.52875934,ATR_STOP,0.67982362
CLOV,2026-05-26T14:30:00-04:00,2026-05-27T11:15:00-04:00,1,3.61771125,3.53223413,-0.08547712,-0.03162653,ATR_STOP,-1.03200885
OTLK,2026-05-27T10:15:00-04:00,2026-05-27T15:30:00-04:00,3,0.45073780,0.54943958,0.29610534,0.10955898,ATR_TARGET,1.99167851
ACHR,2026-05-27T12:30:00-04:00,2026-05-28T12:15:00-04:00,8,6.57993125,7.00497509,3.40035069,1.25812975,ATR_TARGET,1.97556283
ABCL,2026-05-27T10:15:00-04:00,2026-05-28T14:15:00-04:00,1,5.48411000,5.88750167,0.40339167,0.14925492,ATR_TARGET,1.97832847
HIVE,2026-05-27T13:00:00-04:00,2026-05-28T15:15:00-04:00,1,4.21315750,4.38670750,0.17355000,0.06421350,STOP_GAP,0.87927955
VSAT,2026-05-27T12:15:00-04:00,2026-05-29T09:30:00-04:00,102,86.90012625,76.91227250,-1018.76108250,-376.94160052,STOP_GAP,-2.42937806
GCTS,2026-05-28T12:30:00-04:00,2026-05-29T09:30:00-04:00,15,3.57267750,3.62727750,0.81900000,0.30303000,STOP_GAP,0.24007289
OTLK,2026-05-28T14:30:00-04:00,2026-05-29T09:45:00-04:00,8,0.79659700,0.71071544,-0.68705248,-0.25420942,ATR_STOP,-1.00625013
SLS,2026-05-29T09:30:00-04:00,2026-05-29T10:00:00-04:00,899,9.21690750,8.89033210,-293.59128879,-108.62877685,ATR_STOP,-1.02085870
CMPX,2026-05-28T15:15:00-04:00,2026-05-29T10:15:00-04:00,2,2.40680375,2.33151551,-0.15057648,-0.05571330,ATR_STOP,-1.02379643
SGML,2026-05-29T10:30:00-04:00,2026-05-29T11:00:00-04:00,1,16.49736375,17.42671196,0.92934821,0.34385884,ATR_TARGET,1.97224224
AMC,2026-05-29T10:00:00-04:00,2026-05-29T11:30:00-04:00,4,1.61621125,1.71448712,0.39310348,0.14544829,ATR_TARGET,1.97415035
PSNL,2026-05-29T10:45:00-04:00,2026-05-29T13:45:00-04:00,1,11.15335875,11.46385943,0.31050068,0.11488525,ATR_STOP,0.74804619
ABCL,2026-05-29T11:45:00-04:00,2026-05-29T14:45:00-04:00,1,5.96447000,6.04242942,0.07795942,0.02884498,ATR_STOP,0.37425619
TNYA,2026-05-29T11:15:00-04:00,2026-05-29T15:45:00-04:00,1,0.83042235,0.88790819,0.05748584,0.02126976,ATR_TARGET,1.97707980
IAUX,2026-05-29T11:15:00-04:00,2026-06-01T09:30:00-04:00,10,1.64123000,1.57881500,-0.62415000,-0.23093550,STOP_GAP,-1.12626604
VISN,2026-05-29T15:30:00-04:00,2026-06-01T09:30:00-04:00,1,12.52939000,12.32075250,-0.20863750,-0.07719587,STOP_GAP,-1.55951548
DDD,2026-06-01T09:30:00-04:00,2026-06-01T09:30:00-04:00,10,3.49261750,3.73397083,2.41353326,0.89300731,ATR_TARGET,1.97704270
FIVN,2026-05-29T10:15:00-04:00,2026-06-01T09:45:00-04:00,338,23.89791000,25.39797974,507.02357201,187.59872164,ATR_TARGET,1.97490307
OTLK,2026-06-01T10:15:00-04:00,2026-06-01T11:45:00-04:00,2,0.78268658,0.90424194,0.24311073,0.08995097,ATR_TARGET,1.98889523
EVLV,2026-06-01T09:45:00-04:00,2026-06-01T12:15:00-04:00,1,6.56752195,6.58933589,0.02181394,0.00807116,ATR_STOP,0.19400609
FIVN,2026-06-01T10:00:00-04:00,2026-06-01T14:15:00-04:00,330,25.42905750,26.23937972,267.40633356,98.94034342,ATR_STOP,0.87122656
IVVD,2026-06-01T09:45:00-04:00,2026-06-01T15:15:00-04:00,2,1.17097757,1.20909651,0.07623787,0.02820801,ATR_STOP,0.87901321
QUBT,2026-06-01T14:45:00-04:00,2026-06-02T09:30:00-04:00,146,12.87464875,12.23581625,-93.26954500,-34.50973165,STOP_GAP,-1.22045534
GCTS,2026-06-01T10:00:00-04:00,2026-06-02T09:30:00-04:00,1,3.55766625,3.36994886,-0.18771739,-0.06945543,ATR_STOP,-1.01365833
PLUG,2026-06-01T13:30:00-04:00,2026-06-02T09:30:00-04:00,2,3.98798875,3.85078575,-0.27440600,-0.10153022,ATR_STOP,-1.02151886
AMC,2026-06-01T14:30:00-04:00,2026-06-02T09:30:00-04:00,3156,2.11658625,1.97698519,-440.58093596,-163.01494630,ATR_STOP,-1.01074342
APPS,2026-06-01T09:45:00-04:00,2026-06-02T10:00:00-04:00,3,9.29696750,8.74963758,-1.64198977,-0.60753622,ATR_STOP,-1.01214424
NXE,2026-06-02T10:15:00-04:00,2026-06-02T11:30:00-04:00,2,11.90892500,12.46930081,1.12075161,0.41467810,ATR_TARGET,1.96714614
MVST,2026-06-02T11:45:00-04:00,2026-06-02T15:45:00-04:00,15,1.59579595,1.52607440,-1.04582324,-0.38695460,ATR_STOP,-1.01670282
PLUG,2026-06-02T09:45:00-04:00,2026-06-03T09:30:00-04:00,1993,4.13299743,3.95626055,-352.23659257,-130.32753925,ATR_STOP,-1.01708848
DDD,2026-06-02T10:15:00-04:00,2026-06-03T09:30:00-04:00,1,3.91293250,3.73150731,-0.18142519,-0.06712732,ATR_STOP,-1.01567944
LUMN,2026-06-03T09:30:00-04:00,2026-06-03T09:30:00-04:00,2,10.55791250,10.27583390,-0.56415720,-0.20873816,ATR_STOP,-1.02811085
RIVN,2026-06-03T09:45:00-04:00,2026-06-03T10:45:00-04:00,455,17.67324500,17.82603809,69.52085389,25.72271594,ATR_STOP,0.29811761
STX,2026-06-03T11:30:00-04:00,2026-06-03T12:30:00-04:00,1,963.69723125,939.32341200,-24.37381925,-9.01831312,ATR_STOP,-1.02978695
PSNL,2026-06-03T13:45:00-04:00,2026-06-04T09:30:00-04:00,3,10.99824250,10.65950201,-1.01622148,-0.37600195,ATR_STOP,-1.02419009
TDUP,2026-06-03T15:45:00-04:00,2026-06-04T10:15:00-04:00,1,4.57843125,4.59909799,0.02066674,0.00764669,ATR_STOP,0.16397386
REPL,2026-06-03T11:00:00-04:00,2026-06-04T10:30:00-04:00,702,9.84727993,10.24959847,282.42762054,104.49821960,ATR_STOP,0.68716488
TWLO,2026-06-03T13:00:00-04:00,2026-06-04T10:30:00-04:00,5,223.90780500,234.71349403,54.02844516,19.99052471,ATR_TARGET,1.96791667
OTLK,2026-06-04T09:45:00-04:00,2026-06-04T12:00:00-04:00,39,0.83902880,0.83985599,0.03226053,0.01193640,ATR_STOP,0.02005401
GME,2026-06-04T11:15:00-04:00,2026-06-04T12:30:00-04:00,358,23.03726500,22.52306005,-184.08537066,-68.11158714,ATR_STOP,-1.03399351
AAOI,2026-06-04T13:00:00-04:00,2026-06-04T13:30:00-04:00,43,189.61140198,207.07631082,750.99108050,277.86669979,ATR_TARGET,1.98235858
AMC,2026-06-04T14:00:00-04:00,2026-06-04T14:30:00-04:00,4512,1.91253333,1.91299969,2.10422415,0.77856294,ATR_STOP,0.00551516
SLS,2026-06-04T13:15:00-04:00,2026-06-05T09:45:00-04:00,1,9.09181375,8.77636993,-0.31544382,-0.11671421,ATR_STOP,-1.02132775
APPS,2026-06-04T15:30:00-04:00,2026-06-05T11:30:00-04:00,920,9.38203125,9.02485139,-328.60547483,-121.58402569,ATR_STOP,-1.01933105
TDUP,2026-06-05T11:45:00-04:00,2026-06-05T13:00:00-04:00,1723,4.89867125,4.77486461,-213.31884350,-78.92797209,ATR_STOP,-1.02980995
VSXY,2026-06-05T15:45:00-04:00,2026-06-08T09:45:00-04:00,111,74.41076625,78.55811494,460.35570407,170.33161050,ATR_TARGET,1.97196460
OTLK,2026-06-05T15:45:00-04:00,2026-06-08T10:15:00-04:00,62,0.77928402,0.73947496,-2.46816191,-0.91321991,ATR_STOP,-1.01413924
VSXY,2026-06-09T09:45:00-04:00,2026-06-09T10:45:00-04:00,109,78.40876250,76.11039876,-250.52164799,-92.69300976,ATR_STOP,-1.02548843
REPL,2026-06-09T09:45:00-04:00,2026-06-09T11:30:00-04:00,5,9.00675000,8.70770925,-1.49520375,-0.55322539,ATR_STOP,-1.02234383
AMC,2026-06-09T10:15:00-04:00,2026-06-09T12:30:00-04:00,2,1.86139500,1.99748337,0.27217674,0.10070539,ATR_TARGET,1.97820680
TSLZ,2026-06-09T11:15:00-04:00,2026-06-09T12:30:00-04:00,682,12.28720850,13.17596885,606.13455754,224.26978629,ATR_TARGET,1.97799055
CLOV,2026-06-09T13:30:00-04:00,2026-06-10T09:30:00-04:00,2007,4.39329250,4.74082788,697.50351313,258.07629986,ATR_TARGET,1.97973025
WTI,2026-06-10T09:45:00-04:00,2026-06-10T11:00:00-04:00,2315,3.99799625,4.24374435,568.90685947,210.49553801,ATR_TARGET,1.97440923
TPET,2026-06-10T10:45:00-04:00,2026-06-10T12:30:00-04:00,4,0.37788320,0.41467648,0.14717311,0.05445405,ATR_TARGET,1.98322356
AMC,2026-06-10T09:45:00-04:00,2026-06-11T09:30:00-04:00,1,2.04653375,2.24802506,0.20149131,0.07455178,ATR_TARGET,1.98339112
GME,2026-06-10T12:30:00-04:00,2026-06-11T09:30:00-04:00,426,22.53188625,22.18288351,-148.67516524,-55.00981114,ATR_STOP,-1.05009627
AMC,2026-06-12T10:30:00-04:00,2026-06-12T13:45:00-04:00,41,2.37678125,2.24178536,-5.53483136,-2.04788760,ATR_STOP,-1.01262141
INTC,2026-06-12T09:45:00-04:00,2026-06-15T09:30:00-04:00,79,119.16430625,129.39288250,808.05752375,298.98128379,TARGET_GAP,2.26277770
CLOV,2026-06-15T09:30:00-04:00,2026-06-15T09:30:00-04:00,2102,4.72354000,4.57214764,-318.22674814,-117.74389681,ATR_STOP,-1.02319322
VISN,2026-06-12T15:45:00-04:00,2026-06-15T09:45:00-04:00,7,12.72453625,12.76042250,0.25120375,0.09294539,STOP_GAP,0.20415302
AMC,2026-06-15T09:45:00-04:00,2026-06-16T09:30:00-04:00,4157,2.36177000,2.21833500,-596.25929500,-220.61593915,STOP_GAP,-1.25950030
ERAS,2026-06-16T09:30:00-04:00,2026-06-16T09:30:00-04:00,653,14.44082250,14.12386145,-206.97556840,-76.58096031,ATR_STOP,-1.03460256
MRNA,2026-06-16T09:45:00-04:00,2026-06-16T10:30:00-04:00,176,52.71951000,52.62050500,-17.42488000,-6.44720560,STOP_GAP,-0.08026337
OTLK,2026-06-16T09:45:00-04:00,2026-06-16T11:00:00-04:00,26,1.24593375,1.47279248,5.89832691,2.18238096,ATR_TARGET,1.99030178
BE,2026-06-16T11:15:00-04:00,2026-06-16T15:15:00-04:00,31,297.09765625,282.99665163,-437.13114309,-161.73852294,ATR_STOP,-1.01529361
AMC,2026-06-16T15:30:00-04:00,2026-06-17T11:15:00-04:00,3556,2.51278318,2.72000087,736.86610847,272.64046013,ATR_TARGET,1.98048801
ACHR,2026-06-17T12:15:00-04:00,2026-06-17T15:00:00-04:00,1,5.63922625,5.44650592,-0.19272033,-0.07130652,ATR_STOP,-1.02167149
SOFI,2026-06-17T11:30:00-04:00,2026-06-17T15:15:00-04:00,508,18.48885625,18.00392780,-246.34365511,-91.14715239,ATR_STOP,-1.02866491
OTLK,2026-06-16T12:15:00-04:00,2026-06-17T15:30:00-04:00,62,1.50612875,1.57254295,4.11768059,1.52354182,ATR_STOP,0.42761644
BE,2026-06-18T09:45:00-04:00,2026-06-22T09:30:00-04:00,30,303.87773750,331.94636803,842.05891576,311.56179883,ATR_TARGET,1.98240352
TNYA,2026-06-18T13:45:00-04:00,2026-06-22T09:30:00-04:00,1,0.71163332,0.71565344,0.00402012,0.00148744,ATR_STOP,0.18566826
AMD,2026-06-22T09:45:00-04:00,2026-06-22T10:15:00-04:00,17,542.35646250,547.00174576,78.96981542,29.21883171,ATR_STOP,0.36699496
CLOV,2026-06-18T09:45:00-04:00,2026-06-22T10:30:00-04:00,19,4.93870125,5.07550896,2.59934646,0.96175819,ATR_STOP,0.90957747
INTC,2026-06-22T09:45:00-04:00,2026-06-23T09:30:00-04:00,3,137.01268250,129.61271750,-22.19989500,-8.21396115,STOP_GAP,-1.42004254
ABCL,2026-06-22T09:45:00-04:00,2026-06-23T09:30:00-04:00,2,5.75601377,5.47589000,-0.56024755,-0.20729159,STOP_GAP,-1.50915369
OTLK,2026-06-22T09:45:00-04:00,2026-06-23T09:30:00-04:00,3,1.63622625,1.73869500,0.30740625,0.11374031,STOP_GAP,0.73063127
ERAS,2026-06-22T11:15:00-04:00,2026-06-23T11:15:00-04:00,637,14.70171802,15.18521095,307.98499383,113.95444772,ATR_STOP,0.86049697
BBBY,2026-06-23T09:45:00-04:00,2026-06-23T12:00:00-04:00,6,6.64498000,6.32617681,-1.91281916,-0.70774309,ATR_STOP,-1.01511899
MVST,2026-06-23T10:00:00-04:00,2026-06-24T09:30:00-04:00,3,1.28096000,1.22847304,-0.15746088,-0.05826053,ATR_STOP,-1.01788127
TNYA,2026-06-23T13:15:00-04:00,2026-06-24T10:00:00-04:00,12871,0.74565883,0.74669996,13.40047332,4.95817513,ATR_STOP,0.03826130
OTLK,2026-06-24T10:00:00-04:00,2026-06-24T10:00:00-04:00,2,1.76061948,1.64373667,-0.23376561,-0.08649327,ATR_STOP,-1.01066786
BE,2026-06-24T10:45:00-04:00,2026-06-24T13:15:00-04:00,27,341.14566750,322.50873789,-503.19709934,-186.18292676,ATR_STOP,-1.01315927
PSNL,2026-06-24T13:30:00-04:00,2026-06-24T14:45:00-04:00,811,10.95821250,11.01630809,47.11552156,17.43274298,ATR_STOP,0.15235114
TSLQ,2026-06-24T15:15:00-04:00,2026-06-25T09:30:00-04:00,414,21.51612500,20.96092017,-229.85480021,-85.04627608,ATR_STOP,-1.02916274
MRNA,2026-06-23T09:45:00-04:00,2026-06-25T09:45:00-04:00,6,61.72626000,59.23118189,-14.97046869,-5.53907341,ATR_STOP,-1.01814100
OTLK,2026-06-25T09:45:00-04:00,2026-06-25T09:45:00-04:00,187,1.70127500,1.60252042,-18.46710669,-6.83282947,ATR_STOP,-1.01232978
TSLQ,2026-06-25T10:00:00-04:00,2026-06-25T10:00:00-04:00,30,21.74629750,21.04581192,-21.01456726,-7.77538988,ATR_STOP,-1.02307062
BE,2026-06-25T09:45:00-04:00,2026-06-25T10:15:00-04:00,25,337.75312500,319.91991904,-445.83014901,-164.95715513,ATR_STOP,-1.01364855
OLMA,2026-06-24T11:15:00-04:00,2026-06-25T11:45:00-04:00,35,11.29846750,11.37151494,2.55666031,0.94596432,ATR_STOP,0.18507208
SLS,2026-06-25T10:15:00-04:00,2026-06-25T12:30:00-04:00,2,9.67725250,10.50087889,1.64725277,0.60948352,ATR_TARGET,1.98104271
ABCL,2026-06-25T10:30:00-04:00,2026-06-26T09:30:00-04:00,1276,6.39979625,6.48513250,108.88905500,40.28895035,STOP_GAP,0.23676587
CLOV,2026-06-25T15:45:00-04:00,2026-06-26T10:00:00-04:00,80,5.20390000,5.38844532,14.76362531,5.46254137,ATR_TARGET,1.95710935
ERAS,2026-06-26T09:30:00-04:00,2026-06-26T10:45:00-04:00,552,14.93119000,15.04672798,63.77696518,23.59747712,ATR_STOP,0.29240250
PRME,2026-06-26T09:45:00-04:00,2026-06-26T12:00:00-04:00,1,3.26244500,3.30114252,0.03869752,0.01431808,ATR_STOP,0.31758602
CMPX,2026-06-26T11:30:00-04:00,2026-06-26T12:15:00-04:00,4,2.11658625,2.06326652,-0.21327891,-0.07891320,ATR_STOP,-1.02991265
ALKS,2026-06-25T10:15:00-04:00,2026-06-26T13:00:00-04:00,12,52.64945750,54.05178250,16.82789997,6.22632299,ATR_STOP,1.03936939
PSNL,2026-06-26T10:15:00-04:00,2026-06-26T14:45:00-04:00,1,13.13734563,12.45485728,-0.68248834,-0.25252069,ATR_STOP,-1.01388738
FROG,2026-06-26T10:15:00-04:00,2026-06-26T15:45:00-04:00,5,81.67621125,86.00636406,21.65076407,8.01078271,ATR_TARGET,1.97062230
APPS,2026-06-26T11:00:00-04:00,2026-06-29T09:30:00-04:00,771,10.73804750,11.65918398,710.19622589,262.77260358,ATR_TARGET,1.98117847
SLS,2026-06-26T15:15:00-04:00,2026-06-29T09:30:00-04:00,1,12.30922500,13.45516513,1.14594013,0.42399785,ATR_TARGET,1.98252836
QS,2026-06-29T09:45:00-04:00,2026-06-29T10:00:00-04:00,1181,7.39554250,7.17922854,-255.46678503,-94.52271046,ATR_STOP,-1.02554676
CLOV,2026-06-29T09:45:00-04:00,2026-06-29T10:00:00-04:00,1,5.51413250,5.36559430,-0.14853820,-0.05495913,ATR_STOP,-1.02786789
ERAS,2026-06-26T13:45:00-04:00,2026-06-29T10:15:00-04:00,42,15.40654625,16.35162389,39.69326103,14.68650658,ATR_TARGET,1.97436065
PSNL,2026-06-29T10:15:00-04:00,2026-06-29T11:00:00-04:00,656,13.06979500,13.34981649,183.69410068,67.96681725,ATR_STOP,0.47385252
CMPX,2026-06-29T09:30:00-04:00,2026-06-30T10:45:00-04:00,206,2.08156000,2.19560509,23.49328791,8.69251653,ATR_TARGET,1.97151186
IVVD,2026-06-29T10:30:00-04:00,2026-06-30T12:15:00-04:00,52,0.93490065,0.89663920,-1.98959519,-0.73615022,ATR_STOP,-1.01790401
MRNA,2026-06-29T10:30:00-04:00,2026-06-30T13:30:00-04:00,9,69.84374355,71.22641564,12.44404880,4.60429806,ATR_STOP,0.48561217
CLOV,2026-06-30T14:45:00-04:00,2026-06-30T15:30:00-04:00,119,5.33669953,5.23858347,-11.67581103,-4.32005008,ATR_STOP,-1.04174679
CMPX,2026-06-30T12:45:00-04:00,2026-07-01T09:30:00-04:00,222,2.23667625,2.17000164,-14.80176328,-5.47665241,ATR_STOP,-1.02503960
VSAT,2026-06-30T15:45:00-04:00,2026-07-01T11:30:00-04:00,7,88.98669000,89.03087889,0.30932223,0.11444922,ATR_STOP,0.01402476
QS,2026-06-29T13:15:00-04:00,2026-07-01T14:00:00-04:00,1157,7.50562500,7.66479628,184.16116801,68.13963216,ATR_STOP,0.68716842
CLOV,2026-07-01T12:45:00-04:00,2026-07-01T14:00:00-04:00,13,5.54415500,5.39329495,-1.96118069,-0.72563685,ATR_STOP,-1.02757272
ASTS,2026-07-01T12:15:00-04:00,2026-07-01T15:30:00-04:00,6,91.12829500,86.71536509,-26.47757946,-9.79670440,ATR_STOP,-1.01496956
AFRM,2026-07-01T09:45:00-04:00,2026-07-01T15:45:00-04:00,5,82.50183000,83.98863935,7.43404674,2.75059729,ATR_STOP,0.94246308
PRME,2026-07-01T15:45:00-04:00,2026-07-02T09:45:00-04:00,136,3.88791375,4.17283915,38.74985374,14.33744588,ATR_TARGET,1.97825448
APPS,2026-07-01T14:15:00-04:00,2026-07-02T12:30:00-04:00,666,13.32498625,12.91256383,-274.67333138,-101.62913261,ATR_STOP,-1.02406494
ADMA,2026-07-02T09:45:00-04:00,2026-07-02T13:00:00-04:00,37,8.75656250,8.83305313,2.83015341,1.04715676,ATR_STOP,0.50047610
ABCL,2026-07-02T10:00:00-04:00,2026-07-06T09:30:00-04:00,68,8.05603750,7.72739182,-22.34790594,-8.26872520,ATR_STOP,-1.01796490
FROG,2026-07-02T13:15:00-04:00,2026-07-06T09:30:00-04:00,94,95.35146000,92.47834682,-270.07263935,-99.92687656,ATR_STOP,-1.02475684
APPS,2026-07-06T09:45:00-04:00,2026-07-06T10:00:00-04:00,1,13.29996750,12.65405883,-0.64590867,-0.23898621,ATR_STOP,-1.01492380
SLS,2026-07-02T15:30:00-04:00,2026-07-06T10:15:00-04:00,4,14.87614875,14.16468984,-2.84583566,-1.05295919,ATR_STOP,-1.01516991
SOFI,2026-07-06T09:45:00-04:00,2026-07-07T09:30:00-04:00,495,18.82410750,18.33985289,-239.70603220,-88.69123191,ATR_STOP,-1.02925722
TSLL,2026-07-06T10:30:00-04:00,2026-07-07T09:30:00-04:00,5,13.05948728,13.57973591,2.60124319,0.96245998,ATR_STOP,0.94736133
EVLV,2026-07-06T10:45:00-04:00,2026-07-07T09:30:00-04:00,1,6.42981875,6.27473363,-0.15508512,-0.05738149,ATR_STOP,-1.03131881
CMPX,2026-07-02T10:15:00-04:00,2026-07-07T10:00:00-04:00,2,2.23667625,2.17670484,-0.11994282,-0.04437884,ATR_STOP,-1.02800513
PLTR,2026-07-07T09:45:00-04:00,2026-07-07T13:30:00-04:00,69,133.68518875,138.44474072,328.40908590,121.51136178,ATR_TARGET,1.95726852
PLTR,2026-07-07T13:45:00-04:00,2026-07-07T15:15:00-04:00,67,138.70395000,135.70058915,-201.22517716,-74.45331555,ATR_STOP,-1.03510305
BTE,2026-07-07T10:30:00-04:00,2026-07-08T09:30:00-04:00,5,3.95796625,4.11691000,0.79471875,0.29404594,TARGET_GAP,2.30090197
WTI,2026-07-07T15:00:00-04:00,2026-07-08T09:30:00-04:00,41,3.36241993,3.55733000,7.99131307,2.95678584,TARGET_GAP,2.55565929
TNYA,2026-07-07T11:45:00-04:00,2026-07-08T09:30:00-04:00,1,0.90657943,0.85601574,-0.05056369,-0.01870856,ATR_STOP,-1.01287016
TPET,2026-07-08T09:30:00-04:00,2026-07-08T09:30:00-04:00,27615,0.33785320,0.32190961,-440.28226104,-162.90443658,ATR_STOP,-1.01538745
ERAS,2026-07-08T09:45:00-04:00,2026-07-08T10:15:00-04:00,479,18.86413750,18.25941054,-289.66421232,-107.17575856,ATR_STOP,-1.02318836
REPL,2026-07-01T09:45:00-04:00,2026-07-08T10:45:00-04:00,7,11.45858750,11.00192083,-3.19666669,-1.18276668,ATR_STOP,-1.01841540
NIO,2026-07-08T14:00:00-04:00,2026-07-09T09:30:00-04:00,1,4.94370500,4.84636250,-0.09734250,-0.03601672,STOP_GAP,-1.37552691
PSNL,2026-07-08T13:30:00-04:00,2026-07-09T09:30:00-04:00,655,13.63021500,14.68512464,690.96581418,255.65735125,ATR_TARGET,1.97931929
CMPX,2026-07-09T09:30:00-04:00,2026-07-09T10:30:00-04:00,2,2.34175500,2.28009303,-0.12332393,-0.04562985,ATR_STOP,-1.02854605
TNYA,2026-07-09T09:45:00-04:00,2026-07-09T11:15:00-04:00,7,0.93069750,0.88322583,-0.33230170,-0.12295163,ATR_STOP,-1.01416223
ERAS,2026-07-09T09:45:00-04:00,2026-07-09T15:45:00-04:00,490,19.09431000,19.52709184,212.06310059,78.46334722,ATR_STOP,0.70918240
IAUX,2026-07-09T15:30:00-04:00,2026-07-10T09:30:00-04:00,7,1.45609125,1.41962051,-0.25529518,-0.09445922,ATR_STOP,-1.03009484
DDD,2026-07-10T13:00:00-04:00,2026-07-10T14:00:00-04:00,3,3.22741875,3.13665993,-0.27227645,-0.10074229,ATR_STOP,-1.02663054
RIVN,2026-07-10T09:45:00-04:00,2026-07-10T15:15:00-04:00,6,18.39878875,17.88040139,-3.11032419,-1.15081995,ATR_STOP,-1.02657672
TSLA,2026-07-10T09:45:00-04:00,2026-07-13T09:30:00-04:00,23,408.19591750,401.63858359,-150.81868001,-55.80291161,ATR_STOP,-1.04818748
TNYA,2026-07-10T14:30:00-04:00,2026-07-13T13:45:00-04:00,13,0.86184590,0.82281854,-0.50735562,-0.18772158,ATR_STOP,-1.01607864
BTE,2026-07-08T09:45:00-04:00,2026-07-13T14:45:00-04:00,4,4.08396068,4.26245638,0.71398280,0.26417364,ATR_TARGET,1.96478447
OTLK,2026-07-14T09:30:00-04:00,2026-07-14T09:30:00-04:00,1,1.55116250,1.70249844,0.15133594,0.05599430,ATR_TARGET,1.98325404
AMC,2026-07-13T15:15:00-04:00,2026-07-14T11:15:00-04:00,18,1.89121735,2.00421574,2.03397096,0.75256925,ATR_TARGET,1.97372481
TSLQ,2026-07-13T09:45:00-04:00,2026-07-15T09:30:00-04:00,525,17.89341000,17.26322337,-330.84798291,-122.41375368,ATR_STOP,-1.02099241
WTI,2026-07-15T09:45:00-04:00,2026-07-15T10:00:00-04:00,2553,3.59769625,3.51884841,-201.29853350,-74.48045740,ATR_STOP,-1.03465727
SOXS,2026-07-15T10:30:00-04:00,2026-07-15T13:15:00-04:00,173,45.70425250,47.01994899,227.61549250,84.21773223,ATR_STOP,0.48658626
GDS,2026-07-15T14:00:00-04:00,2026-07-15T15:00:00-04:00,273,33.65522250,33.08617523,-155.34990559,-57.47946507,ATR_STOP,-1.04563142
TNYA,2026-07-14T11:30:00-04:00,2026-07-16T09:30:00-04:00,43,0.85674207,0.80939250,-2.03603172,-0.75333174,STOP_GAP,-1.23541741
AMC,2026-07-16T09:30:00-04:00,2026-07-16T09:45:00-04:00,65,2.06154500,1.98473361,-4.99274052,-4.80609568,ATR_STOP,-1.01977739
SOXS,2026-07-16T12:15:00-04:00,2026-07-17T09:30:00-04:00,2,52.23915000,58.54605750,12.61381500,4.66711155,TARGET_GAP,2.11760869
WTI,2026-07-17T09:45:00-04:00,2026-07-17T10:15:00-04:00,35,3.47260250,3.38125263,-3.19724528,-1.18298075,ATR_STOP,-1.02857544
PSNL,2026-07-16T15:30:00-04:00,2026-07-17T11:00:00-04:00,2,15.30146750,15.47014569,0.33735638,0.12482186,ATR_STOP,0.24996675
RIVN,2026-07-20T09:45:00-04:00,2026-07-20T10:00:00-04:00,8,17.81835375,17.39611679,-3.37789572,-1.24982141,ATR_STOP,-1.03190986
BILL,2026-07-15T15:45:00-04:00,2026-07-20T11:45:00-04:00,203,44.63345000,46.13638384,305.09557031,112.88536101,ATR_TARGET,1.95495693
ACHR,2026-07-20T11:30:00-04:00,2026-07-21T09:30:00-04:00,1,5.03877625,5.49055116,0.45177491,0.16715672,ATR_TARGET,1.98192129
TSLZ,2026-07-20T10:15:00-04:00,2026-07-21T10:00:00-04:00,11,12.76957000,12.39638093,-4.10507977,-1.51887952,ATR_STOP,-1.02556926
WTI,2026-07-21T09:45:00-04:00,2026-07-21T13:15:00-04:00,798,3.65273750,3.54801327,-83.56993422,-30.92087566,ATR_STOP,-1.02609225
AMC,2026-07-20T12:30:00-04:00,2026-07-21T15:45:00-04:00,2647,2.39679625,2.21376129,-484.49355166,-179.26261411,ATR_STOP,-1.00916103
BTE,2026-07-22T09:45:00-04:00,2026-07-22T13:45:00-04:00,1400,4.31263205,4.24366962,-96.54740816,-35.72254102,ATR_STOP,-1.04842311
REPL,2026-07-21T15:45:00-04:00,2026-07-22T15:45:00-04:00,273,10.99824250,10.72283966,-75.18497593,-27.81844109,ATR_STOP,-1.03010296
TSLZ,2026-07-22T14:00:00-04:00,2026-07-23T09:30:00-04:00,473,12.63947250,15.00373875,1118.29793625,413.77023641,TARGET_GAP,10.94158967
STX,2026-07-23T09:45:00-04:00,2026-07-23T11:00:00-04:00,10,933.68974250,912.30092554,-213.88816956,-79.13862274,ATR_STOP,-1.03307268
WTI,2026-07-23T11:15:00-04:00,2026-07-23T15:45:00-04:00,2328,3.95286243,3.83032402,-285.26940223,-105.54967882,ATR_STOP,-1.02402486
BTE,2026-07-23T09:45:00-04:00,2026-07-24T09:30:00-04:00,48,4.40830375,4.32153456,-4.16492133,-1.54102089,ATR_STOP,-1.03883340
AMC,2026-07-24T09:30:00-04:00,2026-07-24T12:30:00-04:00,3960,2.28171000,2.33771941,221.79725572,82.06498462,ATR_STOP,0.63328444
SOXS,2026-07-24T10:00:00-04:00,2026-07-27T10:15:00-04:00,4,50.26767250,56.06591659,23.19297636,8.58140125,ATR_TARGET,1.98558950
AMC,2026-07-27T15:00:00-04:00,2026-07-28T13:45:00-04:00,1,2.42681875,2.61426580,0.18744705,0.06935541,ATR_TARGET,1.97928115
TSLZ,2026-07-27T10:45:00-04:00,2026-07-30T09:30:00-04:00,521,18.03351500,18.22632000,100.45140500,37.16701985,STOP_GAP,0.27806030
AMC,2026-07-29T15:00:00-04:00,2026-07-30T09:30:00-04:00,1,2.76207000,2.65068682,-0.11138318,-0.04121178,ATR_STOP,-1.01818668
FIVN,2026-07-31T09:45:00-04:00,2026-07-31T10:15:00-04:00,336,28.11106750,27.39867101,-239.36521981,-88.56513133,ATR_STOP,-1.02972459
GME,2026-07-31T13:00:00-04:00,2026-08-03T09:30:00-04:00,426,21.82635750,20.44465500,-588.60526500,-217.78394805,STOP_GAP,-7.80111205
NIO,2026-08-03T09:30:00-04:00,2026-08-03T09:45:00-04:00,1839,4.85363750,4.78449386,-127.15515832,-47.04740858,ATR_STOP,-1.05478143
NXE,2026-07-31T14:00:00-04:00,2026-08-03T14:00:00-04:00,2,9.22191125,9.62367481,0.80352713,0.29730504,ATR_TARGET,1.96467771
QUBT,2026-08-03T10:00:00-04:00,2026-08-04T09:30:00-04:00,1052,8.40579963,8.97326500,596.97357450,220.88022256,TARGET_GAP,2.14340225
NIO,2026-08-03T15:15:00-04:00,2026-08-04T09:30:00-04:00,1,4.85363750,4.74643750,-0.10720000,-0.03966400,STOP_GAP,-1.78658687
APPS,2026-08-03T14:15:00-04:00,2026-08-04T09:30:00-04:00,2,8.88645985,9.35112969,0.92933968,0.34385568,ATR_TARGET,1.97024048
VSAT,2026-08-04T09:45:00-04:00,2026-08-05T09:30:00-04:00,111,83.20235500,77.33195750,-651.61412250,-241.09722532,STOP_GAP,-1.86074060
IAUX,2026-08-04T13:00:00-04:00,2026-08-05T09:30:00-04:00,2,1.41606125,1.49887500,0.16562750,0.06128217,TARGET_GAP,1.99986687
PRME,2026-08-05T09:30:00-04:00,2026-08-05T09:30:00-04:00,2960,2.98223500,2.90975364,-214.54483330,-79.38158832,ATR_STOP,-1.03106734
ABCL,2026-08-04T09:45:00-04:00,2026-08-05T10:30:00-04:00,1,5.99449250,6.02812684,0.03363434,0.01244471,ATR_STOP,0.20292476
PRME,2026-08-05T10:00:00-04:00,2026-08-05T15:00:00-04:00,3,2.99224250,3.03439392,0.12645426,0.04678808,ATR_STOP,0.46021544
BE,2026-08-05T09:45:00-04:00,2026-08-06T09:30:00-04:00,36,236.89754000,222.83275000,-506.33244000,-187.34300280,STOP_GAP,-1.43071441
CCJ,2026-08-05T09:45:00-04:00,2026-08-06T09:30:00-04:00,1,95.07125000,93.37576392,-1.69548608,-9.75171092,ATR_STOP,-1.04311819
TNYA,2026-08-05T11:45:00-04:00,2026-08-06T09:30:00-04:00,8,0.80500330,0.77760662,-0.21917347,-0.08109419,ATR_STOP,-1.02176712
ACHR,2026-08-05T15:15:00-04:00,2026-08-06T09:30:00-04:00,1,5.23892625,5.11791194,-0.12101431,-0.04477530,ATR_STOP,-1.03278328
APPS,2026-08-06T09:30:00-04:00,2026-08-06T09:30:00-04:00,576,12.97972750,12.21595275,-439.93425567,-162.77567460,ATR_STOP,-1.01215050
NXE,2026-08-05T09:45:00-04:00,2026-08-06T12:15:00-04:00,6,10.01750750,10.20629315,1.13271390,0.41910414,ATR_STOP,0.86602255
REPL,2026-08-06T09:45:00-04:00,2026-08-06T15:45:00-04:00,1,12.16021332,13.18931911,1.02910578,0.38076914,ATR_TARGET,1.98094444
APPS,2026-08-06T15:45:00-04:00,2026-08-07T09:45:00-04:00,4,14.03962182,14.50548531,1.86345395,0.68947796,ATR_STOP,0.71493485
EOSE,2026-08-07T09:30:00-04:00,2026-08-07T10:00:00-04:00,6,4.05804125,3.89045593,-1.00551194,-0.37203942,ATR_STOP,-1.01773314
IVVD,2026-08-06T11:30:00-04:00,2026-08-07T10:45:00-04:00,1,0.66009470,0.71118326,0.05108856,0.01890277,ATR_TARGET,1.97931951
MVST,2026-08-07T11:00:00-04:00,2026-08-07T15:00:00-04:00,1,0.83762775,0.89717110,0.05954335,0.02203104,ATR_TARGET,1.97763468
KTOS,2026-08-06T09:45:00-04:00,2026-08-07T15:45:00-04:00,144,56.89263750,60.74760510,555.11533440,205.39267373,END_OF_TEST,1.78384799
SLS,2026-08-07T10:00:00-04:00,2026-08-07T15:45:00-04:00,4,12.03221740,12.00099250,-0.12489960,-0.04621285,END_OF_TEST,-0.08658689
ACHR,2026-08-07T10:30:00-04:00,2026-08-07T15:45:00-04:00,5,5.48911375,5.58580750,0.48346875,0.17888344,END_OF_TEST,0.54636036
NIO,2026-08-07T11:00:00-04:00,2026-08-07T15:45:00-04:00,1,4.75456325,4.72645250,-0.02811075,-0.01040098,END_OF_TEST,-0.32866951
