TimestampMarket,TotalEquity,TotalContributions,IncomeValue,SwingEquity,SwingCash,SwingMarketValue,TaxReserve,IncomeWeight,TargetIncomeWeight,OpenPositions,PendingEntries,ActiveRisk
2026-01-02T09:30:00-05:00,1441.26186523,1443.34000000,180.10709250,1261.15477273,1261.15477273,0.00000000,0.00000000,0.1249648637,0.1250000000,0,0,0.00000000
2026-01-02T09:45:00-05:00,1441.49336535,1443.34000000,180.33859262,1261.15477273,1261.15477273,0.00000000,0.00000000,0.1251053921,0.1250000000,0,0,0.00000000
2026-01-02T10:00:00-05:00,1440.64260242,1443.34000000,179.48782969,1261.15477273,1261.15477273,0.00000000,0.00000000,0.1245887282,0.1250000000,0,0,0.00000000
2026-01-02T10:15:00-05:00,1439.89485703,1443.34000000,178.74008430,1261.15477273,1261.15477273,0.00000000,0.00000000,0.1241341223,0.1250000000,0,0,0.00000000
2026-01-02T10:30:00-05:00,1440.60671990,1443.34000000,179.45194717,1261.15477273,1261.15477273,0.00000000,0.00000000,0.1245669236,0.1250000000,0,0,0.00000000
2026-01-02T10:45:00-05:00,1439.06261410,1443.34000000,177.90784137,1261.15477273,1261.15477273,0.00000000,0.00000000,0.1236275890,0.1250000000,0,0,0.00000000
2026-01-02T11:00:00-05:00,1439.17836416,1443.34000000,178.02359143,1261.15477273,1261.15477273,0.00000000,0.00000000,0.1236980738,0.1250000000,0,0,0.00000000
2026-01-02T11:15:00-05:00,1439.22003418,1443.34000000,178.06526145,1261.15477273,1261.15477273,0.00000000,0.00000000,0.1237234455,0.1250000000,0,0,0.00000000
2026-01-02T11:30:00-05:00,1439.12048913,1443.34000000,177.96571640,1261.15477273,1261.15477273,0.00000000,0.00000000,0.1236628328,0.1250000000,0,0,0.00000000
2026-01-02T11:45:00-05:00,1438.88898901,1443.34000000,177.73421628,1261.15477273,1261.15477273,0.00000000,0.00000000,0.1235218406,0.1250000000,0,0,0.00000000
2026-01-02T12:00:00-05:00,1439.22119169,1443.34000000,178.06641896,1261.15477273,1261.15477273,0.00000000,0.00000000,0.1237241502,0.1250000000,0,0,0.00000000
2026-01-02T12:15:00-05:00,1439.20730168,1443.34000000,178.05252895,1261.15477273,1261.15477273,0.00000000,0.00000000,0.1237156932,0.1250000000,0,0,0.00000000
2026-01-02T12:30:00-05:00,1439.12048913,1443.34000000,177.96571640,1261.15477273,1261.15477273,0.00000000,0.00000000,0.1236628328,0.1250000000,0,0,0.00000000
2026-01-02T12:45:00-05:00,1438.77323896,1443.34000000,177.61846623,1261.15477273,1261.15477273,0.00000000,0.00000000,0.1234513274,0.1250000000,0,0,0.00000000
2026-01-02T13:00:00-05:00,1438.77266021,1443.34000000,177.61788747,1261.15477273,1261.15477273,0.00000000,0.00000000,0.1234509748,0.1250000000,0,0,0.00000000
2026-01-02T13:15:00-05:00,1438.86352400,1443.34000000,177.70875127,1261.15477273,1261.15477273,0.00000000,0.00000000,0.1235063286,0.1250000000,0,0,0.00000000
2026-01-02T13:30:00-05:00,1438.88898901,1443.34000000,177.73421628,1261.15477273,1261.15477273,0.00000000,0.00000000,0.1235218406,0.1250000000,0,0,0.00000000
2026-01-02T13:45:00-05:00,1438.59961387,1443.34000000,177.44484114,1261.15477273,1261.15477273,0.00000000,0.00000000,0.1233455365,0.1250000000,0,0,0.00000000
2026-01-02T14:00:00-05:00,1439.26517671,1443.34000000,178.11040398,1261.15477273,1261.15477273,0.00000000,0.00000000,0.1237509299,0.1250000000,0,0,0.00000000
2026-01-02T14:15:00-05:00,1439.40986428,1443.34000000,178.25509155,1261.15477273,1261.15477273,0.00000000,0.00000000,0.1238390093,0.1250000000,0,0,0.00000000
2026-01-02T14:30:00-05:00,1439.61242689,1443.34000000,178.45765416,1261.15477273,1261.15477273,0.00000000,0.00000000,0.1239622907,0.1250000000,0,0,0.00000000
2026-01-02T14:45:00-05:00,1439.35198925,1443.34000000,178.19721652,1261.15477273,1261.15477273,0.00000000,0.00000000,0.1238037797,0.1250000000,0,0,0.00000000
2026-01-02T15:00:00-05:00,1439.52561434,1443.34000000,178.37084161,1261.15477273,1261.15477273,0.00000000,0.00000000,0.1239094601,0.1250000000,0,0,0.00000000
2026-01-02T15:15:00-05:00,1439.61242689,1443.34000000,178.45765416,1261.15477273,1261.15477273,0.00000000,0.00000000,0.1239622907,0.1250000000,0,0,0.00000000
2026-01-02T15:30:00-05:00,1439.35198925,1443.34000000,178.19721652,1261.15477273,1261.15477273,0.00000000,0.00000000,0.1238037797,0.1250000000,0,0,0.00000000
2026-01-02T15:45:00-05:00,1439.23623919,1443.34000000,178.08146646,1261.15477273,1261.15477273,0.00000000,0.00000000,0.1237333119,0.1250000000,0,0,0.00000000
2026-01-05T09:30:00-05:00,1440.68311494,1443.34000000,179.52834221,1261.15477273,1261.15477273,0.00000000,0.00000000,0.1246133451,0.1250000000,0,0,0.00000000
2026-01-05T09:45:00-05:00,1440.57893988,1443.34000000,179.42416715,1261.15477273,1261.15477273,0.00000000,0.00000000,0.1245500418,0.1250000000,0,0,0.00000000
2026-01-05T10:00:00-05:00,1440.88567754,1443.34000000,179.73090481,1261.15477273,1261.15477273,0.00000000,0.00000000,0.1247364087,0.1250000000,0,0,0.00000000
2026-01-05T10:15:00-05:00,1441.05930263,1443.34000000,179.90452990,1261.15477273,1261.15477273,0.00000000,0.00000000,0.1248418643,0.1250000000,0,0,0.00000000
2026-01-05T10:30:00-05:00,1440.97249008,1443.34000000,179.81771735,1261.15477273,1261.15477273,0.00000000,0.00000000,0.1247891397,0.1250000000,0,0,0.00000000
2026-01-05T10:45:00-05:00,1441.05930263,1443.34000000,179.90452990,1261.15477273,1261.15477273,0.00000000,0.00000000,0.1248418643,0.1250000000,0,0,0.00000000
2026-01-05T11:00:00-05:00,1441.11717766,1443.34000000,179.96240493,1261.15477273,1261.15477273,0.00000000,0.00000000,0.1248770105,0.1250000000,0,0,0.00000000
2026-01-05T11:15:00-05:00,1441.19299395,1443.34000000,180.03822122,1261.15477273,1261.15477273,0.00000000,0.00000000,0.1249230478,0.1250000000,0,0,0.00000000
2026-01-05T11:30:00-05:00,1441.20109645,1443.34000000,180.04632372,1261.15477273,1261.15477273,0.00000000,0.00000000,0.1249279675,0.1250000000,0,0,0.00000000
2026-01-05T11:45:00-05:00,1441.13569767,1443.34000000,179.98092494,1261.15477273,1261.15477273,0.00000000,0.00000000,0.1248882567,0.1250000000,0,0,0.00000000
2026-01-05T12:00:00-05:00,1441.14611517,1443.34000000,179.99134244,1261.15477273,1261.15477273,0.00000000,0.00000000,0.1248945825,0.1250000000,0,0,0.00000000
2026-01-05T12:15:00-05:00,1440.97249008,1443.34000000,179.81771735,1261.15477273,1261.15477273,0.00000000,0.00000000,0.1247891397,0.1250000000,0,0,0.00000000
2026-01-05T12:30:00-05:00,1440.94355257,1443.34000000,179.78877984,1261.15477273,1261.15477273,0.00000000,0.00000000,0.1247715634,0.1250000000,0,0,0.00000000
2026-01-05T12:45:00-05:00,1440.94355257,1443.34000000,179.78877984,1261.15477273,1261.15477273,0.00000000,0.00000000,0.1247715634,0.1250000000,0,0,0.00000000
2026-01-05T13:00:00-05:00,1440.85616128,1443.34000000,179.70138854,1261.15477273,1261.15477273,0.00000000,0.00000000,0.1247184788,0.1250000000,0,0,0.00000000
2026-01-05T13:15:00-05:00,1440.85674003,1443.34000000,179.70196730,1261.15477273,1261.15477273,0.00000000,0.00000000,0.1247188303,0.1250000000,0,0,0.00000000
2026-01-05T13:30:00-05:00,1441.03036511,1443.34000000,179.87559238,1261.15477273,1261.15477273,0.00000000,0.00000000,0.1248242901,0.1250000000,0,0,0.00000000
2026-01-05T13:45:00-05:00,1440.94355257,1443.34000000,179.78877984,1261.15477273,1261.15477273,0.00000000,0.00000000,0.1247715634,0.1250000000,0,0,0.00000000
2026-01-05T14:00:00-05:00,1440.94355257,1443.34000000,179.78877984,1261.15477273,1261.15477273,0.00000000,0.00000000,0.1247715634,0.1250000000,0,0,0.00000000
2026-01-05T14:15:00-05:00,1440.82433001,1443.34000000,179.66955728,1261.15477273,1261.15477273,0.00000000,0.00000000,0.1246991417,0.1250000000,0,0,0.00000000
2026-01-05T14:30:00-05:00,1440.65417742,1443.34000000,179.49940469,1261.15477273,1261.15477273,0.00000000,0.00000000,0.1245957618,0.1250000000,0,0,0.00000000
2026-01-05T14:45:00-05:00,1440.79828625,1443.34000000,179.64351352,1261.15477273,1261.15477273,0.00000000,0.00000000,0.1246833198,0.1250000000,0,0,0.00000000
2026-01-05T15:00:00-05:00,1440.88567754,1443.34000000,179.73090481,1261.15477273,1261.15477273,0.00000000,0.00000000,0.1247364087,0.1250000000,0,0,0.00000000
2026-01-05T15:15:00-05:00,1440.85731878,1443.34000000,179.70254605,1261.15477273,1261.15477273,0.00000000,0.00000000,0.1247191819,0.1250000000,0,0,0.00000000
2026-01-05T15:30:00-05:00,1440.88278379,1443.34000000,179.72801106,1261.15477273,1261.15477273,0.00000000,0.00000000,0.1247346509,0.1250000000,0,0,0.00000000
2026-01-05T15:45:00-05:00,1440.68311494,1443.34000000,179.52834221,1261.15477273,1261.15477273,0.00000000,0.00000000,0.1246133451,0.1250000000,0,0,0.00000000
2026-01-06T09:30:00-05:00,1441.34867778,1443.34000000,180.19390505,1261.15477273,1261.15477273,0.00000000,0.00000000,0.1250175671,0.1250000000,0,0,0.00000000
2026-01-06T09:45:00-05:00,1441.66699044,1443.34000000,180.51221771,1261.15477273,1261.15477273,0.00000000,0.00000000,0.1252107587,0.1250000000,0,0,0.00000000
2026-01-06T10:00:00-05:00,1441.66699044,1443.34000000,180.51221771,1261.15477273,1261.15477273,0.00000000,0.00000000,0.1252107587,0.1250000000,0,0,0.00000000
2026-01-06T10:15:00-05:00,1441.78216175,1443.34000000,180.62738902,1261.15477273,1261.15477273,0.00000000,0.00000000,0.1252806380,0.1250000000,0,0,0.00000000
2026-01-06T10:30:00-05:00,1441.66699044,1443.34000000,180.51221771,1261.15477273,1261.15477273,0.00000000,0.00000000,0.1252107587,0.1250000000,0,0,0.00000000
2026-01-06T10:45:00-05:00,1441.51825162,1443.34000000,180.36347888,1261.15477273,1261.15477273,0.00000000,0.00000000,0.1251204962,0.1250000000,0,0,0.00000000
2026-01-06T11:00:00-05:00,1441.37819404,1443.34000000,180.22342131,1261.15477273,1261.15477273,0.00000000,0.00000000,0.1250354848,0.1250000000,0,0,0.00000000
2026-01-06T11:15:00-05:00,1441.46442784,1443.34000000,180.30965511,1261.15477273,1261.15477273,0.00000000,0.00000000,0.1250878285,0.1250000000,0,0,0.00000000
2026-01-06T11:30:00-05:00,1441.37761529,1443.34000000,180.22284256,1261.15477273,1261.15477273,0.00000000,0.00000000,0.1250351335,0.1250000000,0,0,0.00000000
2026-01-06T11:45:00-05:00,1441.50494036,1443.34000000,180.35016763,1261.15477273,1261.15477273,0.00000000,0.00000000,0.1251124173,0.1250000000,0,0,0.00000000
2026-01-06T12:00:00-05:00,1441.66699044,1443.34000000,180.51221771,1261.15477273,1261.15477273,0.00000000,0.00000000,0.1252107587,0.1250000000,0,0,0.00000000
2026-01-06T12:15:00-05:00,1441.75380299,1443.34000000,180.59903026,1261.15477273,1261.15477273,0.00000000,0.00000000,0.1252634326,0.1250000000,0,0,0.00000000
2026-01-06T12:30:00-05:00,1441.81167802,1443.34000000,180.65690529,1261.15477273,1261.15477273,0.00000000,0.00000000,0.1252985449,0.1250000000,0,0,0.00000000
2026-01-06T12:45:00-05:00,1441.85045429,1443.34000000,180.69568156,1261.15477273,1261.15477273,0.00000000,0.00000000,0.1253220686,0.1250000000,0,0,0.00000000
2026-01-06T13:00:00-05:00,1441.84061553,1443.34000000,180.68584280,1261.15477273,1261.15477273,0.00000000,0.00000000,0.1253161000,0.1250000000,0,0,0.00000000
2026-01-06T13:15:00-05:00,1441.84061553,1443.34000000,180.68584280,1261.15477273,1261.15477273,0.00000000,0.00000000,0.1253161000,0.1250000000,0,0,0.00000000
2026-01-06T13:30:00-05:00,1441.92742808,1443.34000000,180.77265535,1261.15477273,1261.15477273,0.00000000,0.00000000,0.1253687612,0.1250000000,0,0,0.00000000
2026-01-06T13:45:00-05:00,1441.92974308,1443.34000000,180.77497035,1261.15477273,1261.15477273,0.00000000,0.00000000,0.1253701654,0.1250000000,0,0,0.00000000
2026-01-06T14:00:00-05:00,1442.00613812,1443.34000000,180.85136539,1261.15477273,1261.15477273,0.00000000,0.00000000,0.1254165018,0.1250000000,0,0,0.00000000
2026-01-06T14:15:00-05:00,1441.95636559,1443.34000000,180.80159286,1261.15477273,1261.15477273,0.00000000,0.00000000,0.1253863135,0.1250000000,0,0,0.00000000
2026-01-06T14:30:00-05:00,1441.98530311,1443.34000000,180.83053037,1261.15477273,1261.15477273,0.00000000,0.00000000,0.1254038651,0.1250000000,0,0,0.00000000
2026-01-06T14:45:00-05:00,1442.01424062,1443.34000000,180.85946789,1261.15477273,1261.15477273,0.00000000,0.00000000,0.1254214160,0.1250000000,0,0,0.00000000
2026-01-06T15:00:00-05:00,1441.98298810,1443.34000000,180.82821537,1261.15477273,1261.15477273,0.00000000,0.00000000,0.1254024610,0.1250000000,0,0,0.00000000
2026-01-06T15:15:00-05:00,1441.95636559,1443.34000000,180.80159286,1261.15477273,1261.15477273,0.00000000,0.00000000,0.1253863135,0.1250000000,0,0,0.00000000
2026-01-06T15:30:00-05:00,1441.98530311,1443.34000000,180.83053037,1261.15477273,1261.15477273,0.00000000,0.00000000,0.1254038651,0.1250000000,0,0,0.00000000
2026-01-06T15:45:00-05:00,1442.01424062,1443.34000000,180.85946789,1261.15477273,1261.15477273,0.00000000,0.00000000,0.1254214160,0.1250000000,0,0,0.00000000
2026-01-07T09:30:00-05:00,1442.12883318,1443.34000000,180.97406045,1261.15477273,1261.15477273,0.00000000,0.00000000,0.1254909106,0.1250000000,0,0,0.00000000
2026-01-07T09:45:00-05:00,1442.18786571,1443.34000000,181.03309298,1261.15477273,1261.15477273,0.00000000,0.00000000,0.1255267065,0.1250000000,0,0,0.00000000
2026-01-07T10:00:00-05:00,1442.24574074,1443.34000000,181.09096801,1261.15477273,1261.15477273,0.00000000,0.00000000,0.1255617978,0.1250000000,0,0,0.00000000
2026-01-07T10:15:00-05:00,1442.26252450,1443.34000000,181.10775177,1261.15477273,1261.15477273,0.00000000,0.00000000,0.1255719737,0.1250000000,0,0,0.00000000
2026-01-07T10:30:00-05:00,1442.10105316,1443.34000000,180.94628043,1261.15477273,1261.15477273,0.00000000,0.00000000,0.1254740644,0.1250000000,0,0,0.00000000
2026-01-07T10:45:00-05:00,1442.35801830,1443.34000000,181.20324557,1261.15477273,1261.15477273,0.00000000,0.00000000,0.1256298667,0.1250000000,0,0,0.00000000
2026-01-07T11:00:00-05:00,1442.47724086,1443.34000000,181.32246813,1261.15477273,1261.15477273,0.00000000,0.00000000,0.1257021345,0.1250000000,0,0,0.00000000
2026-01-07T11:15:00-05:00,1442.36149080,1443.34000000,181.20671807,1261.15477273,1261.15477273,0.00000000,0.00000000,0.1256319718,0.1250000000,0,0,0.00000000
2026-01-07T11:30:00-05:00,1442.47781961,1443.34000000,181.32304688,1261.15477273,1261.15477273,0.00000000,0.00000000,0.1257024853,0.1250000000,0,0,0.00000000
2026-01-07T11:45:00-05:00,1442.50617837,1443.34000000,181.35140564,1261.15477273,1261.15477273,0.00000000,0.00000000,0.1257196734,0.1250000000,0,0,0.00000000
2026-01-07T12:00:00-05:00,1442.59241217,1443.34000000,181.43763944,1261.15477273,1261.15477273,0.00000000,0.00000000,0.1257719352,0.1250000000,0,0,0.00000000
2026-01-07T12:15:00-05:00,1442.56405340,1443.34000000,181.40928067,1261.15477273,1261.15477273,0.00000000,0.00000000,0.1257547492,0.1250000000,0,0,0.00000000
2026-01-07T12:30:00-05:00,1442.62192843,1443.34000000,181.46715570,1261.15477273,1261.15477273,0.00000000,0.00000000,0.1257898221,0.1250000000,0,0,0.00000000
2026-01-07T12:45:00-05:00,1442.53511589,1443.34000000,181.38034316,1261.15477273,1261.15477273,0.00000000,0.00000000,0.1257372116,0.1250000000,0,0,0.00000000
2026-01-07T13:00:00-05:00,1442.59299092,1443.34000000,181.43821819,1261.15477273,1261.15477273,0.00000000,0.00000000,0.1257722860,0.1250000000,0,0,0.00000000
2026-01-07T13:15:00-05:00,1442.50617837,1443.34000000,181.35140564,1261.15477273,1261.15477273,0.00000000,0.00000000,0.1257196734,0.1250000000,0,0,0.00000000
2026-01-07T13:30:00-05:00,1442.59241217,1443.34000000,181.43763944,1261.15477273,1261.15477273,0.00000000,0.00000000,0.1257719352,0.1250000000,0,0,0.00000000
2026-01-07T13:45:00-05:00,1442.50039087,1443.34000000,181.34561814,1261.15477273,1261.15477273,0.00000000,0.00000000,0.1257161657,0.1250000000,0,0,0.00000000
2026-01-07T14:00:00-05:00,1442.46740210,1443.34000000,181.31262937,1261.15477273,1261.15477273,0.00000000,0.00000000,0.1256961711,0.1250000000,0,0,0.00000000
2026-01-07T14:15:00-05:00,1442.41878708,1443.34000000,181.26401435,1261.15477273,1261.15477273,0.00000000,0.00000000,0.1256667037,0.1250000000,0,0,0.00000000
2026-01-07T14:30:00-05:00,1442.44830334,1443.34000000,181.29353061,1261.15477273,1261.15477273,0.00000000,0.00000000,0.1256845949,0.1250000000,0,0,0.00000000
2026-01-07T14:45:00-05:00,1442.44830334,1443.34000000,181.29353061,1261.15477273,1261.15477273,0.00000000,0.00000000,0.1256845949,0.1250000000,0,0,0.00000000
2026-01-07T15:00:00-05:00,1442.39042831,1443.34000000,181.23565558,1261.15477273,1261.15477273,0.00000000,0.00000000,0.1256495135,0.1250000000,0,0,0.00000000
2026-01-07T15:15:00-05:00,1442.39042831,1443.34000000,181.23565558,1261.15477273,1261.15477273,0.00000000,0.00000000,0.1256495135,0.1250000000,0,0,0.00000000
2026-01-07T15:30:00-05:00,1442.27467825,1443.34000000,181.11990552,1261.15477273,1261.15477273,0.00000000,0.00000000,0.1255793423,0.1250000000,0,0,0.00000000
2026-01-07T15:45:00-05:00,1442.27467825,1443.34000000,181.11990552,1261.15477273,1261.15477273,0.00000000,0.00000000,0.1255793423,0.1250000000,0,0,0.00000000
2026-01-08T09:30:00-05:00,1439.90064453,1443.34000000,178.74587180,1261.15477273,1261.15477273,0.00000000,0.00000000,0.1241376427,0.1250000000,0,0,0.00000000
2026-01-08T09:45:00-05:00,1439.84392701,1443.34000000,178.68915427,1261.15477273,1261.15477273,0.00000000,0.00000000,0.1241031413,0.1250000000,0,0,0.00000000
2026-01-08T10:00:00-05:00,1440.22011470,1443.34000000,179.06534197,1261.15477273,1261.15477273,0.00000000,0.00000000,0.1243319269,0.1250000000,0,0,0.00000000
2026-01-08T10:15:00-05:00,1440.43772481,1443.34000000,179.28295208,1261.15477273,1261.15477273,0.00000000,0.00000000,0.1244642160,0.1250000000,0,0,0.00000000
2026-01-08T10:30:00-05:00,1440.22011470,1443.34000000,179.06534197,1261.15477273,1261.15477273,0.00000000,0.00000000,0.1243319269,0.1250000000,0,0,0.00000000
2026-01-08T10:45:00-05:00,1440.27798973,1443.34000000,179.12321700,1261.15477273,1261.15477273,0.00000000,0.00000000,0.1243671140,0.1250000000,0,0,0.00000000
2026-01-08T11:00:00-05:00,1440.02912710,1443.34000000,178.87435437,1261.15477273,1261.15477273,0.00000000,0.00000000,0.1242157891,0.1250000000,0,0,0.00000000
2026-01-08T11:15:00-05:00,1439.95851956,1443.34000000,178.80374683,1261.15477273,1261.15477273,0.00000000,0.00000000,0.1241728455,0.1250000000,0,0,0.00000000
2026-01-08T11:30:00-05:00,1440.10436464,1443.34000000,178.94959191,1261.15477273,1261.15477273,0.00000000,0.00000000,0.1242615440,0.1250000000,0,0,0.00000000
2026-01-08T11:45:00-05:00,1440.19117718,1443.34000000,179.03640445,1261.15477273,1261.15477273,0.00000000,0.00000000,0.1243143322,0.1250000000,0,0,0.00000000
2026-01-08T12:00:00-05:00,1440.13330215,1443.34000000,178.97852942,1261.15477273,1261.15477273,0.00000000,0.00000000,0.1242791408,0.1250000000,0,0,0.00000000
2026-01-08T12:15:00-05:00,1440.04591086,1443.34000000,178.89113813,1261.15477273,1261.15477273,0.00000000,0.00000000,0.1242259964,0.1250000000,0,0,0.00000000
2026-01-08T12:30:00-05:00,1440.27798973,1443.34000000,179.12321700,1261.15477273,1261.15477273,0.00000000,0.00000000,0.1243671140,0.1250000000,0,0,0.00000000
2026-01-08T12:45:00-05:00,1440.27798973,1443.34000000,179.12321700,1261.15477273,1261.15477273,0.00000000,0.00000000,0.1243671140,0.1250000000,0,0,0.00000000
2026-01-08T13:00:00-05:00,1440.10320714,1443.34000000,178.94843441,1261.15477273,1261.15477273,0.00000000,0.00000000,0.1242608401,0.1250000000,0,0,0.00000000
2026-01-08T13:15:00-05:00,1440.22011470,1443.34000000,179.06534197,1261.15477273,1261.15477273,0.00000000,0.00000000,0.1243319269,0.1250000000,0,0,0.00000000
2026-01-08T13:30:00-05:00,1440.20564594,1443.34000000,179.05087321,1261.15477273,1261.15477273,0.00000000,0.00000000,0.1243231296,0.1250000000,0,0,0.00000000
2026-01-08T13:45:00-05:00,1440.03375710,1443.34000000,178.87898437,1261.15477273,1261.15477273,0.00000000,0.00000000,0.1242186049,0.1250000000,0,0,0.00000000
2026-01-08T14:00:00-05:00,1439.93073955,1443.34000000,178.77596682,1261.15477273,1261.15477273,0.00000000,0.00000000,0.1241559486,0.1250000000,0,0,0.00000000
2026-01-08T14:15:00-05:00,1439.97877582,1443.34000000,178.82400309,1261.15477273,1261.15477273,0.00000000,0.00000000,0.1241851658,0.1250000000,0,0,0.00000000
2026-01-08T14:30:00-05:00,1439.97703957,1443.34000000,178.82226684,1261.15477273,1261.15477273,0.00000000,0.00000000,0.1241841098,0.1250000000,0,0,0.00000000
2026-01-08T14:45:00-05:00,1439.98861458,1443.34000000,178.83384185,1261.15477273,1261.15477273,0.00000000,0.00000000,0.1241911499,0.1250000000,0,0,0.00000000
2026-01-08T15:00:00-05:00,1440.13330215,1443.34000000,178.97852942,1261.15477273,1261.15477273,0.00000000,0.00000000,0.1242791408,0.1250000000,0,0,0.00000000
2026-01-08T15:15:00-05:00,1440.33586476,1443.34000000,179.18109203,1261.15477273,1261.15477273,0.00000000,0.00000000,0.1244022984,0.1250000000,0,0,0.00000000
2026-01-08T15:30:00-05:00,1440.35727852,1443.34000000,179.20250579,1261.15477273,1261.15477273,0.00000000,0.00000000,0.1244153159,0.1250000000,0,0,0.00000000
2026-01-08T15:45:00-05:00,1440.45161482,1443.34000000,179.29684209,1261.15477273,1261.15477273,0.00000000,0.00000000,0.1244726586,0.1250000000,0,0,0.00000000
2026-01-09T09:30:00-05:00,1441.79495792,1443.34000000,179.72338106,1262.07157686,1262.07157686,0.00000000,0.00000000,0.1246525243,0.1250000000,0,0,0.00000000
2026-01-09T09:45:00-05:00,1441.87598296,1443.34000000,179.80440610,1262.07157686,1262.07157686,0.00000000,0.00000000,0.1247017138,0.1250000000,0,0,0.00000000
2026-01-09T10:00:00-05:00,1441.94716925,1443.34000000,179.87559238,1262.07157686,1262.07157686,0.00000000,0.00000000,0.1247449256,0.1250000000,0,0,0.00000000
2026-01-09T10:15:00-05:00,1442.43910700,1443.34000000,180.36753014,1262.07157686,1262.07157686,0.00000000,0.00000000,0.1250434277,0.1250000000,0,0,0.00000000
2026-01-09T10:30:00-05:00,1442.28168692,1443.34000000,180.21011006,1262.07157686,1262.07157686,0.00000000,0.00000000,0.1249479292,0.1250000000,0,0,0.00000000
2026-01-09T10:45:00-05:00,1442.35229446,1443.34000000,180.28071759,1262.07157686,1262.07157686,0.00000000,0.00000000,0.1249907656,0.1250000000,0,0,0.00000000
2026-01-09T11:00:00-05:00,1442.64224835,1443.34000000,180.57067149,1262.07157686,1262.07157686,0.00000000,0.00000000,0.1251666321,0.1250000000,0,0,0.00000000
2026-01-09T11:15:00-05:00,1442.56411706,1443.34000000,180.49254020,1262.07157686,1262.07157686,0.00000000,0.00000000,0.1251192499,0.1250000000,0,0,0.00000000
2026-01-09T11:30:00-05:00,1442.58379457,1443.34000000,180.51221771,1262.07157686,1262.07157686,0.00000000,0.00000000,0.1251311836,0.1250000000,0,0,0.00000000
2026-01-09T11:45:00-05:00,1442.69954463,1443.34000000,180.62796777,1262.07157686,1262.07157686,0.00000000,0.00000000,0.1252013757,0.1250000000,0,0,0.00000000
2026-01-09T12:00:00-05:00,1442.69954463,1443.34000000,180.62796777,1262.07157686,1262.07157686,0.00000000,0.00000000,0.1252013757,0.1250000000,0,0,0.00000000
2026-01-09T12:15:00-05:00,1442.67060712,1443.34000000,180.59903026,1262.07157686,1262.07157686,0.00000000,0.00000000,0.1251838288,0.1250000000,0,0,0.00000000
2026-01-09T12:30:00-05:00,1442.66944962,1443.34000000,180.59787276,1262.07157686,1262.07157686,0.00000000,0.00000000,0.1251831269,0.1250000000,0,0,0.00000000
2026-01-09T12:45:00-05:00,1442.67060712,1443.34000000,180.59903026,1262.07157686,1262.07157686,0.00000000,0.00000000,0.1251838288,0.1250000000,0,0,0.00000000
2026-01-09T13:00:00-05:00,1442.68912713,1443.34000000,180.61755027,1262.07157686,1262.07157686,0.00000000,0.00000000,0.1251950589,0.1250000000,0,0,0.00000000
2026-01-09T13:15:00-05:00,1442.64166960,1443.34000000,180.57009274,1262.07157686,1262.07157686,0.00000000,0.00000000,0.1251662811,0.1250000000,0,0,0.00000000
2026-01-09T13:30:00-05:00,1442.69954463,1443.34000000,180.62796777,1262.07157686,1262.07157686,0.00000000,0.00000000,0.1252013757,0.1250000000,0,0,0.00000000
2026-01-09T13:45:00-05:00,1442.72558840,1443.34000000,180.65401153,1262.07157686,1262.07157686,0.00000000,0.00000000,0.1252171674,0.1250000000,0,0,0.00000000
2026-01-09T14:00:00-05:00,1442.72848215,1443.34000000,180.65690529,1262.07157686,1262.07157686,0.00000000,0.00000000,0.1252189220,0.1250000000,0,0,0.00000000
2026-01-09T14:15:00-05:00,1442.75741966,1443.34000000,180.68584280,1262.07157686,1262.07157686,0.00000000,0.00000000,0.1252364676,0.1250000000,0,0,0.00000000
2026-01-09T14:30:00-05:00,1442.75741966,1443.34000000,180.68584280,1262.07157686,1262.07157686,0.00000000,0.00000000,0.1252364676,0.1250000000,0,0,0.00000000
2026-01-09T14:45:00-05:00,1442.78635718,1443.34000000,180.71478032,1262.07157686,1262.07157686,0.00000000,0.00000000,0.1252540124,0.1250000000,0,0,0.00000000
2026-01-09T15:00:00-05:00,1442.78635718,1443.34000000,180.71478032,1262.07157686,1262.07157686,0.00000000,0.00000000,0.1252540124,0.1250000000,0,0,0.00000000
2026-01-09T15:15:00-05:00,1442.78635718,1443.34000000,180.71478032,1262.07157686,1262.07157686,0.00000000,0.00000000,0.1252540124,0.1250000000,0,0,0.00000000
2026-01-09T15:30:00-05:00,1442.78346343,1443.34000000,180.71188656,1262.07157686,1262.07157686,0.00000000,0.00000000,0.1252522580,0.1250000000,0,0,0.00000000
2026-01-09T15:45:00-05:00,1442.81529469,1443.34000000,180.74371783,1262.07157686,1262.07157686,0.00000000,0.00000000,0.1252715566,0.1250000000,0,0,0.00000000
2026-01-12T09:30:00-05:00,1442.23654440,1443.34000000,180.16496753,1262.07157686,1262.07157686,0.00000000,0.00000000,0.1249205397,0.1250000000,0,0,0.00000000
2026-01-12T09:45:00-05:00,1442.55485706,1443.34000000,180.48328020,1262.07157686,1262.07157686,0.00000000,0.00000000,0.1251136339,0.1250000000,0,0,0.00000000
2026-01-12T10:00:00-05:00,1442.44142200,1443.34000000,180.36984514,1262.07157686,1262.07157686,0.00000000,0.00000000,0.1250448319,0.1250000000,0,0,0.00000000
2026-01-12T10:15:00-05:00,1442.67060712,1443.34000000,180.59903026,1262.07157686,1262.07157686,0.00000000,0.00000000,0.1251838288,0.1250000000,0,0,0.00000000
2026-01-12T10:30:00-05:00,1442.43910700,1443.34000000,180.36753014,1262.07157686,1262.07157686,0.00000000,0.00000000,0.1250434277,0.1250000000,0,0,0.00000000
2026-01-12T10:45:00-05:00,1442.64166960,1443.34000000,180.57009274,1262.07157686,1262.07157686,0.00000000,0.00000000,0.1251662811,0.1250000000,0,0,0.00000000
2026-01-12T11:00:00-05:00,1442.81529469,1443.34000000,180.74371783,1262.07157686,1262.07157686,0.00000000,0.00000000,0.1252715566,0.1250000000,0,0,0.00000000
2026-01-12T11:15:00-05:00,1442.78925093,1443.34000000,180.71767407,1262.07157686,1262.07157686,0.00000000,0.00000000,0.1252557669,0.1250000000,0,0,0.00000000
2026-01-12T11:30:00-05:00,1442.81529469,1443.34000000,180.74371783,1262.07157686,1262.07157686,0.00000000,0.00000000,0.1252715566,0.1250000000,0,0,0.00000000
2026-01-12T11:45:00-05:00,1442.93162350,1443.34000000,180.86004664,1262.07157686,1262.07157686,0.00000000,0.00000000,0.1253420770,0.1250000000,0,0,0.00000000
2026-01-12T12:00:00-05:00,1442.97676603,1443.34000000,180.90518916,1262.07157686,1262.07157686,0.00000000,0.00000000,0.1253694401,0.1250000000,0,0,0.00000000
2026-01-12T12:15:00-05:00,1442.93162350,1443.34000000,180.86004664,1262.07157686,1262.07157686,0.00000000,0.00000000,0.1253420770,0.1250000000,0,0,0.00000000
2026-01-12T12:30:00-05:00,1442.89921349,1443.34000000,180.82763662,1262.07157686,1262.07157686,0.00000000,0.00000000,0.1253224307,0.1250000000,0,0,0.00000000
2026-01-12T12:45:00-05:00,1443.01785730,1443.34000000,180.94628043,1262.07157686,1262.07157686,0.00000000,0.00000000,0.1253943460,0.1250000000,0,0,0.00000000
2026-01-12T13:00:00-05:00,1443.10466984,1443.34000000,181.03309298,1262.07157686,1262.07157686,0.00000000,0.00000000,0.1254469594,0.1250000000,0,0,0.00000000
2026-01-12T13:15:00-05:00,1443.13360736,1443.34000000,181.06203049,1262.07157686,1262.07157686,0.00000000,0.00000000,0.1254644959,0.1250000000,0,0,0.00000000
2026-01-12T13:30:00-05:00,1443.10351234,1443.34000000,181.03193548,1262.07157686,1262.07157686,0.00000000,0.00000000,0.1254462580,0.1250000000,0,0,0.00000000
2026-01-12T13:45:00-05:00,1443.10409109,1443.34000000,181.03251423,1262.07157686,1262.07157686,0.00000000,0.00000000,0.1254466087,0.1250000000,0,0,0.00000000
2026-01-12T14:00:00-05:00,1443.13592236,1443.34000000,181.06434549,1262.07157686,1262.07157686,0.00000000,0.00000000,0.1254658987,0.1250000000,0,0,0.00000000
2026-01-12T14:15:00-05:00,1443.22041990,1443.34000000,181.14884304,1262.07157686,1262.07157686,0.00000000,0.00000000,0.1255171009,0.1250000000,0,0,0.00000000
2026-01-12T14:30:00-05:00,1443.27771618,1443.34000000,181.20613932,1262.07157686,1262.07157686,0.00000000,0.00000000,0.1255518167,0.1250000000,0,0,0.00000000
2026-01-12T14:45:00-05:00,1443.30723245,1443.34000000,181.23565558,1262.07157686,1262.07157686,0.00000000,0.00000000,0.1255696996,0.1250000000,0,0,0.00000000
2026-01-12T15:00:00-05:00,1443.27713743,1443.34000000,181.20556057,1262.07157686,1262.07157686,0.00000000,0.00000000,0.1255514661,0.1250000000,0,0,0.00000000
2026-01-12T15:15:00-05:00,1443.19784864,1443.34000000,181.12627178,1262.07157686,1262.07157686,0.00000000,0.00000000,0.1255034242,0.1250000000,0,0,0.00000000
2026-01-12T15:30:00-05:00,1443.13360736,1443.34000000,181.06203049,1262.07157686,1262.07157686,0.00000000,0.00000000,0.1254644959,0.1250000000,0,0,0.00000000
2026-01-12T15:45:00-05:00,1442.93104475,1443.34000000,180.85946789,1262.07157686,1262.07157686,0.00000000,0.00000000,0.1253417262,0.1250000000,0,0,0.00000000
2026-01-13T09:30:00-05:00,1443.33616996,1443.34000000,181.26459310,1262.07157686,1262.07157686,0.00000000,0.00000000,0.1255872311,0.1250000000,0,0,0.00000000
2026-01-13T09:45:00-05:00,1443.01785730,1443.34000000,180.94628043,1262.07157686,1262.07157686,0.00000000,0.00000000,0.1253943460,0.1250000000,0,0,0.00000000
2026-01-13T10:00:00-05:00,1442.61273209,1443.34000000,180.54115523,1262.07157686,1262.07157686,0.00000000,0.00000000,0.1251487327,0.1250000000,0,0,0.00000000
2026-01-13T10:15:00-05:00,1442.25853691,1443.34000000,180.18696004,1262.07157686,1262.07157686,0.00000000,0.00000000,0.1249338835,0.1250000000,0,0,0.00000000
2026-01-13T10:30:00-05:00,1442.26548191,1443.34000000,180.19390505,1262.07157686,1262.07157686,0.00000000,0.00000000,0.1249380973,0.1250000000,0,0,0.00000000
2026-01-13T10:45:00-05:00,1442.64166960,1443.34000000,180.57009274,1262.07157686,1262.07157686,0.00000000,0.00000000,0.1251662811,0.1250000000,0,0,0.00000000
2026-01-13T11:00:00-05:00,1442.69954463,1443.34000000,180.62796777,1262.07157686,1262.07157686,0.00000000,0.00000000,0.1252013757,0.1250000000,0,0,0.00000000
2026-01-13T11:15:00-05:00,1442.65555961,1443.34000000,180.58398275,1262.07157686,1262.07157686,0.00000000,0.00000000,0.1251747041,0.1250000000,0,0,0.00000000
2026-01-13T11:30:00-05:00,1443.16254487,1443.34000000,181.09096801,1262.07157686,1262.07157686,0.00000000,0.00000000,0.1254820316,0.1250000000,0,0,0.00000000
2026-01-13T11:45:00-05:00,1443.36279248,1443.34000000,181.29121561,1262.07157686,1262.07157686,0.00000000,0.00000000,0.1256033594,0.1250000000,0,0,0.00000000
2026-01-13T12:00:00-05:00,1443.27829493,1443.34000000,181.20671807,1262.07157686,1262.07157686,0.00000000,0.00000000,0.1255521674,0.1250000000,0,0,0.00000000
2026-01-13T12:15:00-05:00,1443.07341733,1443.34000000,181.00184046,1262.07157686,1262.07157686,0.00000000,0.00000000,0.1254280193,0.1250000000,0,0,0.00000000
2026-01-13T12:30:00-05:00,1442.93104475,1443.34000000,180.85946789,1262.07157686,1262.07157686,0.00000000,0.00000000,0.1253417262,0.1250000000,0,0,0.00000000
2026-01-13T12:45:00-05:00,1442.52591955,1443.34000000,180.45434268,1262.07157686,1262.07157686,0.00000000,0.00000000,0.1250960834,0.1250000000,0,0,0.00000000
2026-01-13T13:00:00-05:00,1442.64166960,1443.34000000,180.57009274,1262.07157686,1262.07157686,0.00000000,0.00000000,0.1251662811,0.1250000000,0,0,0.00000000
2026-01-13T13:15:00-05:00,1442.50219078,1443.34000000,180.43061392,1262.07157686,1262.07157686,0.00000000,0.00000000,0.1250816914,0.1250000000,0,0,0.00000000
2026-01-13T13:30:00-05:00,1442.46804452,1443.34000000,180.39646765,1262.07157686,1262.07157686,0.00000000,0.00000000,0.1250609803,0.1250000000,0,0,0.00000000
2026-01-13T13:45:00-05:00,1442.29441943,1443.34000000,180.22284256,1262.07157686,1262.07157686,0.00000000,0.00000000,0.1249556541,0.1250000000,0,0,0.00000000
2026-01-13T14:00:00-05:00,1442.23654440,1443.34000000,180.16496753,1262.07157686,1262.07157686,0.00000000,0.00000000,0.1249205397,0.1250000000,0,0,0.00000000
2026-01-13T14:15:00-05:00,1442.40959074,1443.34000000,180.33801387,1262.07157686,1262.07157686,0.00000000,0.00000000,0.1250255233,0.1250000000,0,0,0.00000000
2026-01-13T14:30:00-05:00,1442.42637449,1443.34000000,180.35479763,1262.07157686,1262.07157686,0.00000000,0.00000000,0.1250357043,0.1250000000,0,0,0.00000000
2026-01-13T14:45:00-05:00,1442.43910700,1443.34000000,180.36753014,1262.07157686,1262.07157686,0.00000000,0.00000000,0.1250434277,0.1250000000,0,0,0.00000000
2026-01-13T15:00:00-05:00,1442.26837566,1443.34000000,180.19679880,1262.07157686,1262.07157686,0.00000000,0.00000000,0.1249398530,0.1250000000,0,1,0.00000000
2026-01-13T15:15:00-05:00,1434.48915313,1443.34000000,180.13603002,1254.35312311,16.53312311,1237.82000000,0.00000000,0.1255750381,0.1250000000,1,1,11.09829616
2026-01-13T15:30:00-05:00,1431.91997446,1443.34000000,180.28013884,1251.63983561,5.47483561,1246.16500000,0.00000000,0.1259009875,0.1250000000,2,1,11.41072781
2026-01-13T15:45:00-05:00,1437.51961593,1443.34000000,180.71478032,1256.80483561,5.47483561,1251.33000000,0.00000000,0.1257129143,0.1250000000,2,1,11.41072781
2026-01-14T09:30:00-05:00,1428.81879244,1443.34000000,178.83962935,1249.97916309,1238.98916309,10.99000000,0.00000000,0.1251660675,0.1250000000,1,4,0.31243166
2026-01-14T09:45:00-05:00,1440.74488492,1443.34000000,178.89171688,1261.85316804,1.26816804,1260.58500000,0.00000000,0.1241661301,0.1250000000,3,1,12.96137194
2026-01-14T10:00:00-05:00,1438.87851168,1443.34000000,179.06534197,1259.81316971,0.33636971,1259.47680000,0.00000000,0.1244478533,0.1250000000,4,1,13.00490857
2026-01-14T10:15:00-05:00,1435.86123653,1443.34000000,178.77596682,1257.08526971,0.33636971,1256.74890000,0.00000000,0.1245078301,0.1250000000,4,1,13.00490857
2026-01-14T10:30:00-05:00,1431.92308635,1443.34000000,178.42871664,1253.49436971,0.33636971,1253.15800000,0.00000000,0.1246077519,0.1250000000,4,1,12.69247692
2026-01-14T10:45:00-05:00,1430.68674913,1443.34000000,177.96571640,1252.72103273,4.37803273,1248.34300000,0.00000000,0.1243918115,0.1250000000,3,3,12.50059841
2026-01-14T11:00:00-05:00,1433.59383294,1443.34000000,178.08146646,1255.51236648,0.01976648,1255.49260000,0.00000000,0.1242203073,0.1250000000,4,0,12.67686449
2026-01-14T11:15:00-05:00,1433.11169071,1443.34000000,178.59192422,1254.51976648,0.01976648,1254.50000000,0.00000000,0.1246182872,0.1250000000,4,2,12.67686449
2026-01-14T11:30:00-05:00,1427.89348300,1443.34000000,178.19721652,1249.69626648,0.01976648,1249.67650000,0.00000000,0.1247972756,0.1250000000,4,0,12.67686449
2026-01-14T11:45:00-05:00,1424.90242028,1443.34000000,177.76315380,1247.13926648,0.01976648,1247.11950000,0.00000000,0.1247546157,0.1250000000,4,1,12.67686449
2026-01-14T12:00:00-05:00,1426.46005791,1443.34000000,178.02359143,1248.43646648,0.01976648,1248.41670000,0.00000000,0.1248009648,0.1250000000,4,1,12.67686449
2026-01-14T12:15:00-05:00,1425.31080785,1443.34000000,177.90784137,1247.40296648,0.01976648,1247.38320000,0.00000000,0.1248203833,0.1250000000,4,0,12.67686449
2026-01-14T12:30:00-05:00,1423.84710785,1443.34000000,177.90784137,1245.93926648,0.01976648,1245.91950000,0.00000000,0.1249486974,0.1250000000,4,0,12.67686449
2026-01-14T12:45:00-05:00,1423.68058276,1443.34000000,177.73421628,1245.94636648,0.01976648,1245.92660000,0.00000000,0.1248413573,0.1250000000,4,0,12.67686449
2026-01-14T13:00:00-05:00,1425.58640885,1443.34000000,177.99465392,1247.59175493,11.69415493,1235.89760000,0.00000000,0.1248571485,0.1250000000,3,2,12.50059841
2026-01-14T13:15:00-05:00,1424.85932349,1443.34000000,178.02359143,1246.83573205,0.45523205,1246.38050000,0.00000000,0.1249411703,0.1250000000,4,2,12.90477885
2026-01-14T13:30:00-05:00,1423.61890460,1443.34000000,177.75447254,1245.86443205,0.45523205,1245.40920000,0.00000000,0.1248609947,0.1250000000,4,0,12.90477885
2026-01-14T13:45:00-05:00,1425.81764927,1443.34000000,178.11040398,1247.70724529,4.86794529,1242.83930000,0.00000000,0.1249180806,0.1250000000,3,1,12.90477885
2026-01-14T14:00:00-05:00,1427.61471175,1443.34000000,178.08146646,1249.53324529,4.86794529,1244.66530000,0.00000000,0.1247405655,0.1250000000,3,2,12.90477885
2026-01-14T14:15:00-05:00,1429.89192055,1443.34000000,178.17927526,1251.71264529,4.86794529,1246.84470000,0.00000000,0.1246103098,0.1250000000,3,3,12.90477885
2026-01-14T14:30:00-05:00,1430.66062932,1443.34000000,178.22615404,1252.43447529,0.90497529,1251.52950000,0.00000000,0.1245761227,0.1250000000,4,2,13.01734853
2026-01-14T14:45:00-05:00,1428.46454175,1443.34000000,178.08146646,1250.38307529,0.90497529,1249.47810000,0.00000000,0.1246663542,0.1250000000,4,2,13.01734853
2026-01-14T15:00:00-05:00,1426.99949193,1443.34000000,178.42871664,1248.57077529,0.90497529,1247.66580000,0.00000000,0.1250376876,0.1250000000,4,0,13.01734853
2026-01-14T15:15:00-05:00,1428.11041823,1443.34000000,178.49643043,1249.61398781,4.75248781,1244.86150000,0.00000000,0.1249878358,0.1250000000,3,3,12.90477885
2026-01-14T15:30:00-05:00,1425.76692482,1443.34000000,178.71809179,1247.04883303,0.00923303,1247.03960000,0.00000000,0.1253487430,0.1250000000,4,2,13.05083832
2026-01-14T15:45:00-05:00,1425.70887500,1443.34000000,179.06534197,1246.64353303,0.00923303,1246.63430000,0.00000000,0.1255974099,0.1250000000,4,2,13.05083832
2026-01-15T09:30:00-05:00,1433.84206428,1443.34000000,180.28708385,1253.55498044,4.60298044,1248.95200000,0.00000000,0.1257370587,0.1250000000,3,3,0.44771707
2026-01-15T09:45:00-05:00,1449.87763534,1443.34000000,179.90452990,1269.97310544,9.31160544,1260.66150000,0.00000000,0.1240825608,0.1250000000,3,2,31.10777691
2026-01-15T10:00:00-05:00,1445.32693288,1443.34000000,179.99134244,1265.33559044,1.68589044,1263.64970000,0.00000000,0.1245333069,0.1250000000,4,2,31.39379924
2026-01-15T10:15:00-05:00,1437.75195335,1443.34000000,179.93346741,1257.81848594,2.57348594,1255.24500000,0.00000000,0.1251491726,0.1250000000,3,1,31.35026261
2026-01-15T10:30:00-05:00,1443.91557832,1443.34000000,179.87559238,1264.03998594,2.57348594,1261.46650000,0.00000000,0.1245748679,0.1250000000,3,1,31.35026261
2026-01-15T10:45:00-05:00,1446.45266506,1443.34000000,180.04921747,1266.40344759,8.27144759,1258.13200000,0.00000000,0.1244763979,0.1250000000,3,1,31.12299603
2026-01-15T11:00:00-05:00,1458.04905636,1443.34000000,180.13660877,1277.91244759,8.27144759,1269.64100000,0.00000000,0.1235463292,0.1250000000,3,2,31.12299603
2026-01-15T11:15:00-05:00,1444.14985264,1443.34000000,180.19390505,1263.95594759,8.27144759,1255.68450000,0.00000000,0.1247750742,0.1250000000,3,1,31.12299603
2026-01-15T11:30:00-05:00,1431.93436518,1443.34000000,180.28071759,1251.65364759,8.27144759,1243.38220000,0.00000000,0.1259001264,0.1250000000,3,1,31.12299603
2026-01-15T11:45:00-05:00,1425.21333148,1443.34000000,180.36232138,1244.85101009,1.41631009,1243.43470000,0.00000000,0.1265511046,0.1250000000,4,0,31.28396238
2026-01-15T12:00:00-05:00,1422.11210643,1443.34000000,180.28129634,1241.83081009,1.41631009,1240.41450000,0.00000000,0.1267701017,0.1250000000,4,0,31.28396238
2026-01-15T12:15:00-05:00,1421.56611011,1443.34000000,180.13140002,1241.43471009,1.41631009,1240.01840000,0.00000000,0.1267133472,0.1250000000,4,1,31.28396238
2026-01-15T12:30:00-05:00,1421.48096508,1443.34000000,180.07815499,1241.40281009,1.41631009,1239.98650000,0.00000000,0.1266834797,0.1250000000,4,2,31.28396238
2026-01-15T12:45:00-05:00,1415.88577751,1443.34000000,179.93346741,1235.95231009,1.41631009,1234.53600000,0.00000000,0.1270819089,0.1250000000,4,0,31.28396238
2026-01-15T13:00:00-05:00,1415.91960510,1443.34000000,180.11519501,1235.80441009,1.41631009,1234.38810000,0.00000000,0.1272072188,0.1250000000,4,0,31.28396238
2026-01-15T13:15:00-05:00,1419.37481514,1443.34000000,180.19390505,1239.18091009,1.41631009,1237.76460000,0.00000000,0.1269530100,0.1250000000,4,0,31.28396238
2026-01-15T13:30:00-05:00,1414.45959017,1443.34000000,180.25178008,1234.20781009,1.41631009,1232.79150000,0.00000000,0.1274350864,0.1250000000,4,0,31.28396238
2026-01-15T13:45:00-05:00,1410.72110889,1443.34000000,180.19679880,1230.52431009,1.41631009,1229.10800000,0.00000000,0.1277338218,0.1250000000,4,2,31.28396238
2026-01-15T14:00:00-05:00,1411.96582745,1443.34000000,179.81771735,1232.14811009,1.41631009,1230.73180000,0.00000000,0.1273527403,0.1250000000,4,1,31.28396238
2026-01-15T14:15:00-05:00,1414.14802733,1443.34000000,179.58621724,1234.56181009,1.41631009,1233.14550000,0.00000000,0.1269925169,0.1250000000,4,1,31.28396238
2026-01-15T14:30:00-05:00,1412.28177727,1443.34000000,179.47046718,1232.81131009,1.41631009,1231.39500000,0.00000000,0.1270783707,0.1250000000,4,0,31.28396238
2026-01-15T14:45:00-05:00,1414.30762842,1443.34000000,179.28931833,1235.01831009,1.41631009,1233.60200000,0.00000000,0.1267682608,0.1250000000,4,1,31.28396238
2026-01-15T15:00:00-05:00,1413.57589966,1443.34000000,179.26558957,1234.31031009,1.41631009,1232.89400000,0.00000000,0.1268170953,0.1250000000,4,0,31.28396238
2026-01-15T15:15:00-05:00,1405.29177703,1443.34000000,179.00746694,1226.28431009,1.41631009,1224.86800000,0.00000000,0.1273809965,0.1250000000,4,0,31.28396238
2026-01-15T15:30:00-05:00,1421.13840200,1443.34000000,178.94959191,1242.18881009,1.41631009,1240.77250000,0.00000000,0.1259198905,0.1250000000,4,0,31.28396238
2026-01-15T15:45:00-05:00,1427.25146449,1443.34000000,178.92065439,1248.33081009,1.41631009,1246.91450000,0.00000000,0.1253602878,0.1250000000,4,1,31.28396238
2026-01-16T09:30:00-05:00,1433.68084089,1443.34000000,179.81655985,1253.86428103,8.79048103,1245.07380000,0.00000000,0.1254230054,0.1250000000,3,3,31.12299603
2026-01-16T09:45:00-05:00,1453.44516819,1443.34000000,179.44152966,1274.00363853,3.39643853,1270.60720000,0.00000000,0.1234594422,0.1250000000,4,1,31.27338296
2026-01-16T10:00:00-05:00,1476.60944179,1443.34000000,179.15215451,1297.45728728,0.65938728,1296.79790000,0.00000000,0.1213267025,0.1250000000,5,1,0.72563505
2026-01-16T10:15:00-05:00,1463.46378302,1443.34000000,178.86277936,1284.60100366,11.48600366,1273.11500000,0.00000000,0.1222187945,0.1250000000,4,1,0.32145461
2026-01-16T10:30:00-05:00,1450.97253248,1443.34000000,178.48659167,1272.48594081,0.99434081,1271.49160000,0.00000000,0.1230116957,0.1250000000,5,0,0.73289813
2026-01-16T10:45:00-05:00,1486.98775769,1443.34000000,178.89171688,1308.09604081,0.99434081,1307.10170000,0.00000000,0.1203047678,0.1250000000,5,1,0.73289813
2026-01-16T11:00:00-05:00,1469.44953272,1443.34000000,178.94959191,1290.49994081,0.99434081,1289.50560000,0.00000000,0.1217800189,0.1250000000,5,0,0.73289813
2026-01-16T11:15:00-05:00,1477.68543284,1443.34000000,179.18109203,1298.50434081,0.99434081,1297.51000000,0.00000000,0.1212579403,0.1250000000,5,1,0.73289813
2026-01-16T11:30:00-05:00,1483.07905793,1443.34000000,179.35471712,1303.72434081,0.99434081,1302.73000000,0.00000000,0.1209340231,0.1250000000,5,1,0.73289813
2026-01-16T11:45:00-05:00,1460.67423284,1443.34000000,179.18109203,1281.49314081,0.99434081,1280.49880000,0.00000000,0.1226701259,0.1250000000,5,0,0.73289813
2026-01-16T12:00:00-05:00,1451.64149532,1443.34000000,179.15215451,1272.48934081,0.99434081,1271.49500000,0.00000000,0.1234134978,0.1250000000,5,0,0.73289813
2026-01-16T12:15:00-05:00,1465.11510028,1443.34000000,179.07575947,1286.03934081,0.99434081,1285.04500000,0.00000000,0.1222264104,0.1250000000,5,0,0.73289813
2026-01-16T12:30:00-05:00,1463.87238278,1443.34000000,179.06534197,1284.80704081,0.99434081,1283.81270000,0.00000000,0.1223230550,0.1250000000,5,0,0.73289813
2026-01-16T12:45:00-05:00,1457.37930763,1443.34000000,178.77596682,1278.60334081,0.99434081,1277.60900000,0.00000000,0.1226694834,0.1250000000,5,0,0.73289813
2026-01-16T13:00:00-05:00,1455.75478278,1443.34000000,179.06534197,1276.68944081,0.99434081,1275.69510000,0.00000000,0.1230051545,0.1250000000,5,0,0.73289813
2026-01-16T13:15:00-05:00,1471.42606661,1443.34000000,179.22102580,1292.20504081,0.99434081,1291.21070000,0.00000000,0.1218009045,0.1250000000,5,0,0.73289813
2026-01-16T13:30:00-05:00,1463.57043284,1443.34000000,179.18109203,1284.38934081,0.99434081,1283.39500000,0.00000000,0.1224273790,0.1250000000,5,0,0.73289813
2026-01-16T13:45:00-05:00,1458.86543284,1443.34000000,179.18109203,1279.68434081,0.99434081,1278.69000000,0.00000000,0.1228222206,0.1250000000,5,0,0.73289813
2026-01-16T14:00:00-05:00,1457.31756153,1443.34000000,179.06592072,1278.25164081,0.99434081,1277.25730000,0.00000000,0.1228736450,0.1250000000,5,0,0.73289813
2026-01-16T14:15:00-05:00,1453.77980948,1443.34000000,178.94959191,1274.83021757,1250.89497674,20.11060000,3.82464084,0.1234173275,0.1250000000,4,0,0.73289813
2026-01-16T14:30:00-05:00,1454.00727209,1443.34000000,179.15215451,1274.85511757,1250.89497674,20.13550000,3.82464084,0.1235376501,0.1250000000,4,0,0.73289813
2026-01-16T14:45:00-05:00,1454.10792215,1443.34000000,179.26790457,1274.84001757,1250.89497674,20.12040000,3.82464084,0.1236088886,0.1250000000,4,1,0.73289813
2026-01-16T15:00:00-05:00,1454.88731463,1443.34000000,179.23896706,1275.64834757,205.75170674,1066.07200000,3.82464084,0.1235225537,0.1250000000,5,1,44.33451227
2026-01-16T15:15:00-05:00,1464.05279994,1443.34000000,179.21002954,1284.84277039,6.89552784,1274.17970000,3.76754255,0.1227226178,0.1250000000,5,1,48.35041415
2026-01-16T15:30:00-05:00,1461.85097616,1443.34000000,179.15215451,1282.69882164,0.42567909,1278.50560000,3.76754255,0.1228682463,0.1250000000,6,0,48.51802340
2026-01-16T15:45:00-05:00,1446.20291355,1443.34000000,178.94959191,1267.25332164,0.42567909,1263.06010000,3.76754255,0.1240607347,0.1250000000,6,0,48.51802340
2026-01-20T09:30:00-05:00,1396.88777947,1443.34000000,176.60565320,1220.28212627,1220.28212627,0.00000000,0.00000000,0.1264279463,0.1250000000,0,3,0.00000000
2026-01-20T09:45:00-05:00,1381.24469443,1443.34000000,176.51884066,1204.72585377,4.34085377,1200.38500000,0.00000000,0.1277969366,0.1250000000,1,2,26.45539252
2026-01-20T10:00:00-05:00,1369.22195988,1443.34000000,176.28734054,1192.93461934,1192.93461934,0.00000000,0.00000000,0.1287500096,0.1250000000,0,2,0.00000000
2026-01-20T10:15:00-05:00,1381.00994015,1443.34000000,176.80821581,1204.20172434,0.18072434,1204.02100000,0.00000000,0.1280281993,0.1250000000,2,1,26.68470139
2026-01-20T10:30:00-05:00,1389.22200275,1443.34000000,177.01077841,1212.21122434,0.18072434,1212.03050000,0.00000000,0.1274172005,0.1250000000,2,2,26.68470139
2026-01-20T10:45:00-05:00,1387.34681517,1443.34000000,176.86609084,1210.48072434,0.18072434,1210.30000000,0.00000000,0.1274851313,0.1250000000,2,1,26.68470139
2026-01-20T11:00:00-05:00,1386.46331529,1443.34000000,177.09759096,1209.36572434,0.18072434,1209.18500000,0.00000000,0.1277333407,0.1250000000,2,1,26.68470139
2026-01-20T11:15:00-05:00,1387.18831529,1443.34000000,177.09759096,1210.09072434,0.18072434,1209.91000000,0.00000000,0.1276665821,0.1250000000,2,1,26.68470139
2026-01-20T11:30:00-05:00,1386.74287766,1443.34000000,176.83715332,1209.90572434,0.18072434,1209.72500000,0.00000000,0.1275197848,0.1250000000,2,0,26.68470139
2026-01-20T11:45:00-05:00,1389.69539404,1443.34000000,177.09816971,1212.59722434,0.18072434,1212.41650000,0.00000000,0.1274366818,0.1250000000,2,0,26.68470139
2026-01-20T12:00:00-05:00,1378.84397890,1443.34000000,176.81805456,1202.02592434,0.18072434,1201.84520000,0.00000000,0.1282364483,0.1250000000,2,0,26.68470139
2026-01-20T12:15:00-05:00,1375.52895257,1443.34000000,176.66352823,1198.86542434,0.18072434,1198.68470000,0.00000000,0.1284331587,0.1250000000,2,0,26.68470139
2026-01-20T12:30:00-05:00,1372.16333120,1443.34000000,176.43260687,1195.73072434,0.18072434,1195.55000000,0.00000000,0.1285798876,0.1250000000,2,0,26.68470139
2026-01-20T12:45:00-05:00,1369.79031494,1443.34000000,176.40309060,1193.38722434,0.18072434,1193.20650000,0.00000000,0.1287810906,0.1250000000,2,0,26.68470139
2026-01-20T13:00:00-05:00,1371.11043991,1443.34000000,176.34521557,1194.76522434,0.18072434,1194.58450000,0.00000000,0.1286148879,0.1250000000,2,0,26.68470139
2026-01-20T13:15:00-05:00,1362.24447103,1443.34000000,176.09924669,1186.14522434,0.18072434,1185.96450000,0.00000000,0.1292713976,0.1250000000,2,1,26.68470139
2026-01-20T13:30:00-05:00,1354.66806464,1443.34000000,175.82434030,1178.84372434,0.18072434,1178.66300000,0.00000000,0.1297914559,0.1250000000,2,0,26.68470139
2026-01-20T13:45:00-05:00,1353.42346085,1443.34000000,175.74273651,1177.68072434,0.18072434,1177.50000000,0.00000000,0.1298505173,0.1250000000,2,1,26.68470139
2026-01-20T14:00:00-05:00,1351.48131458,1443.34000000,175.70859024,1175.77272434,0.18072434,1175.59200000,0.00000000,0.1300118532,0.1250000000,2,0,26.68470139
2026-01-20T14:15:00-05:00,1350.95887695,1443.34000000,175.44815261,1175.51072434,0.18072434,1175.33000000,0.00000000,0.1298693510,0.1250000000,2,0,26.68470139
2026-01-20T14:30:00-05:00,1348.04289975,1443.34000000,175.39085633,1172.65204342,17.25204342,1155.40000000,0.00000000,0.1301077706,0.1250000000,1,0,25.79536358
2026-01-20T14:45:00-05:00,1351.03700858,1443.34000000,175.53496515,1175.50204342,17.25204342,1158.25000000,0.00000000,0.1299260968,0.1250000000,1,0,25.79536358
2026-01-20T15:00:00-05:00,1348.32263343,1443.34000000,175.24559001,1173.07704342,17.25204342,1155.82500000,0.00000000,0.1299730388,0.1250000000,1,1,25.79536358
2026-01-20T15:15:00-05:00,1349.54957972,1443.34000000,175.33240255,1174.21717717,4.08717717,1170.13000000,0.00000000,0.1299192006,0.1250000000,2,0,26.40312387
2026-01-20T15:30:00-05:00,1351.71496467,1443.34000000,175.23748750,1176.47747717,4.08717717,1172.39030000,0.00000000,0.1296408578,0.1250000000,2,1,26.40312387
2026-01-20T15:45:00-05:00,1352.48364245,1443.34000000,175.76646527,1176.71717717,4.08717717,1172.63000000,0.00000000,0.1299582928,0.1250000000,2,4,26.40312387
2026-01-21T09:30:00-05:00,1391.53394245,1443.34000000,175.76646527,1215.76747717,4.08717717,1211.68030000,0.00000000,0.1263113029,0.1250000000,2,0,0.60776030
2026-01-21T09:45:00-05:00,1419.31101671,1443.34000000,176.69246575,1242.61855096,1229.53855096,13.08000000,0.00000000,0.1244917172,0.1250000000,1,0,0.60776030
2026-01-21T10:00:00-05:00,1419.11216415,1443.34000000,176.56861319,1242.54355096,1229.53855096,13.00500000,0.00000000,0.1244218869,0.1250000000,1,0,0.60776030
2026-01-21T10:15:00-05:00,1419.31394931,1443.34000000,176.89039835,1242.42355096,1229.53855096,12.88500000,0.00000000,0.1246309165,0.1250000000,1,0,0.60776030
2026-01-21T10:30:00-05:00,1419.65792568,1443.34000000,177.11437472,1242.54355096,1229.53855096,13.00500000,0.00000000,0.1247584869,0.1250000000,1,0,0.60776030
2026-01-21T10:45:00-05:00,1419.67267948,1443.34000000,177.21912852,1242.45355096,1229.53855096,12.91500000,0.00000000,0.1248309776,0.1250000000,1,0,0.60776030
2026-01-21T11:00:00-05:00,1419.81689198,1443.34000000,177.21334102,1242.60355096,1229.53855096,13.06500000,0.00000000,0.1248142222,0.1250000000,1,0,0.60776030
2026-01-21T11:15:00-05:00,1419.71189198,1443.34000000,177.21334102,1242.49855096,1229.53855096,12.96000000,0.00000000,0.1248234533,0.1250000000,1,0,0.60776030
2026-01-21T11:30:00-05:00,1418.94451659,1443.34000000,176.46096563,1242.48355096,1229.53855096,12.94500000,0.00000000,0.1243607228,0.1250000000,1,0,0.60776030
2026-01-21T11:45:00-05:00,1418.29641636,1443.34000000,175.99796539,1242.29845096,1229.53855096,12.75990000,0.00000000,0.1240911021,0.1250000000,1,0,0.60776030
2026-01-21T12:00:00-05:00,1417.75473985,1443.34000000,175.49618889,1242.25855096,1229.53855096,12.72000000,0.00000000,0.1237845898,0.1250000000,1,0,0.60776030
2026-01-21T12:15:00-05:00,1418.24634505,1443.34000000,175.88279408,1242.36355096,1229.53855096,12.82500000,0.00000000,0.1240142763,0.1250000000,1,0,0.60776030
2026-01-21T12:30:00-05:00,1418.08411996,1443.34000000,175.70916899,1242.37495096,1229.53855096,12.83640000,0.00000000,0.1239060268,0.1250000000,1,0,0.60776030
2026-01-21T12:45:00-05:00,1418.82314145,1443.34000000,176.17159048,1242.65155096,1229.53855096,13.11300000,0.00000000,0.1241674070,0.1250000000,1,0,0.60776030
2026-01-21T13:00:00-05:00,1418.47881264,1443.34000000,176.05526167,1242.42355096,1229.53855096,12.88500000,0.00000000,0.1241155385,0.1250000000,1,0,0.60776030
2026-01-21T13:15:00-05:00,1418.44939139,1443.34000000,176.05584042,1242.39355096,1229.53855096,12.85500000,0.00000000,0.1241185209,0.1250000000,1,0,0.60776030
2026-01-21T13:30:00-05:00,1418.36257884,1443.34000000,175.96902788,1242.39355096,1229.53855096,12.85500000,0.00000000,0.1240649115,0.1250000000,1,0,0.60776030
2026-01-21T13:45:00-05:00,1418.67664156,1443.34000000,176.40309060,1242.27355096,1229.53855096,12.73500000,0.00000000,0.1243434095,0.1250000000,1,0,0.60776030
2026-01-21T14:00:00-05:00,1418.22889205,1443.34000000,176.14265297,1242.08623909,1242.08623909,0.00000000,0.00000000,0.1241990302,0.1250000000,0,0,0.00000000
2026-01-21T14:15:00-05:00,1419.29958010,1443.34000000,177.21334102,1242.08623909,1242.08623909,0.00000000,0.00000000,0.1248597150,0.1250000000,0,0,0.00000000
2026-01-21T14:30:00-05:00,1419.61789277,1443.34000000,177.53165368,1242.08623909,1242.08623909,0.00000000,0.00000000,0.1250559426,0.1250000000,0,0,0.00000000
2026-01-21T14:45:00-05:00,1419.58895525,1443.34000000,177.50271617,1242.08623909,1242.08623909,0.00000000,0.00000000,0.1250381073,0.1250000000,0,0,0.00000000
2026-01-21T15:00:00-05:00,1419.53108022,1443.34000000,177.44484114,1242.08623909,1242.08623909,0.00000000,0.00000000,0.1250024347,0.1250000000,0,0,0.00000000
2026-01-21T15:15:00-05:00,1419.47320519,1443.34000000,177.38696611,1242.08623909,1242.08623909,0.00000000,0.00000000,0.1249667591,0.1250000000,0,0,0.00000000
2026-01-21T15:30:00-05:00,1419.50214271,1443.34000000,177.41590362,1242.08623909,1242.08623909,0.00000000,0.00000000,0.1249845973,0.1250000000,0,0,0.00000000
2026-01-21T15:45:00-05:00,1419.58895525,1443.34000000,177.50271617,1242.08623909,1242.08623909,0.00000000,0.00000000,0.1250381073,0.1250000000,0,0,0.00000000
2026-01-22T09:30:00-05:00,1419.76258034,1443.34000000,177.67634125,1242.08623909,1242.08623909,0.00000000,0.00000000,0.1251451079,0.1250000000,0,6,0.00000000
2026-01-22T09:45:00-05:00,1412.01045156,1443.34000000,177.61846623,1234.39198534,2.15198534,1232.24000000,0.00000000,0.1257911838,0.1250000000,4,2,43.28328939
2026-01-22T10:00:00-05:00,1415.06563878,1443.34000000,177.06865344,1237.99698534,2.15198534,1235.84500000,0.00000000,0.1251310530,0.1250000000,4,0,43.28328939
2026-01-22T10:15:00-05:00,1436.06203890,1443.34000000,177.30015356,1258.76188534,2.15198534,1256.60990000,0.00000000,0.1234627396,0.1250000000,4,0,42.91042606
2026-01-22T10:30:00-05:00,1434.94178908,1443.34000000,177.64740374,1257.29438534,2.15198534,1255.14240000,0.00000000,0.1238011222,0.1250000000,4,2,42.74834648
2026-01-22T10:45:00-05:00,1456.85575144,1443.34000000,177.38696611,1279.46878534,2.15198534,1277.31680000,0.00000000,0.1217601440,0.1250000000,4,1,42.74834648
2026-01-22T11:00:00-05:00,1470.98580162,1443.34000000,177.73421628,1293.25158534,2.15198534,1291.09960000,0.00000000,0.1208266022,0.1250000000,4,1,0.21401294
2026-01-22T11:15:00-05:00,1464.21211479,1443.34000000,177.84996634,1286.36214845,10.48214845,1275.88000000,0.00000000,0.1214646188,0.1250000000,3,2,0.21401294
2026-01-22T11:30:00-05:00,1457.45498982,1443.34000000,177.90784137,1279.54714845,10.48214845,1269.06500000,0.00000000,0.1220674687,0.1250000000,3,0,0.21401294
2026-01-22T11:45:00-05:00,1464.23336731,1443.34000000,177.88121886,1286.35214845,10.48214845,1275.87000000,0.00000000,0.1214841997,0.1250000000,3,2,0.21401294
2026-01-22T12:00:00-05:00,1464.33786485,1443.34000000,177.96571640,1286.37214845,10.48214845,1275.89000000,0.00000000,0.1215332340,0.1250000000,3,1,0.21401294
2026-01-22T12:15:00-05:00,1471.03711479,1443.34000000,177.84996634,1293.18714845,10.48214845,1282.70500000,0.00000000,0.1209010735,0.1250000000,3,0,0.21401294
2026-01-22T12:30:00-05:00,1474.76255242,1443.34000000,178.11040398,1296.65214845,10.48214845,1286.17000000,0.00000000,0.1207722583,0.1250000000,3,0,0.21401294
2026-01-22T12:45:00-05:00,1464.60179371,1443.34000000,178.17464526,1286.42714845,10.48214845,1275.94500000,0.00000000,0.1216539854,0.1250000000,3,2,0.21401294
2026-01-22T13:00:00-05:00,1454.15051238,1443.34000000,178.02359143,1276.12692095,0.30452095,1275.82240000,0.00000000,0.1224244601,0.1250000000,4,2,0.57050086
2026-01-22T13:15:00-05:00,1447.52387361,1443.34000000,178.13123899,1269.39263463,4.82843463,1264.56420000,0.00000000,0.1230592754,0.1250000000,3,2,0.57050086
2026-01-22T13:30:00-05:00,1450.79990109,1443.34000000,178.08146646,1272.71843463,4.82843463,1267.89000000,0.00000000,0.1227470903,0.1250000000,3,2,0.57050086
2026-01-22T13:45:00-05:00,1450.65415103,1443.34000000,177.96571640,1272.68843463,4.82843463,1267.86000000,0.00000000,0.1226796313,0.1250000000,3,0,0.57050086
2026-01-22T14:00:00-05:00,1457.65417612,1443.34000000,178.13934149,1279.51483463,4.82843463,1274.68640000,0.00000000,0.1222096053,0.1250000000,3,1,0.57050086
2026-01-22T14:15:00-05:00,1443.99500948,1443.34000000,178.16827901,1265.82673048,0.15273048,1265.67400000,0.00000000,0.1233856612,0.1250000000,4,0,0.73416548
2026-01-22T14:30:00-05:00,1438.21578609,1443.34000000,177.93677889,1260.27900720,1227.45040720,32.82860000,0.00000000,0.1237205019,0.1250000000,3,1,0.73416548
2026-01-22T14:45:00-05:00,1436.56587672,1443.34000000,177.70527877,1258.86059795,4.65499795,1254.20560000,0.00000000,0.1237014478,0.1250000000,4,0,29.82931222
2026-01-22T15:00:00-05:00,1436.53033921,1443.34000000,177.67634125,1258.85399795,4.65499795,1254.19900000,0.00000000,0.1236843639,0.1250000000,4,0,29.82931222
2026-01-22T15:15:00-05:00,1430.99851412,1443.34000000,177.50271617,1253.49579795,4.65499795,1248.84080000,0.00000000,0.1240411604,0.1250000000,4,0,29.82931222
2026-01-22T15:30:00-05:00,1418.94505163,1443.34000000,177.53165368,1241.41339795,4.65499795,1236.75840000,0.00000000,0.1251152421,0.1250000000,4,0,29.82931222
2026-01-22T15:45:00-05:00,1423.81308927,1443.34000000,177.79209131,1246.02099795,4.65499795,1241.36600000,0.00000000,0.1248703869,0.1250000000,4,2,29.82931222
2026-01-23T09:30:00-05:00,1408.63105687,1443.34000000,177.61846623,1231.01259065,1212.75259065,18.26000000,0.00000000,0.1260929648,0.1250000000,1,1,0.21401294
2026-01-23T09:45:00-05:00,1398.15451699,1443.34000000,177.84996634,1220.30455065,1.12455065,1219.18000000,0.00000000,0.1272033700,0.1250000000,2,1,34.06909895
2026-01-23T10:00:00-05:00,1398.12297077,1443.34000000,177.90842012,1220.21455065,1.12455065,1219.09000000,0.00000000,0.1272480489,0.1250000000,2,1,34.06909895
2026-01-23T10:15:00-05:00,1394.93042965,1443.34000000,178.16827901,1216.76215065,1.12455065,1215.63760000,0.00000000,0.1277255663,0.1250000000,2,2,34.06909895
2026-01-23T10:30:00-05:00,1398.55751723,1443.34000000,178.31296658,1220.24455065,1.12455065,1219.12000000,0.00000000,0.1274977714,0.1250000000,2,1,34.06909895
2026-01-23T10:45:00-05:00,1392.02145474,1443.34000000,178.34190410,1213.67955065,1.12455065,1212.55500000,0.00000000,0.1281172093,0.1250000000,2,0,34.06909895
2026-01-23T11:00:00-05:00,1388.04739226,1443.34000000,178.37084161,1209.67655065,1.12455065,1208.55200000,0.00000000,0.1285048642,0.1250000000,2,0,34.06909895
2026-01-23T11:15:00-05:00,1391.92357971,1443.34000000,178.28402907,1213.63955065,1.12455065,1212.51500000,0.00000000,0.1280846389,0.1250000000,2,0,34.06909895
2026-01-23T11:30:00-05:00,1385.46645474,1443.34000000,178.34190410,1207.12455065,1.12455065,1206.00000000,0.00000000,0.1287233650,0.1250000000,2,0,34.06909895
2026-01-23T11:45:00-05:00,1388.76145474,1443.34000000,178.34190410,1210.41955065,1.12455065,1209.29500000,0.00000000,0.1284179536,0.1250000000,2,0,34.06909895
2026-01-23T12:00:00-05:00,1392.43381351,1443.34000000,178.37026286,1214.06355065,1.12455065,1212.93900000,0.00000000,0.1280996347,0.1250000000,2,0,34.06909895
2026-01-23T12:15:00-05:00,1388.81539226,1443.34000000,178.37084161,1210.44455065,1.12455065,1209.32000000,0.00000000,0.1284338024,0.1250000000,2,0,34.06909895
2026-01-23T12:30:00-05:00,1388.62176717,1443.34000000,178.19721652,1210.42455065,1.12455065,1209.30000000,0.00000000,0.1283266767,0.1250000000,2,0,34.06909895
2026-01-23T12:45:00-05:00,1385.17207959,1443.34000000,178.05252895,1207.11955065,1.12455065,1205.99500000,0.00000000,0.1285418119,0.1250000000,2,0,34.06909895
2026-01-23T13:00:00-05:00,1391.92570468,1443.34000000,178.22615404,1213.69955065,1.12455065,1212.57500000,0.00000000,0.1280428642,0.1250000000,2,0,34.06909895
2026-01-23T13:15:00-05:00,1388.67964220,1443.34000000,178.25509155,1210.42455065,1.12455065,1209.30000000,0.00000000,0.1283630048,0.1250000000,2,0,34.06909895
2026-01-23T13:30:00-05:00,1378.78070468,1443.34000000,178.22615404,1200.55455065,1.12455065,1199.43000000,0.00000000,0.1292635975,0.1250000000,2,0,34.06909895
2026-01-23T13:45:00-05:00,1375.52857971,1443.34000000,178.28402907,1197.24455065,1.12455065,1196.12000000,0.00000000,0.1296112867,0.1250000000,2,0,34.06909895
2026-01-23T14:00:00-05:00,1388.73309598,1443.34000000,178.31354533,1210.41955065,1.12455065,1209.29500000,0.00000000,0.1284001554,0.1250000000,2,1,34.06909895
2026-01-23T14:15:00-05:00,1392.04145474,1443.34000000,178.34190410,1213.69955065,1.12455065,1212.57500000,0.00000000,0.1281153686,0.1250000000,2,0,34.06909895
2026-01-23T14:30:00-05:00,1392.04645474,1443.34000000,178.34190410,1213.70455065,1.12455065,1212.58000000,0.00000000,0.1281149084,0.1250000000,2,0,34.06909895
2026-01-23T14:45:00-05:00,1402.12385474,1443.34000000,178.34190410,1223.78195065,1.12455065,1222.65740000,0.00000000,0.1271941159,0.1250000000,2,0,34.06909895
2026-01-23T15:00:00-05:00,1398.56357971,1443.34000000,178.28402907,1220.27955065,1.12455065,1219.15500000,0.00000000,0.1274765278,0.1250000000,2,0,34.06909895
2026-01-23T15:15:00-05:00,1395.26857971,1443.34000000,178.28402907,1216.98455065,1.12455065,1215.86000000,0.00000000,0.1277775703,0.1250000000,2,0,34.06909895
2026-01-23T15:30:00-05:00,1398.60182474,1443.34000000,178.33727409,1220.26455065,1.12455065,1219.14000000,0.00000000,0.1275111121,0.1250000000,2,0,34.06909895
2026-01-23T15:45:00-05:00,1391.98039226,1443.34000000,178.37084161,1213.60955065,1.12455065,1212.48500000,0.00000000,0.1281417774,0.1250000000,2,3,34.06909895
2026-01-26T09:30:00-05:00,1440.26183231,1443.34000000,178.93454440,1261.32728791,19.22068791,1242.10660000,0.00000000,0.1242375104,0.1250000000,1,0,33.85508601
2026-01-26T09:45:00-05:00,1448.45709237,1443.34000000,179.03640445,1269.42068791,19.22068791,1250.20000000,0.00000000,0.1236049072,0.1250000000,1,1,0.00000000
2026-01-26T10:00:00-05:00,1451.80496740,1443.34000000,179.09427948,1272.71068791,19.22068791,1253.49000000,0.00000000,0.1233597374,0.1250000000,1,1,0.00000000
2026-01-26T10:15:00-05:00,1442.01309869,1443.34000000,179.17241077,1262.84068791,19.22068791,1243.62000000,0.00000000,0.1242515834,0.1250000000,1,0,0.00000000
2026-01-26T10:30:00-05:00,1423.54545585,1443.34000000,179.15215451,1244.39330133,1244.39330133,0.00000000,0.00000000,0.1258492687,0.1250000000,0,0,0.00000000
2026-01-26T10:45:00-05:00,1423.71965968,1443.34000000,179.32635835,1244.39330133,1244.39330133,0.00000000,0.00000000,0.1259562282,0.1250000000,0,1,0.00000000
2026-01-26T11:00:00-05:00,1417.84807220,1443.34000000,179.35471712,1238.49335508,136.96835508,1101.52500000,0.00000000,0.1264978390,0.1250000000,1,1,31.89134209
2026-01-26T11:15:00-05:00,1419.92175975,1443.34000000,179.44384466,1240.47791508,2.94791508,1237.53000000,0.00000000,0.1263758678,0.1250000000,2,0,34.75238115
2026-01-26T11:30:00-05:00,1411.99944474,1443.34000000,179.44152966,1232.55791508,2.94791508,1229.61000000,0.00000000,0.1270832863,0.1250000000,2,1,34.75238115
2026-01-26T11:45:00-05:00,1411.65444474,1443.34000000,179.44152966,1232.21291508,2.94791508,1229.26500000,0.00000000,0.1271143447,0.1250000000,2,0,34.75238115
2026-01-26T12:00:00-05:00,1410.01896101,1443.34000000,179.47104593,1230.54791508,2.94791508,1227.60000000,0.00000000,0.1272827181,0.1250000000,2,0,34.75238115
2026-01-26T12:15:00-05:00,1415.19231977,1443.34000000,179.49940469,1235.69291508,2.94791508,1232.74500000,0.00000000,0.1268374638,0.1250000000,2,0,34.75238115
2026-01-26T12:30:00-05:00,1411.86805977,1443.34000000,179.49014469,1232.37791508,2.94791508,1229.43000000,0.00000000,0.1271295455,0.1250000000,2,0,34.75238115
2026-01-26T12:45:00-05:00,1410.98233850,1443.34000000,179.44442341,1231.53791508,2.94791508,1228.59000000,0.00000000,0.1271769451,0.1250000000,2,0,34.75238115
2026-01-26T13:00:00-05:00,1411.13156971,1443.34000000,179.38365463,1231.74791508,2.94791508,1228.80000000,0.00000000,0.1271204319,0.1250000000,2,0,31.89134209
2026-01-26T13:15:00-05:00,1418.20731977,1443.34000000,179.49940469,1238.70791508,2.94791508,1235.76000000,0.00000000,0.1265678171,0.1250000000,2,0,31.89134209
2026-01-26T13:30:00-05:00,1416.92405478,1443.34000000,179.52023970,1237.40381508,2.94791508,1234.45590000,0.00000000,0.1266971501,0.1250000000,2,0,31.89134209
2026-01-26T13:45:00-05:00,1411.16021353,1443.34000000,179.50229844,1231.65791508,2.94791508,1228.71000000,0.00000000,0.1272019270,0.1250000000,2,0,31.89134209
2026-01-26T14:00:00-05:00,1405.86503101,1443.34000000,179.49940469,1226.36562632,142.58562632,1083.78000000,0.00000000,0.1276789740,0.1250000000,1,0,31.89134209
2026-01-26T14:15:00-05:00,1405.01003101,1443.34000000,179.49940469,1225.51062632,142.58562632,1082.92500000,0.00000000,0.1277566713,0.1250000000,1,0,31.89134209
2026-01-26T14:30:00-05:00,1407.41026855,1443.34000000,179.57464223,1227.83562632,142.58562632,1085.25000000,0.00000000,0.1275922496,0.1250000000,1,0,31.89134209
2026-01-26T14:45:00-05:00,1400.67503101,1443.34000000,179.49940469,1221.17562632,142.58562632,1078.59000000,0.00000000,0.1281520700,0.1250000000,1,0,31.89134209
2026-01-26T15:00:00-05:00,1396.79751622,1443.34000000,179.48493593,1217.31258028,1217.31258028,0.00000000,0.00000000,0.1284974621,0.1250000000,0,0,0.00000000
2026-01-26T15:15:00-05:00,1396.81198497,1443.34000000,179.49940469,1217.31258028,1217.31258028,0.00000000,0.00000000,0.1285064895,0.1250000000,0,1,0.00000000
2026-01-26T15:30:00-05:00,1382.53398497,1443.34000000,179.49940469,1203.03458028,12.40958028,1190.62500000,0.00000000,0.1298336291,0.1250000000,1,2,31.45116360
2026-01-26T15:45:00-05:00,1391.18995737,1443.34000000,179.29684209,1211.89311528,3.78311528,1208.11000000,0.00000000,0.1288802015,0.1250000000,2,0,31.74495858
2026-01-27T09:30:00-05:00,1459.16680596,1443.34000000,180.04921747,1279.11758849,1265.60694033,8.48000000,5.03064816,0.1238186785,0.1250000000,1,5,0.29379498
2026-01-27T09:45:00-05:00,1454.81370174,1443.34000000,180.74371783,1274.06998391,10.13035221,1259.02000000,4.91963171,0.1246599469,0.1250000000,2,1,40.78926800
2026-01-27T10:00:00-05:00,1446.78220162,1443.34000000,180.51221771,1266.26998391,10.13035221,1251.22000000,4.91963171,0.1251937747,0.1250000000,2,2,40.78926800
2026-01-27T10:15:00-05:00,1450.91803664,1443.34000000,180.53305272,1270.38498391,10.13035221,1255.33500000,4.91963171,0.1248501050,0.1250000000,2,1,40.78926800
2026-01-27T10:30:00-05:00,1450.18230670,1443.34000000,180.66732279,1269.51498391,10.13035221,1254.46500000,4.91963171,0.1250065652,0.1250000000,2,0,40.78926800
2026-01-27T10:45:00-05:00,1443.74401417,1443.34000000,180.59903026,1263.14498391,10.13035221,1248.09500000,4.91963171,0.1255184666,0.1250000000,2,1,40.78926800
2026-01-27T11:00:00-05:00,1449.07118920,1443.34000000,180.65690529,1268.41428391,10.13035221,1253.36430000,4.91963171,0.1250955306,0.1250000000,2,0,40.78926800
2026-01-27T11:15:00-05:00,1456.96779044,1443.34000000,180.63780653,1276.32998391,10.13035221,1261.28000000,4.91963171,0.1244020768,0.1250000000,2,2,40.78926800
2026-01-27T11:30:00-05:00,1457.12108297,1443.34000000,180.70609906,1276.41498391,10.13035221,1261.36500000,4.91963171,0.1244359720,0.1250000000,2,4,40.78926800
2026-01-27T11:45:00-05:00,1451.38357793,1443.34000000,180.62854652,1270.75503141,3.25519971,1262.58020000,4.91963171,0.1248759411,0.1250000000,3,0,40.90434913
2026-01-27T12:00:00-05:00,1450.63693801,1443.34000000,180.65690529,1269.98003272,10.05465696,1255.05020000,4.87517577,0.1249562065,0.1250000000,2,0,40.78926800
2026-01-27T12:15:00-05:00,1449.62961304,1443.34000000,180.71478032,1268.91483272,10.05465696,1253.98500000,4.87517577,0.1250833883,0.1250000000,2,1,40.78926800
2026-01-27T12:30:00-05:00,1452.66780049,1443.34000000,180.62796777,1272.03983272,10.05465696,1257.11000000,4.87517577,0.1247609393,0.1250000000,2,1,40.78926800
2026-01-27T12:45:00-05:00,1451.46386298,1443.34000000,180.59903026,1270.86483272,10.05465696,1255.93500000,4.87517577,0.1248447688,0.1250000000,2,1,40.78926800
2026-01-27T13:00:00-05:00,1454.12578926,1443.34000000,180.66095654,1273.46483272,10.05465696,1258.53500000,4.87517577,0.1246581888,0.1250000000,2,0,40.78926800
2026-01-27T13:15:00-05:00,1457.54731676,1443.34000000,180.65748404,1276.88983272,10.05465696,1261.96000000,4.87517577,0.1243621867,0.1250000000,2,2,40.78926800
2026-01-27T13:30:00-05:00,1458.64461304,1443.34000000,180.71478032,1277.92983272,10.05465696,1263.00000000,4.87517577,0.1243077311,0.1250000000,2,0,40.78926800
2026-01-27T13:45:00-05:00,1461.98250679,1443.34000000,180.71767407,1281.26483272,10.05465696,1266.33500000,4.87517577,0.1240249570,0.1250000000,2,1,40.78926800
2026-01-27T14:00:00-05:00,1459.78792429,1443.34000000,180.72809157,1279.05983272,10.05465696,1264.13000000,4.87517577,0.1242191958,0.1250000000,2,1,40.78926800
2026-01-27T14:15:00-05:00,1463.73101054,1443.34000000,180.71478032,1283.01623022,0.97785446,1277.16320000,4.87517577,0.1238743240,0.1250000000,3,1,41.14239095
2026-01-27T14:30:00-05:00,1463.61301054,1443.34000000,180.71478032,1282.89823022,0.97785446,1277.04520000,4.87517577,0.1238843444,0.1250000000,3,0,41.14239095
2026-01-27T14:45:00-05:00,1464.37895228,1443.34000000,180.74371783,1283.63523445,19.73536681,1259.25000000,4.64986764,0.1238200429,0.1250000000,2,1,40.54735966
2026-01-27T15:00:00-05:00,1466.76455228,1443.34000000,180.74371783,1286.02083445,19.73536681,1261.63560000,4.64986764,0.1236180169,0.1250000000,2,2,40.54735966
2026-01-27T15:15:00-05:00,1457.64425827,1443.34000000,180.71478032,1276.92947795,1.37961031,1270.90000000,4.64986764,0.1243740385,0.1250000000,3,1,41.11101524
2026-01-27T15:30:00-05:00,1445.88225827,1443.34000000,180.71478032,1265.16747795,1.37961031,1259.13800000,4.64986764,0.1253890639,0.1250000000,3,0,41.11101524
2026-01-27T15:45:00-05:00,1449.49425827,1443.34000000,180.71478032,1268.77947795,1.37961031,1262.75000000,4.64986764,0.1250756009,0.1250000000,3,2,41.11101524
2026-01-28T09:30:00-05:00,1419.56241762,1443.34000000,182.19059357,1237.37182405,1218.42182405,18.95000000,0.00000000,0.1283427846,0.1250000000,1,5,0.00000000
2026-01-28T09:45:00-05:00,1420.90050000,1443.34000000,181.95909345,1238.94140655,3.62140655,1235.32000000,0.00000000,0.1280589974,0.1250000000,2,1,21.14472729
2026-01-28T10:00:00-05:00,1420.34661451,1443.34000000,181.81440588,1238.53220863,19.93720863,1218.59500000,0.00000000,0.1280070681,0.1250000000,2,0,21.22106807
2026-01-28T10:15:00-05:00,1417.73825575,1443.34000000,181.78604712,1235.95220863,19.93720863,1216.01500000,0.00000000,0.1282225731,0.1250000000,2,0,21.22106807
2026-01-28T10:30:00-05:00,1403.44692694,1443.34000000,181.66971831,1221.77720863,19.93720863,1201.84000000,0.00000000,0.1294453782,0.1250000000,2,0,21.22106807
2026-01-28T10:45:00-05:00,1402.67803936,1443.34000000,181.52503073,1221.15300863,19.93720863,1201.21580000,0.00000000,0.1294131837,0.1250000000,2,0,21.22106807
2026-01-28T11:00:00-05:00,1402.35504068,1443.34000000,181.64483204,1220.71020863,19.93720863,1200.77300000,0.00000000,0.1295284195,0.1250000000,2,1,21.22106807
2026-01-28T11:15:00-05:00,1399.41292694,1443.34000000,181.66971831,1217.74320863,19.93720863,1197.80600000,0.00000000,0.1298185223,0.1250000000,2,1,21.22106807
2026-01-28T11:30:00-05:00,1399.15680173,1443.34000000,181.26459310,1217.89220863,19.93720863,1197.95500000,0.00000000,0.1295527370,0.1250000000,2,0,21.22106807
2026-01-28T11:45:00-05:00,1396.03831265,1443.34000000,181.23565558,1214.80265707,1212.69765707,2.10500000,0.00000000,0.1298214053,0.1250000000,1,1,0.07634078
2026-01-28T12:00:00-05:00,1412.48891526,1443.34000000,181.43821819,1231.05069707,3.31129707,1227.73940000,0.00000000,0.1284528439,0.1250000000,2,1,28.98901922
2026-01-28T12:15:00-05:00,1403.82649017,1443.34000000,181.26459310,1222.56189707,3.31129707,1219.25060000,0.00000000,0.1291217927,0.1250000000,2,0,28.98901922
2026-01-28T12:30:00-05:00,1405.73660271,1443.34000000,181.35140564,1224.38519707,3.31129707,1221.07390000,0.00000000,0.1290080982,0.1250000000,2,0,28.98901922
2026-01-28T12:45:00-05:00,1398.51951526,1443.34000000,181.43821819,1217.08129707,3.31129707,1213.77000000,0.00000000,0.1297359216,0.1250000000,2,0,28.98901922
2026-01-28T13:00:00-05:00,1403.16843405,1443.34000000,181.52213698,1221.64629707,3.31129707,1218.33500000,0.00000000,0.1293658926,0.1250000000,2,1,28.98901922
2026-01-28T13:15:00-05:00,1405.93526532,1443.34000000,181.55396825,1224.38129707,3.31129707,1221.07000000,0.00000000,0.1291339457,0.1250000000,2,0,28.98901922
2026-01-28T13:30:00-05:00,1402.23796904,1443.34000000,181.49667197,1220.74129707,3.31129707,1217.43000000,0.00000000,0.1294335740,0.1250000000,2,1,28.98901922
2026-01-28T13:45:00-05:00,1397.32814035,1443.34000000,181.61184328,1215.71629707,3.31129707,1212.40500000,0.00000000,0.1299707907,0.1250000000,2,0,28.98901922
2026-01-28T14:00:00-05:00,1408.52951526,1443.34000000,181.43821819,1227.09129707,3.31129707,1223.78000000,0.00000000,0.1288139270,0.1250000000,2,0,28.98901922
2026-01-28T14:15:00-05:00,1398.83248046,1443.34000000,181.32246813,1217.51001233,5.39001233,1212.12000000,0.00000000,0.1296241478,0.1250000000,1,0,28.91267844
2026-01-28T14:30:00-05:00,1421.75610555,1443.34000000,181.49609322,1240.26001233,5.39001233,1234.87000000,0.00000000,0.1276562784,0.1250000000,1,2,28.91267844
2026-01-28T14:45:00-05:00,1432.96548070,1443.34000000,181.78546837,1251.18001233,5.39001233,1245.79000000,0.00000000,0.1268596284,0.1250000000,1,0,0.00000000
2026-01-28T15:00:00-05:00,1443.88548070,1443.34000000,181.78546837,1262.10001233,5.39001233,1256.71000000,0.00000000,0.1259001983,0.1250000000,1,0,0.00000000
2026-01-28T15:15:00-05:00,1446.04473064,1443.34000000,181.66971831,1264.37501233,5.39001233,1258.98500000,0.00000000,0.1256321568,0.1250000000,1,0,0.00000000
2026-01-28T15:30:00-05:00,1451.78610555,1443.34000000,181.49609322,1270.29001233,5.39001233,1264.90000000,0.00000000,0.1250157255,0.1250000000,1,2,0.00000000
2026-01-28T15:45:00-05:00,1453.08953861,1443.34000000,181.43821819,1271.65132042,1269.43738349,0.00000000,2.21393693,0.1250542900,0.1250000000,0,3,0.00000000
2026-01-29T09:30:00-05:00,1422.85161004,1443.34000000,179.75984232,1243.09176772,1243.09176772,0.00000000,0.00000000,0.1263377298,0.1250000000,0,6,0.00000000
2026-01-29T09:45:00-05:00,1396.48523035,1443.34000000,179.12321700,1217.36201335,1094.58701335,122.77500000,0.00000000,0.1282671761,0.1250000000,2,0,3.96357699
2026-01-29T10:00:00-05:00,1395.84113277,1443.34000000,178.19721652,1217.64391624,1100.23891624,117.40500000,0.00000000,0.1276629642,0.1250000000,1,0,3.77253989
2026-01-29T10:15:00-05:00,1396.32975786,1443.34000000,178.37084161,1217.95891624,1100.23891624,117.72000000,0.00000000,0.1277426343,0.1250000000,1,1,3.77253989
2026-01-29T10:30:00-05:00,1388.31517244,1443.34000000,177.56059120,1210.75458124,12.44368124,1198.31090000,0.00000000,0.1278964566,0.1250000000,2,0,34.94122970
2026-01-29T10:45:00-05:00,1392.08984978,1443.34000000,177.25616854,1214.83368124,12.44368124,1202.39000000,0.00000000,0.1273309827,0.1250000000,2,0,34.94122970
2026-01-29T11:00:00-05:00,1392.67471007,1443.34000000,177.82102883,1214.85368124,12.44368124,1202.41000000,0.00000000,0.1276831033,0.1250000000,2,0,34.94122970
2026-01-29T11:15:00-05:00,1378.44343018,1443.34000000,178.02474893,1200.41868124,12.44368124,1187.97500000,0.00000000,0.1291491149,0.1250000000,2,0,34.94122970
2026-01-29T11:30:00-05:00,1376.24877280,1443.34000000,178.25509155,1197.99368124,12.44368124,1185.55000000,0.00000000,0.1295224345,0.1250000000,2,0,34.94122970
2026-01-29T11:45:00-05:00,1362.46773650,1443.34000000,178.16075525,1184.30698124,12.44368124,1171.86330000,0.00000000,0.1307632838,0.1250000000,2,0,34.94122970
2026-01-29T12:00:00-05:00,1360.54023562,1443.34000000,178.74702930,1181.79320631,1181.79320631,0.00000000,0.00000000,0.1313794511,0.1250000000,0,0,0.00000000
2026-01-29T12:15:00-05:00,1360.82961077,1443.34000000,179.03640445,1181.79320631,1181.79320631,0.00000000,0.00000000,0.1315641599,0.1250000000,0,0,0.00000000
2026-01-29T12:30:00-05:00,1360.74279822,1443.34000000,178.94959191,1181.79320631,1181.79320631,0.00000000,0.00000000,0.1315087555,0.1250000000,0,0,0.00000000
2026-01-29T12:45:00-05:00,1360.27979798,1443.34000000,178.48659167,1181.79320631,1181.79320631,0.00000000,0.00000000,0.1312131460,0.1250000000,0,0,0.00000000
2026-01-29T13:00:00-05:00,1360.89211580,1443.34000000,179.09890949,1181.79320631,1181.79320631,0.00000000,0.00000000,0.1316040466,0.1250000000,0,1,0.00000000
2026-01-29T13:15:00-05:00,1363.54635452,1443.34000000,179.03640445,1184.50995006,1.23345006,1183.27650000,0.00000000,0.1313020301,0.1250000000,1,0,31.81129772
2026-01-29T13:30:00-05:00,1362.56847961,1443.34000000,179.21002954,1183.35845006,1.23345006,1182.12500000,0.00000000,0.1315236865,0.1250000000,1,0,31.81129772
2026-01-29T13:45:00-05:00,1362.42379203,1443.34000000,179.06534197,1183.35845006,1.23345006,1182.12500000,0.00000000,0.1314314555,0.1250000000,1,0,31.81129772
2026-01-29T14:00:00-05:00,1367.46847961,1443.34000000,179.21002954,1188.25845006,1.23345006,1187.02500000,0.00000000,0.1310524025,0.1250000000,1,0,31.81129772
2026-01-29T14:15:00-05:00,1368.17222967,1443.34000000,179.32577960,1188.84645006,1.23345006,1187.61300000,0.00000000,0.1310695947,0.1250000000,1,1,31.81129772
2026-01-29T14:30:00-05:00,1362.99350270,1443.34000000,179.15215451,1183.84134819,0.43034819,1183.41100000,0.00000000,0.1314402117,0.1250000000,2,0,31.85631188
2026-01-29T14:45:00-05:00,1357.63358398,1443.34000000,179.20713579,1178.42644819,0.43034819,1177.99610000,0.00000000,0.1319996337,0.1250000000,2,0,31.85631188
2026-01-29T15:00:00-05:00,1360.17949028,1443.34000000,179.29684209,1180.88264819,0.43034819,1180.45230000,0.00000000,0.1318185161,0.1250000000,2,1,31.85631188
2026-01-29T15:15:00-05:00,1351.54351525,1443.34000000,179.23896706,1172.30454819,0.43034819,1171.87420000,0.00000000,0.1326179772,0.1250000000,2,2,31.85631188
2026-01-29T15:30:00-05:00,1359.27130294,1443.34000000,179.61515475,1179.65614819,0.43034819,1179.22580000,0.00000000,0.1321407686,0.1250000000,2,3,31.85631188
2026-01-29T15:45:00-05:00,1350.02961572,1443.34000000,180.16496753,1169.86464819,0.43034819,1169.43430000,0.00000000,0.1334526039,0.1250000000,2,4,31.85631188
2026-01-30T09:30:00-05:00,1378.03585142,1443.34000000,179.41259215,1198.62325927,1.00215927,1197.62110000,0.00000000,0.1301944300,0.1250000000,2,4,0.04501416
2026-01-30T09:45:00-05:00,1370.42394454,1443.34000000,179.00746694,1191.41647760,1191.41647760,0.00000000,0.00000000,0.1306219638,0.1250000000,0,0,0.00000000
2026-01-30T10:00:00-05:00,1370.91588229,1443.34000000,179.49940469,1191.41647760,1191.41647760,0.00000000,0.00000000,0.1309339304,0.1250000000,0,0,0.00000000
2026-01-30T10:15:00-05:00,1370.19302317,1443.34000000,178.77654557,1191.41647760,1191.41647760,0.00000000,0.00000000,0.1304754458,0.1250000000,0,0,0.00000000
2026-01-30T10:30:00-05:00,1370.94481980,1443.34000000,179.52834221,1191.41647760,1191.41647760,0.00000000,0.00000000,0.1309522744,0.1250000000,0,4,0.00000000
2026-01-30T10:45:00-05:00,1371.56370966,1443.34000000,179.23896706,1192.32474260,1.54474260,1190.78000000,0.00000000,0.1306822029,0.1250000000,2,2,33.20321370
2026-01-30T11:00:00-05:00,1371.45608457,1443.34000000,179.06534197,1192.39074260,1.54474260,1190.84600000,0.00000000,0.1305658592,0.1250000000,2,0,33.20321370
2026-01-30T11:15:00-05:00,1376.32507450,1443.34000000,178.94033190,1197.38474260,1.54474260,1195.84000000,0.00000000,0.1300131308,0.1250000000,2,0,33.20321370
2026-01-30T11:30:00-05:00,1376.24583463,1443.34000000,179.18109203,1197.06474260,1.54474260,1195.52000000,0.00000000,0.1301955563,0.1250000000,2,0,33.20321370
2026-01-30T11:45:00-05:00,1363.71920930,1443.34000000,178.54446670,1185.17474260,1.54474260,1183.63000000,0.00000000,0.1309246548,0.1250000000,2,0,33.20321370
2026-01-30T12:00:00-05:00,1365.60770918,1443.34000000,178.31296658,1187.29474260,1.54474260,1185.75000000,0.00000000,0.1305740773,0.1250000000,2,0,33.20321370
2026-01-30T12:15:00-05:00,1376.29283439,1443.34000000,178.71809179,1197.57474260,1.54474260,1196.03000000,0.00000000,0.1298546990,0.1250000000,2,0,33.20321370
2026-01-30T12:30:00-05:00,1376.50013427,1443.34000000,178.48659167,1198.01354260,1.54474260,1196.46880000,0.00000000,0.1296669628,0.1250000000,2,0,33.20321370
2026-01-30T12:45:00-05:00,1364.86800906,1443.34000000,178.08146646,1186.78654260,1.54474260,1185.24180000,0.00000000,0.1304752293,0.1250000000,2,0,33.20321370
2026-01-30T13:00:00-05:00,1362.57140906,1443.34000000,178.08146646,1184.48994260,1.54474260,1182.94520000,0.00000000,0.1306951440,0.1250000000,2,0,33.20321370
2026-01-30T13:15:00-05:00,1362.77433403,1443.34000000,178.02359143,1184.75074260,1.54474260,1183.20600000,0.00000000,0.1306332142,0.1250000000,2,0,33.20321370
2026-01-30T13:30:00-05:00,1356.06302137,1443.34000000,177.70527877,1178.35774260,1.54474260,1176.81300000,0.00000000,0.1310450001,0.1250000000,2,0,33.20321370
2026-01-30T13:45:00-05:00,1366.53283439,1443.34000000,178.71809179,1187.81474260,1.54474260,1186.27000000,0.00000000,0.1307821424,0.1250000000,2,0,33.20321370
2026-01-30T14:00:00-05:00,1363.13573427,1443.34000000,178.48659167,1184.64914260,1.54474260,1183.10440000,0.00000000,0.1309382383,0.1250000000,2,0,33.20321370
2026-01-30T14:15:00-05:00,1360.09938421,1443.34000000,178.37084161,1181.72854260,1.54474260,1180.18380000,0.00000000,0.1311454469,0.1250000000,2,0,33.20321370
2026-01-30T14:30:00-05:00,1364.18283415,1443.34000000,178.25509155,1185.92774260,1.54474260,1184.38300000,0.00000000,0.1306680359,0.1250000000,2,0,33.20321370
2026-01-30T14:45:00-05:00,1358.49541149,1443.34000000,177.95066890,1180.54474260,1.54474260,1179.00000000,0.00000000,0.1309909974,0.1250000000,2,0,33.20321370
2026-01-30T15:00:00-05:00,1350.35895888,1443.34000000,177.73421628,1172.62474260,1.54474260,1171.08000000,0.00000000,0.1316199779,0.1250000000,2,0,33.20321370
2026-01-30T15:15:00-05:00,1348.53545876,1443.34000000,177.50271617,1171.03274260,1.54474260,1169.48800000,0.00000000,0.1316262876,0.1250000000,2,0,33.20321370
2026-01-30T15:30:00-05:00,1356.74683391,1443.34000000,177.79209131,1178.95474260,1.54474260,1177.41000000,0.00000000,0.1310429381,0.1250000000,2,0,33.20321370
2026-01-30T15:45:00-05:00,1348.64045900,1443.34000000,177.96571640,1170.67474260,1.54474260,1169.13000000,0.00000000,0.1319593486,0.1250000000,2,0,33.20321370
2026-02-02T09:30:00-05:00,1316.33846427,1443.34000000,178.48659167,1137.85187260,1137.85187260,0.00000000,0.00000000,0.1355932357,0.1250000000,0,3,0.00000000
2026-02-02T09:45:00-05:00,1321.17868379,1443.34000000,178.51958044,1142.65910335,0.64060335,1142.01850000,0.00000000,0.1351214507,0.1250000000,2,0,39.72253087
2026-02-02T10:00:00-05:00,1354.20744532,1443.34000000,179.06534197,1175.14210335,0.64060335,1174.50150000,0.00000000,0.1322288860,0.1250000000,2,1,39.72253087
2026-02-02T10:15:00-05:00,1345.76857029,1443.34000000,179.00746694,1166.76110335,0.64060335,1166.12050000,0.00000000,0.1330150450,0.1250000000,2,2,39.72253087
2026-02-02T10:30:00-05:00,1323.22750780,1443.34000000,179.03640445,1144.19110335,0.64060335,1143.55050000,0.00000000,0.1353028133,0.1250000000,2,1,39.72253087
2026-02-02T10:45:00-05:00,1313.39913277,1443.34000000,178.97852942,1134.42060335,0.64060335,1133.78000000,0.00000000,0.1362712408,0.1250000000,2,0,39.72253087
2026-02-02T11:00:00-05:00,1296.98550780,1443.34000000,179.03640445,1117.94910335,0.64060335,1117.30850000,0.00000000,0.1380404048,0.1250000000,2,0,39.72253087
2026-02-02T11:15:00-05:00,1304.42425786,1443.34000000,179.15215451,1125.27210335,0.64060335,1124.63150000,0.00000000,0.1373419372,0.1250000000,2,0,39.72253087
2026-02-02T11:30:00-05:00,1294.82088283,1443.34000000,179.09427948,1115.72660335,0.64060335,1115.08600000,0.00000000,0.1383158720,0.1250000000,2,0,39.23543905
2026-02-02T11:45:00-05:00,1296.18707415,1443.34000000,179.22797080,1116.95910335,0.64060335,1116.31850000,0.00000000,0.1382732280,0.1250000000,2,0,39.23543905
2026-02-02T12:00:00-05:00,1307.79781040,1443.34000000,179.22970705,1128.56810335,0.64060335,1127.92750000,0.00000000,0.1370469545,0.1250000000,2,0,39.23543905
2026-02-02T12:15:00-05:00,1305.84313289,1443.34000000,179.21002954,1126.63310335,0.64060335,1125.99250000,0.00000000,0.1372370272,0.1250000000,2,0,39.23543905
2026-02-02T12:30:00-05:00,1308.27819538,1443.34000000,179.18109203,1129.09710335,0.64060335,1128.45650000,0.00000000,0.1369594729,0.1250000000,2,0,39.23543905
2026-02-02T12:45:00-05:00,1311.47907041,1443.34000000,179.23896706,1132.24010335,0.64060335,1131.59950000,0.00000000,0.1366693309,0.1250000000,2,0,39.23543905
2026-02-02T13:00:00-05:00,1309.73863289,1443.34000000,179.21002954,1130.52860335,0.64060335,1129.88800000,0.00000000,0.1368288489,0.1250000000,2,0,39.23543905
2026-02-02T13:15:00-05:00,1302.43677413,1443.34000000,179.18167078,1123.25510335,0.64060335,1122.61450000,0.00000000,0.1375741797,0.1250000000,2,0,39.23543905
2026-02-02T13:30:00-05:00,1302.54307906,1443.34000000,179.21002954,1123.33304952,13.74304952,1109.59000000,0.00000000,0.1375847236,0.1250000000,1,0,39.23543905
2026-02-02T13:45:00-05:00,1301.96201658,1443.34000000,179.23896706,1122.72304952,13.74304952,1108.98000000,0.00000000,0.1376683534,0.1250000000,1,0,39.23543905
2026-02-02T14:00:00-05:00,1300.12747906,1443.34000000,179.21002954,1120.91744952,13.74304952,1107.17440000,0.00000000,0.1378403521,0.1250000000,1,0,39.23543905
2026-02-02T14:15:00-05:00,1293.36414155,1443.34000000,179.18109203,1114.18304952,13.74304952,1100.44000000,0.00000000,0.1385387814,0.1250000000,1,0,39.23543905
2026-02-02T14:30:00-05:00,1290.34307906,1443.34000000,179.21002954,1111.13304952,13.74304952,1097.39000000,0.00000000,0.1388855665,0.1250000000,1,0,39.23543905
2026-02-02T14:45:00-05:00,1282.99414155,1443.34000000,179.18109203,1103.81304952,13.74304952,1090.07000000,0.00000000,0.1396585426,0.1250000000,1,0,39.23543905
2026-02-02T15:00:00-05:00,1278.03430924,1443.34000000,179.26790457,1098.76640467,1098.76640467,0.00000000,0.00000000,0.1402684601,0.1250000000,0,0,0.00000000
2026-02-02T15:15:00-05:00,1277.97643421,1443.34000000,179.21002954,1098.76640467,1098.76640467,0.00000000,0.00000000,0.1402295259,0.1250000000,0,0,0.00000000
2026-02-02T15:30:00-05:00,1277.96659545,1443.34000000,179.20019079,1098.76640467,1098.76640467,0.00000000,0.00000000,0.1402229068,0.1250000000,0,0,0.00000000
2026-02-02T15:45:00-05:00,1278.00537172,1443.34000000,179.23896706,1098.76640467,1098.76640467,0.00000000,0.00000000,0.1402489935,0.1250000000,0,2,0.00000000
2026-02-03T09:30:00-05:00,1284.92241765,1443.34000000,178.60176298,1106.32065467,8.94965467,1097.37100000,0.00000000,0.1389980909,0.1250000000,1,3,25.20357455
2026-02-03T09:45:00-05:00,1295.05333853,1443.34000000,177.87890386,1117.17443467,1.98443467,1115.19000000,0.00000000,0.1373525696,0.1250000000,2,0,25.38245393
2026-02-03T10:00:00-05:00,1293.11546180,1443.34000000,176.96042714,1116.15503467,1.98443467,1114.17060000,0.00000000,0.1368481256,0.1250000000,2,0,25.38245393
2026-02-03T10:15:00-05:00,1281.11626128,1443.34000000,175.94182661,1105.17443467,1.98443467,1103.19000000,0.00000000,0.1373347852,0.1250000000,2,0,25.38245393
2026-02-03T10:30:00-05:00,1263.87596314,1443.34000000,177.12652847,1086.74943467,1.98443467,1084.76500000,0.00000000,0.1401454997,0.1250000000,2,0,25.38245393
2026-02-03T10:45:00-05:00,1269.71971344,1443.34000000,177.70527877,1092.01443467,1.98443467,1090.03000000,0.00000000,0.1399563044,0.1250000000,2,0,25.38245393
2026-02-03T11:00:00-05:00,1275.29912321,1443.34000000,177.27468855,1098.02443467,1.98443467,1096.04000000,0.00000000,0.1390063596,0.1250000000,2,0,25.38245393
2026-02-03T11:15:00-05:00,1280.66990065,1443.34000000,177.15546599,1103.51443467,1.98443467,1101.53000000,0.00000000,0.1383303113,0.1250000000,2,0,25.38245393
2026-02-03T11:30:00-05:00,1267.24867680,1443.34000000,176.96274214,1090.28593467,1.98443467,1088.30150000,0.00000000,0.1396432645,0.1250000000,2,0,25.38245393
2026-02-03T11:45:00-05:00,1267.13036426,1443.34000000,176.87592959,1090.25443467,1.98443467,1088.27000000,0.00000000,0.1395877919,0.1250000000,2,0,25.38245393
2026-02-03T12:00:00-05:00,1283.74752527,1443.34000000,176.40309060,1107.34443467,1.98443467,1105.36000000,0.00000000,0.1374126042,0.1250000000,2,0,25.38245393
2026-02-03T12:15:00-05:00,1291.91858775,1443.34000000,176.37415309,1115.54443467,1.98443467,1113.56000000,0.00000000,0.1365211049,0.1250000000,2,0,25.38245393
2026-02-03T12:30:00-05:00,1304.67452503,1443.34000000,175.94009036,1128.73443467,1.98443467,1126.75000000,0.00000000,0.1348536259,0.1250000000,2,1,25.38245393
2026-02-03T12:45:00-05:00,1307.56815012,1443.34000000,176.11371545,1131.45443467,1.98443467,1129.47000000,0.00000000,0.1346879820,0.1250000000,2,0,1.71280619
2026-02-03T13:00:00-05:00,1310.57652503,1443.34000000,175.94009036,1134.63643467,1.98443467,1132.65200000,0.00000000,0.1342463313,0.1250000000,2,0,0.17887938
2026-02-03T13:15:00-05:00,1305.48302491,1443.34000000,175.70859024,1129.77443467,1.98443467,1127.79000000,0.00000000,0.1345927805,0.1250000000,2,0,0.17887938
2026-02-03T13:30:00-05:00,1304.26939982,1443.34000000,175.53496515,1128.73443467,1.98443467,1126.75000000,0.00000000,0.1345848988,0.1250000000,2,0,0.17887938
2026-02-03T13:45:00-05:00,1315.22502467,1443.34000000,175.24559001,1139.97943467,1.98443467,1137.99500000,0.00000000,0.1332438075,0.1250000000,2,0,0.17887938
2026-02-03T14:00:00-05:00,1323.83813099,1443.34000000,175.53496515,1148.30316584,1141.35316584,6.95000000,0.00000000,0.1325954896,0.1250000000,1,0,0.17887938
2026-02-03T14:15:00-05:00,1323.85600602,1443.34000000,175.59284018,1148.26316584,1141.35316584,6.91000000,0.00000000,0.1326374163,0.1250000000,1,0,0.17887938
2026-02-03T14:30:00-05:00,1323.66450590,1443.34000000,175.36134007,1148.30316584,1141.35316584,6.95000000,0.00000000,0.1324817122,0.1250000000,1,0,0.17887938
2026-02-03T14:45:00-05:00,1324.02875608,1443.34000000,175.70859024,1148.32016584,1141.35316584,6.96700000,0.00000000,0.1327075333,0.1250000000,1,0,0.17887938
2026-02-03T15:00:00-05:00,1323.82025596,1443.34000000,175.47709013,1148.34316584,1141.35316584,6.99000000,0.00000000,0.1325535618,0.1250000000,1,1,0.17887938
2026-02-03T15:15:00-05:00,1322.82619406,1443.34000000,175.76646527,1147.05972879,386.73822879,760.32150000,0.00000000,0.1328719268,0.1250000000,2,0,39.86347737
2026-02-03T15:30:00-05:00,1323.90611927,1443.34000000,176.17159048,1147.73452879,386.73822879,760.99630000,0.00000000,0.1330695492,0.1250000000,2,0,39.86347737
2026-02-03T15:45:00-05:00,1327.21974448,1443.34000000,176.57671569,1150.64302879,386.73822879,763.90480000,0.00000000,0.1330425624,0.1250000000,2,4,39.86347737
2026-02-04T09:30:00-05:00,1277.28496040,1443.34000000,175.82434030,1101.46062010,715.44332010,386.01730000,0.00000000,0.1376547487,0.1250000000,2,3,12.11205576
2026-02-04T09:45:00-05:00,1258.58816668,1443.34000000,174.95621486,1083.63195182,695.31195182,388.32000000,0.00000000,0.1390098997,0.1250000000,2,0,12.11205576
2026-02-04T10:00:00-05:00,1256.75860431,1443.34000000,175.21665249,1081.54195182,695.31195182,386.23000000,0.00000000,0.1394194970,0.1250000000,2,0,12.11205576
2026-02-04T10:15:00-05:00,1255.89616692,1443.34000000,175.41921510,1080.47695182,695.31195182,385.16500000,0.00000000,0.1396765272,0.1250000000,2,2,12.11205576
2026-02-04T10:30:00-05:00,1247.69660345,1443.34000000,175.07196492,1072.62463853,391.11963853,681.50500000,0.00000000,0.1403161349,0.1250000000,2,2,20.01367618
2026-02-04T10:45:00-05:00,1251.39972333,1443.34000000,174.84046480,1076.55925853,13.39655853,1063.16270000,0.00000000,0.1397159209,0.1250000000,3,1,32.42243660
2026-02-04T11:00:00-05:00,1251.76552321,1443.34000000,174.60896468,1077.15655853,13.39655853,1063.76000000,0.00000000,0.1394901533,0.1250000000,3,2,32.42243660
2026-02-04T11:15:00-05:00,1254.61677327,1443.34000000,174.72471474,1079.89205853,13.39655853,1066.49550000,0.00000000,0.1392654063,0.1250000000,3,0,32.42243660
2026-02-04T11:30:00-05:00,1252.10338522,1443.34000000,173.65402669,1078.44935853,13.39655853,1065.05280000,0.00000000,0.1386898468,0.1250000000,3,0,20.01367618
2026-02-04T11:45:00-05:00,1249.79464794,1443.34000000,174.08808941,1075.70655853,13.39655853,1062.31000000,0.00000000,0.1392933549,0.1250000000,3,0,20.01367618
2026-02-04T12:00:00-05:00,1249.23744794,1443.34000000,174.08808941,1075.14935853,13.39655853,1061.75280000,0.00000000,0.1393554842,0.1250000000,3,0,20.01367618
2026-02-04T12:15:00-05:00,1249.85357244,1443.34000000,173.10421391,1076.74935853,13.39655853,1063.35280000,0.00000000,0.1384995953,0.1250000000,3,1,20.01367618
2026-02-04T12:30:00-05:00,1250.04215816,1443.34000000,172.78590124,1077.25625692,670.73625692,406.52000000,0.00000000,0.1382240592,0.1250000000,2,0,0.17887938
2026-02-04T12:45:00-05:00,1252.88554112,1443.34000000,172.93058882,1079.95495230,1072.97495230,6.98000000,0.00000000,0.1380258476,0.1250000000,1,0,0.17887938
2026-02-04T13:00:00-05:00,1252.73979106,1443.34000000,172.81483876,1079.92495230,1072.97495230,6.95000000,0.00000000,0.1379495087,0.1250000000,1,0,0.17887938
2026-02-04T13:15:00-05:00,1253.31548636,1443.34000000,173.40053406,1079.91495230,1072.97495230,6.94000000,0.00000000,0.1383534600,0.1250000000,1,0,0.17887938
2026-02-04T13:30:00-05:00,1253.01810372,1443.34000000,173.13315142,1079.88495230,1072.97495230,6.91000000,0.00000000,0.1381729050,0.1250000000,1,0,0.17887938
2026-02-04T13:45:00-05:00,1253.16279130,1443.34000000,173.27783900,1079.88495230,1072.97495230,6.91000000,0.00000000,0.1382724098,0.1250000000,1,0,0.17887938
2026-02-04T14:00:00-05:00,1253.16491627,1443.34000000,173.21996397,1079.94495230,1072.97495230,6.97000000,0.00000000,0.1382259922,0.1250000000,1,0,0.17887938
2026-02-04T14:15:00-05:00,1253.50612268,1443.34000000,173.54117038,1079.96495230,1072.97495230,6.99000000,0.00000000,0.1384446133,0.1250000000,1,0,0.17887938
2026-02-04T14:30:00-05:00,1253.98922917,1443.34000000,174.00127687,1079.98795230,1072.97495230,7.01300000,0.00000000,0.1387581909,0.1250000000,1,1,0.17887938
2026-02-04T14:45:00-05:00,1262.11084446,1443.34000000,174.57423966,1087.53660480,1.04160480,1086.49500000,0.00000000,0.1383192613,0.1250000000,2,1,27.37905849
2026-02-04T15:00:00-05:00,1258.40539421,1443.34000000,174.08808941,1084.31730480,1.04160480,1083.27570000,0.00000000,0.1383402282,0.1250000000,2,1,27.37905849
2026-02-04T15:15:00-05:00,1254.81013185,1443.34000000,174.34852705,1080.46160480,1.04160480,1079.42000000,0.00000000,0.1389441499,0.1250000000,2,1,27.37905849
2026-02-04T15:30:00-05:00,1255.44175682,1443.34000000,174.29065202,1081.15110480,1.04160480,1080.10950000,0.00000000,0.1388281464,0.1250000000,2,0,27.37905849
2026-02-04T15:45:00-05:00,1256.51819409,1443.34000000,173.85658929,1082.66160480,1.04160480,1081.62000000,0.00000000,0.1383637659,0.1250000000,2,0,27.37905849
2026-02-05T09:30:00-05:00,1257.51673991,1443.34000000,156.29140343,1101.22533647,17.41213647,1083.81320000,0.00000000,0.1242857439,0.1250000000,2,4,27.37905849
2026-02-05T09:45:00-05:00,1264.73320829,1443.34000000,155.63691682,1109.09629147,2.94129147,1106.15500000,0.00000000,0.1230590893,0.1250000000,3,0,27.93071713
2026-02-05T10:00:00-05:00,1257.75451720,1443.34000000,154.22322573,1103.53129147,2.94129147,1100.59000000,0.00000000,0.1226179065,0.1250000000,3,0,27.37905849
2026-02-05T10:15:00-05:00,1271.27602971,1443.34000000,154.58973824,1116.68629147,2.94129147,1113.74500000,0.00000000,0.1216020240,0.1250000000,3,0,27.37905849
2026-02-05T10:30:00-05:00,1256.55204933,1443.34000000,155.13950699,1101.41254234,9.72254234,1091.69000000,0.00000000,0.1234644495,0.1250000000,2,0,27.20017911
2026-02-05T10:45:00-05:00,1259.68025469,1443.34000000,154.87771235,1104.80254234,9.72254234,1095.08000000,0.00000000,0.1229500199,0.1250000000,2,0,27.20017911
2026-02-05T11:00:00-05:00,1259.37902432,1443.34000000,154.40648198,1104.97254234,9.72254234,1095.25000000,0.00000000,0.1226052515,0.1250000000,2,0,27.20017911
2026-02-05T11:15:00-05:00,1268.44592081,1443.34000000,155.76676696,1112.67915384,24.34915384,1088.33000000,0.00000000,0.1228012676,0.1250000000,1,1,27.20017911
2026-02-05T11:30:00-05:00,1265.24193600,1443.34000000,155.87200841,1109.36992759,0.29612759,1109.07380000,0.00000000,0.1231954174,0.1250000000,2,2,28.72445724
2026-02-05T11:45:00-05:00,1269.17635424,1443.34000000,156.13432665,1113.04202759,0.29612759,1112.74590000,0.00000000,0.1230201982,0.1250000000,2,0,28.72445724
2026-02-05T12:00:00-05:00,1263.18010843,1443.34000000,155.73378084,1107.44632759,0.29612759,1107.15020000,0.00000000,0.1232870751,0.1250000000,2,0,28.72445724
2026-02-05T12:15:00-05:00,1267.58163370,1443.34000000,156.16050611,1111.42112759,0.29612759,1111.12500000,0.00000000,0.1231956207,0.1250000000,2,0,28.72445724
2026-02-05T12:30:00-05:00,1271.50517210,1443.34000000,156.23904450,1115.26612759,0.29612759,1114.97000000,0.00000000,0.1228772387,0.1250000000,2,0,28.72445724
2026-02-05T12:45:00-05:00,1273.59105959,1443.34000000,155.87253200,1117.71852759,0.29612759,1117.42240000,0.00000000,0.1223882115,0.1250000000,2,0,28.72445724
2026-02-05T13:00:00-05:00,1263.92248013,1443.34000000,155.84635254,1108.07612759,0.29612759,1107.78000000,0.00000000,0.1233037271,0.1250000000,2,1,28.72445724
2026-02-05T13:15:00-05:00,1255.56918548,1443.34000000,155.58455789,1099.98462759,0.29612759,1099.68850000,0.00000000,0.1239155593,0.1250000000,2,0,28.72445724
2026-02-05T13:30:00-05:00,1242.69978816,1443.34000000,155.45366057,1087.24612759,0.29612759,1086.95000000,0.00000000,0.1250934957,0.1250000000,2,0,28.72445724
2026-02-05T13:45:00-05:00,1251.34242923,1443.34000000,155.40130164,1095.94112759,0.29612759,1095.64500000,0.00000000,0.1241876708,0.1250000000,2,0,28.72445724
2026-02-05T14:00:00-05:00,1251.22720354,1443.34000000,156.05107595,1095.17612759,0.29612759,1094.88000000,0.00000000,0.1247184169,0.1250000000,2,0,28.72445724
2026-02-05T14:15:00-05:00,1246.86012120,1443.34000000,155.79399361,1091.06612759,0.29612759,1090.77000000,0.00000000,0.1249490548,0.1250000000,2,0,28.72445724
2026-02-05T14:30:00-05:00,1242.95860870,1443.34000000,155.42748110,1087.53112759,0.29612759,1087.23500000,0.00000000,0.1250463853,0.1250000000,2,0,28.72445724
2026-02-05T14:45:00-05:00,1244.84432923,1443.34000000,155.40130164,1089.44302759,0.29612759,1089.14690000,0.00000000,0.1248359317,0.1250000000,2,0,28.72445724
2026-02-05T15:00:00-05:00,1244.67658281,1443.34000000,155.71545521,1088.96112759,0.29612759,1088.66500000,0.00000000,0.1251051537,0.1250000000,2,0,28.72445724
2026-02-05T15:15:00-05:00,1239.43983726,1443.34000000,155.00860967,1084.43122759,0.29612759,1084.13510000,0.00000000,0.1250634400,0.1250000000,2,0,28.72445724
2026-02-05T15:30:00-05:00,1241.69501941,1443.34000000,154.90389181,1086.79112759,0.29612759,1086.49500000,0.00000000,0.1247519636,0.1250000000,2,0,28.72445724
2026-02-05T15:45:00-05:00,1240.18563459,1443.34000000,155.13950699,1085.04612759,0.29612759,1084.75000000,0.00000000,0.1250937784,0.1250000000,2,0,28.72445724
2026-02-06T09:30:00-05:00,1255.89056657,1443.34000000,156.57937754,1099.31118902,0.71698902,1098.59420000,0.00000000,0.1246759723,0.1250000000,2,0,28.72445724
2026-02-06T09:45:00-05:00,1262.23471031,1443.34000000,156.39612129,1105.83858902,0.71698902,1105.12160000,0.00000000,0.1239041519,0.1250000000,2,0,28.72445724
2026-02-06T10:00:00-05:00,1250.06033140,1443.34000000,156.32334238,1093.73698902,0.71698902,1093.02000000,0.00000000,0.1250526382,0.1250000000,2,0,28.72445724
2026-02-06T10:15:00-05:00,1256.18536584,1443.34000000,156.83017681,1099.35518902,0.71698902,1098.63820000,0.00000000,0.1248463651,0.1250000000,2,0,28.72445724
2026-02-06T10:30:00-05:00,1255.07235595,1443.34000000,157.00086692,1098.07148902,0.71698902,1097.35450000,0.00000000,0.1250930802,0.1250000000,2,0,28.72445724
2026-02-06T10:45:00-05:00,1252.32434068,1443.34000000,156.86735165,1095.45698902,0.71698902,1094.74000000,0.00000000,0.1252609620,0.1250000000,2,0,28.72445724
2026-02-06T11:00:00-05:00,1247.59157104,1443.34000000,157.33858202,1090.25298902,0.71698902,1089.53600000,0.00000000,0.1261138546,0.1250000000,2,0,28.72445724
2026-02-06T11:15:00-05:00,1243.94491813,1443.34000000,157.44172911,1086.50318902,0.71698902,1085.78620000,0.00000000,0.1265664796,0.1250000000,2,0,28.72445724
2026-02-06T11:30:00-05:00,1245.26983034,1443.34000000,157.54854132,1087.72128902,0.71698902,1087.00430000,0.00000000,0.1265175928,0.1250000000,2,0,28.72445724
2026-02-06T11:45:00-05:00,1248.43594477,1443.34000000,157.46895575,1090.96698902,0.71698902,1090.25000000,0.00000000,0.1261329878,0.1250000000,2,0,28.72445724
2026-02-06T12:00:00-05:00,1245.57404515,1443.34000000,157.62655613,1087.94748902,0.71698902,1087.23050000,0.00000000,0.1265493262,0.1250000000,2,0,28.72445724
2026-02-06T12:15:00-05:00,1248.95726301,1443.34000000,157.73127398,1091.22598902,0.71698902,1090.50900000,0.00000000,0.1262903693,0.1250000000,2,0,28.72445724
2026-02-06T12:30:00-05:00,1246.73878660,1443.34000000,157.73179757,1089.00698902,0.71698902,1088.29000000,0.00000000,0.1265155133,0.1250000000,2,0,28.72445724
2026-02-06T12:45:00-05:00,1245.06126606,1443.34000000,157.75797704,1087.30328902,0.71698902,1086.58630000,0.00000000,0.1267069994,0.1250000000,2,0,28.72445724
2026-02-06T13:00:00-05:00,1242.73062194,1443.34000000,157.78363291,1084.94698902,0.71698902,1084.23000000,0.00000000,0.1269652732,0.1250000000,2,0,28.72445724
2026-02-06T13:15:00-05:00,1238.09562194,1443.34000000,157.78363291,1080.31198902,0.71698902,1079.59500000,0.00000000,0.1274405871,0.1250000000,2,0,28.72445724
2026-02-06T13:30:00-05:00,1236.95232499,1443.34000000,157.81033597,1079.14198902,0.71698902,1078.42500000,0.00000000,0.1275799663,0.1250000000,2,0,28.72445724
2026-02-06T13:45:00-05:00,1234.16162499,1443.34000000,157.81033597,1076.35128902,0.71698902,1075.63430000,0.00000000,0.1278684516,0.1250000000,2,0,28.72445724
2026-02-06T14:00:00-05:00,1241.49298086,1443.34000000,157.83599184,1083.65698902,0.71698902,1082.94000000,0.00000000,0.1271340187,0.1250000000,2,0,28.72445724
2026-02-06T14:15:00-05:00,1250.84900140,1443.34000000,157.80981238,1093.03918902,0.71698902,1092.32220000,0.00000000,0.1261621604,0.1250000000,2,0,28.72445724
2026-02-06T14:30:00-05:00,1249.51798086,1443.34000000,157.83599184,1091.68198902,0.71698902,1090.96500000,0.00000000,0.1263175034,0.1250000000,2,0,28.72445724
2026-02-06T14:45:00-05:00,1248.78580140,1443.34000000,157.80981238,1090.97598902,0.71698902,1090.25900000,0.00000000,0.1263706011,0.1250000000,2,0,28.72445724
2026-02-06T15:00:00-05:00,1252.09798086,1443.34000000,157.83599184,1094.26198902,0.71698902,1093.54500000,0.00000000,0.1260572210,0.1250000000,2,0,28.72445724
2026-02-06T15:15:00-05:00,1253.48298086,1443.34000000,157.83599184,1095.64698902,0.71698902,1094.93000000,0.00000000,0.1259179377,0.1250000000,2,0,28.72445724
2026-02-06T15:30:00-05:00,1254.03416033,1443.34000000,157.86217131,1096.17198902,0.71698902,1095.45500000,0.00000000,0.1258834698,0.1250000000,2,0,28.72445724
2026-02-06T15:45:00-05:00,1257.14033979,1443.34000000,157.88835077,1099.25198902,0.71698902,1098.53500000,0.00000000,0.1255932578,0.1250000000,2,0,28.72445724
2026-02-09T09:30:00-05:00,1236.10572997,1443.34000000,157.39094094,1078.71478902,0.71698902,1077.99780000,0.00000000,0.1273280571,0.1250000000,2,3,28.72445724
2026-02-09T09:45:00-05:00,1225.49934313,1443.34000000,157.65273559,1067.84660754,1044.66660754,23.18000000,0.00000000,0.1286436720,0.1250000000,1,0,1.52427813
2026-02-09T10:00:00-05:00,1225.84157617,1443.34000000,157.99306863,1067.84850754,1044.66660754,23.18190000,0.00000000,0.1288853892,0.1250000000,1,1,1.52427813
2026-02-09T10:15:00-05:00,1216.70685867,1443.34000000,157.99306863,1058.71379004,26.81379004,1031.90000000,0.00000000,0.1298530270,0.1250000000,2,0,31.34127803
2026-02-09T10:30:00-05:00,1222.28907385,1443.34000000,158.22868381,1064.06039004,26.81379004,1037.24660000,0.00000000,0.1294527516,0.1250000000,2,0,31.34127803
2026-02-09T10:45:00-05:00,1224.11034351,1443.34000000,158.32345347,1065.78689004,26.81379004,1038.97310000,0.00000000,0.1293375669,0.1250000000,2,0,31.34127803
2026-02-09T11:00:00-05:00,1225.38383278,1443.34000000,158.28104274,1067.10279004,26.81379004,1040.28900000,0.00000000,0.1291685417,0.1250000000,2,0,31.34127803
2026-02-09T11:15:00-05:00,1225.48601224,1443.34000000,158.30722220,1067.17879004,26.81379004,1040.36500000,0.00000000,0.1291791343,0.1250000000,2,1,31.34127803
2026-02-09T11:30:00-05:00,1227.37638599,1443.34000000,158.30722220,1069.06916379,1.55986379,1067.50930000,0.00000000,0.1289801759,0.1250000000,3,0,31.73067026
2026-02-09T11:45:00-05:00,1235.76326546,1443.34000000,158.33340167,1077.42986379,1.55986379,1075.87000000,0.00000000,0.1281259980,0.1250000000,3,0,31.73067026
2026-02-09T12:00:00-05:00,1240.36404492,1443.34000000,158.35958113,1082.00446379,1.55986379,1080.44460000,0.00000000,0.1276718571,0.1250000000,3,0,31.73067026
2026-02-09T12:15:00-05:00,1241.44384492,1443.34000000,158.35958113,1083.08426379,1.55986379,1081.52440000,0.00000000,0.1275608090,0.1250000000,3,0,31.73067026
2026-02-09T12:30:00-05:00,1238.26294492,1443.34000000,158.35958113,1079.90336379,1.55986379,1078.34350000,0.00000000,0.1278884923,0.1250000000,3,0,31.73067026
2026-02-09T12:45:00-05:00,1240.41816185,1443.34000000,158.35329806,1082.06486379,1.55986379,1080.50500000,0.00000000,0.1276612218,0.1250000000,3,0,31.73067026
2026-02-09T13:00:00-05:00,1243.87714492,1443.34000000,158.35958113,1085.51756379,1.55986379,1083.95770000,0.00000000,0.1273112717,0.1250000000,3,0,31.73067026
2026-02-09T13:15:00-05:00,1237.86708599,1443.34000000,158.30722220,1079.55986379,1.55986379,1078.00000000,0.00000000,0.1278870922,0.1250000000,3,0,31.73067026
2026-02-09T13:30:00-05:00,1236.52062439,1443.34000000,158.38576060,1078.13486379,1.55986379,1076.57500000,0.00000000,0.1280898656,0.1250000000,3,0,31.73067026
2026-02-09T13:45:00-05:00,1236.77297619,1443.34000000,158.37581240,1078.39716379,1.55986379,1076.83730000,0.00000000,0.1280556864,0.1250000000,3,0,31.73067026
2026-02-09T14:00:00-05:00,1237.27922439,1443.34000000,158.38576060,1078.89346379,1.55986379,1077.33360000,0.00000000,0.1280113312,0.1250000000,3,1,31.73067026
2026-02-09T14:15:00-05:00,1237.82467416,1443.34000000,158.37214728,1079.45252689,0.71002689,1078.74250000,0.00000000,0.1279439250,0.1250000000,4,0,31.75811805
2026-02-09T14:30:00-05:00,1235.19320802,1443.34000000,158.35958113,1076.83362689,0.71002689,1076.12360000,0.00000000,0.1282063244,0.1250000000,4,0,31.75811805
2026-02-09T14:45:00-05:00,1235.78108749,1443.34000000,158.38576060,1077.39532689,0.71002689,1076.68530000,0.00000000,0.1281665193,0.1250000000,4,0,31.75811805
2026-02-09T15:00:00-05:00,1233.51080802,1443.34000000,158.35958113,1075.15122689,0.71002689,1074.44120000,0.00000000,0.1283811865,0.1250000000,4,2,31.75811805
2026-02-09T15:15:00-05:00,1230.27310802,1443.34000000,158.35958113,1071.91352689,0.71002689,1071.20350000,0.00000000,0.1287190463,0.1250000000,4,1,31.75811805
2026-02-09T15:30:00-05:00,1232.97798749,1443.34000000,158.38576060,1074.59222689,0.71002689,1073.88220000,0.00000000,0.1284578980,0.1250000000,4,1,31.75811805
2026-02-09T15:45:00-05:00,1229.65834909,1443.34000000,158.30722220,1071.35112689,0.71002689,1070.64110000,0.00000000,0.1287408184,0.1250000000,4,2,31.75811805
2026-02-10T09:30:00-05:00,1210.78026516,1443.34000000,158.12396595,1052.65629921,1.53179921,1051.12450000,0.00000000,0.1305967486,0.1250000000,3,1,31.73067026
2026-02-10T09:45:00-05:00,1196.11178626,1443.34000000,158.59519631,1037.51658994,988.82658994,48.69000000,0.00000000,0.1325922862,0.1250000000,2,1,1.91367036
2026-02-10T10:00:00-05:00,1196.07851126,1443.34000000,158.59519631,1037.48331494,5.58971494,1031.89360000,0.00000000,0.1325959749,0.1250000000,3,0,19.58784772
2026-02-10T10:15:00-05:00,1202.02385937,1443.34000000,158.70724442,1043.31661494,5.58971494,1037.72690000,0.00000000,0.1320333562,0.1250000000,3,1,19.58784772
2026-02-10T10:30:00-05:00,1207.51816751,1443.34000000,158.77845257,1048.73971494,5.58971494,1043.15000000,0.00000000,0.1314915641,0.1250000000,3,0,19.58784772
2026-02-10T10:45:00-05:00,1201.06755233,1443.34000000,158.54283739,1042.52471494,5.58971494,1036.93500000,0.00000000,0.1320015990,0.1250000000,3,0,19.58784772
2026-02-10T11:00:00-05:00,1198.46809072,1443.34000000,158.62137578,1039.84671494,5.58971494,1034.25700000,0.00000000,0.1323534410,0.1250000000,3,0,19.58784772
2026-02-10T11:15:00-05:00,1200.43519340,1443.34000000,158.49047846,1041.94471494,5.58971494,1036.35500000,0.00000000,0.1320275175,0.1250000000,3,1,19.58784772
2026-02-10T11:30:00-05:00,1196.56451865,1443.34000000,158.35120370,1038.21331494,5.58971494,1032.62360000,0.00000000,0.1323382076,0.1250000000,3,0,19.58784772
2026-02-10T11:45:00-05:00,1198.23311661,1443.34000000,158.33340167,1039.89971494,5.58971494,1034.31000000,0.00000000,0.1321390633,0.1250000000,3,0,19.58784772
2026-02-10T12:00:00-05:00,1199.43255233,1443.34000000,158.54283739,1040.88971494,5.58971494,1035.30000000,0.00000000,0.1321815362,0.1250000000,3,1,19.58784772
2026-02-10T12:15:00-05:00,1199.59273634,1443.34000000,158.59938503,1040.99335131,25.43285131,1015.56050000,0.00000000,0.1322110248,0.1250000000,3,1,19.77451850
2026-02-10T12:30:00-05:00,1203.24697121,1443.34000000,158.59571990,1044.65125131,25.43285131,1019.21840000,0.00000000,0.1318064568,0.1250000000,3,0,19.77451850
2026-02-10T12:45:00-05:00,1201.52473218,1443.34000000,158.66588087,1042.85885131,25.43285131,1017.42600000,0.00000000,0.1320537785,0.1250000000,3,0,19.19845548
2026-02-10T13:00:00-05:00,1200.66858890,1443.34000000,158.49047846,1042.17811044,31.58311044,1010.59500000,0.00000000,0.1320018529,0.1250000000,2,1,19.19845548
2026-02-10T13:15:00-05:00,1192.10880639,1443.34000000,158.12396595,1033.98484044,7.20484044,1026.78000000,0.00000000,0.1326422262,0.1250000000,3,0,19.81270000
2026-02-10T13:30:00-05:00,1194.59498586,1443.34000000,158.15014542,1036.44484044,7.20484044,1029.24000000,0.00000000,0.1323880874,0.1250000000,3,0,19.81270000
2026-02-10T13:45:00-05:00,1195.79322425,1443.34000000,158.22868381,1037.56454044,7.20484044,1030.35970000,0.00000000,0.1323211075,0.1250000000,3,0,19.81270000
2026-02-10T14:00:00-05:00,1193.60116532,1443.34000000,158.17632488,1035.42484044,7.20484044,1028.22000000,0.00000000,0.1325202500,0.1250000000,3,1,19.81270000
2026-02-10T14:15:00-05:00,1189.58979907,1443.34000000,158.17632488,1031.41347419,1.24537419,1030.16810000,0.00000000,0.1329671161,0.1250000000,4,0,19.95365815
2026-02-10T14:30:00-05:00,1188.72330175,1443.34000000,158.04542756,1030.67787419,1.24537419,1029.43250000,0.00000000,0.1329539240,0.1250000000,4,0,19.95365815
2026-02-10T14:45:00-05:00,1194.06169907,1443.34000000,158.17632488,1035.88537419,1.24537419,1034.64000000,0.00000000,0.1324691387,0.1250000000,4,1,19.95365815
2026-02-10T15:00:00-05:00,1191.96872496,1443.34000000,157.88835077,1034.08037419,1.24537419,1032.83500000,0.00000000,0.1324601455,0.1250000000,4,0,19.95365815
2026-02-10T15:15:00-05:00,1188.30490443,1443.34000000,157.91453024,1030.39037419,1.24537419,1029.14500000,0.00000000,0.1328905819,0.1250000000,4,0,19.95365815
2026-02-10T15:30:00-05:00,1187.57986603,1443.34000000,157.83599184,1029.74387419,1.24537419,1028.49850000,0.00000000,0.1329055808,0.1250000000,4,0,19.95365815
2026-02-10T15:45:00-05:00,1181.78810978,1443.34000000,157.65273559,1024.13537419,1.24537419,1022.89000000,0.00000000,0.1334018631,0.1250000000,4,0,19.95365815
2026-02-11T09:30:00-05:00,1191.43509860,1443.34000000,158.61352194,1032.82157666,24.99157666,1007.83000000,0.00000000,0.1331281260,0.1250000000,3,3,19.33941363
2026-02-11T09:45:00-05:00,1186.14242479,1443.34000000,158.17632488,1027.96609991,3.00609991,1024.96000000,0.00000000,0.1333535683,0.1250000000,4,0,19.69620503
2026-02-11T10:00:00-05:00,1175.96690711,1443.34000000,157.54801773,1018.41888937,989.45708937,28.96180000,0.00000000,0.1339731729,0.1250000000,2,0,1.66523628
2026-02-11T10:15:00-05:00,1175.25297942,1443.34000000,156.94589005,1018.30708937,989.45708937,28.85000000,0.00000000,0.1335422184,0.1250000000,2,0,1.66523628
2026-02-11T10:30:00-05:00,1176.04848296,1443.34000000,157.59409359,1018.45438937,989.45708937,28.99730000,0.00000000,0.1340030584,0.1250000000,2,0,1.66523628
2026-02-11T10:45:00-05:00,1176.64897854,1443.34000000,157.96688916,1018.68208937,989.45708937,29.22500000,0.00000000,0.1342514990,0.1250000000,2,0,1.66523628
2026-02-11T11:00:00-05:00,1176.66883598,1443.34000000,157.95484661,1018.71398937,989.45708937,29.25690000,0.00000000,0.1342389989,0.1250000000,2,0,1.66523628
2026-02-11T11:15:00-05:00,1176.59952496,1443.34000000,157.65273559,1018.94678937,989.45708937,29.48970000,0.00000000,0.1339901404,0.1250000000,2,0,1.66523628
2026-02-11T11:30:00-05:00,1177.03648122,1443.34000000,157.83599184,1019.20048937,989.45708937,29.74340000,0.00000000,0.1340960916,0.1250000000,2,1,1.52427813
2026-02-11T11:45:00-05:00,1170.35226405,1443.34000000,157.63126843,1012.72099562,0.59099562,1012.13000000,0.00000000,0.1346870282,0.1250000000,3,0,32.00823501
2026-02-11T12:00:00-05:00,1159.24726961,1443.34000000,157.73127398,1001.51599562,0.59099562,1000.92500000,0.00000000,0.1360635286,0.1250000000,3,0,32.00823501
2026-02-11T12:15:00-05:00,1163.18402202,1443.34000000,158.17632488,1005.00769714,6.82769714,998.18000000,0.00000000,0.1359856410,0.1250000000,2,1,32.00823501
2026-02-11T12:30:00-05:00,1170.50573077,1443.34000000,158.17632488,1012.32940589,0.56800589,1011.76140000,0.00000000,0.1351350282,0.1250000000,3,0,32.19757722
2026-02-11T12:45:00-05:00,1169.07197184,1443.34000000,158.12396595,1010.94800589,0.56800589,1010.38000000,0.00000000,0.1352559721,0.1250000000,3,0,32.19757722
2026-02-11T13:00:00-05:00,1166.81460041,1443.34000000,157.70509452,1009.10950589,0.56800589,1008.54150000,0.00000000,0.1351586571,0.1250000000,3,0,32.19757722
2026-02-11T13:15:00-05:00,1171.24461291,1443.34000000,158.07160702,1013.17300589,0.56800589,1012.60500000,0.00000000,0.1349603706,0.1250000000,3,0,32.19757722
2026-02-11T13:30:00-05:00,1178.94961291,1443.34000000,158.07160702,1020.87800589,0.56800589,1020.31000000,0.00000000,0.1340783400,0.1250000000,3,0,32.19757722
2026-02-11T13:45:00-05:00,1173.51522809,1443.34000000,158.30722220,1015.20800589,0.56800589,1014.64000000,0.00000000,0.1349000153,0.1250000000,3,0,32.19757722
2026-02-11T14:00:00-05:00,1179.16876648,1443.34000000,158.38576060,1020.78300589,0.56800589,1020.21500000,0.00000000,0.1343198405,0.1250000000,3,0,32.19757722
2026-02-11T14:15:00-05:00,1175.58333041,1443.34000000,158.58472453,1016.99860589,0.56800589,1016.43060000,0.00000000,0.1348987523,0.1250000000,3,0,32.19757722
2026-02-11T14:30:00-05:00,1177.27923716,1443.34000000,158.48943128,1018.78980589,0.56800589,1018.22180000,0.00000000,0.1346234829,0.1250000000,3,0,32.19757722
2026-02-11T14:45:00-05:00,1180.97357222,1443.34000000,158.28156633,1022.69200589,0.56800589,1022.12400000,0.00000000,0.1340263407,0.1250000000,3,1,32.19757722
2026-02-11T15:00:00-05:00,1180.99904863,1443.34000000,158.28104274,1022.71800589,0.56800589,1022.15000000,0.00000000,0.1340230061,0.1250000000,3,0,32.19757722
2026-02-11T15:15:00-05:00,1177.54933077,1443.34000000,158.17632488,1019.37300589,0.56800589,1018.80500000,0.00000000,0.1343267078,0.1250000000,3,0,32.19757722
2026-02-11T15:30:00-05:00,1177.01525121,1443.34000000,158.25224533,1018.76300589,0.56800589,1018.19500000,0.00000000,0.1344521621,0.1250000000,3,2,32.19757722
2026-02-11T15:45:00-05:00,1171.00315130,1443.34000000,158.15014542,1012.85300589,0.56800589,1012.28500000,0.00000000,0.1350552688,0.1250000000,3,3,32.19757722
2026-02-12T09:30:00-05:00,1146.80453131,1443.34000000,146.18712616,1000.61740516,976.58240516,24.03500000,0.00000000,0.1274734466,0.1250000000,1,5,1.52427813
2026-02-12T09:45:00-05:00,1134.01017706,1443.34000000,145.48418690,988.52599016,0.63099016,987.89500000,0.00000000,0.1282917824,0.1250000000,3,0,18.07015914
2026-02-12T10:00:00-05:00,1132.41071257,1443.34000000,145.43570833,986.97500424,856.02030424,130.95470000,0.00000000,0.1284301771,0.1250000000,2,0,5.33040672
2026-02-12T10:15:00-05:00,1133.98916613,1443.34000000,145.65386189,988.33530424,856.02030424,132.31500000,0.00000000,0.1284437861,0.1250000000,2,1,5.33040672
2026-02-12T10:30:00-05:00,1128.86564863,1443.34000000,144.75749314,984.10815549,4.51715549,979.59100000,0.00000000,0.1282327027,0.1250000000,3,1,21.73164408
2026-02-12T10:45:00-05:00,1127.83592023,1443.34000000,144.41765837,983.41826186,0.52266186,982.89560000,0.00000000,0.1280484650,0.1250000000,4,0,22.17644940
2026-02-12T11:00:00-05:00,1117.49733454,1443.34000000,143.93287268,973.56446186,0.52266186,973.04180000,0.00000000,0.1287992984,0.1250000000,4,0,22.17644940
2026-02-12T11:15:00-05:00,1109.18908528,1443.34000000,143.25417270,965.93491257,938.29491257,27.64000000,0.00000000,0.1291521659,0.1250000000,2,0,1.96908345
2026-02-12T11:30:00-05:00,1109.68539240,1443.34000000,143.69047983,965.99491257,938.29491257,27.70000000,0.00000000,0.1294875834,0.1250000000,2,0,1.96908345
2026-02-12T11:45:00-05:00,1109.49343527,1443.34000000,143.59352269,965.89991257,938.29491257,27.60500000,0.00000000,0.1294225979,0.1250000000,2,0,1.96908345
2026-02-12T12:00:00-05:00,1109.61799956,1443.34000000,143.44808698,966.16991257,938.29491257,27.87500000,0.00000000,0.1292770008,0.1250000000,2,0,1.96908345
2026-02-12T12:15:00-05:00,1110.11887097,1443.34000000,143.73895840,966.37991257,938.29491257,28.08500000,0.00000000,0.1294806909,0.1250000000,2,0,1.96908345
2026-02-12T12:30:00-05:00,1110.02387097,1443.34000000,143.73895840,966.28491257,938.29491257,27.99000000,0.00000000,0.1294917723,0.1250000000,2,0,1.96908345
2026-02-12T12:45:00-05:00,1109.49028170,1443.34000000,143.37536913,966.11491257,938.29491257,27.82000000,0.00000000,0.1292263407,0.1250000000,2,0,1.96908345
2026-02-12T13:00:00-05:00,1109.78147813,1443.34000000,143.49656555,966.28491257,938.29491257,27.99000000,0.00000000,0.1293016404,0.1250000000,2,0,1.96908345
2026-02-12T13:15:00-05:00,1109.31908528,1443.34000000,143.25417270,966.06491257,938.29491257,27.77000000,0.00000000,0.1291370306,0.1250000000,2,0,1.96908345
2026-02-12T13:30:00-05:00,1109.83311026,1443.34000000,143.76319768,966.06991257,938.29491257,27.77500000,0.00000000,0.1295358702,0.1250000000,2,0,1.96908345
2026-02-12T13:45:00-05:00,1109.89887097,1443.34000000,143.73895840,966.15991257,938.29491257,27.86500000,0.00000000,0.1295063561,0.1250000000,2,0,1.96908345
2026-02-12T14:00:00-05:00,1109.58995670,1443.34000000,143.54504412,966.04491257,938.29491257,27.75000000,0.00000000,0.1293676491,0.1250000000,2,0,1.96908345
2026-02-12T14:15:00-05:00,1109.49763527,1443.34000000,143.59352269,965.90411257,938.29491257,27.60920000,0.00000000,0.1294221079,0.1250000000,2,0,1.96908345
2026-02-12T14:30:00-05:00,1110.05459297,1443.34000000,143.77968040,966.27491257,938.29491257,27.98000000,0.00000000,0.1295248732,0.1250000000,2,1,1.96908345
2026-02-12T14:45:00-05:00,1104.00038026,1443.34000000,143.69532769,960.30505257,11.12005257,949.18500000,0.00000000,0.1301587665,0.1250000000,3,0,30.98980784
2026-02-12T15:00:00-05:00,1091.37807248,1443.34000000,143.49801991,947.88005257,11.12005257,936.76000000,0.00000000,0.1314833269,0.1250000000,3,0,30.98980784
2026-02-12T15:15:00-05:00,1089.67974671,1443.34000000,143.20569414,946.47405257,11.12005257,935.35400000,0.00000000,0.1314199833,0.1250000000,3,0,30.98980784
2026-02-12T15:30:00-05:00,1082.03998600,1443.34000000,143.22993342,938.81005257,11.12005257,927.69000000,0.00000000,0.1323702777,0.1250000000,3,0,30.98980784
2026-02-12T15:45:00-05:00,1079.25463458,1443.34000000,142.93906200,936.31557258,908.60057258,27.71500000,0.00000000,0.1324423889,0.1250000000,2,0,1.96908345
2026-02-13T09:30:00-05:00,1079.31532178,1443.34000000,142.74514773,936.57017405,909.33407405,27.23610000,0.00000000,0.1322552778,0.1250000000,2,0,1.96908345
2026-02-13T09:45:00-05:00,1079.35212536,1443.34000000,142.62395130,936.72817405,909.33407405,27.39410000,0.00000000,0.1321384819,0.1250000000,2,0,1.96908345
2026-02-13T10:00:00-05:00,1079.47742442,1443.34000000,142.81835037,936.65907405,909.33407405,27.32500000,0.00000000,0.1323032304,0.1250000000,2,0,1.96908345
2026-02-13T10:15:00-05:00,1080.35052890,1443.34000000,143.18145485,937.16907405,909.33407405,27.83500000,0.00000000,0.1325324059,0.1250000000,2,0,1.96908345
2026-02-13T10:30:00-05:00,1079.92247892,1443.34000000,142.84210486,937.08037405,909.33407405,27.74630000,0.00000000,0.1322707024,0.1250000000,2,0,1.96908345
2026-02-13T10:45:00-05:00,1080.33085391,1443.34000000,143.01177986,937.31907405,909.33407405,27.98500000,0.00000000,0.1323777613,0.1250000000,2,0,1.96908345
2026-02-13T11:00:00-05:00,1080.33705033,1443.34000000,143.13297628,937.20407405,909.33407405,27.87000000,0.00000000,0.1324891859,0.1250000000,2,0,1.96908345
2026-02-13T11:15:00-05:00,1080.52476819,1443.34000000,143.20569414,937.31907405,909.33407405,27.98500000,0.00000000,0.1325334674,0.1250000000,2,0,1.96908345
2026-02-13T11:30:00-05:00,1080.73322533,1443.34000000,143.30265127,937.43057405,909.33407405,28.09650000,0.00000000,0.1325976179,0.1250000000,2,0,1.52427813
2026-02-13T11:45:00-05:00,1080.53568868,1443.34000000,143.35161463,937.18407405,909.33407405,27.85000000,0.00000000,0.1326671725,0.1250000000,2,0,1.52427813
2026-02-13T12:00:00-05:00,1081.02453282,1443.34000000,143.45535877,937.56917405,909.33407405,28.23510000,0.00000000,0.1327031482,0.1250000000,2,0,1.52427813
2026-02-13T12:15:00-05:00,1081.20460032,1443.34000000,143.47232627,937.73227405,909.33407405,28.39820000,0.00000000,0.1326967405,0.1250000000,2,0,1.52427813
2026-02-13T12:30:00-05:00,1081.41737889,1443.34000000,143.52080484,937.89657405,909.33407405,28.56250000,0.00000000,0.1327154599,0.1250000000,2,0,1.52427813
2026-02-13T12:45:00-05:00,1081.58020150,1443.34000000,143.47232627,938.10787523,913.59597523,24.51190000,0.00000000,0.1326506588,0.1250000000,1,0,1.52427813
2026-02-13T13:00:00-05:00,1082.61118185,1443.34000000,143.46020663,939.15097523,913.59597523,25.55500000,0.00000000,0.1325131396,0.1250000000,1,0,1.52427813
2026-02-13T13:15:00-05:00,1081.72178006,1443.34000000,143.52080484,938.20097523,913.59597523,24.60500000,0.00000000,0.1326781132,0.1250000000,1,0,1.52427813
2026-02-13T13:30:00-05:00,1082.17064078,1443.34000000,143.49656555,938.67407523,913.59597523,25.07810000,0.00000000,0.1326006825,0.1250000000,1,0,1.52427813
2026-02-13T13:45:00-05:00,1081.98205599,1443.34000000,143.49608077,938.48597523,913.59597523,24.89000000,0.00000000,0.1326233462,0.1250000000,1,0,1.52427813
2026-02-13T14:00:00-05:00,1081.84481935,1443.34000000,143.54504412,938.29977523,913.59597523,24.70380000,0.00000000,0.1326854291,0.1250000000,1,0,1.52427813
2026-02-13T14:15:00-05:00,1081.91178006,1443.34000000,143.52080484,938.39097523,913.59597523,24.79500000,0.00000000,0.1326548130,0.1250000000,1,0,1.52427813
2026-02-13T14:30:00-05:00,1081.76587757,1443.34000000,143.46990234,938.29597523,913.59597523,24.70000000,0.00000000,0.1326256497,0.1250000000,1,0,1.52427813
2026-02-13T14:45:00-05:00,1081.71792293,1443.34000000,143.42384770,938.29407523,913.59597523,24.69810000,0.00000000,0.1325889538,0.1250000000,1,0,1.52427813
2026-02-13T15:00:00-05:00,1081.58682293,1443.34000000,143.42384770,938.16297523,913.59597523,24.56700000,0.00000000,0.1326050250,0.1250000000,1,0,1.52427813
2026-02-13T15:15:00-05:00,1081.48364793,1443.34000000,143.25417270,938.22947523,913.59597523,24.63350000,0.00000000,0.1324607848,0.1250000000,1,0,1.52427813
2026-02-13T15:30:00-05:00,1081.28938722,1443.34000000,143.27841199,938.01097523,913.59597523,24.41500000,0.00000000,0.1325069992,0.1250000000,1,0,1.52427813
2026-02-13T15:45:00-05:00,1081.31754078,1443.34000000,143.49656555,937.82097523,913.59597523,24.22500000,0.00000000,0.1327052971,0.1250000000,1,0,1.52427813
2026-02-17T09:30:00-05:00,1080.35579795,1443.34000000,142.91482272,937.44097523,913.59597523,23.84500000,0.00000000,0.1322849593,0.1250000000,1,0,1.52427813
2026-02-17T09:45:00-05:00,1078.74203635,1443.34000000,141.77606112,936.96597523,913.59597523,23.37000000,0.00000000,0.1314272146,0.1250000000,1,0,1.52427813
2026-02-17T10:00:00-05:00,1078.86470513,1443.34000000,141.99372990,936.87097523,913.59597523,23.27500000,0.00000000,0.1316140284,0.1250000000,1,0,1.52427813
2026-02-17T10:15:00-05:00,1078.72318370,1443.34000000,142.04220847,936.68097523,913.59597523,23.08500000,0.00000000,0.1316762360,0.1250000000,1,0,1.52427813
2026-02-17T10:30:00-05:00,1078.71981134,1443.34000000,141.94573612,936.77407523,913.59597523,23.17810000,0.00000000,0.1315872153,0.1250000000,1,0,1.52427813
2026-02-17T10:45:00-05:00,1079.23025154,1443.34000000,142.45427631,936.77597523,913.59597523,23.18000000,0.00000000,0.1319961853,0.1250000000,1,0,1.52427813
2026-02-17T11:00:00-05:00,1080.22210507,1443.34000000,143.35112984,936.87097523,913.59597523,23.27500000,0.00000000,0.1327052364,0.1250000000,1,0,1.52427813
2026-02-17T11:15:00-05:00,1080.26436579,1443.34000000,143.32689056,936.93747523,913.59597523,23.34150000,0.00000000,0.1326776066,0.1250000000,1,0,1.52427813
2026-02-17T11:30:00-05:00,1080.31514793,1443.34000000,143.25417270,937.06097523,913.59597523,23.46500000,0.00000000,0.1326040582,0.1250000000,1,0,1.52427813
2026-02-17T11:45:00-05:00,1080.27058364,1443.34000000,143.39960841,936.87097523,913.59597523,23.27500000,0.00000000,0.1327441574,0.1250000000,1,0,1.52427813
2026-02-17T12:00:00-05:00,1079.93123366,1443.34000000,143.06025843,936.87097523,913.59597523,23.27500000,0.00000000,0.1324716371,0.1250000000,1,0,1.52427813
2026-02-17T12:15:00-05:00,1080.03119579,1443.34000000,143.25902056,936.77217523,913.59597523,23.17620000,0.00000000,0.1326434099,0.1250000000,1,0,1.52427813
2026-02-17T12:30:00-05:00,1079.23238009,1443.34000000,142.84210486,936.39027523,913.59597523,22.79430000,0.00000000,0.1323552809,0.1250000000,1,0,1.52427813
2026-02-17T12:45:00-05:00,1079.36123366,1443.34000000,143.06025843,936.30097523,913.59597523,22.70500000,0.00000000,0.1325415940,0.1250000000,1,0,1.52427813
2026-02-17T13:00:00-05:00,1079.40579795,1443.34000000,142.91482272,936.49097523,913.59597523,22.89500000,0.00000000,0.1324013851,0.1250000000,1,0,1.52427813
2026-02-17T13:15:00-05:00,1079.89058364,1443.34000000,143.39960841,936.49097523,913.59597523,22.89500000,0.00000000,0.1327908684,0.1250000000,1,0,1.52427813
2026-02-17T13:30:00-05:00,1080.59492327,1443.34000000,143.81894804,936.77597523,913.59597523,23.18000000,0.00000000,0.1330923780,0.1250000000,1,0,1.52427813
2026-02-17T13:45:00-05:00,1080.52173862,1443.34000000,143.84076340,936.68097523,913.59597523,23.08500000,0.00000000,0.1331215822,0.1250000000,1,0,1.52427813
2026-02-17T14:00:00-05:00,1080.61189077,1443.34000000,143.83591554,936.77597523,913.59597523,23.18000000,0.00000000,0.1331059900,0.1250000000,1,0,1.52427813
2026-02-17T14:15:00-05:00,1080.68501220,1443.34000000,143.78743697,936.89757523,913.59597523,23.30160000,0.00000000,0.1330521247,0.1250000000,1,0,1.52427813
2026-02-17T14:30:00-05:00,1080.91009426,1443.34000000,144.04291903,936.86717523,913.59597523,23.27120000,0.00000000,0.1332607770,0.1250000000,1,0,1.52427813
2026-02-17T14:45:00-05:00,1080.37145506,1443.34000000,143.69047983,936.68097523,913.59597523,23.08500000,0.00000000,0.1330009962,0.1250000000,1,0,1.52427813
2026-02-17T15:00:00-05:00,1080.15721577,1443.34000000,143.66624055,936.49097523,913.59597523,22.89500000,0.00000000,0.1330049353,0.1250000000,1,0,1.52427813
2026-02-17T15:15:00-05:00,1080.17754078,1443.34000000,143.49656555,936.68097523,913.59597523,23.08500000,0.00000000,0.1328453519,0.1250000000,1,0,1.52427813
2026-02-17T15:30:00-05:00,1080.27449792,1443.34000000,143.59352269,936.68097523,913.59597523,23.08500000,0.00000000,0.1329231811,0.1250000000,1,0,1.52427813
2026-02-17T15:45:00-05:00,1080.27254078,1443.34000000,143.49656555,936.77597523,913.59597523,23.18000000,0.00000000,0.1328336694,0.1250000000,1,0,1.52427813
2026-02-18T09:30:00-05:00,1080.51884791,1443.34000000,143.93287268,936.58597523,913.59597523,22.99000000,0.00000000,0.1332071837,0.1250000000,1,0,1.52427813
2026-02-18T09:45:00-05:00,1080.89455682,1443.34000000,144.30858159,936.58597523,913.59597523,22.99000000,0.00000000,0.1335084728,0.1250000000,1,0,1.52427813
2026-02-18T10:00:00-05:00,1081.21556931,1443.34000000,144.56309408,936.65247523,913.59597523,23.05650000,0.00000000,0.1337042290,0.1250000000,1,0,1.52427813
2026-02-18T10:15:00-05:00,1081.50678716,1443.34000000,144.63581193,936.87097523,913.59597523,23.27500000,0.00000000,0.1337354639,0.1250000000,1,0,1.52427813
2026-02-18T10:30:00-05:00,1081.43602645,1443.34000000,144.66005122,936.77597523,913.59597523,23.18000000,0.00000000,0.1337666285,0.1250000000,1,0,1.52427813
2026-02-18T10:45:00-05:00,1081.43792645,1443.34000000,144.66005122,936.77787523,913.59597523,23.18190000,0.00000000,0.1337663935,0.1250000000,1,0,1.52427813
2026-02-18T11:00:00-05:00,1081.74526573,1443.34000000,144.68429050,937.06097523,913.59597523,23.46500000,0.00000000,0.1337507961,0.1250000000,1,0,1.52427813
2026-02-18T11:15:00-05:00,1082.03175923,1443.34000000,144.68768400,937.34407523,913.59597523,23.74810000,0.00000000,0.1337185187,0.1250000000,1,0,1.52427813
2026-02-18T11:30:00-05:00,1082.07920502,1443.34000000,144.70852979,937.37067523,913.59597523,23.77470000,0.00000000,0.1337319201,0.1250000000,1,0,1.52427813
2026-02-18T11:45:00-05:00,1081.93811123,1443.34000000,144.66053600,937.27757523,913.59597523,23.68160000,0.00000000,0.1337050008,0.1250000000,1,0,1.52427813
2026-02-18T12:00:00-05:00,1081.95950502,1443.34000000,144.70852979,937.25097523,913.59597523,23.65500000,0.00000000,0.1337467152,0.1250000000,1,0,1.52427813
2026-02-18T12:15:00-05:00,1081.67450502,1443.34000000,144.70852979,936.96597523,913.59597523,23.37000000,0.00000000,0.1337819548,0.1250000000,1,0,1.52427813
2026-02-18T12:30:00-05:00,1081.88341166,1443.34000000,144.72743643,937.15597523,913.59597523,23.56000000,0.00000000,0.1337735978,0.1250000000,1,0,1.52427813
2026-02-18T12:45:00-05:00,1081.81846837,1443.34000000,144.75749314,937.06097523,913.59597523,23.46500000,0.00000000,0.1338094120,0.1250000000,1,0,1.52427813
2026-02-18T13:00:00-05:00,1081.73306173,1443.34000000,144.73858650,936.99447523,913.59597523,23.39850000,0.00000000,0.1338024986,0.1250000000,1,0,1.52427813
2026-02-18T13:15:00-05:00,1081.68780502,1443.34000000,144.70852979,936.97927523,913.59597523,23.38330000,0.00000000,0.1337803099,0.1250000000,1,0,1.52427813
2026-02-18T13:30:00-05:00,1081.57950502,1443.34000000,144.70852979,936.87097523,913.59597523,23.27500000,0.00000000,0.1337937055,0.1250000000,1,0,1.52427813
2026-02-18T13:45:00-05:00,1081.57950502,1443.34000000,144.70852979,936.87097523,913.59597523,23.27500000,0.00000000,0.1337937055,0.1250000000,1,0,1.52427813
2026-02-18T14:00:00-05:00,1081.67260502,1443.34000000,144.70852979,936.96407523,913.59597523,23.36810000,0.00000000,0.1337821898,0.1250000000,1,0,1.52427813
2026-02-18T14:15:00-05:00,1081.51490502,1443.34000000,144.70852979,936.80637523,913.59597523,23.21040000,0.00000000,0.1338016972,0.1250000000,1,0,1.52427813
2026-02-18T14:30:00-05:00,1081.45830859,1443.34000000,144.58733336,936.87097523,913.59597523,23.27500000,0.00000000,0.1336966319,0.1250000000,1,0,1.52427813
2026-02-18T14:45:00-05:00,1081.19553360,1443.34000000,144.41765837,936.77787523,913.59597523,23.18190000,0.00000000,0.1335721929,0.1250000000,1,0,1.52427813
2026-02-18T15:00:00-05:00,1081.28437288,1443.34000000,144.44189766,936.84247523,913.59597523,23.24650000,0.00000000,0.1335836356,0.1250000000,1,0,1.52427813
2026-02-18T15:15:00-05:00,1081.33711217,1443.34000000,144.46613694,936.87097523,913.59597523,23.27500000,0.00000000,0.1335995365,0.1250000000,1,0,1.52427813
2026-02-18T15:30:00-05:00,1081.76714430,1443.34000000,144.73276907,937.03437523,913.59597523,23.43840000,0.00000000,0.1337929053,0.1250000000,1,0,1.52427813
2026-02-18T15:45:00-05:00,1081.58146216,1443.34000000,144.80548693,936.77597523,913.59597523,23.18000000,0.00000000,0.1338831073,0.1250000000,1,0,1.52427813
2026-02-19T09:30:00-05:00,1078.91711269,1443.34000000,134.94073678,943.97637591,943.97637591,0.00000000,0.00000000,0.1250705315,0.1250000000,0,2,0.00000000
2026-02-19T09:45:00-05:00,1069.63708339,1443.34000000,135.16976043,934.46732296,2.80042296,931.66690000,0.00000000,0.1263697403,0.1250000000,2,0,28.77639945
2026-02-19T10:00:00-05:00,1071.60477630,1443.34000000,135.10105334,936.50372296,2.80042296,933.70330000,0.00000000,0.1260735827,0.1250000000,2,1,28.77639945
2026-02-19T10:15:00-05:00,1086.73276920,1443.34000000,135.03234624,951.70042296,2.80042296,948.90000000,0.00000000,0.1242553368,0.1250000000,2,2,27.89361622
2026-02-19T10:30:00-05:00,1113.13759759,1443.34000000,135.30717463,977.83042296,2.80042296,975.03000000,0.00000000,0.1215547610,0.1250000000,2,2,27.89361622
2026-02-19T10:45:00-05:00,1099.97179285,1443.34000000,135.26136990,964.71042296,2.80042296,961.91000000,0.00000000,0.1229680350,0.1250000000,2,2,0.00000000
2026-02-19T11:00:00-05:00,1089.04871550,1443.34000000,135.23846753,953.81024797,35.27024797,918.54000000,0.00000000,0.1241803655,0.1250000000,1,1,0.00000000
2026-02-19T11:15:00-05:00,1094.81599535,1443.34000000,135.16930239,959.64669297,10.51169297,949.13500000,0.00000000,0.1234630321,0.1250000000,2,0,0.60241734
2026-02-19T11:30:00-05:00,1088.03403921,1443.34000000,135.03234624,953.00169297,10.51169297,942.49000000,0.00000000,0.1241067295,0.1250000000,2,0,0.60241734
2026-02-19T11:45:00-05:00,1080.93428963,1443.34000000,135.03234624,945.90194339,921.54194339,24.36000000,0.00000000,0.1249218824,0.1250000000,1,0,0.60241734
2026-02-19T12:00:00-05:00,1080.86848490,1443.34000000,134.98654151,945.88194339,921.54194339,24.34000000,0.00000000,0.1248871101,0.1250000000,1,0,0.60241734
2026-02-19T12:15:00-05:00,1080.96193074,1443.34000000,135.13998736,945.82194339,921.54194339,24.28000000,0.00000000,0.1250182671,0.1250000000,1,0,0.60241734
2026-02-19T12:30:00-05:00,1080.73292231,1443.34000000,135.05295837,945.67996394,945.67996394,0.00000000,0.00000000,0.1249642308,0.1250000000,0,0,0.00000000
2026-02-19T12:45:00-05:00,1080.50618890,1443.34000000,134.82622495,945.67996394,945.67996394,0.00000000,0.00000000,0.1247806133,0.1250000000,0,1,0.00000000
2026-02-19T13:00:00-05:00,1084.78101768,1443.34000000,135.03234624,949.74867144,36.60867144,913.14000000,0.00000000,0.1244788985,0.1250000000,1,0,24.62318374
2026-02-19T13:15:00-05:00,1088.44699403,1443.34000000,134.80332259,953.64367144,36.60867144,917.03500000,0.00000000,0.1238492304,0.1250000000,1,0,24.62318374
2026-02-19T13:30:00-05:00,1095.24118930,1443.34000000,134.75751786,960.48367144,36.60867144,923.87500000,0.00000000,0.1230391252,0.1250000000,1,0,24.62318374
2026-02-19T13:45:00-05:00,1103.11940822,1443.34000000,134.94073678,968.17867144,36.60867144,931.57000000,0.00000000,0.1223265004,0.1250000000,1,0,24.62318374
2026-02-19T14:00:00-05:00,1119.90811532,1443.34000000,135.00944388,984.89867144,36.60867144,948.29000000,0.00000000,0.1205540366,0.1250000000,1,0,0.00000000
2026-02-19T14:15:00-05:00,1117.05231295,1443.34000000,134.98654151,982.06577144,36.60867144,945.45710000,0.00000000,0.1208417367,0.1250000000,1,0,0.00000000
2026-02-19T14:30:00-05:00,1117.53404155,1443.34000000,134.74057011,982.79347144,36.60867144,946.18480000,0.00000000,0.1205695443,0.1250000000,1,0,0.00000000
2026-02-19T14:45:00-05:00,1128.98801339,1443.34000000,134.78042022,994.20759317,994.20759317,0.00000000,0.00000000,0.1193816220,0.1250000000,0,1,0.00000000
2026-02-19T15:00:00-05:00,1141.42100312,1443.34000000,134.82622495,1006.59477817,123.13477817,883.46000000,0.00000000,0.1181213808,0.1250000000,1,0,33.77674541
2026-02-19T15:15:00-05:00,1133.24947490,1443.34000000,134.80469673,998.44477817,123.13477817,875.31000000,0.00000000,0.1189541224,0.1250000000,1,1,33.77674541
2026-02-19T15:30:00-05:00,1133.32403522,1443.34000000,134.89493205,998.42910317,2.14410317,996.28500000,0.00000000,0.1190259166,0.1250000000,2,2,36.20006861
2026-02-19T15:45:00-05:00,1112.05676597,1443.34000000,135.19266280,976.86410317,2.14410317,974.72000000,0.00000000,0.1215699296,0.1250000000,2,4,36.20006861
2026-02-20T09:30:00-05:00,1105.21465994,1443.34000000,135.43313764,969.78152231,118.92152231,850.86000000,0.00000000,0.1225401205,0.1250000000,1,0,33.77674541
2026-02-20T09:45:00-05:00,1091.03420866,1443.34000000,135.44458882,955.58961984,955.58961984,0.00000000,0.00000000,0.1241433016,0.1250000000,0,0,0.00000000
2026-02-20T10:00:00-05:00,1091.17162285,1443.34000000,135.58200301,955.58961984,955.58961984,0.00000000,0.00000000,0.1242536006,0.1250000000,0,0,0.00000000
2026-02-20T10:15:00-05:00,1091.28613468,1443.34000000,135.69651484,955.58961984,955.58961984,0.00000000,0.00000000,0.1243454952,0.1250000000,0,0,0.00000000
2026-02-20T10:30:00-05:00,1091.44645124,1443.34000000,135.85683140,955.58961984,955.58961984,0.00000000,0.00000000,0.1244741153,0.1250000000,0,0,0.00000000
2026-02-20T10:45:00-05:00,1091.67547489,1443.34000000,136.08585505,955.58961984,955.58961984,0.00000000,0.00000000,0.1246577927,0.1250000000,0,0,0.00000000
2026-02-20T11:00:00-05:00,1091.65257252,1443.34000000,136.06295268,955.58961984,955.58961984,0.00000000,0.00000000,0.1246394284,0.1250000000,0,0,0.00000000
2026-02-20T11:15:00-05:00,1091.49225597,1443.34000000,135.90263613,955.58961984,955.58961984,0.00000000,0.00000000,0.1245108569,0.1250000000,0,0,0.00000000
2026-02-20T11:30:00-05:00,1091.72127962,1443.34000000,136.13165978,955.58961984,955.58961984,0.00000000,0.00000000,0.1246945189,0.1250000000,0,0,0.00000000
2026-02-20T11:45:00-05:00,1091.78998672,1443.34000000,136.20036688,955.58961984,955.58961984,0.00000000,0.00000000,0.1247496025,0.1250000000,0,0,0.00000000
2026-02-20T12:00:00-05:00,1091.49225597,1443.34000000,135.90263613,955.58961984,955.58961984,0.00000000,0.00000000,0.1245108569,0.1250000000,0,0,0.00000000
2026-02-20T12:15:00-05:00,1091.24032995,1443.34000000,135.65071011,955.58961984,955.58961984,0.00000000,0.00000000,0.1243087397,0.1250000000,0,0,0.00000000
2026-02-20T12:30:00-05:00,1091.35484178,1443.34000000,135.76522193,955.58961984,955.58961984,0.00000000,0.00000000,0.1244006227,0.1250000000,0,0,0.00000000
2026-02-20T12:45:00-05:00,1091.60676779,1443.34000000,136.01714795,955.58961984,955.58961984,0.00000000,0.00000000,0.1246026976,0.1250000000,0,0,0.00000000
2026-02-20T13:00:00-05:00,1091.56096306,1443.34000000,135.97134322,955.58961984,955.58961984,0.00000000,0.00000000,0.1245659636,0.1250000000,0,0,0.00000000
2026-02-20T13:15:00-05:00,1091.46935360,1443.34000000,135.87973376,955.58961984,955.58961984,0.00000000,0.00000000,0.1244924865,0.1250000000,0,0,0.00000000
2026-02-20T13:30:00-05:00,1091.67547489,1443.34000000,136.08585505,955.58961984,955.58961984,0.00000000,0.00000000,0.1246577927,0.1250000000,0,0,0.00000000
2026-02-20T13:45:00-05:00,1091.83579145,1443.34000000,136.24617161,955.58961984,955.58961984,0.00000000,0.00000000,0.1247863211,0.1250000000,0,0,0.00000000
2026-02-20T14:00:00-05:00,1091.76708435,1443.34000000,136.17746451,955.58961984,955.58961984,0.00000000,0.00000000,0.1247312421,0.1250000000,0,0,0.00000000
2026-02-20T14:15:00-05:00,1091.76708435,1443.34000000,136.17746451,955.58961984,955.58961984,0.00000000,0.00000000,0.1247312421,0.1250000000,0,0,0.00000000
2026-02-20T14:30:00-05:00,1091.78998672,1443.34000000,136.20036688,955.58961984,955.58961984,0.00000000,0.00000000,0.1247496025,0.1250000000,0,0,0.00000000
2026-02-20T14:45:00-05:00,1091.76708435,1443.34000000,136.17746451,955.58961984,955.58961984,0.00000000,0.00000000,0.1247312421,0.1250000000,0,0,0.00000000
2026-02-20T15:00:00-05:00,1091.85869381,1443.34000000,136.26907397,955.58961984,955.58961984,0.00000000,0.00000000,0.1248046792,0.1250000000,0,0,0.00000000
2026-02-20T15:15:00-05:00,1091.81288908,1443.34000000,136.22326924,955.58961984,955.58961984,0.00000000,0.00000000,0.1247679622,0.1250000000,0,0,0.00000000
2026-02-20T15:30:00-05:00,1091.83579145,1443.34000000,136.24617161,955.58961984,955.58961984,0.00000000,0.00000000,0.1247863211,0.1250000000,0,0,0.00000000
2026-02-20T15:45:00-05:00,1091.92740091,1443.34000000,136.33778107,955.58961984,955.58961984,0.00000000,0.00000000,0.1248597489,0.1250000000,0,0,0.00000000
2026-02-23T09:30:00-05:00,1090.82808737,1443.34000000,135.23846753,955.58961984,955.58961984,0.00000000,0.00000000,0.1239778010,0.1250000000,0,6,0.00000000
2026-02-23T09:45:00-05:00,1084.54155856,1443.34000000,135.44458882,949.09696974,0.40696974,948.69000000,0.00000000,0.1248864903,0.1250000000,1,3,15.54876645
2026-02-23T10:00:00-05:00,1084.38323964,1443.34000000,135.26136990,949.12186974,0.40696974,948.71490000,0.00000000,0.1247357622,0.1250000000,1,1,15.54876645
2026-02-23T10:15:00-05:00,1083.11333964,1443.34000000,135.26136990,947.85196974,0.40696974,947.44500000,0.00000000,0.1248820091,0.1250000000,1,0,15.54876645
2026-02-23T10:30:00-05:00,1076.61351125,1443.34000000,134.98654151,941.62696974,0.40696974,941.22000000,0.00000000,0.1253806868,0.1250000000,1,0,15.54876645
2026-02-23T10:45:00-05:00,1073.88752455,1443.34000000,134.55139657,939.33612798,939.33612798,0.00000000,0.00000000,0.1252937514,0.1250000000,0,0,0.00000000
2026-02-23T11:00:00-05:00,1073.61269617,1443.34000000,134.27656818,939.33612798,939.33612798,0.00000000,0.00000000,0.1250698400,0.1250000000,0,1,0.00000000
2026-02-23T11:15:00-05:00,1073.60916955,1443.34000000,134.55139657,939.05777298,7.49777298,931.56000000,0.00000000,0.1253262364,0.1250000000,1,0,26.06567633
2026-02-23T11:30:00-05:00,1069.52368138,1443.34000000,134.66590840,934.85777298,7.49777298,927.36000000,0.00000000,0.1259120399,0.1250000000,1,0,26.06567633
2026-02-23T11:45:00-05:00,1071.90535109,1443.34000000,134.52757811,937.37777298,7.49777298,929.88000000,0.00000000,0.1255032247,0.1250000000,1,0,26.06567633
2026-02-23T12:00:00-05:00,1072.70046245,1443.34000000,134.48268947,938.21777298,7.49777298,930.72000000,0.00000000,0.1253683523,0.1250000000,1,0,26.06567633
2026-02-23T12:15:00-05:00,1076.02567665,1443.34000000,134.62010367,941.40557298,7.49777298,933.90780000,0.00000000,0.1251086350,0.1250000000,1,0,26.06567633
2026-02-23T12:30:00-05:00,1084.62465772,1443.34000000,134.43688474,950.18777298,7.49777298,942.69000000,0.00000000,0.1239478411,0.1250000000,1,1,26.06567633
2026-02-23T12:45:00-05:00,1085.76626718,1443.34000000,134.52849420,951.23777298,7.49777298,943.74000000,0.00000000,0.1239018915,0.1250000000,1,0,26.06567633
2026-02-23T13:00:00-05:00,1079.27529084,1443.34000000,134.75751786,944.51777298,7.49777298,937.02000000,0.00000000,0.1248592634,0.1250000000,1,0,26.06567633
2026-02-23T13:15:00-05:00,1082.00141213,1443.34000000,134.96363915,947.03777298,7.49777298,939.54000000,0.00000000,0.1247351784,0.1250000000,1,0,26.06567633
2026-02-23T13:30:00-05:00,1081.49400266,1443.34000000,134.87202968,946.62197298,7.49777298,939.12420000,0.00000000,0.1247089946,0.1250000000,1,0,26.06567633
2026-02-23T13:45:00-05:00,1088.58066245,1443.34000000,134.48268947,954.09797298,7.49777298,946.60020000,0.00000000,0.1235394805,0.1250000000,1,0,26.06567633
2026-02-23T14:00:00-05:00,1085.81207192,1443.34000000,134.57429893,951.23777298,7.49777298,943.74000000,0.00000000,0.1239388495,0.1250000000,1,0,26.06567633
2026-02-23T14:15:00-05:00,1088.53905772,1443.34000000,134.43688474,954.10217298,7.49777298,946.60440000,0.00000000,0.1235021231,0.1250000000,1,0,26.06567633
2026-02-23T14:30:00-05:00,1088.88464353,1443.34000000,134.29947055,954.58517298,7.49777298,947.08740000,0.00000000,0.1233367293,0.1250000000,1,0,26.06567633
2026-02-23T14:45:00-05:00,1083.83434117,1443.34000000,134.27656818,949.55777298,7.49777298,942.06000000,0.00000000,0.1238903060,0.1250000000,1,1,26.06567633
2026-02-23T15:00:00-05:00,1088.01052271,1443.34000000,134.25274972,953.75777298,7.49777298,946.26000000,0.00000000,0.1233928780,0.1250000000,1,1,26.06567633
2026-02-23T15:15:00-05:00,1083.51923400,1443.34000000,134.38146102,949.13777298,7.49777298,941.64000000,0.00000000,0.1240231431,0.1250000000,1,0,26.06567633
2026-02-23T15:30:00-05:00,1079.79511577,1443.34000000,134.43734279,945.35777298,7.49777298,937.86000000,0.00000000,0.1245026402,0.1250000000,1,1,26.06567633
2026-02-23T15:45:00-05:00,1066.11765665,1443.34000000,134.62010367,931.49755298,0.53255298,930.96500000,0.00000000,0.1262713387,0.1250000000,2,1,26.23638083
2026-02-24T09:30:00-05:00,1054.63236614,1443.34000000,135.49039355,919.14197259,7.32197259,911.82000000,0.00000000,0.1284716816,0.1250000000,1,0,26.06567633
2026-02-24T09:45:00-05:00,1054.07495195,1443.34000000,135.35297936,918.72197259,7.32197259,911.40000000,0.00000000,0.1284092551,0.1250000000,1,0,26.06567633
2026-02-24T10:00:00-05:00,1056.22075668,1443.34000000,135.39878409,920.82197259,7.32197259,913.50000000,0.00000000,0.1281917471,0.1250000000,1,0,26.06567633
2026-02-24T10:15:00-05:00,1048.40956734,1443.34000000,135.99424559,912.41532175,912.41532175,0.00000000,0.00000000,0.1297148079,0.1250000000,0,0,0.00000000
2026-02-24T10:30:00-05:00,1048.50163485,1443.34000000,136.08631310,912.41532175,912.41532175,0.00000000,0.00000000,0.1297912264,0.1250000000,0,0,0.00000000
2026-02-24T10:45:00-05:00,1048.36376261,1443.34000000,135.94844086,912.41532175,912.41532175,0.00000000,0.00000000,0.1296767837,0.1250000000,0,0,0.00000000
2026-02-24T11:00:00-05:00,1048.59278626,1443.34000000,136.17746451,912.41532175,912.41532175,0.00000000,0.00000000,0.1298668714,0.1250000000,0,0,0.00000000
2026-02-24T11:15:00-05:00,1048.50117680,1443.34000000,136.08585505,912.41532175,912.41532175,0.00000000,0.00000000,0.1297908463,0.1250000000,0,0,0.00000000
2026-02-24T11:30:00-05:00,1048.45537207,1443.34000000,136.04005032,912.41532175,912.41532175,0.00000000,0.00000000,0.1297528287,0.1250000000,0,0,0.00000000
2026-02-24T11:45:00-05:00,1048.56988390,1443.34000000,136.15456215,912.41532175,912.41532175,0.00000000,0.00000000,0.1298478664,0.1250000000,0,0,0.00000000
2026-02-24T12:00:00-05:00,1048.65920312,1443.34000000,136.24388137,912.41532175,912.41532175,0.00000000,0.00000000,0.1299219813,0.1250000000,0,0,0.00000000
2026-02-24T12:15:00-05:00,1048.68393768,1443.34000000,136.26861592,912.41532175,912.41532175,0.00000000,0.00000000,0.1299425032,0.1250000000,0,0,0.00000000
2026-02-24T12:30:00-05:00,1048.59278626,1443.34000000,136.17746451,912.41532175,912.41532175,0.00000000,0.00000000,0.1298668714,0.1250000000,0,0,0.00000000
2026-02-24T12:45:00-05:00,1048.62713981,1443.34000000,136.21181806,912.41532175,912.41532175,0.00000000,0.00000000,0.1298953774,0.1250000000,0,0,0.00000000
2026-02-24T13:00:00-05:00,1048.66378359,1443.34000000,136.24846184,912.41532175,912.41532175,0.00000000,0.00000000,0.1299257817,0.1250000000,0,0,0.00000000
2026-02-24T13:15:00-05:00,1048.55660052,1443.34000000,136.14127877,912.41532175,912.41532175,0.00000000,0.00000000,0.1298368431,0.1250000000,0,0,0.00000000
2026-02-24T13:30:00-05:00,1048.68439572,1443.34000000,136.26907397,912.41532175,912.41532175,0.00000000,0.00000000,0.1299428832,0.1250000000,0,0,0.00000000
2026-02-24T13:45:00-05:00,1048.66149336,1443.34000000,136.24617161,912.41532175,912.41532175,0.00000000,0.00000000,0.1299238815,0.1250000000,0,0,0.00000000
2026-02-24T14:00:00-05:00,1048.63034614,1443.34000000,136.21502439,912.41532175,912.41532175,0.00000000,0.00000000,0.1298980378,0.1250000000,0,0,0.00000000
2026-02-24T14:15:00-05:00,1048.56988390,1443.34000000,136.15456215,912.41532175,912.41532175,0.00000000,0.00000000,0.1298478664,0.1250000000,0,0,0.00000000
2026-02-24T14:30:00-05:00,1048.63904904,1443.34000000,136.22372729,912.41532175,912.41532175,0.00000000,0.00000000,0.1299052590,0.1250000000,0,0,0.00000000
2026-02-24T14:45:00-05:00,1048.68439572,1443.34000000,136.26907397,912.41532175,912.41532175,0.00000000,0.00000000,0.1299428832,0.1250000000,0,0,0.00000000
2026-02-24T15:00:00-05:00,1048.59278626,1443.34000000,136.17746451,912.41532175,912.41532175,0.00000000,0.00000000,0.1298668714,0.1250000000,0,0,0.00000000
2026-02-24T15:15:00-05:00,1048.64683584,1443.34000000,136.23151409,912.41532175,912.41532175,0.00000000,0.00000000,0.1299117200,0.1250000000,0,0,0.00000000
2026-02-24T15:30:00-05:00,1048.70271761,1443.34000000,136.28739586,912.41532175,912.41532175,0.00000000,0.00000000,0.1299580840,0.1250000000,0,0,0.00000000
2026-02-24T15:45:00-05:00,1048.75310282,1443.34000000,136.33778107,912.41532175,912.41532175,0.00000000,0.00000000,0.1299998834,0.1250000000,0,0,0.00000000
2026-02-25T09:30:00-05:00,1050.01273291,1443.34000000,137.59741116,912.41532175,912.41532175,0.00000000,0.00000000,0.1310435644,0.1250000000,0,6,0.00000000
2026-02-25T09:45:00-05:00,1042.33837772,1443.34000000,138.05545847,904.28291925,0.26171925,904.02120000,0.00000000,0.1324478321,0.1250000000,2,1,18.03242435
2026-02-25T10:00:00-05:00,1042.93189968,1443.34000000,137.90018043,905.03171925,0.26171925,904.77000000,0.00000000,0.1322235713,0.1250000000,2,0,18.03242435
2026-02-25T10:15:00-05:00,1044.44427536,1443.34000000,138.03255611,906.41171925,0.26171925,906.15000000,0.00000000,0.1321588517,0.1250000000,2,2,18.03242435
2026-02-25T10:30:00-05:00,1044.44457093,1443.34000000,137.89285168,906.55171925,0.26171925,906.29000000,0.00000000,0.1320250548,0.1250000000,2,0,18.03242435
2026-02-25T10:45:00-05:00,1048.97038046,1443.34000000,137.81086121,911.15951925,0.26171925,910.89780000,0.00000000,0.1313772665,0.1250000000,2,0,18.03242435
2026-02-25T11:00:00-05:00,1049.94105643,1443.34000000,137.84933718,912.09171925,0.26171925,911.83000000,0.00000000,0.1312924534,0.1250000000,2,2,18.03242435
2026-02-25T11:15:00-05:00,1046.23686116,1443.34000000,137.89514191,908.34171925,0.26171925,908.08000000,0.00000000,0.1318010740,0.1250000000,2,0,18.03242435
2026-02-25T11:30:00-05:00,1047.09637299,1443.34000000,138.00965374,909.08671925,0.26171925,908.82500000,0.00000000,0.1318022460,0.1250000000,2,0,18.03242435
2026-02-25T11:45:00-05:00,1048.07847063,1443.34000000,137.98675138,910.09171925,0.26171925,909.83000000,0.00000000,0.1316568895,0.1250000000,2,0,18.03242435
2026-02-25T12:00:00-05:00,1047.57588482,1443.34000000,138.12416557,909.45171925,0.26171925,909.19000000,0.00000000,0.1318512268,0.1250000000,2,1,18.03242435
2026-02-25T12:15:00-05:00,1046.43393470,1443.34000000,138.08431545,908.34961925,0.26171925,908.08790000,0.00000000,0.1319570313,0.1250000000,2,0,18.03242435
2026-02-25T12:30:00-05:00,1045.61324050,1443.34000000,138.10172125,907.51151925,0.26171925,907.24980000,0.00000000,0.1320772499,0.1250000000,2,0,18.03242435
2026-02-25T12:45:00-05:00,1045.87959191,1443.34000000,138.19287266,907.68671925,0.26171925,907.42500000,0.00000000,0.1321307670,0.1250000000,2,0,18.03242435
2026-02-25T13:00:00-05:00,1044.52878718,1443.34000000,138.14706793,906.38171925,0.26171925,906.12000000,0.00000000,0.1322577890,0.1250000000,2,0,18.03242435
2026-02-25T13:15:00-05:00,1043.72588482,1443.34000000,138.12416557,905.60171925,0.26171925,905.34000000,0.00000000,0.1323375875,0.1250000000,2,0,18.03242435
2026-02-25T13:30:00-05:00,1043.48584416,1443.34000000,138.17592491,905.30991925,0.26171925,905.04820000,0.00000000,0.1324176324,0.1250000000,2,0,18.03242435
2026-02-25T13:45:00-05:00,1043.39749428,1443.34000000,138.21577503,905.18171925,0.26171925,904.92000000,0.00000000,0.1324670375,0.1250000000,2,1,18.03242435
2026-02-25T14:00:00-05:00,1042.64620138,1443.34000000,138.28448212,904.36171925,0.26171925,904.10000000,0.00000000,0.1326283853,0.1250000000,2,0,18.03242435
2026-02-25T14:15:00-05:00,1041.23910374,1443.34000000,138.30738449,902.93171925,0.26171925,902.67000000,0.00000000,0.1328296104,0.1250000000,2,0,18.03242435
2026-02-25T14:30:00-05:00,1042.62620138,1443.34000000,138.28448212,904.34171925,0.26171925,904.08000000,0.00000000,0.1326309294,0.1250000000,2,0,18.03242435
2026-02-25T14:45:00-05:00,1041.64910374,1443.34000000,138.30738449,903.34171925,0.26171925,903.08000000,0.00000000,0.1327773278,0.1250000000,2,1,18.03242435
2026-02-25T15:00:00-05:00,1037.76200611,1443.34000000,138.33028686,899.43171925,0.26171925,899.17000000,0.00000000,0.1332967347,0.1250000000,2,1,18.03242435
2026-02-25T15:15:00-05:00,1034.21799298,1443.34000000,138.33028686,895.88770612,842.24770612,53.64000000,0.00000000,0.1337535102,0.1250000000,1,1,1.87677718
2026-02-25T15:30:00-05:00,1034.22949151,1443.34000000,138.30738449,895.92210702,19.23210702,876.69000000,0.00000000,0.1337298787,0.1250000000,2,0,10.55396134
2026-02-25T15:45:00-05:00,1034.64690571,1443.34000000,138.44479868,896.20210702,19.23210702,876.97000000,0.00000000,0.1338087399,0.1250000000,2,1,10.55396134
2026-02-26T09:30:00-05:00,1035.42711279,1443.34000000,128.64699596,906.78011683,78.88691683,827.89320000,0.00000000,0.1242453422,0.1250000000,1,5,8.67718416
2026-02-26T09:45:00-05:00,1037.11920858,1443.34000000,128.30244424,908.81676433,0.75836433,908.05840000,0.00000000,0.1237104117,0.1250000000,2,2,2.01731872
2026-02-26T10:00:00-05:00,1036.85117412,1443.34000000,127.65640978,909.19476433,0.75836433,908.43640000,0.00000000,0.1231193183,0.1250000000,2,1,1.94906794
2026-02-26T10:15:00-05:00,1027.92621101,1443.34000000,126.96730635,900.95890466,823.07390466,77.88500000,0.00000000,0.1235179189,0.1250000000,1,2,1.86620871
2026-02-26T10:30:00-05:00,1025.32538772,1443.34000000,127.31185807,898.01352966,1.95852966,896.05500000,0.00000000,0.1241672737,0.1250000000,2,3,21.93323384
2026-02-26T10:45:00-05:00,1022.96652565,1443.34000000,127.39799600,895.56852966,1.95852966,893.61000000,0.00000000,0.1245377955,0.1250000000,2,3,21.93323384
2026-02-26T11:00:00-05:00,1021.18222703,1443.34000000,127.59869737,893.58352966,1.95852966,891.62500000,0.00000000,0.1249519371,0.1250000000,2,1,21.93323384
2026-02-26T11:15:00-05:00,1023.08300840,1443.34000000,127.69947875,895.38352966,1.95852966,893.42500000,0.00000000,0.1248182969,0.1250000000,2,1,21.93323384
2026-02-26T11:30:00-05:00,1031.47259462,1443.34000000,127.44106496,904.03152966,1.95852966,902.07300000,0.00000000,0.1235525458,0.1250000000,2,0,21.93323384
2026-02-26T11:45:00-05:00,1039.63924980,1443.34000000,127.22572014,912.41352966,1.95852966,910.45500000,0.00000000,0.1223748720,0.1250000000,2,0,21.93323384
2026-02-26T12:00:00-05:00,1038.82538772,1443.34000000,127.31185807,911.51352966,1.95852966,909.55500000,0.00000000,0.1225536645,0.1250000000,2,0,21.93323384
2026-02-26T12:15:00-05:00,1036.56924980,1443.34000000,127.22572014,909.34352966,1.95852966,907.38500000,0.00000000,0.1227373088,0.1250000000,2,0,21.93323384
2026-02-26T12:30:00-05:00,1039.22983463,1443.34000000,127.14130497,912.08852966,1.95852966,910.13000000,0.00000000,0.1223418543,0.1250000000,2,0,21.93323384
2026-02-26T12:45:00-05:00,1037.98418152,1443.34000000,127.09565187,910.88852966,1.95852966,908.93000000,0.00000000,0.1224446905,0.1250000000,2,0,21.93323384
2026-02-26T13:00:00-05:00,1038.47295912,1443.34000000,126.92552946,911.54742966,1.95852966,909.58890000,0.00000000,0.1222232398,0.1250000000,2,0,21.93323384
2026-02-26T13:15:00-05:00,1035.91390498,1443.34000000,127.01037532,908.90352966,1.95852966,906.94500000,0.00000000,0.1226070764,0.1250000000,2,0,21.93323384
2026-02-26T13:30:00-05:00,1029.28459462,1443.34000000,127.44106496,901.84352966,1.95852966,899.88500000,0.00000000,0.1238151874,0.1250000000,2,2,21.93323384
2026-02-26T13:45:00-05:00,1028.49959462,1443.34000000,127.44106496,901.05852966,1.95852966,899.10000000,0.00000000,0.1239096891,0.1250000000,2,1,21.93323384
2026-02-26T14:00:00-05:00,1024.73289426,1443.34000000,127.73436461,896.99852966,1.95852966,895.04000000,0.00000000,0.1246513753,0.1250000000,2,0,21.93323384
2026-02-26T14:15:00-05:00,1027.26147392,1443.34000000,127.67794426,899.58352966,1.95852966,897.62500000,0.00000000,0.1242896259,0.1250000000,2,1,21.93323384
2026-02-26T14:30:00-05:00,1026.72607737,1443.34000000,127.74254771,898.98352966,1.95852966,897.02500000,0.00000000,0.1244173597,0.1250000000,2,1,21.93323384
2026-02-26T14:45:00-05:00,1028.84028426,1443.34000000,127.87175460,900.96852966,1.95852966,899.01000000,0.00000000,0.1242872743,0.1250000000,2,1,21.93323384
2026-02-26T15:00:00-05:00,1030.13312254,1443.34000000,127.66459288,902.46852966,1.95852966,900.51000000,0.00000000,0.1239301893,0.1250000000,2,2,21.93323384
2026-02-26T15:15:00-05:00,1028.86033599,1443.34000000,127.59180633,901.26852966,1.95852966,899.31000000,0.00000000,0.1240127565,0.1250000000,2,3,21.93323384
2026-02-26T15:30:00-05:00,1024.66182461,1443.34000000,127.77829495,896.88352966,1.95852966,894.92500000,0.00000000,0.1247028940,0.1250000000,2,3,21.93323384
2026-02-26T15:45:00-05:00,1027.13528426,1443.34000000,127.87175460,899.26352966,1.95852966,897.30500000,0.00000000,0.1244935858,0.1250000000,2,4,21.93323384
2026-02-27T09:30:00-05:00,1046.09427223,1443.34000000,126.81699567,919.27727656,0.92727656,918.35000000,0.00000000,0.1212290317,0.1250000000,2,1,4.31863606
2026-02-27T09:45:00-05:00,1044.05844498,1443.34000000,126.88116843,917.17727656,0.92727656,916.25000000,0.00000000,0.1215268829,0.1250000000,2,0,4.31863606
2026-02-27T10:00:00-05:00,1038.48913463,1443.34000000,127.31185807,911.17727656,0.92727656,910.25000000,0.00000000,0.1225933463,0.1250000000,2,2,4.31863606
2026-02-27T10:15:00-05:00,1034.22956086,1443.34000000,127.26878910,906.96077176,828.86077176,78.10000000,0.00000000,0.1230566152,0.1250000000,1,1,4.31863606
2026-02-27T10:30:00-05:00,1022.37155797,1443.34000000,127.44106496,894.93049301,134.63549301,760.29500000,0.00000000,0.1246523966,0.1250000000,2,1,35.26862798
2026-02-27T10:45:00-05:00,1011.02933268,1443.34000000,127.43029772,883.59903496,2.45903496,881.14000000,0.00000000,0.1260401589,0.1250000000,3,0,41.05788659
2026-02-27T11:00:00-05:00,1007.68049992,1443.34000000,127.44106496,880.23943496,2.45903496,877.78040000,0.00000000,0.1264697143,0.1250000000,3,0,41.05788659
2026-02-27T11:15:00-05:00,999.92586133,1443.34000000,127.39799600,872.52786533,665.23686533,207.29100000,0.00000000,0.1274074418,0.1250000000,2,0,10.10789468
2026-02-27T11:30:00-05:00,997.23411995,1443.34000000,127.24725462,869.98686533,665.23686533,204.75000000,0.00000000,0.1276001814,0.1250000000,2,0,10.10789468
2026-02-27T11:45:00-05:00,997.90088924,1443.34000000,127.44106496,870.45982428,739.07142428,131.38840000,0.00000000,0.1277091406,0.1250000000,1,0,5.78925861
2026-02-27T12:00:00-05:00,998.18095476,1443.34000000,127.41953048,870.76142428,739.07142428,131.69000000,0.00000000,0.1276517348,0.1250000000,1,0,5.78925861
2026-02-27T12:15:00-05:00,997.61788580,1443.34000000,127.37646151,870.24142428,739.07142428,131.17000000,0.00000000,0.1276806113,0.1250000000,1,0,5.78925861
2026-02-27T12:30:00-05:00,993.78328235,1443.34000000,127.31185807,866.47142428,739.07142428,127.40000000,0.00000000,0.1281082710,0.1250000000,1,0,5.78925861
2026-02-27T12:45:00-05:00,994.34635132,1443.34000000,127.35492703,866.99142428,739.07142428,127.92000000,0.00000000,0.1280790409,0.1250000000,1,0,5.78925861
2026-02-27T13:00:00-05:00,993.97867891,1443.34000000,127.24725462,866.73142428,739.07142428,127.66000000,0.00000000,0.1280180927,0.1250000000,1,0,5.78925861
2026-02-27T13:15:00-05:00,992.58955346,1443.34000000,127.22572014,865.36383332,865.36383332,0.00000000,0.00000000,0.1281755583,0.1250000000,0,0,0.00000000
2026-02-27T13:30:00-05:00,992.63262243,1443.34000000,127.26878910,865.36383332,865.36383332,0.00000000,0.00000000,0.1282133855,0.1250000000,0,0,0.00000000
2026-02-27T13:45:00-05:00,992.56026657,1443.34000000,127.19643324,865.36383332,865.36383332,0.00000000,0.00000000,0.1281498338,0.1250000000,0,0,0.00000000
2026-02-27T14:00:00-05:00,992.61108794,1443.34000000,127.24725462,865.36383332,865.36383332,0.00000000,0.00000000,0.1281944723,0.1250000000,0,1,0.00000000
2026-02-27T14:15:00-05:00,990.35714243,1443.34000000,127.26878910,863.08835332,4.07835332,859.01000000,0.00000000,0.1285079732,0.1250000000,1,0,29.77257433
2026-02-27T14:30:00-05:00,988.59750484,1443.34000000,127.13915152,861.45835332,4.07835332,857.38000000,0.00000000,0.1286055760,0.1250000000,1,1,29.77257433
2026-02-27T14:45:00-05:00,983.80397013,1443.34000000,127.20418566,856.59978447,0.38378447,856.21600000,0.00000000,0.1292983049,0.1250000000,2,1,29.98015305
2026-02-27T15:00:00-05:00,989.00001840,1443.34000000,127.48413392,861.51588447,0.38378447,861.13210000,0.00000000,0.1289020541,0.1250000000,2,3,29.98015305
2026-02-27T15:15:00-05:00,990.65052184,1443.34000000,127.54873737,863.10178447,0.38378447,862.71800000,0.00000000,0.1287525061,0.1250000000,2,3,29.98015305
2026-02-27T15:30:00-05:00,986.25284599,1443.34000000,127.37646151,858.87638447,0.38378447,858.49260000,0.00000000,0.1291519330,0.1250000000,2,2,29.98015305
2026-02-27T15:45:00-05:00,995.67866322,1443.34000000,127.69947875,867.97918447,0.38378447,867.59540000,0.00000000,0.1282537062,0.1250000000,2,4,29.98015305
2026-03-02T09:30:00-05:00,1170.97482247,1443.34000000,126.79503050,1044.17979197,6.05979197,1038.12000000,0.00000000,0.1082816027,0.1250000000,1,5,17.95534196
2026-03-02T09:45:00-05:00,1167.00747488,1443.34000000,126.92768291,1040.07979197,6.05979197,1034.02000000,0.00000000,0.1087633847,0.1250000000,1,1,17.95534196
2026-03-02T10:00:00-05:00,1186.30576590,1443.34000000,127.38421393,1058.92155197,0.93595197,1057.98560000,0.00000000,0.1073789048,0.1250000000,2,4,18.16012449
2026-03-02T10:15:00-05:00,1185.87939625,1443.34000000,127.05344428,1058.82595197,0.93595197,1057.89000000,0.00000000,0.1071385882,0.1250000000,2,0,0.20478253
2026-03-02T10:30:00-05:00,1188.29048245,1443.34000000,127.41953048,1060.87095197,0.93595197,1059.93500000,0.00000000,0.1072292780,0.1250000000,2,2,0.20478253
2026-03-02T10:45:00-05:00,1196.82587900,1443.34000000,127.35492703,1069.47095197,0.93595197,1068.53500000,0.00000000,0.1064105726,0.1250000000,2,2,0.20478253
2026-03-02T11:00:00-05:00,1201.83746297,1443.34000000,127.61334082,1074.22412216,1069.19912216,5.02500000,0.00000000,0.1061818630,0.1250000000,1,1,0.20478253
2026-03-02T11:15:00-05:00,1200.54224467,1443.34000000,127.03750877,1073.50473591,135.98473591,937.52000000,0.00000000,0.1058167752,0.1250000000,2,0,36.22702543
2026-03-02T11:30:00-05:00,1216.04881810,1443.34000000,127.76408219,1088.28473591,135.98473591,952.30000000,0.00000000,0.1050649286,0.1250000000,2,0,36.22702543
2026-03-02T11:45:00-05:00,1205.58649051,1443.34000000,127.87175460,1077.71473591,135.98473591,941.73000000,0.00000000,0.1060660148,0.1250000000,2,0,36.22702543
2026-03-02T12:00:00-05:00,1202.56768017,1443.34000000,127.80284426,1074.76483591,135.98473591,938.78010000,0.00000000,0.1062749701,0.1250000000,2,0,36.22702543
2026-03-02T12:15:00-05:00,1192.91955947,1443.34000000,127.91482357,1065.00473591,135.98473591,929.02000000,0.00000000,0.1072283731,0.1250000000,2,0,36.22702543
2026-03-02T12:30:00-05:00,1186.64531834,1443.34000000,127.96521425,1058.68010408,140.90010408,917.78000000,0.00000000,0.1078377947,0.1250000000,1,0,36.02224290
2026-03-02T12:45:00-05:00,1190.86048661,1443.34000000,127.97038253,1062.89010408,140.90010408,921.99000000,0.00000000,0.1074604322,0.1250000000,1,3,36.02224290
2026-03-02T13:00:00-05:00,1188.50228661,1443.34000000,127.97038253,1060.53190408,3.19690408,1057.33500000,0.00000000,0.1076736528,0.1250000000,3,0,40.32087221
2026-03-02T13:15:00-05:00,1181.84326213,1443.34000000,127.93635805,1053.90690408,3.19690408,1050.71000000,0.00000000,0.1082515441,0.1250000000,3,0,40.32087221
2026-03-02T13:30:00-05:00,1184.06252076,1443.34000000,127.78561667,1056.27690408,3.19690408,1053.08000000,0.00000000,0.1079213424,0.1250000000,3,0,40.32087221
2026-03-02T13:45:00-05:00,1176.77275490,1443.34000000,127.60085082,1049.17190408,3.19690408,1045.97500000,0.00000000,0.1084328731,0.1250000000,3,0,40.32087221
2026-03-02T14:00:00-05:00,1172.64546742,1443.34000000,127.95789253,1044.68757489,108.95257489,935.73500000,0.00000000,0.1091189930,0.1250000000,2,0,36.80396679
2026-03-02T14:15:00-05:00,1172.94276327,1443.34000000,128.10518839,1044.83757489,108.95257489,935.88500000,0.00000000,0.1092169136,0.1250000000,2,1,36.80396679
2026-03-02T14:30:00-05:00,1170.51401280,1443.34000000,128.11035666,1042.40365614,0.84655614,1041.55710000,0.00000000,0.1094479479,0.1250000000,3,3,40.16033578
2026-03-02T14:45:00-05:00,1170.40172452,1443.34000000,128.13016839,1042.27155614,0.84655614,1041.42500000,0.00000000,0.1094753756,0.1250000000,3,0,40.16033578
2026-03-02T15:00:00-05:00,1172.36736247,1443.34000000,127.59180633,1044.77555614,0.84655614,1043.92900000,0.00000000,0.1088326155,0.1250000000,3,2,40.16033578
2026-03-02T15:15:00-05:00,1175.39256936,1443.34000000,127.72101323,1047.67155614,0.84655614,1046.82500000,0.00000000,0.1086624304,0.1250000000,3,1,40.16033578
2026-03-02T15:30:00-05:00,1186.07657281,1443.34000000,127.78561667,1058.29095614,0.84655614,1057.44440000,0.00000000,0.1077380834,0.1250000000,3,3,40.16033578
2026-03-02T15:45:00-05:00,1197.15331074,1443.34000000,127.87175460,1069.28155614,0.84655614,1068.43500000,0.00000000,0.1068131821,0.1250000000,3,3,40.16033578
2026-03-03T09:30:00-05:00,1129.46839328,1443.34000000,125.37375468,1004.09463859,975.63463859,28.46000000,0.00000000,0.1110024463,0.1250000000,1,0,0.78172389
2026-03-03T09:45:00-05:00,1128.83685879,1443.34000000,125.35222020,1003.48463859,975.63463859,27.85000000,0.00000000,0.1110454706,0.1250000000,1,0,0.78172389
2026-03-03T10:00:00-05:00,1129.26592776,1443.34000000,125.39528916,1003.87063859,975.63463859,28.23600000,0.00000000,0.1110414173,0.1250000000,1,0,0.78172389
2026-03-03T10:15:00-05:00,1128.64235881,1443.34000000,124.72772022,1003.91463859,975.63463859,28.28000000,0.00000000,0.1105112875,0.1250000000,1,0,0.78172389
2026-03-03T10:30:00-05:00,1128.62164156,1443.34000000,125.02920297,1003.59243859,975.63463859,27.95780000,0.00000000,0.1107804408,0.1250000000,1,0,0.78172389
2026-03-03T10:45:00-05:00,1128.85108328,1443.34000000,125.13644469,1003.71463859,975.63463859,28.08000000,0.00000000,0.1108529252,0.1250000000,1,0,0.78172389
2026-03-03T11:00:00-05:00,1129.73734843,1443.34000000,125.78290984,1003.95443859,975.63463859,28.31980000,0.00000000,0.1113381885,0.1250000000,1,0,0.78172389
2026-03-03T11:15:00-05:00,1129.70729429,1443.34000000,125.99265570,1003.71463859,975.63463859,28.08000000,0.00000000,0.1115268144,0.1250000000,1,0,0.78172389
2026-03-03T11:30:00-05:00,1129.92210015,1443.34000000,126.12746155,1003.79463859,975.63463859,28.16000000,0.00000000,0.1116249178,0.1250000000,1,0,0.78172389
2026-03-03T11:45:00-05:00,1129.66977256,1443.34000000,126.23513396,1003.43463859,975.63463859,27.80000000,0.00000000,0.1117451640,0.1250000000,1,0,0.78172389
2026-03-03T12:00:00-05:00,1129.82056567,1443.34000000,126.10592707,1003.71463859,975.63463859,28.08000000,0.00000000,0.1116158892,0.1250000000,1,0,0.78172389
2026-03-03T12:15:00-05:00,1130.30671049,1443.34000000,126.32127189,1003.98543859,975.63463859,28.35080000,0.00000000,0.1117584021,0.1250000000,1,0,0.78172389
2026-03-03T12:30:00-05:00,1130.29591049,1443.34000000,126.32127189,1003.97463859,975.63463859,28.34000000,0.00000000,0.1117594700,0.1250000000,1,0,0.78172389
2026-03-03T12:45:00-05:00,1130.37612463,1443.34000000,126.16148603,1004.21463859,975.63463859,28.58000000,0.00000000,0.1116101829,0.1250000000,1,0,0.78172389
2026-03-03T13:00:00-05:00,1130.61744497,1443.34000000,126.34280637,1004.27463859,975.63463859,28.64000000,0.00000000,0.1117467336,0.1250000000,1,0,0.78172389
2026-03-03T13:15:00-05:00,1130.99332875,1443.34000000,126.63869016,1004.35463859,975.63463859,28.72000000,0.00000000,0.1119712088,0.1250000000,1,0,0.78172389
2026-03-03T13:30:00-05:00,1131.02660013,1443.34000000,126.75196153,1004.27463859,975.63463859,28.64000000,0.00000000,0.1120680641,0.1250000000,1,0,0.78172389
2026-03-03T13:45:00-05:00,1131.01785220,1443.34000000,126.80321360,1004.21463859,975.63463859,28.58000000,0.00000000,0.1121142459,0.1250000000,1,0,0.78172389
2026-03-03T14:00:00-05:00,1130.80353116,1443.34000000,126.70889257,1004.09463859,975.63463859,28.46000000,0.00000000,0.1120520843,0.1250000000,1,0,0.78172389
2026-03-03T14:15:00-05:00,1130.68353116,1443.34000000,126.70889257,1003.97463859,975.63463859,28.34000000,0.00000000,0.1120639764,0.1250000000,1,0,0.78172389
2026-03-03T14:30:00-05:00,1130.97273806,1443.34000000,126.83809946,1004.13463859,975.63463859,28.50000000,0.00000000,0.1121495640,0.1250000000,1,0,0.78172389
2026-03-03T14:45:00-05:00,1130.92966909,1443.34000000,126.79503050,1004.13463859,975.63463859,28.50000000,0.00000000,0.1121157522,0.1250000000,1,0,0.78172389
2026-03-03T15:00:00-05:00,1130.90966909,1443.34000000,126.79503050,1004.11463859,975.63463859,28.48000000,0.00000000,0.1121177349,0.1250000000,1,0,0.78172389
2026-03-03T15:15:00-05:00,1130.81966909,1443.34000000,126.79503050,1004.02463859,975.63463859,28.39000000,0.00000000,0.1121266582,0.1250000000,1,0,0.78172389
2026-03-03T15:30:00-05:00,1130.51966909,1443.34000000,126.79503050,1003.72463859,975.63463859,28.09000000,0.00000000,0.1121564126,0.1250000000,1,0,0.78172389
2026-03-03T15:45:00-05:00,1130.61813461,1443.34000000,126.77349602,1003.84463859,975.63463859,28.21000000,0.00000000,0.1121275983,0.1250000000,1,0,0.78172389
2026-03-04T09:30:00-05:00,1132.49102770,1443.34000000,127.26878910,1005.22223859,975.63463859,29.58760000,0.00000000,0.1123795121,0.1250000000,1,0,0.00000000
2026-03-04T09:45:00-05:00,1132.40491045,1443.34000000,127.57027185,1004.83463859,975.63463859,29.20000000,0.00000000,0.1126542906,0.1250000000,1,0,0.00000000
2026-03-04T10:00:00-05:00,1132.88639320,1443.34000000,127.87175460,1005.01463859,975.63463859,29.38000000,0.00000000,0.1128725311,0.1250000000,1,0,0.00000000
2026-03-04T10:15:00-05:00,1133.19015180,1443.34000000,128.34551321,1004.84463859,975.63463859,29.21000000,0.00000000,0.1132603500,0.1250000000,1,0,0.00000000
2026-03-04T10:30:00-05:00,1132.61823602,1443.34000000,128.19477183,1004.42346419,1004.42346419,0.00000000,0.00000000,0.1131844498,0.1250000000,0,0,0.00000000
2026-03-04T10:45:00-05:00,1132.79568016,1443.34000000,128.37221597,1004.42346419,1004.42346419,0.00000000,0.00000000,0.1133233629,0.1250000000,0,0,0.00000000
2026-03-04T11:00:00-05:00,1132.61823602,1443.34000000,128.19477183,1004.42346419,1004.42346419,0.00000000,0.00000000,0.1131844498,0.1250000000,0,0,0.00000000
2026-03-04T11:15:00-05:00,1132.74744292,1443.34000000,128.32397873,1004.42346419,1004.42346419,0.00000000,0.00000000,0.1132856044,0.1250000000,0,0,0.00000000
2026-03-04T11:30:00-05:00,1132.87664981,1443.34000000,128.45318562,1004.42346419,1004.42346419,0.00000000,0.00000000,0.1133867360,0.1250000000,0,0,0.00000000
2026-03-04T11:45:00-05:00,1132.85511533,1443.34000000,128.43165114,1004.42346419,1004.42346419,0.00000000,0.00000000,0.1133698823,0.1250000000,0,0,0.00000000
2026-03-04T12:00:00-05:00,1132.91971877,1443.34000000,128.49625458,1004.42346419,1004.42346419,0.00000000,0.00000000,0.1134204414,0.1250000000,0,0,0.00000000
2026-03-04T12:15:00-05:00,1132.85856084,1443.34000000,128.43509665,1004.42346419,1004.42346419,0.00000000,0.00000000,0.1133725790,0.1250000000,0,0,0.00000000
2026-03-04T12:30:00-05:00,1132.91971877,1443.34000000,128.49625458,1004.42346419,1004.42346419,0.00000000,0.00000000,0.1134204414,0.1250000000,0,0,0.00000000
2026-03-04T12:45:00-05:00,1132.91971877,1443.34000000,128.49625458,1004.42346419,1004.42346419,0.00000000,0.00000000,0.1134204414,0.1250000000,0,0,0.00000000
2026-03-04T13:00:00-05:00,1132.89818429,1443.34000000,128.47472010,1004.42346419,1004.42346419,0.00000000,0.00000000,0.1134035890,0.1250000000,0,0,0.00000000
2026-03-04T13:15:00-05:00,1132.98432222,1443.34000000,128.56085803,1004.42346419,1004.42346419,0.00000000,0.00000000,0.1134709947,0.1250000000,0,0,0.00000000
2026-03-04T13:30:00-05:00,1133.00585670,1443.34000000,128.58239251,1004.42346419,1004.42346419,0.00000000,0.00000000,0.1134878445,0.1250000000,0,0,0.00000000
2026-03-04T13:45:00-05:00,1132.98432222,1443.34000000,128.56085803,1004.42346419,1004.42346419,0.00000000,0.00000000,0.1134709947,0.1250000000,0,0,0.00000000
2026-03-04T14:00:00-05:00,1132.98432222,1443.34000000,128.56085803,1004.42346419,1004.42346419,0.00000000,0.00000000,0.1134709947,0.1250000000,0,0,0.00000000
2026-03-04T14:15:00-05:00,1133.00585670,1443.34000000,128.58239251,1004.42346419,1004.42346419,0.00000000,0.00000000,0.1134878445,0.1250000000,0,0,0.00000000
2026-03-04T14:30:00-05:00,1133.02739118,1443.34000000,128.60392699,1004.42346419,1004.42346419,0.00000000,0.00000000,0.1135046937,0.1250000000,0,0,0.00000000
2026-03-04T14:45:00-05:00,1133.02739118,1443.34000000,128.60392699,1004.42346419,1004.42346419,0.00000000,0.00000000,0.1135046937,0.1250000000,0,0,0.00000000
2026-03-04T15:00:00-05:00,1133.00585670,1443.34000000,128.58239251,1004.42346419,1004.42346419,0.00000000,0.00000000,0.1134878445,0.1250000000,0,0,0.00000000
2026-03-04T15:15:00-05:00,1133.00887153,1443.34000000,128.58540734,1004.42346419,1004.42346419,0.00000000,0.00000000,0.1134902034,0.1250000000,0,0,0.00000000
2026-03-04T15:30:00-05:00,1133.00198049,1443.34000000,128.57851630,1004.42346419,1004.42346419,0.00000000,0.00000000,0.1134848116,0.1250000000,0,0,0.00000000
2026-03-04T15:45:00-05:00,1133.02739118,1443.34000000,128.60392699,1004.42346419,1004.42346419,0.00000000,0.00000000,0.1135046937,0.1250000000,0,0,0.00000000
2026-03-05T09:30:00-05:00,1132.01747363,1443.34000000,141.98461547,990.03285816,990.03285816,0.00000000,0.00000000,0.1254261695,0.1250000000,0,0,0.00000000
2026-03-05T09:45:00-05:00,1132.52088016,1443.34000000,142.48802201,990.03285816,990.03285816,0.00000000,0.00000000,0.1258149183,0.1250000000,0,0,0.00000000
2026-03-05T10:00:00-05:00,1132.42499320,1443.34000000,142.39213505,990.03285816,990.03285816,0.00000000,0.00000000,0.1257408975,0.1250000000,0,0,0.00000000
2026-03-05T10:15:00-05:00,1131.53803883,1443.34000000,141.50518067,990.03285816,990.03285816,0.00000000,0.00000000,0.1250556109,0.1250000000,0,0,0.00000000
2026-03-05T10:30:00-05:00,1131.70584101,1443.34000000,141.67298285,990.03285816,990.03285816,0.00000000,0.00000000,0.1251853421,0.1250000000,0,0,0.00000000
2026-03-05T10:45:00-05:00,1131.94555841,1443.34000000,141.91270025,990.03285816,990.03285816,0.00000000,0.00000000,0.1253706057,0.1250000000,0,0,0.00000000
2026-03-05T11:00:00-05:00,1131.51406709,1443.34000000,141.48120893,990.03285816,990.03285816,0.00000000,0.00000000,0.1250370747,0.1250000000,0,0,0.00000000
2026-03-05T11:15:00-05:00,1131.37023665,1443.34000000,141.33737849,990.03285816,990.03285816,0.00000000,0.00000000,0.1249258412,0.1250000000,0,0,0.00000000
2026-03-05T11:30:00-05:00,1131.56201057,1443.34000000,141.52915241,990.03285816,990.03285816,0.00000000,0.00000000,0.1250741463,0.1250000000,0,0,0.00000000
2026-03-05T11:45:00-05:00,1131.82569971,1443.34000000,141.79284155,990.03285816,990.03285816,0.00000000,0.00000000,0.1252779837,0.1250000000,0,0,0.00000000
2026-03-05T12:00:00-05:00,1131.70584101,1443.34000000,141.67298285,990.03285816,990.03285816,0.00000000,0.00000000,0.1251853421,0.1250000000,0,0,0.00000000
2026-03-05T12:15:00-05:00,1131.17846273,1443.34000000,141.14560457,990.03285816,990.03285816,0.00000000,0.00000000,0.1247774858,0.1250000000,0,0,0.00000000
2026-03-05T12:30:00-05:00,1130.69902793,1443.34000000,140.66616977,990.03285816,990.03285816,0.00000000,0.00000000,0.1244063772,0.1250000000,0,0,0.00000000
2026-03-05T12:45:00-05:00,1130.50725401,1443.34000000,140.47439585,990.03285816,990.03285816,0.00000000,0.00000000,0.1242578456,0.1250000000,0,0,0.00000000
2026-03-05T13:00:00-05:00,1130.91477359,1443.34000000,140.88191543,990.03285816,990.03285816,0.00000000,0.00000000,0.1245734150,0.1250000000,0,0,0.00000000
2026-03-05T13:15:00-05:00,1130.41136705,1443.34000000,140.37850890,990.03285816,990.03285816,0.00000000,0.00000000,0.1241835609,0.1250000000,0,0,0.00000000
2026-03-05T13:30:00-05:00,1130.74697141,1443.34000000,140.71411325,990.03285816,990.03285816,0.00000000,0.00000000,0.1244435022,0.1250000000,0,0,0.00000000
2026-03-05T13:45:00-05:00,1130.60266154,1443.34000000,140.56980338,990.03285816,990.03285816,0.00000000,0.00000000,0.1243317464,0.1250000000,0,0,0.00000000
2026-03-05T14:00:00-05:00,1130.72539684,1443.34000000,140.69253869,990.03285816,990.03285816,0.00000000,0.00000000,0.1244267964,0.1250000000,0,0,0.00000000
2026-03-05T14:15:00-05:00,1130.65108445,1443.34000000,140.61822629,990.03285816,990.03285816,0.00000000,0.00000000,0.1243692490,0.1250000000,0,0,0.00000000
2026-03-05T14:30:00-05:00,1130.69902793,1443.34000000,140.66616977,990.03285816,990.03285816,0.00000000,0.00000000,0.1244063772,0.1250000000,0,0,0.00000000
2026-03-05T14:45:00-05:00,1130.69902793,1443.34000000,140.66616977,990.03285816,990.03285816,0.00000000,0.00000000,0.1244063772,0.1250000000,0,0,0.00000000
2026-03-05T15:00:00-05:00,1131.05860403,1443.34000000,141.02574587,990.03285816,990.03285816,0.00000000,0.00000000,0.1246847381,0.1250000000,0,0,0.00000000
2026-03-05T15:15:00-05:00,1131.37023665,1443.34000000,141.33737849,990.03285816,990.03285816,0.00000000,0.00000000,0.1249258412,0.1250000000,0,0,0.00000000
2026-03-05T15:30:00-05:00,1131.37023665,1443.34000000,141.33737849,990.03285816,990.03285816,0.00000000,0.00000000,0.1249258412,0.1250000000,0,0,0.00000000
2026-03-05T15:45:00-05:00,1131.82569971,1443.34000000,141.79284155,990.03285816,990.03285816,0.00000000,0.00000000,0.1252779837,0.1250000000,0,0,0.00000000
2026-03-06T09:30:00-05:00,1130.70071029,1443.34000000,139.82715888,990.87355142,990.87355142,0.00000000,0.00000000,0.1236641647,0.1250000000,0,0,0.00000000
2026-03-06T09:45:00-05:00,1130.72468203,1443.34000000,139.85113062,990.87355142,990.87355142,0.00000000,0.00000000,0.1236827433,0.1250000000,0,0,0.00000000
2026-03-06T10:00:00-05:00,1131.22808857,1443.34000000,140.35453716,990.87355142,990.87355142,0.00000000,0.00000000,0.1240727123,0.1250000000,0,0,0.00000000
2026-03-06T10:15:00-05:00,1131.32253723,1443.34000000,140.44898581,990.87355142,990.87355142,0.00000000,0.00000000,0.1241458392,0.1250000000,0,0,0.00000000
2026-03-06T10:30:00-05:00,1131.55458367,1443.34000000,140.68103225,990.87355142,990.87355142,0.00000000,0.00000000,0.1243254495,0.1250000000,0,0,0.00000000
2026-03-06T10:45:00-05:00,1131.68355163,1443.34000000,140.81000021,990.87355142,990.87355142,0.00000000,0.00000000,0.1244252424,0.1250000000,0,0,0.00000000
2026-03-06T11:00:00-05:00,1131.44431367,1443.34000000,140.57076225,990.87355142,990.87355142,0.00000000,0.00000000,0.1242401067,0.1250000000,0,0,0.00000000
2026-03-06T11:15:00-05:00,1131.53972119,1443.34000000,140.66616977,990.87355142,990.87355142,0.00000000,0.00000000,0.1243139477,0.1250000000,0,0,0.00000000
2026-03-06T11:30:00-05:00,1131.63560815,1443.34000000,140.76205673,990.87355142,990.87355142,0.00000000,0.00000000,0.1243881473,0.1250000000,0,0,0.00000000
2026-03-06T11:45:00-05:00,1131.77943859,1443.34000000,140.90588717,990.87355142,990.87355142,0.00000000,0.00000000,0.1244994231,0.1250000000,0,0,0.00000000
2026-03-06T12:00:00-05:00,1131.55841915,1443.34000000,140.68486773,990.87355142,990.87355142,0.00000000,0.00000000,0.1243284176,0.1250000000,0,0,0.00000000
2026-03-06T12:15:00-05:00,1131.49177771,1443.34000000,140.61822629,990.87355142,990.87355142,0.00000000,0.00000000,0.1242768432,0.1250000000,0,0,0.00000000
2026-03-06T12:30:00-05:00,1131.11494196,1443.34000000,140.24139054,990.87355142,990.87355142,0.00000000,0.00000000,0.1239850924,0.1250000000,0,0,0.00000000
2026-03-06T12:45:00-05:00,1131.25206031,1443.34000000,140.37850890,990.87355142,990.87355142,0.00000000,0.00000000,0.1240912736,0.1250000000,0,0,0.00000000
2026-03-06T13:00:00-05:00,1131.73197454,1443.34000000,140.85842313,990.87355142,990.87355142,0.00000000,0.00000000,0.1244627052,0.1250000000,0,0,0.00000000
2026-03-06T13:15:00-05:00,1131.53972119,1443.34000000,140.66616977,990.87355142,990.87355142,0.00000000,0.00000000,0.1243139477,0.1250000000,0,0,0.00000000
2026-03-06T13:30:00-05:00,1131.53972119,1443.34000000,140.66616977,990.87355142,990.87355142,0.00000000,0.00000000,0.1243139477,0.1250000000,0,0,0.00000000
2026-03-06T13:45:00-05:00,1131.34794727,1443.34000000,140.47439585,990.87355142,990.87355142,0.00000000,0.00000000,0.1241655109,0.1250000000,0,0,0.00000000
2026-03-06T14:00:00-05:00,1131.53972119,1443.34000000,140.66616977,990.87355142,990.87355142,0.00000000,0.00000000,0.1243139477,0.1250000000,0,0,0.00000000
2026-03-06T14:15:00-05:00,1131.34794727,1443.34000000,140.47439585,990.87355142,990.87355142,0.00000000,0.00000000,0.1241655109,0.1250000000,0,0,0.00000000
2026-03-06T14:30:00-05:00,1131.39589075,1443.34000000,140.52233933,990.87355142,990.87355142,0.00000000,0.00000000,0.1242026248,0.1250000000,0,0,0.00000000
2026-03-06T14:45:00-05:00,1131.39589075,1443.34000000,140.52233933,990.87355142,990.87355142,0.00000000,0.00000000,0.1242026248,0.1250000000,0,0,0.00000000
2026-03-06T15:00:00-05:00,1131.01234291,1443.34000000,140.13879150,990.87355142,990.87355142,0.00000000,0.00000000,0.1239056252,0.1250000000,0,0,0.00000000
2026-03-06T15:15:00-05:00,1130.50893637,1443.34000000,139.63538496,990.87355142,990.87355142,0.00000000,0.00000000,0.1235155075,0.1250000000,0,0,0.00000000
2026-03-06T15:30:00-05:00,1130.62879507,1443.34000000,139.75524366,990.87355142,990.87355142,0.00000000,0.00000000,0.1236084241,0.1250000000,0,0,0.00000000
2026-03-06T15:45:00-05:00,1130.58085159,1443.34000000,139.70730018,990.87355142,990.87355142,0.00000000,0.00000000,0.1235712598,0.1250000000,0,0,0.00000000
2026-03-09T09:30:00-04:00,1128.97474502,1443.34000000,138.10119360,990.87355142,990.87355142,0.00000000,0.00000000,0.1223244313,0.1250000000,0,6,0.00000000
2026-03-09T09:45:00-04:00,1115.20526973,1443.34000000,138.02927838,977.17599134,0.85149134,976.32450000,0.00000000,0.1237702889,0.1250000000,3,0,61.43124400
2026-03-09T10:00:00-04:00,1108.67489581,1443.34000000,137.83750446,970.83739134,0.85149134,969.98590000,0.00000000,0.1243263512,0.1250000000,3,0,61.43124400
2026-03-09T10:15:00-04:00,1102.90021191,1443.34000000,138.17310882,964.72710308,794.73010308,169.99700000,0.00000000,0.1252816051,0.1250000000,2,0,28.26044284
2026-03-09T10:30:00-04:00,1095.50526410,1443.34000000,138.89226102,956.61300308,794.73010308,161.88290000,0.00000000,0.1267837459,0.1250000000,2,2,28.26044284
2026-03-09T10:45:00-04:00,1090.65132758,1443.34000000,138.94020450,951.71112308,1.09532308,950.61580000,0.00000000,0.1273919547,0.1250000000,4,0,41.22884899
2026-03-09T11:00:00-04:00,1088.15513194,1443.34000000,139.27580886,948.87932308,1.09532308,947.78400000,0.00000000,0.1279926040,0.1250000000,4,0,41.22884899
2026-03-09T11:15:00-04:00,1081.59500790,1443.34000000,139.44888482,942.14612308,1.09532308,941.05080000,0.00000000,0.1289289279,0.1250000000,4,1,41.22884899
2026-03-09T11:30:00-04:00,1089.97057542,1443.34000000,139.32375234,950.64682308,1.09532308,949.55150000,0.00000000,0.1278234069,0.1250000000,4,0,41.15581291
2026-03-09T11:45:00-04:00,1084.93527760,1443.34000000,139.49155452,945.44372308,1.09532308,944.34840000,0.00000000,0.1285713143,0.1250000000,4,0,41.15581291
2026-03-09T12:00:00-04:00,1085.44986456,1443.34000000,139.58744148,945.86242308,1.09532308,944.76710000,0.00000000,0.1285987000,0.1250000000,4,0,41.15581291
2026-03-09T12:15:00-04:00,1085.60967978,1443.34000000,139.65935670,945.95032308,1.09532308,944.85500000,0.00000000,0.1286460127,0.1250000000,4,2,41.15581291
2026-03-09T12:30:00-04:00,1079.70804023,1443.34000000,139.89907410,939.80896613,134.24896613,805.56000000,0.00000000,0.1295712071,0.1250000000,3,1,12.96840615
2026-03-09T12:45:00-04:00,1074.38598925,1443.34000000,139.85113062,934.53485863,5.34235863,929.19250000,0.00000000,0.1301684237,0.1250000000,4,0,19.14260466
2026-03-09T13:00:00-04:00,1075.65338707,1443.34000000,139.68332844,935.97005863,5.34235863,930.62770000,0.00000000,0.1298590514,0.1250000000,4,0,19.14260466
2026-03-09T13:15:00-04:00,1073.90435187,1443.34000000,139.37169582,934.53265605,17.28445605,917.24820000,0.00000000,0.1297803623,0.1250000000,3,0,18.84448538
2026-03-09T13:30:00-04:00,1074.61896491,1443.34000000,139.27580886,935.34315605,17.28445605,918.05870000,0.00000000,0.1296048306,0.1250000000,3,0,18.84448538
2026-03-09T13:45:00-04:00,1075.93549535,1443.34000000,139.41963930,936.51585605,17.28445605,919.23140000,0.00000000,0.1295799236,0.1250000000,3,0,18.84448538
2026-03-09T14:00:00-04:00,1078.71058231,1443.34000000,139.51552626,939.19505605,17.28445605,921.91060000,0.00000000,0.1293354571,0.1250000000,3,1,18.84448538
2026-03-09T14:15:00-04:00,1082.15415204,1443.34000000,139.56346974,942.59068230,0.50688230,942.08380000,0.00000000,0.1289681969,0.1250000000,4,0,19.78996250
2026-03-09T14:30:00-04:00,1079.21553278,1443.34000000,139.80318714,939.41234564,1.46234564,937.95000000,0.00000000,0.1295414891,0.1250000000,3,1,19.78996250
2026-03-09T14:45:00-04:00,1077.16870234,1443.34000000,139.65935670,937.50934564,1.46234564,936.04700000,0.00000000,0.1296541168,0.1250000000,3,0,19.78996250
2026-03-09T15:00:00-04:00,1075.82142352,1443.34000000,139.79407788,936.02734564,1.46234564,934.56500000,0.00000000,0.1299417123,0.1250000000,3,0,19.78996250
2026-03-09T15:15:00-04:00,1083.01999584,1443.34000000,140.25865020,942.76134564,1.46234564,941.29900000,0.00000000,0.1295069812,0.1250000000,3,3,19.78996250
2026-03-09T15:30:00-04:00,1085.93776758,1443.34000000,140.28262194,945.65514564,1.46234564,944.19280000,0.00000000,0.1291810876,0.1250000000,3,3,7.11967563
2026-03-09T15:45:00-04:00,1084.16296758,1443.34000000,140.28262194,943.88034564,1.46234564,942.41800000,0.00000000,0.1293925601,0.1250000000,3,2,7.11967563
2026-03-10T09:30:00-04:00,1050.98415452,1443.34000000,140.52233933,910.46181519,781.54181519,128.92000000,0.00000000,0.1337054786,0.1250000000,1,1,6.17419851
2026-03-10T09:45:00-04:00,1047.74735712,1443.34000000,140.28262194,907.46473519,11.52473519,895.94000000,0.00000000,0.1338897407,0.1250000000,2,1,33.23689931
2026-03-10T10:00:00-04:00,1040.04366798,1443.34000000,140.01893280,900.02473519,11.52473519,888.50000000,0.00000000,0.1346279364,0.1250000000,2,0,33.23689931
2026-03-10T10:15:00-04:00,1048.37324408,1443.34000000,140.37850890,907.99473519,11.52473519,896.47000000,0.00000000,0.1339012701,0.1250000000,2,2,33.23689931
2026-03-10T10:30:00-04:00,1043.10617535,1443.34000000,140.92985891,902.17631644,0.29131644,901.88500000,0.00000000,0.1351059578,0.1250000000,3,0,33.67595483
2026-03-10T10:45:00-04:00,1041.78342023,1443.34000000,141.12930379,900.65411644,0.29131644,900.36280000,0.00000000,0.1354689478,0.1250000000,3,1,33.67595483
2026-03-10T11:00:00-04:00,1034.22000579,1443.34000000,141.07368935,893.14631644,0.29131644,892.85500000,0.00000000,0.1364058794,0.1250000000,3,0,33.67595483
2026-03-10T11:15:00-04:00,1022.53305616,1443.34000000,141.16957631,881.36347985,742.68847985,138.67500000,0.00000000,0.1380586921,0.1250000000,2,0,6.61325403
2026-03-10T11:30:00-04:00,1023.04497138,1443.34000000,141.24149153,881.80347985,742.68847985,139.11500000,0.00000000,0.1380599050,0.1250000000,2,0,6.61325403
2026-03-10T11:45:00-04:00,1022.23195334,1443.34000000,141.17197349,881.05997985,742.68847985,138.37150000,0.00000000,0.1381017029,0.1250000000,2,1,6.61325403
2026-03-10T12:00:00-04:00,1017.77668496,1443.34000000,141.04971761,876.72696735,26.80196735,849.92500000,0.00000000,0.1385861159,0.1250000000,3,0,24.38278635
2026-03-10T12:15:00-04:00,1015.87951540,1443.34000000,141.19354805,874.68596735,26.80196735,847.88400000,0.00000000,0.1389865096,0.1250000000,3,0,24.38278635
2026-03-10T12:30:00-04:00,1017.08571854,1443.34000000,141.25875118,875.82696735,26.80196735,849.02500000,0.00000000,0.1388857877,0.1250000000,3,0,24.38278635
2026-03-10T12:45:00-04:00,1018.14243062,1443.34000000,141.26546327,876.87696735,26.80196735,850.07500000,0.00000000,0.1387482331,0.1250000000,3,1,24.38278635
2026-03-10T13:00:00-04:00,1018.54697964,1443.34000000,141.21751979,877.32945985,10.77995985,866.54950000,0.00000000,0.1386460542,0.1250000000,4,0,24.88800173
2026-03-10T13:15:00-04:00,1017.50851070,1443.34000000,141.49655084,876.01195985,10.77995985,865.23200000,0.00000000,0.1390617861,0.1250000000,4,1,24.88800173
2026-03-10T13:30:00-04:00,1014.76021317,1443.34000000,141.14560457,873.61460860,5.24080860,868.37380000,0.00000000,0.1390925686,0.1250000000,5,0,25.07872830
2026-03-10T13:45:00-04:00,1016.52924890,1443.34000000,141.34217284,875.18707606,16.02707606,859.16000000,0.00000000,0.1390438819,0.1250000000,4,0,24.63967279
2026-03-10T14:00:00-04:00,1010.29437410,1443.34000000,140.64219803,869.65217606,16.02707606,853.62510000,0.00000000,0.1392091272,0.1250000000,4,0,24.63967279
2026-03-10T14:15:00-04:00,1008.84879150,1443.34000000,140.88191543,867.96687606,16.02707606,851.93980000,0.00000000,0.1396462152,0.1250000000,4,0,24.63967279
2026-03-10T14:30:00-04:00,1008.20324584,1443.34000000,140.66616977,867.53707606,16.02707606,851.51000000,0.00000000,0.1395216395,0.1250000000,4,0,24.63967279
2026-03-10T14:45:00-04:00,1006.67964323,1443.34000000,140.57891264,866.10073059,31.53223059,834.56850000,0.00000000,0.1396461263,0.1250000000,3,0,24.13445741
2026-03-10T15:00:00-04:00,1007.19863019,1443.34000000,140.67479960,866.52383059,31.53223059,834.99160000,0.00000000,0.1396693714,0.1250000000,3,0,24.13445741
2026-03-10T15:15:00-04:00,1004.92779601,1443.34000000,140.33056542,864.59723059,31.53223059,833.06500000,0.00000000,0.1396424360,0.1250000000,3,0,24.13445741
2026-03-10T15:30:00-04:00,1007.76453948,1443.34000000,140.37850890,867.38603059,31.53223059,835.85380000,0.00000000,0.1392969324,0.1250000000,3,0,24.13445741
2026-03-10T15:45:00-04:00,1007.60073948,1443.34000000,140.37850890,867.22223059,31.53223059,835.69000000,0.00000000,0.1393195771,0.1250000000,3,0,24.13445741
2026-03-11T09:30:00-04:00,1019.39208732,1443.34000000,140.76205673,878.63003059,31.53223059,847.09780000,0.00000000,0.1380843137,0.1250000000,3,0,23.94373084
2026-03-11T09:45:00-04:00,1023.45774031,1443.34000000,140.90636661,882.55137370,159.84987370,722.70150000,0.00000000,0.1376767804,0.1250000000,1,0,17.76953233
2026-03-11T10:00:00-04:00,1032.76014784,1443.34000000,141.00177413,891.75837370,159.84987370,731.90850000,0.00000000,0.1365290619,0.1250000000,1,0,17.76953233
2026-03-11T10:15:00-04:00,1026.04515652,1443.34000000,140.57028281,885.47487370,159.84987370,725.62500000,0.00000000,0.1370020432,0.1250000000,1,0,17.76953233
2026-03-11T10:30:00-04:00,1027.81810000,1443.34000000,140.61822629,887.19987370,159.84987370,727.35000000,0.00000000,0.1368123662,0.1250000000,1,0,17.76953233
2026-03-11T10:45:00-04:00,1026.05090218,1443.34000000,140.78602847,885.26487370,159.84987370,725.41500000,0.00000000,0.1372115440,0.1250000000,1,0,17.76953233
2026-03-11T11:00:00-04:00,1026.97838260,1443.34000000,140.37850890,886.59987370,159.84987370,726.75000000,0.00000000,0.1366908119,0.1250000000,1,0,17.76953233
2026-03-11T11:15:00-04:00,1024.24325768,1443.34000000,140.04338397,884.19987370,159.84987370,724.35000000,0.00000000,0.1367286364,0.1250000000,1,0,17.76953233
2026-03-11T11:30:00-04:00,1020.34277824,1443.34000000,140.04290454,880.29987370,159.84987370,720.45000000,0.00000000,0.1372508411,0.1250000000,1,0,17.76953233
2026-03-11T11:45:00-04:00,1022.76366520,1443.34000000,140.13879150,882.62487370,159.84987370,722.77500000,0.00000000,0.1370197205,0.1250000000,1,0,17.76953233
2026-03-11T12:00:00-04:00,1019.36777824,1443.34000000,140.04290454,879.32487370,159.84987370,719.47500000,0.00000000,0.1373821181,0.1250000000,1,0,17.76953233
2026-03-11T12:15:00-04:00,1020.06366520,1443.34000000,140.13879150,879.92487370,159.84987370,720.07500000,0.00000000,0.1373823971,0.1250000000,1,0,17.76953233
2026-03-11T12:30:00-04:00,1020.65132608,1443.34000000,140.42645237,880.22487370,159.84987370,720.37500000,0.00000000,0.1375851369,0.1250000000,1,0,17.76953233
2026-03-11T12:45:00-04:00,1021.22426956,1443.34000000,140.47439585,880.74987370,159.84987370,720.90000000,0.00000000,0.1375548937,0.1250000000,1,0,17.76953233
2026-03-11T13:00:00-04:00,1021.59926956,1443.34000000,140.47439585,881.12487370,159.84987370,721.27500000,0.00000000,0.1375044012,0.1250000000,1,0,17.76953233
2026-03-11T13:15:00-04:00,1021.59926956,1443.34000000,140.47439585,881.12487370,159.84987370,721.27500000,0.00000000,0.1375044012,0.1250000000,1,0,17.76953233
2026-03-11T13:30:00-04:00,1017.94277824,1443.34000000,140.04290454,877.89987370,159.84987370,718.05000000,0.00000000,0.1375744369,0.1250000000,1,0,17.76953233
2026-03-11T13:45:00-04:00,1019.10955216,1443.34000000,140.23467846,878.87487370,159.84987370,719.02500000,0.00000000,0.1376051065,0.1250000000,1,0,17.76953233
2026-03-11T14:00:00-04:00,1016.51189128,1443.34000000,139.94701758,876.56487370,159.84987370,716.71500000,0.00000000,0.1376737634,0.1250000000,1,0,17.76953233
2026-03-11T14:15:00-04:00,1018.71366520,1443.34000000,140.13879150,878.57487370,159.84987370,718.72500000,0.00000000,0.1375644563,0.1250000000,1,0,17.76953233
2026-03-11T14:30:00-04:00,1019.61366520,1443.34000000,140.13879150,879.47487370,159.84987370,719.62500000,0.00000000,0.1374430299,0.1250000000,1,0,17.76953233
2026-03-11T14:45:00-04:00,1016.01058042,1443.34000000,140.21070672,875.79987370,159.84987370,715.95000000,0.00000000,0.1380012270,0.1250000000,1,0,17.76953233
2026-03-11T15:00:00-04:00,1013.41880650,1443.34000000,140.01893280,873.39987370,159.84987370,713.55000000,0.00000000,0.1381649244,0.1250000000,1,0,17.76953233
2026-03-11T15:15:00-04:00,1015.36572172,1443.34000000,140.09084802,875.27487370,159.84987370,715.42500000,0.00000000,0.1379708267,0.1250000000,1,0,17.76953233
2026-03-11T15:30:00-04:00,1020.33043912,1443.34000000,140.33056542,879.99987370,159.84987370,720.15000000,0.00000000,0.1375344301,0.1250000000,1,0,17.76953233
2026-03-11T15:45:00-04:00,1019.62838260,1443.34000000,140.37850890,879.24987370,159.84987370,719.40000000,0.00000000,0.1376761488,0.1250000000,1,0,17.76953233
2026-03-12T09:30:00-04:00,1001.43488450,1443.34000000,126.09908977,875.33579473,172.13429473,703.20150000,0.00000000,0.1259184114,0.1250000000,1,0,17.76953233
2026-03-12T09:45:00-04:00,995.16975147,1443.34000000,125.44206429,869.72768717,869.72768717,0.00000000,0.00000000,0.1260509216,0.1250000000,0,0,0.00000000
2026-03-12T10:00:00-04:00,995.58476091,1443.34000000,125.85707374,869.72768717,869.72768717,0.00000000,0.00000000,0.1264152272,0.1250000000,0,0,0.00000000
2026-03-12T10:15:00-04:00,995.25712188,1443.34000000,125.52943470,869.72768717,869.72768717,0.00000000,0.00000000,0.1261276427,0.1250000000,0,0,0.00000000
2026-03-12T10:30:00-04:00,995.23527927,1443.34000000,125.50759210,869.72768717,869.72768717,0.00000000,0.00000000,0.1261084637,0.1250000000,0,0,0.00000000
2026-03-12T10:45:00-04:00,995.10422366,1443.34000000,125.37653649,869.72768717,869.72768717,0.00000000,0.00000000,0.1259933719,0.1250000000,0,0,0.00000000
2026-03-12T11:00:00-04:00,994.90764024,1443.34000000,125.17995307,869.72768717,869.72768717,0.00000000,0.00000000,0.1258206772,0.1250000000,0,0,0.00000000
2026-03-12T11:15:00-04:00,995.12388200,1443.34000000,125.39619483,869.72768717,869.72768717,0.00000000,0.00000000,0.1260106376,0.1250000000,0,0,0.00000000
2026-03-12T11:30:00-04:00,995.45370530,1443.34000000,125.72601812,869.72768717,869.72768717,0.00000000,0.00000000,0.1263002161,0.1250000000,0,0,0.00000000
2026-03-12T11:45:00-04:00,995.36633489,1443.34000000,125.63864771,869.72768717,869.72768717,0.00000000,0.00000000,0.1262235253,0.1250000000,0,0,0.00000000
2026-03-12T12:00:00-04:00,995.14790887,1443.34000000,125.42022169,869.72768717,869.72768717,0.00000000,0.00000000,0.1260317392,0.1250000000,0,0,0.00000000
2026-03-12T12:15:00-04:00,995.19159407,1443.34000000,125.46390690,869.72768717,869.72768717,0.00000000,0.00000000,0.1260701031,0.1250000000,0,0,0.00000000
2026-03-12T12:30:00-04:00,995.54107570,1443.34000000,125.81338853,869.72768717,869.72768717,0.00000000,0.00000000,0.1263768935,0.1250000000,0,0,0.00000000
2026-03-12T12:45:00-04:00,995.30080708,1443.34000000,125.57311991,869.72768717,869.72768717,0.00000000,0.00000000,0.1261659983,0.1250000000,0,0,0.00000000
2026-03-12T13:00:00-04:00,995.36633489,1443.34000000,125.63864771,869.72768717,869.72768717,0.00000000,0.00000000,0.1262235253,0.1250000000,0,0,0.00000000
2026-03-12T13:15:00-04:00,995.38817749,1443.34000000,125.66049032,869.72768717,869.72768717,0.00000000,0.00000000,0.1262426992,0.1250000000,0,0,0.00000000
2026-03-12T13:30:00-04:00,995.25712188,1443.34000000,125.52943470,869.72768717,869.72768717,0.00000000,0.00000000,0.1261276427,0.1250000000,0,0,0.00000000
2026-03-12T13:45:00-04:00,995.14790887,1443.34000000,125.42022169,869.72768717,869.72768717,0.00000000,0.00000000,0.1260317392,0.1250000000,0,0,0.00000000
2026-03-12T14:00:00-04:00,995.25712188,1443.34000000,125.52943470,869.72768717,869.72768717,0.00000000,0.00000000,0.1261276427,0.1250000000,0,0,0.00000000
2026-03-12T14:15:00-04:00,995.14790887,1443.34000000,125.42022169,869.72768717,869.72768717,0.00000000,0.00000000,0.1260317392,0.1250000000,0,0,0.00000000
2026-03-12T14:30:00-04:00,995.10422366,1443.34000000,125.37653649,869.72768717,869.72768717,0.00000000,0.00000000,0.1259933719,0.1250000000,0,0,0.00000000
2026-03-12T14:45:00-04:00,995.01685325,1443.34000000,125.28916608,869.72768717,869.72768717,0.00000000,0.00000000,0.1259166271,0.1250000000,0,0,0.00000000
2026-03-12T15:00:00-04:00,994.92948284,1443.34000000,125.20179567,869.72768717,869.72768717,0.00000000,0.00000000,0.1258398689,0.1250000000,0,0,0.00000000
2026-03-12T15:15:00-04:00,995.08238106,1443.34000000,125.35469389,869.72768717,869.72768717,0.00000000,0.00000000,0.1259741869,0.1250000000,0,0,0.00000000
2026-03-12T15:30:00-04:00,994.92948284,1443.34000000,125.20179567,869.72768717,869.72768717,0.00000000,0.00000000,0.1258398689,0.1250000000,0,0,0.00000000
2026-03-12T15:45:00-04:00,994.79842723,1443.34000000,125.07074006,869.72768717,869.72768717,0.00000000,0.00000000,0.1257247063,0.1250000000,0,0,0.00000000
2026-03-13T09:30:00-04:00,996.65530647,1443.34000000,126.03181455,870.62349192,870.62349192,0.00000000,0.00000000,0.1264547670,0.1250000000,0,6,0.00000000
2026-03-13T09:45:00-04:00,995.39639770,1443.34000000,126.11918496,869.27721274,0.13221274,869.14500000,0.00000000,0.1267024728,0.1250000000,2,0,16.59555853
2026-03-13T10:00:00-04:00,999.76060127,1443.34000000,125.81338853,873.94721274,0.13221274,873.81500000,0.00000000,0.1258435153,0.1250000000,2,1,16.59555853
2026-03-13T10:15:00-04:00,998.79060127,1443.34000000,125.81338853,872.97721274,0.13221274,872.84500000,0.00000000,0.1259657313,0.1250000000,2,0,16.59555853
2026-03-13T10:30:00-04:00,992.25980484,1443.34000000,125.50759210,866.75221274,0.13221274,866.62000000,0.00000000,0.1264866232,0.1250000000,2,1,16.59555853
2026-03-13T10:45:00-04:00,989.42426759,1443.34000000,125.02705485,864.39721274,0.13221274,864.26500000,0.00000000,0.1263634408,0.1250000000,2,0,16.59555853
2026-03-13T11:00:00-04:00,990.73696402,1443.34000000,125.33285128,865.40411274,0.13221274,865.27190000,0.00000000,0.1265046686,0.1250000000,2,0,16.59555853
2026-03-13T11:15:00-04:00,982.70163696,1443.34000000,124.83702421,857.86461274,0.13221274,857.73240000,0.00000000,0.1270345133,0.1250000000,2,0,16.59555853
2026-03-13T11:30:00-04:00,978.36250204,1443.34000000,124.58932911,853.77317293,836.40317293,17.37000000,0.00000000,0.1273447509,0.1250000000,1,0,0.50993394
2026-03-13T11:45:00-04:00,978.35653314,1443.34000000,124.56836021,853.78817293,836.40317293,17.38500000,0.00000000,0.1273240950,0.1250000000,1,0,0.50993394
2026-03-13T12:00:00-04:00,978.45074615,1443.34000000,124.67757322,853.77317293,836.40317293,17.37000000,0.00000000,0.1274234536,0.1250000000,1,0,0.50993394
2026-03-13T12:15:00-04:00,978.54423135,1443.34000000,124.72125842,853.82297293,836.40317293,17.41980000,0.00000000,0.1274559232,0.1250000000,1,0,0.50993394
2026-03-13T12:30:00-04:00,978.64574615,1443.34000000,124.67757322,853.96817293,836.40317293,17.56500000,0.00000000,0.1273980638,0.1250000000,1,0,0.50993394
2026-03-13T12:45:00-04:00,978.50232013,1443.34000000,124.45914720,854.04317293,836.40317293,17.64000000,0.00000000,0.1271935126,0.1250000000,1,0,0.50993394
2026-03-13T13:00:00-04:00,978.79574615,1443.34000000,124.67757322,854.11817293,836.40317293,17.71500000,0.00000000,0.1273785401,0.1250000000,1,0,0.50993394
2026-03-13T13:15:00-04:00,978.81758875,1443.34000000,124.69941582,854.11817293,836.40317293,17.71500000,0.00000000,0.1273980129,0.1250000000,1,0,0.50993394
2026-03-13T13:30:00-04:00,978.64793889,1443.34000000,124.58976596,854.05817293,836.40317293,17.65500000,0.00000000,0.1273080553,0.1250000000,1,0,0.50993394
2026-03-13T13:45:00-04:00,978.35770712,1443.34000000,124.34993419,854.00777293,836.40317293,17.60460000,0.00000000,0.1271006844,0.1250000000,1,0,0.50993394
2026-03-13T14:00:00-04:00,978.48732013,1443.34000000,124.45914720,854.02817293,836.40317293,17.62500000,0.00000000,0.1271954625,0.1250000000,1,0,0.50993394
2026-03-13T14:15:00-04:00,978.44100533,1443.34000000,124.50283240,853.93817293,836.40317293,17.53500000,0.00000000,0.1272461311,0.1250000000,1,0,0.50993394
2026-03-13T14:30:00-04:00,978.72495916,1443.34000000,124.78678623,853.93817293,836.40317293,17.53500000,0.00000000,0.1274993399,0.1250000000,1,1,0.50993394
2026-03-13T14:45:00-04:00,984.62413283,1443.34000000,124.71688990,859.90724293,59.78114293,800.12610000,0.00000000,0.1266644659,0.1250000000,2,0,14.87706106
2026-03-13T15:00:00-04:00,982.84450314,1443.34000000,124.56836021,858.27614293,59.78114293,798.49500000,0.00000000,0.1267426941,0.1250000000,2,0,14.87706106
2026-03-13T15:15:00-04:00,981.95791972,1443.34000000,124.37177679,857.58614293,59.78114293,797.80500000,0.00000000,0.1266569313,0.1250000000,2,2,14.87706106
2026-03-13T15:30:00-04:00,981.46245671,1443.34000000,124.26256378,857.19989293,14.34709293,842.85280000,0.00000000,0.1266095946,0.1250000000,3,0,15.85465059
2026-03-13T15:45:00-04:00,978.56755492,1443.34000000,124.41546199,854.15209293,14.34709293,839.80500000,0.00000000,0.1271403914,0.1250000000,3,1,15.85465059
2026-03-16T09:30:00-04:00,982.16735656,1443.34000000,125.83566799,856.33168858,18.73318858,837.59850000,0.00000000,0.1281203933,0.1250000000,2,2,16.59768761
2026-03-16T09:45:00-04:00,982.76977336,1443.34000000,125.81338853,856.95638483,1.11498483,855.84140000,0.00000000,0.1280191882,0.1250000000,3,0,17.20241398
2026-03-16T10:00:00-04:00,992.62568994,1443.34000000,125.61680511,867.00888483,1.11498483,865.89390000,0.00000000,0.1265500242,0.1250000000,3,0,17.20241398
2026-03-16T10:15:00-04:00,989.08160532,1443.34000000,126.06152049,863.02008483,1.11498483,861.90510000,0.00000000,0.1274531038,0.1250000000,3,2,17.20241398
2026-03-16T10:30:00-04:00,990.51141926,1443.34000000,125.74873443,864.76268483,1.11498483,863.64770000,0.00000000,0.1269533415,0.1250000000,3,1,17.20241398
2026-03-16T10:45:00-04:00,993.34382897,1443.34000000,125.94444414,867.39938483,1.11498483,866.28440000,0.00000000,0.1267883692,0.1250000000,3,0,17.20241398
2026-03-16T11:00:00-04:00,993.82199938,1443.34000000,126.03181455,867.79018483,1.11498483,866.67520000,0.00000000,0.1268152794,0.1250000000,3,0,17.20241398
2026-03-16T11:15:00-04:00,996.96378458,1443.34000000,126.07549976,870.88828483,1.11498483,869.77330000,0.00000000,0.1264594579,0.1250000000,3,0,2.83528686
2026-03-16T11:30:00-04:00,998.30996979,1443.34000000,126.11918496,872.19078483,1.11498483,871.07580000,0.00000000,0.1263326910,0.1250000000,3,0,2.83528686
2026-03-16T11:45:00-04:00,989.70896007,1443.34000000,125.92347525,863.78548483,1.11498483,862.67050000,0.00000000,0.1272328334,0.1250000000,3,0,2.83528686
2026-03-16T12:00:00-04:00,994.53918637,1443.34000000,125.92260154,868.61658483,1.11498483,867.50160000,0.00000000,0.1266140171,0.1250000000,3,0,2.83528686
2026-03-16T12:15:00-04:00,991.93886610,1443.34000000,125.72558127,866.21328483,1.11498483,865.09830000,0.00000000,0.1267473083,0.1250000000,3,0,2.83528686
2026-03-16T12:30:00-04:00,992.60646582,1443.34000000,125.94488100,866.66158483,1.11498483,865.54660000,0.00000000,0.1268829948,0.1250000000,3,0,2.83528686
2026-03-16T12:45:00-04:00,992.15372897,1443.34000000,125.94444414,866.20928483,1.11498483,865.09430000,0.00000000,0.1269404533,0.1250000000,3,0,2.83528686
2026-03-16T13:00:00-04:00,996.20552719,1443.34000000,126.09734236,870.10818483,1.11498483,868.99320000,0.00000000,0.1265776378,0.1250000000,3,0,2.83528686
2026-03-16T13:15:00-04:00,997.99829938,1443.34000000,126.03181455,871.96648483,1.11498483,870.85150000,0.00000000,0.1262845985,0.1250000000,3,0,2.83528686
2026-03-16T13:30:00-04:00,1003.21301418,1443.34000000,125.98812935,877.22488483,1.11498483,876.10990000,0.00000000,0.1255846242,0.1250000000,3,0,2.83528686
2026-03-16T13:45:00-04:00,1001.86159938,1443.34000000,126.03181455,875.82978483,1.11498483,874.71480000,0.00000000,0.1257976298,0.1250000000,3,0,2.83528686
2026-03-16T14:00:00-04:00,1002.99514773,1443.34000000,126.07506291,876.92008483,1.11498483,875.80510000,0.00000000,0.1256985771,0.1250000000,3,0,2.83528686
2026-03-16T14:15:00-04:00,996.83061239,1443.34000000,126.14102756,870.68958483,1.11498483,869.57460000,0.00000000,0.1265420885,0.1250000000,3,0,2.83528686
2026-03-16T14:30:00-04:00,998.25835499,1443.34000000,126.16287017,872.09548483,1.11498483,870.98050000,0.00000000,0.1263829845,0.1250000000,3,0,2.83528686
2026-03-16T14:45:00-04:00,997.80891239,1443.34000000,126.14102756,871.66788483,1.11498483,870.55290000,0.00000000,0.1264180205,0.1250000000,3,1,2.83528686
2026-03-16T15:00:00-04:00,993.10404020,1443.34000000,126.20655537,866.89748483,1.11498483,865.78250000,0.00000000,0.1270829140,0.1250000000,3,1,2.83528686
2026-03-16T15:15:00-04:00,991.33219938,1443.34000000,126.03181455,865.30038483,1.11498483,864.18540000,0.00000000,0.1271337849,0.1250000000,3,0,2.83528686
2026-03-16T15:30:00-04:00,990.01766105,1443.34000000,125.90075894,864.11690211,18.11570211,846.00120000,0.00000000,0.1271702151,0.1250000000,2,0,2.23056050
2026-03-16T15:45:00-04:00,989.85743812,1443.34000000,126.00997195,863.84746617,806.68976617,57.15770000,0.00000000,0.1273011316,0.1250000000,1,1,2.23056050
2026-03-17T09:30:00-04:00,1000.12544440,1443.34000000,126.81814823,873.30729617,22.54209617,850.76520000,0.00000000,0.1268022416,0.1250000000,2,0,24.55115898
2026-03-17T09:45:00-04:00,994.40910002,1443.34000000,126.94920384,867.45989617,22.54209617,844.91780000,0.00000000,0.1276629547,0.1250000000,2,0,24.55115898
2026-03-17T10:00:00-04:00,996.29581481,1443.34000000,126.90551864,869.39029617,22.54209617,846.84820000,0.00000000,0.1273773479,0.1250000000,2,0,24.55115898
2026-03-17T10:15:00-04:00,1002.43050002,1443.34000000,126.94920384,875.48129617,22.54209617,852.93920000,0.00000000,0.1266414019,0.1250000000,2,0,24.55115898
2026-03-17T10:30:00-04:00,1011.21676063,1443.34000000,127.06846445,884.14829617,22.54209617,861.60620000,0.00000000,0.1256589778,0.1250000000,2,0,24.55115898
2026-03-17T10:45:00-04:00,1012.27157080,1443.34000000,127.05317463,885.21839617,22.54209617,862.67630000,0.00000000,0.1255129338,0.1250000000,2,0,24.55115898
2026-03-17T11:00:00-04:00,1008.39474440,1443.34000000,126.81814823,881.57659617,22.54209617,859.03450000,0.00000000,0.1257624050,0.1250000000,2,0,24.55115898
2026-03-17T11:15:00-04:00,1006.47735920,1443.34000000,126.77446303,879.70289617,22.54209617,857.16080000,0.00000000,0.1259585840,0.1250000000,2,0,24.55115898
2026-03-17T11:30:00-04:00,1001.35750359,1443.34000000,126.64340741,874.71409617,22.54209617,852.17200000,0.00000000,0.1264717216,0.1250000000,2,0,24.55115898
2026-03-17T11:45:00-04:00,1007.13794619,1443.34000000,126.66525002,880.47269617,22.54209617,857.93060000,0.00000000,0.1257675282,0.1250000000,2,0,24.55115898
2026-03-17T12:00:00-04:00,1009.76091838,1443.34000000,126.59972221,883.16119617,22.54209617,860.61910000,0.00000000,0.1253759379,0.1250000000,2,0,2.23056050
2026-03-17T12:15:00-04:00,1008.80604808,1443.34000000,126.74825190,882.05779617,22.54209617,859.51570000,0.00000000,0.1256418438,0.1250000000,2,0,2.23056050
2026-03-17T12:30:00-04:00,1012.44035920,1443.34000000,126.77446303,885.66589617,22.54209617,863.12380000,0.00000000,0.1252167220,0.1250000000,2,0,2.23056050
2026-03-17T12:45:00-04:00,1008.37464619,1443.34000000,126.66525002,881.70939617,22.54209617,859.16730000,0.00000000,0.1256132832,0.1250000000,2,0,2.23056050
2026-03-17T13:00:00-04:00,1013.40697400,1443.34000000,126.73077782,886.67619617,22.54209617,864.13410000,0.00000000,0.1250541797,0.1250000000,2,0,2.23056050
2026-03-17T13:15:00-04:00,1009.83341660,1443.34000000,126.75262043,883.08079617,22.54209617,860.53870000,0.00000000,0.1255183462,0.1250000000,2,0,2.23056050
2026-03-17T13:30:00-04:00,1007.52433139,1443.34000000,126.70893522,880.81539617,22.54209617,858.27330000,0.00000000,0.1257626553,0.1250000000,2,0,2.23056050
2026-03-17T13:45:00-04:00,1006.63838701,1443.34000000,126.83999083,879.79839617,22.54209617,857.25630000,0.00000000,0.1260035306,0.1250000000,2,0,2.23056050
2026-03-17T14:00:00-04:00,1008.86107221,1443.34000000,126.88367604,881.97739617,22.54209617,859.43530000,0.00000000,0.1257692258,0.1250000000,2,0,2.23056050
2026-03-17T14:15:00-04:00,1010.38408879,1443.34000000,126.68709262,883.69699617,22.54209617,861.15490000,0.00000000,0.1253850828,0.1250000000,2,0,2.23056050
2026-03-17T14:30:00-04:00,1011.80920359,1443.34000000,126.64340741,885.16579617,22.54209617,862.62370000,0.00000000,0.1251653048,0.1250000000,2,0,2.23056050
2026-03-17T14:45:00-04:00,1015.26754619,1443.34000000,126.66525002,888.60229617,22.54209617,866.06020000,0.00000000,0.1247604639,0.1250000000,2,0,2.23056050
2026-03-17T15:00:00-04:00,1015.79673139,1443.34000000,126.70893522,889.08779617,22.54209617,866.54570000,0.00000000,0.1247384750,0.1250000000,2,0,2.23056050
2026-03-17T15:15:00-04:00,1014.97387400,1443.34000000,126.73077782,888.24309617,22.54209617,865.70100000,0.00000000,0.1248611231,0.1250000000,2,0,2.23056050
2026-03-17T15:30:00-04:00,1013.74400086,1443.34000000,126.75480469,886.98919617,22.54209617,864.44710000,0.00000000,0.1250363056,0.1250000000,2,0,2.23056050
2026-03-17T15:45:00-04:00,1021.77285920,1443.34000000,126.77446303,894.99839617,22.54209617,872.45630000,0.00000000,0.1240730382,0.1250000000,2,0,2.23056050
2026-03-18T09:30:00-04:00,1033.04253430,1443.34000000,126.27208318,906.77045113,906.77045113,0.00000000,0.00000000,0.1222331888,0.1250000000,0,0,0.00000000
2026-03-18T09:45:00-04:00,1033.32648813,1443.34000000,126.55603701,906.77045113,906.77045113,0.00000000,0.00000000,0.1224743955,0.1250000000,0,0,0.00000000
2026-03-18T10:00:00-04:00,1033.06437691,1443.34000000,126.29392578,906.77045113,906.77045113,0.00000000,0.00000000,0.1222517479,0.1250000000,0,0,0.00000000
2026-03-18T10:15:00-04:00,1032.78042308,1443.34000000,126.00997195,906.77045113,906.77045113,0.00000000,0.00000000,0.1220104188,0.1250000000,0,0,0.00000000
2026-03-18T10:30:00-04:00,1032.84595088,1443.34000000,126.07549976,906.77045113,906.77045113,0.00000000,0.00000000,0.1220661219,0.1250000000,0,0,0.00000000
2026-03-18T10:45:00-04:00,1032.88963609,1443.34000000,126.11918496,906.77045113,906.77045113,0.00000000,0.00000000,0.1221032534,0.1250000000,0,0,0.00000000
2026-03-18T11:00:00-04:00,1033.12990471,1443.34000000,126.35945359,906.77045113,906.77045113,0.00000000,0.00000000,0.1223074204,0.1250000000,0,0,0.00000000
2026-03-18T11:15:00-04:00,1032.99884910,1443.34000000,126.22839797,906.77045113,906.77045113,0.00000000,0.00000000,0.1221960684,0.1250000000,0,0,0.00000000
2026-03-18T11:30:00-04:00,1033.02069170,1443.34000000,126.25024058,906.77045113,906.77045113,0.00000000,0.00000000,0.1222146290,0.1250000000,0,0,0.00000000
2026-03-18T11:45:00-04:00,1033.12990471,1443.34000000,126.35945359,906.77045113,906.77045113,0.00000000,0.00000000,0.1223074204,0.1250000000,0,0,0.00000000
2026-03-18T12:00:00-04:00,1033.08621951,1443.34000000,126.31576838,906.77045113,906.77045113,0.00000000,0.00000000,0.1222703062,0.1250000000,0,0,0.00000000
2026-03-18T12:15:00-04:00,1033.04253430,1443.34000000,126.27208318,906.77045113,906.77045113,0.00000000,0.00000000,0.1222331888,0.1250000000,0,0,0.00000000
2026-03-18T12:30:00-04:00,1032.88919924,1443.34000000,126.11874811,906.77045113,906.77045113,0.00000000,0.00000000,0.1221028821,0.1250000000,0,0,0.00000000
2026-03-18T12:45:00-04:00,1032.84595088,1443.34000000,126.07549976,906.77045113,906.77045113,0.00000000,0.00000000,0.1220661219,0.1250000000,0,0,0.00000000
2026-03-18T13:00:00-04:00,1032.67121007,1443.34000000,125.90075894,906.77045113,906.77045113,0.00000000,0.00000000,0.1219175646,0.1250000000,0,0,0.00000000
2026-03-18T13:15:00-04:00,1032.75858047,1443.34000000,125.98812935,906.77045113,906.77045113,0.00000000,0.00000000,0.1219918495,0.1250000000,0,0,0.00000000
2026-03-18T13:30:00-04:00,1032.88963609,1443.34000000,126.11918496,906.77045113,906.77045113,0.00000000,0.00000000,0.1221032534,0.1250000000,0,0,0.00000000
2026-03-18T13:45:00-04:00,1032.97700650,1443.34000000,126.20655537,906.77045113,906.77045113,0.00000000,0.00000000,0.1221775069,0.1250000000,0,0,0.00000000
2026-03-18T14:00:00-04:00,1033.02069170,1443.34000000,126.25024058,906.77045113,906.77045113,0.00000000,0.00000000,0.1222146290,0.1250000000,0,0,0.00000000
2026-03-18T14:15:00-04:00,1032.82847680,1443.34000000,126.05802568,906.77045113,906.77045113,0.00000000,0.00000000,0.1220512684,0.1250000000,0,0,0.00000000
2026-03-18T14:30:00-04:00,1032.80226568,1443.34000000,126.03181455,906.77045113,906.77045113,0.00000000,0.00000000,0.1220289873,0.1250000000,0,0,0.00000000
2026-03-18T14:45:00-04:00,1032.38507198,1443.34000000,125.61462085,906.77045113,906.77045113,0.00000000,0.00000000,0.1216741933,0.1250000000,0,0,0.00000000
2026-03-18T15:00:00-04:00,1032.47462665,1443.34000000,125.70417552,906.77045113,906.77045113,0.00000000,0.00000000,0.1217503775,0.1250000000,0,0,0.00000000
2026-03-18T15:15:00-04:00,1032.27804323,1443.34000000,125.50759210,906.77045113,906.77045113,0.00000000,0.00000000,0.1215831267,0.1250000000,0,0,0.00000000
2026-03-18T15:30:00-04:00,1032.10330241,1443.34000000,125.33285128,906.77045113,906.77045113,0.00000000,0.00000000,0.1214344058,0.1250000000,0,0,0.00000000
2026-03-18T15:45:00-04:00,1031.90671899,1443.34000000,125.13626786,906.77045113,906.77045113,0.00000000,0.00000000,0.1212670347,0.1250000000,0,0,0.00000000
2026-03-19T09:30:00-04:00,1030.30467733,1443.34000000,128.70843836,901.59623898,901.59623898,0.00000000,0.00000000,0.1249226964,0.1250000000,0,2,0.00000000
2026-03-19T09:45:00-04:00,1033.44336008,1443.34000000,129.02702360,904.41633648,1.05133648,903.36500000,0.00000000,0.1248515677,0.1250000000,2,1,22.82994084
2026-03-19T10:00:00-04:00,1030.16836008,1443.34000000,129.02702360,901.14133648,1.05133648,900.09000000,0.00000000,0.1252484823,0.1250000000,2,0,22.82994084
2026-03-19T10:15:00-04:00,1027.97797970,1443.34000000,128.72664323,899.25133648,1.05133648,898.20000000,0.00000000,0.1252231524,0.1250000000,2,0,22.82994084
2026-03-19T10:30:00-04:00,1026.69083466,1443.34000000,128.95875533,897.73207933,40.39207933,857.34000000,0.00000000,0.1256062205,0.1250000000,1,1,21.63366181
2026-03-19T10:45:00-04:00,1027.54147353,1443.34000000,129.11804795,898.42342558,2.15842558,896.26500000,0.00000000,0.1256572618,0.1250000000,2,1,22.28354003
2026-03-19T11:00:00-04:00,1026.28301007,1443.34000000,129.25458449,897.02842558,2.15842558,894.87000000,0.00000000,0.1259443869,0.1250000000,2,0,22.28354003
2026-03-19T11:15:00-04:00,1019.99883700,1443.34000000,128.98151142,891.01732558,2.15842558,888.85890000,0.00000000,0.1264526064,0.1250000000,2,0,22.28354003
2026-03-19T11:30:00-04:00,1020.48986394,1443.34000000,128.70843836,891.78142558,2.15842558,889.62300000,0.00000000,0.1261241712,0.1250000000,2,0,22.28354003
2026-03-19T11:45:00-04:00,1025.84973700,1443.34000000,128.98151142,896.86822558,2.15842558,894.70980000,0.00000000,0.1257313881,0.1250000000,2,0,22.28354003
2026-03-19T12:00:00-04:00,1028.80044918,1443.34000000,129.02702360,899.77342558,2.15842558,897.61500000,0.00000000,0.1254150148,0.1250000000,2,0,22.28354003
2026-03-19T12:15:00-04:00,1028.08090430,1443.34000000,129.02747872,899.05342558,2.15842558,896.89500000,0.00000000,0.1255032344,0.1250000000,2,0,22.28354003
2026-03-19T12:30:00-04:00,1029.27422962,1443.34000000,129.14080404,900.13342558,2.15842558,897.97500000,0.00000000,0.1254678300,0.1250000000,2,1,22.28354003
2026-03-19T12:45:00-04:00,1026.73083700,1443.34000000,128.98151142,897.74932558,2.15842558,895.59090000,0.00000000,0.1256234904,0.1250000000,2,0,22.28354003
2026-03-19T13:00:00-04:00,1025.37583958,1443.34000000,128.61741400,896.75842558,2.15842558,894.60000000,0.00000000,0.1254344105,0.1250000000,2,0,22.28354003
2026-03-19T13:15:00-04:00,1030.17218091,1443.34000000,128.95875533,901.21342558,2.15842558,899.05500000,0.00000000,0.1251817490,0.1250000000,2,0,22.28354003
2026-03-19T13:30:00-04:00,1027.81071991,1443.34000000,128.77670662,899.03401328,39.71401328,859.32000000,0.00000000,0.1252922393,0.1250000000,1,0,21.63366181
2026-03-19T13:45:00-04:00,1029.97276862,1443.34000000,128.95875533,901.01401328,39.71401328,861.30000000,0.00000000,0.1252059853,0.1250000000,1,0,21.63366181
2026-03-19T14:00:00-04:00,1031.97802854,1443.34000000,129.16401525,902.81401328,39.71401328,863.10000000,0.00000000,0.1251615942,0.1250000000,1,0,21.63366181
2026-03-19T14:15:00-04:00,1029.63757342,1443.34000000,129.16356013,900.47401328,39.71401328,860.76000000,0.00000000,0.1254456553,0.1250000000,1,0,21.63366181
2026-03-19T14:30:00-04:00,1031.25450035,1443.34000000,128.89048707,902.36401328,39.71401328,862.65000000,0.00000000,0.1249841693,0.1250000000,1,0,21.63366181
2026-03-19T14:45:00-04:00,1037.87308559,1443.34000000,129.20907231,908.66401328,39.71401328,868.95000000,0.00000000,0.1244940967,0.1250000000,1,0,21.63366181
2026-03-19T15:00:00-04:00,1050.59096346,1443.34000000,129.68695018,920.90401328,39.71401328,881.19000000,0.00000000,0.1234419053,0.1250000000,1,5,21.63366181
2026-03-19T15:15:00-04:00,1046.28573639,1443.34000000,129.61868191,916.66705448,1.60705448,915.06000000,0.00000000,0.1238845923,0.1250000000,2,0,22.99727719
2026-03-19T15:30:00-04:00,1048.67124857,1443.34000000,129.66419409,919.00705448,1.60705448,917.40000000,0.00000000,0.1236461801,0.1250000000,2,0,22.99727719
2026-03-19T15:45:00-04:00,1039.60022421,1443.34000000,129.57316973,910.02705448,1.60705448,908.42000000,0.00000000,0.1246374969,0.1250000000,2,1,22.99727719
2026-03-20T09:30:00-04:00,1025.61576052,1443.34000000,128.84497489,896.77078563,2.15238563,894.61840000,0.00000000,0.1256269451,0.1250000000,2,0,22.99727719
2026-03-20T09:45:00-04:00,1009.76573154,1443.34000000,128.07126787,881.69446367,843.45446367,38.24000000,0.00000000,0.1268326542,0.1250000000,1,0,1.36361538
2026-03-20T10:00:00-04:00,1009.49195109,1443.34000000,127.95748742,881.53446367,843.45446367,38.08000000,0.00000000,0.1267543414,0.1250000000,1,0,1.36361538
2026-03-20T10:15:00-04:00,1009.39850030,1443.34000000,128.10403664,881.29446367,843.45446367,37.84000000,0.00000000,0.1269112611,0.1250000000,1,0,1.36361538
2026-03-20T10:30:00-04:00,1009.91399980,1443.34000000,128.13953614,881.77446367,843.45446367,38.32000000,0.00000000,0.1268816317,0.1250000000,1,0,1.36361538
2026-03-20T10:45:00-04:00,1009.49238859,1443.34000000,128.11632492,881.37606367,843.45446367,37.92160000,0.00000000,0.1269116304,0.1250000000,1,0,1.36361538
2026-03-20T11:00:00-04:00,1009.58226807,1443.34000000,128.20780440,881.37446367,843.45446367,37.92000000,0.00000000,0.1269909431,0.1250000000,1,0,1.36361538
2026-03-20T11:15:00-04:00,1009.12413154,1443.34000000,128.07126787,881.05286367,843.45446367,37.59840000,0.00000000,0.1269132943,0.1250000000,1,0,1.36361538
2026-03-20T11:30:00-04:00,1009.52502416,1443.34000000,128.23056049,881.29446367,843.45446367,37.84000000,0.00000000,0.1270206854,0.1250000000,1,0,1.36361538
2026-03-20T11:45:00-04:00,1009.77604851,1443.34000000,128.32158485,881.45446367,843.45446367,38.00000000,0.00000000,0.1270792519,0.1250000000,1,0,1.36361538
2026-03-20T12:00:00-04:00,1009.95862896,1443.34000000,128.43536529,881.52326367,843.45446367,38.06880000,0.00000000,0.1271689370,0.1250000000,1,0,1.36361538
2026-03-20T12:15:00-04:00,1009.51329242,1443.34000000,128.29882876,881.21446367,843.45446367,37.76000000,0.00000000,0.1270897865,0.1250000000,1,0,1.36361538
2026-03-20T12:30:00-04:00,1008.98894275,1443.34000000,128.09447908,880.89446367,843.45446367,37.44000000,0.00000000,0.1269533031,0.1250000000,1,0,1.36361538
2026-03-20T12:45:00-04:00,1008.88573154,1443.34000000,128.07126787,880.81446367,843.45446367,37.36000000,0.00000000,0.1269432839,0.1250000000,1,0,1.36361538
2026-03-20T13:00:00-04:00,1008.77523838,1443.34000000,128.04077471,880.73446367,843.45446367,37.28000000,0.00000000,0.1269269604,0.1250000000,1,0,1.36361538
2026-03-20T13:15:00-04:00,1008.22368282,1443.34000000,127.88921916,880.33446367,843.45446367,36.88000000,0.00000000,0.1268460773,0.1250000000,1,0,1.36361538
2026-03-20T13:30:00-04:00,1007.83190785,1443.34000000,127.66165827,880.17024958,880.17024958,0.00000000,0.00000000,0.1266695937,0.1250000000,0,0,0.00000000
2026-03-20T13:45:00-04:00,1007.96844439,1443.34000000,127.79819480,880.17024958,880.17024958,0.00000000,0.00000000,0.1267878925,0.1250000000,0,0,0.00000000
2026-03-20T14:00:00-04:00,1007.87742003,1443.34000000,127.70717045,880.17024958,880.17024958,0.00000000,0.00000000,0.1267090302,0.1250000000,0,0,0.00000000
2026-03-20T14:15:00-04:00,1007.64985914,1443.34000000,127.47960956,880.17024958,880.17024958,0.00000000,0.00000000,0.1265118120,0.1250000000,0,0,0.00000000
2026-03-20T14:30:00-04:00,1007.42229825,1443.34000000,127.25204867,880.17024958,880.17024958,0.00000000,0.00000000,0.1263145047,0.1250000000,0,0,0.00000000
2026-03-20T14:45:00-04:00,1007.44505434,1443.34000000,127.27480476,880.17024958,880.17024958,0.00000000,0.00000000,0.1263342395,0.1250000000,0,0,0.00000000
2026-03-20T15:00:00-04:00,1007.35402999,1443.34000000,127.18378041,880.17024958,880.17024958,0.00000000,0.00000000,0.1262552952,0.1250000000,0,0,0.00000000
2026-03-20T15:15:00-04:00,1007.21749346,1443.34000000,127.04724387,880.17024958,880.17024958,0.00000000,0.00000000,0.1261368520,0.1250000000,0,0,0.00000000
2026-03-20T15:30:00-04:00,1007.14968031,1443.34000000,126.97943073,880.17024958,880.17024958,0.00000000,0.00000000,0.1260780132,0.1250000000,0,0,0.00000000
2026-03-20T15:45:00-04:00,1007.51332261,1443.34000000,127.34307303,880.17024958,880.17024958,0.00000000,0.00000000,0.1263934383,0.1250000000,0,0,0.00000000
2026-03-23T09:30:00-04:00,1009.56137060,1443.34000000,129.39112102,880.17024958,880.17024958,0.00000000,0.00000000,0.1281656814,0.1250000000,0,2,0.00000000
2026-03-23T09:45:00-04:00,1023.80840367,1443.34000000,129.66419409,894.14420958,4.79420958,889.35000000,0.00000000,0.1266488863,0.1250000000,1,1,21.70940569
2026-03-23T10:00:00-04:00,1014.63667194,1443.34000000,129.73246235,884.90420958,4.79420958,880.11000000,0.00000000,0.1278610028,0.1250000000,1,1,21.70940569
2026-03-23T10:15:00-04:00,1020.91045238,1443.34000000,129.84624280,891.06420958,4.79420958,886.27000000,0.00000000,0.1271867111,0.1250000000,1,0,21.70940569
2026-03-23T10:30:00-04:00,1010.78667194,1443.34000000,129.73246235,881.05420958,4.79420958,876.26000000,0.00000000,0.1283480144,0.1250000000,1,0,21.70940569
2026-03-23T10:45:00-04:00,1003.97045238,1443.34000000,129.84624280,874.12420958,4.79420958,869.33000000,0.00000000,0.1293327333,0.1250000000,1,0,21.70940569
2026-03-23T11:00:00-04:00,1010.22147674,1443.34000000,129.93726715,880.28420958,4.79420958,875.49000000,0.00000000,0.1286225547,0.1250000000,1,0,21.70940569
2026-03-23T11:15:00-04:00,1006.21218411,1443.34000000,129.77797453,876.43420958,4.79420958,871.64000000,0.00000000,0.1289767472,0.1250000000,1,0,21.70940569
2026-03-23T11:30:00-04:00,997.53783444,1443.34000000,129.57362485,867.96420958,4.79420958,863.17000000,0.00000000,0.1298934440,0.1250000000,1,0,21.70940569
2026-03-23T11:45:00-04:00,991.57112100,1443.34000000,128.98151142,862.58960958,4.79420958,857.79540000,0.00000000,0.1300779225,0.1250000000,1,0,21.70940569
2026-03-23T12:00:00-04:00,1001.11430625,1443.34000000,129.30009667,871.81420958,4.79420958,867.02000000,0.00000000,0.1291561771,0.1250000000,1,0,21.70940569
2026-03-23T12:15:00-04:00,999.75264794,1443.34000000,128.70843836,871.04420958,4.79420958,866.25000000,0.00000000,0.1287402825,0.1250000000,1,0,21.70940569
2026-03-23T12:30:00-04:00,1004.73674536,1443.34000000,129.07253578,875.66420958,4.79420958,870.87000000,0.00000000,0.1284640344,0.1250000000,1,0,21.70940569
2026-03-23T12:45:00-04:00,1006.14020883,1443.34000000,128.93599924,877.20420958,4.79420958,872.41000000,0.00000000,0.1281491368,0.1250000000,1,0,21.70940569
2026-03-23T13:00:00-04:00,1008.40469665,1443.34000000,128.89048707,879.51420958,4.79420958,874.72000000,0.00000000,0.1278162304,0.1250000000,1,0,21.70940569
2026-03-23T13:15:00-04:00,1007.58918447,1443.34000000,128.84497489,878.74420958,4.79420958,873.95000000,0.00000000,0.1278745116,0.1250000000,1,0,21.70940569
2026-03-23T13:30:00-04:00,1023.30776972,1443.34000000,129.16356013,894.14420958,4.79420958,889.35000000,0.00000000,0.1262216158,0.1250000000,1,0,21.70940569
2026-03-23T13:45:00-04:00,1032.00533060,1443.34000000,129.39112102,902.61420958,4.79420958,897.82000000,0.00000000,0.1253783456,0.1250000000,1,0,21.70940569
2026-03-23T14:00:00-04:00,1029.67257451,1443.34000000,129.36836493,900.30420958,4.79420958,895.51000000,0.00000000,0.1256402939,0.1250000000,1,0,21.70940569
2026-03-23T14:15:00-04:00,1029.62706234,1443.34000000,129.32285275,900.30420958,4.79420958,895.51000000,0.00000000,0.1256016450,0.1250000000,1,0,21.70940569
2026-03-23T14:30:00-04:00,1039.16243637,1443.34000000,129.61822679,909.54420958,4.79420958,904.75000000,0.00000000,0.1247333643,0.1250000000,1,2,0.00000000
2026-03-23T14:45:00-04:00,1037.62258520,1443.34000000,129.64189312,907.98069208,0.10069208,907.88000000,0.00000000,0.1249412792,0.1250000000,2,0,0.15480695
2026-03-23T15:00:00-04:00,1031.31834964,1443.34000000,129.52765755,901.79069208,0.10069208,901.69000000,0.00000000,0.1255942528,0.1250000000,2,0,0.15480695
2026-03-23T15:15:00-04:00,1028.06905701,1443.34000000,129.36836493,898.70069208,0.10069208,898.60000000,0.00000000,0.1258362598,0.1250000000,2,0,0.15480695
2026-03-23T15:30:00-04:00,1034.35283746,1443.34000000,129.48214538,904.87069208,0.10069208,904.77000000,0.00000000,0.1251817955,0.1250000000,2,1,0.15480695
2026-03-23T15:45:00-04:00,1036.21322786,1443.34000000,129.07253578,907.14069208,0.10069208,907.04000000,0.00000000,0.1245617526,0.1250000000,2,2,0.15480695
2026-03-24T09:30:00-04:00,1017.52799048,1443.34000000,127.68441436,889.84357612,889.84357612,0.00000000,0.00000000,0.1254849159,0.1250000000,0,3,0.00000000
2026-03-24T09:45:00-04:00,1028.51612181,1443.34000000,128.02575569,900.49036612,4.90036612,895.59000000,0.00000000,0.1244761778,0.1250000000,2,1,31.17916791
2026-03-24T10:00:00-04:00,1030.21214616,1443.34000000,128.11678005,902.09536612,4.90036612,897.19500000,0.00000000,0.1243596094,0.1250000000,2,1,31.17916791
2026-03-24T10:15:00-04:00,1030.41978337,1443.34000000,128.01756350,902.40221987,0.70221987,901.70000000,0.00000000,0.1242382625,0.1250000000,3,0,31.26919023
2026-03-24T10:30:00-04:00,1038.24222427,1443.34000000,128.20780440,910.03441987,0.70221987,909.33220000,0.00000000,0.1234854463,0.1250000000,3,2,31.26919023
2026-03-24T10:45:00-04:00,1039.75241209,1443.34000000,128.16229222,911.59011987,0.70221987,910.88790000,0.00000000,0.1232623178,0.1250000000,3,1,31.26919023
2026-03-24T11:00:00-04:00,1033.18309734,1443.34000000,128.48087747,904.70221987,0.70221987,904.00000000,0.00000000,0.1243544129,0.1250000000,3,1,31.26919023
2026-03-24T11:15:00-04:00,1038.40142900,1443.34000000,128.59920913,909.80221987,0.70221987,909.10000000,0.00000000,0.1238434439,0.1250000000,3,3,31.26919023
2026-03-24T11:30:00-04:00,1037.11412169,1443.34000000,128.57190182,908.54221987,0.70221987,907.84000000,0.00000000,0.1239708332,0.1250000000,3,0,31.26919023
2026-03-24T11:45:00-04:00,1034.62085342,1443.34000000,128.50363356,906.11721987,0.70221987,905.41500000,0.00000000,0.1242035990,0.1250000000,3,1,31.26919023
2026-03-24T12:00:00-04:00,1037.45109734,1443.34000000,128.48087747,908.97021987,0.70221987,908.26800000,0.00000000,0.1238428277,0.1250000000,3,0,31.26919023
2026-03-24T12:15:00-04:00,1043.13304605,1443.34000000,128.66292618,914.47011987,0.70221987,913.76790000,0.00000000,0.1233427765,0.1250000000,3,0,31.26919023
2026-03-24T12:30:00-04:00,1040.68034125,1443.34000000,128.45812138,912.22221987,0.70221987,911.52000000,0.00000000,0.1234366753,0.1250000000,3,0,31.26919023
2026-03-24T12:45:00-04:00,1041.89534125,1443.34000000,128.45812138,913.43721987,0.70221987,912.73500000,0.00000000,0.1232927304,0.1250000000,3,0,31.26919023
2026-03-24T13:00:00-04:00,1030.58447556,1443.34000000,128.02575569,902.55871987,0.70221987,901.85650000,0.00000000,0.1242263577,0.1250000000,3,0,31.26919023
2026-03-24T13:15:00-04:00,1038.65297556,1443.34000000,128.02575569,910.62721987,0.70221987,909.92500000,0.00000000,0.1232613382,0.1250000000,3,0,31.26919023
2026-03-24T13:30:00-04:00,1035.27589511,1443.34000000,127.91197525,907.36391987,0.70221987,906.66170000,0.00000000,0.1235535144,0.1250000000,3,0,31.26919023
2026-03-24T13:45:00-04:00,1036.59919735,1443.34000000,128.29882876,908.30036859,87.05046859,821.24990000,0.00000000,0.1237689833,0.1250000000,2,0,29.34104250
2026-03-24T14:00:00-04:00,1037.51929735,1443.34000000,128.29882876,909.22046859,87.05046859,822.17000000,0.00000000,0.1236592217,0.1250000000,2,0,29.34104250
2026-03-24T14:15:00-04:00,1039.36260846,1443.34000000,128.36709702,910.99551143,91.15551143,819.84000000,0.00000000,0.1235055947,0.1250000000,1,0,29.25102018
2026-03-24T14:30:00-04:00,1035.42690108,1443.34000000,128.52638965,906.90051143,91.15551143,815.74500000,0.00000000,0.1241288878,0.1250000000,1,2,29.25102018
2026-03-24T14:45:00-04:00,1031.24087672,1443.34000000,128.43536529,902.80551143,91.15551143,811.65000000,0.00000000,0.1245444863,0.1250000000,1,1,29.25102018
2026-03-24T15:00:00-04:00,1028.40068152,1443.34000000,128.64017009,899.76051143,91.15551143,808.60500000,0.00000000,0.1250875971,0.1250000000,1,2,29.25102018
2026-03-24T15:15:00-04:00,1024.94416858,1443.34000000,128.52638965,896.41777893,0.77777893,895.64000000,0.00000000,0.1253984301,0.1250000000,3,1,31.85853922
2026-03-24T15:30:00-04:00,1019.08983158,1443.34000000,128.33205265,890.75777893,0.77777893,889.98000000,0.00000000,0.1259281063,0.1250000000,3,0,31.85853922
2026-03-24T15:45:00-04:00,1019.01007116,1443.34000000,128.16229222,890.84777893,0.77777893,890.07000000,0.00000000,0.1257713695,0.1250000000,3,2,31.85853922
2026-03-25T09:30:00-04:00,1014.29145866,1443.34000000,129.57316973,884.71828893,14.99828893,869.72000000,0.00000000,0.1277474720,0.1250000000,3,3,29.93435096
2026-03-25T09:45:00-04:00,1014.33308892,1443.34000000,129.04977969,885.28330923,1.14830923,884.13500000,0.00000000,0.1272262348,0.1250000000,4,1,30.25557161
2026-03-25T10:00:00-04:00,1020.19391808,1443.34000000,129.34560884,890.84830923,1.14830923,889.70000000,0.00000000,0.1267853165,0.1250000000,4,1,30.25557161
2026-03-25T10:15:00-04:00,1017.76627896,1443.34000000,129.57316973,888.19310923,1.14830923,887.04480000,0.00000000,0.1273113213,0.1250000000,4,1,30.25557161
2026-03-25T10:30:00-04:00,1013.84390672,1443.34000000,129.69559749,884.14830923,1.14830923,883.00000000,0.00000000,0.1279246210,0.1250000000,4,1,30.25557161
2026-03-25T10:45:00-04:00,1004.95159848,1443.34000000,129.59592582,875.35567266,32.98547266,842.37020000,0.00000000,0.1289573806,0.1250000000,3,1,29.57224083
2026-03-25T11:00:00-04:00,1003.63516645,1443.34000000,129.14080404,874.49436241,74.76176241,799.73260000,0.00000000,0.1286730561,0.1250000000,2,1,29.57224083
2026-03-25T11:15:00-04:00,1002.83487689,1443.34000000,129.25458449,873.58029241,12.75529241,860.82500000,0.00000000,0.1288891995,0.1250000000,3,1,31.62371691
2026-03-25T11:30:00-04:00,1002.69186722,1443.34000000,129.03157482,873.66029241,12.75529241,860.90500000,0.00000000,0.1286851714,0.1250000000,3,1,31.62371691
2026-03-25T11:45:00-04:00,1009.83782818,1443.34000000,129.07253578,880.76529241,12.75529241,868.01000000,0.00000000,0.1278151127,0.1250000000,3,1,31.62371691
2026-03-25T12:00:00-04:00,1004.39680383,1443.34000000,128.98151142,875.41529241,12.75529241,862.66000000,0.00000000,0.1284168876,0.1250000000,3,0,31.62371691
2026-03-25T12:15:00-04:00,1003.15987689,1443.34000000,129.25458449,873.90529241,12.75529241,861.15000000,0.00000000,0.1288474424,0.1250000000,3,0,31.62371691
2026-03-25T12:30:00-04:00,1001.70641343,1443.34000000,129.39112102,872.31529241,12.75529241,859.56000000,0.00000000,0.1291707024,0.1250000000,3,1,31.62371691
2026-03-25T12:45:00-04:00,1000.52090125,1443.34000000,129.34560884,871.17529241,12.75529241,858.42000000,0.00000000,0.1292782676,0.1250000000,3,0,31.62371691
2026-03-25T13:00:00-04:00,1001.75538907,1443.34000000,129.30009667,872.45529241,12.75529241,859.70000000,0.00000000,0.1290735224,0.1250000000,3,0,31.62371691
2026-03-25T13:15:00-04:00,1003.21641343,1443.34000000,129.39112102,873.82529241,12.75529241,861.07000000,0.00000000,0.1289762800,0.1250000000,3,0,31.62371691
2026-03-25T13:30:00-04:00,1004.48846214,1443.34000000,129.57316973,874.91529241,12.75529241,862.16000000,0.00000000,0.1289941842,0.1250000000,3,1,31.62371691
2026-03-25T13:45:00-04:00,1001.92756343,1443.34000000,129.39112102,872.53644241,0.94644241,871.59000000,0.00000000,0.1291421913,0.1250000000,4,0,31.88631796
2026-03-25T14:00:00-04:00,1006.36205125,1443.34000000,129.34560884,877.01644241,0.94644241,876.07000000,0.00000000,0.1285279077,0.1250000000,4,0,31.88631796
2026-03-25T14:15:00-04:00,1008.52705125,1443.34000000,129.34560884,879.18144241,0.94644241,878.23500000,0.00000000,0.1282519975,0.1250000000,4,0,29.83484189
2026-03-25T14:30:00-04:00,1007.84775863,1443.34000000,129.18631622,878.66144241,0.94644241,877.71500000,0.00000000,0.1281803875,0.1250000000,4,0,29.83484189
2026-03-25T14:45:00-04:00,1007.29570358,1443.34000000,128.99926117,878.29644241,0.94644241,877.35000000,0.00000000,0.1280649373,0.1250000000,4,0,29.83484189
2026-03-25T15:00:00-04:00,1007.44648556,1443.34000000,128.91324316,878.53324241,0.94644241,877.58680000,0.00000000,0.1279603880,0.1250000000,4,0,29.83484189
2026-03-25T15:15:00-04:00,1005.94795383,1443.34000000,128.98151142,876.96644241,0.94644241,876.02000000,0.00000000,0.1282188715,0.1250000000,4,2,29.83484189
2026-03-25T15:30:00-04:00,1008.99821873,1443.34000000,128.93599924,880.06221948,63.89221948,816.17000000,0.00000000,0.1277861515,0.1250000000,3,0,29.83484189
2026-03-25T15:45:00-04:00,1009.89475526,1443.34000000,129.07253578,880.82221948,63.89221948,816.93000000,0.00000000,0.1278079078,0.1250000000,3,1,29.83484189
2026-03-26T09:30:00-04:00,1021.25706687,1443.34000000,127.43409738,893.82296948,0.84496948,892.97800000,0.00000000,0.1247816064,0.1250000000,4,2,29.83484189
2026-03-26T09:45:00-04:00,1028.50302939,1443.34000000,127.70717045,900.79585894,63.94585894,836.85000000,0.00000000,0.1241680061,0.1250000000,3,3,29.57224083
2026-03-26T10:00:00-04:00,1025.56447516,1443.34000000,127.61660121,897.94787394,2.31967394,895.62820000,0.00000000,0.1244354736,0.1250000000,5,1,31.04842077
2026-03-26T10:15:00-04:00,1033.19010943,1443.34000000,127.57063391,905.61947552,14.64447552,890.97500000,0.00000000,0.1234725659,0.1250000000,4,2,31.04842077
2026-03-26T10:30:00-04:00,1016.08259342,1443.34000000,127.29756085,888.78503257,0.44323257,888.34180000,0.00000000,0.1252826903,0.1250000000,5,1,31.51207576
2026-03-26T10:45:00-04:00,1012.83425689,1443.34000000,127.16102432,885.67323257,0.44323257,885.23000000,0.00000000,0.1255496874,0.1250000000,5,0,31.51207576
2026-03-26T11:00:00-04:00,1016.60925689,1443.34000000,127.16102432,889.44823257,0.44323257,889.00500000,0.00000000,0.1250834807,0.1250000000,5,0,31.51207576
2026-03-26T11:15:00-04:00,1021.32974471,1443.34000000,127.11551214,894.21423257,0.44323257,893.77100000,0.00000000,0.1244607952,0.1250000000,5,0,31.51207576
2026-03-26T11:30:00-04:00,1022.57594471,1443.34000000,127.11551214,895.46043257,0.44323257,895.01720000,0.00000000,0.1243091164,0.1250000000,5,1,31.51207576
2026-03-26T11:45:00-04:00,1024.03598862,1443.34000000,127.09275605,896.94323257,0.44323257,896.50000000,0.00000000,0.1241096577,0.1250000000,5,0,31.51207576
2026-03-26T12:00:00-04:00,1023.64332035,1443.34000000,127.02448778,896.61883257,0.44323257,896.17560000,0.00000000,0.1240905746,0.1250000000,5,0,31.51207576
2026-03-26T12:15:00-04:00,1017.51893511,1443.34000000,126.70590254,890.81303257,0.44323257,890.36980000,0.00000000,0.1245243682,0.1250000000,5,0,31.51207576
2026-03-26T12:30:00-04:00,1011.72311075,1443.34000000,126.61487818,885.10823257,0.44323257,884.66500000,0.00000000,0.1251477572,0.1250000000,5,0,31.51207576
2026-03-26T12:45:00-04:00,1012.82400801,1443.34000000,126.61487818,886.20912982,27.68912982,858.52000000,0.00000000,0.1250117268,0.1250000000,3,0,30.72720012
2026-03-26T13:00:00-04:00,1007.51287147,1443.34000000,126.47834165,881.03452982,27.68912982,853.34540000,0.00000000,0.1255352117,0.1250000000,3,0,30.72720012
2026-03-26T13:15:00-04:00,1004.31990321,1443.34000000,126.41007339,877.90982982,27.68912982,850.22070000,0.00000000,0.1258663430,0.1250000000,3,0,30.72720012
2026-03-26T13:30:00-04:00,998.61445546,1443.34000000,126.25032564,872.36412982,27.68912982,844.67500000,0.00000000,0.1264254938,0.1250000000,3,0,30.72720012
2026-03-26T13:45:00-04:00,994.59951316,1443.34000000,125.88668334,868.71282982,27.68912982,841.02370000,0.00000000,0.1265702242,0.1250000000,3,0,30.72720012
2026-03-26T14:00:00-04:00,1001.94959361,1443.34000000,126.00046379,875.94912982,27.68912982,848.26000000,0.00000000,0.1257552921,0.1250000000,3,0,30.72720012
2026-03-26T14:15:00-04:00,999.87859587,1443.34000000,125.84344677,874.03514910,35.01014910,839.02500000,0.00000000,0.1258587265,0.1250000000,2,0,30.48804428
2026-03-26T14:30:00-04:00,1004.08234462,1443.34000000,125.93219552,878.15014910,35.01014910,843.14000000,0.00000000,0.1254201871,0.1250000000,2,0,30.48804428
2026-03-26T14:45:00-04:00,999.91831826,1443.34000000,125.98316916,873.93514910,35.01014910,838.92500000,0.00000000,0.1259934605,0.1250000000,2,0,30.48804428
2026-03-26T15:00:00-04:00,998.67305200,1443.34000000,125.77290290,872.90014910,35.01014910,837.89000000,0.00000000,0.1259400188,0.1250000000,2,0,30.48804428
2026-03-26T15:15:00-04:00,1004.31580808,1443.34000000,125.79565899,878.52014910,35.01014910,843.51000000,0.00000000,0.1252550821,0.1250000000,2,0,30.48804428
2026-03-26T15:30:00-04:00,1001.94927155,1443.34000000,125.65912245,876.29014910,35.01014910,841.28000000,0.00000000,0.1254146552,0.1250000000,2,0,30.48804428
2026-03-26T15:45:00-04:00,999.95824720,1443.34000000,125.56809810,874.39014910,35.01014910,839.38000000,0.00000000,0.1255733411,0.1250000000,2,2,30.48804428
2026-03-27T09:30:00-04:00,1020.13968944,1443.34000000,124.58958628,895.55010317,88.31010317,807.24000000,0.00000000,0.1221299275,0.1250000000,1,1,29.25102018
2026-03-27T09:45:00-04:00,1027.23002017,1443.34000000,123.97562700,903.25439317,0.36419317,902.89020000,0.00000000,0.1206892561,0.1250000000,2,0,32.27319110
2026-03-27T10:00:00-04:00,1029.64243811,1443.34000000,124.24824495,905.39419317,0.36419317,905.03000000,0.00000000,0.1206712547,0.1250000000,2,0,32.27319110
2026-03-27T10:15:00-04:00,1040.97314549,1443.34000000,124.08895233,916.88419317,0.36419317,916.52000000,0.00000000,0.1192047584,0.1250000000,2,0,3.02217092
2026-03-27T10:30:00-04:00,1033.62385287,1443.34000000,123.92965970,909.69419317,0.36419317,909.33000000,0.00000000,0.1198982196,0.1250000000,2,0,3.02217092
2026-03-27T10:45:00-04:00,1048.46632593,1443.34000000,124.20273277,924.26359317,0.36419317,923.89940000,0.00000000,0.1184613465,0.1250000000,2,0,3.02217092
2026-03-27T11:00:00-04:00,1043.27810158,1443.34000000,124.11170841,919.16639317,0.36419317,918.80220000,0.00000000,0.1189632067,0.1250000000,2,0,3.02217092
2026-03-27T11:15:00-04:00,1047.21621856,1443.34000000,124.36202539,922.85419317,0.36419317,922.49000000,0.00000000,0.1187548695,0.1250000000,2,0,3.02217092
2026-03-27T11:30:00-04:00,1043.74897465,1443.34000000,124.38478148,919.36419317,0.36419317,919.00000000,0.00000000,0.1191711652,0.1250000000,2,1,3.02217092
2026-03-27T11:45:00-04:00,1035.40944879,1443.34000000,124.40025562,911.00919317,0.36419317,910.64500000,0.00000000,0.1201459536,0.1250000000,2,0,3.02217092
2026-03-27T12:00:00-04:00,1027.09306154,1443.34000000,124.20273277,902.89032877,816.18032877,86.71000000,0.00000000,0.1209264646,0.1250000000,1,0,3.02217092
2026-03-27T12:15:00-04:00,1027.19376892,1443.34000000,124.04344015,903.15032877,816.18032877,86.97000000,0.00000000,0.1207595333,0.1250000000,1,0,3.02217092
2026-03-27T12:30:00-04:00,1027.02553869,1443.34000000,124.00520992,903.02032877,816.18032877,86.84000000,0.00000000,0.1207420899,0.1250000000,1,0,3.02217092
2026-03-27T12:45:00-04:00,1026.91101283,1443.34000000,124.02068406,902.89032877,816.18032877,86.71000000,0.00000000,0.1207706242,0.1250000000,1,0,3.02217092
2026-03-27T13:00:00-04:00,1026.88825674,1443.34000000,123.99792797,902.89032877,816.18032877,86.71000000,0.00000000,0.1207511403,0.1250000000,1,0,3.02217092
2026-03-27T13:15:00-04:00,1025.91859642,1443.34000000,123.54826766,902.37032877,816.18032877,86.19000000,0.00000000,0.1204269696,0.1250000000,1,0,3.02217092
2026-03-27T13:30:00-04:00,1025.30211061,1443.34000000,123.45178184,901.85032877,816.18032877,85.67000000,0.00000000,0.1204052743,0.1250000000,1,0,3.02217092
2026-03-27T13:45:00-04:00,1025.80195452,1443.34000000,123.42902575,902.37292877,816.18032877,86.19260000,0.00000000,0.1203244205,0.1250000000,1,0,3.02217092
2026-03-27T14:00:00-04:00,1026.09833016,1443.34000000,123.33800139,902.76032877,816.18032877,86.58000000,0.00000000,0.1202009571,0.1250000000,1,0,3.02217092
2026-03-27T14:15:00-04:00,1025.79935452,1443.34000000,123.42902575,902.37032877,816.18032877,86.19000000,0.00000000,0.1203247255,0.1250000000,1,0,3.02217092
2026-03-27T14:30:00-04:00,1025.77402278,1443.34000000,123.49729402,902.27672877,816.18032877,86.09640000,0.00000000,0.1203942499,0.1250000000,1,0,3.02217092
2026-03-27T14:45:00-04:00,1026.16006190,1443.34000000,123.26973313,902.89032877,816.18032877,86.71000000,0.00000000,0.1201271982,0.1250000000,1,0,3.02217092
2026-03-27T15:00:00-04:00,1025.00826190,1443.34000000,123.26973313,901.73852877,816.18032877,85.55820000,0.00000000,0.1202621849,0.1250000000,1,0,3.02217092
2026-03-27T15:15:00-04:00,1026.03006190,1443.34000000,123.26973313,902.76032877,816.18032877,86.58000000,0.00000000,0.1201424185,0.1250000000,1,0,3.02217092
2026-03-27T15:30:00-04:00,1025.93903754,1443.34000000,123.17870877,902.76032877,816.18032877,86.58000000,0.00000000,0.1200643550,0.1250000000,1,0,3.02217092
2026-03-27T15:45:00-04:00,1027.28454972,1443.34000000,123.22422095,904.06032877,816.18032877,87.88000000,0.00000000,0.1199514010,0.1250000000,1,1,3.02217092
2026-03-30T09:30:00-04:00,1036.42955239,1443.34000000,123.61107446,912.81847792,94.80907792,818.00940000,0.00000000,0.1192662581,0.1250000000,1,4,13.26343012
2026-03-30T09:45:00-04:00,1032.21354843,1443.34000000,123.11044051,909.10310792,1.17890792,907.92420000,0.00000000,0.1192683827,0.1250000000,2,0,16.29163407
2026-03-30T10:00:00-04:00,1040.55344585,1443.34000000,123.47453793,917.07890792,1.17890792,915.90000000,0.00000000,0.1186623699,0.1250000000,2,0,16.29163407
2026-03-30T10:15:00-04:00,1039.73588496,1443.34000000,123.24697704,916.48890792,1.17890792,915.31000000,0.00000000,0.1185368119,0.1250000000,2,0,16.29163407
2026-03-30T10:30:00-04:00,1039.14923432,1443.34000000,123.02032639,916.12890792,1.17890792,914.95000000,0.00000000,0.1183856200,0.1250000000,2,0,16.29163407
2026-03-30T10:45:00-04:00,1045.81171412,1443.34000000,123.54280619,922.26890792,1.17890792,921.09000000,0.00000000,0.1181310216,0.1250000000,2,0,16.29163407
2026-03-30T11:00:00-04:00,1040.50448496,1443.34000000,123.24697704,917.25750792,1.17890792,916.07860000,0.00000000,0.1184492511,0.1250000000,2,0,16.29163407
2026-03-30T11:15:00-04:00,1037.98702150,1443.34000000,123.38351357,914.60350792,1.17890792,913.42460000,0.00000000,0.1188680697,0.1250000000,2,0,16.29163407
2026-03-30T11:30:00-04:00,1041.75440674,1443.34000000,123.70209882,918.05230792,1.17890792,916.87340000,0.00000000,0.1187440130,0.1250000000,2,0,16.29163407
2026-03-30T11:45:00-04:00,1043.46722630,1443.34000000,123.58831837,919.87890792,1.17890792,918.70000000,0.00000000,0.1184400576,0.1250000000,2,0,16.29163407
2026-03-30T12:00:00-04:00,1045.26336638,1443.34000000,123.38305845,921.88030792,1.17890792,920.70140000,0.00000000,0.1180401633,0.1250000000,2,0,16.29163407
2026-03-30T12:15:00-04:00,1038.25383625,1443.34000000,123.06492833,915.18890792,1.17890792,914.01000000,0.00000000,0.1185306753,0.1250000000,2,1,16.29163407
2026-03-30T12:30:00-04:00,1039.43346061,1443.34000000,123.15595268,916.27750792,1.17890792,915.09860000,0.00000000,0.1184837292,0.1250000000,2,0,16.29163407
2026-03-30T12:45:00-04:00,1040.27334843,1443.34000000,123.11044051,917.16290792,1.17890792,915.98400000,0.00000000,0.1183443185,0.1250000000,2,1,16.29163407
2026-03-30T13:00:00-04:00,1035.55454363,1443.34000000,122.90563571,912.64890792,1.17890792,911.47000000,0.00000000,0.1186858157,0.1250000000,2,0,16.29163407
2026-03-30T13:15:00-04:00,1027.78157300,1443.34000000,122.64166508,905.13990792,1.17890792,903.96100000,0.00000000,0.1193265848,0.1250000000,2,0,16.29163407
2026-03-30T13:30:00-04:00,1034.26076319,1443.34000000,122.79185526,911.46890792,1.17890792,910.29000000,0.00000000,0.1187242711,0.1250000000,2,0,16.29163407
2026-03-30T13:45:00-04:00,1033.21973883,1443.34000000,122.70083091,910.51890792,1.17890792,909.34000000,0.00000000,0.1187557944,0.1250000000,2,0,16.29163407
2026-03-30T14:00:00-04:00,1032.57071448,1443.34000000,122.60980655,909.96090792,1.17890792,908.78200000,0.00000000,0.1187422855,0.1250000000,2,0,16.29163407
2026-03-30T14:15:00-04:00,1028.33666577,1443.34000000,122.42775784,905.90890792,1.17890792,904.73000000,0.00000000,0.1190541599,0.1250000000,2,1,16.29163407
2026-03-30T14:30:00-04:00,1030.39666577,1443.34000000,122.42775784,907.96890792,1.17890792,906.79000000,0.00000000,0.1188161432,0.1250000000,2,0,16.29163407
2026-03-30T14:45:00-04:00,1027.30461706,1443.34000000,122.24570913,905.05890792,1.17890792,903.88000000,0.00000000,0.1189965538,0.1250000000,2,0,16.29163407
2026-03-30T15:00:00-04:00,1022.71776355,1443.34000000,121.85885562,900.85890792,1.17890792,899.68000000,0.00000000,0.1191519889,0.1250000000,2,0,16.29163407
2026-03-30T15:15:00-04:00,1018.58673919,1443.34000000,121.76783127,896.81890792,1.17890792,895.64000000,0.00000000,0.1195458635,0.1250000000,2,0,16.29163407
2026-03-30T15:30:00-04:00,1017.83987145,1443.34000000,122.04090433,895.79896712,802.60496712,93.19400000,0.00000000,0.1199018704,0.1250000000,1,0,3.02820395
2026-03-30T15:45:00-04:00,1018.89618843,1443.34000000,122.29122131,896.60496712,802.60496712,94.00000000,0.00000000,0.1200232396,0.1250000000,1,0,3.02820395
2026-03-31T09:30:00-04:00,1020.33978531,1443.34000000,124.05481819,896.28496712,802.60496712,93.68000000,0.00000000,0.1215818691,0.1250000000,1,4,3.02820395
2026-03-31T09:45:00-04:00,1016.28304904,1443.34000000,124.49856192,891.78448712,1.36448712,890.42000000,0.00000000,0.1225038261,0.1250000000,3,3,37.29246867
2026-03-31T10:00:00-04:00,1007.91824424,1443.34000000,124.29375713,883.62448712,1.36448712,882.26000000,0.00000000,0.1233173006,0.1250000000,3,1,37.29246867
2026-03-31T10:15:00-04:00,1014.81388078,1443.34000000,124.43029366,890.38358712,1.36448712,889.01910000,0.00000000,0.1226139059,0.1250000000,3,0,37.29246867
2026-03-31T10:30:00-04:00,1018.35016380,1443.34000000,124.17997668,894.17018712,1.36448712,892.80570000,0.00000000,0.1219423152,0.1250000000,3,0,37.29246867
2026-03-31T10:45:00-04:00,1026.30162247,1443.34000000,123.83863535,902.46298712,1.36448712,901.09850000,0.00000000,0.1206649514,0.1250000000,3,0,37.29246867
2026-03-31T11:00:00-04:00,1024.51974274,1443.34000000,124.40025562,900.11948712,1.36448712,898.75500000,0.00000000,0.1214229950,0.1250000000,3,1,37.29246867
2026-03-31T11:15:00-04:00,1012.67000771,1443.34000000,124.15722059,888.51278712,1.36448712,887.14830000,0.00000000,0.1226038291,0.1250000000,3,0,37.29246867
2026-03-31T11:30:00-04:00,1019.22446380,1443.34000000,124.17997668,895.04448712,1.36448712,893.68000000,0.00000000,0.1218377120,0.1250000000,3,0,37.29246867
2026-03-31T11:45:00-04:00,1018.19792727,1443.34000000,124.04344015,894.15448712,1.36448712,892.79000000,0.00000000,0.1218264512,0.1250000000,3,0,37.29246867
2026-03-31T12:00:00-04:00,1019.81324424,1443.34000000,124.29375713,895.51948712,1.36448712,894.15500000,0.00000000,0.1218789399,0.1250000000,3,0,37.29246867
2026-03-31T12:15:00-04:00,1027.70840907,1443.34000000,124.42392195,903.28448712,1.36448712,901.92000000,0.00000000,0.1210692847,0.1250000000,3,0,37.29246867
2026-03-31T12:30:00-04:00,999.74573909,1443.34000000,125.02195197,874.72378712,1.36448712,873.35930000,0.00000000,0.1250537482,0.1250000000,3,3,37.29246867
2026-03-31T12:45:00-04:00,992.32268364,1443.34000000,124.97598467,867.34669897,676.19669897,191.15000000,0.00000000,0.1259428881,0.1250000000,2,0,6.68712331
2026-03-31T13:00:00-04:00,992.73089485,1443.34000000,124.99919588,867.73169897,676.19669897,191.53500000,0.00000000,0.1259144815,0.1250000000,2,0,6.68712331
2026-03-31T13:15:00-04:00,991.28987049,1443.34000000,124.90817152,866.38169897,676.19669897,190.18500000,0.00000000,0.1260056975,0.1250000000,2,0,6.68712331
2026-03-31T13:30:00-04:00,990.94711441,1443.34000000,124.88541543,866.06169897,676.19669897,189.86500000,0.00000000,0.1260263173,0.1250000000,2,0,6.68712331
2026-03-31T13:45:00-04:00,990.36487049,1443.34000000,124.90817152,865.45669897,676.19669897,189.26000000,0.00000000,0.1261233867,0.1250000000,2,0,6.68712331
2026-03-31T14:00:00-04:00,992.35813876,1443.34000000,124.97643979,867.38169897,676.19669897,191.18500000,0.00000000,0.1259388470,0.1250000000,2,0,6.68712331
2026-03-31T14:15:00-04:00,992.92813876,1443.34000000,124.97643979,867.95169897,676.19669897,191.75500000,0.00000000,0.1258665506,0.1250000000,2,0,6.68712331
2026-03-31T14:30:00-04:00,992.90038267,1443.34000000,124.95368370,867.94669897,676.19669897,191.75000000,0.00000000,0.1258471503,0.1250000000,2,1,6.68712331
2026-03-31T14:45:00-04:00,996.12170638,1443.34000000,124.97689491,871.14481147,79.89981147,791.24500000,0.00000000,0.1254634791,0.1250000000,3,0,20.36913778
2026-03-31T15:00:00-04:00,995.45900735,1443.34000000,124.99919588,870.45981147,79.89981147,790.56000000,0.00000000,0.1255694056,0.1250000000,3,0,20.36913778
2026-03-31T15:15:00-04:00,994.58900735,1443.34000000,124.99919588,869.58981147,79.89981147,789.69000000,0.00000000,0.1256792454,0.1250000000,3,0,20.36913778
2026-03-31T15:30:00-04:00,994.72849517,1443.34000000,124.95368370,869.77481147,79.89981147,789.87500000,0.00000000,0.1256158684,0.1250000000,3,3,20.36913778
2026-03-31T15:45:00-04:00,983.90194408,1443.34000000,124.93092761,858.97101647,14.79101647,844.18000000,0.00000000,0.1269749779,0.1250000000,4,1,21.58652273
2026-04-01T09:30:00-04:00,1004.13343042,1443.34000000,125.27226894,878.86116147,1.64116147,877.22000000,0.00000000,0.1247565962,0.1250000000,5,1,18.27394580
2026-04-01T09:45:00-04:00,997.86583185,1443.34000000,125.27226894,872.59356290,78.27856290,794.31500000,0.00000000,0.1255401928,0.1250000000,3,0,16.71021842
2026-04-01T10:00:00-04:00,996.84511179,1443.34000000,125.42154889,871.42356290,78.27856290,793.14500000,0.00000000,0.1258184922,0.1250000000,3,0,16.71021842
2026-04-01T10:15:00-04:00,1000.46120169,1443.34000000,125.54534201,874.91585968,180.81585968,694.10000000,0.00000000,0.1254874670,0.1250000000,2,0,16.71021842
2026-04-01T10:30:00-04:00,995.79448213,1443.34000000,125.65912245,870.13535968,180.81585968,689.31950000,0.00000000,0.1261898160,0.1250000000,2,0,16.71021842
2026-04-01T10:45:00-04:00,994.08703084,1443.34000000,125.84117116,868.24585968,180.81585968,687.43000000,0.00000000,0.1265896921,0.1250000000,2,0,16.71021842
2026-04-01T11:00:00-04:00,996.57254302,1443.34000000,125.88668334,870.68585968,180.81585968,689.87000000,0.00000000,0.1263196385,0.1250000000,2,0,16.71021842
2026-04-01T11:15:00-04:00,1002.12254302,1443.34000000,125.88668334,876.23585968,180.81585968,695.42000000,0.00000000,0.1256200494,0.1250000000,2,0,16.71021842
2026-04-01T11:30:00-04:00,1008.96356737,1443.34000000,125.97770770,882.98585968,180.81585968,702.17000000,0.00000000,0.1248585299,0.1250000000,2,0,16.71021842
2026-04-01T11:45:00-04:00,1010.58459173,1443.34000000,126.06873205,884.51585968,180.81585968,703.70000000,0.00000000,0.1247483220,0.1250000000,2,0,16.71021842
2026-04-01T12:00:00-04:00,1014.90907955,1443.34000000,126.02321988,888.88585968,180.81585968,708.07000000,0.00000000,0.1241719307,0.1250000000,2,0,3.02820395
2026-04-01T12:15:00-04:00,1014.42683564,1443.34000000,126.04597596,888.38085968,180.81585968,707.56500000,0.00000000,0.1242533927,0.1250000000,2,0,3.02820395
2026-04-01T12:30:00-04:00,1014.71734782,1443.34000000,126.09148814,888.62585968,180.81585968,707.81000000,0.00000000,0.1242626712,0.1250000000,2,0,3.02820395
2026-04-01T12:45:00-04:00,1017.18871318,1443.34000000,126.09285351,891.09585968,180.81585968,710.28000000,0.00000000,0.1239621044,0.1250000000,2,0,3.02820395
2026-04-01T13:00:00-04:00,1018.03786000,1443.34000000,126.13700032,891.90085968,180.81585968,711.08500000,0.00000000,0.1239020721,0.1250000000,2,0,3.02820395
2026-04-01T13:15:00-04:00,1016.69286000,1443.34000000,126.13700032,890.55585968,180.81585968,709.74000000,0.00000000,0.1240659842,0.1250000000,2,0,3.02820395
2026-04-01T13:30:00-04:00,1013.09009173,1443.34000000,126.06873205,887.02135968,180.81585968,706.20550000,0.00000000,0.1244398036,0.1250000000,2,0,3.02820395
2026-04-01T13:45:00-04:00,1012.42632346,1443.34000000,126.00046379,886.42585968,180.81585968,705.61000000,0.00000000,0.1244539586,0.1250000000,2,0,3.02820395
2026-04-01T14:00:00-04:00,1005.72255018,1443.34000000,125.86392725,879.85862293,784.97862293,94.88000000,0.00000000,0.1251477629,0.1250000000,1,0,3.02820395
2026-04-01T14:15:00-04:00,1005.26947712,1443.34000000,125.59085419,879.67862293,784.97862293,94.70000000,0.00000000,0.1249325251,0.1250000000,1,0,3.02820395
2026-04-01T14:30:00-04:00,1005.18050147,1443.34000000,125.68187854,879.49862293,784.97862293,94.52000000,0.00000000,0.1250341390,0.1250000000,1,0,3.02820395
2026-04-01T14:45:00-04:00,1004.86396494,1443.34000000,125.54534201,879.31862293,784.97862293,94.34000000,0.00000000,0.1249376497,0.1250000000,1,0,3.02820395
2026-04-01T15:00:00-04:00,1004.97918682,1443.34000000,125.72056389,879.25862293,784.97862293,94.28000000,0.00000000,0.1250976792,0.1250000000,1,0,3.02820395
2026-04-01T15:15:00-04:00,1004.97357454,1443.34000000,125.95495161,879.01862293,784.97862293,94.04000000,0.00000000,0.1253316055,0.1250000000,1,0,3.02820395
2026-04-01T15:30:00-04:00,1005.02184280,1443.34000000,126.02321988,878.99862293,784.97862293,94.02000000,0.00000000,0.1253935134,0.1250000000,1,0,3.02820395
2026-04-01T15:45:00-04:00,1005.38735498,1443.34000000,126.06873205,879.31862293,784.97862293,94.34000000,0.00000000,0.1253931944,0.1250000000,1,1,3.02820395
2026-04-02T09:30:00-04:00,1001.81477853,1443.34000000,123.29248922,878.52228931,785.70228931,92.82000000,0.00000000,0.1230691460,0.1250000000,1,0,3.02820395
2026-04-02T09:45:00-04:00,1002.32572946,1443.34000000,124.04344015,878.28228931,785.70228931,92.58000000,0.00000000,0.1237556181,0.1250000000,1,0,3.02820395
2026-04-02T10:00:00-04:00,1002.88213920,1443.34000000,124.07984989,878.80228931,785.70228931,93.10000000,0.00000000,0.1237232622,0.1250000000,1,0,3.02820395
2026-04-02T10:15:00-04:00,1003.51675381,1443.34000000,124.13446450,879.38228931,785.70228931,93.68000000,0.00000000,0.1236994440,0.1250000000,1,0,3.02820395
2026-04-02T10:30:00-04:00,1004.52360732,1443.34000000,124.52131801,880.00228931,785.70228931,94.30000000,0.00000000,0.1239605691,0.1250000000,1,0,3.02820395
2026-04-02T10:45:00-04:00,1005.17258297,1443.34000000,124.43029366,880.74228931,785.70228931,95.04000000,0.00000000,0.1237899797,0.1250000000,1,0,3.02820395
2026-04-02T11:00:00-04:00,1005.10406244,1443.34000000,124.52177314,880.58228931,785.70228931,94.88000000,0.00000000,0.1238894337,0.1250000000,1,0,3.02820395
2026-04-02T11:15:00-04:00,1005.00636341,1443.34000000,124.54407410,880.46228931,785.70228931,94.76000000,0.00000000,0.1239236672,0.1250000000,1,0,3.02820395
2026-04-02T11:30:00-04:00,1004.98911950,1443.34000000,124.56683019,880.42228931,785.70228931,94.72000000,0.00000000,0.1239484366,0.1250000000,1,0,3.02820395
2026-04-02T11:45:00-04:00,1005.04085123,1443.34000000,124.49856192,880.54228931,785.70228931,94.84000000,0.00000000,0.1238741309,0.1250000000,1,0,3.02820395
2026-04-02T12:00:00-04:00,1005.42360732,1443.34000000,124.52131801,880.90228931,785.70228931,95.20000000,0.00000000,0.1238496064,0.1250000000,1,0,3.02820395
2026-04-02T12:15:00-04:00,1005.08085123,1443.34000000,124.49856192,880.58228931,785.70228931,94.88000000,0.00000000,0.1238692009,0.1250000000,1,0,3.02820395
2026-04-02T12:30:00-04:00,1005.46951950,1443.34000000,124.56683019,880.90268931,785.70228931,95.20040000,0.00000000,0.1238892157,0.1250000000,1,0,3.02820395
2026-04-02T12:45:00-04:00,1005.31187559,1443.34000000,124.58958628,880.72228931,785.70228931,95.02000000,0.00000000,0.1239312787,0.1250000000,1,0,3.02820395
2026-04-02T13:00:00-04:00,1005.47463168,1443.34000000,124.61234237,880.86228931,785.70228931,95.16000000,0.00000000,0.1239338502,0.1250000000,1,0,3.02820395
2026-04-02T13:15:00-04:00,1005.21738777,1443.34000000,124.63509846,880.58228931,785.70228931,94.88000000,0.00000000,0.1239882039,0.1250000000,1,0,3.02820395
2026-04-02T13:30:00-04:00,1005.10555460,1443.34000000,124.62326529,880.48228931,785.70228931,94.78000000,0.00000000,0.1239902264,0.1250000000,1,0,3.02820395
2026-04-02T13:45:00-04:00,1004.67000438,1443.34000000,124.54771508,880.12228931,785.70228931,94.42000000,0.00000000,0.1239687803,0.1250000000,1,0,3.02820395
2026-04-02T14:00:00-04:00,1004.64555460,1443.34000000,124.62326529,880.02228931,785.70228931,94.32000000,0.00000000,0.1240469982,0.1250000000,1,0,3.02820395
2026-04-02T14:15:00-04:00,1004.57187559,1443.34000000,124.58958628,879.98228931,785.70228931,94.28000000,0.00000000,0.1240225705,0.1250000000,1,0,3.02820395
2026-04-02T14:30:00-04:00,1005.13738777,1443.34000000,124.63509846,880.50228931,785.70228931,94.80000000,0.00000000,0.1239980723,0.1250000000,1,0,3.02820395
2026-04-02T14:45:00-04:00,1005.51240678,1443.34000000,124.65011748,880.86228931,785.70228931,95.16000000,0.00000000,0.1239667623,0.1250000000,1,0,3.02820395
2026-04-02T15:00:00-04:00,1005.37738777,1443.34000000,124.63509846,880.74228931,785.70228931,95.04000000,0.00000000,0.1239684719,0.1250000000,1,0,3.02820395
2026-04-02T15:15:00-04:00,1005.22911950,1443.34000000,124.56683019,880.66228931,785.70228931,94.96000000,0.00000000,0.1239188437,0.1250000000,1,0,3.02820395
2026-04-02T15:30:00-04:00,1004.73187559,1443.34000000,124.58958628,880.14228931,785.70228931,94.44000000,0.00000000,0.1240028204,0.1250000000,1,0,3.02820395
2026-04-02T15:45:00-04:00,1005.07463168,1443.34000000,124.61234237,880.46228931,785.70228931,94.76000000,0.00000000,0.1239831734,0.1250000000,1,0,3.02820395
2026-04-06T09:30:00-04:00,1005.07180216,1443.34000000,125.24951286,879.82228931,785.70228931,94.12000000,0.00000000,0.1246174777,0.1250000000,1,0,3.02820395
2026-04-06T09:45:00-04:00,1006.46487523,1443.34000000,125.52258592,880.94228931,785.70228931,95.24000000,0.00000000,0.1247163105,0.1250000000,1,0,3.02820395
2026-04-06T10:00:00-04:00,1005.68282652,1443.34000000,125.34053721,880.34228931,785.70228931,94.64000000,0.00000000,0.1246322736,0.1250000000,1,0,3.02820395
2026-04-06T10:15:00-04:00,1005.29385087,1443.34000000,125.43156157,879.86228931,785.70228931,94.16000000,0.00000000,0.1247710423,0.1250000000,1,0,3.02820395
2026-04-06T10:30:00-04:00,1004.75731434,1443.34000000,125.29502503,879.46228931,785.70228931,93.76000000,0.00000000,0.1247017795,0.1250000000,1,0,3.02820395
2026-04-06T10:45:00-04:00,1004.12904607,1443.34000000,125.22675677,878.90228931,785.70228931,93.20000000,0.00000000,0.1247118159,0.1250000000,1,0,3.02820395
2026-04-06T11:00:00-04:00,1004.30628999,1443.34000000,125.20400068,879.10228931,785.70228931,93.40000000,0.00000000,0.1246671478,0.1250000000,1,0,3.02820395
2026-04-06T11:15:00-04:00,1003.71802172,1443.34000000,125.13573241,878.58228931,785.70228931,92.88000000,0.00000000,0.1246721985,0.1250000000,1,0,3.02820395
2026-04-06T11:30:00-04:00,1004.12077781,1443.34000000,125.15848850,878.96228931,785.70228931,93.26000000,0.00000000,0.1246448547,0.1250000000,1,0,3.02820395
2026-04-06T11:45:00-04:00,1004.00282652,1443.34000000,125.34053721,878.66228931,785.70228931,92.96000000,0.00000000,0.1248408211,0.1250000000,1,0,3.02820395
2026-04-06T12:00:00-04:00,1004.03180216,1443.34000000,125.24951286,878.78228931,785.70228931,93.08000000,0.00000000,0.1247465594,0.1250000000,1,0,3.02820395
2026-04-06T12:15:00-04:00,1003.76282652,1443.34000000,125.34053721,878.42228931,785.70228931,92.72000000,0.00000000,0.1248706705,0.1250000000,1,0,3.02820395
2026-04-06T12:30:00-04:00,1004.40833870,1443.34000000,125.38604939,879.02228931,785.70228931,93.32000000,0.00000000,0.1248357312,0.1250000000,1,0,3.02820395
2026-04-06T12:45:00-04:00,1003.99180216,1443.34000000,125.24951286,878.74228931,785.70228931,93.04000000,0.00000000,0.1247515294,0.1250000000,1,0,3.02820395
2026-04-06T13:00:00-04:00,1003.04770474,1443.34000000,124.88541543,878.16228931,785.70228931,92.46000000,0.00000000,0.1245059580,0.1250000000,1,0,3.02820395
2026-04-06T13:15:00-04:00,1004.33455825,1443.34000000,125.27226894,879.06228931,785.70228931,93.36000000,0.00000000,0.1247316125,0.1250000000,1,0,3.02820395
2026-04-06T13:30:00-04:00,1003.98157781,1443.34000000,125.15848850,878.82308931,785.70228931,93.12080000,0.00000000,0.1246621365,0.1250000000,1,0,3.02820395
2026-04-06T13:45:00-04:00,1003.64568272,1443.34000000,125.08339341,878.56228931,785.70228931,92.86000000,0.00000000,0.1246290355,0.1250000000,1,0,3.02820395
2026-04-06T14:00:00-04:00,1003.85731434,1443.34000000,125.29502503,878.56228931,785.70228931,92.86000000,0.00000000,0.1248135798,0.1250000000,1,0,3.02820395
2026-04-06T14:15:00-04:00,1004.15038741,1443.34000000,125.56809810,878.58228931,785.70228931,92.88000000,0.00000000,0.1250490959,0.1250000000,1,0,3.02820395
2026-04-06T14:30:00-04:00,1003.92833870,1443.34000000,125.38604939,878.54228931,785.70228931,92.84000000,0.00000000,0.1248954179,0.1250000000,1,0,3.02820395
2026-04-06T14:45:00-04:00,1003.97936305,1443.34000000,125.47707374,878.50228931,785.70228931,92.80000000,0.00000000,0.1249797340,0.1250000000,1,0,3.02820395
2026-04-06T15:00:00-04:00,1003.99660696,1443.34000000,125.45431765,878.54228931,785.70228931,92.84000000,0.00000000,0.1249549219,0.1250000000,1,0,3.02820395
2026-04-06T15:15:00-04:00,1004.13430600,1443.34000000,125.43201669,878.70228931,785.70228931,93.00000000,0.00000000,0.1249155775,0.1250000000,1,0,3.02820395
2026-04-06T15:30:00-04:00,1003.99385087,1443.34000000,125.43156157,878.56228931,785.70228931,92.86000000,0.00000000,0.1249325994,0.1250000000,1,0,3.02820395
2026-04-06T15:45:00-04:00,1003.79314350,1443.34000000,125.59085419,878.20228931,785.70228931,92.50000000,0.00000000,0.1251162702,0.1250000000,1,0,3.02820395
2026-04-07T09:30:00-04:00,1001.13355249,1443.34000000,124.89724860,876.23630389,876.23630389,0.00000000,0.00000000,0.1247558313,0.1250000000,0,0,0.00000000
2026-04-07T09:45:00-04:00,1000.75762190,1443.34000000,124.52131801,876.23630389,876.23630389,0.00000000,0.00000000,0.1244270494,0.1250000000,0,0,0.00000000
2026-04-07T10:00:00-04:00,1000.16550847,1443.34000000,123.92920458,876.23630389,876.23630389,0.00000000,0.00000000,0.1239086966,0.1250000000,0,0,0.00000000
2026-04-07T10:15:00-04:00,1000.51959321,1443.34000000,124.28328932,876.23630389,876.23630389,0.00000000,0.00000000,0.1242187461,0.1250000000,0,0,0.00000000
2026-04-07T10:30:00-04:00,1000.39352448,1443.34000000,124.15722059,876.23630389,876.23630389,0.00000000,0.00000000,0.1241083809,0.1250000000,0,0,0.00000000
2026-04-07T10:45:00-04:00,1000.05218315,1443.34000000,123.81587926,876.23630389,876.23630389,0.00000000,0.00000000,0.1238094185,0.1250000000,0,0,0.00000000
2026-04-07T11:00:00-04:00,999.98391488,1443.34000000,123.74761099,876.23630389,876.23630389,0.00000000,0.00000000,0.1237496015,0.1250000000,0,0,0.00000000
2026-04-07T11:15:00-04:00,1000.34801230,1443.34000000,124.11170841,876.23630389,876.23630389,0.00000000,0.00000000,0.1240685310,0.1250000000,0,0,0.00000000
2026-04-07T11:30:00-04:00,1000.30250012,1443.34000000,124.06619624,876.23630389,876.23630389,0.00000000,0.00000000,0.1240286775,0.1250000000,0,0,0.00000000
2026-04-07T11:45:00-04:00,1000.57557319,1443.34000000,124.33926930,876.23630389,876.23630389,0.00000000,0.00000000,0.1242677441,0.1250000000,0,0,0.00000000
2026-04-07T12:00:00-04:00,1000.81314676,1443.34000000,124.57684287,876.23630389,876.23630389,0.00000000,0.00000000,0.1244756259,0.1250000000,0,0,0.00000000
2026-04-07T12:15:00-04:00,1000.98518279,1443.34000000,124.74887890,876.23630389,876.23630389,0.00000000,0.00000000,0.1246260994,0.1250000000,0,0,0.00000000
2026-04-07T12:30:00-04:00,1001.03069496,1443.34000000,124.79439108,876.23630389,876.23630389,0.00000000,0.00000000,0.1246658986,0.1250000000,0,0,0.00000000
2026-04-07T12:45:00-04:00,1001.03069496,1443.34000000,124.79439108,876.23630389,876.23630389,0.00000000,0.00000000,0.1246658986,0.1250000000,0,0,0.00000000
2026-04-07T13:00:00-04:00,1001.07620714,1443.34000000,124.83990326,876.23630389,876.23630389,0.00000000,0.00000000,0.1247056941,0.1250000000,0,0,0.00000000
2026-04-07T13:15:00-04:00,1000.98563791,1443.34000000,124.74933402,876.23630389,876.23630389,0.00000000,0.00000000,0.1246264974,0.1250000000,0,0,0.00000000
2026-04-07T13:30:00-04:00,1001.21319880,1443.34000000,124.97689491,876.23630389,876.23630389,0.00000000,0.00000000,0.1248254568,0.1250000000,0,0,0.00000000
2026-04-07T13:45:00-04:00,1001.16723150,1443.34000000,124.93092761,876.23630389,876.23630389,0.00000000,0.00000000,0.1247852743,0.1250000000,0,0,0.00000000
2026-04-07T14:00:00-04:00,1001.12171932,1443.34000000,124.88541543,876.23630389,876.23630389,0.00000000,0.00000000,0.1247454860,0.1250000000,0,0,0.00000000
2026-04-07T14:15:00-04:00,1001.03069496,1443.34000000,124.79439108,876.23630389,876.23630389,0.00000000,0.00000000,0.1246658986,0.1250000000,0,0,0.00000000
2026-04-07T14:30:00-04:00,1000.89415843,1443.34000000,124.65785455,876.23630389,876.23630389,0.00000000,0.00000000,0.1245464903,0.1250000000,0,0,0.00000000
2026-04-07T14:45:00-04:00,1000.53006101,1443.34000000,124.29375713,876.23630389,876.23630389,0.00000000,0.00000000,0.1242279088,0.1250000000,0,0,0.00000000
2026-04-07T15:00:00-04:00,1000.71210972,1443.34000000,124.47580584,876.23630389,876.23630389,0.00000000,0.00000000,0.1243872285,0.1250000000,0,0,0.00000000
2026-04-07T15:15:00-04:00,1001.16723150,1443.34000000,124.93092761,876.23630389,876.23630389,0.00000000,0.00000000,0.1247852743,0.1250000000,0,0,0.00000000
2026-04-07T15:30:00-04:00,1001.28101194,1443.34000000,125.04470806,876.23630389,876.23630389,0.00000000,0.00000000,0.1248847292,0.1250000000,0,0,0.00000000
2026-04-07T15:45:00-04:00,1001.98645070,1443.34000000,125.75014681,876.23630389,876.23630389,0.00000000,0.00000000,0.1255008456,0.1250000000,0,0,0.00000000
2026-04-08T09:30:00-04:00,1005.76396144,1443.34000000,129.52765755,876.23630389,876.23630389,0.00000000,0.00000000,0.1287853438,0.1250000000,0,6,0.00000000
2026-04-08T09:45:00-04:00,999.69728148,1443.34000000,129.50490146,870.19238001,1.68238001,868.51000000,0.00000000,0.1295441169,0.1250000000,2,0,21.28686844
2026-04-08T10:00:00-04:00,1013.74106192,1443.34000000,129.61868191,884.12238001,1.68238001,882.44000000,0.00000000,0.1278617260,0.1250000000,2,0,21.28686844
2026-04-08T10:15:00-04:00,1017.79291321,1443.34000000,129.43663320,888.35628001,1.68238001,886.67390000,0.00000000,0.1271738401,0.1250000000,2,0,21.28686844
2026-04-08T10:30:00-04:00,1011.44098885,1443.34000000,129.34560884,882.09538001,1.68238001,880.41300000,0.00000000,0.1278825065,0.1250000000,2,0,21.28686844
2026-04-08T10:45:00-04:00,1004.02042797,1443.34000000,129.11804795,874.90238001,1.68238001,873.22000000,0.00000000,0.1286010168,0.1250000000,2,0,21.28686844
2026-04-08T11:00:00-04:00,1006.06196450,1443.34000000,129.25458449,876.80738001,1.68238001,875.12500000,0.00000000,0.1284757689,0.1250000000,2,0,21.28686844
2026-04-08T11:15:00-04:00,1004.59420841,1443.34000000,129.23182840,875.36238001,1.68238001,873.68000000,0.00000000,0.1286408256,0.1250000000,2,0,21.28686844
2026-04-08T11:30:00-04:00,1008.89769222,1443.34000000,129.47031221,879.42738001,1.68238001,877.74500000,0.00000000,0.1283284848,0.1250000000,2,0,21.28686844
2026-04-08T11:45:00-04:00,1011.85990583,1443.34000000,129.59592582,882.26398001,1.68238001,880.58160000,0.00000000,0.1280769453,0.1250000000,2,0,21.28686844
2026-04-08T12:00:00-04:00,1012.55606192,1443.34000000,129.61868191,882.93738001,1.68238001,881.25500000,0.00000000,0.1280113633,0.1250000000,2,0,21.28686844
2026-04-08T12:15:00-04:00,1011.50881801,1443.34000000,129.64143800,881.86738001,1.68238001,880.18500000,0.00000000,0.1281663943,0.1250000000,2,1,21.28686844
2026-04-08T12:30:00-04:00,1016.12211063,1443.34000000,129.80073062,886.32138001,1.68238001,884.63900000,0.00000000,0.1277412717,0.1250000000,2,0,21.28686844
2026-04-08T12:45:00-04:00,1016.05362281,1443.34000000,129.84624280,886.20738001,1.68238001,884.52500000,0.00000000,0.1277946753,0.1250000000,2,1,21.28686844
2026-04-08T13:00:00-04:00,1015.83535454,1443.34000000,129.77797453,886.05738001,1.68238001,884.37500000,0.00000000,0.1277549299,0.1250000000,2,0,21.28686844
2026-04-08T13:15:00-04:00,1012.62830583,1443.34000000,129.59592582,883.03238001,1.68238001,881.35000000,0.00000000,0.1279797583,0.1250000000,2,1,21.28686844
2026-04-08T13:30:00-04:00,1010.03646192,1443.34000000,129.61868191,880.41778001,1.68238001,878.73540000,0.00000000,0.1283306958,0.1250000000,2,0,21.28686844
2026-04-08T13:45:00-04:00,1010.39606192,1443.34000000,129.61868191,880.77738001,1.68238001,879.09500000,0.00000000,0.1282850229,0.1250000000,2,0,21.28686844
2026-04-08T14:00:00-04:00,1005.20311063,1443.34000000,129.80073062,875.40238001,1.68238001,873.72000000,0.00000000,0.1291288589,0.1250000000,2,0,21.28686844
2026-04-08T14:15:00-04:00,999.44283756,1443.34000000,129.52765755,869.91518001,1.68238001,868.23280000,0.00000000,0.1295998657,0.1250000000,2,1,21.28686844
2026-04-08T14:30:00-04:00,994.54972059,1443.34000000,129.27734058,865.27238001,1.68238001,863.59000000,0.00000000,0.1299857995,0.1250000000,2,1,21.28686844
2026-04-08T14:45:00-04:00,986.11223169,1443.34000000,129.00426751,857.10796418,796.85026418,60.25770000,0.00000000,0.1308210804,0.1250000000,1,0,3.02151114
2026-04-08T15:00:00-04:00,986.52863649,1443.34000000,129.20907231,857.31956418,796.85026418,60.46930000,0.00000000,0.1309734634,0.1250000000,1,0,3.02151114
2026-04-08T15:15:00-04:00,986.07131951,1443.34000000,128.95875533,857.11256418,796.85026418,60.26230000,0.00000000,0.1307803531,0.1250000000,1,0,3.02151114
2026-04-08T15:30:00-04:00,986.74434867,1443.34000000,129.25458449,857.48976418,796.85026418,60.63950000,0.00000000,0.1309909549,0.1250000000,1,2,3.02151114
2026-04-08T15:45:00-04:00,988.70544266,1443.34000000,129.57316973,859.13227293,5.60227293,853.53000000,0.00000000,0.1310533594,0.1250000000,3,1,16.56011974
2026-04-09T09:30:00-04:00,997.69585881,1443.34000000,123.47306095,874.22279785,0.08799785,874.13480000,0.00000000,0.1237582174,0.1250000000,3,0,17.08054565
2026-04-09T09:45:00-04:00,1005.40302445,1443.34000000,123.17992660,882.22309785,0.08799785,882.13510000,0.00000000,0.1225179591,0.1250000000,3,0,0.70629936
2026-04-09T10:00:00-04:00,1003.50021660,1443.34000000,123.16861875,880.33159785,0.08799785,880.24360000,0.00000000,0.1227390056,0.1250000000,3,0,0.70629936
2026-04-09T10:15:00-04:00,995.35452031,1443.34000000,122.99465177,872.35986853,787.39636853,84.96350000,0.00000000,0.1235686876,0.1250000000,2,0,0.70629936
2026-04-09T10:30:00-04:00,995.34020379,1443.34000000,123.08163526,872.25856853,787.39636853,84.86220000,0.00000000,0.1236578557,0.1250000000,2,0,0.70629936
2026-04-09T10:45:00-04:00,996.74283130,1443.34000000,123.22646277,873.51636853,787.39636853,86.12000000,0.00000000,0.1236291437,0.1250000000,2,0,0.70629936
2026-04-09T11:00:00-04:00,996.32473774,1443.34000000,123.42956921,872.89516853,787.39636853,85.49880000,0.00000000,0.1238848786,0.1250000000,2,0,0.70629936
2026-04-09T11:15:00-04:00,996.09450013,1443.34000000,123.36433159,872.73016853,787.39636853,85.33380000,0.00000000,0.1238480200,0.1250000000,2,0,0.00000000
2026-04-09T11:30:00-04:00,996.82725059,1443.34000000,123.62528206,873.20196853,787.39636853,85.80560000,0.00000000,0.1240187625,0.1250000000,2,0,0.00000000
2026-04-09T11:45:00-04:00,997.90889098,1443.34000000,123.82099491,874.08789607,809.68789607,64.40000000,0.00000000,0.1240804607,0.1250000000,1,0,0.00000000
2026-04-09T12:00:00-04:00,998.54912859,1443.34000000,123.88623252,874.66289607,809.68789607,64.97500000,0.00000000,0.1240662367,0.1250000000,1,0,0.00000000
2026-04-09T12:15:00-04:00,998.75738272,1443.34000000,123.86448665,874.89289607,809.68789607,65.20500000,0.00000000,0.1240185943,0.1250000000,1,0,0.00000000
2026-04-09T12:30:00-04:00,998.50563685,1443.34000000,123.84274078,874.66289607,809.68789607,64.97500000,0.00000000,0.1240280838,0.1250000000,1,0,0.00000000
2026-04-09T12:45:00-04:00,998.41107797,1443.34000000,123.86318190,874.54789607,809.68789607,64.86000000,0.00000000,0.1240603040,0.1250000000,1,0,0.00000000
2026-04-09T13:00:00-04:00,998.11130938,1443.34000000,123.90841331,874.20289607,809.68789607,64.51500000,0.00000000,0.1241428808,0.1250000000,1,0,0.00000000
2026-04-09T13:15:00-04:00,997.92393129,1443.34000000,123.95103522,873.97289607,809.68789607,64.28500000,0.00000000,0.1242089014,0.1250000000,1,0,0.00000000
2026-04-09T13:30:00-04:00,997.48611208,1443.34000000,123.97321601,873.51289607,809.68789607,63.82500000,0.00000000,0.1242856562,0.1250000000,1,0,0.00000000
2026-04-09T13:45:00-04:00,996.77729457,1443.34000000,123.97321601,872.80407856,872.80407856,0.00000000,0.00000000,0.1243740369,0.1250000000,0,0,0.00000000
2026-04-09T14:00:00-04:00,996.66856521,1443.34000000,123.86448665,872.80407856,872.80407856,0.00000000,0.00000000,0.1242785124,0.1250000000,0,0,0.00000000
2026-04-09T14:15:00-04:00,996.64681934,1443.34000000,123.84274078,872.80407856,872.80407856,0.00000000,0.00000000,0.1242594050,0.1250000000,0,0,0.00000000
2026-04-09T14:30:00-04:00,996.71205695,1443.34000000,123.90797839,872.80407856,872.80407856,0.00000000,0.00000000,0.1243167247,0.1250000000,0,0,0.00000000
2026-04-09T14:45:00-04:00,996.73380282,1443.34000000,123.92972427,872.80407856,872.80407856,0.00000000,0.00000000,0.1243358296,0.1250000000,0,0,0.00000000
2026-04-09T15:00:00-04:00,996.82078631,1443.34000000,124.01670775,872.80407856,872.80407856,0.00000000,0.00000000,0.1244122409,0.1250000000,0,0,0.00000000
2026-04-09T15:15:00-04:00,996.82078631,1443.34000000,124.01670775,872.80407856,872.80407856,0.00000000,0.00000000,0.1244122409,0.1250000000,0,0,0.00000000
2026-04-09T15:30:00-04:00,996.86645264,1443.34000000,124.06237408,872.80407856,872.80407856,0.00000000,0.00000000,0.1244523514,0.1250000000,0,0,0.00000000
2026-04-09T15:45:00-04:00,996.88602393,1443.34000000,124.08194537,872.80407856,872.80407856,0.00000000,0.00000000,0.1244695405,0.1250000000,0,0,0.00000000
2026-04-10T09:30:00-04:00,997.68397304,1443.34000000,124.40813345,873.27583959,873.27583959,0.00000000,0.00000000,0.1246969349,0.1250000000,0,6,0.00000000
2026-04-10T09:45:00-04:00,1003.86711429,1443.34000000,124.40813345,879.45898084,3.47898084,875.98000000,0.00000000,0.1239288863,0.1250000000,2,4,29.92290478
2026-04-10T10:00:00-04:00,1008.62868591,1443.34000000,124.38638758,884.24229834,1.36739834,882.87490000,0.00000000,0.1233222784,0.1250000000,3,2,30.04164606
2026-04-10T10:15:00-04:00,989.98231527,1443.34000000,124.49511694,865.48719834,1.36739834,864.11980000,0.00000000,0.1257548898,0.1250000000,3,1,30.04164606
2026-04-10T10:30:00-04:00,979.94162716,1443.34000000,124.45162519,855.49000196,263.46870196,592.02130000,0.00000000,0.1269990189,0.1250000000,2,2,30.04164606
2026-04-10T10:45:00-04:00,973.92228277,1443.34000000,124.56035455,849.36192821,1.30722821,848.05470000,0.00000000,0.1278955793,0.1250000000,3,1,38.96511694
2026-04-10T11:00:00-04:00,973.60913134,1443.34000000,124.64690312,848.96222821,1.30722821,847.65500000,0.00000000,0.1280256102,0.1250000000,3,2,38.96511694
2026-04-10T11:15:00-04:00,979.68488277,1443.34000000,124.56035455,855.12452821,1.30722821,853.81730000,0.00000000,0.1271432853,0.1250000000,3,0,38.96511694
2026-04-10T11:30:00-04:00,973.63837817,1443.34000000,124.32114996,849.31722821,1.30722821,848.01000000,0.00000000,0.1276871914,0.1250000000,3,1,38.96511694
2026-04-10T11:45:00-04:00,968.23766533,1443.34000000,124.12543711,844.11222821,1.30722821,842.80500000,0.00000000,0.1281972821,0.1250000000,3,0,38.96511694
2026-04-10T12:00:00-04:00,965.11292679,1443.34000000,124.29940409,840.81352270,581.02142270,259.79210000,0.00000000,0.1287926010,0.1250000000,2,0,9.04221216
2026-04-10T12:15:00-04:00,966.25558918,1443.34000000,124.23416647,842.02142270,581.02142270,261.00000000,0.00000000,0.1285727792,0.1250000000,2,0,9.04221216
2026-04-10T12:30:00-04:00,962.90799284,1443.34000000,123.95147014,838.95652270,581.02142270,257.93510000,0.00000000,0.1287261826,0.1250000000,2,0,9.04221216
2026-04-10T12:45:00-04:00,965.50685982,1443.34000000,124.12543711,841.38142270,581.02142270,260.36000000,0.00000000,0.1285598708,0.1250000000,2,0,9.04221216
2026-04-10T13:00:00-04:00,965.44960299,1443.34000000,124.08238029,841.36722270,581.02142270,260.34580000,0.00000000,0.1285228974,0.1250000000,2,0,9.04221216
2026-04-10T13:15:00-04:00,964.14638459,1443.34000000,123.99496188,840.15142270,581.02142270,259.13000000,0.00000000,0.1286059502,0.1250000000,2,0,9.04221216
2026-04-10T13:30:00-04:00,964.29511395,1443.34000000,124.10369124,840.19142270,581.02142270,259.17000000,0.00000000,0.1286988697,0.1250000000,2,0,9.04221216
2026-04-10T13:45:00-04:00,965.57709743,1443.34000000,124.19067473,841.38642270,581.02142270,260.36500000,0.00000000,0.1286180824,0.1250000000,2,0,9.04221216
2026-04-10T14:00:00-04:00,965.43836807,1443.34000000,124.08194537,841.35642270,581.02142270,260.33500000,0.00000000,0.1285239426,0.1250000000,2,0,9.04221216
2026-04-10T14:15:00-04:00,964.28495227,1443.34000000,124.14718299,840.13776929,583.01276929,257.12500000,0.00000000,0.1287453285,0.1250000000,1,0,8.92347088
2026-04-10T14:30:00-04:00,963.59296879,1443.34000000,124.06019950,839.53276929,583.01276929,256.52000000,0.00000000,0.1287475143,0.1250000000,1,0,8.92347088
2026-04-10T14:45:00-04:00,962.56920640,1443.34000000,124.12543711,838.44376929,583.01276929,255.43100000,0.00000000,0.1289522211,0.1250000000,1,1,8.92347088
2026-04-10T15:00:00-04:00,963.15505626,1443.34000000,124.27765822,838.87739804,4.08389804,834.79350000,0.00000000,0.1290318287,0.1250000000,2,3,18.17089738
2026-04-10T15:15:00-04:00,959.48155626,1443.34000000,124.27765822,835.20389804,4.08389804,831.12000000,0.00000000,0.1295258438,0.1250000000,2,4,18.17089738
2026-04-10T15:30:00-04:00,963.67439301,1443.34000000,124.21242060,839.46197241,257.13197241,582.33000000,0.00000000,0.1288945950,0.1250000000,1,2,9.24742650
2026-04-10T15:45:00-04:00,954.05817100,1443.34000000,124.25591234,829.80225866,10.66225866,819.14000000,0.00000000,0.1302393461,0.1250000000,2,2,11.74360943
2026-04-13T09:30:00-04:00,970.19379379,1443.34000000,123.95147014,846.24232366,4.07732366,842.16500000,0.00000000,0.1277594960,0.1250000000,3,3,3.58621797
2026-04-13T09:45:00-04:00,975.79061837,1443.34000000,124.38638758,851.40423080,844.84353080,6.56070000,0.00000000,0.1274724159,0.1250000000,1,5,0.12686478
2026-04-13T10:00:00-04:00,961.90514488,1443.34000000,124.29940409,837.60574080,0.49074080,837.11500000,0.00000000,0.1292221013,0.1250000000,3,3,22.21431026
2026-04-13T10:15:00-04:00,966.42837156,1443.34000000,124.29940409,842.12896747,6.94396747,835.18500000,0.00000000,0.1286172962,0.1250000000,2,4,22.08744548
2026-04-13T10:30:00-04:00,960.05896955,1443.34000000,124.34289583,835.71607372,0.41407372,835.30200000,0.00000000,0.1295158941,0.1250000000,3,0,22.33107092
2026-04-13T10:45:00-04:00,955.42655724,1443.34000000,124.49511694,830.93144031,773.68154031,57.24990000,0.00000000,0.1303031782,0.1250000000,2,1,2.08379840
2026-04-13T11:00:00-04:00,951.28784381,1443.34000000,124.48685351,826.80099031,159.42119031,667.37980000,0.00000000,0.1308613942,0.1250000000,3,0,30.74475251
2026-04-13T11:15:00-04:00,946.81586137,1443.34000000,124.47337106,822.34249031,159.42119031,662.92130000,0.00000000,0.1314652364,0.1250000000,3,0,30.74475251
2026-04-13T11:30:00-04:00,948.54126963,1443.34000000,124.42987932,824.11139031,159.42119031,664.69020000,0.00000000,0.1311802484,0.1250000000,3,0,30.74475251
2026-04-13T11:45:00-04:00,949.58187788,1443.34000000,124.38638758,825.19549031,159.42119031,665.77430000,0.00000000,0.1309906923,0.1250000000,3,0,30.74475251
2026-04-13T12:00:00-04:00,950.40751550,1443.34000000,124.45162519,825.95589031,159.42119031,666.53470000,0.00000000,0.1309455398,0.1250000000,3,2,30.74475251
2026-04-13T12:15:00-04:00,956.96802210,1443.34000000,124.64733804,832.32068406,0.22688406,832.09380000,0.00000000,0.1302523545,0.1250000000,5,1,33.91608269
2026-04-13T12:30:00-04:00,952.14504606,1443.34000000,124.62646200,827.51858406,0.22688406,827.29170000,0.00000000,0.1308902068,0.1250000000,5,1,33.91608269
2026-04-13T12:45:00-04:00,956.81871384,1443.34000000,124.69082978,832.12788406,0.22688406,831.90100000,0.00000000,0.1303181344,0.1250000000,5,1,33.91608269
2026-04-13T13:00:00-04:00,954.99565971,1443.34000000,124.71257566,830.28308406,0.22688406,830.05620000,0.00000000,0.1305896780,0.1250000000,5,1,33.91608269
2026-04-13T13:15:00-04:00,955.09025971,1443.34000000,124.71257566,830.37768406,0.22688406,830.15080000,0.00000000,0.1305767433,0.1250000000,5,0,33.91608269
2026-04-13T13:30:00-04:00,961.71845146,1443.34000000,124.75606740,836.96238406,0.22688406,836.73550000,0.00000000,0.1297220275,0.1250000000,5,1,33.91608269
2026-04-13T13:45:00-04:00,967.73445146,1443.34000000,124.75606740,842.97838406,0.22688406,842.75150000,0.00000000,0.1289155999,0.1250000000,5,0,33.91608269
2026-04-13T14:00:00-04:00,972.26219733,1443.34000000,124.77781327,847.48438406,0.22688406,847.25750000,0.00000000,0.1283376168,0.1250000000,5,0,33.91608269
2026-04-13T14:15:00-04:00,966.86877852,1443.34000000,124.74519446,842.12358406,0.22688406,841.89670000,0.00000000,0.1290197773,0.1250000000,5,0,33.91608269
2026-04-13T14:30:00-04:00,972.67795146,1443.34000000,124.75606740,847.92188406,0.22688406,847.69500000,0.00000000,0.1282604044,0.1250000000,5,1,33.91608269
2026-04-13T14:45:00-04:00,969.73906696,1443.34000000,124.80608291,844.93298406,0.22688406,844.70610000,0.00000000,0.1287006857,0.1250000000,5,1,33.91608269
2026-04-13T15:00:00-04:00,964.42470518,1443.34000000,124.78912113,839.63558406,0.22688406,839.40870000,0.00000000,0.1293922900,0.1250000000,5,1,33.91608269
2026-04-13T15:15:00-04:00,966.98494320,1443.34000000,124.79955914,842.18538406,0.22688406,841.95850000,0.00000000,0.1290604988,0.1250000000,5,1,33.91608269
2026-04-13T15:30:00-04:00,972.47571779,1443.34000000,124.80173373,847.67398406,0.22688406,847.44710000,0.00000000,0.1283340360,0.1250000000,5,1,33.91608269
2026-04-13T15:45:00-04:00,978.75923495,1443.34000000,124.84305089,853.91618406,0.22688406,853.68930000,0.00000000,0.1275523606,0.1250000000,5,1,30.88516063
2026-04-14T09:30:00-04:00,1014.79932134,1443.34000000,125.77812338,889.02119796,165.63969796,723.38150000,0.00000000,0.1239438387,0.1250000000,3,3,0.24362543
2026-04-14T09:45:00-04:00,994.66078372,1443.34000000,125.71288577,868.94789796,4.31879796,864.62910000,0.00000000,0.1263876970,0.1250000000,4,0,5.09710640
2026-04-14T10:00:00-04:00,997.33571916,1443.34000000,125.88685274,871.44886642,160.66886642,710.78000000,0.00000000,0.1262231467,0.1250000000,3,0,0.24362543
2026-04-14T10:15:00-04:00,1005.23275181,1443.34000000,126.01732797,879.21542384,214.56642384,664.64900000,0.00000000,0.1253613432,0.1250000000,2,1,0.00000000
2026-04-14T10:30:00-04:00,994.11865854,1443.34000000,125.97383623,868.14482231,2.13852231,866.00630000,0.00000000,0.1267191146,0.1250000000,3,0,8.99803642
2026-04-14T10:45:00-04:00,1002.34039616,1443.34000000,126.03907385,876.30132231,2.13852231,874.16280000,0.00000000,0.1257447812,0.1250000000,3,2,8.99803642
2026-04-14T11:00:00-04:00,996.65400441,1443.34000000,125.99558210,870.65842231,2.13852231,868.51990000,0.00000000,0.1264185781,0.1250000000,3,0,8.99803642
2026-04-14T11:15:00-04:00,1001.58363647,1443.34000000,126.16911416,875.41452231,2.13852231,873.27600000,0.00000000,0.1259696241,0.1250000000,3,2,8.99803642
2026-04-14T11:30:00-04:00,1002.58744489,1443.34000000,126.21304082,876.37440407,9.15040407,867.22400000,0.00000000,0.1258873143,0.1250000000,2,1,8.99803642
2026-04-14T11:45:00-04:00,1015.44891359,1443.34000000,126.21304082,889.23587277,671.68547277,217.55040000,0.00000000,0.1242928513,0.1250000000,2,2,9.33103222
2026-04-14T12:00:00-04:00,1017.17253369,1443.34000000,126.21912966,890.95340402,0.15720402,890.79620000,0.00000000,0.1240882205,0.1250000000,3,1,30.96098094
2026-04-14T12:15:00-04:00,1014.69747420,1443.34000000,126.32177018,888.37570402,0.15720402,888.21850000,0.00000000,0.1244920515,0.1250000000,3,1,30.96098094
2026-04-14T12:30:00-04:00,1013.61657420,1443.34000000,126.32177018,887.29480402,0.15720402,887.13760000,0.00000000,0.1246248072,0.1250000000,3,2,30.96098094
2026-04-14T12:45:00-04:00,1009.84258246,1443.34000000,126.27827844,883.56430402,0.15720402,883.40710000,0.00000000,0.1250474882,0.1250000000,3,0,30.96098094
2026-04-14T13:00:00-04:00,1013.18118246,1443.34000000,126.27827844,886.90290402,0.15720402,886.74570000,0.00000000,0.1246354360,0.1250000000,3,0,30.96098094
2026-04-14T13:15:00-04:00,1014.57602173,1443.34000000,126.33481770,888.24120402,0.15720402,888.08400000,0.00000000,0.1245198142,0.1250000000,3,1,30.96098094
2026-04-14T13:30:00-04:00,1018.94576595,1443.34000000,126.36526192,892.58050402,0.15720402,892.42330000,0.00000000,0.1240156897,0.1250000000,3,0,30.96098094
2026-04-14T13:45:00-04:00,1012.08597420,1443.34000000,126.32177018,885.76420402,0.15720402,885.60700000,0.00000000,0.1248132801,0.1250000000,3,0,30.96098094
2026-04-14T14:00:00-04:00,1002.38657748,1443.34000000,126.30002431,876.08655318,8.36155318,867.72500000,0.00000000,0.1259993172,0.1250000000,2,0,30.62798515
2026-04-14T14:15:00-04:00,1003.11832336,1443.34000000,126.32177018,876.79655318,8.36155318,868.43500000,0.00000000,0.1259290826,0.1250000000,2,0,30.62798515
2026-04-14T14:30:00-04:00,1007.19332336,1443.34000000,126.32177018,880.87155318,8.36155318,872.51000000,0.00000000,0.1254195865,0.1250000000,2,0,30.62798515
2026-04-14T14:45:00-04:00,1011.79332336,1443.34000000,126.32177018,885.47155318,8.36155318,877.11000000,0.00000000,0.1248493811,0.1250000000,2,0,30.62798515
2026-04-14T15:00:00-04:00,1017.02301510,1443.34000000,126.36526192,890.65775318,8.36155318,882.29620000,0.00000000,0.1242501497,0.1250000000,2,3,30.62798515
2026-04-14T15:15:00-04:00,1013.21381510,1443.34000000,126.36526192,886.84855318,8.36155318,878.48700000,0.00000000,0.1247172710,0.1250000000,2,2,30.62798515
2026-04-14T15:30:00-04:00,1014.21171510,1443.34000000,126.36526192,887.84645318,1.55645318,886.29000000,0.00000000,0.1245945595,0.1250000000,3,2,30.77280746
2026-04-14T15:45:00-04:00,1018.09846097,1443.34000000,126.38700780,891.71145318,1.55645318,890.15500000,0.00000000,0.1241402601,0.1250000000,3,3,30.77280746
2026-04-15T09:30:00-04:00,1046.52799278,1443.34000000,126.34351605,920.18447673,8.64587673,911.53860000,0.00000000,0.1207263608,0.1250000000,2,4,8.99803642
2026-04-15T09:45:00-04:00,1055.44620673,1443.34000000,126.69145000,928.75475673,0.47975673,928.27500000,0.00000000,0.1200359139,0.1250000000,3,3,9.23451610
2026-04-15T10:00:00-04:00,1060.45851942,1443.34000000,126.75668762,933.70183180,714.73183180,218.97000000,0.00000000,0.1195300762,0.1250000000,2,1,9.23451610
2026-04-15T10:15:00-04:00,1057.82140101,1443.34000000,126.85367421,930.96772680,2.05772680,928.91000000,0.00000000,0.1199197465,0.1250000000,3,1,24.21297736
2026-04-15T10:30:00-04:00,1056.17088966,1443.34000000,126.88716285,929.28372680,2.05772680,927.22600000,0.00000000,0.1201388564,0.1250000000,3,2,24.21297736
2026-04-15T10:45:00-04:00,1058.46952727,1443.34000000,126.95240047,931.51712680,2.05772680,929.45940000,0.00000000,0.1199395894,0.1250000000,3,0,24.21297736
2026-04-15T11:00:00-04:00,1063.69143513,1443.34000000,126.96370832,936.72772680,2.05772680,934.67000000,0.00000000,0.1193614089,0.1250000000,3,1,24.21297736
2026-04-15T11:15:00-04:00,1063.90367314,1443.34000000,126.97414634,936.92952680,2.05772680,934.87180000,0.00000000,0.1193474086,0.1250000000,3,2,24.21297736
2026-04-15T11:30:00-04:00,1056.55265759,1443.34000000,127.01763808,929.53501951,205.33501951,724.20000000,0.00000000,0.1202189377,0.1250000000,2,0,15.21494094
2026-04-15T11:45:00-04:00,1052.09591172,1443.34000000,126.99589221,925.10001951,205.33501951,719.76500000,0.00000000,0.1207075237,0.1250000000,2,2,15.21494094
2026-04-15T12:00:00-04:00,1050.84589346,1443.34000000,127.03938396,923.80650951,0.50150951,923.30500000,0.00000000,0.1208924969,0.1250000000,3,1,43.94447905
2026-04-15T12:15:00-04:00,1047.03198231,1443.34000000,127.04547280,919.98650951,0.50150951,919.48500000,0.00000000,0.1213386744,0.1250000000,3,1,43.94447905
2026-04-15T12:30:00-04:00,1033.47716410,1443.34000000,126.93065460,906.54650951,0.50150951,906.04500000,0.00000000,0.1228190220,0.1250000000,3,0,43.94447905
2026-04-15T12:45:00-04:00,1037.97436410,1443.34000000,126.93065460,911.04370951,0.50150951,910.54220000,0.00000000,0.1222868878,0.1250000000,3,0,43.94447905
2026-04-15T13:00:00-04:00,1032.57854759,1443.34000000,127.01763808,905.56090951,0.50150951,905.05940000,0.00000000,0.1230101462,0.1250000000,3,0,43.94447905
2026-04-15T13:15:00-04:00,1035.33869346,1443.34000000,127.03938396,908.29930951,0.50150951,907.79780000,0.00000000,0.1227032127,0.1250000000,3,0,43.94447905
2026-04-15T13:30:00-04:00,1040.91904759,1443.34000000,127.01763808,913.90140951,0.50150951,913.39990000,0.00000000,0.1220245113,0.1250000000,3,0,43.70799937
2026-04-15T13:45:00-04:00,1045.37523938,1443.34000000,127.06112983,918.31410956,9.13410956,909.18000000,0.00000000,0.1215459531,0.1250000000,2,0,43.70799937
2026-04-15T14:00:00-04:00,1045.90138525,1443.34000000,127.08287570,918.81850956,9.13410956,909.68440000,0.00000000,0.1215056003,0.1250000000,2,0,43.70799937
2026-04-15T14:15:00-04:00,1052.69313113,1443.34000000,127.10462157,925.58850956,9.13410956,916.45440000,0.00000000,0.1207423301,0.1250000000,2,1,43.70799937
2026-04-15T14:30:00-04:00,1047.65249400,1443.34000000,127.12636744,920.52612656,0.08332656,920.44280000,0.00000000,0.1213440222,0.1250000000,3,0,44.07933131
2026-04-15T14:45:00-04:00,1047.54089400,1443.34000000,127.12636744,920.41452656,0.08332656,920.33120000,0.00000000,0.1213569496,0.1250000000,3,0,44.07933131
2026-04-15T15:00:00-04:00,1055.52494813,1443.34000000,127.10462157,928.42032656,0.08332656,928.33700000,0.00000000,0.1204183964,0.1250000000,3,2,44.07933131
2026-04-15T15:15:00-04:00,1062.26601156,1443.34000000,127.11288500,935.15312656,0.08332656,935.06980000,0.00000000,0.1196620090,0.1250000000,3,0,44.07933131
2026-04-15T15:30:00-04:00,1055.41854813,1443.34000000,127.10462157,928.31392656,0.08332656,928.23060000,0.00000000,0.1204305361,0.1250000000,3,3,44.07933131
2026-04-15T15:45:00-04:00,1053.36540225,1443.34000000,127.08287570,926.28252656,0.08332656,926.19920000,0.00000000,0.1206446267,0.1250000000,3,3,44.07933131
2026-04-16T09:30:00-04:00,1042.62692460,1443.34000000,126.66970413,915.95722047,176.05522047,739.90200000,0.00000000,0.1214909199,0.1250000000,2,4,0.00000000
2026-04-16T09:45:00-04:00,1041.63954572,1443.34000000,126.38700780,915.25253792,726.64013792,188.61240000,0.00000000,0.1213346866,0.1250000000,3,0,7.58709103
2026-04-16T10:00:00-04:00,1044.13516739,1443.34000000,126.60446652,917.53070087,754.10580087,163.42490000,0.00000000,0.1212529474,0.1250000000,2,1,0.22157118
2026-04-16T10:15:00-04:00,1043.44202411,1443.34000000,126.63491074,916.80711337,295.51211337,621.29500000,0.00000000,0.1213626707,0.1250000000,3,0,10.86079203
2026-04-16T10:30:00-04:00,1043.17718120,1443.34000000,126.80017936,916.37700184,306.90070184,609.47630000,0.00000000,0.1215519105,0.1250000000,2,0,10.63922086
2026-04-16T10:45:00-04:00,1040.95796469,1443.34000000,126.88716285,914.07080184,306.90070184,607.17010000,0.00000000,0.1218946078,0.1250000000,2,0,10.63922086
2026-04-16T11:00:00-04:00,1041.80487919,1443.34000000,127.07417735,914.73070184,306.90070184,607.83000000,0.00000000,0.1219750261,0.1250000000,2,3,10.63922086
2026-04-16T11:15:00-04:00,1036.04729692,1443.34000000,127.03938396,909.00791296,148.31791296,760.69000000,0.00000000,0.1226192900,0.1250000000,3,0,20.81381746
2026-04-16T11:30:00-04:00,1042.59401802,1443.34000000,127.19160506,915.40241296,148.31791296,767.08450000,0.00000000,0.1219953336,0.1250000000,3,0,20.81381746
2026-04-16T11:45:00-04:00,1042.41126389,1443.34000000,127.21335093,915.19791296,148.31791296,766.88000000,0.00000000,0.1220375828,0.1250000000,3,2,20.81381746
2026-04-16T12:00:00-04:00,1042.54962151,1443.34000000,127.27858855,915.27103296,4.37003296,910.90100000,0.00000000,0.1220839622,0.1250000000,4,1,24.57910117
2026-04-16T12:15:00-04:00,1038.42498389,1443.34000000,127.21335093,911.21163296,4.37003296,906.84160000,0.00000000,0.1225060576,0.1250000000,4,0,24.57910117
2026-04-16T12:30:00-04:00,1034.08824628,1443.34000000,127.14811331,906.94013296,4.37003296,902.57010000,0.00000000,0.1229567339,0.1250000000,4,0,24.57910117
2026-04-16T12:45:00-04:00,1036.15630041,1443.34000000,127.12636744,909.02993296,4.37003296,904.65990000,0.00000000,0.1226903387,0.1250000000,4,0,24.57910117
2026-04-16T13:00:00-04:00,1032.50616279,1443.34000000,127.06112983,905.44503296,4.37003296,901.07500000,0.00000000,0.1230608924,0.1250000000,4,0,24.57910117
2026-04-16T13:15:00-04:00,1037.84814628,1443.34000000,127.14811331,910.70003296,4.37003296,906.33000000,0.00000000,0.1225112882,0.1250000000,4,0,24.57910117
2026-04-16T13:30:00-04:00,1037.70838389,1443.34000000,127.21335093,910.49503296,4.37003296,906.12500000,0.00000000,0.1225906554,0.1250000000,4,1,24.57910117
2026-04-16T13:45:00-04:00,1033.14734628,1443.34000000,127.14811331,905.99923296,4.37003296,901.62920000,0.00000000,0.1230687121,0.1250000000,4,0,24.57910117
2026-04-16T14:00:00-04:00,1029.18666009,1443.34000000,126.99632713,902.19033296,4.37003296,897.82030000,0.00000000,0.1233948438,0.1250000000,4,1,24.57910117
2026-04-16T14:15:00-04:00,1025.30436529,1443.34000000,126.88716285,898.41720244,1.52720244,896.89000000,0.00000000,0.1237556058,0.1250000000,5,0,24.65888939
2026-04-16T14:30:00-04:00,1031.64833227,1443.34000000,127.06112983,904.58720244,1.52720244,903.06000000,0.00000000,0.1231632193,0.1250000000,5,1,24.65888939
2026-04-16T14:45:00-04:00,1031.77333227,1443.34000000,127.06112983,904.71220244,1.52720244,903.18500000,0.00000000,0.1231482980,0.1250000000,5,0,24.65888939
2026-04-16T15:00:00-04:00,1035.61059550,1443.34000000,127.09679306,908.51380244,1.52720244,906.98660000,0.00000000,0.1227264317,0.1250000000,5,1,24.65888939
2026-04-16T15:15:00-04:00,1035.42031575,1443.34000000,127.14811331,908.27220244,1.52720244,906.74500000,0.00000000,0.1227985499,0.1250000000,5,1,24.65888939
2026-04-16T15:30:00-04:00,1036.18394511,1443.34000000,127.25684267,908.92710244,1.52720244,907.39990000,0.00000000,0.1228129844,0.1250000000,5,1,24.65888939
2026-04-16T15:45:00-04:00,1036.17904511,1443.34000000,127.25684267,908.92220244,1.52720244,907.39500000,0.00000000,0.1228135652,0.1250000000,5,1,24.65888939
2026-04-17T09:30:00-04:00,1058.88486720,1443.34000000,128.30064453,930.58422268,1.95712268,928.62710000,0.00000000,0.1211658118,0.1250000000,5,1,15.75832917
2026-04-17T09:45:00-04:00,1051.75310482,1443.34000000,128.36588214,923.38722268,1.95712268,921.43010000,0.00000000,0.1220494445,0.1250000000,5,1,14.40450457
2026-04-17T10:00:00-04:00,1056.18327965,1443.34000000,128.55115697,927.63212268,1.95712268,925.67500000,0.00000000,0.1217129256,0.1250000000,5,1,14.40450457
2026-04-17T10:15:00-04:00,1054.12275543,1443.34000000,128.47461150,925.64814393,0.25084393,925.39730000,0.00000000,0.1218782261,0.1250000000,6,0,14.49156919
2026-04-17T10:30:00-04:00,1061.13315177,1443.34000000,128.75730784,932.37584393,0.25084393,932.12500000,0.00000000,0.1213394451,0.1250000000,6,0,14.49156919
2026-04-17T10:45:00-04:00,1058.48494051,1443.34000000,128.69207022,929.79287028,3.12127028,926.67160000,0.00000000,0.1215813899,0.1250000000,5,0,14.49156919
2026-04-17T11:00:00-04:00,1058.61354051,1443.34000000,128.69207022,929.92147028,3.12127028,926.80020000,0.00000000,0.1215666202,0.1250000000,5,0,14.49156919
2026-04-17T11:15:00-04:00,1060.57658638,1443.34000000,128.71381610,931.86277028,3.12127028,928.74150000,0.00000000,0.1213621135,0.1250000000,5,1,14.40450457
2026-04-17T11:30:00-04:00,1056.42834051,1443.34000000,128.69207022,927.73627028,3.12127028,924.61500000,0.00000000,0.1218180782,0.1250000000,5,0,14.40450457
2026-04-17T11:45:00-04:00,1052.21629464,1443.34000000,128.67032435,923.54597028,3.12127028,920.42470000,0.00000000,0.1222850520,0.1250000000,5,1,14.40450457
2026-04-17T12:00:00-04:00,1060.34767581,1443.34000000,128.75730784,931.59036797,5.00026797,926.59010000,0.00000000,0.1214293300,0.1250000000,4,0,14.40450457
2026-04-17T12:15:00-04:00,1062.76808873,1443.34000000,128.76165701,934.00643172,287.70843172,646.29800000,0.00000000,0.1211568717,0.1250000000,3,0,14.40450457
2026-04-17T12:30:00-04:00,1064.63723130,1443.34000000,128.80079958,935.83643172,287.70843172,648.12800000,0.00000000,0.1209809274,0.1250000000,3,0,14.40450457
2026-04-17T12:45:00-04:00,1063.80097717,1443.34000000,128.82254546,934.97843172,287.70843172,647.27000000,0.00000000,0.1210964722,0.1250000000,3,0,14.40450457
2026-04-17T13:00:00-04:00,1062.07073956,1443.34000000,128.75730784,933.31343172,287.70843172,645.60500000,0.00000000,0.1212323276,0.1250000000,3,0,14.40450457
2026-04-17T13:15:00-04:00,1058.57769737,1443.34000000,128.62683261,929.95086476,328.60586476,601.34500000,0.00000000,0.1215091088,0.1250000000,2,0,14.40450457
2026-04-17T13:30:00-04:00,1060.55908911,1443.34000000,128.67032435,931.88876476,328.60586476,603.28290000,0.00000000,0.1213231075,0.1250000000,2,0,14.40450457
2026-04-17T13:45:00-04:00,1061.11632673,1443.34000000,128.73556197,932.38076476,328.60586476,603.77490000,0.00000000,0.1213208757,0.1250000000,2,1,14.40450457
2026-04-17T14:00:00-04:00,1061.04321612,1443.34000000,128.62683261,932.41638351,2.38638351,930.03000000,0.00000000,0.1212267612,0.1250000000,3,0,22.86432631
2026-04-17T14:15:00-04:00,1066.42780291,1443.34000000,128.69641940,937.73138351,2.38638351,935.34500000,0.00000000,0.1206799176,0.1250000000,3,0,22.86432631
2026-04-17T14:30:00-04:00,1065.55459135,1443.34000000,128.75730784,936.79728351,2.38638351,934.41090000,0.00000000,0.1208359561,0.1250000000,3,0,22.86432631
2026-04-17T14:45:00-04:00,1070.56043722,1443.34000000,128.77905371,941.78138351,2.38638351,939.39500000,0.00000000,0.1202912505,0.1250000000,3,0,22.86432631
2026-04-17T15:00:00-04:00,1073.64575373,1443.34000000,128.69207022,944.95368351,2.38638351,942.56730000,0.00000000,0.1198645547,0.1250000000,3,1,14.40450457
2026-04-17T15:15:00-04:00,1077.59415079,1443.34000000,128.73599688,948.85815390,345.26815390,603.59000000,0.00000000,0.1194661244,0.1250000000,2,2,14.40450457
2026-04-17T15:30:00-04:00,1075.00202853,1443.34000000,128.84429133,946.15773720,0.05383720,946.10390000,0.00000000,0.1198549286,0.1250000000,3,1,26.80136816
2026-04-17T15:45:00-04:00,1080.50525887,1443.34000000,128.88778307,951.61747580,151.41867580,800.19880000,0.00000000,0.1192847346,0.1250000000,2,4,26.80136816
2026-04-20T09:30:00-04:00,1130.83058616,1443.34000000,128.58334086,1002.24724530,1.16464530,1001.08260000,0.00000000,0.1137069889,0.1250000000,3,3,10.69501667
2026-04-20T09:45:00-04:00,1132.67024758,1443.34000000,128.86560228,1003.80464530,1.16464530,1002.64000000,0.00000000,0.1137715081,0.1250000000,3,2,10.69501667
2026-04-20T10:00:00-04:00,1124.60216881,1443.34000000,128.69207022,995.91009859,448.05259859,547.85750000,0.00000000,0.1144334181,0.1250000000,3,2,0.09092961
2026-04-20T10:15:00-04:00,1133.70055650,1443.34000000,128.46721791,1005.23333859,9.24373859,995.98960000,0.00000000,0.1133167106,0.1250000000,4,1,17.39589255
2026-04-20T10:30:00-04:00,1144.97745835,1443.34000000,128.43111976,1016.54633859,9.24373859,1007.30260000,0.00000000,0.1121691251,0.1250000000,4,2,17.36075875
2026-04-20T10:45:00-04:00,1126.78346216,1443.34000000,128.14885834,998.63460382,0.65760382,997.97700000,0.00000000,0.1137298005,0.1250000000,5,0,17.65092361
2026-04-20T11:00:00-04:00,1120.43416770,1443.34000000,128.06143994,992.37272777,535.17742777,457.19530000,0.00000000,0.1142962645,0.1250000000,3,0,17.65092361
2026-04-20T11:15:00-04:00,1120.60203927,1443.34000000,128.47461150,992.12742777,535.17742777,456.95000000,0.00000000,0.1146478473,0.1250000000,3,2,17.59512780
2026-04-20T11:30:00-04:00,1122.47647142,1443.34000000,128.27889866,994.19757277,1.63757277,992.56000000,0.00000000,0.1142820379,0.1250000000,5,0,38.57821952
2026-04-20T11:45:00-04:00,1127.05297968,1443.34000000,128.23540691,998.81757277,1.63757277,997.18000000,0.00000000,0.1137793957,0.1250000000,5,1,38.57821952
2026-04-20T12:00:00-04:00,1128.03670904,1443.34000000,128.34413627,999.69257277,1.63757277,998.05500000,0.00000000,0.1137765600,0.1250000000,5,1,38.57821952
2026-04-20T12:15:00-04:00,1121.71670904,1443.34000000,128.34413627,993.37257277,1.63757277,991.73500000,0.00000000,0.1144176023,0.1250000000,5,0,38.57821952
2026-04-20T12:30:00-04:00,1123.15224666,1443.34000000,128.40937389,994.74287277,1.63757277,993.10530000,0.00000000,0.1143294458,0.1250000000,5,0,38.57821952
2026-04-20T12:45:00-04:00,1124.17180904,1443.34000000,128.34413627,995.82767277,1.63757277,994.19010000,0.00000000,0.1141677235,0.1250000000,5,0,38.28805466
2026-04-20T13:00:00-04:00,1124.20848217,1443.34000000,128.43111976,995.77736241,10.79716241,984.98020000,0.00000000,0.1142413723,0.1250000000,4,0,38.28805466
2026-04-20T13:15:00-04:00,1121.85702804,1443.34000000,128.45286563,993.40416241,10.79716241,982.60700000,0.00000000,0.1145002103,0.1250000000,4,0,38.28805466
2026-04-20T13:30:00-04:00,1122.68851979,1443.34000000,128.49635738,994.19216241,10.79716241,983.39500000,0.00000000,0.1144541474,0.1250000000,4,0,38.28805466
2026-04-20T13:45:00-04:00,1123.16026566,1443.34000000,128.51810325,994.64216241,10.79716241,983.84500000,0.00000000,0.1144254361,0.1250000000,4,1,38.28805466
2026-04-20T14:00:00-04:00,1132.16425393,1443.34000000,128.56159499,1003.60265894,0.51815894,1003.08450000,0.00000000,0.1135538369,0.1250000000,5,1,38.85394291
2026-04-20T14:15:00-04:00,1133.82899485,1443.34000000,128.60943591,1005.21955894,0.51815894,1004.70140000,0.00000000,0.1134293059,0.1250000000,5,1,38.85394291
2026-04-20T14:30:00-04:00,1133.47249980,1443.34000000,128.58334086,1004.88915894,0.51815894,1004.37100000,0.00000000,0.1134419590,0.1250000000,5,1,38.85394291
2026-04-20T14:45:00-04:00,1137.07334567,1443.34000000,128.60508674,1008.46825894,0.51815894,1007.95010000,0.00000000,0.1131018392,0.1250000000,5,1,38.85394291
2026-04-20T15:00:00-04:00,1133.46859154,1443.34000000,128.62683261,1004.84175894,0.51815894,1004.32360000,0.00000000,0.1134807207,0.1250000000,5,1,38.85394291
2026-04-20T15:15:00-04:00,1130.13229553,1443.34000000,128.56202991,1001.57026562,2.83966562,998.73060000,0.00000000,0.1137583895,0.1250000000,4,2,38.85394291
2026-04-20T15:30:00-04:00,1132.84226061,1443.34000000,128.56159499,1004.28066562,2.83966562,1001.44100000,0.00000000,0.1134858748,0.1250000000,4,2,38.85394291
2026-04-20T15:45:00-04:00,1138.87782122,1443.34000000,128.67032435,1010.20749687,0.61299687,1009.59450000,0.00000000,0.1129799193,0.1250000000,5,1,38.89641314
2026-04-21T09:30:00-04:00,1180.94385683,1443.34000000,128.71381610,1052.23004073,579.12134073,473.10870000,0.00000000,0.1089923245,0.1250000000,2,4,0.56588825
2026-04-21T09:45:00-04:00,1177.55612479,1443.34000000,128.97476656,1048.58135823,2.17895823,1046.40240000,0.00000000,0.1095274899,0.1250000000,4,2,11.22025053
2026-04-21T10:00:00-04:00,1168.11070159,1443.34000000,129.08349592,1039.02720567,455.46610567,583.56110000,0.00000000,0.1105062181,0.1250000000,3,3,11.22025053
2026-04-21T10:15:00-04:00,1166.26966234,1443.34000000,129.04000417,1037.22965817,1.59595817,1035.63370000,0.00000000,0.1106433686,0.1250000000,6,0,19.36069021
2026-04-21T10:30:00-04:00,1163.10377161,1443.34000000,129.04000417,1034.06376744,446.48146744,587.58230000,0.00000000,0.1109445325,0.1250000000,5,1,11.63065655
2026-04-21T10:45:00-04:00,1143.09146760,1443.34000000,128.69207022,1014.39939738,176.14599738,838.25340000,0.00000000,0.1125824782,0.1250000000,5,0,21.28365690
2026-04-21T11:00:00-04:00,1139.30921171,1443.34000000,128.82254546,1010.48666625,984.85656625,25.63010000,0.00000000,0.1130707486,0.1250000000,2,0,1.05452019
2026-04-21T11:15:00-04:00,1139.08819886,1443.34000000,128.62683261,1010.46136625,984.85656625,25.60480000,0.00000000,0.1129208719,0.1250000000,2,0,1.05452019
2026-04-21T11:30:00-04:00,1139.04057965,1443.34000000,128.64901340,1010.39156625,984.85656625,25.53500000,0.00000000,0.1129450660,0.1250000000,2,0,1.05452019
2026-04-21T11:45:00-04:00,1139.17913647,1443.34000000,128.69207022,1010.48706625,984.85656625,25.63050000,0.00000000,0.1129691250,0.1250000000,2,0,1.05452019
2026-04-21T12:00:00-04:00,1139.14713647,1443.34000000,128.69207022,1010.45506625,984.85656625,25.59850000,0.00000000,0.1129722984,0.1250000000,2,0,1.05452019
2026-04-21T12:15:00-04:00,1139.03390711,1443.34000000,128.58334086,1010.45056625,984.85656625,25.59400000,0.00000000,0.1128880713,0.1250000000,2,0,1.05452019
2026-04-21T12:30:00-04:00,1139.07177775,1443.34000000,128.47461150,1010.59716625,984.85656625,25.74060000,0.00000000,0.1127888637,0.1250000000,2,0,1.05452019
2026-04-21T12:45:00-04:00,1138.98082363,1443.34000000,128.49635738,1010.48446625,984.85656625,25.62790000,0.00000000,0.1128169629,0.1250000000,2,0,1.05452019
2026-04-21T13:00:00-04:00,1138.72751078,1443.34000000,128.30064453,1010.42686625,984.85656625,25.57030000,0.00000000,0.1126701896,0.1250000000,2,0,1.05452019
2026-04-21T13:15:00-04:00,1138.71451903,1443.34000000,128.25715278,1010.45736625,984.85656625,25.60080000,0.00000000,0.1126332813,0.1250000000,2,0,1.05452019
2026-04-21T13:30:00-04:00,1139.21071996,1443.34000000,128.77905371,1010.43166625,984.85656625,25.57510000,0.00000000,0.1130423472,0.1250000000,2,0,1.05452019
2026-04-21T13:45:00-04:00,1138.97881537,1443.34000000,128.53984912,1010.43896625,984.85656625,25.58240000,0.00000000,0.1128553467,0.1250000000,2,0,1.05452019
2026-04-21T14:00:00-04:00,1139.07854473,1443.34000000,128.64857848,1010.42996625,984.85656625,25.57340000,0.00000000,0.1129409197,0.1250000000,2,0,1.05452019
2026-04-21T14:15:00-04:00,1138.91200815,1443.34000000,128.47461150,1010.43739664,994.56239664,15.87500000,0.00000000,0.1128046860,0.1250000000,1,0,0.48863194
2026-04-21T14:30:00-04:00,1139.05549989,1443.34000000,128.51810325,1010.53739664,994.56239664,15.97500000,0.00000000,0.1128286578,0.1250000000,1,0,0.48863194
2026-04-21T14:45:00-04:00,1139.07671274,1443.34000000,128.71381610,1010.36289664,994.56239664,15.80050000,0.00000000,0.1129983737,0.1250000000,1,1,0.48863194
2026-04-21T15:00:00-04:00,1137.60273535,1443.34000000,128.77905371,1008.82368164,6.20168164,1002.62200000,0.00000000,0.1132021309,0.1250000000,2,1,19.76477586
2026-04-21T15:15:00-04:00,1139.76249958,1443.34000000,128.95302069,1010.80947889,0.06007889,1010.74940000,0.00000000,0.1131402557,0.1250000000,3,2,20.24361497
2026-04-21T15:30:00-04:00,1128.59554360,1443.34000000,127.93096471,1000.66457889,0.06007889,1000.60450000,0.00000000,0.1133541289,0.1250000000,3,0,20.24361497
2026-04-21T15:45:00-04:00,1137.16281516,1443.34000000,128.34413627,1008.81867889,0.06007889,1008.75860000,0.00000000,0.1128634656,0.1250000000,3,1,20.24361497
2026-04-22T09:30:00-04:00,1147.12877551,1443.34000000,129.34314163,1017.78563388,18.11063388,999.67500000,0.00000000,0.1127538114,0.1250000000,2,4,19.37570008
2026-04-22T09:45:00-04:00,1144.80675951,1443.34000000,129.38793813,1015.41882138,2.34882138,1013.07000000,0.00000000,0.1130216406,0.1250000000,3,3,19.90498951
2026-04-22T10:00:00-04:00,1138.46723474,1443.34000000,129.51841336,1008.94882138,2.34882138,1006.60000000,0.00000000,0.1137656047,0.1250000000,3,3,19.90498951
2026-04-22T10:15:00-04:00,1138.36595634,1443.34000000,129.69281525,1008.67314109,6.43314109,1002.24000000,0.00000000,0.1139289299,0.1250000000,2,4,19.90498951
2026-04-22T10:30:00-04:00,1136.40202968,1443.34000000,129.64888859,1006.75314109,6.43314109,1000.32000000,0.00000000,0.1140871674,0.1250000000,2,1,19.90498951
2026-04-22T10:45:00-04:00,1141.04377555,1443.34000000,129.67063446,1011.37314109,6.43314109,1004.94000000,0.00000000,0.1136421207,0.1250000000,2,0,19.90498951
2026-04-22T11:00:00-04:00,1136.52102142,1443.34000000,129.69238033,1006.82864109,6.43314109,1000.39550000,0.00000000,0.1141134901,0.1250000000,2,0,19.90498951
2026-04-22T11:15:00-04:00,1142.31075904,1443.34000000,129.75761795,1012.55314109,6.43314109,1006.12000000,0.00000000,0.1135922225,0.1250000000,2,0,19.90498951
2026-04-22T11:30:00-04:00,1140.00451317,1443.34000000,129.73587208,1010.26864109,6.43314109,1003.83550000,0.00000000,0.1138029460,0.1250000000,2,0,19.90498951
2026-04-22T11:45:00-04:00,1142.26401317,1443.34000000,129.73587208,1012.52814109,6.43314109,1006.09500000,0.00000000,0.1135778337,0.1250000000,2,1,19.90498951
2026-04-22T12:00:00-04:00,1142.94504313,1443.34000000,129.76240204,1013.18264109,6.43314109,1006.74950000,0.00000000,0.1135333696,0.1250000000,2,1,19.90498951
2026-04-22T12:15:00-04:00,1142.30600491,1443.34000000,129.77936382,1012.52664109,6.43314109,1006.09350000,0.00000000,0.1136117321,0.1250000000,2,1,19.90498951
2026-04-22T12:30:00-04:00,1143.29351317,1443.34000000,129.73587208,1013.55764109,6.43314109,1007.12450000,0.00000000,0.1134755604,0.1250000000,2,0,19.90498951
2026-04-22T12:45:00-04:00,1142.79925904,1443.34000000,129.75761795,1013.04164109,6.43314109,1006.60850000,0.00000000,0.1135436665,0.1250000000,2,1,19.90498951
2026-04-22T13:00:00-04:00,1153.69941253,1443.34000000,129.84460144,1023.85481109,1.98981109,1021.86500000,0.00000000,0.1125463011,0.1250000000,3,1,19.97494842
2026-04-22T13:15:00-04:00,1166.12941253,1443.34000000,129.84460144,1036.28481109,1.98981109,1034.29500000,0.00000000,0.1113466482,0.1250000000,3,0,0.69880451
2026-04-22T13:30:00-04:00,1174.59941253,1443.34000000,129.84460144,1044.75481109,1.98981109,1042.76500000,0.00000000,0.1105437310,0.1250000000,3,0,0.69880451
2026-04-22T13:45:00-04:00,1178.10788144,1443.34000000,129.84025226,1048.26762917,1028.13262917,20.13500000,0.00000000,0.1102108341,0.1250000000,2,0,0.69880451
2026-04-22T14:00:00-04:00,1178.25223061,1443.34000000,129.84460144,1048.40762917,1028.13262917,20.27500000,0.00000000,0.1102010232,0.1250000000,2,0,0.69880451
2026-04-22T14:15:00-04:00,1178.23723061,1443.34000000,129.84460144,1048.39262917,1028.13262917,20.26000000,0.00000000,0.1102024262,0.1250000000,2,0,0.69880451
2026-04-22T14:30:00-04:00,1178.30217483,1443.34000000,129.87504566,1048.42712917,1028.13262917,20.29450000,0.00000000,0.1102221895,0.1250000000,2,2,0.69880451
2026-04-22T14:45:00-04:00,1179.53356436,1443.34000000,129.84460144,1049.68896292,12.61656292,1037.07240000,0.00000000,0.1100813113,0.1250000000,3,0,20.96862856
2026-04-22T15:00:00-04:00,1180.38140198,1443.34000000,129.90983905,1050.47156292,12.61656292,1037.85500000,0.00000000,0.1100575109,0.1250000000,3,0,20.96862856
2026-04-22T15:15:00-04:00,1182.57941849,1443.34000000,129.82285557,1052.75656292,12.61656292,1040.14000000,0.00000000,0.1097793971,0.1250000000,3,1,20.96862856
2026-04-22T15:30:00-04:00,1191.01793148,1443.34000000,129.86634731,1061.15158417,5.30608417,1055.84550000,0.00000000,0.1090381126,0.1250000000,4,2,21.19279351
2026-04-22T15:45:00-04:00,1197.83468901,1443.34000000,129.90940414,1067.92528487,0.77028487,1067.15500000,0.00000000,0.1084535331,0.1250000000,5,1,21.42795111
2026-04-23T09:30:00-04:00,1201.44396762,1443.34000000,128.99651243,1072.44745519,10.35245519,1062.09500000,0.00000000,0.1073678972,0.1250000000,3,3,0.85301053
2026-04-23T09:45:00-04:00,1199.95718918,1443.34000000,128.79079648,1071.16639269,1.59589269,1069.57050000,0.00000000,0.1073294928,0.1250000000,4,0,1.21453582
2026-04-23T10:00:00-04:00,1190.00297564,1443.34000000,128.82254546,1061.18043019,1037.15543019,24.02500000,0.00000000,0.1082539692,0.1250000000,2,0,0.99037088
2026-04-23T10:15:00-04:00,1190.26495913,1443.34000000,128.90952894,1061.35543019,1037.15543019,24.20000000,0.00000000,0.1083032210,0.1250000000,2,0,0.99037088
2026-04-23T10:30:00-04:00,1190.39395088,1443.34000000,128.95302069,1061.44093019,1037.15543019,24.28550000,0.00000000,0.1083280208,0.1250000000,2,0,0.99037088
2026-04-23T10:45:00-04:00,1190.91189308,1443.34000000,129.25746289,1061.65443019,1037.15543019,24.49900000,0.00000000,0.1085365455,0.1250000000,2,1,0.99037088
2026-04-23T11:00:00-04:00,1180.57234165,1443.34000000,129.34401146,1051.22833019,73.63333019,977.59500000,0.00000000,0.1095604284,0.1250000000,3,0,29.42679758
2026-04-23T11:15:00-04:00,1190.60802244,1443.34000000,129.36619225,1061.24183019,73.63333019,987.60850000,0.00000000,0.1086555691,0.1250000000,3,1,29.42679758
2026-04-23T11:30:00-04:00,1187.29693407,1443.34000000,129.34444638,1057.95248769,2.99038769,1054.96210000,0.00000000,0.1089402682,0.1250000000,4,0,32.54529398
2026-04-23T11:45:00-04:00,1185.73605409,1443.34000000,129.21266640,1056.52338769,2.99038769,1053.53300000,0.00000000,0.1089725373,0.1250000000,4,0,32.54529398
2026-04-23T12:00:00-04:00,1179.81447245,1443.34000000,129.08958476,1050.72488769,2.99038769,1047.73450000,0.00000000,0.1094151562,0.1250000000,4,0,32.54529398
2026-04-23T12:15:00-04:00,1173.66385884,1443.34000000,129.21397115,1044.44988769,2.99038769,1041.45950000,0.00000000,0.1100945302,0.1250000000,4,0,32.54529398
2026-04-23T12:30:00-04:00,1179.39285058,1443.34000000,129.25746289,1050.13538769,2.99038769,1047.14500000,0.00000000,0.1095966139,0.1250000000,4,0,32.54529398
2026-04-23T12:45:00-04:00,1181.96435884,1443.34000000,129.21397115,1052.75038769,2.99038769,1049.76000000,0.00000000,0.1093213769,0.1250000000,4,0,32.54529398
2026-04-23T13:00:00-04:00,1158.19357440,1443.34000000,128.60508674,1029.58848767,945.76348767,83.82500000,0.00000000,0.1110393716,0.1250000000,2,0,3.74734199
2026-04-23T13:15:00-04:00,1156.91944322,1443.34000000,128.25715278,1028.66229043,1013.23729043,15.42500000,0.00000000,0.1108609191,0.1250000000,1,0,0.62884559
2026-04-23T13:30:00-04:00,1156.22955055,1443.34000000,127.69176011,1028.53779043,1013.23729043,15.30050000,0.00000000,0.1104380701,0.1250000000,1,0,0.62884559
2026-04-23T13:45:00-04:00,1157.08468083,1443.34000000,128.32239040,1028.76229043,1013.23729043,15.52500000,0.00000000,0.1109014686,0.1250000000,1,0,0.62884559
2026-04-23T14:00:00-04:00,1157.33690194,1443.34000000,128.47461150,1028.86229043,1013.23729043,15.62500000,0.00000000,0.1110088266,0.1250000000,1,1,0.62884559
2026-04-23T14:15:00-04:00,1165.42244542,1443.34000000,128.56159499,1036.86085043,0.15805043,1036.70280000,0.00000000,0.1103132993,0.1250000000,2,1,15.80262300
2026-04-23T14:30:00-04:00,1167.71050225,1443.34000000,128.60465182,1039.10585043,0.15805043,1038.94780000,0.00000000,0.1101340200,0.1250000000,2,0,15.80262300
2026-04-23T14:45:00-04:00,1159.57715569,1443.34000000,128.24410526,1031.33305043,0.15805043,1031.17500000,0.00000000,0.1105955776,0.1250000000,2,0,15.80262300
2026-04-23T15:00:00-04:00,1157.57568670,1443.34000000,128.34413627,1029.23155043,0.15805043,1029.07350000,0.00000000,0.1108732135,0.1250000000,2,0,15.80262300
2026-04-23T15:15:00-04:00,1160.02615368,1443.34000000,128.51810325,1031.50805043,0.15805043,1031.35000000,0.00000000,0.1107889704,0.1250000000,2,0,15.80262300
2026-04-23T15:30:00-04:00,1163.21444909,1443.34000000,128.27889866,1034.93555043,0.15805043,1034.77750000,0.00000000,0.1102796640,0.1250000000,2,1,15.80262300
2026-04-23T15:45:00-04:00,1168.11789955,1443.34000000,128.53984912,1039.57805043,0.15805043,1039.42000000,0.00000000,0.1100401331,0.1250000000,2,1,15.80262300
2026-04-24T09:30:00-04:00,1159.07468755,1443.34000000,129.90983905,1029.16484849,0.86704849,1028.29780000,0.00000000,0.1120806454,0.1250000000,2,4,15.80262300
2026-04-24T09:45:00-04:00,1164.53387103,1443.34000000,129.99682254,1034.53704849,0.86704849,1033.67000000,0.00000000,0.1116299197,0.1250000000,2,0,15.80262300
2026-04-24T10:00:00-04:00,1161.57365452,1443.34000000,130.08380603,1031.48984849,0.86704849,1030.62280000,0.00000000,0.1119892876,0.1250000000,2,0,15.80262300
2026-04-24T10:15:00-04:00,1160.87757929,1443.34000000,129.95333080,1030.92424849,0.86704849,1030.05720000,0.00000000,0.1119440440,0.1250000000,2,1,15.80262300
2026-04-24T10:30:00-04:00,1164.60313403,1443.34000000,130.19253539,1034.41059864,0.26679864,1034.14380000,0.00000000,0.1117913318,0.1250000000,3,1,15.83961877
2026-04-24T10:45:00-04:00,1165.99326339,1443.34000000,130.30126475,1035.69199864,0.26679864,1035.42520000,0.00000000,0.1117513015,0.1250000000,3,1,15.83961877
2026-04-24T11:00:00-04:00,1161.26093862,1443.34000000,130.43173998,1030.82919864,0.26679864,1030.56240000,0.00000000,0.1123190625,0.1250000000,3,2,15.83961877
2026-04-24T11:15:00-04:00,1162.29393862,1443.34000000,130.43173998,1031.86219864,0.26679864,1031.59540000,0.00000000,0.1122192379,0.1250000000,3,0,15.83961877
2026-04-24T11:30:00-04:00,1158.50719734,1443.34000000,130.64919870,1027.85799864,0.26679864,1027.59120000,0.00000000,0.1127737480,0.1250000000,3,1,15.21077318
2026-04-24T11:45:00-04:00,1161.56561385,1443.34000000,130.56221521,1031.00339864,0.26679864,1030.73660000,0.00000000,0.1124019286,0.1250000000,3,1,15.21077318
2026-04-24T12:00:00-04:00,1159.10121385,1443.34000000,130.56221521,1028.53899864,0.26679864,1028.27220000,0.00000000,0.1126409097,0.1250000000,3,0,15.21077318
2026-04-24T12:15:00-04:00,1163.62359259,1443.34000000,130.64789395,1032.97569864,0.26679864,1032.70890000,0.00000000,0.1122767661,0.1250000000,3,0,15.21077318
2026-04-24T12:30:00-04:00,1163.30013549,1443.34000000,130.60570696,1032.69442853,16.42442853,1016.27000000,0.00000000,0.1122717199,0.1250000000,2,1,15.21077318
2026-04-24T12:45:00-04:00,1162.35142333,1443.34000000,130.67094457,1031.68047876,3.81527876,1027.86520000,0.00000000,0.1124194817,0.1250000000,3,0,15.60602343
2026-04-24T13:00:00-04:00,1161.35347745,1443.34000000,130.64919870,1030.70427876,3.81527876,1026.88900000,0.00000000,0.1124973587,0.1250000000,3,0,15.60602343
2026-04-24T13:15:00-04:00,1161.33863158,1443.34000000,130.62745283,1030.71117876,3.81527876,1026.89590000,0.00000000,0.1124800719,0.1250000000,3,1,15.60602343
2026-04-24T13:30:00-04:00,1161.37662333,1443.34000000,130.67094457,1030.70567876,3.81527876,1026.89040000,0.00000000,0.1125138409,0.1250000000,3,0,15.60602343
2026-04-24T13:45:00-04:00,1163.39291507,1443.34000000,130.71443632,1032.67847876,3.81527876,1028.86320000,0.00000000,0.1123562252,0.1250000000,3,1,15.60602343
2026-04-24T14:00:00-04:00,1164.48486920,1443.34000000,130.69269044,1033.79217876,3.81527876,1029.97690000,0.00000000,0.1122321929,0.1250000000,3,0,15.60602343
2026-04-24T14:15:00-04:00,1162.23182333,1443.34000000,130.67094457,1031.56087876,3.81527876,1027.74560000,0.00000000,0.1124310503,0.1250000000,3,0,15.60602343
2026-04-24T14:30:00-04:00,1164.50976920,1443.34000000,130.69269044,1033.81707876,3.81527876,1030.00180000,0.00000000,0.1122297931,0.1250000000,3,1,15.60602343
2026-04-24T14:45:00-04:00,1164.37085804,1443.34000000,130.69877929,1033.67207876,3.81527876,1029.85680000,0.00000000,0.1122484116,0.1250000000,3,0,15.60602343
2026-04-24T15:00:00-04:00,1166.63611507,1443.34000000,130.71443632,1035.92167876,3.81527876,1032.10640000,0.00000000,0.1120438795,0.1250000000,3,0,15.60602343
2026-04-24T15:15:00-04:00,1165.55871507,1443.34000000,130.71443632,1034.84427876,3.81527876,1031.02900000,0.00000000,0.1121474488,0.1250000000,3,1,15.60602343
2026-04-24T15:30:00-04:00,1166.72852788,1443.34000000,130.69964912,1036.02887876,3.81527876,1032.21360000,0.00000000,0.1120223308,0.1250000000,3,1,15.60602343
2026-04-24T15:45:00-04:00,1164.40971507,1443.34000000,130.71443632,1033.69527876,3.81527876,1029.88000000,0.00000000,0.1122581121,0.1250000000,3,2,15.60602343
2026-04-27T09:30:00-04:00,1190.48473519,1443.34000000,130.47523172,1060.00950347,1046.45950347,13.55000000,0.00000000,0.1095984080,0.1250000000,2,4,0.43224603
2026-04-27T09:45:00-04:00,1189.00593118,1443.34000000,130.56221521,1058.44371597,23.04251597,1035.40120000,0.00000000,0.1098078755,0.1250000000,4,1,39.91935283
2026-04-27T10:00:00-04:00,1214.47327048,1443.34000000,130.49697760,1083.97629288,19.99309288,1063.98320000,0.00000000,0.1074515024,0.1250000000,4,0,40.41213026
2026-04-27T10:15:00-04:00,1203.19121385,1443.34000000,130.42652097,1072.76469288,19.99309288,1052.77160000,0.00000000,0.1084004932,0.1250000000,4,1,40.41213026
2026-04-27T10:30:00-04:00,1199.28432461,1443.34000000,130.47523172,1068.80909288,19.99309288,1048.81600000,0.00000000,0.1087942442,0.1250000000,4,2,40.41213026
2026-04-27T10:45:00-04:00,1188.09615362,1443.34000000,130.38824824,1057.70790538,4.53150538,1053.17640000,0.00000000,0.1097455352,0.1250000000,5,0,41.29841983
2026-04-27T11:00:00-04:00,1174.91083659,1443.34000000,130.30126475,1044.60957185,19.09587185,1025.51370000,0.00000000,0.1109031091,0.1250000000,4,0,40.41213026
2026-04-27T11:15:00-04:00,1168.00127151,1443.34000000,130.30169967,1037.69957185,19.09587185,1018.60370000,0.00000000,0.1115595529,0.1250000000,4,0,40.41213026
2026-04-27T11:30:00-04:00,1168.46520357,1443.34000000,130.47523172,1037.98997185,19.09587185,1018.89410000,0.00000000,0.1116637717,0.1250000000,4,0,40.41213026
2026-04-27T11:45:00-04:00,1165.32841183,1443.34000000,130.43173998,1034.89667185,19.09587185,1015.80080000,0.00000000,0.1119270230,0.1250000000,4,0,40.41213026
2026-04-27T12:00:00-04:00,1164.22230357,1443.34000000,130.47523172,1033.74707185,19.09587185,1014.65120000,0.00000000,0.1120707199,0.1250000000,4,0,40.41213026
2026-04-27T12:15:00-04:00,1164.75323276,1443.34000000,130.49697760,1034.25625516,34.30345516,999.95280000,0.00000000,0.1120383047,0.1250000000,3,0,39.91935283
2026-04-27T12:30:00-04:00,1163.02973691,1443.34000000,130.58048174,1032.44925516,34.30345516,998.14580000,0.00000000,0.1122761333,0.1250000000,3,0,39.91935283
2026-04-27T12:45:00-04:00,1171.19952450,1443.34000000,130.54046934,1040.65905516,34.30345516,1006.35560000,0.00000000,0.1114587793,0.1250000000,3,0,39.91935283
2026-04-27T13:00:00-04:00,1169.91114336,1443.34000000,130.62745283,1039.28369053,196.66009053,842.62360000,0.00000000,0.1116558754,0.1250000000,2,0,34.62210956
2026-04-27T13:15:00-04:00,1180.16734336,1443.34000000,130.62745283,1049.53989053,196.66009053,852.87980000,0.00000000,0.1106855342,0.1250000000,2,1,34.62210956
2026-04-27T13:30:00-04:00,1181.87559472,1443.34000000,130.69269044,1051.18290428,7.20310428,1043.97980000,0.00000000,0.1105807507,0.1250000000,3,0,38.72020512
2026-04-27T13:45:00-04:00,1191.28734059,1443.34000000,130.71443632,1060.57290428,7.20310428,1053.36980000,0.00000000,0.1097253634,0.1250000000,3,1,38.72020512
2026-04-27T14:00:00-04:00,1192.53740397,1443.34000000,130.73618219,1061.80122178,2.28942178,1059.51180000,0.00000000,0.1096285800,0.1250000000,4,2,38.81504288
2026-04-27T14:15:00-04:00,1199.15585809,1443.34000000,130.71443632,1068.44142178,2.28942178,1066.15200000,0.00000000,0.1090053769,0.1250000000,4,0,38.81504288
2026-04-27T14:30:00-04:00,1185.28642048,1443.34000000,130.64919870,1054.63722178,2.28942178,1052.34780000,0.00000000,0.1102258462,0.1250000000,4,1,38.81504288
2026-04-27T14:45:00-04:00,1185.33257461,1443.34000000,130.62745283,1054.70512178,2.28942178,1052.41570000,0.00000000,0.1102032085,0.1250000000,4,2,38.72020512
2026-04-27T15:00:00-04:00,1186.12182048,1443.34000000,130.64919870,1055.47262178,2.28942178,1053.18320000,0.00000000,0.1101482128,0.1250000000,4,0,38.72020512
2026-04-27T15:15:00-04:00,1186.04685809,1443.34000000,130.71443632,1055.33242178,2.28942178,1053.04300000,0.00000000,0.1102101788,0.1250000000,4,1,38.72020512
2026-04-27T15:30:00-04:00,1175.83731215,1443.34000000,130.74835988,1045.08895228,7.38895228,1037.70000000,0.00000000,0.1111959610,0.1250000000,3,1,38.72020512
2026-04-27T15:45:00-04:00,1179.63973446,1443.34000000,130.73618219,1048.90355228,7.38895228,1041.51460000,0.00000000,0.1108272114,0.1250000000,3,3,38.72020512
2026-04-28T09:30:00-04:00,1143.18477794,1443.34000000,129.90983905,1013.27493888,1012.70053888,0.57440000,0.00000000,0.1136385312,0.1250000000,1,1,0.03699577
2026-04-28T09:45:00-04:00,1145.36423195,1443.34000000,129.82285557,1015.54137638,0.79217638,1014.74920000,0.00000000,0.1133463504,0.1250000000,2,0,17.00792080
2026-04-28T10:00:00-04:00,1145.43437184,1443.34000000,129.77936382,1015.65500802,1.35500802,1014.30000000,0.00000000,0.1133014401,0.1250000000,1,0,16.97092503
2026-04-28T10:15:00-04:00,1141.03940487,1443.34000000,129.60539685,1011.43400802,1.35500802,1010.07900000,0.00000000,0.1135853821,0.1250000000,1,0,16.97092503
2026-04-28T10:30:00-04:00,1139.70596266,1443.34000000,129.30095464,1010.40500802,1.35500802,1009.05000000,0.00000000,0.1134511522,0.1250000000,1,0,16.97092503
2026-04-28T10:45:00-04:00,1143.79723330,1443.34000000,129.19222528,1014.60500802,1.35500802,1013.25000000,0.00000000,0.1129502866,0.1250000000,1,0,16.97092503
2026-04-28T11:00:00-04:00,1150.16247091,1443.34000000,129.25746289,1020.90500802,1.35500802,1019.55000000,0.00000000,0.1123819166,0.1250000000,1,0,16.97092503
2026-04-28T11:15:00-04:00,1155.21750394,1443.34000000,129.08349592,1026.13400802,1.35500802,1024.77900000,0.00000000,0.1117395603,0.1250000000,1,0,16.97092503
2026-04-28T11:30:00-04:00,1156.28850394,1443.34000000,129.08349592,1027.20500802,1.35500802,1025.85000000,0.00000000,0.1116360627,0.1250000000,1,0,16.97092503
2026-04-28T11:45:00-04:00,1155.67875807,1443.34000000,129.06175005,1026.61700802,1.35500802,1025.26200000,0.00000000,0.1116761463,0.1250000000,1,1,16.97092503
2026-04-28T12:00:00-04:00,1158.47548743,1443.34000000,129.17047941,1029.30500802,1.35500802,1027.95000000,0.00000000,0.1115003993,0.1250000000,1,0,16.97092503
2026-04-28T12:15:00-04:00,1154.31897917,1443.34000000,129.21397115,1025.10500802,1.35500802,1023.75000000,0.00000000,0.1119395708,0.1250000000,1,0,16.97092503
2026-04-28T12:30:00-04:00,1157.25152045,1443.34000000,128.99651243,1028.25500802,1.35500802,1026.90000000,0.00000000,0.1114680000,0.1250000000,1,0,16.97092503
2026-04-28T12:45:00-04:00,1162.71897917,1443.34000000,129.21397115,1033.50500802,1.35500802,1032.15000000,0.00000000,0.1111308695,0.1250000000,1,0,0.00000000
2026-04-28T13:00:00-04:00,1164.77548743,1443.34000000,129.17047941,1035.60500802,1.35500802,1034.25000000,0.00000000,0.1108973195,0.1250000000,1,0,0.00000000
2026-04-28T13:15:00-04:00,1166.96247091,1443.34000000,129.25746289,1037.70500802,1.35500802,1036.35000000,0.00000000,0.1107640272,0.1250000000,1,0,0.00000000
2026-04-28T13:30:00-04:00,1166.08643789,1443.34000000,129.43142987,1036.65500802,1.35500802,1035.30000000,0.00000000,0.1109964285,0.1250000000,1,1,0.00000000
2026-04-28T13:45:00-04:00,1163.02342138,1443.34000000,129.51841336,1033.50500802,1.35500802,1032.15000000,0.00000000,0.1113635469,0.1250000000,1,0,0.00000000
2026-04-28T14:00:00-04:00,1163.19067551,1443.34000000,129.49666749,1033.69400802,1.35500802,1032.33900000,0.00000000,0.1113288390,0.1250000000,1,1,0.00000000
2026-04-28T14:15:00-04:00,1163.15824578,1443.34000000,129.65323776,1033.50500802,1.35500802,1032.15000000,0.00000000,0.1114665509,0.1250000000,1,0,0.00000000
2026-04-28T14:30:00-04:00,1162.14589661,1443.34000000,129.64888859,1032.49700802,1.35500802,1031.14200000,0.00000000,0.1115599074,0.1250000000,1,0,0.00000000
2026-04-28T14:45:00-04:00,1158.95389661,1443.34000000,129.64888859,1029.30500802,1.35500802,1027.95000000,0.00000000,0.1118671666,0.1250000000,1,1,0.00000000
2026-04-28T15:00:00-04:00,1163.37135533,1443.34000000,129.86634731,1033.50500802,1.35500802,1032.15000000,0.00000000,0.1116293148,0.1250000000,1,0,0.00000000
2026-04-28T15:15:00-04:00,1172.69088010,1443.34000000,129.73587208,1042.95500802,1.35500802,1041.60000000,0.00000000,0.1106309210,0.1250000000,1,0,0.00000000
2026-04-28T15:30:00-04:00,1172.69088010,1443.34000000,129.73587208,1042.95500802,1.35500802,1041.60000000,0.00000000,0.1106309210,0.1250000000,1,1,0.00000000
2026-04-28T15:45:00-04:00,1173.65389661,1443.34000000,129.64888859,1044.00500802,1.35500802,1042.65000000,0.00000000,0.1104660317,0.1250000000,1,2,0.00000000
2026-04-29T09:30:00-04:00,1166.70866184,1443.34000000,129.77936382,1036.92929802,0.60929802,1036.32000000,0.00000000,0.1112354507,0.1250000000,1,5,25.23564842
2026-04-29T09:45:00-04:00,1162.02182098,1443.34000000,129.90983905,1032.11198193,1032.11198193,0.00000000,0.00000000,0.1117963852,0.1250000000,0,0,0.00000000
2026-04-29T10:00:00-04:00,1161.97832924,1443.34000000,129.86634731,1032.11198193,1032.11198193,0.00000000,0.00000000,0.1117631405,0.1250000000,0,0,0.00000000
2026-04-29T10:15:00-04:00,1162.13055034,1443.34000000,130.01856841,1032.11198193,1032.11198193,0.00000000,0.00000000,0.1118794858,0.1250000000,0,2,0.00000000
2026-04-29T10:30:00-04:00,1163.66027171,1443.34000000,130.08380603,1033.57646568,3.98646568,1029.59000000,0.00000000,0.1117884740,0.1250000000,1,2,19.10208089
2026-04-29T10:45:00-04:00,1162.23671758,1443.34000000,130.10555190,1032.13116568,3.98646568,1028.14470000,0.00000000,0.1119441074,0.1250000000,1,1,19.10208089
2026-04-29T11:00:00-04:00,1158.29305060,1443.34000000,129.93158492,1028.36146568,3.98646568,1024.37500000,0.00000000,0.1121750535,0.1250000000,1,0,19.10208089
2026-04-29T11:15:00-04:00,1162.91527171,1443.34000000,130.08380603,1032.83146568,3.98646568,1028.84500000,0.00000000,0.1118600892,0.1250000000,1,0,19.10208089
2026-04-29T11:30:00-04:00,1162.13678306,1443.34000000,130.05031739,1032.08646568,3.98646568,1028.10000000,0.00000000,0.1119062053,0.1250000000,1,0,19.10208089
2026-04-29T11:45:00-04:00,1162.78479648,1443.34000000,129.95333080,1032.83146568,3.98646568,1028.84500000,0.00000000,0.1117604317,0.1250000000,1,0,19.10208089
2026-04-29T12:00:00-04:00,1161.36003409,1443.34000000,130.01856841,1031.34146568,3.98646568,1027.35500000,0.00000000,0.1119537134,0.1250000000,1,0,19.10208089
2026-04-29T12:15:00-04:00,1162.67606712,1443.34000000,129.84460144,1032.83146568,3.98646568,1028.84500000,0.00000000,0.1116773666,0.1250000000,1,0,19.10208089
2026-04-29T12:30:00-04:00,1159.69606712,1443.34000000,129.84460144,1029.85146568,3.98646568,1025.86500000,0.00000000,0.1119643371,0.1250000000,1,1,19.10208089
2026-04-29T12:45:00-04:00,1155.25902242,1443.34000000,129.84460144,1025.41442098,0.32412098,1025.09030000,0.00000000,0.1123943626,0.1250000000,2,0,19.27450955
2026-04-29T13:00:00-04:00,1165.76051416,1443.34000000,129.88809318,1035.87242098,0.32412098,1035.54830000,0.00000000,0.1114191908,0.1250000000,2,0,19.27450955
2026-04-29T13:15:00-04:00,1171.69671416,1443.34000000,129.88809318,1041.80862098,0.32412098,1041.48450000,0.00000000,0.1108547046,0.1250000000,2,0,19.27450955
2026-04-29T13:30:00-04:00,1174.64246003,1443.34000000,129.90983905,1044.73262098,0.32412098,1044.40850000,0.00000000,0.1105952181,0.1250000000,2,0,19.27450955
2026-04-29T13:45:00-04:00,1170.29103526,1443.34000000,130.04031428,1040.25072098,0.32412098,1039.92660000,0.00000000,0.1111179274,0.1250000000,2,0,19.27450955
2026-04-29T14:00:00-04:00,1171.65871911,1443.34000000,129.86199813,1041.79672098,0.32412098,1041.47260000,0.00000000,0.1108360276,0.1250000000,2,0,19.27450955
2026-04-29T14:15:00-04:00,1168.81349765,1443.34000000,129.97507667,1038.83842098,0.32412098,1038.51430000,0.00000000,0.1112025802,0.1250000000,2,0,19.27450955
2026-04-29T14:30:00-04:00,1168.71466003,1443.34000000,129.90983905,1038.80482098,0.32412098,1038.48070000,0.00000000,0.1111561645,0.1250000000,2,0,19.27450955
2026-04-29T14:45:00-04:00,1172.00610224,1443.34000000,130.21428126,1041.79182098,0.32412098,1041.46770000,0.00000000,0.1111037571,0.1250000000,2,0,19.27450955
2026-04-29T15:00:00-04:00,1176.69136921,1443.34000000,130.38824824,1046.30312098,0.32412098,1045.97900000,0.00000000,0.1108092161,0.1250000000,2,3,19.27450955
2026-04-29T15:15:00-04:00,1177.37831509,1443.34000000,130.40999411,1046.96832098,0.32412098,1046.64420000,0.00000000,0.1107630338,0.1250000000,2,2,19.27450955
2026-04-29T15:30:00-04:00,1178.24213160,1443.34000000,130.32301062,1047.91912098,0.32412098,1047.59500000,0.00000000,0.1106080042,0.1250000000,2,0,19.10208089
2026-04-29T15:45:00-04:00,1183.06204107,1443.34000000,130.51872347,1052.54331761,4.32831761,1048.21500000,0.00000000,0.1103228055,0.1250000000,1,2,19.10208089
2026-04-30T09:30:00-04:00,1178.84217462,1443.34000000,134.30747462,1044.53470000,0.00000000,1044.53470000,0.00000000,0.1139316844,0.1250000000,1,4,0.00000000
2026-04-30T09:45:00-04:00,1169.83362014,1443.34000000,133.81320155,1036.02041859,1036.02041859,0.00000000,0.00000000,0.1143865241,0.1250000000,0,2,0.00000000
2026-04-30T10:00:00-04:00,1157.46301106,1443.34000000,133.90351872,1023.55949234,16.02099234,1007.53850000,0.00000000,0.1156870824,0.1250000000,2,0,34.99635428
2026-04-30T10:15:00-04:00,1157.28666085,1443.34000000,133.83566851,1023.45099234,16.02099234,1007.43000000,0.00000000,0.1156460824,0.1250000000,2,0,34.99635428
2026-04-30T10:30:00-04:00,1149.73399563,1443.34000000,133.94800330,1015.78599234,16.02099234,999.76500000,0.00000000,0.1165034728,0.1250000000,2,0,34.99635428
2026-04-30T10:45:00-04:00,1152.18833479,1443.34000000,134.39734245,1017.79099234,16.02099234,1001.77000000,0.00000000,0.1166452900,0.1250000000,2,2,34.99635428
2026-04-30T11:00:00-04:00,1159.81627621,1443.34000000,134.44227637,1025.37399984,0.01899984,1025.35500000,0.00000000,0.1159168733,0.1250000000,3,1,35.47315223
2026-04-30T11:15:00-04:00,1157.12481013,1443.34000000,134.48721029,1022.63759984,0.01899984,1022.61860000,0.00000000,0.1162253277,0.1250000000,3,2,35.47315223
2026-04-30T11:30:00-04:00,1153.48594229,1443.34000000,134.39734245,1019.08859984,0.01899984,1019.06960000,0.00000000,0.1165140705,0.1250000000,3,0,35.47315223
2026-04-30T11:45:00-04:00,1150.55627621,1443.34000000,134.44227637,1016.11399984,0.01899984,1016.09500000,0.00000000,0.1168498049,0.1250000000,3,1,35.47315223
2026-04-30T12:00:00-04:00,1149.02950553,1443.34000000,134.55461116,1014.47489437,649.50989437,364.96500000,0.00000000,0.1171028338,0.1250000000,2,0,8.54923429
2026-04-30T12:15:00-04:00,1149.57203857,1443.34000000,134.53214420,1015.03989437,649.50989437,365.53000000,0.00000000,0.1170280241,0.1250000000,2,1,8.54923429
2026-04-30T12:30:00-04:00,1148.19570857,1443.34000000,134.53214420,1013.66356437,0.58356437,1013.08000000,0.00000000,0.1171683043,0.1250000000,3,0,27.12181915
2026-04-30T12:45:00-04:00,1151.47104074,1443.34000000,134.44227637,1017.02876437,0.58356437,1016.44520000,0.00000000,0.1167569757,0.1250000000,3,0,27.12181915
2026-04-30T13:00:00-04:00,1151.26551032,1443.34000000,134.66694595,1016.59856437,0.58356437,1016.01500000,0.00000000,0.1169729700,0.1250000000,3,0,27.12181915
2026-04-30T13:15:00-04:00,1146.67767727,1443.34000000,134.68941291,1011.98826437,0.58356437,1011.40470000,0.00000000,0.1174605694,0.1250000000,3,0,27.12181915
2026-04-30T13:30:00-04:00,1148.25717727,1443.34000000,134.68941291,1013.56776437,0.58356437,1012.98420000,0.00000000,0.1172989950,0.1250000000,3,1,19.04938280
2026-04-30T13:45:00-04:00,1150.21589357,1443.34000000,134.71232920,1015.50356437,0.58356437,1014.92000000,0.00000000,0.1171191686,0.1250000000,3,0,19.04938280
2026-04-30T14:00:00-04:00,1147.44544423,1443.34000000,134.71187987,1012.73356437,0.58356437,1012.15000000,0.00000000,0.1174015554,0.1250000000,3,1,19.04938280
2026-04-30T14:15:00-04:00,1164.32881119,1443.34000000,134.73434682,1029.59446437,0.58356437,1029.01090000,0.00000000,0.1157184685,0.1250000000,3,0,19.04938280
2026-04-30T14:30:00-04:00,1167.12791119,1443.34000000,134.73434682,1032.39356437,0.58356437,1031.81000000,0.00000000,0.1154409431,0.1250000000,3,0,19.04938280
2026-04-30T14:45:00-04:00,1165.91231119,1443.34000000,134.73434682,1031.17796437,0.58356437,1030.59440000,0.00000000,0.1155613038,0.1250000000,3,0,19.04938280
2026-04-30T15:00:00-04:00,1178.97604423,1443.34000000,134.71187987,1044.26416437,0.58356437,1043.68060000,0.00000000,0.1142617617,0.1250000000,3,1,0.47679795
2026-04-30T15:15:00-04:00,1179.04791119,1443.34000000,134.73434682,1044.31356437,0.58356437,1043.73000000,0.00000000,0.1142738523,0.1250000000,3,2,0.47679795
2026-04-30T15:30:00-04:00,1176.04791119,1443.34000000,134.73434682,1041.31356437,0.58356437,1040.73000000,0.00000000,0.1145653553,0.1250000000,3,3,0.47679795
2026-04-30T15:45:00-04:00,1163.94638241,1443.34000000,134.71187987,1029.23450255,658.41450255,370.82000000,0.00000000,0.1157371868,0.1250000000,2,4,0.47679795
2026-05-01T09:30:00-04:00,1150.61156510,1443.34000000,135.65549210,1014.95607300,644.03607300,370.92000000,0.00000000,0.1178985995,0.1250000000,2,4,0.00000000
2026-05-01T09:45:00-04:00,1152.44503720,1443.34000000,135.90262864,1016.54240856,352.75240856,663.79000000,0.00000000,0.1179254752,0.1250000000,2,2,22.67424047
2026-05-01T10:00:00-04:00,1153.33006178,1443.34000000,136.12729822,1017.20276356,6.03256356,1011.17020000,0.00000000,0.1180297841,0.1250000000,4,0,33.98883078
2026-05-01T10:15:00-04:00,1150.13261024,1443.34000000,136.06034668,1014.07226356,6.03256356,1008.03970000,0.00000000,0.1182997034,0.1250000000,4,1,33.98883078
2026-05-01T10:30:00-04:00,1144.45772524,1443.34000000,135.88016168,1008.57756356,6.03256356,1002.54500000,0.00000000,0.1187288606,0.1250000000,4,1,33.98883078
2026-05-01T10:45:00-04:00,1143.24265915,1443.34000000,135.92509560,1007.31756356,6.03256356,1001.28500000,0.00000000,0.1188943524,0.1250000000,4,1,33.98883078
2026-05-01T11:00:00-04:00,1148.60856003,1443.34000000,135.99249647,1012.61606356,6.03256356,1006.58350000,0.00000000,0.1183975997,0.1250000000,4,0,33.98883078
2026-05-01T11:15:00-04:00,1152.52277852,1443.34000000,136.08191496,1016.44086356,6.03256356,1010.40830000,0.00000000,0.1180730806,0.1250000000,4,1,33.98883078
2026-05-01T11:30:00-04:00,1152.34521961,1443.34000000,136.21716605,1016.12805356,1.34905356,1014.77900000,0.00000000,0.1182086442,0.1250000000,5,1,34.22113028
2026-05-01T11:45:00-04:00,1155.70011873,1443.34000000,136.14976517,1019.55035356,1.34905356,1018.20130000,0.00000000,0.1178071742,0.1250000000,5,1,34.22113028
2026-05-01T12:00:00-04:00,1153.68681786,1443.34000000,136.08236430,1017.60445356,1.34905356,1016.25540000,0.00000000,0.1179543375,0.1250000000,5,0,34.22113028
2026-05-01T12:15:00-04:00,1152.00881699,1443.34000000,136.01496343,1015.99385356,1.34905356,1014.64480000,0.00000000,0.1180676410,0.1250000000,5,0,34.22113028
2026-05-01T12:30:00-04:00,1153.38061611,1443.34000000,135.94756255,1017.43305356,1.34905356,1016.08400000,0.00000000,0.1178687769,0.1250000000,5,0,34.22113028
2026-05-01T12:45:00-04:00,1152.74476808,1443.34000000,136.04821452,1016.69655356,1.34905356,1015.34750000,0.00000000,0.1180211078,0.1250000000,5,1,34.22113028
2026-05-01T13:00:00-04:00,1156.35611786,1443.34000000,136.08236430,1020.27375356,1.34905356,1018.92470000,0.00000000,0.1176820550,0.1250000000,5,0,34.22113028
2026-05-01T13:15:00-04:00,1156.65671961,1443.34000000,136.21716605,1020.43955356,1.34905356,1019.09050000,0.00000000,0.1177680151,0.1250000000,5,0,34.22113028
2026-05-01T13:30:00-04:00,1159.42621961,1443.34000000,136.21716605,1023.20905356,1.34905356,1021.86000000,0.00000000,0.1174867048,0.1250000000,5,0,34.22113028
2026-05-01T13:45:00-04:00,1160.09345352,1443.34000000,136.26209996,1023.83135356,1.34905356,1022.48230000,0.00000000,0.1174578648,0.1250000000,5,0,34.22113028
2026-05-01T14:00:00-04:00,1159.48851873,1443.34000000,136.14976517,1023.33875356,1.34905356,1021.98970000,0.00000000,0.1174222625,0.1250000000,5,0,34.22113028
2026-05-01T14:15:00-04:00,1160.53315265,1443.34000000,136.19469909,1024.33845356,1.34905356,1022.98940000,0.00000000,0.1173552852,0.1250000000,5,0,34.22113028
2026-05-01T14:30:00-04:00,1156.40501699,1443.34000000,136.01496343,1020.39005356,1.34905356,1019.04100000,0.00000000,0.1176187940,0.1250000000,5,0,34.22113028
2026-05-01T14:45:00-04:00,1158.13345003,1443.34000000,135.99249647,1022.14095356,1.34905356,1020.79190000,0.00000000,0.1174238569,0.1250000000,5,0,34.22113028
2026-05-01T15:00:00-04:00,1163.14375265,1443.34000000,136.19469909,1026.94905356,1.34905356,1025.60000000,0.00000000,0.1170918889,0.1250000000,5,1,34.22113028
2026-05-01T15:15:00-04:00,1168.96862048,1443.34000000,136.28456692,1032.68405356,1.34905356,1031.33500000,0.00000000,0.1165853082,0.1250000000,5,1,34.22113028
2026-05-01T15:30:00-04:00,1165.55480796,1443.34000000,136.25625856,1029.29854941,0.27604941,1029.02250000,0.00000000,0.1169024894,0.1250000000,6,0,34.25919545
2026-05-01T15:45:00-04:00,1164.29588067,1443.34000000,136.10483126,1028.19104941,0.27604941,1027.91500000,0.00000000,0.1168988343,0.1250000000,6,0,34.25919545
2026-05-04T09:30:00-04:00,1162.31169839,1443.34000000,136.21716605,1026.09453234,6.43953234,1019.65500000,0.00000000,0.1171950401,0.1250000000,4,1,11.31459031
2026-05-04T09:45:00-04:00,1176.51722937,1443.34000000,136.28456692,1040.23266245,27.07816245,1013.15450000,0.00000000,0.1158372895,0.1250000000,3,1,11.31459031
2026-05-04T10:00:00-04:00,1173.77998916,1443.34000000,136.39690171,1037.38308745,1.35888745,1036.02420000,0.00000000,0.1162031241,0.1250000000,4,0,12.06268344
2026-05-04T10:15:00-04:00,1159.40438403,1443.34000000,136.32950084,1023.07488319,651.69488319,371.38000000,0.00000000,0.1175858076,0.1250000000,3,0,12.06268344
2026-05-04T10:30:00-04:00,1162.87658665,1443.34000000,136.53170346,1026.34488319,651.69488319,374.65000000,0.00000000,0.1174085926,0.1250000000,3,0,12.06268344
2026-05-04T10:45:00-04:00,1162.42231795,1443.34000000,136.37443475,1026.04788319,651.69488319,374.35300000,0.00000000,0.1173191814,0.1250000000,3,0,12.06268344
2026-05-04T11:00:00-04:00,1160.63107126,1443.34000000,136.27018807,1024.36088319,651.69488319,372.66600000,0.00000000,0.1174104256,0.1250000000,3,0,12.06268344
2026-05-04T11:15:00-04:00,1160.09721183,1443.34000000,135.90262864,1024.19458319,651.69488319,372.49970000,0.00000000,0.1171476211,0.1250000000,3,0,12.06268344
2026-05-04T11:30:00-04:00,1158.40017704,1443.34000000,135.79029385,1022.60988319,651.69488319,370.91500000,0.00000000,0.1172222661,0.1250000000,3,0,12.06268344
2026-05-04T11:45:00-04:00,1157.30717617,1443.34000000,135.72289297,1021.58428319,651.69488319,369.88940000,0.00000000,0.1172747355,0.1250000000,3,1,12.06268344
2026-05-04T12:00:00-04:00,1155.79663696,1443.34000000,135.43082252,1020.36581444,2.98371444,1017.38210000,0.00000000,0.1171753042,0.1250000000,4,0,21.80367268
2026-05-04T12:15:00-04:00,1153.97398628,1443.34000000,135.63527184,1018.33871444,2.98371444,1015.35500000,0.00000000,0.1175375472,0.1250000000,4,0,21.80367268
2026-05-04T12:30:00-04:00,1150.94427263,1443.34000000,135.61055818,1015.33371444,2.98371444,1012.35000000,0.00000000,0.1178254772,0.1250000000,4,0,21.80367268
2026-05-04T12:45:00-04:00,1152.95860558,1443.34000000,135.61055818,1017.34804739,52.83304739,964.51500000,0.00000000,0.1176196244,0.1250000000,3,0,20.27188569
2026-05-04T13:00:00-04:00,1154.28735666,1443.34000000,135.74580927,1018.54154739,52.83304739,965.70850000,0.00000000,0.1176014001,0.1250000000,3,0,20.27188569
2026-05-04T13:15:00-04:00,1152.52801082,1443.34000000,136.01496343,1016.51304739,52.83304739,963.68000000,0.00000000,0.1180144536,0.1250000000,3,1,20.27188569
2026-05-04T13:30:00-04:00,1153.78584245,1443.34000000,135.94756255,1017.83827989,13.11327989,1004.72500000,0.00000000,0.1178273797,0.1250000000,4,0,21.68813044
2026-05-04T13:45:00-04:00,1152.95571028,1443.34000000,136.03743038,1016.91827989,13.11327989,1003.80500000,0.00000000,0.1179901614,0.1250000000,4,0,21.68813044
2026-05-04T14:00:00-04:00,1153.01047636,1443.34000000,135.99249647,1017.01797989,13.11327989,1003.90470000,0.00000000,0.1179455861,0.1250000000,4,0,21.68813044
2026-05-04T14:15:00-04:00,1155.57567948,1443.34000000,135.71839958,1019.85727989,13.11327989,1006.74400000,0.00000000,0.1174465697,0.1250000000,4,0,21.68813044
2026-05-04T14:30:00-04:00,1156.49383983,1443.34000000,135.74535993,1020.74847989,13.11327989,1007.63520000,0.00000000,0.1173766390,0.1250000000,4,0,21.68813044
2026-05-04T14:45:00-04:00,1158.58749708,1443.34000000,135.84241719,1022.74507989,13.11327989,1009.63180000,0.00000000,0.1172483024,0.1250000000,4,0,21.68813044
2026-05-04T15:00:00-04:00,1156.20317681,1443.34000000,135.92419692,1020.27897989,13.11327989,1007.16570000,0.00000000,0.1175608229,0.1250000000,4,1,21.68813044
2026-05-04T15:15:00-04:00,1160.65330941,1443.34000000,135.97002951,1024.68327989,13.11327989,1011.57000000,0.00000000,0.1171495643,0.1250000000,4,0,21.68813044
2026-05-04T15:30:00-04:00,1158.38400853,1443.34000000,135.90262864,1022.48137989,13.11327989,1009.36810000,0.00000000,0.1173208777,0.1250000000,4,0,21.68813044
2026-05-04T15:45:00-04:00,1161.49830941,1443.34000000,135.97002951,1025.52827989,13.11327989,1012.41500000,0.00000000,0.1170643370,0.1250000000,4,1,11.94714120
2026-05-05T09:30:00-04:00,1189.92767126,1443.34000000,137.35174742,1052.57592383,339.91892383,712.65700000,0.00000000,0.1154286523,0.1250000000,3,3,0.50340233
2026-05-05T09:45:00-04:00,1188.60037384,1443.34000000,137.36298090,1051.23739293,12.03199293,1039.20540000,0.00000000,0.1155670013,0.1250000000,5,0,9.73585600
2026-05-05T10:00:00-04:00,1196.99473992,1443.34000000,137.31804699,1059.67669293,12.03199293,1047.64470000,0.00000000,0.1147190062,0.1250000000,5,0,9.73585600
2026-05-05T10:15:00-04:00,1201.83669336,1443.34000000,137.45284874,1064.38384462,719.81624462,344.56760000,0.00000000,0.1143689900,0.1250000000,3,1,9.73585600
2026-05-05T10:30:00-04:00,1196.95764248,1443.34000000,137.38544786,1059.57219462,1.07759462,1058.49460000,0.00000000,0.1147788719,0.1250000000,4,0,39.91395960
2026-05-05T10:45:00-04:00,1197.23826979,1443.34000000,137.43487517,1059.80339462,1.07759462,1058.72580000,0.00000000,0.1147932526,0.1250000000,4,0,35.56546197
2026-05-05T11:00:00-04:00,1198.71557727,1443.34000000,137.49778265,1061.21779462,1.07759462,1060.14020000,0.00000000,0.1147042595,0.1250000000,4,1,35.56546197
2026-05-05T11:15:00-04:00,1199.02053410,1443.34000000,137.45913948,1061.56139462,1.07759462,1060.48380000,0.00000000,0.1146428569,0.1250000000,4,2,35.56546197
2026-05-05T11:30:00-04:00,1207.09837727,1443.34000000,137.49778265,1069.60059462,1.07759462,1068.52300000,0.00000000,0.1139076858,0.1250000000,4,1,35.56546197
2026-05-05T11:45:00-04:00,1195.53191119,1443.34000000,137.54271657,1057.98919462,1.07759462,1056.91160000,0.00000000,0.1150472984,0.1250000000,4,0,35.56546197
2026-05-05T12:00:00-04:00,1192.27041691,1443.34000000,137.57282229,1054.69759462,1.07759462,1053.62000000,0.00000000,0.1153872648,0.1250000000,4,1,35.56546197
2026-05-05T12:15:00-04:00,1196.70454531,1443.34000000,137.49778265,1059.20676266,13.34256266,1045.86420000,0.00000000,0.1148970171,0.1250000000,3,0,35.06205964
2026-05-05T12:30:00-04:00,1190.80034531,1443.34000000,137.49778265,1053.30256266,13.34256266,1039.96000000,0.00000000,0.1154666970,0.1250000000,3,0,35.06205964
2026-05-05T12:45:00-04:00,1189.76274618,1443.34000000,137.56518353,1052.19756266,13.34256266,1038.85500000,0.00000000,0.1156240469,0.1250000000,3,0,35.06205964
2026-05-05T13:00:00-04:00,1192.51167922,1443.34000000,137.54271657,1054.96896266,13.34256266,1041.62640000,0.00000000,0.1153386746,0.1250000000,3,1,35.06205964
2026-05-05T13:15:00-04:00,1191.30488593,1443.34000000,137.62314828,1053.68173766,2.23423766,1051.44750000,0.00000000,0.1155230285,0.1250000000,4,0,35.48076742
2026-05-05T13:30:00-04:00,1189.32672338,1443.34000000,137.63168572,1051.69503766,2.23423766,1049.46080000,0.00000000,0.1157223520,0.1250000000,4,0,35.48076742
2026-05-05T13:45:00-04:00,1186.02085729,1443.34000000,137.67661964,1048.34423766,2.23423766,1046.11000000,0.00000000,0.1160827980,0.1250000000,4,0,35.48076742
2026-05-05T14:00:00-04:00,1198.92522293,1443.34000000,137.69998527,1061.22523766,2.23423766,1058.99100000,0.00000000,0.1148528554,0.1250000000,4,1,35.48076742
2026-05-05T14:15:00-04:00,1207.32570562,1443.34000000,137.70987073,1069.61583488,144.76583488,924.85000000,0.00000000,0.1140619057,0.1250000000,3,2,35.48076742
2026-05-05T14:30:00-04:00,1196.89196616,1443.34000000,137.69998527,1059.19198088,1.78668088,1057.40530000,0.00000000,0.1150479652,0.1250000000,4,1,38.98078723
2026-05-05T14:45:00-04:00,1201.93666616,1443.34000000,137.69998527,1064.23668088,1.78668088,1062.45000000,0.00000000,0.1145650924,0.1250000000,4,2,38.98078723
2026-05-05T15:00:00-04:00,1198.57413312,1443.34000000,137.72245223,1060.85168088,1.78668088,1059.06500000,0.00000000,0.1149052432,0.1250000000,4,1,38.98078723
2026-05-05T15:15:00-04:00,1195.86666616,1443.34000000,137.69998527,1058.16668088,1.78668088,1056.38000000,0.00000000,0.1151466039,0.1250000000,4,0,38.98078723
2026-05-05T15:30:00-04:00,1207.71419920,1443.34000000,137.67751832,1070.03668088,1.78668088,1068.25000000,0.00000000,0.1139984265,0.1250000000,4,2,38.98078723
2026-05-05T15:45:00-04:00,1204.85413312,1443.34000000,137.72245223,1067.13168088,1.78668088,1065.34500000,0.00000000,0.1143063284,0.1250000000,4,1,38.98078723
2026-05-06T09:30:00-04:00,1206.70997849,1443.34000000,139.38500712,1067.32497137,163.59017137,903.73480000,0.00000000,0.1155082908,0.1250000000,2,3,30.17810360
2026-05-06T09:45:00-04:00,1199.70652736,1443.34000000,139.33647849,1060.37004887,0.22704887,1060.14300000,0.00000000,0.1161421359,0.1250000000,3,1,41.39285174
2026-05-06T10:00:00-04:00,1193.19810709,1443.34000000,139.31625823,1053.88184887,0.22704887,1053.65480000,0.00000000,0.1167586987,0.1250000000,3,1,41.39285174
2026-05-06T10:15:00-04:00,1198.05232032,1443.34000000,139.20527146,1058.84704887,0.22704887,1058.62000000,0.00000000,0.1161929818,0.1250000000,3,2,41.39285174
2026-05-06T10:30:00-04:00,1205.87445773,1443.34000000,139.51980887,1066.35464887,0.22704887,1066.12760000,0.00000000,0.1157001112,0.1250000000,3,3,41.39285174
2026-05-06T10:45:00-04:00,1196.02925861,1443.34000000,139.58720974,1056.44204887,0.22704887,1056.21500000,0.00000000,0.1167088587,0.1250000000,3,0,41.39285174
2026-05-06T11:00:00-04:00,1191.67272557,1443.34000000,139.60967670,1052.06304887,0.22704887,1051.83600000,0.00000000,0.1171543778,0.1250000000,3,2,41.39285174
2026-05-06T11:15:00-04:00,1192.15614406,1443.34000000,139.69909519,1052.45704887,0.22704887,1052.23000000,0.00000000,0.1171818775,0.1250000000,3,2,41.39285174
2026-05-06T11:30:00-04:00,1196.98152644,1443.34000000,139.67707757,1057.30444887,0.22704887,1057.07740000,0.00000000,0.1166910888,0.1250000000,3,1,41.39285174
2026-05-06T11:45:00-04:00,1213.06619340,1443.34000000,139.69954453,1073.36664887,0.22704887,1073.13960000,0.00000000,0.1151623426,0.1250000000,3,3,41.39285174
2026-05-06T12:00:00-04:00,1213.08315286,1443.34000000,139.76110400,1073.32204887,0.22704887,1073.09500000,0.00000000,0.1152114788,0.1250000000,3,1,41.39285174
2026-05-06T12:15:00-04:00,1212.51617709,1443.34000000,139.77862822,1072.73754887,0.22704887,1072.51050000,0.00000000,0.1152798048,0.1250000000,3,3,41.39285174
2026-05-06T12:30:00-04:00,1209.89176036,1443.34000000,139.72201149,1070.16974887,0.22704887,1069.94270000,0.00000000,0.1154830672,0.1250000000,3,0,41.39285174
2026-05-06T12:45:00-04:00,1209.00352557,1443.34000000,139.60967670,1069.39384887,0.22704887,1069.16680000,0.00000000,0.1154749955,0.1250000000,3,1,41.39285174
2026-05-06T13:00:00-04:00,1218.67101189,1443.34000000,139.78896302,1078.88204887,0.22704887,1078.65500000,0.00000000,0.1147060705,0.1250000000,3,3,41.39285174
2026-05-06T13:15:00-04:00,1210.68237048,1443.34000000,139.78312161,1070.89924887,0.22704887,1070.67220000,0.00000000,0.1154581293,0.1250000000,3,0,41.39285174
2026-05-06T13:30:00-04:00,1217.16289514,1443.34000000,139.83434628,1077.32854887,0.22704887,1077.10150000,0.00000000,0.1148854823,0.1250000000,3,0,41.39285174
2026-05-06T13:45:00-04:00,1210.17892819,1443.34000000,139.81187932,1070.36704887,0.22704887,1070.14000000,0.00000000,0.1155299238,0.1250000000,3,0,41.39285174
2026-05-06T14:00:00-04:00,1217.03139514,1443.34000000,139.83434628,1077.19704887,0.22704887,1076.97000000,0.00000000,0.1148978957,0.1250000000,3,2,41.39285174
2026-05-06T14:15:00-04:00,1222.23886210,1443.34000000,139.85681324,1082.38204887,0.22704887,1082.15500000,0.00000000,0.1144267439,0.1250000000,3,0,41.39285174
2026-05-06T14:30:00-04:00,1214.88610880,1443.34000000,139.85905993,1075.02704887,0.22704887,1074.80000000,0.00000000,0.1151211286,0.1250000000,3,2,41.39285174
2026-05-06T14:45:00-04:00,1217.71819514,1443.34000000,139.83434628,1077.88384887,0.22704887,1077.65680000,0.00000000,0.1148330926,0.1250000000,3,1,41.39285174
2026-05-06T15:00:00-04:00,1219.35639514,1443.34000000,139.83434628,1079.52204887,0.22704887,1079.29500000,0.00000000,0.1146788149,0.1250000000,3,3,41.39285174
2026-05-06T15:15:00-04:00,1219.52384448,1443.34000000,139.83479562,1079.68904887,0.22704887,1079.46200000,0.00000000,0.1146634371,0.1250000000,3,1,41.39285174
2026-05-06T15:30:00-04:00,1226.12087972,1443.34000000,139.87883086,1086.24204887,0.22704887,1086.01500000,0.00000000,0.1140824148,0.1250000000,3,1,30.41530572
2026-05-06T15:45:00-04:00,1225.72392819,1443.34000000,139.81187932,1085.91204887,0.22704887,1085.68500000,0.00000000,0.1140647385,0.1250000000,3,3,30.41530572
2026-05-07T09:30:00-04:00,1193.37380323,1443.34000000,150.24909801,1043.12470522,1.39930522,1041.72540000,0.00000000,0.1259027956,0.1250000000,3,3,30.41530572
2026-05-07T09:45:00-04:00,1188.96146158,1443.34000000,150.44303037,1038.51843121,689.44343121,349.07500000,0.00000000,0.1265331428,0.1250000000,2,0,0.23720212
2026-05-07T10:00:00-04:00,1184.93999410,1443.34000000,150.63696274,1034.30303136,1028.54303136,5.76000000,0.00000000,0.1271262372,0.1250000000,1,2,0.23720212
2026-05-07T10:15:00-04:00,1188.43269183,1443.34000000,150.75817046,1037.67452136,83.15452136,954.52000000,0.00000000,0.1268546141,0.1250000000,2,1,34.82988021
2026-05-07T10:30:00-04:00,1209.65513163,1443.34000000,150.83041027,1058.82472136,83.15452136,975.67020000,0.00000000,0.1246887698,0.1250000000,2,1,34.82988021
2026-05-07T10:45:00-04:00,1233.46389956,1443.34000000,150.87937819,1082.58452136,83.15452136,999.43000000,0.00000000,0.1223216814,0.1250000000,2,0,0.23720212
2026-05-07T11:00:00-04:00,1253.49714452,1443.34000000,150.70968737,1102.78745715,1096.96745715,5.82000000,0.00000000,0.1202313767,0.1250000000,1,0,0.23720212
2026-05-07T11:15:00-04:00,1253.44250298,1443.34000000,150.68544583,1102.75705715,1096.96745715,5.78960000,0.00000000,0.1202172780,0.1250000000,1,0,0.23720212
2026-05-07T11:30:00-04:00,1253.56665679,1443.34000000,150.78919964,1102.77745715,1096.96745715,5.81000000,0.00000000,0.1202881385,0.1250000000,1,1,0.23720212
2026-05-07T11:45:00-04:00,1244.06797687,1443.34000000,150.44303037,1093.62494650,0.53154650,1093.09340000,0.00000000,0.1209283039,0.1250000000,2,0,35.05026693
2026-05-07T12:00:00-04:00,1237.08610867,1443.34000000,150.15116217,1086.93494650,0.53154650,1086.40340000,0.00000000,0.1213748672,0.1250000000,2,0,35.05026693
2026-05-07T12:15:00-04:00,1238.13512760,1443.34000000,150.29758110,1087.83754650,0.53154650,1087.30600000,0.00000000,0.1213902891,0.1250000000,2,0,35.05026693
2026-05-07T12:30:00-04:00,1225.03067833,1443.34000000,150.15213183,1074.87854650,0.53154650,1074.34700000,0.00000000,0.1225700993,0.1250000000,2,0,35.05026693
2026-05-07T12:45:00-04:00,1217.13182395,1443.34000000,150.10364874,1067.02817521,1061.35817521,5.67000000,0.00000000,0.1233257120,0.1250000000,1,0,0.23720212
2026-05-07T13:00:00-04:00,1216.99061622,1443.34000000,149.98244101,1067.00817521,1061.35817521,5.65000000,0.00000000,0.1232404252,0.1250000000,1,0,0.23720212
2026-05-07T13:15:00-04:00,1216.67693172,1443.34000000,149.71578401,1066.96114770,1066.96114770,0.00000000,0.00000000,0.1230530309,0.1250000000,0,0,0.00000000
2026-05-07T13:30:00-04:00,1216.82238099,1443.34000000,149.86123329,1066.96114770,1066.96114770,0.00000000,0.00000000,0.1231578541,0.1250000000,0,0,0.00000000
2026-05-07T13:45:00-04:00,1217.05122118,1443.34000000,150.09007347,1066.96114770,1066.96114770,0.00000000,0.00000000,0.1233227253,0.1250000000,0,0,0.00000000
2026-05-07T14:00:00-04:00,1216.96783026,1443.34000000,150.00668256,1066.96114770,1066.96114770,0.00000000,0.00000000,0.1232626523,0.1250000000,0,0,0.00000000
2026-05-07T14:15:00-04:00,1216.82238099,1443.34000000,149.86123329,1066.96114770,1066.96114770,0.00000000,0.00000000,0.1231578541,0.1250000000,0,0,0.00000000
2026-05-07T14:30:00-04:00,1216.57996553,1443.34000000,149.61881783,1066.96114770,1066.96114770,0.00000000,0.00000000,0.1229831347,0.1250000000,0,0,0.00000000
2026-05-07T14:45:00-04:00,1216.79813944,1443.34000000,149.83699174,1066.96114770,1066.96114770,0.00000000,0.00000000,0.1231403853,0.1250000000,0,1,0.00000000
2026-05-07T15:00:00-04:00,1209.01358062,1443.34000000,149.93395792,1059.07962270,37.48962270,1021.59000000,0.00000000,0.1240134605,0.1250000000,1,0,22.53446390
2026-05-07T15:15:00-04:00,1220.67443705,1443.34000000,149.71481435,1070.95962270,37.48962270,1033.47000000,0.00000000,0.1226492583,0.1250000000,1,1,22.53446390
2026-05-07T15:30:00-04:00,1220.91010026,1443.34000000,150.00668256,1070.90341770,2.52341770,1068.38000000,0.00000000,0.1228646421,0.1250000000,2,1,23.54916136
2026-05-07T15:45:00-04:00,1212.49858335,1443.34000000,150.05516565,1062.44341770,2.52341770,1059.92000000,0.00000000,0.1237569822,0.1250000000,2,4,23.54916136
2026-05-08T09:30:00-04:00,1364.58038794,1443.34000000,151.63086610,1212.94952185,1212.94952185,0.00000000,0.00000000,0.1111190425,0.1250000000,0,6,0.00000000
2026-05-08T09:45:00-04:00,1353.27821730,1443.34000000,152.13993855,1201.13827875,0.24987875,1200.88840000,0.00000000,0.1124232524,0.1250000000,2,3,55.63811827
2026-05-08T10:00:00-04:00,1348.32697073,1443.34000000,152.08709198,1196.23987875,0.24987875,1195.99000000,0.00000000,0.1127968922,0.1250000000,2,4,55.63811827
2026-05-08T10:15:00-04:00,1336.52491627,1443.34000000,151.99448928,1184.53042699,491.37042699,693.16000000,0.00000000,0.1137236481,0.1250000000,1,0,24.04526589
2026-05-08T10:30:00-04:00,1332.83788245,1443.34000000,152.09145546,1180.74642699,491.37042699,689.37600000,0.00000000,0.1141109939,0.1250000000,1,0,24.04526589
2026-05-08T10:45:00-04:00,1333.19206390,1443.34000000,152.10163691,1181.09042699,491.37042699,689.72000000,0.00000000,0.1140883156,0.1250000000,1,0,24.04526589
2026-05-08T11:00:00-04:00,1329.79036554,1443.34000000,152.13993855,1177.65042699,491.37042699,686.28000000,0.00000000,0.1144089644,0.1250000000,1,0,24.04526589
2026-05-08T11:15:00-04:00,1333.23085037,1443.34000000,152.14042338,1181.09042699,491.37042699,689.72000000,0.00000000,0.1141140886,0.1250000000,1,1,24.04526589
2026-05-08T11:30:00-04:00,1341.79964554,1443.34000000,152.13993855,1189.65970699,90.10970699,1099.55000000,0.00000000,0.1133849894,0.1250000000,2,0,31.64976025
2026-05-08T11:45:00-04:00,1340.01388709,1443.34000000,152.16418009,1187.84970699,90.10970699,1097.74000000,0.00000000,0.1135541815,0.1250000000,2,0,31.64976025
2026-05-08T12:00:00-04:00,1341.20661172,1443.34000000,152.23690473,1188.96970699,90.10970699,1098.86000000,0.00000000,0.1135074219,0.1250000000,2,0,31.64976025
2026-05-08T12:15:00-04:00,1341.50812863,1443.34000000,152.18842164,1189.31970699,90.10970699,1099.21000000,0.00000000,0.1134457693,0.1250000000,2,1,31.64976025
2026-05-08T12:30:00-04:00,1342.27774084,1443.34000000,152.16418009,1190.11356074,1.84856074,1188.26500000,0.00000000,0.1133626637,0.1250000000,3,0,34.29947542
2026-05-08T12:45:00-04:00,1351.23790818,1443.34000000,152.22914744,1199.00876074,1.84856074,1197.16020000,0.00000000,0.1126590266,0.1250000000,3,1,34.29947542
2026-05-08T13:00:00-04:00,1349.49377195,1443.34000000,152.23738956,1197.25638239,0.00938239,1197.24700000,0.00000000,0.1128107389,0.1250000000,4,1,31.74037003
2026-05-08T13:15:00-04:00,1358.73997021,1443.34000000,152.28538782,1206.45458239,0.00938239,1206.44520000,0.00000000,0.1120783897,0.1250000000,4,1,31.74037003
2026-05-08T13:30:00-04:00,1356.42428712,1443.34000000,152.23690473,1204.18738239,0.00938239,1204.17800000,0.00000000,0.1122339862,0.1250000000,4,1,31.74037003
2026-05-08T13:45:00-04:00,1365.89761176,1443.34000000,152.30962937,1213.58798239,0.00938239,1213.57860000,0.00000000,0.1115088189,0.1250000000,4,2,7.69510415
2026-05-08T14:00:00-04:00,1380.50835668,1443.34000000,152.32417429,1228.18418239,0.00938239,1228.17480000,0.00000000,0.1103391903,0.1250000000,4,2,7.69510415
2026-05-08T14:15:00-04:00,1385.22381176,1443.34000000,152.30962937,1232.91418239,0.00938239,1232.90480000,0.00000000,0.1099530834,0.1250000000,4,2,7.69510415
2026-05-08T14:30:00-04:00,1386.13033130,1443.34000000,152.28587265,1233.84445865,737.16425865,496.68020000,0.00000000,0.1098640360,0.1250000000,3,0,7.69510415
2026-05-08T14:45:00-04:00,1386.11100667,1443.34000000,152.21314802,1233.89785865,737.16425865,496.73360000,0.00000000,0.1098131010,0.1250000000,3,0,7.69510415
2026-05-08T15:00:00-04:00,1390.02621108,1443.34000000,152.26114628,1237.76506480,830.65466480,407.11040000,0.00000000,0.1095383275,0.1250000000,2,1,7.60449436
2026-05-08T15:15:00-04:00,1388.43696628,1443.34000000,152.25338898,1236.18357730,0.58257730,1235.60100000,0.00000000,0.1096581211,0.1250000000,3,1,29.27846466
2026-05-08T15:30:00-04:00,1394.38064551,1443.34000000,152.24126821,1242.13937730,0.58257730,1241.55680000,0.00000000,0.1091820004,0.1250000000,3,3,29.27846466
2026-05-08T15:45:00-04:00,1393.01152358,1443.34000000,152.26114628,1240.75037730,0.58257730,1240.16780000,0.00000000,0.1093035798,0.1250000000,3,3,29.27846466
2026-05-11T09:30:00-04:00,1413.84743140,1443.34000000,152.39641410,1261.45101730,2.66101730,1258.79000000,0.00000000,0.1077884436,0.1250000000,2,4,7.60449436
2026-05-11T09:45:00-04:00,1404.95143894,1443.34000000,152.18842164,1252.76301730,2.66101730,1250.10200000,0.00000000,0.1083229053,0.1250000000,2,4,7.60449436
2026-05-11T10:00:00-04:00,1405.21033749,1443.34000000,152.47932018,1252.73101730,2.66101730,1250.07000000,0.00000000,0.1085099619,0.1250000000,2,4,7.60449436
2026-05-11T10:15:00-04:00,1395.16095585,1443.34000000,152.13993855,1243.02101730,2.66101730,1240.36000000,0.00000000,0.1090483058,0.1250000000,2,2,7.60449436
2026-05-11T10:30:00-04:00,1390.51557543,1443.34000000,152.50356173,1238.01201370,840.10701370,397.90500000,0.00000000,0.1096741126,0.1250000000,2,1,7.67854014
2026-05-11T10:45:00-04:00,1423.86580411,1443.34000000,152.60052791,1271.26527620,304.05527620,967.21000000,0.00000000,0.1071733920,0.1250000000,3,0,48.93714105
2026-05-11T11:00:00-04:00,1403.78232102,1443.34000000,152.55204482,1251.23027620,304.05527620,947.17500000,0.00000000,0.1086721513,0.1250000000,3,3,48.93714105
2026-05-11T11:15:00-04:00,1412.38558184,1443.34000000,152.72173564,1259.66384620,8.59384620,1251.07000000,0.00000000,0.1081303417,0.1250000000,4,2,59.88528804
2026-05-11T11:30:00-04:00,1423.14058184,1443.34000000,152.72173564,1270.41884620,8.59384620,1261.82500000,0.00000000,0.1073131759,0.1250000000,4,2,48.93714105
2026-05-11T11:45:00-04:00,1420.41254802,1443.34000000,152.81870182,1267.59384620,8.59384620,1259.00000000,0.00000000,0.1075875470,0.1250000000,4,0,48.93714105
2026-05-11T12:00:00-04:00,1423.14027266,1443.34000000,152.89142645,1270.24884620,8.59384620,1261.65500000,0.00000000,0.1074324361,0.1250000000,4,1,48.93714105
2026-05-11T12:15:00-04:00,1421.18408035,1443.34000000,152.81918665,1268.36489370,2.51929370,1265.84560000,0.00000000,0.1075294811,0.1250000000,5,1,49.18092134
2026-05-11T12:30:00-04:00,1406.18151417,1443.34000000,152.72222047,1253.45929370,2.51929370,1250.94000000,0.00000000,0.1086077572,0.1250000000,5,0,49.18092134
2026-05-11T12:45:00-04:00,1409.90537088,1443.34000000,152.74597718,1257.15939370,2.51929370,1254.64010000,0.00000000,0.1083377511,0.1250000000,5,0,49.18092134
2026-05-11T13:00:00-04:00,1404.73754625,1443.34000000,152.67325255,1252.06429370,2.51929370,1249.54500000,0.00000000,0.1086845389,0.1250000000,5,0,49.18092134
2026-05-11T13:15:00-04:00,1402.18447687,1443.34000000,152.91518317,1249.26929370,2.51929370,1246.75000000,0.00000000,0.1090549679,0.1250000000,5,0,49.18092134
2026-05-11T13:30:00-04:00,1404.05344479,1443.34000000,152.96415109,1251.08929370,2.51929370,1248.57000000,0.00000000,0.1089446785,0.1250000000,5,1,49.18092134
2026-05-11T13:45:00-04:00,1406.07477851,1443.34000000,152.95348481,1253.12129370,2.51929370,1250.60200000,0.00000000,0.1087804768,0.1250000000,5,1,49.18092134
2026-05-11T14:00:00-04:00,1410.66366981,1443.34000000,152.98839264,1257.67527717,395.88027717,861.79500000,0.00000000,0.1084513594,0.1250000000,4,0,41.57642698
2026-05-11T14:15:00-04:00,1420.25261703,1443.34000000,153.01263418,1267.23998285,712.99998285,554.24000000,0.00000000,0.1077362100,0.1250000000,3,0,41.57642698
2026-05-11T14:30:00-04:00,1421.46574737,1443.34000000,153.01166452,1268.45408285,712.99998285,555.45410000,0.00000000,0.1076435818,0.1250000000,3,2,41.57642698
2026-05-11T14:45:00-04:00,1412.31669658,1443.34000000,152.77021873,1259.54647785,1.12647785,1258.42000000,0.00000000,0.1081699445,0.1250000000,5,0,55.32319390
2026-05-11T15:00:00-04:00,1423.67714585,1443.34000000,152.91566800,1270.76147785,1.12647785,1269.63500000,0.00000000,0.1074089504,0.1250000000,5,1,55.32319390
2026-05-11T15:15:00-04:00,1414.25189658,1443.34000000,152.77021873,1261.48167785,1.12647785,1260.35520000,0.00000000,0.1080219295,0.1250000000,5,1,55.32319390
2026-05-11T15:30:00-04:00,1415.91294643,1443.34000000,152.89966858,1263.01327785,1.12647785,1261.88680000,0.00000000,0.1079866308,0.1250000000,5,1,55.32319390
2026-05-11T15:45:00-04:00,1419.15203024,1443.34000000,152.96415109,1266.18787915,120.29287915,1145.89500000,0.00000000,0.1077855986,0.1250000000,4,2,52.02719208
2026-05-12T09:30:00-04:00,1436.65764642,1443.34000000,152.13993855,1284.51770787,674.68770787,609.83000000,0.00000000,0.1058985340,0.1250000000,2,4,0.07404578
2026-05-12T09:45:00-04:00,1416.43135106,1443.34000000,151.43693373,1264.99441733,568.03941733,696.95500000,0.00000000,0.1069144181,0.1250000000,3,0,43.25385853
2026-05-12T10:00:00-04:00,1399.87523276,1443.34000000,151.84904000,1248.02619276,571.26119276,676.76500000,0.00000000,0.1084732671,0.1250000000,2,1,43.14055086
2026-05-12T10:15:00-04:00,1369.30663304,1443.34000000,151.46117528,1217.84545776,90.72105776,1127.12440000,0.00000000,0.1106115837,0.1250000000,3,0,85.05476259
2026-05-12T10:30:00-04:00,1372.22223304,1443.34000000,151.46117528,1220.76105776,90.72105776,1130.04000000,0.00000000,0.1103765641,0.1250000000,3,0,85.05476259
2026-05-12T10:45:00-04:00,1360.46512677,1443.34000000,151.04906901,1209.41605776,90.72105776,1118.69500000,0.00000000,0.1110275200,0.1250000000,3,0,85.05476259
2026-05-12T11:00:00-04:00,1357.71743769,1443.34000000,150.83137993,1206.88605776,90.72105776,1116.16500000,0.00000000,0.1110918780,0.1250000000,3,0,85.05476259
2026-05-12T11:15:00-04:00,1354.89863886,1443.34000000,150.29758110,1204.60105776,90.72105776,1113.88000000,0.00000000,0.1109290221,0.1250000000,3,0,85.05476259
2026-05-12T11:30:00-04:00,1363.48226204,1443.34000000,150.66120428,1212.82105776,90.72105776,1122.10000000,0.00000000,0.1104973702,0.1250000000,3,0,85.05476259
2026-05-12T11:45:00-04:00,1368.11667268,1443.34000000,150.20061492,1217.91605776,90.72105776,1127.19500000,0.00000000,0.1097864078,0.1250000000,3,0,85.05476259
2026-05-12T12:00:00-04:00,1378.50945431,1443.34000000,150.53999656,1227.96945776,90.72105776,1137.24840000,0.00000000,0.1092049069,0.1250000000,3,1,85.05476259
2026-05-12T12:15:00-04:00,1385.42216702,1443.34000000,150.24909801,1235.17306901,6.67306901,1228.50000000,0.00000000,0.1084500462,0.1250000000,4,0,87.66915460
2026-05-12T12:30:00-04:00,1395.98498539,1443.34000000,149.90971638,1246.07526901,6.67306901,1239.40220000,0.00000000,0.1073863386,0.1250000000,4,0,44.60264953
2026-05-12T12:45:00-04:00,1392.80200807,1443.34000000,149.71578401,1243.08622405,709.24302405,533.84320000,0.00000000,0.1074925102,0.1250000000,3,0,44.60264953
2026-05-12T13:00:00-04:00,1402.18363898,1443.34000000,150.20061492,1251.98302405,709.24302405,542.74000000,0.00000000,0.1071190754,0.1250000000,3,0,44.60264953
2026-05-12T13:15:00-04:00,1407.35105443,1443.34000000,150.44303037,1256.90802405,709.24302405,547.66500000,0.00000000,0.1068980123,0.1250000000,3,0,44.60264953
2026-05-12T13:30:00-04:00,1399.35802061,1443.34000000,150.53999656,1248.81802405,709.24302405,539.57500000,0.00000000,0.1075778995,0.1250000000,3,0,44.60264953
2026-05-12T13:45:00-04:00,1404.10150370,1443.34000000,150.58847965,1253.51302405,709.24302405,544.27000000,0.00000000,0.1072489982,0.1250000000,3,0,44.60264953
2026-05-12T14:00:00-04:00,1402.03171201,1443.34000000,150.69368795,1251.33802405,709.24302405,542.09500000,0.00000000,0.1074823677,0.1250000000,3,0,44.60264953
2026-05-12T14:15:00-04:00,1407.67567123,1443.34000000,150.98264717,1256.69302405,709.24302405,547.45000000,0.00000000,0.1072567000,0.1250000000,3,1,44.60264953
2026-05-12T14:30:00-04:00,1409.04735497,1443.34000000,151.00058592,1258.04676905,0.37176905,1257.67500000,0.00000000,0.1071650185,0.1250000000,4,2,60.66892961
2026-05-12T14:45:00-04:00,1398.20690570,1443.34000000,150.85513665,1247.35176905,0.37176905,1246.98000000,0.00000000,0.1078918549,0.1250000000,4,1,60.66892961
2026-05-12T15:00:00-04:00,1404.98401197,1443.34000000,151.26724292,1253.71676905,0.37176905,1253.34500000,0.00000000,0.1076647432,0.1250000000,4,2,60.66892961
2026-05-12T15:15:00-04:00,1394.40205352,1443.34000000,151.29148446,1243.11056905,0.37176905,1242.73880000,0.00000000,0.1084991836,0.1250000000,4,0,60.66892961
2026-05-12T15:30:00-04:00,1395.11605979,1443.34000000,151.70359073,1243.41246905,0.37176905,1243.04070000,0.00000000,0.1087390470,0.1250000000,4,2,60.66892961
2026-05-12T15:45:00-04:00,1398.48113370,1443.34000000,151.92176464,1246.55936905,0.37176905,1246.18760000,0.00000000,0.1086334030,0.1250000000,4,2,60.66892961
2026-05-13T09:30:00-04:00,1394.59345464,1443.34000000,152.21266318,1242.38079146,86.22459146,1156.15620000,0.00000000,0.1091448283,0.1250000000,3,3,60.66892961
2026-05-13T09:45:00-04:00,1390.21682919,1443.34000000,152.06721391,1238.14961528,443.22061528,794.92900000,0.00000000,0.1093838103,0.1250000000,3,1,24.11488196
2026-05-13T10:00:00-04:00,1400.99080296,1443.34000000,151.99448928,1248.99631368,2.22131368,1246.77500000,0.00000000,0.1084907117,0.1250000000,4,2,44.00015560
2026-05-13T10:15:00-04:00,1408.95141841,1443.34000000,152.23690473,1256.71451368,2.22131368,1254.49320000,0.00000000,0.1080497899,0.1250000000,4,2,44.00015560
2026-05-13T10:30:00-04:00,1424.68866768,1443.34000000,152.38235400,1272.30631368,2.22131368,1270.08500000,0.00000000,0.1069583534,0.1250000000,4,2,44.00015560
2026-05-13T10:45:00-04:00,1440.10353038,1443.34000000,152.57531670,1287.52821368,2.22131368,1285.30690000,0.00000000,0.1059474638,0.1250000000,4,1,44.00015560
2026-05-13T11:00:00-04:00,1454.81998194,1443.34000000,152.57628636,1302.24369558,0.32909558,1301.91460000,0.00000000,0.1048764028,0.1250000000,5,1,5.54242014
2026-05-13T11:15:00-04:00,1464.45200668,1443.34000000,152.57628636,1311.87572031,746.00202031,565.87370000,0.00000000,0.1041866075,0.1250000000,4,2,5.54242014
2026-05-13T11:30:00-04:00,1472.55860404,1443.34000000,152.77021873,1319.78838531,6.86808531,1312.92030000,0.00000000,0.1037447463,0.1250000000,6,0,38.62518996
2026-05-13T11:45:00-04:00,1448.92517168,1443.34000000,152.57628636,1296.34888531,6.86808531,1289.48080000,0.00000000,0.1053030821,0.1250000000,6,0,38.55114417
2026-05-13T12:00:00-04:00,1465.14726694,1443.34000000,152.79058163,1312.35668531,6.86808531,1305.48860000,0.00000000,0.1042834294,0.1250000000,6,0,38.55114417
2026-05-13T12:15:00-04:00,1476.59667022,1443.34000000,152.86718491,1323.72948531,6.86808531,1316.86140000,0.00000000,0.1035267030,0.1250000000,6,0,38.55114417
2026-05-13T12:30:00-04:00,1486.06842867,1443.34000000,152.84294336,1333.22548531,6.86808531,1326.35740000,0.00000000,0.1028505420,0.1250000000,6,0,38.55114417
2026-05-13T12:45:00-04:00,1493.70487022,1443.34000000,152.86718491,1340.83768531,6.86808531,1333.96960000,0.00000000,0.1023409563,0.1250000000,6,0,38.55114417
2026-05-13T13:00:00-04:00,1490.32011177,1443.34000000,152.89142645,1337.42868531,6.86808531,1330.56060000,0.00000000,0.1025896552,0.1250000000,6,0,38.55114417
2026-05-13T13:15:00-04:00,1501.93642314,1443.34000000,152.91566800,1349.02075514,8.65075514,1340.37000000,0.00000000,0.1018123441,0.1250000000,5,0,38.44293391
2026-05-13T13:30:00-04:00,1498.85758159,1443.34000000,152.89142645,1345.96615514,8.65075514,1337.31540000,0.00000000,0.1020053061,0.1250000000,5,0,38.44293391
2026-05-13T13:45:00-04:00,1493.01378159,1443.34000000,152.89142645,1340.12235514,8.65075514,1331.47160000,0.00000000,0.1024045647,0.1250000000,5,1,38.44293391
2026-05-13T14:00:00-04:00,1508.42166058,1443.34000000,152.93990954,1355.48175104,504.67636867,835.35810000,15.44728236,0.1024397416,0.1250000000,5,0,38.83551597
2026-05-13T14:15:00-04:00,1512.06846058,1443.34000000,152.93990954,1359.12855104,504.67636867,839.00490000,15.44728236,0.1021901278,0.1250000000,5,1,38.83551597
2026-05-13T14:30:00-04:00,1511.61216157,1443.34000000,152.91615283,1358.69600874,2.64372637,1340.60500000,15.44728236,0.1022054153,0.1250000000,6,0,67.48934130
2026-05-13T14:45:00-04:00,1497.86251828,1443.34000000,152.93990954,1344.92260874,2.64372637,1326.83160000,15.44728236,0.1031694129,0.1250000000,6,0,67.48934130
2026-05-13T15:00:00-04:00,1519.47091828,1443.34000000,152.93990954,1366.53100874,2.64372637,1348.44000000,15.44728236,0.1016871716,0.1250000000,6,0,67.48934130
2026-05-13T15:15:00-04:00,1516.90221828,1443.34000000,152.93990954,1363.96230874,2.64372637,1345.87130000,15.44728236,0.1018611387,0.1250000000,6,0,67.48934130
2026-05-13T15:30:00-04:00,1513.74667674,1443.34000000,152.91566800,1360.83100874,2.64372637,1342.74000000,15.44728236,0.1020594873,0.1250000000,6,0,67.48934130
2026-05-13T15:45:00-04:00,1492.60591828,1443.34000000,152.93990954,1339.66600874,2.64372637,1321.57500000,15.44728236,0.1035365504,0.1250000000,6,0,67.48934130
2026-05-14T09:30:00-04:00,1467.28867005,1443.34000000,157.25290239,1310.03576766,483.75706085,821.54170000,4.73700681,0.1075195539,0.1250000000,4,1,38.83551597
2026-05-14T09:45:00-04:00,1465.39684040,1443.34000000,156.97829024,1308.41855016,2.70654335,1300.97500000,4.73700681,0.1074708064,0.1250000000,5,0,49.65622045
2026-05-14T10:00:00-04:00,1469.70652307,1443.34000000,157.20297291,1312.50355016,2.70654335,1305.06000000,4.73700681,0.1073080164,0.1250000000,5,1,49.65622045
2026-05-14T10:15:00-04:00,1474.45334677,1443.34000000,157.32779662,1317.12555016,2.70654335,1309.68200000,4.73700681,0.1070463683,0.1250000000,5,1,49.65622045
2026-05-14T10:30:00-04:00,1485.54592366,1443.34000000,157.62737351,1327.91855016,2.70654335,1320.47500000,4.73700681,0.1064468020,0.1250000000,5,1,49.65622045
2026-05-14T10:45:00-04:00,1485.80679538,1443.34000000,157.67730299,1328.12949240,90.71780006,1228.73370000,8.67799234,0.1067458049,0.1250000000,4,2,49.65622045
2026-05-14T11:00:00-04:00,1506.00671711,1443.34000000,157.80212669,1348.20459042,7.98649809,1331.54010000,8.67799234,0.1053891000,0.1250000000,5,1,54.10169208
2026-05-14T11:15:00-04:00,1506.50465083,1443.34000000,157.84906040,1348.65559042,7.98649809,1331.99110000,8.67799234,0.1053853992,0.1250000000,5,1,47.24128065
2026-05-14T11:30:00-04:00,1502.40264442,1443.34000000,157.83358226,1344.56906215,14.74751681,1320.85500000,8.96654534,0.1056848581,0.1250000000,4,2,47.24128065
2026-05-14T11:45:00-04:00,1501.08683530,1443.34000000,157.90198565,1343.18484965,2.98870431,1331.22960000,8.96654534,0.1058238982,0.1250000000,5,1,47.76972296
2026-05-14T12:00:00-04:00,1517.57663094,1443.34000000,157.97588129,1359.60074965,2.98870431,1347.64550000,8.96654534,0.1047161774,0.1250000000,5,0,47.76972296
2026-05-14T12:15:00-04:00,1514.36220582,1443.34000000,157.85205617,1356.51014965,2.98870431,1344.55490000,8.96654534,0.1048575204,0.1250000000,5,0,47.76972296
2026-05-14T12:30:00-04:00,1521.70734108,1443.34000000,157.82709143,1363.88024965,2.98870431,1351.92500000,8.96654534,0.1043318802,0.1250000000,5,1,47.76972296
2026-05-14T12:45:00-04:00,1529.44775205,1443.34000000,157.85205617,1371.59569588,164.60872629,1192.99000000,13.99696959,0.1041617834,0.1250000000,4,0,47.76972296
2026-05-14T13:00:00-04:00,1525.35562835,1443.34000000,157.72723247,1367.62839588,164.60872629,1189.02270000,13.99696959,0.1043612193,0.1250000000,4,0,47.76972296
2026-05-14T13:15:00-04:00,1519.69383990,1443.34000000,157.57744402,1362.11639588,164.60872629,1183.51070000,13.99696959,0.1046541619,0.1250000000,4,0,47.76972296
2026-05-14T13:30:00-04:00,1526.24535783,1443.34000000,157.77716195,1368.46819588,164.60872629,1189.86250000,13.99696959,0.1043328353,0.1250000000,4,0,47.76972296
2026-05-14T13:45:00-04:00,1531.82764628,1443.34000000,157.92695040,1373.90069588,164.60872629,1195.29500000,13.99696959,0.1040478051,0.1250000000,4,1,47.76972296
2026-05-14T14:00:00-04:00,1532.72981356,1443.34000000,157.82709143,1374.90272213,0.52075254,1360.38500000,13.99696959,0.1039202464,0.1250000000,5,0,28.23500825
2026-05-14T14:15:00-04:00,1523.00391356,1443.34000000,157.82709143,1365.17682213,0.52075254,1350.65910000,13.99696959,0.1045900366,0.1250000000,5,0,28.23500825
2026-05-14T14:30:00-04:00,1524.96427830,1443.34000000,157.85205617,1367.11222213,0.52075254,1352.59450000,13.99696959,0.1044708613,0.1250000000,5,0,28.23500825
2026-05-14T14:45:00-04:00,1524.39463727,1443.34000000,157.95191514,1366.44272213,0.52075254,1351.92500000,13.99696959,0.1045763765,0.1250000000,5,0,28.23500825
2026-05-14T15:00:00-04:00,1519.47800201,1443.34000000,157.97687988,1361.50112213,0.52075254,1346.98340000,13.99696959,0.1049344870,0.1250000000,5,1,28.23500825
2026-05-14T15:15:00-04:00,1511.21883149,1443.34000000,158.02680936,1353.19202213,0.52075254,1338.67430000,13.99696959,0.1055466884,0.1250000000,5,0,28.23500825
2026-05-14T15:30:00-04:00,1521.21199623,1443.34000000,158.05177410,1363.16022213,0.52075254,1348.64250000,13.99696959,0.1048634543,0.1250000000,5,1,28.23500825
2026-05-14T15:45:00-04:00,1525.56453149,1443.34000000,158.02680936,1367.53772213,0.52075254,1353.02000000,13.99696959,0.1045449858,0.1250000000,5,1,28.23500825
2026-05-15T09:30:00-04:00,1488.12725973,1443.34000000,155.30565261,1332.82160712,818.92152306,509.01680000,4.88328405,0.1047067476,0.1250000000,2,0,0.52844232
2026-05-15T09:45:00-04:00,1503.53898383,1443.34000000,155.42698125,1348.11200258,1320.11734768,11.28000000,16.71465490,0.1045362107,0.1250000000,1,1,0.52844232
2026-05-15T10:00:00-04:00,1503.52536085,1443.34000000,155.95473587,1347.57062498,339.69461017,991.36000000,16.51601481,0.1048781141,0.1250000000,1,1,28.96680887
2026-05-15T10:15:00-04:00,1494.67429014,1443.34000000,156.03312516,1338.64116498,140.26515017,1181.86000000,16.51601481,0.1055591460,0.1250000000,2,1,34.37491050
2026-05-15T10:30:00-04:00,1498.10818154,1443.34000000,156.12948906,1341.97869248,3.53267767,1321.93000000,16.51601481,0.1053795319,0.1250000000,3,0,45.16357256
2026-05-15T10:45:00-04:00,1493.68369887,1443.34000000,155.90480639,1337.77889248,3.53267767,1317.73020000,16.51601481,0.1055430660,0.1250000000,3,0,45.16357256
2026-05-15T11:00:00-04:00,1491.87832257,1443.34000000,156.02963009,1335.84869248,3.53267767,1315.80000000,16.51601481,0.1057568228,0.1250000000,3,0,45.16357256
2026-05-15T11:15:00-04:00,1495.16561102,1443.34000000,156.17941854,1338.98619248,3.53267767,1318.93750000,16.51601481,0.1056230083,0.1250000000,3,1,45.16357256
2026-05-15T11:30:00-04:00,1496.03832257,1443.34000000,156.02963009,1340.00869248,3.53267767,1319.96000000,16.51601481,0.1054594644,0.1250000000,3,1,45.16357256
2026-05-15T11:45:00-04:00,1498.96042328,1443.34000000,156.02913080,1342.93129248,3.53267767,1322.88260000,16.51601481,0.1052512525,0.1250000000,3,0,45.16357256
2026-05-15T12:00:00-04:00,1503.03282328,1443.34000000,156.02913080,1347.00369248,3.53267767,1326.95500000,16.51601481,0.1049629106,0.1250000000,3,0,45.16357256
2026-05-15T12:15:00-04:00,1508.93304050,1443.34000000,156.22934802,1352.70369248,3.53267767,1332.65500000,16.51601481,0.1046820998,0.1250000000,3,0,45.16357256
2026-05-15T12:30:00-04:00,1505.97300524,1443.34000000,156.25431276,1349.71869248,3.53267767,1329.67000000,16.51601481,0.1049068981,0.1250000000,3,0,45.16357256
2026-05-15T12:45:00-04:00,1509.19811102,1443.34000000,156.17941854,1353.01869248,3.53267767,1332.97000000,16.51601481,0.1046300608,0.1250000000,3,0,45.16357256
2026-05-15T13:00:00-04:00,1504.39689946,1443.34000000,156.32920698,1348.06769248,3.53267767,1328.01900000,16.51601481,0.1050683617,0.1250000000,3,0,45.16357256
2026-05-15T13:15:00-04:00,1510.32244109,1443.34000000,156.65374861,1353.66869248,3.53267767,1333.62000000,16.51601481,0.1048688410,0.1250000000,3,1,45.16357256
2026-05-15T13:30:00-04:00,1511.82244109,1443.34000000,156.65374861,1355.16869248,3.53267767,1335.12000000,16.51601481,0.1047636430,0.1250000000,3,2,45.16357256
2026-05-15T13:45:00-04:00,1511.88740583,1443.34000000,156.67871335,1355.20869248,3.53267767,1335.16000000,16.51601481,0.1047757863,0.1250000000,3,0,45.16357256
2026-05-15T14:00:00-04:00,1518.01222954,1443.34000000,156.80353706,1361.20869248,3.53267767,1341.16000000,16.51601481,0.1044315234,0.1250000000,3,0,45.16357256
2026-05-15T14:15:00-04:00,1514.11121739,1443.34000000,156.52892491,1357.58229248,3.53267767,1337.53360000,16.51601481,0.1045201832,0.1250000000,3,0,45.16357256
2026-05-15T14:30:00-04:00,1514.59868791,1443.34000000,156.47899543,1358.11969248,3.53267767,1338.07100000,16.51601481,0.1044528438,0.1250000000,3,1,45.16357256
2026-05-15T14:45:00-04:00,1523.00258213,1443.34000000,156.55388965,1366.44869248,3.53267767,1346.40000000,16.51601481,0.1039198709,0.1250000000,3,2,45.16357256
2026-05-15T15:00:00-04:00,1520.27789946,1443.34000000,156.32920698,1363.94869248,3.53267767,1343.90000000,16.51601481,0.1039587508,0.1250000000,3,1,45.16357256
2026-05-15T15:15:00-04:00,1513.49321680,1443.34000000,156.10452432,1357.38869248,3.53267767,1337.34000000,16.51601481,0.1042798274,0.1250000000,3,1,45.16357256
2026-05-15T15:30:00-04:00,1510.04818154,1443.34000000,156.12948906,1353.91869248,3.53267767,1333.87000000,16.51601481,0.1045370783,0.1250000000,3,0,45.16357256
2026-05-15T15:45:00-04:00,1511.71860465,1443.34000000,155.82991217,1355.88869248,3.53267767,1335.84000000,16.51601481,0.1042199320,0.1250000000,3,1,45.16357256
2026-05-18T09:30:00-04:00,1509.24872011,1443.34000000,155.53033528,1353.71838483,196.06080855,1143.19640000,14.46117628,0.1040484555,0.1250000000,3,0,39.75547092
2026-05-18T09:45:00-04:00,1526.95143908,1443.34000000,155.82991217,1371.12152692,199.46776356,1157.19000000,14.46376335,0.1030288806,0.1250000000,2,0,10.78866205
2026-05-18T10:00:00-04:00,1525.23549550,1443.34000000,155.78996858,1369.44552692,199.46776356,1155.51400000,14.46376335,0.1031194622,0.1250000000,2,0,10.78866205
2026-05-18T10:15:00-04:00,1521.74536797,1443.34000000,155.45544105,1366.28992692,199.46776356,1152.35840000,14.46376335,0.1031362956,0.1250000000,2,0,10.78866205
2026-05-18T10:30:00-04:00,1504.00955256,1443.34000000,155.28068787,1348.72886469,1197.67031661,132.86000000,18.19854808,0.1045090442,0.1250000000,1,0,10.78866205
2026-05-18T10:45:00-04:00,1505.31472885,1443.34000000,155.15586416,1350.15886469,1197.67031661,134.29000000,18.19854808,0.1043333844,0.1250000000,1,1,10.78866205
2026-05-18T11:00:00-04:00,1516.32264713,1443.34000000,155.08096994,1361.24167719,0.52312911,1342.52000000,18.19854808,0.1035167714,0.1250000000,2,0,48.96952017
2026-05-18T11:15:00-04:00,1520.38342283,1443.34000000,154.53174564,1365.85167719,0.52312911,1347.13000000,18.19854808,0.1028713231,0.1250000000,2,0,48.96952017
2026-05-18T11:30:00-04:00,1541.28296446,1443.34000000,154.85628727,1386.42667719,0.52312911,1367.70500000,18.19854808,0.1016728197,0.1250000000,2,0,48.96952017
2026-05-18T11:45:00-04:00,1547.43314076,1443.34000000,154.73146357,1392.70167719,0.52312911,1373.98000000,18.19854808,0.1011822936,0.1250000000,2,0,10.78866205
2026-05-18T12:00:00-04:00,1555.24299972,1443.34000000,154.83132253,1400.41167719,0.52312911,1381.69000000,18.19854808,0.1007331456,0.1250000000,2,0,10.78866205
2026-05-18T12:15:00-04:00,1555.12065750,1443.34000000,154.08238031,1401.03827719,0.52312911,1382.31660000,18.19854808,0.1002538641,0.1250000000,2,0,10.78866205
2026-05-18T12:30:00-04:00,1559.53363439,1443.34000000,154.38195720,1405.15167719,0.52312911,1386.43000000,18.19854808,0.1001611905,0.1250000000,2,0,10.78866205
2026-05-18T12:45:00-04:00,1543.70707024,1443.34000000,154.78139305,1388.92567719,0.52312911,1370.20400000,18.19854808,0.1014621622,0.1250000000,2,0,10.78866205
2026-05-18T13:00:00-04:00,1533.26810550,1443.34000000,154.75642831,1378.51167719,0.52312911,1359.79000000,18.19854808,0.1021447679,0.1250000000,2,0,10.78866205
2026-05-18T13:15:00-04:00,1526.81371057,1443.34000000,154.68203338,1372.13167719,0.52312911,1353.41000000,18.19854808,0.1025324664,0.1250000000,2,0,10.78866205
2026-05-18T13:30:00-04:00,1531.83713287,1443.34000000,154.80785568,1377.02927719,0.52312911,1358.30760000,18.19854808,0.1022753101,0.1250000000,2,0,10.78866205
2026-05-18T13:45:00-04:00,1530.29659972,1443.34000000,154.83132253,1375.46527719,0.52312911,1356.74360000,18.19854808,0.1023950281,0.1250000000,2,0,10.78866205
2026-05-18T14:00:00-04:00,1540.61370491,1443.34000000,154.33202772,1386.28167719,0.52312911,1367.56000000,18.19854808,0.1013731550,0.1250000000,2,0,10.78866205
2026-05-18T14:15:00-04:00,1522.62725572,1443.34000000,154.00748609,1368.61976964,1211.92148673,130.13000000,26.56828291,0.1029421225,0.1250000000,1,0,10.78866205
2026-05-18T14:30:00-04:00,1522.93718521,1443.34000000,154.05741557,1368.87976964,1211.92148673,130.39000000,26.56828291,0.1029541681,0.1250000000,1,0,10.78866205
2026-05-18T14:45:00-04:00,1522.81236150,1443.34000000,153.93259186,1368.87976964,1211.92148673,130.39000000,26.56828291,0.1028793324,0.1250000000,1,0,10.78866205
2026-05-18T15:00:00-04:00,1524.76144476,1443.34000000,154.58167513,1370.17976964,1211.92148673,131.69000000,26.56828291,0.1031787349,0.1250000000,1,2,10.78866205
2026-05-18T15:15:00-04:00,1513.46369754,1443.34000000,154.38145790,1359.08223964,0.97395673,1331.54000000,26.56828291,0.1038280543,0.1250000000,3,0,72.54156563
2026-05-18T15:30:00-04:00,1530.81328010,1443.34000000,155.03104046,1375.78223964,0.97395673,1348.24000000,26.56828291,0.1030623607,0.1250000000,3,2,72.54156563
2026-05-18T15:45:00-04:00,1539.23292751,1443.34000000,155.28068787,1383.95223964,0.97395673,1356.41000000,26.56828291,0.1026537431,0.1250000000,3,1,72.54156563
2026-05-19T09:30:00-04:00,1528.93001476,1443.34000000,154.33252701,1374.59748774,288.62557833,1046.17000000,39.80190941,0.1036395233,0.1250000000,2,2,54.54536992
2026-05-19T09:45:00-04:00,1517.76799594,1443.34000000,154.28958766,1363.47840828,132.77815324,1194.92510000,35.77515504,0.1041095364,0.1250000000,3,0,48.53103412
2026-05-19T10:00:00-04:00,1508.10694233,1443.34000000,153.53315601,1354.57378632,1050.61403820,284.62490000,19.33484812,0.1031273736,0.1250000000,2,1,4.77432625
2026-05-19T10:15:00-04:00,1503.71637441,1443.34000000,153.33343809,1350.38293632,395.52308820,935.52500000,19.33484812,0.1032978620,0.1250000000,3,0,47.28876816
2026-05-19T10:30:00-04:00,1500.00598655,1443.34000000,153.60805023,1346.39793632,395.52308820,931.54000000,19.33484812,0.1037421790,0.1250000000,3,1,47.28876816
2026-05-19T10:45:00-04:00,1492.57208912,1443.34000000,153.83273290,1338.73935622,6.26290192,1313.20500000,19.27145430,0.1044136745,0.1250000000,3,1,59.96892427
2026-05-19T11:00:00-04:00,1489.80180705,1443.34000000,154.03245083,1335.76935622,6.26290192,1310.23500000,19.27145430,0.1047461894,0.1250000000,3,1,59.96892427
2026-05-19T11:15:00-04:00,1486.59223016,1443.34000000,153.73287394,1332.85935622,6.26290192,1307.32500000,19.27145430,0.1047711424,0.1250000000,3,1,59.96892427
2026-05-19T11:30:00-04:00,1472.59367121,1443.34000000,154.18223927,1318.41143193,634.28031112,680.76000000,3.37112081,0.1049413782,0.1250000000,2,0,17.45448236
2026-05-19T11:45:00-04:00,1471.06290533,1443.34000000,154.01647339,1317.04643193,634.28031112,679.39500000,3.37112081,0.1049378862,0.1250000000,2,1,17.45448236
2026-05-19T12:00:00-04:00,1470.66931197,1443.34000000,153.93259186,1316.73672011,0.85649930,1312.50910000,3.37112081,0.1049088677,0.1250000000,3,1,27.83807358
2026-05-19T12:15:00-04:00,1473.56346575,1443.34000000,154.53174564,1319.03172011,0.85649930,1314.80410000,3.37112081,0.1051098832,0.1250000000,3,1,27.83807358
2026-05-19T12:30:00-04:00,1475.79394264,1443.34000000,154.83132253,1320.96262011,0.85649930,1316.73500000,3.37112081,0.1051541176,0.1250000000,3,1,27.83807358
2026-05-19T12:45:00-04:00,1480.11146057,1443.34000000,155.03104046,1325.08042011,0.85649930,1320.85280000,3.37112081,0.1049819229,0.1250000000,3,0,27.83807358
2026-05-19T13:00:00-04:00,1481.08143746,1443.34000000,155.33061735,1325.75082011,0.85649930,1321.52320000,3.37112081,0.1051157426,0.1250000000,3,0,27.83807358
2026-05-19T13:15:00-04:00,1481.15330798,1443.34000000,155.28068787,1325.87262011,0.85649930,1321.64500000,3.37112081,0.1050768437,0.1250000000,3,2,27.83807358
2026-05-19T13:30:00-04:00,1482.23313168,1443.34000000,155.40551157,1326.82762011,0.85649930,1322.60000000,3.37112081,0.1050845247,0.1250000000,3,0,27.83807358
2026-05-19T13:45:00-04:00,1477.20841375,1443.34000000,155.20579365,1322.00262011,0.85649930,1317.77500000,3.37112081,0.1053072781,0.1250000000,3,1,27.83807358
2026-05-19T14:00:00-04:00,1479.55918669,1443.34000000,155.36656658,1324.19262011,0.85649930,1319.96500000,3.37112081,0.1052484911,0.1250000000,3,2,27.83807358
2026-05-19T14:15:00-04:00,1475.88659005,1443.34000000,155.08096994,1320.80562011,0.85649930,1316.57800000,3.37112081,0.1053170396,0.1250000000,3,0,27.83807358
2026-05-19T14:30:00-04:00,1477.49859005,1443.34000000,155.08096994,1322.41762011,0.85649930,1318.19000000,3.37112081,0.1052018724,0.1250000000,3,0,27.83807358
2026-05-19T14:45:00-04:00,1472.99877790,1443.34000000,154.80635779,1318.19242011,0.85649930,1313.96480000,3.37112081,0.1053371288,0.1250000000,3,1,27.83807358
2026-05-19T15:00:00-04:00,1476.36896946,1443.34000000,155.16634936,1321.20262011,0.85649930,1316.97500000,3.37112081,0.1053405132,0.1250000000,3,1,27.83807358
2026-05-19T15:15:00-04:00,1475.93397790,1443.34000000,154.80635779,1321.12762011,0.85649930,1316.90000000,3.37112081,0.1051271646,0.1250000000,3,0,27.83807358
2026-05-19T15:30:00-04:00,1475.36222472,1443.34000000,154.63160461,1320.73062011,0.85649930,1316.50300000,3.37112081,0.1050492793,0.1250000000,3,0,27.83807358
2026-05-19T15:45:00-04:00,1475.10929523,1443.34000000,154.58167513,1320.52762011,0.85649930,1316.30000000,3.37112081,0.1050334073,0.1250000000,3,1,27.83807358
2026-05-20T09:30:00-04:00,1478.80281435,1443.34000000,155.63019424,1323.17262011,0.85649930,1318.94500000,3.37112081,0.1054811246,0.1250000000,3,2,27.83807358
2026-05-20T09:45:00-04:00,1475.46769642,1443.34000000,155.43047631,1320.03722011,0.85649930,1315.80960000,3.37112081,0.1055844290,0.1250000000,3,0,23.23144788
2026-05-20T10:00:00-04:00,1475.58036724,1443.34000000,155.59274713,1319.98762011,0.85649930,1315.76000000,3.37112081,0.1056865711,0.1250000000,3,1,23.23144788
2026-05-20T10:15:00-04:00,1475.45834722,1443.34000000,156.27278667,1319.18556056,626.80056056,692.38500000,0.00000000,0.1059147396,0.1250000000,2,3,12.84785667
2026-05-20T10:30:00-04:00,1488.52101219,1443.34000000,156.12948906,1332.39152313,7.48652313,1324.90500000,0.00000000,0.1048890058,0.1250000000,4,2,33.59916076
2026-05-20T10:45:00-04:00,1485.00274167,1443.34000000,156.17941854,1328.82332313,7.48652313,1321.33680000,0.00000000,0.1051711314,0.1250000000,4,2,33.59916076
2026-05-20T11:00:00-04:00,1483.65707990,1443.34000000,156.22934802,1327.42773188,2.42773188,1325.00000000,0.00000000,0.1053001736,0.1250000000,5,0,33.88255151
2026-05-20T11:15:00-04:00,1492.07077412,1443.34000000,156.30424224,1335.76653188,2.42773188,1333.33880000,0.00000000,0.1047565873,0.1250000000,5,0,33.88255151
2026-05-20T11:30:00-04:00,1499.40690360,1443.34000000,156.35417172,1343.05273188,2.42773188,1340.62500000,0.00000000,0.1042773455,0.1250000000,5,1,33.88255151
2026-05-20T11:45:00-04:00,1519.76263261,1443.34000000,156.32920698,1363.43342563,0.55132563,1362.88210000,0.00000000,0.1028642260,0.1250000000,6,0,0.83058766
2026-05-20T12:00:00-04:00,1513.16999806,1443.34000000,156.35367243,1356.81632563,0.55132563,1356.26500000,0.00000000,0.1033285570,0.1250000000,6,0,0.83058766
2026-05-20T12:15:00-04:00,1508.86577943,1443.34000000,156.15445380,1352.71132563,0.55132563,1352.16000000,0.00000000,0.1034912819,0.1250000000,6,0,0.83058766
2026-05-20T12:30:00-04:00,1513.22903191,1443.34000000,156.32970628,1356.89932563,0.55132563,1356.34800000,0.00000000,0.1033086882,0.1250000000,6,0,0.83058766
2026-05-20T12:45:00-04:00,1522.93843261,1443.34000000,156.32920698,1366.60922563,0.55132563,1366.05790000,0.00000000,0.1026497222,0.1250000000,6,0,0.83058766
2026-05-20T13:00:00-04:00,1527.54553261,1443.34000000,156.32920698,1371.21632563,0.55132563,1370.66500000,0.00000000,0.1023401291,0.1250000000,6,0,0.83058766
2026-05-20T13:15:00-04:00,1525.86066899,1443.34000000,156.37913646,1369.48153253,284.49774633,1084.10500000,0.87878620,0.1025449143,0.1250000000,5,0,0.83058766
2026-05-20T13:30:00-04:00,1526.49559847,1443.34000000,156.42906595,1370.06653253,284.49774633,1084.69000000,0.87878620,0.1025349647,0.1250000000,5,0,0.83058766
2026-05-20T13:45:00-04:00,1523.96509918,1443.34000000,156.42856665,1367.53653253,284.49774633,1082.16000000,0.87878620,0.1027049914,0.1250000000,5,0,0.83058766
2026-05-20T14:00:00-04:00,1526.34556322,1443.34000000,156.45403069,1369.89153253,284.49774633,1084.51500000,0.87878620,0.1025614147,0.1250000000,5,0,0.83058766
2026-05-20T14:15:00-04:00,1526.74692796,1443.34000000,156.47899543,1370.26793253,284.49774633,1084.89140000,0.87878620,0.1025507979,0.1250000000,5,0,0.83058766
2026-05-20T14:30:00-04:00,1524.79049270,1443.34000000,156.50396017,1368.28653253,284.49774633,1082.91000000,0.87878620,0.1026988371,0.1250000000,5,1,0.83058766
2026-05-20T14:45:00-04:00,1519.35708180,1443.34000000,156.50396017,1362.85312163,412.73526941,945.03000000,5.08785222,0.1033527969,0.1250000000,5,0,4.30521742
2026-05-20T15:00:00-04:00,1535.22701128,1443.34000000,156.55388965,1378.67312163,412.73526941,960.85000000,5.08785222,0.1023134979,0.1250000000,5,1,4.30521742
2026-05-20T15:15:00-04:00,1539.34674128,1443.34000000,156.55388965,1382.79285163,132.16499941,1245.54000000,5.08785222,0.1020387698,0.1250000000,6,0,10.04880811
2026-05-20T15:30:00-04:00,1543.35904279,1443.34000000,156.55388965,1386.80515314,781.87482496,575.52000000,29.41032818,0.1034076572,0.1250000000,5,0,10.04880811
2026-05-20T15:45:00-04:00,1543.90404279,1443.34000000,156.55388965,1387.35015314,781.87482496,576.06500000,29.41032818,0.1033704453,0.1250000000,5,1,10.04880811
2026-05-21T09:30:00-04:00,1524.93519109,1443.34000000,188.03124983,1336.90394126,3.08841308,1304.40520000,29.41032818,0.1257292704,0.1250000000,6,0,35.82127883
2026-05-21T09:45:00-04:00,1525.62415421,1443.34000000,188.36485366,1337.25930055,279.91036533,1030.14000000,27.20893522,0.1257093837,0.1250000000,5,1,30.07768814
2026-05-21T10:00:00-04:00,1549.36974433,1443.34000000,188.39518128,1360.97456305,0.05062783,1333.71500000,27.20893522,0.1237682511,0.1250000000,6,0,40.54206489
2026-05-21T10:15:00-04:00,1544.83515764,1443.34000000,187.97059459,1356.86456305,0.05062783,1329.60500000,27.20893522,0.1238582938,0.1250000000,6,0,40.47286615
2026-05-21T10:30:00-04:00,1543.65287861,1443.34000000,188.21321555,1355.43966305,0.05062783,1328.18010000,27.20893522,0.1241148520,0.1250000000,6,0,30.00848941
2026-05-21T10:45:00-04:00,1552.89812155,1443.34000000,188.37455850,1364.52356305,0.05062783,1337.26400000,27.20893522,0.1234685021,0.1250000000,6,0,30.00848941
2026-05-21T11:00:00-04:00,1552.79333385,1443.34000000,188.27387080,1364.51946305,0.05062783,1337.25990000,27.20893522,0.1234109833,0.1250000000,6,0,30.00848941
2026-05-21T11:15:00-04:00,1553.27409958,1443.34000000,188.45583652,1364.81826305,0.05062783,1337.55870000,27.20893522,0.1234913429,0.1250000000,6,0,30.00848941
2026-05-21T11:30:00-04:00,1555.88105482,1443.34000000,188.51649176,1367.36456305,0.05062783,1340.10500000,27.20893522,0.1233204226,0.1250000000,6,0,30.00848941
2026-05-21T11:45:00-04:00,1556.46011006,1443.34000000,188.57714701,1367.88296305,0.05062783,1340.62340000,27.20893522,0.1233133903,0.1250000000,6,0,30.00848941
2026-05-21T12:00:00-04:00,1554.24256530,1443.34000000,188.63780225,1365.60476305,0.05062783,1338.34520000,27.20893522,0.1235321859,0.1250000000,6,0,30.00848941
2026-05-21T12:15:00-04:00,1537.21875482,1443.34000000,188.51649176,1348.70226305,0.05062783,1321.44270000,27.20893522,0.1248445469,0.1250000000,6,0,30.00848941
2026-05-21T12:30:00-04:00,1538.45588244,1443.34000000,188.54681938,1349.90906305,0.05062783,1322.64950000,27.20893522,0.1247624154,0.1250000000,6,0,30.00848941
2026-05-21T12:45:00-04:00,1532.09612511,1443.34000000,188.54681938,1343.54930572,285.02281859,1028.31500000,30.21148713,0.1255401478,0.1250000000,5,0,30.00848941
2026-05-21T13:00:00-04:00,1538.22940933,1443.34000000,189.00173370,1349.22767563,286.92244894,1032.08010000,30.22512669,0.1253323587,0.1250000000,4,0,30.00848941
2026-05-21T13:15:00-04:00,1547.21127505,1443.34000000,189.18369942,1358.02757563,286.92244894,1040.88000000,30.22512669,0.1247102352,0.1250000000,4,2,30.00848941
2026-05-21T13:30:00-04:00,1543.33747917,1443.34000000,189.27468229,1354.06279688,7.00767019,1316.83000000,30.22512669,0.1250896419,0.1250000000,5,0,37.83533768
2026-05-21T13:45:00-04:00,1543.67247917,1443.34000000,189.27468229,1354.39779688,7.00767019,1317.16500000,30.22512669,0.1250619534,0.1250000000,5,1,37.83533768
2026-05-21T14:00:00-04:00,1541.22215155,1443.34000000,189.24435467,1351.97779688,7.00767019,1314.74500000,30.22512669,0.1252446905,0.1250000000,5,0,37.83533768
2026-05-21T14:15:00-04:00,1543.19523441,1443.34000000,189.33533753,1353.85989688,7.00767019,1316.62710000,30.22512669,0.1251414926,0.1250000000,5,0,37.83533768
2026-05-21T14:30:00-04:00,1542.64374096,1443.34000000,189.33594408,1353.30779688,7.00767019,1316.07500000,30.22512669,0.1251875257,0.1250000000,5,0,37.55194692
2026-05-21T14:45:00-04:00,1527.19592445,1443.34000000,189.03206132,1338.16386313,12.18129469,1295.69000000,30.29256844,0.1262820746,0.1250000000,4,0,37.55194692
2026-05-21T15:00:00-04:00,1525.11354542,1443.34000000,189.27468229,1335.83886313,12.18129469,1293.36500000,30.29256844,0.1266203012,0.1250000000,4,1,37.55194692
2026-05-21T15:15:00-04:00,1521.61027941,1443.34000000,189.33533753,1332.27494188,0.27737344,1301.70500000,30.29256844,0.1269584181,0.1250000000,5,0,37.69655508
2026-05-21T15:30:00-04:00,1525.21227941,1443.34000000,189.33533753,1335.87694188,0.27737344,1305.30700000,30.29256844,0.1266525126,0.1250000000,5,1,37.69655508
2026-05-21T15:45:00-04:00,1519.03093465,1443.34000000,189.39599277,1329.63494188,0.27737344,1299.06500000,30.29256844,0.1272191253,0.1250000000,5,1,37.69655508
2026-05-22T09:30:00-04:00,1566.91559841,1443.34000000,190.66975285,1376.24584556,12.43763516,1333.35000000,30.45821040,0.1240970002,0.1250000000,4,2,8.44945461
2026-05-22T09:45:00-04:00,1552.71225435,1443.34000000,190.57876999,1362.13348436,1040.49444844,288.06500000,33.57403592,0.1254518961,0.1250000000,2,1,8.90147763
2026-05-22T10:00:00-04:00,1549.39075052,1443.34000000,190.24516616,1359.14558436,22.53154844,1303.04000000,33.57403592,0.1255067082,0.1250000000,3,2,45.95529009
2026-05-22T10:15:00-04:00,1560.02642290,1443.34000000,190.21483854,1369.81158436,22.53154844,1313.70600000,33.57403592,0.1246123627,0.1250000000,3,2,45.95529009
2026-05-22T10:30:00-04:00,1577.61302971,1443.34000000,190.66975285,1386.94327686,6.10924094,1347.26000000,33.57403592,0.1234876539,0.1250000000,4,2,47.19522382
2026-05-22T10:45:00-04:00,1568.15339203,1443.34000000,190.76073571,1377.39265631,7.53134950,1336.51000000,33.35130681,0.1242901202,0.1250000000,4,0,46.81445810
2026-05-22T11:00:00-04:00,1560.30634062,1443.34000000,191.03368430,1369.27265631,7.53134950,1328.39000000,33.35130681,0.1251076031,0.1250000000,4,1,46.81445810
2026-05-22T11:15:00-04:00,1567.81006380,1443.34000000,191.18532241,1376.62474139,3.50843457,1339.76500000,33.35130681,0.1245946309,0.1250000000,5,0,46.81764914
2026-05-22T11:30:00-04:00,1567.30875331,1443.34000000,191.06401192,1376.24474139,3.50843457,1339.38500000,33.35130681,0.1245562661,0.1250000000,5,0,46.81764914
2026-05-22T11:45:00-04:00,1577.53548473,1443.34000000,191.09433954,1386.44114519,9.69185899,1343.24000000,33.50928620,0.1237636639,0.1250000000,4,0,46.81764914
2026-05-22T12:00:00-04:00,1584.49982949,1443.34000000,191.03368430,1393.46614519,9.69185899,1350.26500000,33.50928620,0.1231688260,0.1250000000,4,0,46.81764914
2026-05-22T12:15:00-04:00,1583.55448453,1443.34000000,190.91843934,1392.63604519,9.69185899,1349.43490000,33.50928620,0.1231695950,0.1250000000,4,1,9.76383669
2026-05-22T12:30:00-04:00,1592.84733630,1443.34000000,190.82139096,1402.02594534,2.88695914,1365.62970000,33.50928620,0.1223733307,0.1250000000,5,0,10.31347270
2026-05-22T12:45:00-04:00,1591.63454678,1443.34000000,190.94270144,1400.69184534,2.88695914,1364.29560000,33.50928620,0.1225464385,0.1250000000,5,1,10.31347270
2026-05-22T13:00:00-04:00,1586.19791250,1443.34000000,191.12466716,1395.07324534,2.88695914,1358.67700000,33.50928620,0.1230927205,0.1250000000,5,0,10.31347270
2026-05-22T13:15:00-04:00,1595.68747823,1443.34000000,191.30663289,1404.38084534,2.88695914,1367.98460000,33.50928620,0.1224614669,0.1250000000,5,1,10.31347270
2026-05-22T13:30:00-04:00,1589.65436775,1443.34000000,191.18532241,1398.46904534,2.88695914,1362.07280000,33.50928620,0.1228582892,0.1250000000,5,0,10.31347270
2026-05-22T13:45:00-04:00,1592.36865726,1443.34000000,191.06401192,1401.30464534,2.88695914,1364.90840000,33.50928620,0.1225665480,0.1250000000,5,1,10.31347270
2026-05-22T14:00:00-04:00,1601.63475333,1443.34000000,190.94330799,1410.69144534,2.88695914,1374.29520000,33.50928620,0.1217653255,0.1250000000,5,0,10.31347270
2026-05-22T14:15:00-04:00,1603.81415333,1443.34000000,190.94330799,1412.87084534,2.88695914,1376.47460000,33.50928620,0.1215963295,0.1250000000,5,0,10.31347270
2026-05-22T14:30:00-04:00,1598.68509925,1443.34000000,190.97302906,1407.71207019,277.44134894,1099.90960000,30.36112125,0.1217688639,0.1250000000,4,0,2.00862625
2026-05-22T14:45:00-04:00,1601.47951639,1443.34000000,190.88204620,1410.59747019,277.44134894,1102.79500000,30.36112125,0.1214943742,0.1250000000,4,0,2.00862625
2026-05-22T15:00:00-04:00,1591.78128494,1443.34000000,190.51811475,1401.26317019,277.44134894,1093.46070000,30.36112125,0.1220159181,0.1250000000,4,0,2.00862625
2026-05-22T15:15:00-04:00,1581.65526397,1443.34000000,190.27549378,1391.37977019,277.44134894,1083.57730000,30.36112125,0.1226559738,0.1250000000,4,1,2.00862625
2026-05-22T15:30:00-04:00,1576.56581456,1443.34000000,190.33614902,1386.22966554,1067.47196341,275.18500000,43.57270213,0.1241598201,0.1250000000,4,0,11.04780821
2026-05-22T15:45:00-04:00,1575.25015932,1443.34000000,190.27549378,1384.97466554,1067.47196341,273.93000000,43.57270213,0.1242268683,0.1250000000,4,0,11.04780821
2026-05-26T09:30:00-04:00,1598.46669275,1443.34000000,192.67137583,1405.79531692,1344.79611915,11.27500000,49.72419777,0.1244050425,0.1250000000,2,4,0.00000000
2026-05-26T09:45:00-04:00,1607.48443541,1443.34000000,193.06563491,1414.41880051,10.04257251,1354.50000000,49.87622800,0.1239500627,0.1250000000,1,1,37.96631410
2026-05-26T10:00:00-04:00,1616.00574590,1443.34000000,193.18694539,1422.81880051,10.04257251,1362.90000000,49.87622800,0.1233531092,0.1250000000,1,4,37.96631410
2026-05-26T10:15:00-04:00,1594.20457513,1443.34000000,193.30825587,1400.89631926,0.06009126,1350.96000000,49.87622800,0.1251730283,0.1250000000,2,0,38.42775451
2026-05-26T10:30:00-04:00,1599.87464912,1443.34000000,193.48172986,1406.39291926,0.06009126,1356.45660000,49.87622800,0.1248270496,0.1250000000,2,2,38.42775451
2026-05-26T10:45:00-04:00,1595.02760940,1443.34000000,193.12629015,1401.90131926,0.06009126,1351.96500000,49.87622800,0.1249885885,0.1250000000,2,1,38.42775451
2026-05-26T11:00:00-04:00,1607.22195416,1443.34000000,193.06563491,1414.15631926,0.06009126,1364.22000000,49.87622800,0.1239709537,0.1250000000,2,0,38.42775451
2026-05-26T11:15:00-04:00,1608.79264368,1443.34000000,192.94432442,1415.84831926,0.06009126,1365.91200000,49.87622800,0.1237682293,0.1250000000,2,2,38.42775451
2026-05-26T11:30:00-04:00,1607.96571918,1443.34000000,192.93279993,1415.03291926,0.06009126,1365.09660000,49.87622800,0.1238265202,0.1250000000,2,0,38.42775451
2026-05-26T11:45:00-04:00,1603.47729509,1443.34000000,192.67137583,1410.80591926,0.06009126,1360.86960000,49.87622800,0.1240159909,0.1250000000,2,0,38.42775451
2026-05-26T12:00:00-04:00,1601.65367795,1443.34000000,192.76235870,1408.89131926,0.06009126,1358.95500000,49.87622800,0.1242203634,0.1250000000,2,1,38.42775451
2026-05-26T12:15:00-04:00,1607.41744368,1443.34000000,192.94432442,1414.47311926,0.06009126,1364.53680000,49.87622800,0.1238775080,0.1250000000,2,1,38.42775451
2026-05-26T12:30:00-04:00,1605.43498844,1443.34000000,192.88366918,1412.55131926,0.06009126,1362.61500000,49.87622800,0.1239963890,0.1250000000,2,0,37.96631410
2026-05-26T12:45:00-04:00,1599.55531606,1443.34000000,192.91399680,1406.64131926,0.06009126,1356.70500000,49.87622800,0.1244864168,0.1250000000,2,0,37.96631410
2026-05-26T13:00:00-04:00,1603.00662654,1443.34000000,193.03530728,1409.97131926,0.06009126,1360.03500000,49.87622800,0.1242878946,0.1250000000,2,0,37.96631410
2026-05-26T13:15:00-04:00,1594.78531606,1443.34000000,192.91399680,1401.87131926,0.06009126,1351.93500000,49.87622800,0.1248707761,0.1250000000,2,0,37.96631410
2026-05-26T13:30:00-04:00,1592.88097130,1443.34000000,192.97465204,1399.90631926,0.06009126,1349.97000000,49.87622800,0.1250641988,0.1250000000,2,0,37.96631410
2026-05-26T13:45:00-04:00,1589.76256071,1443.34000000,193.06624146,1396.69631926,0.06009126,1346.76000000,49.87622800,0.1253769433,0.1250000000,2,1,37.96631410
2026-05-26T14:00:00-04:00,1594.67699227,1443.34000000,193.21727301,1401.45971926,0.06009126,1351.52340000,49.87622800,0.1250758528,0.1250000000,2,1,37.96631410
2026-05-26T14:15:00-04:00,1599.38962713,1443.34000000,193.29612482,1406.09350230,10.61883464,1345.26000000,50.21466766,0.1247735923,0.1250000000,1,3,37.96631410
2026-05-26T14:30:00-04:00,1596.88277730,1443.34000000,193.28217412,1403.60060318,0.74593552,1352.64000000,50.21466766,0.1249668063,0.1250000000,3,0,38.36032864
2026-05-26T14:45:00-04:00,1591.72758103,1443.34000000,193.22697785,1398.50060318,0.74593552,1347.54000000,50.21466766,0.1253489193,0.1250000000,3,1,38.36032864
2026-05-26T15:00:00-04:00,1592.99915190,1443.34000000,193.30886242,1399.69028947,8.80887281,1340.79200000,50.08941667,0.1252885104,0.1250000000,2,0,38.02777017
2026-05-26T15:15:00-04:00,1592.64747297,1443.34000000,193.33858349,1399.30888947,8.80887281,1340.41060000,50.08941667,0.1253363416,0.1250000000,2,1,38.02777017
2026-05-26T15:30:00-04:00,1592.29936595,1443.34000000,193.38468148,1398.91468447,3.86516781,1344.96010000,50.08941667,0.1253945233,0.1250000000,3,1,38.17078614
2026-05-26T15:45:00-04:00,1596.10123934,1443.34000000,193.42956636,1402.67167298,8.71650442,1343.92000000,50.03516857,0.1251108022,0.1250000000,2,1,38.02777017
2026-05-27T09:30:00-04:00,1619.97914177,1443.34000000,193.00497966,1426.97416211,10.27375832,1366.68840000,50.01200379,0.1229356813,0.1250000000,1,4,37.96631410
2026-05-27T09:45:00-04:00,1631.59829680,1443.34000000,193.39923874,1438.19905806,1.86205427,1386.32500000,50.01200379,0.1222818126,0.1250000000,2,1,38.38376564
2026-05-27T10:00:00-04:00,1639.67809297,1443.34000000,193.06563491,1446.61245806,1.86205427,1394.73840000,50.01200379,0.1214504330,0.1250000000,2,4,0.00000000
2026-05-27T10:15:00-04:00,1638.14363804,1443.34000000,192.51913118,1445.62450686,0.05910307,1395.55340000,50.01200379,0.1212236612,0.1250000000,3,1,0.19822834
2026-05-27T10:30:00-04:00,1649.60463128,1443.34000000,192.94432442,1456.66030686,0.05910307,1406.58920000,50.01200379,0.1206209138,0.1250000000,3,3,0.19822834
2026-05-27T10:45:00-04:00,1634.59861031,1443.34000000,192.70170345,1441.89690686,0.05910307,1391.82580000,50.01200379,0.1216100797,0.1250000000,3,0,0.19822834
2026-05-27T11:00:00-04:00,1632.06441425,1443.34000000,192.82240739,1439.24200686,0.05910307,1389.17090000,50.01200379,0.1218811754,0.1250000000,3,2,0.19822834
2026-05-27T11:15:00-04:00,1624.96437575,1443.34000000,192.64104821,1432.32332754,1362.15987686,10.60160000,59.56185067,0.1230616695,0.1250000000,2,0,0.19822834
2026-05-27T11:30:00-04:00,1624.65235478,1443.34000000,192.39842724,1432.25392754,1362.15987686,10.53220000,59.56185067,0.1229311830,0.1250000000,2,0,0.19822834
2026-05-27T11:45:00-04:00,1624.87895861,1443.34000000,192.73203107,1432.14692754,1362.15987686,10.42520000,59.56185067,0.1231265091,0.1250000000,2,0,0.19822834
2026-05-27T12:00:00-04:00,1625.25176244,1443.34000000,193.06563491,1432.18612754,1362.15987686,10.46440000,59.56185067,0.1233102631,0.1250000000,2,1,0.19822834
2026-05-27T12:15:00-04:00,1625.48057369,1443.34000000,193.06563491,1432.41493879,406.25848811,966.59460000,59.56185067,0.1232922450,0.1250000000,3,1,45.42230984
2026-05-27T12:30:00-04:00,1626.29373710,1443.34000000,193.36830456,1432.92543254,4.88268186,1368.48090000,59.56185067,0.1234214394,0.1250000000,4,0,58.54650591
2026-05-27T12:45:00-04:00,1625.98216744,1443.34000000,193.06563491,1432.91653254,4.88268186,1368.47200000,59.56185067,0.1232527648,0.1250000000,4,1,58.54650591
2026-05-27T13:00:00-04:00,1611.21806801,1443.34000000,192.58039297,1418.63767504,0.66952436,1358.40630000,59.56185067,0.1241127969,0.1250000000,5,0,58.74388341
2026-05-27T13:15:00-04:00,1621.17569946,1443.34000000,192.94432442,1428.23137504,0.66952436,1368.00000000,59.56185067,0.1235544399,0.1250000000,5,0,58.74388341
2026-05-27T13:30:00-04:00,1611.95405470,1443.34000000,193.00497966,1418.94907504,0.66952436,1358.71770000,59.56185067,0.1243274600,0.1250000000,5,0,58.74388341
2026-05-27T13:45:00-04:00,1610.91273756,1443.34000000,193.09596253,1417.81677504,0.66952436,1357.58540000,59.56185067,0.1244695601,0.1250000000,5,1,58.74388341
2026-05-27T14:00:00-04:00,1610.11017545,1443.34000000,193.09596253,1417.01421293,9.16573273,1348.23700000,59.61148019,0.1245379716,0.1250000000,4,1,58.74388341
2026-05-27T14:15:00-04:00,1609.68646215,1443.34000000,193.52054922,1416.16591293,9.16573273,1347.38870000,59.61148019,0.1248459278,0.1250000000,4,0,58.74388341
2026-05-27T14:30:00-04:00,1600.86143453,1443.34000000,193.49022160,1407.37121293,9.16573273,1338.59400000,59.61148019,0.1255411045,0.1250000000,4,0,58.54650591
2026-05-27T14:45:00-04:00,1588.95777928,1443.34000000,193.42956636,1395.52821293,9.16573273,1326.75100000,59.61148019,0.1264785918,0.1250000000,4,0,58.54650591
2026-05-27T15:00:00-04:00,1591.73656215,1443.34000000,193.52054922,1398.21601293,9.16573273,1329.43880000,59.61148019,0.1263085837,0.1250000000,4,1,58.54650591
2026-05-27T15:15:00-04:00,1601.26579642,1443.34000000,193.33858349,1407.92721293,9.16573273,1339.15000000,59.61148019,0.1254098156,0.1250000000,4,1,58.34827757
2026-05-27T15:30:00-04:00,1607.79585304,1443.34000000,193.61153208,1414.18432095,4.21176212,1350.21500000,59.75755883,0.1250689552,0.1250000000,4,2,58.64267389
2026-05-27T15:45:00-04:00,1610.39060808,1443.34000000,193.49628712,1416.89432095,4.21176212,1352.92500000,59.75755883,0.1247853496,0.1250000000,4,2,58.64267389
2026-05-28T09:30:00-04:00,1630.62358812,1443.34000000,191.12466716,1439.49892095,4.21176212,1375.52960000,59.75755883,0.1216683432,0.1250000000,4,2,58.64267389
2026-05-28T09:45:00-04:00,1632.91747532,1443.34000000,191.68815436,1441.22932095,4.21176212,1377.26000000,59.75755883,0.1218491219,0.1250000000,4,2,45.51847782
2026-05-28T10:00:00-04:00,1650.37245455,1443.34000000,192.22313360,1458.14932095,4.21176212,1394.18000000,59.75755883,0.1208483173,0.1250000000,4,2,45.51847782
2026-05-28T10:15:00-04:00,1644.97468247,1443.34000000,192.21646152,1452.75822095,4.21176212,1388.78890000,59.75755883,0.1212556051,0.1250000000,4,2,45.51847782
2026-05-28T10:30:00-04:00,1637.86638640,1443.34000000,192.33716545,1445.52922095,4.21176212,1381.55990000,59.75755883,0.1218782647,0.1250000000,4,2,45.51847782
2026-05-28T10:45:00-04:00,1646.02999296,1443.34000000,192.33777200,1453.69222095,4.21176212,1389.72290000,59.75755883,0.1212514117,0.1250000000,4,2,45.51847782
2026-05-28T11:00:00-04:00,1666.80933761,1443.34000000,192.49001666,1474.31932095,4.21176212,1410.35000000,59.75755883,0.1197783539,0.1250000000,4,2,45.51847782
2026-05-28T11:15:00-04:00,1673.89788630,1443.34000000,192.55006535,1481.34782095,4.21176212,1417.37850000,59.75755883,0.1192895451,0.1250000000,4,2,45.51847782
2026-05-28T11:30:00-04:00,1656.66544154,1443.34000000,192.61072059,1464.05472095,4.21176212,1400.08540000,59.75755883,0.1206147973,0.1250000000,4,2,45.51847782
2026-05-28T11:45:00-04:00,1655.49278798,1443.34000000,192.58099952,1462.91178845,0.69912962,1402.45510000,59.75755883,0.1206848079,0.1250000000,5,1,45.75065600
2026-05-28T12:00:00-04:00,1644.56713011,1443.34000000,192.64044166,1451.92668845,0.69912962,1391.47000000,59.75755883,0.1215543149,0.1250000000,5,1,45.75065600
2026-05-28T12:15:00-04:00,1660.21871691,1443.34000000,192.64104821,1467.57766869,418.40937049,979.81750000,69.35079821,0.1210917927,0.1250000000,4,2,45.75065600
2026-05-28T12:30:00-04:00,1670.24429906,1443.34000000,192.68047412,1477.56382494,0.17092674,1408.04210000,69.35079821,0.1203580838,0.1250000000,5,1,59.55065063
2026-05-28T12:45:00-04:00,1672.78450078,1443.34000000,192.67137583,1480.11312494,0.17092674,1410.59140000,69.35079821,0.1201617351,0.1250000000,5,0,59.55065063
2026-05-28T13:00:00-04:00,1668.02910078,1443.34000000,192.67137583,1475.35772494,0.17092674,1405.83600000,69.35079821,0.1205191661,0.1250000000,5,1,59.55065063
2026-05-28T13:15:00-04:00,1660.03702185,1443.34000000,192.70109690,1467.33592494,0.17092674,1397.81420000,69.35079821,0.1211433745,0.1250000000,5,0,59.55065063
2026-05-28T13:30:00-04:00,1656.88380078,1443.34000000,192.67137583,1464.21242494,0.17092674,1394.69070000,69.35079821,0.1213652727,0.1250000000,5,1,59.55065063
2026-05-28T13:45:00-04:00,1658.73782185,1443.34000000,192.70109690,1466.03672494,0.17092674,1396.51500000,69.35079821,0.1212423998,0.1250000000,5,1,59.55065063
2026-05-28T14:00:00-04:00,1669.84110078,1443.34000000,192.67137583,1477.16972494,0.17092674,1407.64800000,69.35079821,0.1203827199,0.1250000000,5,1,59.55065063
2026-05-28T14:15:00-04:00,1684.05398626,1443.34000000,192.64226132,1491.41172494,0.17092674,1421.89000000,69.35079821,0.1193050604,0.1250000000,5,1,59.55065063
2026-05-28T14:30:00-04:00,1682.86277316,1443.34000000,192.64104821,1490.22172494,0.17092674,1420.70000000,69.35079821,0.1193923883,0.1250000000,5,0,59.31847245
2026-05-28T14:45:00-04:00,1679.58810078,1443.34000000,192.67137583,1486.91672494,0.17092674,1417.39500000,69.35079821,0.1196540259,0.1250000000,5,1,59.31847245
2026-05-28T15:00:00-04:00,1688.49523183,1443.34000000,192.68350688,1495.81172494,0.17092674,1426.29000000,69.35079821,0.1190032852,0.1250000000,5,1,59.31847245
2026-05-28T15:15:00-04:00,1681.63865977,1443.34000000,192.73203107,1488.90662869,2.08661699,1417.40500000,69.41501171,0.1195442278,0.1250000000,5,1,59.39201074
2026-05-28T15:30:00-04:00,1668.29898739,1443.34000000,192.76235870,1475.53662869,2.08661699,1404.03500000,69.41501171,0.1205605670,0.1250000000,5,1,59.39201074
2026-05-28T15:45:00-04:00,1648.17833215,1443.34000000,192.70170345,1455.47662869,2.08661699,1383.97500000,69.41501171,0.1220586398,0.1250000000,5,1,59.39201074
2026-05-29T09:30:00-04:00,1515.57753830,1443.34000000,193.67218732,1321.90535098,409.38571507,888.93100000,23.58863591,0.1298080616,0.1250000000,3,3,31.39849175
2026-05-29T09:45:00-04:00,1521.76066451,1443.34000000,193.97546353,1327.78520098,20.89456507,1283.30200000,23.58863591,0.1294747598,0.1250000000,4,2,49.57781233
2026-05-29T10:00:00-04:00,1499.42623227,1443.34000000,193.85415305,1305.57207922,875.58303459,418.12120000,11.86784464,0.1303170045,0.1250000000,4,1,19.14463138
2026-05-29T10:15:00-04:00,1487.38973212,1443.34000000,193.55087684,1293.83885528,24.43465630,1257.67500000,11.72919898,0.1311621965,0.1250000000,3,1,46.12108217
2026-05-29T10:30:00-04:00,1474.92147119,1443.34000000,193.00497966,1281.91649153,7.93729255,1262.25000000,11.72919898,0.1319067790,0.1250000000,4,1,46.59229619
2026-05-29T10:45:00-04:00,1485.42040264,1443.34000000,193.36891111,1292.05149153,7.93729255,1272.38500000,11.72919898,0.1312139956,0.1250000000,4,2,46.12108217
2026-05-29T11:00:00-04:00,1494.44521932,1443.34000000,193.72435083,1300.72086849,18.83551067,1269.81230000,12.07305782,0.1306853676,0.1250000000,4,2,46.29645778
2026-05-29T11:15:00-04:00,1514.26657057,1443.34000000,193.61153208,1320.65503849,0.78198067,1307.80000000,12.07305782,0.1288858795,0.1250000000,5,1,46.90605176
2026-05-29T11:30:00-04:00,1516.93377790,1443.34000000,193.45989398,1323.47388392,20.91948124,1290.04500000,12.50940268,0.1285939640,0.1250000000,4,2,46.30867557
2026-05-29T11:45:00-04:00,1514.26504028,1443.34000000,193.42956636,1320.83547392,3.02607124,1305.30000000,12.50940268,0.1288022908,0.1250000000,5,1,46.93359040
2026-05-29T12:00:00-04:00,1499.35089935,1443.34000000,193.82382543,1305.52707392,3.02607124,1289.99160000,12.50940268,0.1303594404,0.1250000000,5,1,46.93359040
2026-05-29T12:15:00-04:00,1498.44296124,1443.34000000,193.67218732,1304.77077392,3.02607124,1289.23530000,12.50940268,0.1303370438,0.1250000000,5,1,46.93359040
2026-05-29T12:30:00-04:00,1499.14399935,1443.34000000,193.82382543,1305.32017392,3.02607124,1289.78470000,12.50940268,0.1303775829,0.1250000000,5,1,46.93359040
2026-05-29T12:45:00-04:00,1497.76826124,1443.34000000,193.67218732,1304.09607392,3.02607124,1288.56060000,12.50940268,0.1303962513,0.1250000000,5,0,46.93359040
2026-05-29T13:00:00-04:00,1503.15783362,1443.34000000,193.64185970,1309.51597392,3.02607124,1293.98050000,12.50940268,0.1299044467,0.1250000000,5,1,46.93359040
2026-05-29T13:15:00-04:00,1499.23632314,1443.34000000,193.52054922,1305.71577392,3.02607124,1290.18030000,12.50940268,0.1301654975,0.1250000000,5,1,46.30867557
2026-05-29T13:30:00-04:00,1500.16273366,1443.34000000,193.33858349,1306.82415017,1.25974749,1293.05500000,12.50940268,0.1299621219,0.1250000000,6,0,46.38901457
2026-05-29T13:45:00-04:00,1494.97395745,1443.34000000,193.03530728,1301.93865017,1.25974749,1288.16950000,12.50940268,0.1302124268,0.1250000000,6,0,46.38901457
2026-05-29T14:00:00-04:00,1503.83207842,1443.34000000,193.27792825,1310.55415017,1.25974749,1296.78500000,12.50940268,0.1296016827,0.1250000000,6,0,46.38901457
2026-05-29T14:15:00-04:00,1522.51399939,1443.34000000,193.52054922,1328.99345017,1.25974749,1315.22430000,12.50940268,0.1281589140,0.1250000000,6,0,46.38901457
2026-05-29T14:30:00-04:00,1511.89341874,1443.34000000,193.55936857,1318.33405017,1.25974749,1304.56490000,12.50940268,0.1290925917,0.1250000000,6,0,46.38901457
2026-05-29T14:45:00-04:00,1503.40638381,1443.34000000,193.18694539,1310.21943842,19.30050079,1278.32300000,12.59593763,0.1295851836,0.1250000000,5,0,46.38901457
2026-05-29T15:00:00-04:00,1498.89573239,1443.34000000,193.45989398,1305.43583842,19.30050079,1273.53940000,12.59593763,0.1301620943,0.1250000000,5,0,46.38901457
2026-05-29T15:15:00-04:00,1511.07731526,1443.34000000,193.55087684,1317.52643842,19.30050079,1285.63000000,12.59593763,0.1291646861,0.1250000000,5,1,46.38901457
2026-05-29T15:30:00-04:00,1505.12049147,1443.34000000,193.85415305,1311.26633842,19.30050079,1279.36990000,12.59593763,0.1298833929,0.1250000000,5,1,46.38901457
2026-05-29T15:45:00-04:00,1510.11356175,1443.34000000,193.61153208,1316.50202967,6.74609204,1297.16000000,12.59593763,0.1292883162,0.1250000000,6,0,46.52931357
2026-06-01T09:30:00-04:00,1514.39023064,1443.34000000,193.80684196,1320.58338868,419.62322579,896.68800000,4.27216289,0.1283388671,0.1250000000,1,5,0.00000000
2026-06-01T09:45:00-04:00,1535.32205535,1443.34000000,193.36891111,1341.95314423,894.43505241,423.26500000,24.25309182,0.1279682899,0.1250000000,2,4,24.37769025
2026-06-01T10:00:00-04:00,1542.63862440,1443.34000000,193.73284257,1348.90578183,0.08159001,1324.57110000,24.25309182,0.1275913386,0.1250000000,5,1,57.17831775
2026-06-01T10:15:00-04:00,1534.76525202,1443.34000000,193.76317019,1341.00208183,0.08159001,1316.66740000,24.25309182,0.1282764716,0.1250000000,5,1,57.17831775
2026-06-01T10:30:00-04:00,1554.53119012,1443.34000000,193.91480829,1360.61638183,0.08159001,1336.28170000,24.25309182,0.1267186719,0.1250000000,5,1,57.17831775
2026-06-01T10:45:00-04:00,1561.93197299,1443.34000000,194.00579115,1367.92618183,0.08159001,1343.59150000,24.25309182,0.1261679493,0.1250000000,5,1,57.17831775
2026-06-01T11:00:00-04:00,1585.06446613,1443.34000000,194.04218430,1391.02228183,0.08159001,1366.68760000,24.25309182,0.1243213546,0.1250000000,5,1,24.62504277
2026-06-01T11:15:00-04:00,1594.25216633,1443.34000000,194.21808450,1400.03408183,0.08159001,1375.69940000,24.25309182,0.1237058592,0.1250000000,5,1,24.62504277
2026-06-01T11:30:00-04:00,1596.87233206,1443.34000000,194.40005023,1402.47228183,0.08159001,1378.13760000,24.25309182,0.1236154596,0.1250000000,5,1,24.62504277
2026-06-01T11:45:00-04:00,1595.04964377,1443.34000000,194.27752664,1400.77211713,0.93827420,1375.53500000,24.29884293,0.1236844995,0.1250000000,4,0,24.56287828
2026-06-01T12:00:00-04:00,1589.08520163,1443.34000000,194.21808450,1394.86711713,0.93827420,1369.63000000,24.29884293,0.1241179561,0.1250000000,4,1,24.56287828
2026-06-01T12:15:00-04:00,1591.32183974,1443.34000000,194.36972261,1396.95211713,0.93827420,1371.71500000,24.29884293,0.1240375687,0.1250000000,4,1,24.56287828
2026-06-01T12:30:00-04:00,1583.64216736,1443.34000000,194.40005023,1389.24211713,0.93827420,1364.00500000,24.29884293,0.1246678952,0.1250000000,4,1,24.56287828
2026-06-01T12:45:00-04:00,1575.14569498,1443.34000000,194.43037785,1380.71531713,0.93827420,1355.47820000,24.29884293,0.1253704565,0.1250000000,4,1,24.51951268
2026-06-01T13:00:00-04:00,1573.22749498,1443.34000000,194.43037785,1378.79711713,0.93827420,1353.56000000,24.29884293,0.1255257158,0.1250000000,4,0,24.51951268
2026-06-01T13:15:00-04:00,1574.78240546,1443.34000000,194.55168833,1380.23071713,0.93827420,1354.99360000,24.29884293,0.1254780722,0.1250000000,4,2,24.51951268
2026-06-01T13:30:00-04:00,1575.18280546,1443.34000000,194.55168833,1380.63111713,0.93827420,1355.39400000,24.29884293,0.1254456768,0.1250000000,4,0,24.51951268
2026-06-01T13:45:00-04:00,1573.81847784,1443.34000000,194.52136071,1379.29711713,0.93827420,1354.06000000,24.29884293,0.1255365575,0.1250000000,4,2,24.51951268
2026-06-01T14:00:00-04:00,1571.82162572,1443.34000000,194.47950859,1377.34211713,0.93827420,1352.10500000,24.29884293,0.1256714995,0.1250000000,4,0,24.51951268
2026-06-01T14:15:00-04:00,1569.69659576,1443.34000000,194.55168833,1375.14490743,908.82289172,431.52950000,34.79251572,0.1267516914,0.1250000000,3,1,24.51951268
2026-06-01T14:30:00-04:00,1574.03294314,1443.34000000,194.52136071,1379.51158243,189.18356672,1155.53550000,34.79251572,0.1263749036,0.1250000000,4,2,71.47936246
2026-06-01T14:45:00-04:00,1591.81116064,1443.34000000,194.52136071,1397.28979993,8.93848422,1353.55880000,34.79251572,0.1249319405,0.1250000000,5,0,78.80749213
2026-06-01T15:00:00-04:00,1568.66768826,1443.34000000,194.55168833,1374.11599993,8.93848422,1330.38500000,34.79251572,0.1268367151,0.1250000000,5,0,78.80749213
2026-06-01T15:15:00-04:00,1554.81246995,1443.34000000,194.55957351,1360.25289644,10.13347672,1315.31280000,34.80661972,0.1279992268,0.1250000000,4,0,78.80749213
2026-06-01T15:30:00-04:00,1563.14178477,1443.34000000,194.55168833,1368.59009644,10.13347672,1323.65000000,34.80661972,0.1272964810,0.1250000000,4,1,78.80749213
2026-06-01T15:45:00-04:00,1552.19736840,1443.34000000,194.52136071,1357.67600769,0.94158797,1321.92780000,34.80661972,0.1281946400,0.1250000000,5,0,79.11605866
2026-06-02T09:30:00-04:00,1493.26798341,1443.34000000,194.09677402,1299.17120940,877.72164517,407.70000000,13.74956423,0.1311891569,0.1250000000,1,5,24.33432465
2026-06-02T09:45:00-04:00,1494.80897125,1443.34000000,194.58201595,1300.22695530,1.52619107,1284.95120000,13.74956423,0.1313802910,0.1250000000,2,4,61.17302466
2026-06-02T10:00:00-04:00,1493.87957267,1443.34000000,194.70332644,1299.17624623,404.37292524,890.16680000,4.63652100,0.1307397917,0.1250000000,1,4,36.83870001
2026-06-02T10:15:00-04:00,1507.94976170,1443.34000000,194.46070547,1313.48905623,3.55253524,1305.30000000,4.63652100,0.1293547480,0.1250000000,3,0,46.59657313
2026-06-02T10:30:00-04:00,1522.23836553,1443.34000000,194.79430930,1327.44405623,3.55253524,1319.25500000,4.63652100,0.1283566635,0.1250000000,3,2,46.59657313
2026-06-02T10:45:00-04:00,1510.97669315,1443.34000000,194.82463692,1316.15205623,3.55253524,1307.96300000,4.63652100,0.1293364145,0.1250000000,3,3,37.19594893
2026-06-02T11:00:00-04:00,1510.74533126,1443.34000000,194.97627502,1315.76905623,3.55253524,1307.58000000,4.63652100,0.1294569647,0.1250000000,3,1,37.19594893
2026-06-02T11:15:00-04:00,1513.42800364,1443.34000000,194.94594740,1318.48205623,3.55253524,1310.29300000,4.63652100,0.1292066860,0.1250000000,3,1,37.19594893
2026-06-02T11:30:00-04:00,1506.13345783,1443.34000000,194.97627502,1311.15718280,408.19727322,891.48120000,11.47870958,0.1304490387,0.1250000000,2,3,37.19594893
2026-06-02T11:45:00-04:00,1492.44155619,1443.34000000,195.06665133,1297.37490485,1.52189527,1284.37430000,11.47870958,0.1317161006,0.1250000000,4,1,46.74395575
2026-06-02T12:00:00-04:00,1500.76502494,1443.34000000,195.06665133,1305.69837360,0.14586402,1294.07380000,11.47870958,0.1309799528,0.1250000000,5,0,46.82466402
2026-06-02T12:15:00-04:00,1498.73494863,1443.34000000,194.97627502,1303.75867360,0.14586402,1292.13410000,11.47870958,0.1310979708,0.1250000000,5,0,46.82466402
2026-06-02T12:30:00-04:00,1489.07864863,1443.34000000,194.97627502,1294.10237360,0.14586402,1282.47780000,11.47870958,0.1319547124,0.1250000000,5,0,46.82466402
2026-06-02T12:45:00-04:00,1484.91128048,1443.34000000,195.09030688,1289.82097360,0.14586402,1278.19640000,11.47870958,0.1324053172,0.1250000000,5,0,46.82466402
2026-06-02T13:00:00-04:00,1496.31063149,1443.34000000,195.06725789,1301.24337360,0.14586402,1289.61880000,11.47870958,0.1313732922,0.1250000000,5,1,46.82466402
2026-06-02T13:15:00-04:00,1497.31112101,1443.34000000,194.94594740,1302.36517360,0.14586402,1290.74060000,11.47870958,0.1312031868,0.1250000000,5,1,46.82466402
2026-06-02T13:30:00-04:00,1496.90520276,1443.34000000,194.97202916,1301.93317360,0.14586402,1290.30860000,11.47870958,0.1312565987,0.1250000000,5,0,46.82466402
2026-06-02T13:45:00-04:00,1488.39694863,1443.34000000,194.97627502,1293.42067360,0.14586402,1281.79610000,11.47870958,0.1320156187,0.1250000000,5,0,46.82466402
2026-06-02T14:00:00-04:00,1486.00715911,1443.34000000,195.09758551,1290.90957360,0.14586402,1279.28500000,11.47870958,0.1323118490,0.1250000000,5,0,46.82466402
2026-06-02T14:15:00-04:00,1476.45150387,1443.34000000,195.03693027,1281.41457360,0.14586402,1269.79000000,11.47870958,0.1331334828,0.1250000000,5,1,46.82466402
2026-06-02T14:30:00-04:00,1474.93807827,1443.34000000,194.96050466,1279.97757360,0.14586402,1268.35300000,11.47870958,0.1332189392,0.1250000000,5,0,46.82466402
2026-06-02T14:45:00-04:00,1475.22335911,1443.34000000,195.09758551,1280.12577360,0.14586402,1268.50120000,11.47870958,0.1332866259,0.1250000000,5,0,46.82466402
2026-06-02T15:00:00-04:00,1481.34301889,1443.34000000,195.20494529,1286.13807360,0.14586402,1274.51350000,11.47870958,0.1328047385,0.1250000000,5,1,46.82466402
2026-06-02T15:15:00-04:00,1484.41748673,1443.34000000,195.12791313,1289.28957360,0.14586402,1277.66500000,11.47870958,0.1324752367,0.1250000000,5,1,46.82466402
2026-06-02T15:30:00-04:00,1490.34433542,1443.34000000,195.18796182,1295.15637360,0.14586402,1283.53180000,11.47870958,0.1319849203,0.1250000000,5,1,46.82466402
2026-06-02T15:45:00-04:00,1481.84963277,1443.34000000,195.15824075,1286.69139202,17.21644914,1258.28000000,11.19494288,0.1327016070,0.1250000000,4,2,46.07032655
2026-06-03T09:30:00-04:00,1450.64202827,1443.34000000,194.70332644,1255.93870183,1255.93870183,0.00000000,0.00000000,0.1342187270,0.1250000000,0,3,0.00000000
2026-06-03T09:45:00-04:00,1450.81835706,1443.34000000,194.40005023,1256.41830683,1.13830683,1255.28000000,0.00000000,0.1339933764,0.1250000000,1,0,36.38936054
2026-06-03T10:00:00-04:00,1487.63551603,1443.34000000,195.00720920,1292.62830683,1.13830683,1291.49000000,0.00000000,0.1310853412,0.1250000000,1,1,36.38936054
2026-06-03T10:15:00-04:00,1496.04253045,1443.34000000,195.24922361,1300.79330683,1.13830683,1299.65500000,0.00000000,0.1305104766,0.1250000000,1,1,0.00000000
2026-06-03T10:30:00-04:00,1478.23187520,1443.34000000,195.18856837,1283.04330683,1.13830683,1281.90500000,0.00000000,0.1320419155,0.1250000000,1,1,0.00000000
2026-06-03T10:45:00-04:00,1461.73295831,1443.34000000,194.94594740,1266.78701090,1266.78701090,0.00000000,0.00000000,0.1333663213,0.1250000000,0,1,0.00000000
2026-06-03T11:00:00-04:00,1469.14620958,1443.34000000,195.12791313,1274.01829645,538.08829645,735.93000000,0.00000000,0.1328172185,0.1250000000,1,0,43.32522414
2026-06-03T11:15:00-04:00,1476.30358861,1443.34000000,194.88529216,1281.41829645,538.08829645,743.33000000,0.00000000,0.1320089538,0.1250000000,1,1,43.32522414
2026-06-03T11:30:00-04:00,1479.70031240,1443.34000000,194.58201595,1285.11829645,538.08829645,747.03000000,0.00000000,0.1315009629,0.1250000000,1,0,43.32522414
2026-06-03T11:45:00-04:00,1492.65031240,1443.34000000,194.58201595,1298.06829645,538.08829645,759.98000000,0.00000000,0.1303600812,0.1250000000,1,0,43.32522414
2026-06-03T12:00:00-04:00,1493.11129527,1443.34000000,194.67299881,1298.43829645,538.08829645,760.35000000,0.00000000,0.1303807690,0.1250000000,1,0,43.32522414
2026-06-03T12:15:00-04:00,1479.70638095,1443.34000000,194.21808450,1285.48829645,538.08829645,747.40000000,0.00000000,0.1312544752,0.1250000000,1,0,43.32522414
2026-06-03T12:30:00-04:00,1479.95507047,1443.34000000,194.09677402,1285.85829645,538.08829645,747.77000000,0.00000000,0.1311504504,0.1250000000,1,0,43.32522414
2026-06-03T12:45:00-04:00,1467.12031240,1443.34000000,194.58201595,1272.53829645,538.08829645,734.45000000,0.00000000,0.1326285338,0.1250000000,1,1,43.32522414
2026-06-03T13:00:00-04:00,1456.44077095,1443.34000000,194.21808450,1262.22268645,90.27268645,1171.95000000,0.00000000,0.1333511725,0.1250000000,2,0,54.30708042
2026-06-03T13:15:00-04:00,1452.68240906,1443.34000000,194.36972261,1258.31268645,90.27268645,1168.04000000,0.00000000,0.1338005619,0.1250000000,2,0,54.30708042
2026-06-03T13:30:00-04:00,1462.69404716,1443.34000000,194.52136071,1268.17268645,90.27268645,1177.90000000,0.00000000,0.1329884135,0.1250000000,2,1,54.30708042
2026-06-03T13:45:00-04:00,1469.74138337,1443.34000000,194.82463692,1274.91674645,2.28674645,1272.63000000,0.00000000,0.1325570873,0.1250000000,3,0,56.95299936
2026-06-03T14:00:00-04:00,1465.22072813,1443.34000000,194.76398168,1270.45674645,2.28674645,1268.17000000,0.00000000,0.1329246699,0.1250000000,3,0,56.95299936
2026-06-03T14:15:00-04:00,1463.76302148,1443.34000000,194.97627502,1268.78674645,2.28674645,1266.50000000,0.00000000,0.1332020772,0.1250000000,3,0,56.95299936
2026-06-03T14:30:00-04:00,1463.44236623,1443.34000000,194.91561978,1268.52674645,2.28674645,1266.24000000,0.00000000,0.1331898162,0.1250000000,3,0,56.95299936
2026-06-03T14:45:00-04:00,1466.28203861,1443.34000000,194.88529216,1271.39674645,2.28674645,1269.11000000,0.00000000,0.1329111910,0.1250000000,3,1,56.95299936
2026-06-03T15:00:00-04:00,1466.85105575,1443.34000000,194.79430930,1272.05674645,2.28674645,1269.77000000,0.00000000,0.1327976065,0.1250000000,3,1,56.95299936
2026-06-03T15:15:00-04:00,1468.41072813,1443.34000000,194.76398168,1273.64674645,2.28674645,1271.36000000,0.00000000,0.1326359022,0.1250000000,3,2,56.95299936
2026-06-03T15:30:00-04:00,1467.03465958,1443.34000000,195.12791313,1271.90674645,2.28674645,1269.62000000,0.00000000,0.1330083866,0.1250000000,3,3,56.95299936
2026-06-03T15:45:00-04:00,1475.21072813,1443.34000000,194.76398168,1280.44674645,2.28674645,1278.16000000,0.00000000,0.1320245155,0.1250000000,3,1,56.95299936
2026-06-04T09:30:00-04:00,1521.97261250,1443.34000000,183.62941369,1338.34319881,94.65059881,1243.69260000,0.00000000,0.1206522458,0.1250000000,2,4,0.00000000
2026-06-04T09:45:00-04:00,1539.82323101,1443.34000000,184.03825780,1355.78497321,0.67937321,1355.10560000,0.00000000,0.1195190812,0.1250000000,3,3,4.61980414
2026-06-04T10:00:00-04:00,1535.29504695,1443.34000000,184.03767374,1351.25737321,0.67937321,1350.57800000,0.00000000,0.1198712092,0.1250000000,3,3,4.61980414
2026-06-04T10:15:00-04:00,1537.35006567,1443.34000000,184.35949246,1352.99057321,0.67937321,1352.31120000,0.00000000,0.1199203074,0.1250000000,3,1,4.61980414
2026-06-04T10:30:00-04:00,1509.48893442,1443.34000000,184.30108616,1325.18784826,1212.69548068,96.61120000,15.88116758,0.1233932296,0.1250000000,1,0,4.61980414
2026-06-04T10:45:00-04:00,1508.76815333,1443.34000000,184.47630507,1324.29184826,1212.69548068,95.71520000,15.88116758,0.1235701743,0.1250000000,1,0,4.61980414
2026-06-04T11:00:00-04:00,1511.58997835,1443.34000000,184.85653009,1326.73344826,1212.69548068,98.15680000,15.88116758,0.1235912557,0.1250000000,1,3,0.00000000
2026-06-04T11:15:00-04:00,1499.88604559,1443.34000000,184.91435233,1314.97169326,5.85102568,1293.23950000,15.88116758,0.1246049491,0.1250000000,3,2,26.21015240
2026-06-04T11:30:00-04:00,1497.50692984,1443.34000000,184.76833658,1312.73859326,5.85102568,1291.00640000,15.88116758,0.1247064821,0.1250000000,3,1,26.21015240
2026-06-04T11:45:00-04:00,1492.80592984,1443.34000000,184.76833658,1308.03759326,5.85102568,1286.30540000,15.88116758,0.1251034185,0.1250000000,3,1,26.21015240
2026-06-04T12:00:00-04:00,1490.01602371,1443.34000000,184.94355548,1305.07246823,95.08202177,1194.07500000,15.91544646,0.1254619653,0.1250000000,3,0,26.35840034
2026-06-04T12:15:00-04:00,1485.65863316,1443.34000000,185.03116494,1300.62746823,95.08202177,1189.63000000,15.91544646,0.1258935347,0.1250000000,3,0,26.35840034
2026-06-04T12:30:00-04:00,1480.97036543,1443.34000000,185.11877439,1295.85159104,1276.17444774,13.65500000,6.02214330,0.1255086596,0.1250000000,2,0,0.49880178
2026-06-04T12:45:00-04:00,1480.99174634,1443.34000000,185.09015530,1295.90159104,1276.17444774,13.70500000,6.02214330,0.1254874371,0.1250000000,2,1,0.49880178
2026-06-04T13:00:00-04:00,1518.64255870,1443.34000000,185.14797754,1333.49458116,328.11743786,999.35500000,6.02214330,0.1224021411,0.1250000000,3,0,44.54963341
2026-06-04T13:15:00-04:00,1540.84767131,1443.34000000,185.26479014,1355.58288116,328.11743786,1021.44330000,6.02214330,0.1207073943,0.1250000000,3,0,0.49880178
2026-06-04T13:30:00-04:00,1568.59092543,1443.34000000,185.26479014,1383.32613528,1331.18891061,13.80500000,38.33222467,0.1210676274,0.1250000000,2,0,0.49880178
2026-06-04T13:45:00-04:00,1568.78044433,1443.34000000,185.44000905,1383.34043528,1331.18891061,13.81930000,38.33222467,0.1211671239,0.1250000000,2,1,0.49880178
2026-06-04T14:00:00-04:00,1612.46020933,1443.34000000,185.38160275,1427.07860658,267.82038191,1120.92600000,38.33222467,0.1177678083,0.1250000000,3,0,47.51415974
2026-06-04T14:15:00-04:00,1581.33596152,1443.34000000,185.38335494,1395.95260658,267.82038191,1089.80000000,38.33222467,0.1201444627,0.1250000000,3,0,0.49880178
2026-06-04T14:30:00-04:00,1569.06383200,1443.34000000,185.35239960,1383.71143241,1331.35226780,13.93100000,38.42816461,0.1210950480,0.1250000000,2,0,0.49880178
2026-06-04T14:45:00-04:00,1569.14044146,1443.34000000,185.44000905,1383.70043241,1331.35226780,13.92000000,38.42816461,0.1211462218,0.1250000000,2,0,0.49880178
2026-06-04T15:00:00-04:00,1569.07203516,1443.34000000,185.38160275,1383.69043241,1331.35226780,13.91000000,38.42816461,0.1211134780,0.1250000000,2,0,0.49880178
2026-06-04T15:15:00-04:00,1569.16623831,1443.34000000,185.41080590,1383.75543241,1331.35226780,13.97500000,38.42816461,0.1211251024,0.1250000000,2,2,0.49880178
2026-06-04T15:30:00-04:00,1562.54219766,1443.34000000,185.38160275,1377.16059491,0.30473030,1338.42770000,38.42816461,0.1216323705,0.1250000000,4,1,49.94750535
2026-06-04T15:45:00-04:00,1560.62029450,1443.34000000,185.35239960,1375.26789491,0.30473030,1336.53500000,38.42816461,0.1217667573,0.1250000000,4,1,49.94750535
2026-06-05T09:30:00-04:00,1572.68310428,1443.34000000,182.05244353,1390.63066075,73.45353940,1280.01000000,37.16712136,0.1185610867,0.1250000000,3,3,47.45322523
2026-06-05T09:45:00-04:00,1553.74356845,1443.34000000,181.11794270,1372.62562575,0.01850440,1335.44000000,37.16712136,0.1194255278,0.1250000000,5,0,49.22708534
2026-06-05T10:00:00-04:00,1566.65750486,1443.34000000,181.58519311,1385.07231175,36.31616192,1311.86500000,36.89114983,0.1187012595,0.1250000000,4,0,48.50825288
2026-06-05T10:15:00-04:00,1550.08047335,1443.34000000,181.29316160,1368.78731175,36.31616192,1295.58000000,36.89114983,0.1198086444,0.1250000000,4,0,47.45322523
2026-06-05T10:30:00-04:00,1556.99069226,1443.34000000,181.46838051,1375.52231175,36.31616192,1302.31500000,36.89114983,0.1193792745,0.1250000000,4,0,47.45322523
2026-06-05T10:45:00-04:00,1541.21750486,1443.34000000,181.58519311,1359.63231175,36.31616192,1286.42500000,36.89114983,0.1207086431,0.1250000000,4,0,47.45322523
2026-06-05T11:00:00-04:00,1528.97561960,1443.34000000,180.94330785,1348.03231175,36.31616192,1274.82500000,36.89114983,0.1212688099,0.1250000000,4,0,47.45322523
2026-06-05T11:15:00-04:00,1524.69292700,1443.34000000,180.82591119,1343.86701581,44.99794523,1262.11000000,36.75907058,0.1215281919,0.1250000000,3,0,47.10267138
2026-06-05T11:30:00-04:00,1515.04190535,1443.34000000,180.31135167,1334.73055369,1310.01550107,4.89500000,19.82005262,0.1205917044,0.1250000000,1,0,0.14824793
2026-06-05T11:45:00-04:00,1515.16682391,1443.34000000,180.44627022,1334.72055369,1310.01550107,4.88500000,19.82005262,0.1206718560,0.1250000000,1,0,0.14824793
2026-06-05T12:00:00-04:00,1514.79783794,1443.34000000,180.05728425,1334.74055369,1310.01550107,4.90500000,19.82005262,0.1204414447,0.1250000000,1,0,0.14824793
2026-06-05T12:15:00-04:00,1514.41754198,1443.34000000,179.68698830,1334.73055369,1310.01550107,4.89500000,19.82005262,0.1202243344,0.1250000000,1,0,0.14824793
2026-06-05T12:30:00-04:00,1513.77427581,1443.34000000,179.07372213,1334.70055369,1310.01550107,4.86500000,19.82005262,0.1198656019,0.1250000000,1,0,0.14824793
2026-06-05T12:45:00-04:00,1514.03689139,1443.34000000,179.36633770,1334.67055369,1310.01550107,4.83500000,19.82005262,0.1200403670,0.1250000000,1,0,0.14824793
2026-06-05T13:00:00-04:00,1513.54905691,1443.34000000,178.89850322,1334.65055369,1310.01550107,4.81500000,19.82005262,0.1197663717,0.1250000000,1,0,0.14824793
2026-06-05T13:15:00-04:00,1513.65666636,1443.34000000,178.98611267,1334.67055369,1310.01550107,4.83500000,19.82005262,0.1198163916,0.1250000000,1,0,0.14824793
2026-06-05T13:30:00-04:00,1513.58405691,1443.34000000,178.89850322,1334.68555369,1310.01550107,4.85000000,19.82005262,0.1197635655,0.1250000000,1,0,0.14824793
2026-06-05T13:45:00-04:00,1513.89449472,1443.34000000,179.24894103,1334.64555369,1310.01550107,4.81000000,19.82005262,0.1199732329,0.1250000000,1,0,0.14824793
2026-06-05T14:00:00-04:00,1512.89499389,1443.34000000,178.31444020,1334.58055369,1310.01550107,4.74500000,19.82005262,0.1194276558,0.1250000000,1,0,0.14824793
2026-06-05T14:15:00-04:00,1512.43614977,1443.34000000,177.90559608,1334.53055369,1310.01550107,4.69500000,19.82005262,0.1191904579,0.1250000000,1,0,0.14824793
2026-06-05T14:30:00-04:00,1511.97916621,1443.34000000,177.49675197,1334.48241424,1314.71850383,0.00000000,19.76391041,0.1189484904,0.1250000000,0,0,0.00000000
2026-06-05T14:45:00-04:00,1511.97916621,1443.34000000,177.49675197,1334.48241424,1314.71850383,0.00000000,19.76391041,0.1189484904,0.1250000000,0,0,0.00000000
2026-06-05T15:00:00-04:00,1511.27829059,1443.34000000,176.79587635,1334.48241424,1314.71850383,0.00000000,19.76391041,0.1185344766,0.1250000000,0,0,0.00000000
2026-06-05T15:15:00-04:00,1511.74554100,1443.34000000,177.26312676,1334.48241424,1314.71850383,0.00000000,19.76391041,0.1188105290,0.1250000000,0,0,0.00000000
2026-06-05T15:30:00-04:00,1511.33669689,1443.34000000,176.85428265,1334.48241424,1314.71850383,0.00000000,19.76391041,0.1185689926,0.1250000000,0,2,0.00000000
2026-06-05T15:45:00-04:00,1513.29573295,1443.34000000,176.44543853,1336.85029442,0.64058401,1316.44580000,19.76391041,0.1181397248,0.1250000000,2,0,38.22665225
2026-06-08T09:30:00-04:00,1556.57076696,1443.34000000,179.54097254,1377.02979442,0.64058401,1356.62530000,19.76391041,0.1168272849,0.1250000000,2,0,2.47300455
2026-06-08T09:45:00-04:00,1582.92124524,1443.34000000,178.84009692,1404.08114832,1310.04171468,48.18870000,45.85073364,0.1163512640,0.1250000000,1,0,2.47300455
2026-06-08T10:00:00-04:00,1582.44008305,1443.34000000,179.19053473,1403.24954832,1310.04171468,47.35710000,45.85073364,0.1166157600,0.1250000000,1,0,2.47300455
2026-06-08T10:15:00-04:00,1582.07874977,1443.34000000,179.59937884,1402.47937092,1357.55658654,0.00000000,44.92278438,0.1168387482,0.1250000000,0,0,0.00000000
2026-06-08T10:30:00-04:00,1582.30653435,1443.34000000,179.82716342,1402.47937092,1357.55658654,0.00000000,44.92278438,0.1169696007,0.1250000000,0,0,0.00000000
2026-06-08T10:45:00-04:00,1582.71537846,1443.34000000,180.23600754,1402.47937092,1357.55658654,0.00000000,44.92278438,0.1172043670,0.1250000000,0,0,0.00000000
2026-06-08T11:00:00-04:00,1582.80882854,1443.34000000,180.32945762,1402.47937092,1357.55658654,0.00000000,44.92278438,0.1172580103,0.1250000000,0,0,0.00000000
2026-06-08T11:15:00-04:00,1582.54600018,1443.34000000,180.06662926,1402.47937092,1357.55658654,0.00000000,44.92278438,0.1171071218,0.1250000000,0,0,0.00000000
2026-06-08T11:30:00-04:00,1582.72180315,1443.34000000,180.24243223,1402.47937092,1357.55658654,0.00000000,44.92278438,0.1172080552,0.1250000000,0,0,0.00000000
2026-06-08T11:45:00-04:00,1582.51679703,1443.34000000,180.03742611,1402.47937092,1357.55658654,0.00000000,44.92278438,0.1170903533,0.1250000000,0,0,0.00000000
2026-06-08T12:00:00-04:00,1582.63360964,1443.34000000,180.15423871,1402.47937092,1357.55658654,0.00000000,44.92278438,0.1171574237,0.1250000000,0,0,0.00000000
2026-06-08T12:15:00-04:00,1582.51679703,1443.34000000,180.03742611,1402.47937092,1357.55658654,0.00000000,44.92278438,0.1170903533,0.1250000000,0,0,0.00000000
2026-06-08T12:30:00-04:00,1582.48759388,1443.34000000,180.00822296,1402.47937092,1357.55658654,0.00000000,44.92278438,0.1170735841,0.1250000000,0,0,0.00000000
2026-06-08T12:45:00-04:00,1582.60440649,1443.34000000,180.12503556,1402.47937092,1357.55658654,0.00000000,44.92278438,0.1171406571,0.1250000000,0,0,0.00000000
2026-06-08T13:00:00-04:00,1582.31237498,1443.34000000,179.83300405,1402.47937092,1357.55658654,0.00000000,44.92278438,0.1169729554,0.1250000000,0,0,0.00000000
2026-06-08T13:15:00-04:00,1582.60440649,1443.34000000,180.12503556,1402.47937092,1357.55658654,0.00000000,44.92278438,0.1171406571,0.1250000000,0,0,0.00000000
2026-06-08T13:30:00-04:00,1582.37078128,1443.34000000,179.89141035,1402.47937092,1357.55658654,0.00000000,44.92278438,0.1170065008,0.1250000000,0,0,0.00000000
2026-06-08T13:45:00-04:00,1582.54600018,1443.34000000,180.06662926,1402.47937092,1357.55658654,0.00000000,44.92278438,0.1171071218,0.1250000000,0,0,0.00000000
2026-06-08T14:00:00-04:00,1582.54600018,1443.34000000,180.06662926,1402.47937092,1357.55658654,0.00000000,44.92278438,0.1171071218,0.1250000000,0,0,0.00000000
2026-06-08T14:15:00-04:00,1582.75042224,1443.34000000,180.27105132,1402.47937092,1357.55658654,0.00000000,44.92278438,0.1172244840,0.1250000000,0,0,0.00000000
2026-06-08T14:30:00-04:00,1582.54015955,1443.34000000,180.06078863,1402.47937092,1357.55658654,0.00000000,44.92278438,0.1171037682,0.1250000000,0,0,0.00000000
2026-06-08T14:45:00-04:00,1582.54600018,1443.34000000,180.06662926,1402.47937092,1357.55658654,0.00000000,44.92278438,0.1171071218,0.1250000000,0,0,0.00000000
2026-06-08T15:00:00-04:00,1581.87432771,1443.34000000,179.39495679,1402.47937092,1357.55658654,0.00000000,44.92278438,0.1167212835,0.1250000000,0,0,0.00000000
2026-06-08T15:15:00-04:00,1581.87432771,1443.34000000,179.39495679,1402.47937092,1357.55658654,0.00000000,44.92278438,0.1167212835,0.1250000000,0,0,0.00000000
2026-06-08T15:30:00-04:00,1582.02034347,1443.34000000,179.54097254,1402.47937092,1357.55658654,0.00000000,44.92278438,0.1168051901,0.1250000000,0,0,0.00000000
2026-06-08T15:45:00-04:00,1582.02034347,1443.34000000,179.54097254,1402.47937092,1357.55658654,0.00000000,44.92278438,0.1168051901,0.1250000000,0,0,0.00000000
2026-06-09T09:30:00-04:00,1583.83093883,1443.34000000,181.35156791,1402.47937092,1357.55658654,0.00000000,44.92278438,0.1178443089,0.1250000000,0,5,0.00000000
2026-06-09T09:45:00-04:00,1586.05584674,1443.34000000,181.11443832,1404.94140842,6.59412404,1353.42450000,44.92278438,0.1175203120,0.1250000000,2,2,38.68605783
2026-06-09T10:00:00-04:00,1567.09694399,1443.34000000,180.12503556,1386.97190842,6.59412404,1335.45500000,44.92278438,0.1183340516,0.1250000000,2,1,38.68605783
2026-06-09T10:15:00-04:00,1566.85619683,1443.34000000,179.80847341,1387.04772342,1.00993904,1341.11500000,44.92278438,0.1181447703,0.1250000000,3,0,38.89243924
2026-06-09T10:30:00-04:00,1546.97282034,1443.34000000,178.84009692,1368.13272342,1.00993904,1322.20000000,44.92278438,0.1190640076,0.1250000000,3,0,38.68605783
2026-06-09T10:45:00-04:00,1541.66394249,1443.34000000,178.31444020,1363.34950229,1309.34342585,23.54000000,30.46607644,0.1179954288,0.1250000000,2,0,0.58501013
2026-06-09T11:00:00-04:00,1541.99017715,1443.34000000,178.63567486,1363.35450229,1309.34342585,23.54500000,30.46607644,0.1181824853,0.1250000000,2,1,0.58501013
2026-06-09T11:15:00-04:00,1576.65566752,1443.34000000,176.38703223,1400.26863529,56.04815885,1313.75440000,30.46607644,0.1140785278,0.1250000000,3,1,46.41614697
2026-06-09T11:30:00-04:00,1574.32447269,1443.34000000,176.50442890,1397.82004379,34.17525751,1333.40000000,30.24478628,0.1143104404,0.1250000000,3,0,47.40598527
2026-06-09T11:45:00-04:00,1586.96076259,1443.34000000,175.33571879,1411.62504379,34.17525751,1347.20500000,30.24478628,0.1126317976,0.1250000000,3,0,47.40598527
2026-06-09T12:00:00-04:00,1594.67299326,1443.34000000,174.69324947,1419.97974379,34.17525751,1355.55970000,30.24478628,0.1116658781,0.1250000000,3,1,1.57484843
2026-06-09T12:15:00-04:00,1604.66481431,1443.34000000,174.10977051,1430.55504379,34.17525751,1366.13500000,30.24478628,0.1105866080,0.1250000000,3,1,1.57484843
2026-06-09T12:30:00-04:00,1628.38679890,1443.34000000,173.14548247,1455.24131643,1350.42365651,40.88000000,63.93765992,0.1106750473,0.1250000000,1,0,1.57484843
2026-06-09T12:45:00-04:00,1628.87528398,1443.34000000,173.93396754,1454.94131643,1350.42365651,40.58000000,63.93765992,0.1111443452,0.1250000000,1,0,1.57484843
2026-06-09T13:00:00-04:00,1629.47682683,1443.34000000,175.03551040,1454.44131643,1350.42365651,40.08000000,63.93765992,0.1118052580,0.1250000000,1,0,1.57484843
2026-06-09T13:15:00-04:00,1629.70066044,1443.34000000,175.56934400,1454.13131643,1350.42365651,39.77000000,63.93765992,0.1121302164,0.1250000000,1,1,1.57484843
2026-06-09T13:30:00-04:00,1633.34182736,1443.34000000,176.32862593,1457.01320143,129.08834151,1263.98720000,63.93765992,0.1123538663,0.1250000000,2,0,50.37686889
2026-06-09T13:45:00-04:00,1631.68861161,1443.34000000,176.18261017,1455.50600143,129.08834151,1262.48000000,63.93765992,0.1123792079,0.1250000000,2,0,50.37686889
2026-06-09T14:00:00-04:00,1619.34462736,1443.34000000,176.32862593,1443.01600143,129.08834151,1249.99000000,63.93765992,0.1133649454,0.1250000000,2,0,50.37686889
2026-06-09T14:15:00-04:00,1622.52869038,1443.34000000,176.91268895,1445.61600143,129.08834151,1252.59000000,63.93765992,0.1135080887,0.1250000000,2,0,50.37686889
2026-06-09T14:30:00-04:00,1627.88845572,1443.34000000,176.59145429,1451.29700143,129.08834151,1258.27100000,63.93765992,0.1129136893,0.1250000000,2,0,50.37686889
2026-06-09T14:45:00-04:00,1627.42075340,1443.34000000,177.49675197,1449.92400143,129.08834151,1256.89800000,63.93765992,0.1135264927,0.1250000000,2,0,50.37686889
2026-06-09T15:00:00-04:00,1614.25008408,1443.34000000,176.85428265,1437.39580143,129.08834151,1244.36980000,63.93765992,0.1140765435,0.1250000000,2,0,50.37686889
2026-06-09T15:15:00-04:00,1615.33007569,1443.34000000,176.55407425,1438.77600143,129.08834151,1245.75000000,63.93765992,0.1138036208,0.1250000000,2,0,50.37686889
2026-06-09T15:30:00-04:00,1619.63665887,1443.34000000,176.62065744,1443.01600143,129.08834151,1249.99000000,63.93765992,0.1135313821,0.1250000000,2,0,50.37686889
2026-06-09T15:45:00-04:00,1598.46159752,1443.34000000,177.90559608,1420.55600143,129.08834151,1227.53000000,63.93765992,0.1159353671,0.1250000000,2,1,50.37686889
2026-06-10T09:30:00-04:00,1729.30821810,1443.34000000,177.34197527,1551.96624283,1291.32109344,160.96000000,99.68514939,0.1088239230,0.1250000000,2,4,5.17387315
2026-06-10T09:45:00-04:00,1763.39713371,1443.34000000,177.32211713,1586.07501658,1.91976719,1484.47010000,99.68514939,0.1065822202,0.1250000000,4,0,45.35372384
2026-06-10T10:00:00-04:00,1774.05051266,1443.34000000,177.90559608,1596.14491658,1.91976719,1494.54000000,99.68514939,0.1062525539,0.1250000000,4,2,45.35372384
2026-06-10T10:15:00-04:00,1788.18783157,1443.34000000,178.08081499,1610.10701658,1.91976719,1508.50210000,99.68514939,0.1054667054,0.1250000000,4,0,5.27546244
2026-06-10T10:30:00-04:00,1802.28929691,1443.34000000,177.75958033,1624.52971658,1.91976719,1522.92480000,99.68514939,0.1044045268,0.1250000000,4,1,5.27546244
2026-06-10T10:45:00-04:00,1803.94408323,1443.34000000,176.85428265,1627.08980058,0.03035119,1527.37430000,99.68514939,0.1037719557,0.1250000000,5,1,3.79337531
2026-06-10T11:00:00-04:00,1808.07838626,1443.34000000,176.12420387,1631.95418239,1337.23760396,165.75300000,128.96357843,0.1048911028,0.1250000000,4,0,3.79337531
2026-06-10T11:15:00-04:00,1807.66103686,1443.34000000,176.44485447,1631.21618239,1337.23760396,165.01500000,128.96357843,0.1051081918,0.1250000000,4,0,3.79337531
2026-06-10T11:30:00-04:00,1806.79515243,1443.34000000,176.73747004,1630.05768239,1337.23760396,163.85650000,128.96357843,0.1053368364,0.1250000000,4,0,3.79337531
2026-06-10T11:45:00-04:00,1807.96245558,1443.34000000,176.76667319,1631.19578239,1337.23760396,164.99460000,128.96357843,0.1052809955,0.1250000000,4,0,3.79337531
2026-06-10T12:00:00-04:00,1807.53757681,1443.34000000,176.03659442,1631.50098239,1337.23760396,165.29980000,128.96357843,0.1048727042,0.1250000000,4,0,3.79337531
2026-06-10T12:15:00-04:00,1807.69937996,1443.34000000,176.06579757,1631.63358239,1337.23760396,165.43240000,128.96357843,0.1048799921,0.1250000000,4,1,3.70061402
2026-06-10T12:30:00-04:00,1807.88378620,1443.34000000,176.18261017,1631.70117603,9.86163003,1492.80790000,129.03164600,0.1049423031,0.1250000000,4,0,23.30944606
2026-06-10T12:45:00-04:00,1806.81105784,1443.34000000,175.91978181,1630.89127603,9.86163003,1491.99800000,129.03164600,0.1048527480,0.1250000000,4,0,23.30944606
2026-06-10T13:00:00-04:00,1803.65762003,1443.34000000,175.56934400,1628.08827603,9.86163003,1489.19500000,129.03164600,0.1048409297,0.1250000000,4,0,23.30944606
2026-06-10T13:15:00-04:00,1801.22443264,1443.34000000,175.68615661,1625.53827603,9.86163003,1486.64500000,129.03164600,0.1050633384,0.1250000000,4,0,23.30944606
2026-06-10T13:30:00-04:00,1801.89550743,1443.34000000,175.45253140,1626.44297603,9.86163003,1487.54970000,129.03164600,0.1048815361,0.1250000000,4,0,23.30944606
2026-06-10T13:45:00-04:00,1806.07730826,1443.34000000,176.38703223,1629.69027603,9.86163003,1490.79700000,129.03164600,0.1051772389,0.1250000000,4,0,23.30944606
2026-06-10T14:00:00-04:00,1803.26230826,1443.34000000,176.38703223,1626.87527603,9.86163003,1487.98200000,129.03164600,0.1053540807,0.1250000000,4,0,23.30944606
2026-06-10T14:15:00-04:00,1799.80876730,1443.34000000,176.00739127,1623.80137603,9.86163003,1484.90810000,129.03164600,0.1053446262,0.1250000000,4,0,23.30944606
2026-06-10T14:30:00-04:00,1798.44602633,1443.34000000,175.62775030,1622.81827603,9.86163003,1483.92500000,129.03164600,0.1052032092,0.1250000000,4,0,23.30944606
2026-06-10T14:45:00-04:00,1802.24340516,1443.34000000,175.35732913,1626.88607603,9.86163003,1487.99280000,129.03164600,0.1048028309,0.1250000000,4,0,23.30944606
2026-06-10T15:00:00-04:00,1811.43058852,1443.34000000,175.27731249,1636.15327603,9.86163003,1497.26000000,129.03164600,0.1041829664,0.1250000000,4,0,23.30944606
2026-06-10T15:15:00-04:00,1809.47886331,1443.34000000,175.04368728,1634.43517603,9.86163003,1495.54190000,129.03164600,0.1041649422,0.1250000000,4,0,23.30944606
2026-06-10T15:30:00-04:00,1812.93260743,1443.34000000,175.45253140,1637.48007603,9.86163003,1498.58680000,129.03164600,0.1041940918,0.1250000000,4,0,23.30944606
2026-06-10T15:45:00-04:00,1802.33246309,1443.34000000,174.92687468,1627.40558841,51.33539253,1445.88500000,130.18519588,0.1046121225,0.1250000000,3,0,23.30944606
2026-06-11T09:30:00-04:00,1787.67781270,1443.34000000,208.72329754,1578.95451517,1336.34349722,119.97000000,122.64101795,0.1253565676,0.1250000000,1,0,3.59902472
2026-06-11T09:45:00-04:00,1788.58451414,1443.34000000,210.07999897,1578.50451517,1336.34349722,119.52000000,122.64101795,0.1261027156,0.1250000000,1,0,3.59902472
2026-06-11T10:00:00-04:00,1786.63930135,1443.34000000,210.11478619,1576.52451517,1336.34349722,117.54000000,122.64101795,0.1262710354,0.1250000000,1,0,3.59902472
2026-06-11T10:15:00-04:00,1788.57430135,1443.34000000,210.11478619,1578.45951517,1336.34349722,119.47500000,122.64101795,0.1261243702,0.1250000000,1,0,3.59902472
2026-06-11T10:30:00-04:00,1787.73972692,1443.34000000,210.04521175,1577.69451517,1336.34349722,118.71000000,122.64101795,0.1261458018,0.1250000000,1,0,3.59902472
2026-06-11T10:45:00-04:00,1787.35259992,1443.34000000,208.75808475,1578.59451517,1336.34349722,119.61000000,122.64101795,0.1254019537,0.1250000000,1,0,3.59902472
2026-06-11T11:00:00-04:00,1789.98749311,1443.34000000,209.59297794,1580.39451517,1336.34349722,121.41000000,122.64101795,0.1257045138,0.1250000000,1,0,3.59902472
2026-06-11T11:15:00-04:00,1791.55228033,1443.34000000,209.62776516,1581.92451517,1336.34349722,122.94000000,122.64101795,0.1256074963,0.1250000000,1,0,3.59902472
2026-06-11T11:30:00-04:00,1792.37057806,1443.34000000,209.90606289,1582.46451517,1336.34349722,123.48000000,122.64101795,0.1257126111,0.1250000000,1,0,0.19561954
2026-06-11T11:45:00-04:00,1793.45887579,1443.34000000,210.18436062,1583.27451517,1336.34349722,124.29000000,122.64101795,0.1257972912,0.1250000000,1,0,0.00000000
2026-06-11T12:00:00-04:00,1794.23025846,1443.34000000,210.77574330,1583.45451517,1336.34349722,124.47000000,122.64101795,0.1260930246,0.1250000000,1,0,0.00000000
2026-06-11T12:15:00-04:00,1792.73887579,1443.34000000,210.18436062,1582.55451517,1336.34349722,123.57000000,122.64101795,0.1258515240,0.1250000000,1,0,0.00000000
2026-06-11T12:30:00-04:00,1792.09190334,1443.34000000,210.39238817,1581.69951517,1336.34349722,122.71500000,122.64101795,0.1260249044,0.1250000000,1,0,0.00000000
2026-06-11T12:45:00-04:00,1790.79142919,1443.34000000,209.76691402,1581.02451517,1336.34349722,122.04000000,122.64101795,0.1257482015,0.1250000000,1,0,0.00000000
2026-06-11T13:00:00-04:00,1790.80355703,1443.34000000,209.41904186,1581.38451517,1336.34349722,122.40000000,122.64101795,0.1255387511,0.1250000000,1,0,0.00000000
2026-06-11T13:15:00-04:00,1793.74579000,1443.34000000,211.50627484,1582.23951517,1336.34349722,123.25500000,122.64101795,0.1265667350,0.1250000000,1,0,0.00000000
2026-06-11T13:30:00-04:00,1795.44781103,1443.34000000,211.99329586,1583.45451517,1336.34349722,124.47000000,122.64101795,0.1267290979,0.1250000000,1,0,0.00000000
2026-06-11T13:45:00-04:00,1794.13866217,1443.34000000,211.85414700,1582.28451517,1336.34349722,123.30000000,122.64101795,0.1267451065,0.1250000000,1,0,0.00000000
2026-06-11T14:00:00-04:00,1793.36951330,1443.34000000,211.71499813,1581.65451517,1336.34349722,122.67000000,122.64101795,0.1267201695,0.1250000000,1,0,0.00000000
2026-06-11T14:15:00-04:00,1793.23910893,1443.34000000,211.94459376,1581.29451517,1336.34349722,122.31000000,122.64101795,0.1268674943,0.1250000000,1,0,0.00000000
2026-06-11T14:30:00-04:00,1793.56173652,1443.34000000,212.08722135,1581.47451517,1336.34349722,122.49000000,122.64101795,0.1269283569,0.1250000000,1,0,0.00000000
2026-06-11T14:45:00-04:00,1794.45174711,1443.34000000,212.16723195,1582.28451517,1336.34349722,123.30000000,122.64101795,0.1269086436,0.1250000000,1,0,0.00000000
2026-06-11T15:00:00-04:00,1796.53610876,1443.34000000,212.27159359,1584.26451517,1336.34349722,125.28000000,122.64101795,0.1268129614,0.1250000000,1,0,0.00000000
2026-06-11T15:15:00-04:00,1797.69589598,1443.34000000,212.30638081,1585.38951517,1336.34349722,126.40500000,122.64101795,0.1267459255,0.1250000000,1,0,0.00000000
2026-06-11T15:30:00-04:00,1798.32869223,1443.34000000,212.27159359,1586.05709864,1460.78809150,0.00000000,125.26900713,0.1268762827,0.1250000000,0,0,0.00000000
2026-06-11T15:45:00-04:00,1798.25911780,1443.34000000,212.20201916,1586.05709864,1460.78809150,0.00000000,125.26900713,0.1268399722,0.1250000000,0,0,0.00000000
2026-06-12T09:30:00-04:00,1798.41274670,1443.34000000,211.47148762,1586.94125908,1461.67225194,0.00000000,125.26900713,0.1263917036,0.1250000000,0,1,0.00000000
2026-06-12T09:45:00-04:00,1804.28269073,1443.34000000,211.43670040,1592.84599033,150.86488319,1316.71210000,125.26900713,0.1259291109,0.1250000000,1,0,49.72399139
2026-06-12T10:00:00-04:00,1835.34420722,1443.34000000,212.48031689,1622.86389033,150.86488319,1346.73000000,125.26900713,0.1242520311,0.1250000000,1,0,49.72399139
2026-06-12T10:15:00-04:00,1822.15548392,1443.34000000,212.27159359,1609.88389033,150.86488319,1333.75000000,125.26900713,0.1250947524,0.1250000000,1,1,49.72399139
2026-06-12T10:30:00-04:00,1815.93807170,1443.34000000,211.99260012,1603.94547158,1.12766444,1477.54880000,125.26900713,0.1253897670,0.1250000000,2,0,58.12272840
2026-06-12T10:45:00-04:00,1842.31324786,1443.34000000,212.83027629,1629.48297158,1.12766444,1503.08630000,125.26900713,0.1239515391,0.1250000000,2,0,58.12272840
2026-06-12T11:00:00-04:00,1842.59765836,1443.34000000,213.10648678,1629.49117158,1.12766444,1503.09450000,125.26900713,0.1240918485,0.1250000000,2,0,58.12272840
2026-06-12T11:15:00-04:00,1843.58480723,1443.34000000,213.24563565,1630.33917158,1.12766444,1503.94250000,125.26900713,0.1241015392,0.1250000000,2,0,58.12272840
2026-06-12T11:30:00-04:00,1829.50648620,1443.34000000,212.75861462,1616.74787158,1.12766444,1490.35120000,125.26900713,0.1248409434,0.1250000000,2,0,58.12272840
2026-06-12T11:45:00-04:00,1818.97386744,1443.34000000,211.99329586,1606.98057158,1.12766444,1480.58390000,125.26900713,0.1251654293,0.1250000000,2,1,58.12272840
2026-06-12T12:00:00-04:00,1857.41173506,1443.34000000,212.89776349,1644.51397158,1.12766444,1518.11730000,125.26900713,0.1229100582,0.1250000000,2,0,8.39873700
2026-06-12T12:15:00-04:00,1847.27543506,1443.34000000,212.89776349,1634.37767158,1.12766444,1507.98100000,125.26900713,0.1236335475,0.1250000000,2,0,8.39873700
2026-06-12T12:30:00-04:00,1858.12858393,1443.34000000,213.03691235,1645.09167158,1.12766444,1518.69500000,125.26900713,0.1229395129,0.1250000000,2,0,8.39873700
2026-06-12T12:45:00-04:00,1861.54188166,1443.34000000,213.31521008,1648.22667158,1.12766444,1521.83000000,125.26900713,0.1228581136,0.1250000000,2,0,8.39873700
2026-06-12T13:00:00-04:00,1865.63081774,1443.34000000,213.48914616,1652.14167158,1.12766444,1525.74500000,125.26900713,0.1226694041,0.1250000000,2,0,8.39873700
2026-06-12T13:15:00-04:00,1878.25017939,1443.34000000,213.59350781,1664.65667158,1.12766444,1538.26000000,125.26900713,0.1218458653,0.1250000000,2,0,8.39873700
2026-06-12T13:30:00-04:00,1881.35190496,1443.34000000,213.52393338,1667.82797158,1.12766444,1541.43130000,125.26900713,0.1215910329,0.1250000000,2,0,8.39873700
2026-06-12T13:45:00-04:00,1872.47350841,1443.34000000,213.45435895,1659.01914946,145.50689645,1391.39000000,122.12225301,0.1219494420,0.1250000000,1,0,0.00000000
2026-06-12T14:00:00-04:00,1856.30460841,1443.34000000,213.45435895,1642.85024946,145.50689645,1375.22110000,122.12225301,0.1230864553,0.1250000000,1,0,0.00000000
2026-06-12T14:15:00-04:00,1866.93308284,1443.34000000,213.52393338,1653.40914946,145.50689645,1385.78000000,122.12225301,0.1223765521,0.1250000000,1,0,0.00000000
2026-06-12T14:30:00-04:00,1864.06180614,1443.34000000,213.73265668,1650.32914946,145.50689645,1382.70000000,122.12225301,0.1226980904,0.1250000000,1,0,0.00000000
2026-06-12T14:45:00-04:00,1855.49308284,1443.34000000,213.52393338,1641.96914946,145.50689645,1374.34000000,122.12225301,0.1231842198,0.1250000000,1,0,0.00000000
2026-06-12T15:00:00-04:00,1858.91201892,1443.34000000,213.69786946,1645.21414946,145.50689645,1377.58500000,122.12225301,0.1230418751,0.1250000000,1,0,0.00000000
2026-06-12T15:15:00-04:00,1856.63680614,1443.34000000,213.73265668,1642.90414946,145.50689645,1375.27500000,122.12225301,0.1232233286,0.1250000000,1,0,0.00000000
2026-06-12T15:30:00-04:00,1855.37180614,1443.34000000,213.73265668,1641.63914946,145.50689645,1374.01000000,122.12225301,0.1233132622,0.1250000000,1,1,0.00000000
2026-06-12T15:45:00-04:00,1850.58626904,1443.34000000,213.83701833,1636.74925071,5.53699770,1509.09000000,122.12225301,0.1237150536,0.1250000000,2,1,1.93359247
2026-06-15T09:30:00-04:00,1866.48139419,1443.34000000,219.33339849,1647.14799570,1359.28288348,140.52500000,147.34011222,0.1275831142,0.1250000000,1,5,0.00000000
2026-06-15T09:45:00-04:00,1853.87964129,1443.34000000,219.54212179,1634.33751950,0.34635024,1486.50500000,147.48616926,0.1286585570,0.1250000000,3,0,62.59589865
2026-06-15T10:00:00-04:00,1828.11583703,1443.34000000,219.54281754,1608.57301950,0.34635024,1460.74050000,147.48616926,0.1306312876,0.1250000000,3,0,62.59589865
2026-06-15T10:15:00-04:00,1849.04927737,1443.34000000,219.71605787,1629.33321950,0.34635024,1481.50070000,147.48616926,0.1291260117,0.1250000000,3,0,62.59589865
2026-06-15T10:30:00-04:00,1863.82126686,1443.34000000,219.47254736,1644.34871950,0.34635024,1496.51620000,147.48616926,0.1278727841,0.1250000000,3,0,62.59589865
2026-06-15T10:45:00-04:00,1880.00967308,1443.34000000,219.78215358,1660.22751950,0.34635024,1512.39500000,147.48616926,0.1268566649,0.1250000000,3,0,62.59589865
2026-06-15T11:00:00-04:00,1869.92313924,1443.34000000,219.99435560,1649.92878364,5.28215152,1497.36000000,147.28663212,0.1277079376,0.1250000000,2,0,62.06016395
2026-06-15T11:15:00-04:00,1864.95628811,1443.34000000,220.13350447,1644.82278364,5.28215152,1492.25400000,147.28663212,0.1281582310,0.1250000000,2,0,62.06016395
2026-06-15T11:30:00-04:00,1873.53750089,1443.34000000,220.09871725,1653.43878364,5.28215152,1500.87000000,147.28663212,0.1275010030,0.1250000000,2,0,62.06016395
2026-06-15T11:45:00-04:00,1869.24745615,1443.34000000,220.22047251,1649.02698364,5.28215152,1496.45820000,147.28663212,0.1278893628,0.1250000000,2,0,62.06016395
2026-06-15T12:00:00-04:00,1875.54417315,1443.34000000,220.25038951,1655.29378364,5.28215152,1502.72500000,147.28663212,0.1274407224,0.1250000000,2,1,62.06016395
2026-06-15T12:15:00-04:00,1861.53543794,1443.34000000,220.30744055,1641.22799739,0.36346527,1493.57790000,147.28663212,0.1285154406,0.1250000000,3,0,62.22614281
2026-06-15T12:30:00-04:00,1858.64575072,1443.34000000,220.27265333,1638.37309739,0.36346527,1490.72300000,147.28663212,0.1287121160,0.1250000000,3,1,62.22614281
2026-06-15T12:45:00-04:00,1850.02436350,1443.34000000,220.23786612,1629.78649739,0.36346527,1482.13640000,147.28663212,0.1293433875,0.1250000000,3,1,62.22614281
2026-06-15T13:00:00-04:00,1833.91275072,1443.34000000,220.27265333,1613.64009739,0.36346527,1465.99000000,147.28663212,0.1305995744,0.1250000000,3,0,62.22614281
2026-06-15T13:15:00-04:00,1835.32275072,1443.34000000,220.27265333,1615.05009739,0.36346527,1467.40000000,147.28663212,0.1304904859,0.1250000000,3,1,62.22614281
2026-06-15T13:30:00-04:00,1829.83513794,1443.34000000,220.30744055,1609.52769739,0.36346527,1461.87760000,147.28663212,0.1309367544,0.1250000000,3,0,62.22614281
2026-06-15T13:45:00-04:00,1823.98614219,1443.34000000,220.30674481,1603.67939739,0.36346527,1456.02930000,147.28663212,0.1313930991,0.1250000000,3,0,62.22614281
2026-06-15T14:00:00-04:00,1835.57232515,1443.34000000,220.34222777,1615.23009739,0.36346527,1467.58000000,147.28663212,0.1305124060,0.1250000000,3,0,62.22614281
2026-06-15T14:15:00-04:00,1837.95253794,1443.34000000,220.30744055,1617.64509739,0.36346527,1469.99500000,147.28663212,0.1303080874,0.1250000000,3,1,62.22614281
2026-06-15T14:30:00-04:00,1838.84689959,1443.34000000,220.41180220,1618.43509739,0.36346527,1470.78500000,147.28663212,0.1303008864,0.1250000000,3,1,62.22614281
2026-06-15T14:45:00-04:00,1833.94189959,1443.34000000,220.41180220,1613.53009739,0.36346527,1465.88000000,147.28663212,0.1306798173,0.1250000000,3,0,62.22614281
2026-06-15T15:00:00-04:00,1842.26211237,1443.34000000,220.37701498,1621.88509739,0.36346527,1474.23500000,147.28663212,0.1300178189,0.1250000000,3,0,62.22614281
2026-06-15T15:15:00-04:00,1834.96281237,1443.34000000,220.37701498,1614.58579739,0.36346527,1466.93570000,147.28663212,0.1305801537,0.1250000000,3,1,62.22614281
2026-06-15T15:30:00-04:00,1857.15378680,1443.34000000,220.44658941,1636.70719739,0.36346527,1489.05710000,147.28663212,0.1289261501,0.1250000000,3,2,62.22614281
2026-06-15T15:45:00-04:00,1834.84168680,1443.34000000,220.44658941,1614.39509739,0.36346527,1466.74500000,147.28663212,0.1306307541,0.1250000000,3,3,56.08226976
2026-06-16T09:30:00-04:00,1776.60688568,1443.34000000,220.13350447,1556.47338121,1100.24800598,344.02680000,112.19857524,0.1322593159,0.1250000000,2,3,0.16597886
2026-06-16T09:45:00-04:00,1805.59527068,1443.34000000,220.13350447,1585.46176621,1.00419098,1472.25900000,112.19857524,0.1299952368,0.1250000000,4,2,24.83601308
2026-06-16T10:00:00-04:00,1814.38727068,1443.34000000,220.13350447,1594.25376621,1.00419098,1481.05100000,112.19857524,0.1293237965,0.1250000000,4,1,24.83601308
2026-06-16T10:15:00-04:00,1784.69105192,1443.34000000,219.36818571,1565.32286621,1.00419098,1452.12010000,112.19857524,0.1311624350,0.1250000000,4,0,0.18734328
2026-06-16T10:30:00-04:00,1780.93153488,1443.34000000,219.40366867,1561.52786621,1054.14692798,395.91500000,111.46593824,0.1314214975,0.1250000000,3,0,0.16597886
2026-06-16T10:45:00-04:00,1778.88579170,1443.34000000,218.81159025,1560.07420145,1391.00300417,56.07500000,112.99619727,0.1313481944,0.1250000000,2,0,0.16597886
2026-06-16T11:00:00-04:00,1781.02934844,1443.34000000,219.01961780,1562.00973063,1441.00177511,4.99000000,116.01795552,0.1315424139,0.1250000000,1,1,0.16597886
2026-06-16T11:15:00-04:00,1761.03111832,1443.34000000,218.35935644,1542.67176188,549.70880636,876.94500000,116.01795552,0.1327401880,0.1250000000,2,0,41.83177232
2026-06-16T11:30:00-04:00,1757.57845894,1443.34000000,217.97669706,1539.60176188,549.70880636,873.87500000,116.01795552,0.1327862705,0.1250000000,2,0,41.83177232
2026-06-16T11:45:00-04:00,1762.21845894,1443.34000000,217.97669706,1544.24176188,549.70880636,878.51500000,116.01795552,0.1324119976,0.1250000000,2,0,41.83177232
2026-06-16T12:00:00-04:00,1765.99547997,1443.34000000,218.46371809,1547.53176188,549.70880636,881.80500000,116.01795552,0.1324040569,0.1250000000,2,1,41.83177232
2026-06-16T12:15:00-04:00,1759.40698900,1443.34000000,218.42893087,1540.97805813,36.11890261,1388.84120000,116.01795552,0.1329137085,0.1250000000,3,0,94.79335404
2026-06-16T12:30:00-04:00,1758.33426152,1443.34000000,218.09010339,1540.24415813,36.11890261,1388.10730000,116.01795552,0.1327942142,0.1250000000,3,1,94.79335404
2026-06-16T12:45:00-04:00,1768.69482534,1443.34000000,217.97669706,1550.71812828,0.45237276,1434.24780000,116.01795552,0.1318931129,0.1250000000,4,0,95.60709902
2026-06-16T13:00:00-04:00,1762.90169977,1443.34000000,218.04627149,1544.85542828,0.45237276,1428.38510000,116.01795552,0.1323993101,0.1250000000,4,0,95.60709902
2026-06-16T13:15:00-04:00,1759.72732534,1443.34000000,217.97669706,1541.75062828,0.45237276,1425.28030000,116.01795552,0.1326126754,0.1250000000,4,1,95.60709902
2026-06-16T13:30:00-04:00,1760.74352543,1443.34000000,217.81319714,1542.93032828,0.45237276,1426.46000000,116.01795552,0.1324313315,0.1250000000,4,0,95.60709902
2026-06-16T13:45:00-04:00,1759.62692534,1443.34000000,217.97669706,1541.65022828,0.45237276,1425.17990000,116.01795552,0.1326207760,0.1250000000,4,1,95.60709902
2026-06-16T14:00:00-04:00,1756.96723813,1443.34000000,217.94190984,1539.02532828,0.45237276,1422.55500000,116.01795552,0.1328145313,0.1250000000,4,1,95.60709902
2026-06-16T14:15:00-04:00,1767.29223813,1443.34000000,217.94190984,1549.35032828,0.45237276,1432.88000000,116.01795552,0.1319840757,0.1250000000,4,1,95.60709902
2026-06-16T14:30:00-04:00,1754.92766369,1443.34000000,217.87233541,1537.05532828,0.45237276,1420.58500000,116.01795552,0.1329373634,0.1250000000,4,0,95.60709902
2026-06-16T14:45:00-04:00,1755.55434040,1443.34000000,217.66361211,1537.89072828,0.45237276,1421.42040000,116.01795552,0.1327592447,0.1250000000,4,0,95.60709902
2026-06-16T15:00:00-04:00,1753.76492988,1443.34000000,217.42010160,1536.34482828,0.45237276,1419.87450000,116.01795552,0.1327556118,0.1250000000,4,0,95.60709902
2026-06-16T15:15:00-04:00,1742.20825695,1443.34000000,217.76797376,1524.44028318,865.09444279,558.98000000,100.36584040,0.1326363429,0.1250000000,3,3,53.94130555
2026-06-16T15:30:00-04:00,1720.26218537,1443.34000000,217.38531438,1502.87687098,0.69703059,1401.81400000,100.36584040,0.1341970522,0.1250000000,4,1,89.93389184
2026-06-16T15:45:00-04:00,1750.20658991,1443.34000000,216.82871892,1533.37787098,0.69703059,1432.31500000,100.36584040,0.1314240293,0.1250000000,4,1,89.93389184
2026-06-17T09:30:00-04:00,1791.98824929,1443.34000000,217.21137830,1574.77687098,0.69703059,1473.71400000,100.36584040,0.1284041741,0.1250000000,4,2,89.93389184
2026-06-17T09:45:00-04:00,1810.63514555,1443.34000000,216.79393171,1593.84121385,5.50890450,1488.02920000,100.30310934,0.1267554645,0.1250000000,3,2,88.95416801
2026-06-17T10:00:00-04:00,1793.41386885,1443.34000000,217.00265501,1576.41121385,5.50890450,1470.59920000,100.30310934,0.1281680208,0.1250000000,3,2,35.99258629
2026-06-17T10:15:00-04:00,1791.37236658,1443.34000000,217.28095274,1574.09141385,5.50890450,1468.27940000,100.30310934,0.1284873176,0.1250000000,3,1,35.99258629
2026-06-17T10:30:00-04:00,1816.49928163,1443.34000000,216.96786779,1599.53141385,5.50890450,1493.71940000,100.30310934,0.1264236987,0.1250000000,3,0,0.00000000
2026-06-17T10:45:00-04:00,1821.35658390,1443.34000000,216.68957006,1604.66701385,5.50890450,1498.85500000,100.30310934,0.1259051931,0.1250000000,3,1,0.00000000
2026-06-17T11:00:00-04:00,1835.57517745,1443.34000000,216.83776360,1618.73741385,5.50890450,1512.92540000,100.30310934,0.1249589431,0.1250000000,3,0,0.00000000
2026-06-17T11:15:00-04:00,1852.97996668,1443.34000000,217.00265501,1635.97731168,914.81453465,594.48500000,126.67777703,0.1257037478,0.1250000000,2,0,0.00000000
2026-06-17T11:30:00-04:00,1863.34996668,1443.34000000,217.00265501,1646.34731168,914.81453465,604.85500000,126.67777703,0.1249531468,0.1250000000,2,0,0.00000000
2026-06-17T11:45:00-04:00,1859.96612833,1443.34000000,217.10701665,1642.85911168,914.81453465,601.36680000,126.67777703,0.1252572986,0.1250000000,2,1,0.00000000
2026-06-17T12:00:00-04:00,1874.43047926,1443.34000000,217.11606133,1657.31441793,3.60664090,1527.03000000,126.67777703,0.1242258479,0.1250000000,3,1,27.80001420
2026-06-17T12:15:00-04:00,1880.50600902,1443.34000000,217.17659109,1663.32941793,3.60664090,1533.04500000,126.67777703,0.1238300234,0.1250000000,3,2,27.80001420
2026-06-17T12:30:00-04:00,1877.98143458,1443.34000000,217.10701665,1660.87441793,3.60664090,1530.59000000,126.67777703,0.1239688022,0.1250000000,3,1,27.80001420
2026-06-17T12:45:00-04:00,1881.03728572,1443.34000000,216.96786779,1664.06941793,3.60664090,1533.78500000,126.67777703,0.1236735496,0.1250000000,3,0,27.80001420
2026-06-17T13:00:00-04:00,1880.06376058,1443.34000000,216.89829336,1663.16546722,40.28086800,1495.61500000,127.26959922,0.1237443039,0.1250000000,2,2,27.80001420
2026-06-17T13:15:00-04:00,1880.98593444,1443.34000000,217.03744222,1663.94849222,10.95889300,1525.72000000,127.26959922,0.1237585793,0.1250000000,3,0,28.65162932
2026-06-17T13:30:00-04:00,1871.26614722,1443.34000000,217.00265501,1654.26349222,10.95889300,1516.03500000,127.26959922,0.1244283742,0.1250000000,3,0,28.65162932
2026-06-17T13:45:00-04:00,1874.56938331,1443.34000000,217.17659109,1657.39279222,10.95889300,1519.16430000,127.26959922,0.1242926904,0.1250000000,3,0,28.65162932
2026-06-17T14:00:00-04:00,1872.17082847,1443.34000000,216.23733625,1655.93349222,10.95889300,1517.70500000,127.26959922,0.1239252587,0.1250000000,3,0,28.65162932
2026-06-17T14:15:00-04:00,1881.91610517,1443.34000000,216.02861295,1665.88749222,10.95889300,1527.65900000,127.26959922,0.1231180253,0.1250000000,3,0,28.65162932
2026-06-17T14:30:00-04:00,1901.48274268,1443.34000000,217.55925047,1683.92349222,10.95889300,1545.69500000,127.26959922,0.1226229505,0.1250000000,3,3,0.85161512
2026-06-17T14:45:00-04:00,1913.31040290,1443.34000000,216.30691068,1697.00349222,10.95889300,1558.77500000,127.26959922,0.1211097251,0.1250000000,3,0,0.85161512
2026-06-17T15:00:00-04:00,1903.50531116,1443.34000000,216.61999563,1686.88531553,985.50999313,554.12500000,147.25032241,0.1233419959,0.1250000000,1,1,0.00000000
2026-06-17T15:15:00-04:00,1895.53733302,1443.34000000,215.47201749,1680.06531553,985.50999313,547.30500000,147.25032241,0.1232475081,0.1250000000,1,0,0.00000000
2026-06-17T15:30:00-04:00,1883.21714022,1443.34000000,214.21967770,1668.99746251,1513.36766011,0.00000000,155.62980240,0.1239993331,0.1250000000,0,0,0.00000000
2026-06-17T15:45:00-04:00,1883.42586351,1443.34000000,214.42840100,1668.99746251,1513.36766011,0.00000000,155.62980240,0.1241051568,0.1250000000,0,0,0.00000000
2026-06-18T09:30:00-04:00,1887.42411134,1443.34000000,217.55925047,1669.86486088,1514.23505847,0.00000000,155.62980240,0.1256264958,0.1250000000,0,6,0.00000000
2026-06-18T09:45:00-04:00,1879.05423953,1443.34000000,218.39414366,1660.66009588,0.08029347,1504.95000000,155.62980240,0.1267210438,0.1250000000,2,0,60.82643904
2026-06-18T10:00:00-04:00,1879.42482049,1443.34000000,218.18472461,1661.24009588,0.08029347,1505.53000000,155.62980240,0.1265723142,0.1250000000,2,1,60.82643904
2026-06-18T10:15:00-04:00,1901.61551623,1443.34000000,218.18542036,1683.43009588,0.08029347,1527.72000000,155.62980240,0.1249640353,0.1250000000,2,1,60.82643904
2026-06-18T10:30:00-04:00,1907.23000118,1443.34000000,218.49850530,1688.73149588,0.08029347,1533.02140000,155.62980240,0.1247422245,0.1250000000,2,1,60.82643904
2026-06-18T10:45:00-04:00,1920.44211169,1443.34000000,218.74201582,1701.70009588,0.08029347,1545.99000000,155.62980240,0.1239463339,0.1250000000,2,1,60.82643904
2026-06-18T11:00:00-04:00,1919.04056481,1443.34000000,218.88046894,1700.16009588,0.08029347,1544.45000000,155.62980240,0.1241233600,0.1250000000,2,2,60.82643904
2026-06-18T11:15:00-04:00,1914.08516283,1443.34000000,218.60286695,1695.48229588,0.08029347,1539.77220000,155.62980240,0.1243152780,0.1250000000,2,0,60.82643904
2026-06-18T11:30:00-04:00,1908.77681608,1443.34000000,218.47972021,1690.29709588,0.08029347,1534.58700000,155.62980240,0.1246214485,0.1250000000,2,0,60.82643904
2026-06-18T11:45:00-04:00,1909.67647334,1443.34000000,218.84637747,1690.83009588,0.08029347,1535.12000000,155.62980240,0.1247665647,0.1250000000,2,0,60.82643904
2026-06-18T12:00:00-04:00,1908.15634778,1443.34000000,218.91595190,1689.24039588,0.08029347,1533.53030000,155.62980240,0.1249144856,0.1250000000,2,2,60.82643904
2026-06-18T12:15:00-04:00,1912.16998386,1443.34000000,219.08988798,1693.08009588,0.08029347,1537.37000000,155.62980240,0.1247280821,0.1250000000,2,0,60.82643904
2026-06-18T12:30:00-04:00,1911.54977107,1443.34000000,219.12467520,1692.42509588,0.08029347,1536.71500000,155.62980240,0.1247919490,0.1250000000,2,0,60.82643904
2026-06-18T12:45:00-04:00,1906.39998386,1443.34000000,219.08988798,1687.31009588,0.08029347,1531.60000000,155.62980240,0.1251391475,0.1250000000,2,0,60.82643904
2026-06-18T13:00:00-04:00,1915.25834551,1443.34000000,219.19424963,1696.06409588,0.08029347,1540.35400000,155.62980240,0.1245684781,0.1250000000,2,1,60.82643904
2026-06-18T13:15:00-04:00,1914.14978167,1443.34000000,219.20468579,1694.94509588,0.08029347,1539.23500000,155.62980240,0.1246529402,0.1250000000,2,1,60.82643904
2026-06-18T13:30:00-04:00,1914.47801141,1443.34000000,219.29791553,1695.18009588,0.08029347,1539.47000000,155.62980240,0.1246826840,0.1250000000,2,1,60.82643904
2026-06-18T13:45:00-04:00,1916.48913272,1443.34000000,219.22903685,1697.26009588,0.08029347,1541.55000000,155.62980240,0.1245011643,0.1250000000,2,0,60.82643904
2026-06-18T14:00:00-04:00,1910.56934551,1443.34000000,219.19424963,1691.37509588,0.08029347,1535.66500000,155.62980240,0.1249013110,0.1250000000,2,1,60.82643904
2026-06-18T14:15:00-04:00,1915.24434551,1443.34000000,219.19424963,1696.05009588,0.08029347,1540.34000000,155.62980240,0.1245694692,0.1250000000,2,0,60.82643904
2026-06-18T14:30:00-04:00,1920.21434551,1443.34000000,219.19424963,1701.02009588,0.08029347,1545.31000000,155.62980240,0.1242186159,0.1250000000,2,2,60.82643904
2026-06-18T14:45:00-04:00,1938.97605397,1443.34000000,219.29095809,1719.68509588,0.08029347,1563.97500000,155.62980240,0.1229660016,0.1250000000,2,0,60.82643904
2026-06-18T15:00:00-04:00,1944.70464551,1443.34000000,219.19424963,1725.51039588,0.08029347,1569.80030000,155.62980240,0.1225182113,0.1250000000,2,0,18.34977330
2026-06-18T15:15:00-04:00,1946.03870715,1443.34000000,219.29861128,1726.74009588,0.08029347,1571.03000000,155.62980240,0.1224852103,0.1250000000,2,2,18.34977330
2026-06-18T15:30:00-04:00,1960.26306880,1443.34000000,219.40297293,1740.86009588,0.08029347,1585.15000000,155.62980240,0.1215775953,0.1250000000,2,3,18.34977330
2026-06-18T15:45:00-04:00,1969.79870715,1443.34000000,219.29861128,1750.50009588,0.08029347,1594.79000000,155.62980240,0.1208810330,0.1250000000,2,4,18.34977330
2026-06-22T09:30:00-04:00,2000.38398112,1443.34000000,219.92478117,1780.45919995,964.76321767,628.91000000,186.78598229,0.1212643493,0.1250000000,1,5,0.00000000
2026-06-22T09:45:00-04:00,2021.87403344,1443.34000000,220.86403601,1801.00999743,0.70401514,1613.52000000,186.78598229,0.1203560973,0.1250000000,5,1,16.23961762
2026-06-22T10:00:00-04:00,2015.65854622,1443.34000000,220.82924879,1794.82929743,0.70401514,1607.33930000,186.78598229,0.1207461106,0.1250000000,5,0,16.23961762
2026-06-22T10:15:00-04:00,2004.50609879,1443.34000000,219.99435560,1784.51174319,545.98700609,1050.02000000,188.50473709,0.1211421755,0.1250000000,4,0,16.23961762
2026-06-22T10:30:00-04:00,1997.01472411,1443.34000000,219.08988798,1777.92483613,1159.02359907,424.22100000,194.68023706,0.1215589501,0.1250000000,3,0,16.23961762
2026-06-22T10:45:00-04:00,2003.91287297,1443.34000000,219.22903685,1784.68383613,1159.02359907,430.98000000,194.68023706,0.1211723868,0.1250000000,3,0,16.23961762
2026-06-22T11:00:00-04:00,2002.06011560,1443.34000000,219.09127947,1782.96883613,1159.02359907,429.26500000,194.68023706,0.1212203821,0.1250000000,3,1,16.23961762
2026-06-22T11:15:00-04:00,2001.53802043,1443.34000000,218.81159025,1782.72643018,12.28959312,1575.75660000,194.68023706,0.1211006158,0.1250000000,4,0,60.06597579
2026-06-22T11:30:00-04:00,2003.26365424,1443.34000000,219.26382406,1783.99983018,12.28959312,1577.03000000,194.68023706,0.1212351180,0.1250000000,4,0,60.06597579
2026-06-22T11:45:00-04:00,1991.14727156,1443.34000000,218.67244139,1772.47483018,12.28959312,1565.50500000,194.68023706,0.1217236037,0.1250000000,4,1,60.06597579
2026-06-22T12:00:00-04:00,2003.15442013,1443.34000000,218.72601370,1784.42840643,3.71816937,1586.03000000,194.68023706,0.1209450573,0.1250000000,5,0,60.24876122
2026-06-22T12:15:00-04:00,2011.53109668,1443.34000000,218.81159025,1792.71950643,3.71816937,1594.32110000,194.68023706,0.1204345360,0.1250000000,5,0,60.24876122
2026-06-22T12:30:00-04:00,2010.89209895,1443.34000000,218.53329252,1792.35880643,3.71816937,1593.96040000,194.68023706,0.1203236787,0.1250000000,5,0,60.24876122
2026-06-22T12:45:00-04:00,2023.15520946,1443.34000000,218.77680303,1804.37840643,3.71816937,1605.98000000,194.68023706,0.1196498756,0.1250000000,5,0,60.24876122
2026-06-22T13:00:00-04:00,2024.71237338,1443.34000000,218.60286695,1806.10950643,3.71816937,1607.71110000,194.68023706,0.1194530209,0.1250000000,5,0,60.24876122
2026-06-22T13:15:00-04:00,2032.08905833,1443.34000000,218.91595190,1813.17310643,3.71816937,1614.77470000,194.68023706,0.1191438451,0.1250000000,5,0,60.24876122
2026-06-22T13:30:00-04:00,2030.71611799,1443.34000000,218.74271156,1811.97340643,3.71816937,1613.57500000,194.68023706,0.1191385821,0.1250000000,5,0,60.24876122
2026-06-22T13:45:00-04:00,2033.02311997,1443.34000000,219.02031355,1814.00280643,3.71816937,1615.60440000,194.68023706,0.1191400775,0.1250000000,5,0,60.24876122
2026-06-22T14:00:00-04:00,2029.01438162,1443.34000000,219.12467520,1809.88970643,3.71816937,1611.49130000,194.68023706,0.1194573387,0.1250000000,5,1,60.24876122
2026-06-22T14:15:00-04:00,2030.48250719,1443.34000000,219.05510076,1811.42740643,3.71816937,1613.02900000,194.68023706,0.1193239078,0.1250000000,5,1,60.24876122
2026-06-22T14:30:00-04:00,2026.78030093,1443.34000000,218.81089451,1807.96940643,3.71816937,1609.57100000,194.68023706,0.1194317378,0.1250000000,5,0,60.24876122
2026-06-22T14:45:00-04:00,2035.79927338,1443.34000000,218.60286695,1817.19640643,3.71816937,1618.79800000,194.68023706,0.1187336955,0.1250000000,5,0,60.24876122
2026-06-22T15:00:00-04:00,2027.85192224,1443.34000000,218.74201582,1809.10990643,3.71816937,1610.71150000,194.68023706,0.1193243478,0.1250000000,5,0,59.82802061
2026-06-22T15:15:00-04:00,2039.17597338,1443.34000000,218.60286695,1820.57310643,3.71816937,1622.17470000,194.68023706,0.1185163309,0.1250000000,5,1,59.82802061
2026-06-22T15:30:00-04:00,2037.94584781,1443.34000000,218.67244139,1819.27340643,3.71816937,1620.87500000,194.68023706,0.1186331694,0.1250000000,5,0,59.82802061
2026-06-22T15:45:00-04:00,2034.71701770,1443.34000000,219.29861128,1815.41840643,3.71816937,1617.02000000,194.68023706,0.1191816455,0.1250000000,5,1,59.82802061
2026-06-23T09:30:00-04:00,2009.59459514,1443.34000000,213.17606122,1796.41853393,411.45216351,1198.49000000,186.47637042,0.1169293677,0.1250000000,2,4,44.00914360
2026-06-23T09:45:00-04:00,2039.59635259,1443.34000000,214.01025866,1825.58609393,1.22472351,1637.88500000,186.47637042,0.1154864557,0.1250000000,4,2,16.77084375
2026-06-23T10:00:00-04:00,2037.71406936,1443.34000000,214.49797543,1823.21609393,1.22472351,1635.51500000,186.47637042,0.1158673333,0.1250000000,4,2,16.77084375
2026-06-23T10:15:00-04:00,2042.35034606,1443.34000000,214.28925214,1828.06109393,1.22472351,1640.36000000,186.47637042,0.1154654114,0.1250000000,4,2,16.77084375
2026-06-23T10:30:00-04:00,2027.40747390,1443.34000000,213.94137997,1813.46609393,1.22472351,1625.76500000,186.47637042,0.1162136810,0.1250000000,4,1,16.77084375
2026-06-23T10:45:00-04:00,2018.51002731,1443.34000000,213.52393338,1804.98609393,1.22472351,1617.28500000,186.47637042,0.1165502242,0.1250000000,4,0,16.77084375
2026-06-23T11:00:00-04:00,2008.43103383,1443.34000000,213.24493991,1795.18609393,1.22472351,1607.48500000,186.47637042,0.1170418475,0.1250000000,4,2,16.77084375
2026-06-23T11:15:00-04:00,2003.34616272,1443.34000000,212.75861462,1790.58754810,1171.71757184,418.44000000,200.42997626,0.1180080451,0.1250000000,3,0,16.77084375
2026-06-23T11:30:00-04:00,2003.37073716,1443.34000000,212.82818905,1790.54254810,1171.71757184,418.39500000,200.42997626,0.1180450260,0.1250000000,3,0,16.77084375
2026-06-23T11:45:00-04:00,2003.12488161,1443.34000000,213.26233351,1789.86254810,1171.71757184,417.71500000,200.42997626,0.1183019561,0.1250000000,3,0,16.77084375
2026-06-23T12:00:00-04:00,2008.26013778,1443.34000000,214.08052884,1794.17960894,1210.38237577,384.07500000,199.72223318,0.1183721548,0.1250000000,2,0,14.88651375
2026-06-23T12:15:00-04:00,2006.20081448,1443.34000000,213.87180554,1792.32900894,1210.38237577,382.22440000,199.72223318,0.1183915535,0.1250000000,2,0,14.88651375
2026-06-23T12:30:00-04:00,2007.12035057,1443.34000000,214.04574162,1793.07460894,1210.38237577,382.97000000,199.72223318,0.1184275559,0.1250000000,2,0,14.88651375
2026-06-23T12:45:00-04:00,2008.92184005,1443.34000000,213.80223111,1795.11960894,1210.38237577,385.01500000,199.72223318,0.1181750373,0.1250000000,2,0,14.88651375
2026-06-23T13:00:00-04:00,2007.01226562,1443.34000000,213.73265668,1793.27960894,1210.38237577,383.17500000,199.72223318,0.1182614040,0.1250000000,2,1,14.88651375
2026-06-23T13:15:00-04:00,1998.14029264,1443.34000000,213.73265668,1784.40763597,0.17810279,1584.50730000,199.72223318,0.1188448123,0.1250000000,3,0,59.05033231
2026-06-23T13:30:00-04:00,1994.00115656,1443.34000000,213.55872060,1780.44243597,0.17810279,1580.54210000,199.72223318,0.1190220304,0.1250000000,3,0,59.05033231
2026-06-23T13:45:00-04:00,1986.68369945,1443.34000000,212.89776349,1773.78593597,0.17810279,1573.88560000,199.72223318,0.1191395380,0.1250000000,3,0,59.05033231
2026-06-23T14:00:00-04:00,1993.42169945,1443.34000000,212.89776349,1780.52393597,0.17810279,1580.62360000,199.72223318,0.1186919924,0.1250000000,3,0,59.05033231
2026-06-23T14:15:00-04:00,1984.74969945,1443.34000000,212.89776349,1771.85193597,0.17810279,1571.95160000,199.72223318,0.1192686205,0.1250000000,3,0,59.05033231
2026-06-23T14:30:00-04:00,1979.28795513,1443.34000000,212.20201916,1767.08593597,0.17810279,1567.18560000,199.72223318,0.1192437102,0.1250000000,3,0,59.05033231
2026-06-23T14:45:00-04:00,1982.85085513,1443.34000000,212.20201916,1770.64883597,0.17810279,1570.74850000,199.72223318,0.1190054473,0.1250000000,3,0,59.05033231
2026-06-23T15:00:00-04:00,1991.93265286,1443.34000000,212.48031689,1779.45233597,0.17810279,1579.55200000,199.72223318,0.1185576842,0.1250000000,3,1,59.05033231
2026-06-23T15:15:00-04:00,1987.52607616,1443.34000000,212.68904019,1774.83703597,0.17810279,1574.93670000,199.72223318,0.1189666534,0.1250000000,3,2,59.05033231
2026-06-23T15:30:00-04:00,1973.14790172,1443.34000000,212.61946576,1760.52843597,0.17810279,1560.62810000,199.72223318,0.1198919524,0.1250000000,3,0,59.05033231
2026-06-23T15:45:00-04:00,1965.05680399,1443.34000000,212.34116803,1752.71563597,0.17810279,1552.81530000,199.72223318,0.1202838100,0.1250000000,3,0,59.05033231
2026-06-24T09:30:00-04:00,2034.75022729,1443.34000000,212.54989132,1822.20033597,0.17810279,1622.30000000,199.72223318,0.1158292364,0.1250000000,3,3,14.70372831
2026-06-24T09:45:00-04:00,2029.51083781,1443.34000000,212.79340184,1816.71743597,0.17810279,1616.81710000,199.72223318,0.1162939813,0.1250000000,3,3,14.70372831
2026-06-24T10:00:00-04:00,2000.87139333,1443.34000000,212.20201916,1788.66937417,1211.44692786,376.87500000,200.34744631,0.1178557050,0.1250000000,2,0,14.70372831
2026-06-24T10:15:00-04:00,2002.34383992,1443.34000000,212.61946576,1789.72437417,1211.44692786,377.93000000,200.34744631,0.1179910606,0.1250000000,2,0,14.70372831
2026-06-24T10:30:00-04:00,2004.28171209,1443.34000000,212.96733792,1791.31437417,1211.44692786,379.52000000,200.34744631,0.1180571498,0.1250000000,2,1,14.70372831
2026-06-24T10:45:00-04:00,2016.97066669,1443.34000000,213.62829503,1803.34237167,188.00992536,1414.98500000,200.34744631,0.1175963693,0.1250000000,3,0,69.88832783
2026-06-24T11:00:00-04:00,2008.46258175,1443.34000000,213.31521008,1795.14737167,188.00992536,1406.79000000,200.34744631,0.1179765635,0.1250000000,3,1,69.88832783
2026-06-24T11:15:00-04:00,2004.85421453,1443.34000000,213.28042287,1791.57379167,7.23444536,1583.99190000,200.34744631,0.1181931964,0.1250000000,4,0,76.20348342
2026-06-24T11:30:00-04:00,1995.20762959,1443.34000000,212.96733792,1782.24029167,7.23444536,1574.65840000,200.34744631,0.1186539987,0.1250000000,4,1,76.20348342
2026-06-24T11:45:00-04:00,1990.19337845,1443.34000000,213.10648678,1777.08689167,7.23444536,1569.50500000,200.34744631,0.1190641513,0.1250000000,4,1,76.20348342
2026-06-24T12:00:00-04:00,1997.12836663,1443.34000000,213.17606122,1783.95230542,1.11485911,1582.49000000,200.34744631,0.1186433242,0.1250000000,5,0,76.51518590
2026-06-24T12:15:00-04:00,1997.27129220,1443.34000000,213.10648678,1784.16480542,1.11485911,1582.70250000,200.34744631,0.1185951688,0.1250000000,5,0,76.51518590
2026-06-24T12:30:00-04:00,1984.53662458,1443.34000000,212.20201916,1772.33460542,1.11485911,1570.87230000,200.34744631,0.1189347081,0.1250000000,5,0,76.51518590
2026-06-24T12:45:00-04:00,1971.69475015,1443.34000000,212.13244473,1759.56230542,1.11485911,1558.10000000,200.34744631,0.1197576806,0.1250000000,5,1,76.51518590
2026-06-24T13:00:00-04:00,1963.94716940,1443.34000000,211.78457257,1752.16259684,9.78914149,1541.96560000,200.40785535,0.1200906444,0.1250000000,4,0,76.51518590
2026-06-24T13:15:00-04:00,1943.34331547,1443.34000000,210.88010494,1732.46321052,998.00234704,554.74000000,179.72086348,0.1195721367,0.1250000000,3,1,21.33058639
2026-06-24T13:30:00-04:00,1941.50640353,1443.34000000,210.81053051,1730.69587302,0.80500954,1550.17000000,179.72086348,0.1196573168,0.1250000000,4,0,56.03133370
2026-06-24T13:45:00-04:00,1950.06084188,1443.34000000,210.70616886,1739.35467302,0.80500954,1558.82880000,179.72086348,0.1190201721,0.1250000000,4,0,56.03133370
2026-06-24T14:00:00-04:00,1976.38012683,1443.34000000,211.01925381,1765.36087302,0.80500954,1584.83500000,179.72086348,0.1174509035,0.1250000000,4,0,56.03133370
2026-06-24T14:15:00-04:00,1993.47587116,1443.34000000,211.71499813,1781.76087302,0.80500954,1601.23500000,179.72086348,0.1167274506,0.1250000000,4,0,21.33058639
2026-06-24T14:30:00-04:00,1973.41055240,1443.34000000,210.94967938,1762.46087302,0.80500954,1581.93500000,179.72086348,0.1176065630,0.1250000000,4,0,21.33058639
2026-06-24T14:45:00-04:00,1946.88841848,1443.34000000,210.32350948,1736.56490899,1001.33296708,553.55500000,181.67694192,0.1191491854,0.1250000000,3,0,21.33058639
2026-06-24T15:00:00-04:00,1947.27890796,1443.34000000,210.07999897,1737.19890899,1001.33296708,554.18900000,181.67694192,0.1189849145,0.1250000000,3,1,21.33058639
2026-06-24T15:15:00-04:00,1931.43060456,1443.34000000,210.49744557,1720.93315899,11.59121708,1527.66500000,181.67694192,0.1203011887,0.1250000000,4,0,46.14631411
2026-06-24T15:30:00-04:00,1927.78714064,1443.34000000,210.67138165,1717.11575899,11.59121708,1523.84760000,181.67694192,0.1206518247,0.1250000000,4,0,46.14631411
2026-06-24T15:45:00-04:00,1931.39400826,1443.34000000,211.57584927,1719.81815899,11.59121708,1526.55000000,181.67694192,0.1209200352,0.1250000000,4,2,46.14631411
2026-06-25T09:30:00-04:00,1923.70778642,1443.34000000,216.46784209,1707.23994433,980.57138864,554.44120000,172.22735569,0.1235913564,0.1250000000,3,3,21.33058639
2026-06-25T09:45:00-04:00,1862.36696713,1443.34000000,212.98445153,1649.38251561,654.85474925,834.38000000,160.14776636,0.1251216362,0.1250000000,3,1,41.81302993
2026-06-25T10:00:00-04:00,1847.37226718,1443.34000000,215.25931883,1632.11294835,641.61557187,838.12500000,152.37237648,0.1269966565,0.1250000000,3,2,35.49787434
2026-06-25T10:15:00-04:00,1842.74277959,1443.34000000,215.82803566,1626.91474393,653.18123986,834.55770000,139.17580407,0.1266918406,0.1250000000,4,1,16.91794668
2026-06-25T10:30:00-04:00,1843.99790998,1443.34000000,215.68585645,1628.31205353,6.30924946,1482.82700000,139.17580407,0.1265151688,0.1250000000,5,0,49.74668427
2026-06-25T10:45:00-04:00,1848.46928466,1443.34000000,216.17353113,1632.29575353,6.30924946,1486.81070000,139.17580407,0.1264695230,0.1250000000,5,1,49.43498179
2026-06-25T11:00:00-04:00,1824.69599803,1443.34000000,215.25931883,1609.43667920,7.06968648,1462.96240000,139.40459272,0.1277282482,0.1250000000,5,1,49.59957334
2026-06-25T11:15:00-04:00,1816.47362756,1443.34000000,215.79249086,1600.68113670,0.47474398,1460.80180000,139.40459272,0.1286723959,0.1250000000,6,0,49.98374441
2026-06-25T11:30:00-04:00,1816.41368919,1443.34000000,216.39675249,1600.01693670,0.47474398,1460.13760000,139.40459272,0.1290373159,0.1250000000,6,0,49.98374441
2026-06-25T11:45:00-04:00,1813.52314898,1443.34000000,216.25457328,1597.26857570,181.98654215,1275.44500000,139.83703355,0.1292085602,0.1250000000,5,0,49.98374441
2026-06-25T12:00:00-04:00,1817.83270284,1443.34000000,217.45669847,1600.37600437,187.62891928,1272.97250000,139.77458509,0.1295882998,0.1250000000,4,0,49.81915286
2026-06-25T12:15:00-04:00,1810.15679447,1443.34000000,216.82329011,1593.33350437,187.62891928,1265.93000000,139.77458509,0.1298045973,0.1250000000,4,0,49.81915286
2026-06-25T12:30:00-04:00,1803.54177732,1443.34000000,216.11239407,1587.42938325,197.82505640,1249.52500000,140.07932685,0.1299172061,0.1250000000,3,0,49.81915286
2026-06-25T12:45:00-04:00,1806.51075797,1443.34000000,216.17637472,1590.33438325,197.82505640,1252.43000000,140.07932685,0.1297241343,0.1250000000,3,0,49.81915286
2026-06-25T13:00:00-04:00,1806.62757336,1443.34000000,216.82329011,1589.80428325,197.82505640,1251.89990000,140.07932685,0.1301032182,0.1250000000,3,0,49.81915286
2026-06-25T13:15:00-04:00,1805.99767336,1443.34000000,216.82329011,1589.17438325,197.82505640,1251.27000000,140.07932685,0.1301524115,0.1250000000,3,0,49.81915286
2026-06-25T13:30:00-04:00,1803.08588375,1443.34000000,216.75220050,1586.33368325,197.82505640,1248.42930000,140.07932685,0.1303375501,0.1250000000,3,0,49.81915286
2026-06-25T13:45:00-04:00,1805.78594217,1443.34000000,217.03655892,1588.74938325,197.82505640,1250.84500000,140.07932685,0.1302969904,0.1250000000,3,0,49.81915286
2026-06-25T14:00:00-04:00,1801.61549736,1443.34000000,217.00101411,1584.61448325,197.82505640,1246.71010000,140.07932685,0.1306026423,0.1250000000,3,0,49.81915286
2026-06-25T14:15:00-04:00,1811.69074860,1443.34000000,217.67636535,1594.01438325,197.82505640,1256.11000000,140.07932685,0.1302194772,0.1250000000,3,0,49.81915286
2026-06-25T14:30:00-04:00,1807.35703177,1443.34000000,217.10764852,1590.24938325,197.82505640,1252.34500000,140.07932685,0.1302168486,0.1250000000,3,0,49.81915286
2026-06-25T14:45:00-04:00,1808.88357314,1443.34000000,216.93418989,1591.94938325,197.82505640,1254.04500000,140.07932685,0.1299937907,0.1250000000,3,0,49.81915286
2026-06-25T15:00:00-04:00,1810.84504613,1443.34000000,216.32566288,1594.51938325,197.82505640,1256.61500000,140.07932685,0.1294769580,0.1250000000,3,0,49.81915286
2026-06-25T15:15:00-04:00,1818.53222534,1443.34000000,216.46784209,1602.06438325,197.82505640,1264.16000000,140.07932685,0.1289686725,0.1250000000,3,0,49.81915286
2026-06-25T15:30:00-04:00,1822.19004613,1443.34000000,216.32566288,1605.86438325,197.82505640,1267.96000000,140.07932685,0.1286037003,0.1250000000,3,1,49.81915286
2026-06-25T15:45:00-04:00,1825.29947336,1443.34000000,216.82329011,1608.47618325,0.07685640,1468.32000000,140.07932685,0.1286617007,0.1250000000,4,2,53.40235685
2026-06-26T09:30:00-04:00,1851.55101843,1443.34000000,213.97970597,1637.57131245,1.72198560,1495.77000000,140.07932685,0.1250267282,0.1250000000,4,2,49.81915286
2026-06-26T09:45:00-04:00,1866.00428724,1443.34000000,214.19297478,1651.81131245,1.72198560,1510.01000000,140.07932685,0.1241032952,0.1250000000,4,2,33.62866263
2026-06-26T10:00:00-04:00,1872.66177360,1443.34000000,215.04533913,1657.61643448,203.88820048,1311.05420000,142.67403400,0.1243045452,0.1250000000,3,3,33.62866263
2026-06-26T10:15:00-04:00,1890.92573552,1443.34000000,214.97496042,1675.95077510,1.12374110,1532.15300000,142.67403400,0.1229656806,0.1250000000,5,0,40.04278920
2026-06-26T10:30:00-04:00,1880.65953231,1443.34000000,214.65505720,1666.00447510,1.12374110,1522.20670000,142.67403400,0.1235079679,0.1250000000,5,0,40.04278920
2026-06-26T10:45:00-04:00,1891.70904592,1443.34000000,214.90387082,1676.80517510,1.12374110,1533.00740000,142.67403400,0.1228699651,0.1250000000,5,0,40.04278920
2026-06-26T11:00:00-04:00,1894.56633424,1443.34000000,214.64865914,1679.91767510,1.12374110,1536.11990000,142.67403400,0.1225238898,0.1250000000,5,1,39.65861813
2026-06-26T11:15:00-04:00,1915.03263874,1443.34000000,215.29486363,1699.73777510,1.12374110,1555.94000000,142.67403400,0.1214736471,0.1250000000,5,1,6.41412656
2026-06-26T11:30:00-04:00,1923.27199715,1443.34000000,215.57922205,1707.69277510,1.12374110,1563.89500000,142.67403400,0.1210712505,0.1250000000,5,1,6.41412656
2026-06-26T11:45:00-04:00,1920.69872834,1443.34000000,215.36595324,1705.33277510,1.12374110,1561.53500000,142.67403400,0.1211265254,0.1250000000,5,0,6.41412656
2026-06-26T12:00:00-04:00,1911.80491473,1443.34000000,215.11713963,1696.68777510,1.12374110,1552.89000000,142.67403400,0.1215948136,0.1250000000,5,0,6.41412656
2026-06-26T12:15:00-04:00,1903.24545953,1443.34000000,215.15268443,1688.09277510,1.12374110,1544.29500000,142.67403400,0.1222061663,0.1250000000,5,0,6.41412656
2026-06-26T12:30:00-04:00,1910.21536274,1443.34000000,215.47258764,1694.74277510,1.12374110,1550.94500000,142.67403400,0.1219052614,0.1250000000,5,0,6.41412656
2026-06-26T12:45:00-04:00,1906.98590755,1443.34000000,215.50813244,1691.47777510,1.12374110,1547.68000000,142.67403400,0.1221485474,0.1250000000,5,0,6.41412656
2026-06-26T13:00:00-04:00,1909.39447672,1443.34000000,215.65031165,1693.74416507,643.51880808,901.32500000,148.90035699,0.1224941959,0.1250000000,4,0,6.41412656
2026-06-26T13:15:00-04:00,1904.85993192,1443.34000000,215.61476685,1689.24516507,643.51880808,896.82600000,148.90035699,0.1227902794,0.1250000000,4,0,6.41412656
2026-06-26T13:30:00-04:00,1905.39584231,1443.34000000,215.54367725,1689.85216507,643.51880808,897.43300000,148.90035699,0.1227123434,0.1250000000,4,1,6.41412656
2026-06-26T13:45:00-04:00,1902.06390126,1443.34000000,215.50813244,1686.55576882,11.85041183,1525.80500000,148.90035699,0.1229252873,0.1250000000,5,0,26.03981317
2026-06-26T14:00:00-04:00,1887.63781166,1443.34000000,215.43704284,1672.20076882,11.85041183,1511.45000000,148.90035699,0.1239042975,0.1250000000,5,0,26.03981317
2026-06-26T14:15:00-04:00,1885.06845325,1443.34000000,215.15268443,1669.91576882,11.85041183,1509.16500000,148.90035699,0.1239238786,0.1250000000,5,0,26.03981317
2026-06-26T14:30:00-04:00,1886.00000572,1443.34000000,215.18822923,1670.81177649,18.70117539,1503.06000000,149.05060110,0.1238885996,0.1250000000,4,0,26.03981317
2026-06-26T14:45:00-04:00,1881.43167100,1443.34000000,214.79723641,1666.63443459,719.36094008,789.78000000,157.49349450,0.1245968326,0.1250000000,2,0,24.02039261
2026-06-26T15:00:00-04:00,1883.42429822,1443.34000000,215.29486363,1668.12943459,719.36094008,791.27500000,157.49349450,0.1247413066,0.1250000000,2,2,19.62568661
2026-06-26T15:15:00-04:00,1873.38097941,1443.34000000,215.08159482,1658.29938459,5.42589008,1495.38000000,157.49349450,0.1253471435,0.1250000000,3,2,53.15081974
2026-06-26T15:30:00-04:00,1873.26406183,1443.34000000,215.54367725,1657.72038459,5.42589008,1494.80100000,157.49349450,0.1256249998,0.1250000000,3,1,53.15081974
2026-06-26T15:45:00-04:00,1924.35290829,1443.34000000,214.05079558,1710.30211272,174.23430513,1375.37000000,160.69780759,0.1213677184,0.1250000000,2,4,33.52513313
2026-06-29T09:30:00-04:00,2006.49248573,1443.34000000,217.60527574,1788.88720999,757.27252731,846.32500000,185.28968268,0.1194843734,0.1250000000,2,4,4.80126061
2026-06-29T09:45:00-04:00,1985.94226188,1443.34000000,216.50338689,1769.43887499,2.92719231,1581.22200000,185.28968268,0.1202360685,0.1250000000,3,1,21.51440057
2026-06-29T10:00:00-04:00,1960.91769862,1443.34000000,214.61951240,1746.29818622,743.37219234,825.80000000,177.12599388,0.1203164651,0.1250000000,2,1,0.00000000
2026-06-29T10:15:00-04:00,2016.89700553,1443.34000000,216.00575967,1800.89124586,667.54342412,941.88500000,191.46282174,0.1183311683,0.1250000000,2,2,33.09300487
2026-06-29T10:30:00-04:00,2021.26744534,1443.34000000,216.29011808,1804.97732726,0.61880552,1612.89570000,191.46282174,0.1182039412,0.1250000000,4,0,27.16661467
2026-06-29T10:45:00-04:00,2019.03647578,1443.34000000,217.10764852,1801.92882726,0.61880552,1609.84720000,191.46282174,0.1187955670,0.1250000000,4,1,27.16661467
2026-06-29T11:00:00-04:00,1997.25505989,1443.34000000,217.03655892,1780.21850098,742.40648386,840.54715000,197.26486711,0.1205765230,0.1250000000,3,0,27.16661467
2026-06-29T11:15:00-04:00,1986.22494751,1443.34000000,217.46309654,1768.76185098,742.40648386,829.09050000,197.26486711,0.1215583841,0.1250000000,3,0,27.16661467
2026-06-29T11:30:00-04:00,1981.69915592,1443.34000000,217.74745495,1763.95170098,742.40648386,824.28035000,197.26486711,0.1220260428,0.1250000000,3,0,27.16661467
2026-06-29T11:45:00-04:00,1982.34138513,1443.34000000,217.88963415,1764.45175098,742.40648386,824.78040000,197.26486711,0.1220617895,0.1250000000,3,0,27.16661467
2026-06-29T12:00:00-04:00,1988.32837473,1443.34000000,217.96072376,1770.36765098,742.40648386,830.69630000,197.26486711,0.1216934647,0.1250000000,3,0,27.16661467
2026-06-29T12:15:00-04:00,1988.97961434,1443.34000000,218.03181336,1770.94780098,742.40648386,831.27645000,197.26486711,0.1216889093,0.1250000000,3,0,27.16661467
2026-06-29T12:30:00-04:00,1990.22178835,1443.34000000,218.20953737,1772.01225098,742.40648386,832.34090000,197.26486711,0.1217037257,0.1250000000,3,0,27.16661467
2026-06-29T12:45:00-04:00,1987.62982275,1443.34000000,218.31617177,1769.31365098,742.40648386,829.64230000,197.26486711,0.1219394800,0.1250000000,3,0,27.16661467
2026-06-29T13:00:00-04:00,1992.83988260,1443.34000000,218.52233162,1774.31755098,742.40648386,834.64620000,197.26486711,0.1217004746,0.1250000000,3,2,27.16661467
2026-06-29T13:15:00-04:00,1988.54824930,1443.34000000,218.50384833,1770.04440098,6.85523386,1565.92430000,197.26486711,0.1219817314,0.1250000000,4,1,49.86670512
2026-06-29T13:30:00-04:00,1984.11869676,1443.34000000,218.49389578,1765.62480098,6.85523386,1561.50470000,197.26486711,0.1222785502,0.1250000000,4,0,49.86670512
2026-06-29T13:45:00-04:00,1988.17639676,1443.34000000,218.49389578,1769.68250098,6.85523386,1565.56240000,197.26486711,0.1220015016,0.1250000000,4,0,49.86670512
2026-06-29T14:00:00-04:00,1988.53854156,1443.34000000,218.52944058,1770.00910098,6.85523386,1565.88900000,197.26486711,0.1219966796,0.1250000000,4,0,49.86670512
2026-06-29T14:15:00-04:00,1990.21399676,1443.34000000,218.49389578,1771.72010098,6.85523386,1567.60000000,197.26486711,0.1218628528,0.1250000000,4,0,49.86670512
2026-06-29T14:30:00-04:00,1991.62634156,1443.34000000,218.52944058,1773.09690098,6.85523386,1568.97680000,197.26486711,0.1217867435,0.1250000000,4,1,49.86670512
2026-06-29T14:45:00-04:00,2002.50474156,1443.34000000,218.52944058,1783.97530098,6.85523386,1579.85520000,197.26486711,0.1210528549,0.1250000000,4,0,49.86670512
2026-06-29T15:00:00-04:00,2001.92608636,1443.34000000,218.56498539,1783.36110098,6.85523386,1579.24100000,197.26486711,0.1211113660,0.1250000000,4,1,49.86670512
2026-06-29T15:15:00-04:00,2009.68763116,1443.34000000,218.60053019,1791.08710098,6.85523386,1586.96700000,197.26486711,0.1206123287,0.1250000000,4,2,49.86670512
2026-06-29T15:30:00-04:00,2004.34668636,1443.34000000,218.56498539,1785.78170098,6.85523386,1581.66160000,197.26486711,0.1209491364,0.1250000000,4,2,49.86670512
2026-06-29T15:45:00-04:00,2010.77278636,1443.34000000,218.56498539,1792.20780098,6.85523386,1588.08770000,197.26486711,0.1205205575,0.1250000000,4,2,49.86670512
2026-06-30T09:30:00-04:00,2028.19268848,1443.34000000,219.43938751,1808.75330098,6.85523386,1604.63320000,197.26486711,0.1198514682,0.1250000000,4,2,49.86670512
2026-06-30T09:45:00-04:00,2033.79186085,1443.34000000,220.44885987,1813.34300098,6.85523386,1609.22290000,197.26486711,0.1200357308,0.1250000000,4,0,49.86670512
2026-06-30T10:00:00-04:00,2045.85141605,1443.34000000,220.41331507,1825.43810098,6.85523386,1621.31800000,197.26486711,0.1192334301,0.1250000000,4,2,49.86670512
2026-06-30T10:15:00-04:00,2049.91092966,1443.34000000,220.66212868,1829.24880098,6.85523386,1625.12870000,197.26486711,0.1191064678,0.1250000000,4,0,24.24121738
2026-06-30T10:30:00-04:00,2032.81617446,1443.34000000,220.69767349,1812.11850098,6.85523386,1607.99840000,197.26486711,0.1202350883,0.1250000000,4,0,24.24121738
2026-06-30T10:45:00-04:00,2015.88168307,1443.34000000,220.44885987,1795.43282319,185.58813146,1409.07750000,200.76719173,0.1214517657,0.1250000000,3,0,24.24121738
2026-06-30T11:00:00-04:00,2028.67413108,1443.34000000,220.80430789,1807.86982319,185.58813146,1421.51450000,200.76719173,0.1207962523,0.1250000000,3,1,24.24121738
2026-06-30T11:15:00-04:00,2032.38263108,1443.34000000,220.80430789,1811.57832319,185.58813146,1425.22300000,200.76719173,0.1205516743,0.1250000000,3,1,24.24121738
2026-06-30T11:30:00-04:00,2020.42909890,1443.34000000,220.87397570,1799.55512319,185.58813146,1413.19980000,200.76719173,0.1213818758,0.1250000000,3,0,24.24121738
2026-06-30T11:45:00-04:00,2012.53468900,1443.34000000,221.01686580,1791.51782319,185.58813146,1405.16250000,200.76719173,0.1219896406,0.1250000000,3,0,24.24121738
2026-06-30T12:00:00-04:00,2022.89055509,1443.34000000,220.98203190,1801.90852319,185.58813146,1415.55320000,200.76719173,0.1212772068,0.1250000000,3,0,24.24121738
2026-06-30T12:15:00-04:00,2028.79956246,1443.34000000,220.98203190,1807.81753056,222.93076496,1384.70000000,200.18676560,0.1208468147,0.1250000000,2,0,22.70009045
2026-06-30T12:30:00-04:00,2037.66510726,1443.34000000,221.01757670,1816.64753056,222.93076496,1393.53000000,200.18676560,0.1202830922,0.1250000000,2,1,22.70009045
2026-06-30T12:45:00-04:00,2036.19970331,1443.34000000,221.05312150,1815.14658181,1.49981621,1613.46000000,200.18676560,0.1203984552,0.1250000000,3,0,29.13963322
2026-06-30T13:00:00-04:00,2034.28470331,1443.34000000,221.05312150,1813.23158181,1.49981621,1611.54500000,200.18676560,0.1205241645,0.1250000000,3,0,29.13963322
2026-06-30T13:15:00-04:00,2029.48080331,1443.34000000,221.05312150,1808.42768181,1.49981621,1606.74110000,200.18676560,0.1208406724,0.1250000000,3,0,29.13963322
2026-06-30T13:30:00-04:00,2031.39798887,1443.34000000,221.08866630,1810.30932256,637.93325891,967.58500000,204.79106366,0.1210379000,0.1250000000,2,0,29.13963322
2026-06-30T13:45:00-04:00,2029.87264407,1443.34000000,221.05312150,1808.81952256,637.93325891,966.09520000,204.79106366,0.1211195838,0.1250000000,2,0,29.13963322
2026-06-30T14:00:00-04:00,2027.04067797,1443.34000000,221.08795541,1805.95272256,637.93325891,963.22840000,204.79106366,0.1213269322,0.1250000000,2,0,29.13963322
2026-06-30T14:15:00-04:00,2023.48244407,1443.34000000,221.05312150,1802.42932256,637.93325891,959.70500000,204.79106366,0.1215451527,0.1250000000,2,0,29.13963322
2026-06-30T14:30:00-04:00,2023.05353367,1443.34000000,221.12421111,1801.92932256,637.93325891,959.20500000,204.79106366,0.1216129215,0.1250000000,2,1,29.13963322
2026-06-30T14:45:00-04:00,2023.93612410,1443.34000000,221.15904501,1802.77707909,2.86601543,1595.12000000,204.79106366,0.1215730674,0.1250000000,3,0,40.34754975
2026-06-30T15:00:00-04:00,2031.36629019,1443.34000000,221.12421111,1810.24207909,2.86601543,1602.58500000,204.79106366,0.1210594603,0.1250000000,3,2,40.34754975
2026-06-30T15:15:00-04:00,2026.05612410,1443.34000000,221.15904501,1804.89707909,2.86601543,1597.24000000,204.79106366,0.1214315532,0.1250000000,3,2,40.34754975
2026-06-30T15:30:00-04:00,2015.28272264,1443.34000000,221.12421111,1794.15851154,630.57749796,963.11000000,200.47101358,0.1218441616,0.1250000000,2,1,29.13963322
2026-06-30T15:45:00-04:00,2013.51480304,1443.34000000,221.05312150,1792.46168154,7.67066796,1584.32000000,200.47101358,0.1219237631,0.1250000000,3,0,51.19507079
2026-07-01T09:30:00-04:00,2010.11186526,1443.34000000,216.61002130,1793.50184396,224.94312133,1370.53000000,198.02872264,0.1195364695,0.1250000000,2,2,44.75552802
2026-07-01T09:45:00-04:00,2035.07952939,1443.34000000,217.21428292,1817.86524646,2.64652383,1617.19000000,198.02872264,0.1182407597,0.1250000000,4,2,50.15272990
2026-07-01T10:00:00-04:00,2034.24725339,1443.34000000,217.39200693,1816.85524646,2.64652383,1616.18000000,198.02872264,0.1183911410,0.1250000000,4,2,29.86781811
2026-07-01T10:15:00-04:00,2027.06499820,1443.34000000,217.42755173,1809.63744646,2.64652383,1608.96220000,198.02872264,0.1188754726,0.1250000000,4,1,29.34474698
2026-07-01T10:30:00-04:00,2014.07480538,1443.34000000,217.03655892,1797.03824646,2.64652383,1596.36300000,198.02872264,0.1195104909,0.1250000000,4,2,28.72153808
2026-07-01T10:45:00-04:00,2000.96915736,1443.34000000,216.68111090,1784.28804646,2.64652383,1583.61280000,198.02872264,0.1201820685,0.1250000000,4,1,28.66459410
2026-07-01T11:00:00-04:00,2023.23487419,1443.34000000,217.24982773,1805.98504646,2.64652383,1605.30980000,198.02872264,0.1190275562,0.1250000000,4,2,24.94213563
2026-07-01T11:15:00-04:00,2035.32379101,1443.34000000,217.81854455,1817.50524646,2.64652383,1616.83000000,198.02872264,0.1185539265,0.1250000000,4,0,2.24204518
2026-07-01T11:30:00-04:00,2036.38596354,1443.34000000,217.60456485,1818.78139869,625.74822683,994.89000000,198.14317186,0.1183764005,0.1250000000,3,0,2.24204518
2026-07-01T11:45:00-04:00,2034.39640562,1443.34000000,217.39200693,1817.00439869,625.74822683,993.11300000,198.14317186,0.1183889035,0.1250000000,3,0,2.24204518
2026-07-01T12:00:00-04:00,2031.57160512,1443.34000000,217.32020643,1814.25139869,625.74822683,990.36000000,198.14317186,0.1185321458,0.1250000000,3,1,2.24204518
2026-07-01T12:15:00-04:00,2033.18154602,1443.34000000,217.32091733,1815.86062869,78.97845683,1538.73900000,198.14317186,0.1184285410,0.1250000000,4,0,28.32911261
2026-07-01T12:30:00-04:00,2037.69818761,1443.34000000,217.03655892,1820.66162869,78.97845683,1543.54000000,198.14317186,0.1179831846,0.1250000000,4,1,28.32911261
2026-07-01T12:45:00-04:00,2027.64928392,1443.34000000,216.89082523,1810.75845869,1.36028683,1611.25500000,198.14317186,0.1185515718,0.1250000000,5,0,30.38448125
2026-07-01T13:00:00-04:00,2023.45707280,1443.34000000,217.00101411,1806.45605869,1.36028683,1606.95260000,198.14317186,0.1188842171,0.1250000000,5,0,30.38448125
2026-07-01T13:15:00-04:00,2026.63870721,1443.34000000,217.10764852,1809.53105869,1.36028683,1610.02760000,198.14317186,0.1187356733,0.1250000000,5,1,30.38448125
2026-07-01T13:30:00-04:00,2015.56821711,1443.34000000,216.96475842,1798.60345869,1.36028683,1599.10000000,198.14317186,0.1193803062,0.1250000000,5,0,30.38448125
2026-07-01T13:45:00-04:00,2005.34674880,1443.34000000,216.82329011,1788.52345869,1.36028683,1589.02000000,198.14317186,0.1199772360,0.1250000000,5,0,30.38448125
2026-07-01T14:00:00-04:00,2001.59682364,1443.34000000,216.75220050,1784.84462314,823.02635583,758.68500000,203.13326731,0.1205207633,0.1250000000,3,1,28.32911261
2026-07-01T14:15:00-04:00,1997.37766239,1443.34000000,216.75220050,1780.62546189,10.20219458,1567.29000000,203.13326731,0.1208041675,0.1250000000,4,0,52.89568701
2026-07-01T14:30:00-04:00,1988.92548319,1443.34000000,216.61002130,1772.31546189,10.20219458,1558.98000000,203.13326731,0.1212963184,0.1250000000,4,0,52.89568701
2026-07-01T14:45:00-04:00,1986.39939358,1443.34000000,216.53893169,1769.86046189,10.20219458,1556.52500000,203.13326731,0.1214282762,0.1250000000,4,0,52.89568701
2026-07-01T15:00:00-04:00,2000.43983120,1443.34000000,216.96546931,1783.47436189,10.20219458,1570.13890000,203.13326731,0.1207170071,0.1250000000,4,1,52.89568701
2026-07-01T15:15:00-04:00,2002.29038640,1443.34000000,216.92992451,1785.36046189,10.20219458,1572.02500000,203.13326731,0.1205730851,0.1250000000,4,1,52.89568701
2026-07-01T15:30:00-04:00,1987.63698123,1443.34000000,216.61002130,1771.02695993,532.69539702,1044.99500000,193.33656291,0.1207211563,0.1250000000,4,0,27.07845060
2026-07-01T15:45:00-04:00,1987.14272230,1443.34000000,216.18348368,1770.95923863,699.57243680,876.95000000,194.43680182,0.1205906006,0.1250000000,3,0,27.07845060
2026-07-02T09:30:00-04:00,1982.08692764,1443.34000000,224.19924613,1757.88768151,693.62087969,869.83000000,194.43680182,0.1254156185,0.1250000000,3,3,26.80861958
2026-07-02T09:45:00-04:00,1992.00518348,1443.34000000,224.86168645,1767.14349703,9.78427781,1562.72500000,194.63421922,0.1251058857,0.1250000000,3,3,38.88264270
2026-07-02T10:00:00-04:00,2014.68373926,1443.34000000,224.75127973,1789.93245953,1.72824031,1593.57000000,194.63421922,0.1234863542,0.1250000000,4,2,39.20548849
2026-07-02T10:15:00-04:00,1995.32505189,1443.34000000,223.31599237,1772.00905953,1.72824031,1575.64660000,194.63421922,0.1240168430,0.1250000000,4,1,27.13146536
2026-07-02T10:30:00-04:00,1992.21897797,1443.34000000,222.10151845,1770.11745953,1.72824031,1573.75500000,194.63421922,0.1235555194,0.1250000000,4,0,27.13146536
2026-07-02T10:45:00-04:00,2011.73519813,1443.34000000,222.43273861,1789.30245953,1.72824031,1592.94000000,194.63421922,0.1224107747,0.1250000000,4,0,27.13146536
2026-07-02T11:00:00-04:00,1997.48456005,1443.34000000,221.80710053,1775.67745953,1.72824031,1579.31500000,194.63421922,0.1230313440,0.1250000000,4,0,27.13146536
2026-07-02T11:15:00-04:00,1998.44173989,1443.34000000,221.47588037,1776.96585953,1.72824031,1580.60340000,194.63421922,0.1227824354,0.1250000000,4,0,27.13146536
2026-07-02T11:30:00-04:00,2007.00415333,1443.34000000,221.69669381,1785.30745953,1.72824031,1588.94500000,194.63421922,0.1223241953,0.1250000000,4,0,27.13146536
2026-07-02T11:45:00-04:00,1997.65833989,1443.34000000,221.47588037,1776.18245953,1.72824031,1579.82000000,194.63421922,0.1228357834,0.1250000000,4,1,27.13146536
2026-07-02T12:00:00-04:00,1997.18892197,1443.34000000,221.18146245,1776.00745953,1.72824031,1579.64500000,194.63421922,0.1227044384,0.1250000000,4,0,27.13146536
2026-07-02T12:15:00-04:00,1976.90508613,1443.34000000,220.59262661,1756.31245953,1.72824031,1559.95000000,194.63421922,0.1237705394,0.1250000000,4,0,27.13146536
2026-07-02T12:30:00-04:00,1969.49427084,1443.34000000,220.44541765,1749.04885319,798.70300798,765.02000000,185.32584521,0.1235563944,0.1250000000,3,0,2.56489096
2026-07-02T12:45:00-04:00,1970.74403948,1443.34000000,219.93018629,1750.81385319,798.70300798,766.78500000,185.32584521,0.1231813292,0.1250000000,3,0,2.56489096
2026-07-02T13:00:00-04:00,1966.81332799,1443.34000000,219.78297733,1747.03035066,1494.27838427,65.19030000,187.56166640,0.1235255147,0.1250000000,2,1,2.56489096
2026-07-02T13:15:00-04:00,1967.70932575,1443.34000000,219.74617509,1747.96315066,64.00648427,1496.39500000,187.56166640,0.1234426672,0.1250000000,3,0,44.62042646
2026-07-02T13:30:00-04:00,1959.97810559,1443.34000000,219.41495493,1740.56315066,64.00648427,1488.99500000,187.56166640,0.1237942450,0.1250000000,3,0,44.62042646
2026-07-02T13:45:00-04:00,1957.62607199,1443.34000000,218.86292133,1738.76315066,64.00648427,1487.19500000,187.56166640,0.1236468688,0.1250000000,3,0,44.62042646
2026-07-02T14:00:00-04:00,1969.00973247,1443.34000000,219.85658181,1749.15315066,64.00648427,1497.58500000,187.56166640,0.1234145334,0.1250000000,3,0,44.62042646
2026-07-02T14:15:00-04:00,1972.42260090,1443.34000000,219.92945024,1752.49315066,64.00648427,1500.92500000,187.56166640,0.1232193758,0.1250000000,3,0,44.62042646
2026-07-02T14:30:00-04:00,1972.41194143,1443.34000000,220.00379077,1752.40815066,64.00648427,1500.84000000,187.56166640,0.1232617625,0.1250000000,3,0,44.62042646
2026-07-02T14:45:00-04:00,1973.18333695,1443.34000000,219.93018629,1753.25315066,64.00648427,1501.68500000,187.56166640,0.1231672923,0.1250000000,3,0,44.62042646
2026-07-02T15:00:00-04:00,1966.14810559,1443.34000000,219.41495493,1746.73315066,64.00648427,1495.16500000,187.56166640,0.1233647969,0.1250000000,3,0,44.62042646
2026-07-02T15:15:00-04:00,1963.97171007,1443.34000000,219.48855941,1744.48315066,64.00648427,1492.91500000,187.56166640,0.1235573736,0.1250000000,3,1,44.62042646
2026-07-02T15:30:00-04:00,1965.38392403,1443.34000000,219.63576837,1745.74815566,4.50188927,1553.68460000,187.56166640,0.1235420287,0.1250000000,4,2,47.42373615
2026-07-02T15:45:00-04:00,1959.72062158,1443.34000000,220.18706592,1739.53355566,4.50188927,1547.47000000,187.56166640,0.1242479210,0.1250000000,4,2,47.42373615
2026-07-06T09:30:00-04:00,1927.24272641,1443.34000000,223.05837669,1704.18434972,1415.47186040,117.21820000,171.49428932,0.1270446107,0.1250000000,2,4,5.04535488
2026-07-06T09:45:00-04:00,1934.47768407,1443.34000000,223.38959685,1711.08808722,3.66379790,1535.93000000,171.49428932,0.1267111179,0.1250000000,3,3,40.33205965
2026-07-06T10:00:00-04:00,1911.68431095,1443.34000000,223.83122373,1687.85308722,3.66379790,1512.69500000,171.49428932,0.1286245875,0.1250000000,3,2,40.33205965
2026-07-06T10:15:00-04:00,1910.18626805,1443.34000000,223.79442149,1686.39184656,61.37551643,1454.57500000,170.44133013,0.1286363401,0.1250000000,2,1,37.52874995
2026-07-06T10:30:00-04:00,1903.22352903,1443.34000000,223.96003157,1679.26349746,9.13756733,1499.68460000,170.44133013,0.1292488068,0.1250000000,3,2,39.72537176
2026-07-06T10:45:00-04:00,1908.29735908,1443.34000000,223.97328037,1684.32407871,2.70774858,1511.17500000,170.44133013,0.1288790767,0.1250000000,4,2,39.87574729
2026-07-06T11:00:00-04:00,1926.43956639,1443.34000000,223.83048768,1702.60907871,2.70774858,1529.46000000,170.44133013,0.1274662372,0.1250000000,4,2,39.87574729
2026-07-06T11:15:00-04:00,1935.62111588,1443.34000000,224.05203717,1711.56907871,2.70774858,1538.42000000,170.44133013,0.1269287350,0.1250000000,4,2,39.87574729
2026-07-06T11:30:00-04:00,1939.67942260,1443.34000000,224.16244389,1715.51697871,2.70774858,1542.36790000,170.44133013,0.1266999873,0.1250000000,4,1,39.87574729
2026-07-06T11:45:00-04:00,1945.62942932,1443.34000000,224.27285061,1721.35657871,2.70774858,1548.20750000,170.44133013,0.1263375136,0.1250000000,4,0,39.87574729
2026-07-06T12:00:00-04:00,1944.18912260,1443.34000000,224.16244389,1720.02667871,2.70774858,1546.87760000,170.44133013,0.1263778564,0.1250000000,4,0,37.67912548
2026-07-06T12:15:00-04:00,1942.83431364,1443.34000000,224.01523493,1718.81907871,2.70774858,1545.67000000,170.44133013,0.1263914025,0.1250000000,4,1,37.67912548
2026-07-06T12:30:00-04:00,1939.53677535,1443.34000000,223.97769664,1715.55907871,2.70774858,1542.41000000,170.44133013,0.1266057732,0.1250000000,4,0,37.67912548
2026-07-06T12:45:00-04:00,1933.71530244,1443.34000000,223.83122373,1709.88407871,2.70774858,1536.73500000,170.44133013,0.1269406951,0.1250000000,4,1,37.67912548
2026-07-06T13:00:00-04:00,1936.23051222,1443.34000000,224.12343351,1712.10707871,2.70774858,1538.95800000,170.44133013,0.1269253633,0.1250000000,4,1,37.67912548
2026-07-06T13:15:00-04:00,1927.55539921,1443.34000000,223.75761925,1703.79777996,0.44104983,1532.91540000,170.44133013,0.1273438209,0.1250000000,5,0,37.74118783
2026-07-06T13:30:00-04:00,1916.05477905,1443.34000000,223.42639909,1692.62837996,0.44104983,1521.74600000,170.44133013,0.1279930555,0.1250000000,5,0,37.74118783
2026-07-06T13:45:00-04:00,1913.15657681,1443.34000000,223.38959685,1689.76697996,0.44104983,1518.88460000,170.44133013,0.1281847951,0.1250000000,5,0,37.74118783
2026-07-06T14:00:00-04:00,1922.51749921,1443.34000000,223.75761925,1698.75987996,0.44104983,1527.87750000,170.44133013,0.1277099838,0.1250000000,5,0,37.74118783
2026-07-06T14:15:00-04:00,1923.71970817,1443.34000000,223.90482821,1699.81487996,0.44104983,1528.93250000,170.44133013,0.1277063762,0.1250000000,5,0,37.74118783
2026-07-06T14:30:00-04:00,1921.03820817,1443.34000000,223.90482821,1697.13337996,0.44104983,1526.25100000,170.44133013,0.1279019922,0.1250000000,5,0,37.74118783
2026-07-06T14:45:00-04:00,1923.94801489,1443.34000000,224.01523493,1699.93277996,0.44104983,1529.05040000,170.44133013,0.1277527123,0.1250000000,5,1,37.74118783
2026-07-06T15:00:00-04:00,1925.34552161,1443.34000000,224.12564165,1701.21987996,0.44104983,1530.33750000,170.44133013,0.1277138904,0.1250000000,5,0,37.74118783
2026-07-06T15:15:00-04:00,1927.87633505,1443.34000000,224.34645509,1703.52987996,0.44104983,1532.64750000,170.44133013,0.1276556200,0.1250000000,5,0,37.74118783
2026-07-06T15:30:00-04:00,1918.07842833,1443.34000000,224.23604837,1693.84237996,0.44104983,1522.96000000,170.44133013,0.1283081302,0.1250000000,5,0,37.74118783
2026-07-06T15:45:00-04:00,1911.78139473,1443.34000000,223.68401477,1688.09737996,0.44104983,1517.21500000,170.44133013,0.1284551015,0.1250000000,5,1,37.74118783
2026-07-07T09:30:00-04:00,1887.60152433,1443.34000000,221.03351744,1666.56800688,1451.47573056,57.40000000,157.69227632,0.1277717416,0.1250000000,1,1,2.24204518
2026-07-07T09:45:00-04:00,1888.68793255,1443.34000000,220.37181317,1668.31611938,114.62384306,1396.00000000,157.69227632,0.1273092814,0.1250000000,2,0,26.55936248
2026-07-07T10:00:00-04:00,1867.82828327,1443.34000000,219.56216389,1648.26611938,114.62384306,1375.95000000,157.69227632,0.1283887147,0.1250000000,2,0,26.55936248
2026-07-07T10:15:00-04:00,1879.42916759,1443.34000000,219.30454821,1660.12461938,114.62384306,1387.80850000,157.69227632,0.1273740194,0.1250000000,2,1,26.55936248
2026-07-07T10:30:00-04:00,1890.59738123,1443.34000000,218.78931685,1671.80806438,3.80078806,1510.31500000,157.69227632,0.1262557980,0.1250000000,3,0,28.49357135
2026-07-07T10:45:00-04:00,1890.72400811,1443.34000000,219.23094373,1671.49306438,3.80078806,1510.00000000,157.69227632,0.1265014020,0.1250000000,3,0,28.49357135
2026-07-07T11:00:00-04:00,1893.41839013,1443.34000000,219.46132575,1673.95706438,3.80078806,1512.46400000,157.69227632,0.1264377623,0.1250000000,3,0,28.49357135
2026-07-07T11:15:00-04:00,1902.75006714,1443.34000000,219.34650276,1683.40356438,3.80078806,1521.91050000,157.69227632,0.1256958388,0.1250000000,3,1,28.49357135
2026-07-07T11:30:00-04:00,1908.66055254,1443.34000000,219.38992940,1689.27062313,0.54334681,1531.03500000,157.69227632,0.1252963474,0.1250000000,4,1,28.57712331
2026-07-07T11:45:00-04:00,1903.73360046,1443.34000000,219.78297733,1683.95062313,0.54334681,1525.71500000,157.69227632,0.1258750147,0.1250000000,4,0,28.57712331
2026-07-07T12:00:00-04:00,1905.86154078,1443.34000000,220.44541765,1685.41612313,0.54334681,1527.18050000,157.69227632,0.1261007284,0.1250000000,4,0,28.57712331
2026-07-07T12:15:00-04:00,1911.13446990,1443.34000000,220.92384677,1690.21062313,0.54334681,1531.97500000,157.69227632,0.1259943713,0.1250000000,4,1,28.57712331
2026-07-07T12:30:00-04:00,1922.03446990,1443.34000000,220.92384677,1701.11062313,0.54334681,1542.87500000,157.69227632,0.1252159856,0.1250000000,4,0,4.25980602
2026-07-07T12:45:00-04:00,1926.67906318,1443.34000000,220.81344005,1705.86562313,0.54334681,1547.63000000,157.69227632,0.1248248103,0.1250000000,4,0,4.25980602
2026-07-07T13:00:00-04:00,1923.19628110,1443.34000000,221.10785797,1702.08842313,0.54334681,1543.85280000,157.69227632,0.1252378116,0.1250000000,4,0,4.25980602
2026-07-07T13:15:00-04:00,1929.60317214,1443.34000000,220.96064901,1708.64252313,0.54334681,1550.40690000,157.69227632,0.1247018964,0.1250000000,4,0,4.25980602
2026-07-07T13:30:00-04:00,1936.58509278,1443.34000000,221.18146245,1715.40363033,1367.38041172,172.72060000,175.30261861,0.1255797782,0.1250000000,3,1,4.25980602
2026-07-07T13:45:00-04:00,1936.34394278,1443.34000000,221.18146245,1715.16248033,119.04486172,1420.81500000,175.30261861,0.1255969746,0.1250000000,4,0,30.37338722
2026-07-07T14:00:00-04:00,1935.44144278,1443.34000000,221.18146245,1714.25998033,119.04486172,1419.91250000,175.30261861,0.1256613736,0.1250000000,4,1,30.37338722
2026-07-07T14:15:00-04:00,1935.00922667,1443.34000000,221.03425349,1713.97497318,0.67995457,1537.99240000,175.30261861,0.1256085830,0.1250000000,5,0,35.71179381
2026-07-07T14:30:00-04:00,1926.32189083,1443.34000000,220.44541765,1705.87647318,0.67995457,1529.89390000,175.30261861,0.1258954834,0.1250000000,5,0,35.71179381
2026-07-07T14:45:00-04:00,1914.05449015,1443.34000000,219.93018629,1694.12430387,115.62826055,1405.20000000,173.29604332,0.1263415879,0.1250000000,4,0,30.28983526
2026-07-07T15:00:00-04:00,1908.40106551,1443.34000000,219.52536165,1688.87570387,115.62826055,1399.95140000,173.29604332,0.1265199275,0.1250000000,4,0,30.28983526
2026-07-07T15:15:00-04:00,1903.05653788,1443.34000000,219.41495493,1683.64158296,1350.29585314,169.99000000,163.35572982,0.1261222354,0.1250000000,2,0,4.17625406
2026-07-07T15:30:00-04:00,1902.94453788,1443.34000000,219.41495493,1683.52958296,1350.29585314,169.87800000,163.35572982,0.1261303556,0.1250000000,2,0,4.17625406
2026-07-07T15:45:00-04:00,1903.27176924,1443.34000000,219.93018629,1683.34158296,1350.29585314,169.69000000,163.35572982,0.1264027581,0.1250000000,2,3,4.17625406
2026-07-08T09:30:00-04:00,1847.84349978,1443.34000000,219.56216389,1628.28133589,1427.37087783,57.37500000,143.53545806,0.1288277462,0.1250000000,1,5,2.24204518
2026-07-08T09:45:00-04:00,1865.14858235,1443.34000000,219.90884099,1645.23974137,0.30868331,1501.39560000,143.53545806,0.1277341802,0.1250000000,3,0,46.84124662
2026-07-08T10:00:00-04:00,1851.85336025,1443.34000000,219.41421888,1632.43914137,0.30868331,1488.59500000,143.53545806,0.1284387517,0.1250000000,3,0,46.84124662
2026-07-08T10:15:00-04:00,1800.99113189,1443.34000000,219.62619978,1581.36493211,1386.54564710,68.06500000,126.75428501,0.1311798866,0.1250000000,2,0,2.51458759
2026-07-08T10:30:00-04:00,1801.35448031,1443.34000000,219.30454821,1582.04993211,1386.54564710,68.75000000,126.75428501,0.1309593471,0.1250000000,2,0,2.51458759
2026-07-08T10:45:00-04:00,1799.77106206,1443.34000000,218.93652581,1580.83453625,1442.40008459,12.52500000,125.90945167,0.1307972681,0.1250000000,1,0,0.27254241
2026-07-08T11:00:00-04:00,1799.32933742,1443.34000000,218.53170117,1580.79763625,1442.40008459,12.48810000,125.90945167,0.1305898795,0.1250000000,1,0,0.27254241
2026-07-08T11:15:00-04:00,1798.70076553,1443.34000000,217.94212928,1580.75863625,1442.40008459,12.44910000,125.90945167,0.1302865023,0.1250000000,1,0,0.27254241
2026-07-08T11:30:00-04:00,1799.12222622,1443.34000000,218.34768997,1580.77453625,1442.40008459,12.46500000,125.90945167,0.1304960692,0.1250000000,1,0,0.27254241
2026-07-08T11:45:00-04:00,1798.86461054,1443.34000000,218.09007429,1580.77453625,1442.40008459,12.46500000,125.90945167,0.1303621757,0.1250000000,1,0,0.27254241
2026-07-08T12:00:00-04:00,1799.76827102,1443.34000000,219.08373477,1580.68453625,1442.40008459,12.37500000,125.90945167,0.1308854321,0.1250000000,1,0,0.27254241
2026-07-08T12:15:00-04:00,1800.14383170,1443.34000000,219.48929545,1580.65453625,1442.40008459,12.34500000,125.90945167,0.1310983086,0.1250000000,1,0,0.27254241
2026-07-08T12:30:00-04:00,1800.42875761,1443.34000000,219.84922136,1580.57953625,1442.40008459,12.27000000,125.90945167,0.1312909446,0.1250000000,1,0,0.27254241
2026-07-08T12:45:00-04:00,1800.77183822,1443.34000000,220.18780197,1580.58403625,1442.40008459,12.27450000,125.90945167,0.1314662051,0.1250000000,1,0,0.27254241
2026-07-08T13:00:00-04:00,1800.67873374,1443.34000000,220.11419749,1580.56453625,1442.40008459,12.25500000,125.90945167,0.1314295646,0.1250000000,1,0,0.27254241
2026-07-08T13:15:00-04:00,1801.18716286,1443.34000000,220.59262661,1580.59453625,1442.40008459,12.28500000,125.90945167,0.1316752591,0.1250000000,1,2,0.27254241
2026-07-08T13:30:00-04:00,1795.44963442,1443.34000000,220.37181317,1575.07782125,65.74836959,1383.42000000,125.90945167,0.1319955132,0.1250000000,2,1,54.10209579
2026-07-08T13:45:00-04:00,1804.65789374,1443.34000000,220.11419749,1584.54369625,0.19924459,1458.43500000,125.90945167,0.1311180353,0.1250000000,3,2,55.40496376
2026-07-08T14:00:00-04:00,1806.47452062,1443.34000000,220.55582437,1585.91869625,0.19924459,1459.81000000,125.90945167,0.1312390864,0.1250000000,3,1,55.40496376
2026-07-08T14:15:00-04:00,1820.41230942,1443.34000000,220.37181317,1600.04049625,0.19924459,1473.93180000,125.90945167,0.1300510130,0.1250000000,3,0,55.40496376
2026-07-08T14:30:00-04:00,1828.59271838,1443.34000000,220.51902213,1608.07369625,0.19924459,1481.96500000,125.90945167,0.1295126501,0.1250000000,3,0,55.40496376
2026-07-08T14:45:00-04:00,1840.59952062,1443.34000000,220.55582437,1620.04369625,0.19924459,1493.93500000,125.90945167,0.1286272245,0.1250000000,3,0,55.40496376
2026-07-08T15:00:00-04:00,1847.44771838,1443.34000000,220.51902213,1626.92869625,0.19924459,1500.82000000,125.90945167,0.1280941739,0.1250000000,3,0,55.40496376
2026-07-08T15:15:00-04:00,1846.97062286,1443.34000000,220.59262661,1626.37799625,0.19924459,1500.26930000,125.90945167,0.1281724498,0.1250000000,3,2,55.40496376
2026-07-08T15:30:00-04:00,1837.60632286,1443.34000000,220.59262661,1617.01369625,0.19924459,1490.90500000,125.90945167,0.1288736518,0.1250000000,3,1,55.40496376
2026-07-08T15:45:00-04:00,1850.29614750,1443.34000000,220.99745125,1629.29869625,0.19924459,1503.19000000,125.90945167,0.1281600303,0.1250000000,3,3,55.40496376
2026-07-09T09:30:00-04:00,1908.44402350,1443.34000000,222.43273861,1686.01128489,1443.97485998,76.70500000,165.33142491,0.1276066381,0.1250000000,2,4,1.57541038
2026-07-09T09:45:00-04:00,1929.21793038,1443.34000000,222.87436549,1706.34356489,0.73323998,1540.27890000,165.33142491,0.1263541417,0.1250000000,4,2,47.90621231
2026-07-09T10:00:00-04:00,1929.44153730,1443.34000000,222.39667241,1707.04486489,0.73323998,1540.98020000,165.33142491,0.1260673417,0.1250000000,4,1,47.90621231
2026-07-09T10:15:00-04:00,1942.76357662,1443.34000000,221.99111173,1720.77246489,0.73323998,1554.70780000,165.33142491,0.1248942816,0.1250000000,4,0,47.90621231
2026-07-09T10:30:00-04:00,1942.99758558,1443.34000000,222.13832069,1720.85926489,0.73323998,1554.79460000,165.33142491,0.1249606510,0.1250000000,4,0,47.90621231
2026-07-09T10:45:00-04:00,1940.88359230,1443.34000000,222.24872741,1718.63486489,0.73323998,1552.57020000,165.33142491,0.1251716122,0.1250000000,4,0,47.90621231
2026-07-09T11:00:00-04:00,1935.11632142,1443.34000000,222.72715653,1712.38916489,0.73323998,1546.32450000,165.33142491,0.1258498459,0.1250000000,4,0,47.90621231
2026-07-09T11:15:00-04:00,1936.48774032,1443.34000000,222.87436549,1713.61337483,11.54272414,1536.95000000,165.12065069,0.1258205410,0.1250000000,3,0,47.34450726
2026-07-09T11:30:00-04:00,1957.06634480,1443.34000000,222.94796997,1734.11837483,11.54272414,1557.45500000,165.12065069,0.1244167001,0.1250000000,3,1,47.34450726
2026-07-09T11:45:00-04:00,1934.47994928,1443.34000000,223.02157445,1711.45837483,11.54272414,1534.79500000,165.12065069,0.1260465156,0.1250000000,3,0,47.34450726
2026-07-09T12:00:00-04:00,1942.20035600,1443.34000000,223.13198117,1719.06837483,11.54272414,1542.40500000,165.12065069,0.1255610429,0.1250000000,3,0,47.34450726
2026-07-09T12:15:00-04:00,1936.56175152,1443.34000000,223.05837669,1713.50337483,11.54272414,1536.84000000,165.12065069,0.1259191607,0.1250000000,3,0,47.34450726
2026-07-09T12:30:00-04:00,1941.22926048,1443.34000000,223.20558565,1718.02367483,11.54272414,1541.36030000,165.12065069,0.1256711354,0.1250000000,3,0,47.34450726
2026-07-09T12:45:00-04:00,1950.25939107,1443.34000000,223.05101624,1727.20837483,11.54272414,1550.54500000,165.12065069,0.1249488408,0.1250000000,3,0,47.34450726
2026-07-09T13:00:00-04:00,1954.11657616,1443.34000000,223.46320133,1730.65337483,11.54272414,1553.99000000,165.12065069,0.1249098436,0.1250000000,3,0,47.34450726
2026-07-09T13:15:00-04:00,1956.51668288,1443.34000000,223.57360805,1732.94307483,11.54272414,1556.27970000,165.12065069,0.1248041215,0.1250000000,3,0,47.34450726
2026-07-09T13:30:00-04:00,1955.49698288,1443.34000000,223.57360805,1731.92337483,11.54272414,1555.26000000,165.12065069,0.1248752031,0.1250000000,3,1,1.57541038
2026-07-09T13:45:00-04:00,1956.14018064,1443.34000000,223.53680581,1732.60337483,11.54272414,1555.94000000,165.12065069,0.1248098092,0.1250000000,3,1,1.57541038
2026-07-09T14:00:00-04:00,1979.32378512,1443.34000000,223.61041029,1755.71337483,11.54272414,1579.05000000,165.12065069,0.1232554426,0.1250000000,3,0,1.57541038
2026-07-09T14:15:00-04:00,1972.03657616,1443.34000000,223.46320133,1748.57337483,11.54272414,1571.91000000,165.12065069,0.1236710564,0.1250000000,3,0,1.57541038
2026-07-09T14:30:00-04:00,1976.96318064,1443.34000000,223.53680581,1753.42637483,11.54272414,1576.76300000,165.12065069,0.1233754049,0.1250000000,3,0,1.57541038
2026-07-09T14:45:00-04:00,1967.12870773,1443.34000000,223.39033289,1743.73837483,11.54272414,1567.07500000,165.12065069,0.1239674440,0.1250000000,3,0,1.57541038
2026-07-09T15:00:00-04:00,1974.47616944,1443.34000000,223.35279461,1751.12337483,11.54272414,1574.46000000,165.12065069,0.1234432881,0.1250000000,3,1,1.57541038
2026-07-09T15:15:00-04:00,1955.91837840,1443.34000000,223.50000357,1732.41837483,11.54272414,1555.75500000,165.12065069,0.1248047170,0.1250000000,3,1,1.57541038
2026-07-09T15:30:00-04:00,1944.47434413,1443.34000000,223.57360805,1720.90073608,1.35008539,1554.43000000,165.12065069,0.1256487728,0.1250000000,4,0,1.82324696
2026-07-09T15:45:00-04:00,1942.32582526,1443.34000000,223.46320133,1718.86262393,1453.87227724,87.86000000,177.13034669,0.1265940254,0.1250000000,3,2,1.82324696
2026-07-10T09:30:00-04:00,1942.73549636,1443.34000000,222.88319802,1719.85229833,1465.39641086,77.42000000,177.03588748,0.1262293976,0.1250000000,2,3,1.57541038
2026-07-10T09:45:00-04:00,1950.01415288,1443.34000000,223.38886080,1726.62529208,1.62440461,1547.96500000,177.03588748,0.1259963899,0.1250000000,4,0,26.90761802
2026-07-10T10:00:00-04:00,1955.16070237,1443.34000000,223.61041029,1731.55029208,1.62440461,1552.89000000,177.03588748,0.1257563071,0.1250000000,4,0,26.90761802
2026-07-10T10:15:00-04:00,1945.68688445,1443.34000000,223.31599237,1722.37089208,1.62440461,1543.71060000,177.03588748,0.1262634588,0.1250000000,4,0,26.90761802
2026-07-10T10:30:00-04:00,1944.79107549,1443.34000000,223.16878341,1721.62229208,1.62440461,1542.96200000,177.03588748,0.1262441683,0.1250000000,4,0,26.90761802
2026-07-10T10:45:00-04:00,1939.08275324,1443.34000000,222.73746115,1716.34529208,1.62440461,1537.68500000,177.03588748,0.1264083638,0.1250000000,4,0,26.90761802
2026-07-10T11:00:00-04:00,1937.60907549,1443.34000000,223.16878341,1714.44029208,1.62440461,1535.78000000,177.03588748,0.1267591628,0.1250000000,4,0,26.90761802
2026-07-10T11:15:00-04:00,1949.19921133,1443.34000000,223.75761925,1725.44159208,1.62440461,1546.78130000,177.03588748,0.1262624140,0.1250000000,4,0,26.90761802
2026-07-10T11:30:00-04:00,1940.91727549,1443.34000000,223.16878341,1717.74849208,1.62440461,1539.08820000,177.03588748,0.1265214231,0.1250000000,4,0,26.90761802
2026-07-10T11:45:00-04:00,1945.20849341,1443.34000000,223.46320133,1721.74529208,1.62440461,1543.08500000,177.03588748,0.1263808751,0.1250000000,4,0,26.90761802
2026-07-10T12:00:00-04:00,1947.53831805,1443.34000000,223.86802597,1723.67029208,1.62440461,1545.01000000,177.03588748,0.1264432187,0.1250000000,4,0,26.90761802
2026-07-10T12:15:00-04:00,1950.70282925,1443.34000000,224.05203717,1726.65079208,1.62440461,1547.99050000,177.03588748,0.1263213695,0.1250000000,4,0,26.90761802
2026-07-10T12:30:00-04:00,1953.92293149,1443.34000000,224.08883941,1729.83409208,1.62440461,1551.17380000,177.03588748,0.1261131596,0.1250000000,4,0,26.90761802
2026-07-10T12:45:00-04:00,1954.60070918,1443.34000000,224.18231710,1730.41839208,1.62440461,1551.75810000,177.03588748,0.1261176607,0.1250000000,4,1,26.90761802
2026-07-10T13:00:00-04:00,1942.40413149,1443.34000000,224.08883941,1718.31529208,1.62440461,1539.65500000,177.03588748,0.1269360317,0.1250000000,4,0,26.90761802
2026-07-10T13:15:00-04:00,1946.51494493,1443.34000000,224.30965285,1722.20529208,1.62440461,1543.54500000,177.03588748,0.1267659269,0.1250000000,4,0,26.90761802
2026-07-10T13:30:00-04:00,1941.17035165,1443.34000000,224.42005957,1716.75029208,1.62440461,1538.09000000,177.03588748,0.1272125590,0.1250000000,4,0,26.90761802
2026-07-10T13:45:00-04:00,1940.66024493,1443.34000000,224.30965285,1716.35059208,1.62440461,1537.69030000,177.03588748,0.1271867515,0.1250000000,4,0,26.90761802
2026-07-10T14:00:00-04:00,1946.60354941,1443.34000000,224.38325733,1722.22029208,1.62440461,1543.56000000,177.03588748,0.1268011742,0.1250000000,4,0,26.90761802
2026-07-10T14:15:00-04:00,1941.62484941,1443.34000000,224.38325733,1717.24159208,1.62440461,1538.58130000,177.03588748,0.1271589374,0.1250000000,4,1,26.90761802
2026-07-10T14:30:00-04:00,1943.48676284,1443.34000000,224.37221665,1719.11454618,0.76255871,1541.31610000,177.03588748,0.1270186563,0.1250000000,5,0,26.94602779
2026-07-10T14:45:00-04:00,1940.46130127,1443.34000000,224.34645509,1716.11484618,0.76255871,1538.31640000,177.03588748,0.1272219700,0.1250000000,5,1,26.94602779
2026-07-10T15:00:00-04:00,1942.18800799,1443.34000000,224.45686181,1717.73114618,0.76255871,1539.93270000,177.03588748,0.1271600669,0.1250000000,5,0,26.94602779
2026-07-10T15:15:00-04:00,1940.22542600,1443.34000000,224.45686181,1715.76856419,235.70121994,1305.52490000,174.54244425,0.1271218356,0.1250000000,4,0,20.38145682
2026-07-10T15:30:00-04:00,1943.73222824,1443.34000000,224.49366405,1719.23856419,235.70121994,1308.99490000,174.54244425,0.1268906627,0.1250000000,4,0,20.38145682
2026-07-10T15:45:00-04:00,1936.31202376,1443.34000000,224.42005957,1711.89196419,235.70121994,1301.64830000,174.54244425,0.1273833208,0.1250000000,4,0,20.38145682
2026-07-13T09:30:00-04:00,1915.14577740,1443.34000000,221.18146245,1693.96431495,1447.89561134,78.80490000,167.26380361,0.1265425617,0.1250000000,3,1,1.34127775
2026-07-13T09:45:00-04:00,1923.90326765,1443.34000000,221.47588037,1702.42738729,81.12077316,1454.54270000,166.76391412,0.1260434353,0.1250000000,3,0,49.41676968
2026-07-13T10:00:00-04:00,1928.28817691,1443.34000000,221.49648962,1706.79168729,81.12077316,1458.90700000,166.76391412,0.1257413788,0.1250000000,3,1,49.41676968
2026-07-13T10:15:00-04:00,1915.04574639,1443.34000000,221.61940910,1693.42633729,7.26542316,1519.39700000,166.76391412,0.1267641206,0.1250000000,4,0,49.41676968
2026-07-13T10:30:00-04:00,1911.96151868,1443.34000000,221.47588037,1690.48563832,84.98774531,1436.46290000,169.03499300,0.1270712661,0.1250000000,3,0,49.41676968
2026-07-13T10:45:00-04:00,1915.55883436,1443.34000000,221.73349605,1693.82533832,84.98774531,1439.80260000,169.03499300,0.1269570393,0.1250000000,3,0,49.41676968
2026-07-13T11:00:00-04:00,1918.76933436,1443.34000000,221.73349605,1697.03583832,84.98774531,1443.01310000,169.03499300,0.1267240922,0.1250000000,3,0,49.41676968
2026-07-13T11:15:00-04:00,1918.10634332,1443.34000000,221.88070501,1696.22563832,84.98774531,1442.20290000,169.03499300,0.1268562915,0.1250000000,3,2,49.41676968
2026-07-13T11:30:00-04:00,1916.30482785,1443.34000000,221.77029829,1694.53452957,17.99253656,1507.50700000,169.03499300,0.1269238980,0.1250000000,4,0,50.23648919
2026-07-13T11:45:00-04:00,1929.49030545,1443.34000000,221.40227589,1708.08802957,17.99253656,1521.06050000,169.03499300,0.1257642124,0.1250000000,4,0,50.23648919
2026-07-13T12:00:00-04:00,1931.81110769,1443.34000000,221.43907813,1710.37202957,17.99253656,1523.34450000,169.03499300,0.1256195136,0.1250000000,4,0,50.23648919
2026-07-13T12:15:00-04:00,1939.49158388,1443.34000000,221.17925431,1718.31232957,17.99253656,1531.28480000,169.03499300,0.1249278042,0.1250000000,4,0,50.23648919
2026-07-13T12:30:00-04:00,1939.18418081,1443.34000000,220.99745125,1718.18672957,17.99253656,1531.15920000,169.03499300,0.1248467941,0.1250000000,4,1,50.23648919
2026-07-13T12:45:00-04:00,1941.56307857,1443.34000000,220.96064901,1720.60242957,17.99253656,1533.57490000,169.03499300,0.1246584755,0.1250000000,4,0,50.23648919
2026-07-13T13:00:00-04:00,1934.42318753,1443.34000000,221.10785797,1713.31532957,17.99253656,1526.28780000,169.03499300,0.1252460273,0.1250000000,4,0,50.23648919
2026-07-13T13:15:00-04:00,1941.89302947,1443.34000000,220.85024229,1721.04278719,84.44005410,1467.88940000,168.71333309,0.1245504010,0.1250000000,3,0,49.41676968
2026-07-13T13:30:00-04:00,1939.53082947,1443.34000000,220.85024229,1718.68058719,84.44005410,1465.52720000,168.71333309,0.1247165463,0.1250000000,3,0,49.41676968
2026-07-13T13:45:00-04:00,1944.94063458,1443.34000000,220.62942885,1724.31120573,85.27731277,1470.33500000,168.69889296,0.1242113749,0.1250000000,2,0,49.37835990
2026-07-13T14:00:00-04:00,1945.20505250,1443.34000000,220.92384677,1724.28120573,85.27731277,1470.30500000,168.69889296,0.1243586157,0.1250000000,2,0,49.37835990
2026-07-13T14:15:00-04:00,1947.37063458,1443.34000000,220.62942885,1726.74120573,85.27731277,1472.76500000,168.69889296,0.1240416788,0.1250000000,2,0,49.37835990
2026-07-13T14:30:00-04:00,1946.73284354,1443.34000000,220.77663781,1725.95620573,85.27731277,1471.98000000,168.69889296,0.1241689664,0.1250000000,2,0,49.37835990
2026-07-13T14:45:00-04:00,1949.10341042,1443.34000000,220.73983557,1728.36357486,97.86655167,1461.60000000,168.89702319,0.1239967664,0.1250000000,1,0,49.37835990
2026-07-13T15:00:00-04:00,1951.24579474,1443.34000000,220.48221989,1730.76357486,97.86655167,1464.00000000,168.89702319,0.1237031850,0.1250000000,1,1,49.37835990
2026-07-13T15:15:00-04:00,1951.47109421,1443.34000000,220.22460421,1731.24649001,1.41446682,1560.93500000,168.89702319,0.1235430313,0.1250000000,2,0,52.29817815
2026-07-13T15:30:00-04:00,1946.63464721,1443.34000000,220.43805720,1726.19659001,1.41446682,1555.88510000,168.89702319,0.1239992079,0.1250000000,2,0,52.29817815
2026-07-13T15:45:00-04:00,1932.67411661,1443.34000000,220.59262661,1712.08149001,1.41446682,1541.77000000,168.89702319,0.1250683136,0.1250000000,2,1,52.29817815
2026-07-14T09:30:00-04:00,1916.88184429,1443.34000000,222.69035429,1694.19149001,1.41446682,1523.88000000,168.89702319,0.1273983341,0.1250000000,2,1,52.29817815
2026-07-14T09:45:00-04:00,1910.79115997,1443.34000000,222.94796997,1687.84319001,1.41446682,1517.53170000,168.89702319,0.1279916875,0.1250000000,2,1,52.29817815
2026-07-14T10:00:00-04:00,1903.01981069,1443.34000000,222.13832069,1680.88149001,1.41446682,1510.57000000,168.89702319,0.1280983805,0.1250000000,2,1,52.29817815
2026-07-14T10:15:00-04:00,1915.24242637,1443.34000000,222.39593637,1692.84649001,1.41446682,1522.53500000,168.89702319,0.1273493411,0.1250000000,2,0,52.29817815
2026-07-14T10:30:00-04:00,1914.44684429,1443.34000000,222.69035429,1691.75649001,1.41446682,1521.44500000,168.89702319,0.1275760517,0.1250000000,2,0,52.29817815
2026-07-14T10:45:00-04:00,1908.67396445,1443.34000000,223.02157445,1685.65239001,1.41446682,1515.34090000,168.89702319,0.1281897519,0.1250000000,2,1,49.37835990
2026-07-14T11:00:00-04:00,1897.94598685,1443.34000000,223.38959685,1674.55639001,1.41446682,1504.24490000,168.89702319,0.1291979588,0.1250000000,2,0,49.37835990
2026-07-14T11:15:00-04:00,1906.46403443,1443.34000000,223.53754185,1682.92649258,101.49718983,1410.40000000,171.02930275,0.1288078069,0.1250000000,1,1,49.37835990
2026-07-14T11:30:00-04:00,1923.03412233,1443.34000000,223.35279461,1699.68132773,0.40162498,1528.25040000,171.02930275,0.1274841211,0.1250000000,2,0,53.90092028
2026-07-14T11:45:00-04:00,1928.77870441,1443.34000000,223.05837669,1705.72032773,0.40162498,1534.28940000,171.02930275,0.1268999873,0.1250000000,2,0,53.90092028
2026-07-14T12:00:00-04:00,1931.07509321,1443.34000000,222.87436549,1708.20072773,0.40162498,1536.76980000,171.02930275,0.1266298676,0.1250000000,2,0,53.90092028
2026-07-14T12:15:00-04:00,1929.42760904,1443.34000000,223.06868131,1706.35892773,0.40162498,1534.92800000,171.02930275,0.1268590174,0.1250000000,2,0,53.90092028
2026-07-14T12:30:00-04:00,1922.26992935,1443.34000000,223.33660162,1698.93332773,0.40162498,1527.50240000,171.02930275,0.1275305051,0.1250000000,2,0,53.90092028
2026-07-14T12:45:00-04:00,1937.37212681,1443.34000000,223.42639909,1713.94572773,0.40162498,1542.51480000,171.02930275,0.1264909598,0.1250000000,2,0,53.90092028
2026-07-14T13:00:00-04:00,1938.29032905,1443.34000000,223.46320133,1714.82712773,0.40162498,1543.39620000,171.02930275,0.1264460643,0.1250000000,2,0,53.90092028
2026-07-14T13:15:00-04:00,1937.21133577,1443.34000000,223.57360805,1713.63772773,0.40162498,1542.20680000,171.02930275,0.1265858240,0.1250000000,2,0,53.90092028
2026-07-14T13:30:00-04:00,1938.23173353,1443.34000000,223.53680581,1714.69492773,0.40162498,1543.26400000,171.02930275,0.1264919072,0.1250000000,2,0,53.90092028
2026-07-14T13:45:00-04:00,1935.74534249,1443.34000000,223.68401477,1712.06132773,0.40162498,1540.63040000,171.02930275,0.1267535455,0.1250000000,2,0,53.90092028
2026-07-14T14:00:00-04:00,1932.59394473,1443.34000000,223.72081701,1708.87312773,0.40162498,1537.44220000,171.02930275,0.1270011964,0.1250000000,2,0,53.90092028
2026-07-14T14:15:00-04:00,1931.08034249,1443.34000000,223.68401477,1707.39632773,0.40162498,1535.96540000,171.02930275,0.1270895046,0.1250000000,2,0,53.90092028
2026-07-14T14:30:00-04:00,1933.70453577,1443.34000000,223.57360805,1710.13092773,0.40162498,1538.70000000,171.02930275,0.1268376635,0.1250000000,2,0,53.90092028
2026-07-14T14:45:00-04:00,1927.48013353,1443.34000000,223.53680581,1703.94332773,0.40162498,1532.51240000,171.02930275,0.1272661904,0.1250000000,2,0,53.90092028
2026-07-14T15:00:00-04:00,1926.78633353,1443.34000000,223.53680581,1703.24952773,0.40162498,1531.81860000,171.02930275,0.1273164805,0.1250000000,2,0,53.90092028
2026-07-14T15:15:00-04:00,1929.52432681,1443.34000000,223.42639909,1706.09792773,0.40162498,1534.66700000,171.02930275,0.1270554628,0.1250000000,2,0,53.90092028
2026-07-14T15:30:00-04:00,1932.51019301,1443.34000000,223.46246528,1709.04772773,0.40162498,1537.61680000,171.02930275,0.1268605674,0.1250000000,2,1,53.90092028
2026-07-14T15:45:00-04:00,1932.46052009,1443.34000000,223.31599237,1709.14452773,0.40162498,1537.71360000,171.02930275,0.1267809893,0.1250000000,2,3,53.90092028
2026-07-15T09:30:00-04:00,1875.82942072,1443.34000000,223.83122373,1651.99819700,1400.11301862,99.50940000,152.37577838,0.1298736550,0.1250000000,1,5,4.52256039
2026-07-15T09:45:00-04:00,1849.54046155,1443.34000000,223.53680581,1626.00365575,0.60917737,1473.01870000,152.37577838,0.1317119122,0.1250000000,2,2,34.16697527
2026-07-15T10:00:00-04:00,1846.10499783,1443.34000000,223.61041029,1622.49458754,1380.78977866,100.67760000,141.02720888,0.1311438174,0.1250000000,1,0,4.52256039
2026-07-15T10:15:00-04:00,1845.58349131,1443.34000000,222.91190377,1622.67158754,1380.78977866,100.85460000,141.02720888,0.1307741528,0.1250000000,1,1,4.52256039
2026-07-15T10:30:00-04:00,1869.15629106,1443.34000000,222.02055352,1647.13573754,466.70472866,1039.40380000,141.02720888,0.1284745195,0.1250000000,2,0,58.60121423
2026-07-15T10:45:00-04:00,1859.14046719,1443.34000000,222.28552965,1636.85493754,466.70472866,1029.12300000,141.02720888,0.1293776930,0.1250000000,2,0,58.60121423
2026-07-15T11:00:00-04:00,1877.02605375,1443.34000000,222.06471621,1654.96133754,466.70472866,1047.22940000,141.02720888,0.1279175484,0.1250000000,2,0,58.60121423
2026-07-15T11:15:00-04:00,1866.90106271,1443.34000000,222.21192517,1644.68913754,466.70472866,1036.95720000,141.02720888,0.1287532833,0.1250000000,2,0,58.60121423
2026-07-15T11:30:00-04:00,1875.39025823,1443.34000000,222.13832069,1653.25193754,466.70472866,1045.52000000,141.02720888,0.1280806350,0.1250000000,2,0,58.60121423
2026-07-15T11:45:00-04:00,1884.45964703,1443.34000000,221.95430949,1662.50533754,466.70472866,1054.77340000,141.02720888,0.1273088103,0.1250000000,2,0,58.60121423
2026-07-15T12:00:00-04:00,1911.50419999,1443.34000000,221.18146245,1690.32273754,466.70472866,1082.59080000,141.02720888,0.1249276119,0.1250000000,2,0,4.52256039
2026-07-15T12:15:00-04:00,1912.34514446,1443.34000000,221.05780692,1691.28733754,466.70472866,1083.55540000,141.02720888,0.1247984918,0.1250000000,2,0,4.52256039
2026-07-15T12:30:00-04:00,1909.35997983,1443.34000000,220.85024229,1688.50973754,466.70472866,1080.77780000,141.02720888,0.1248917884,0.1250000000,2,0,4.52256039
2026-07-15T12:45:00-04:00,1893.47481343,1443.34000000,221.40227589,1672.07253754,466.70472866,1064.34060000,141.02720888,0.1263388847,0.1250000000,2,0,4.52256039
2026-07-15T13:00:00-04:00,1884.73482687,1443.34000000,221.62308933,1663.11173754,466.70472866,1055.37980000,141.02720888,0.1270987676,0.1250000000,2,0,4.52256039
2026-07-15T13:15:00-04:00,1868.00583352,1443.34000000,222.06471621,1645.94111731,1397.36755442,97.81020000,150.76336290,0.1293147124,0.1250000000,1,0,4.52256039
2026-07-15T13:30:00-04:00,1868.60203882,1443.34000000,222.28332151,1646.31871731,1397.36755442,98.18780000,150.76336290,0.1293970875,0.1250000000,1,0,4.52256039
2026-07-15T13:45:00-04:00,1870.11884466,1443.34000000,222.77352735,1647.34531731,1397.36755442,99.21440000,150.76336290,0.1295680444,0.1250000000,1,1,4.52256039
2026-07-15T14:00:00-04:00,1869.09256478,1443.34000000,222.94796997,1646.14459481,17.50343192,1477.87780000,150.76336290,0.1297469482,0.1250000000,2,0,26.83533508
2026-07-15T14:15:00-04:00,1869.18836478,1443.34000000,222.94796997,1646.24039481,17.50343192,1477.97360000,150.76336290,0.1297397150,0.1250000000,2,0,26.83533508
2026-07-15T14:30:00-04:00,1863.42994014,1443.34000000,222.54314533,1640.88679481,17.50343192,1472.62000000,150.76336290,0.1299395622,0.1250000000,2,1,26.83533508
2026-07-15T14:45:00-04:00,1853.11758702,1443.34000000,222.10372658,1631.01386044,1.97929754,1478.27120000,150.76336290,0.1304685731,0.1250000000,3,0,27.30168901
2026-07-15T15:00:00-04:00,1846.86598110,1443.34000000,222.39593637,1624.47004474,1367.14492898,115.19420000,142.13091576,0.1304577708,0.1250000000,2,0,4.98891432
2026-07-15T15:15:00-04:00,1846.29257662,1443.34000000,222.32233189,1623.97024474,1367.14492898,114.69440000,142.13091576,0.1304584753,0.1250000000,2,0,4.98891432
2026-07-15T15:30:00-04:00,1847.20599902,1443.34000000,222.69035429,1624.51564474,1367.14492898,115.23980000,142.13091576,0.1306044270,0.1250000000,2,1,4.98891432
2026-07-15T15:45:00-04:00,1846.89228947,1443.34000000,222.79634474,1624.09594474,28.14142898,1453.82360000,142.13091576,0.1306906340,0.1250000000,3,1,28.05234586
2026-07-16T09:30:00-04:00,1845.35039096,1443.34000000,211.72730740,1633.62308356,15.88661108,1477.92560000,139.81087247,0.1241409566,0.1250000000,2,3,27.88402195
2026-07-16T09:45:00-04:00,1837.51207949,1443.34000000,211.69164506,1625.82043443,144.72845573,1343.10000000,137.99197870,0.1245596595,0.1250000000,1,0,23.06343154
2026-07-16T10:00:00-04:00,1835.88930031,1443.34000000,212.61886588,1623.27043443,144.72845573,1340.55000000,137.99197870,0.1252248079,0.1250000000,1,0,23.06343154
2026-07-16T10:15:00-04:00,1842.40991174,1443.34000000,212.68947731,1629.72043443,144.72845573,1347.00000000,137.99197870,0.1247871623,0.1250000000,1,0,23.06343154
2026-07-16T10:30:00-04:00,1845.41062499,1443.34000000,212.69019056,1632.72043443,144.72845573,1350.00000000,137.99197870,0.1245682721,0.1250000000,1,0,23.06343154
2026-07-16T10:45:00-04:00,1839.49593771,1443.34000000,212.47550328,1627.02043443,144.72845573,1344.30000000,137.99197870,0.1248751154,0.1250000000,1,0,23.06343154
2026-07-16T11:00:00-04:00,1840.19737820,1443.34000000,211.97694377,1628.22043443,144.72845573,1345.50000000,137.99197870,0.1245307669,0.1250000000,1,0,23.06343154
2026-07-16T11:15:00-04:00,1838.26833926,1443.34000000,212.29790483,1625.97043443,144.72845573,1343.25000000,137.99197870,0.1248608225,0.1250000000,1,0,23.06343154
2026-07-16T11:30:00-04:00,1842.88267692,1443.34000000,212.26224249,1630.62043443,144.72845573,1347.90000000,137.99197870,0.1245019653,0.1250000000,1,0,23.06343154
2026-07-16T11:45:00-04:00,1841.45400160,1443.34000000,212.33356717,1629.12043443,144.72845573,1346.40000000,137.99197870,0.1246482542,0.1250000000,1,0,23.06343154
2026-07-16T12:00:00-04:00,1839.01207949,1443.34000000,211.69164506,1627.32043443,144.72845573,1344.60000000,137.99197870,0.1244498198,0.1250000000,1,1,23.06343154
2026-07-16T12:15:00-04:00,1833.97377949,1443.34000000,211.69164506,1622.28213443,40.25015573,1444.04000000,137.99197870,0.1248195263,0.1250000000,2,0,29.02006323
2026-07-16T12:30:00-04:00,1831.80163975,1443.34000000,211.68950532,1620.11213443,40.25015573,1441.87000000,137.99197870,0.1249783315,0.1250000000,2,0,29.02006323
2026-07-16T12:45:00-04:00,1833.18775353,1443.34000000,211.90561910,1621.28213443,40.25015573,1443.04000000,137.99197870,0.1250036263,0.1250000000,2,1,29.02006323
2026-07-16T13:00:00-04:00,1833.37619247,1443.34000000,211.58465804,1621.79153443,40.25015573,1443.54940000,137.99197870,0.1248004177,0.1250000000,2,0,29.02006323
2026-07-16T13:15:00-04:00,1835.22895353,1443.34000000,211.90561910,1623.32333443,40.25015573,1445.08120000,137.99197870,0.1248532893,0.1250000000,2,0,29.02006323
2026-07-16T13:30:00-04:00,1836.52116908,1443.34000000,211.22803465,1625.29313443,40.25015573,1447.05100000,137.99197870,0.1243593786,0.1250000000,2,0,29.02006323
2026-07-16T13:45:00-04:00,1839.74583142,1443.34000000,211.26369699,1628.48213443,40.25015573,1450.24000000,137.99197870,0.1241446856,0.1250000000,2,0,29.02006323
2026-07-16T14:00:00-04:00,1845.99316908,1443.34000000,211.22803465,1634.76513443,40.25015573,1456.52300000,137.99197870,0.1236697233,0.1250000000,2,0,29.02006323
2026-07-16T14:15:00-04:00,1841.80364701,1443.34000000,211.40991258,1630.39373443,40.25015573,1452.15160000,137.99197870,0.1240805639,0.1250000000,2,0,29.02006323
2026-07-16T14:30:00-04:00,1838.79450674,1443.34000000,211.19237231,1627.60213443,40.25015573,1449.36000000,137.99197870,0.1241721886,0.1250000000,2,0,29.02006323
2026-07-16T14:45:00-04:00,1840.65185739,1443.34000000,211.04972296,1629.60213443,40.25015573,1451.36000000,137.99197870,0.1239529548,0.1250000000,2,0,29.02006323
2026-07-16T15:00:00-04:00,1838.68202101,1443.34000000,210.80008658,1627.88193443,40.25015573,1449.63980000,137.99197870,0.1239497388,0.1250000000,2,0,29.02006323
2026-07-16T15:15:00-04:00,1833.50390932,1443.34000000,210.62177489,1622.88213443,40.25015573,1444.64000000,137.99197870,0.1242231158,0.1250000000,2,1,29.02006323
2026-07-16T15:30:00-04:00,1832.69086262,1443.34000000,210.44346319,1622.24739943,9.64722073,1474.60820000,137.99197870,0.1241774956,0.1250000000,3,0,29.08263147
2026-07-16T15:45:00-04:00,1833.94024707,1443.34000000,211.12104764,1622.81919943,9.64722073,1475.18000000,137.99197870,0.1244855469,0.1250000000,3,0,29.08263147
2026-07-17T09:30:00-04:00,1856.98408108,1443.34000000,205.41507338,1651.56900770,123.60991746,1385.30000000,142.65909025,0.1198227142,0.1250000000,2,2,23.06343154
2026-07-17T09:45:00-04:00,1843.17611054,1443.34000000,207.19819033,1635.97792020,2.06882996,1491.25000000,142.65909025,0.1218442320,0.1250000000,3,0,26.17185233
2026-07-17T10:00:00-04:00,1842.32033135,1443.34000000,208.12541115,1634.19492020,2.06882996,1489.46700000,142.65909025,0.1224511133,0.1250000000,3,0,26.17185233
2026-07-17T10:15:00-04:00,1843.98114761,1443.34000000,208.33938518,1635.64176242,121.59565293,1372.57000000,141.47610949,0.1223722577,0.1250000000,2,0,23.06343154
2026-07-17T10:30:00-04:00,1832.36982293,1443.34000000,208.26806051,1624.10176242,121.59565293,1361.03000000,141.47610949,0.1231704032,0.1250000000,2,0,23.06343154
2026-07-17T10:45:00-04:00,1826.44223848,1443.34000000,207.59047606,1618.85176242,121.59565293,1355.78000000,141.47610949,0.1232015721,0.1250000000,2,0,23.06343154
2026-07-17T11:00:00-04:00,1827.19554284,1443.34000000,207.48348904,1619.71205380,152.41112245,1325.70000000,141.60093135,0.1230921644,0.1250000000,1,0,23.06343154
2026-07-17T11:15:00-04:00,1826.28084156,1443.34000000,207.76878776,1618.51205380,152.41112245,1324.50000000,141.60093135,0.1233283465,0.1250000000,1,0,23.06343154
2026-07-17T11:30:00-04:00,1827.62349091,1443.34000000,207.91143711,1619.71205380,152.41112245,1325.70000000,141.60093135,0.1233147421,0.1250000000,1,0,23.06343154
2026-07-17T11:45:00-04:00,1825.46468577,1443.34000000,209.05263197,1616.41205380,152.41112245,1322.40000000,141.60093135,0.1241505623,0.1250000000,1,0,23.06343154
2026-07-17T12:00:00-04:00,1830.19336109,1443.34000000,208.98130729,1621.21205380,152.41112245,1327.20000000,141.60093135,0.1237606563,0.1250000000,1,0,23.06343154
2026-07-17T12:15:00-04:00,1829.52203641,1443.34000000,208.90998261,1620.61205380,152.41112245,1326.60000000,141.60093135,0.1237676228,0.1250000000,1,0,23.06343154
2026-07-17T12:30:00-04:00,1835.20733512,1443.34000000,209.19528132,1626.01205380,152.41112245,1332.00000000,141.60093135,0.1235206013,0.1250000000,1,0,23.06343154
2026-07-17T12:45:00-04:00,1833.38357980,1443.34000000,209.32152600,1624.06205380,152.41112245,1330.05000000,141.60093135,0.1237283798,0.1250000000,1,0,23.06343154
2026-07-17T13:00:00-04:00,1831.39962085,1443.34000000,209.58756705,1621.81205380,152.41112245,1327.80000000,141.60093135,0.1240310863,0.1250000000,1,0,23.06343154
2026-07-17T13:15:00-04:00,1831.36395851,1443.34000000,209.55190471,1621.81205380,152.41112245,1327.80000000,141.60093135,0.1240125990,0.1250000000,1,0,23.06343154
2026-07-17T13:30:00-04:00,1832.34998448,1443.34000000,209.33793068,1623.01205380,152.41112245,1329.00000000,141.60093135,0.1238137205,0.1250000000,1,0,23.06343154
2026-07-17T13:45:00-04:00,1830.42938705,1443.34000000,208.76733325,1621.66205380,152.41112245,1327.65000000,141.60093135,0.1236166601,0.1250000000,1,0,23.06343154
2026-07-17T14:00:00-04:00,1839.70107536,1443.34000000,208.58902156,1631.11205380,152.41112245,1337.10000000,141.60093135,0.1228367021,0.1250000000,1,0,23.06343154
2026-07-17T14:15:00-04:00,1840.19408834,1443.34000000,208.48203454,1631.71205380,152.41112245,1337.70000000,141.60093135,0.1227380634,0.1250000000,1,0,23.06343154
2026-07-17T14:30:00-04:00,1833.00878963,1443.34000000,208.19673583,1624.81205380,152.41112245,1330.80000000,141.60093135,0.1230907937,0.1250000000,1,0,23.06343154
2026-07-17T14:45:00-04:00,1845.66541302,1443.34000000,208.55335922,1637.11205380,152.41112245,1343.10000000,141.60093135,0.1223858378,0.1250000000,1,0,23.06343154
2026-07-17T15:00:00-04:00,1848.55216624,1443.34000000,207.84011244,1640.71205380,152.41112245,1346.70000000,141.60093135,0.1217610135,0.1250000000,1,0,23.06343154
2026-07-17T15:15:00-04:00,1846.29481559,1443.34000000,207.98276179,1638.31205380,152.41112245,1344.30000000,141.60093135,0.1220059295,0.1250000000,1,0,23.06343154
2026-07-17T15:30:00-04:00,1836.53746495,1443.34000000,208.12541115,1628.41205380,152.41112245,1334.40000000,141.60093135,0.1227924509,0.1250000000,1,0,23.06343154
2026-07-17T15:45:00-04:00,1843.41650390,1443.34000000,207.80445010,1635.61205380,152.41112245,1341.60000000,141.60093135,0.1221075030,0.1250000000,1,0,23.06343154
2026-07-20T09:30:00-04:00,1851.69045208,1443.34000000,210.97839828,1640.71205380,152.41112245,1346.70000000,141.60093135,0.1233727216,0.1250000000,1,2,23.06343154
2026-07-20T09:45:00-04:00,1841.77977787,1443.34000000,209.69455407,1632.08522380,9.86429245,1480.62000000,141.60093135,0.1233367622,0.1250000000,2,1,26.33687222
2026-07-20T10:00:00-04:00,1849.35738748,1443.34000000,209.62322939,1639.73415808,150.28304815,1349.10000000,140.35110994,0.1226579634,0.1250000000,1,2,23.06343154
2026-07-20T10:15:00-04:00,1850.38351619,1443.34000000,209.90852811,1640.47498808,9.81777815,1490.30610000,140.35110994,0.1227511989,0.1250000000,2,0,27.06616441
2026-07-20T10:30:00-04:00,1851.19211748,1443.34000000,209.62322939,1641.56888808,9.81777815,1491.40000000,140.35110994,0.1225264232,0.1250000000,2,0,27.06616441
2026-07-20T10:45:00-04:00,1844.96519537,1443.34000000,208.98130729,1635.98388808,9.81777815,1485.81500000,140.35110994,0.1225974307,0.1250000000,2,1,27.06616441
2026-07-20T11:00:00-04:00,1863.48946812,1443.34000000,209.48058004,1654.00888808,9.81777815,1503.84000000,140.35110994,0.1215692164,0.1250000000,2,0,27.06616441
2026-07-20T11:15:00-04:00,1872.05307853,1443.34000000,209.94419044,1662.10888808,9.81777815,1511.94000000,140.35110994,0.1212357520,0.1250000000,2,1,4.00273287
2026-07-20T11:30:00-04:00,1879.53207760,1443.34000000,209.87286577,1669.65921183,4.77900190,1524.52910000,140.35110994,0.1206733915,0.1250000000,3,0,4.23068082
2026-07-20T11:45:00-04:00,1885.62510566,1443.34000000,210.20737851,1675.41772715,1372.18795155,146.19610000,157.03367561,0.1216061672,0.1250000000,2,0,4.23068082
2026-07-20T12:00:00-04:00,1884.35217736,1443.34000000,210.55045021,1673.80172715,1372.18795155,144.58010000,157.03367561,0.1218943987,0.1250000000,2,0,4.00273287
2026-07-20T12:15:00-04:00,1884.96216047,1443.34000000,210.41493332,1674.54722715,1372.18795155,145.32560000,157.03367561,0.1217729409,0.1250000000,2,1,4.00273287
2026-07-20T12:30:00-04:00,1875.79655605,1443.34000000,209.95346265,1665.84309340,626.78431780,882.02510000,157.03367561,0.1221538265,0.1250000000,3,0,60.40985952
2026-07-20T12:45:00-04:00,1869.83689811,1443.34000000,209.55190471,1660.28499340,626.78431780,876.46700000,157.03367561,0.1223444129,0.1250000000,3,0,60.40985952
2026-07-20T13:00:00-04:00,1859.69772408,1443.34000000,209.33793068,1650.35979340,626.78431780,866.54180000,157.03367561,0.1229472901,0.1250000000,3,0,60.40985952
2026-07-20T13:15:00-04:00,1876.58923578,1443.34000000,209.51624237,1667.07299340,626.78431780,883.25500000,157.03367561,0.1218432525,0.1250000000,3,0,60.40985952
2026-07-20T13:30:00-04:00,1898.67261238,1443.34000000,209.15961898,1689.51299340,626.78431780,905.69500000,157.03367561,0.1200935593,0.1250000000,3,0,60.40985952
2026-07-20T13:45:00-04:00,1891.32767344,1443.34000000,209.48058004,1681.84709340,626.78431780,898.02910000,157.03367561,0.1207872369,0.1250000000,3,0,60.40985952
2026-07-20T14:00:00-04:00,1897.11085917,1443.34000000,209.87286577,1687.23799340,626.78431780,903.42000000,157.03367561,0.1206112394,0.1250000000,3,0,60.40985952
2026-07-20T14:15:00-04:00,1891.68540955,1443.34000000,209.62251615,1682.06289340,626.78431780,898.24490000,157.03367561,0.1208441510,0.1250000000,3,0,60.40985952
2026-07-20T14:30:00-04:00,1891.99797601,1443.34000000,208.90998261,1683.08799340,626.78431780,899.27000000,157.03367561,0.1204116895,0.1250000000,3,0,60.40985952
2026-07-20T14:45:00-04:00,1895.12253835,1443.34000000,208.94564495,1686.17689340,626.78431780,902.35890000,157.03367561,0.1202157435,0.1250000000,3,0,60.40985952
2026-07-20T15:00:00-04:00,1875.39143262,1443.34000000,208.49843922,1666.89299340,626.78431780,883.07500000,157.03367561,0.1213358734,0.1250000000,3,0,60.40985952
2026-07-20T15:15:00-04:00,1889.51535133,1443.34000000,208.83865793,1680.67669340,626.78431780,896.85870000,157.03367561,0.1205430689,0.1250000000,3,0,60.40985952
2026-07-20T15:30:00-04:00,1903.98940069,1443.34000000,208.98130729,1695.00809340,626.78431780,911.19010000,157.03367561,0.1196259895,0.1250000000,3,0,60.40985952
2026-07-20T15:45:00-04:00,1903.47222663,1443.34000000,208.21813323,1695.25409340,626.78431780,911.43610000,157.03367561,0.1192244257,0.1250000000,3,0,60.40985952
2026-07-21T09:30:00-04:00,1926.01429348,1443.34000000,210.83574892,1715.17854456,632.10771224,925.87000000,157.20083232,0.1191961468,0.1250000000,2,2,60.40985952
2026-07-21T09:45:00-04:00,1859.19588130,1443.34000000,210.76442424,1648.43145706,0.18412474,1491.04650000,157.20083232,0.1238337470,0.1250000000,3,0,78.06645078
2026-07-21T10:00:00-04:00,1857.23324685,1443.34000000,210.69309957,1646.54014729,138.06319448,1352.79500000,155.68195281,0.1238241247,0.1250000000,2,0,74.06371791
2026-07-21T10:15:00-04:00,1843.29384428,1443.34000000,211.26369699,1632.03014729,138.06319448,1338.28500000,155.68195281,0.1251850014,0.1250000000,2,0,74.06371791
2026-07-21T10:30:00-04:00,1848.06583130,1443.34000000,211.37068401,1636.69514729,138.06319448,1342.95000000,155.68195281,0.1248952361,0.1250000000,2,0,74.06371791
2026-07-21T10:45:00-04:00,1850.29921831,1443.34000000,211.47767103,1638.82154729,138.06319448,1345.07640000,155.68195281,0.1247937663,0.1250000000,2,0,74.06371791
2026-07-21T11:00:00-04:00,1844.09441962,1443.34000000,211.74157234,1632.35284729,138.06319448,1338.60770000,155.68195281,0.1254086762,0.1250000000,2,0,74.06371791
2026-07-21T11:15:00-04:00,1857.95396638,1443.34000000,211.90561910,1646.04834729,138.06319448,1352.30320000,155.68195281,0.1244839940,0.1250000000,2,0,74.06371791
2026-07-21T11:30:00-04:00,1855.27949235,1443.34000000,211.69164506,1643.58784729,138.06319448,1349.84270000,155.68195281,0.1245539842,0.1250000000,2,0,74.06371791
2026-07-21T11:45:00-04:00,1868.66399235,1443.34000000,211.69164506,1656.97234729,138.06319448,1363.22720000,155.68195281,0.1235807733,0.1250000000,2,0,74.06371791
2026-07-21T12:00:00-04:00,1875.35740404,1443.34000000,211.86995676,1663.48744729,138.06319448,1369.74230000,155.68195281,0.1232034548,0.1250000000,2,0,74.06371791
2026-07-21T12:15:00-04:00,1883.55577963,1443.34000000,211.90633234,1671.64944729,138.06319448,1377.90430000,155.68195281,0.1226399342,0.1250000000,2,0,74.06371791
2026-07-21T12:30:00-04:00,1879.19502405,1443.34000000,211.92487676,1667.27014729,138.06319448,1373.52500000,155.68195281,0.1229609919,0.1250000000,2,0,74.06371791
2026-07-21T12:45:00-04:00,1871.70841574,1443.34000000,212.04826845,1659.66014729,138.06319448,1365.91500000,155.68195281,0.1235693464,0.1250000000,2,0,74.06371791
2026-07-21T13:00:00-04:00,1862.76987808,1443.34000000,212.08393079,1650.68594729,138.06319448,1356.94080000,155.68195281,0.1242372626,0.1250000000,2,0,74.06371791
2026-07-21T13:15:00-04:00,1839.87114940,1443.34000000,212.01260611,1627.85854328,758.57288833,720.30710000,148.97855495,0.1253850226,0.1250000000,1,0,56.40712665
2026-07-21T13:30:00-04:00,1836.59736109,1443.34000000,212.19091781,1624.40644328,758.57288833,716.85500000,148.97855495,0.1257339140,0.1250000000,1,0,56.40712665
2026-07-21T13:45:00-04:00,1836.91721511,1443.34000000,212.07537183,1624.84184328,758.57288833,717.29040000,148.97855495,0.1256416343,0.1250000000,1,0,56.40712665
2026-07-21T14:00:00-04:00,1830.27037407,1443.34000000,212.08393079,1618.18644328,758.57288833,710.63500000,148.97855495,0.1261434383,0.1250000000,1,0,56.40712665
2026-07-21T14:15:00-04:00,1832.54067407,1443.34000000,212.08393079,1620.45674328,758.57288833,712.90530000,148.97855495,0.1259733326,0.1250000000,1,0,56.40712665
2026-07-21T14:30:00-04:00,1830.34169875,1443.34000000,212.15525547,1618.18644328,758.57288833,710.63500000,148.97855495,0.1261805079,0.1250000000,1,0,56.40712665
2026-07-21T14:45:00-04:00,1831.89669875,1443.34000000,212.15525547,1619.74144328,758.57288833,712.19000000,148.97855495,0.1260639184,0.1250000000,1,0,56.40712665
2026-07-21T15:00:00-04:00,1828.75559875,1443.34000000,212.15525547,1616.60034328,758.57288833,709.04890000,148.97855495,0.1262996516,0.1250000000,1,0,56.40712665
2026-07-21T15:15:00-04:00,1819.42103641,1443.34000000,212.11959313,1607.30144328,758.57288833,699.75000000,148.97855495,0.1269840749,0.1250000000,1,0,56.40712665
2026-07-21T15:30:00-04:00,1817.93736109,1443.34000000,212.19091781,1605.74644328,758.57288833,698.19500000,148.97855495,0.1271396975,0.1250000000,1,2,56.40712665
2026-07-21T15:45:00-04:00,1807.59878347,1443.34000000,212.15525547,1595.44352800,710.64680644,756.88000000,127.91672156,0.1263067936,0.1250000000,2,0,18.33434642
2026-07-22T09:30:00-04:00,1815.54722499,1443.34000000,211.26369699,1604.28352800,710.64680644,765.72000000,127.91672156,0.1251836208,0.1250000000,2,2,18.33434642
2026-07-22T09:45:00-04:00,1814.77545297,1443.34000000,211.83358117,1602.94187180,3.37515024,1471.65000000,127.91672156,0.1255787324,0.1250000000,3,1,29.12182252
2026-07-22T10:00:00-04:00,1824.39884466,1443.34000000,211.95697286,1612.44187180,3.37515024,1481.15000000,127.91672156,0.1249391137,0.1250000000,3,0,29.12182252
2026-07-22T10:15:00-04:00,1820.22480517,1443.34000000,211.51333337,1608.71147180,3.37515024,1477.41960000,127.91672156,0.1249851226,0.1250000000,3,0,29.12182252
2026-07-22T10:30:00-04:00,1813.41277533,1443.34000000,211.33502167,1602.07775366,12.86071426,1461.36000000,127.85703939,0.1253800258,0.1250000000,2,0,28.96759410
2026-07-22T10:45:00-04:00,1810.99682209,1443.34000000,211.49906843,1599.49775366,12.86071426,1458.78000000,127.85703939,0.1256574591,0.1250000000,2,0,28.96759410
2026-07-22T11:00:00-04:00,1810.17734679,1443.34000000,212.11959313,1598.05775366,12.86071426,1457.34000000,127.85703939,0.1260875186,0.1250000000,2,0,28.96759410
2026-07-22T11:15:00-04:00,1808.75999615,1443.34000000,212.26224249,1596.49775366,12.86071426,1455.78000000,127.85703939,0.1262787014,0.1250000000,2,0,28.96759410
2026-07-22T11:30:00-04:00,1804.79469743,1443.34000000,211.97694377,1592.81775366,12.86071426,1452.10000000,127.85703939,0.1264071701,0.1250000000,2,0,28.96759410
2026-07-22T11:45:00-04:00,1804.24501796,1443.34000000,212.24726431,1591.99775366,12.86071426,1451.28000000,127.85703939,0.1266098702,0.1250000000,2,0,28.96759410
2026-07-22T12:00:00-04:00,1805.10433381,1443.34000000,212.22658015,1592.87775366,12.86071426,1452.16000000,127.85703939,0.1265326710,0.1250000000,2,1,28.96759410
2026-07-22T12:15:00-04:00,1802.00867147,1443.34000000,212.19091781,1589.81775366,12.86071426,1449.10000000,127.85703939,0.1267453400,0.1250000000,2,1,28.96759410
2026-07-22T12:30:00-04:00,1801.93010929,1443.34000000,212.11959313,1589.81051616,3.20347676,1458.75000000,127.85703939,0.1267086825,0.1250000000,3,0,29.16453548
2026-07-22T12:45:00-04:00,1800.60143397,1443.34000000,212.19091781,1588.41051616,3.20347676,1457.35000000,127.85703939,0.1268519676,0.1250000000,3,1,29.16453548
2026-07-22T13:00:00-04:00,1798.42969772,1443.34000000,212.19091781,1586.23877991,0.88674051,1457.49500000,127.85703939,0.1270168746,0.1250000000,4,0,29.28507340
2026-07-22T13:15:00-04:00,1805.36969772,1443.34000000,212.19091781,1593.17877991,0.88674051,1464.43500000,127.85703939,0.1264913959,0.1250000000,4,0,29.28507340
2026-07-22T13:30:00-04:00,1799.85037304,1443.34000000,212.11959313,1587.73077991,0.88674051,1458.98700000,127.85703939,0.1268662912,0.1250000000,4,0,29.28507340
2026-07-22T13:45:00-04:00,1799.76489128,1443.34000000,211.83429442,1587.93059687,701.03319799,763.22500000,123.67239888,0.1263858023,0.1250000000,3,1,18.49759729
2026-07-22T14:00:00-04:00,1800.42491469,1443.34000000,211.68950532,1588.73540937,5.86221049,1459.20080000,123.67239888,0.1262497019,0.1250000000,4,0,30.38203526
2026-07-22T14:15:00-04:00,1800.22741677,1443.34000000,211.72730740,1588.50010937,5.86221049,1458.96550000,123.67239888,0.1262871216,0.1250000000,4,0,30.38203526
2026-07-22T14:30:00-04:00,1797.45049209,1443.34000000,211.65598272,1585.79450937,5.86221049,1456.25990000,123.67239888,0.1264540285,0.1250000000,4,0,30.38203526
2026-07-22T14:45:00-04:00,1799.81057911,1443.34000000,211.76296974,1588.04760937,5.86221049,1458.51300000,123.67239888,0.1263398043,0.1250000000,4,0,30.38203526
2026-07-22T15:00:00-04:00,1803.20492975,1443.34000000,211.62032038,1591.58460937,5.86221049,1462.05000000,123.67239888,0.1259995365,0.1250000000,4,1,30.38203526
2026-07-22T15:15:00-04:00,1802.81578001,1443.34000000,211.76296974,1591.05281027,15.39090493,1452.06500000,123.59690533,0.1261080214,0.1250000000,3,1,30.18509388
2026-07-22T15:30:00-04:00,1797.06464363,1443.34000000,211.51333337,1585.55131027,15.39090493,1446.56350000,123.59690533,0.1263922384,0.1250000000,3,2,30.18509388
2026-07-22T15:45:00-04:00,1783.28855931,1443.34000000,211.19237231,1572.09618700,738.50341717,716.92500000,116.66776982,0.1267189115,0.1250000000,3,0,12.19151766
2026-07-23T09:30:00-04:00,1903.18944705,1443.34000000,217.92295202,1685.26649504,1507.31611550,13.21500000,164.73537953,0.1253544492,0.1250000000,1,4,0.00000000
2026-07-23T09:45:00-04:00,1897.03453125,1443.34000000,216.91109996,1680.12343129,2.10305175,1513.28500000,164.73537953,0.1252157283,0.1250000000,3,0,37.13749490
2026-07-23T10:00:00-04:00,1900.30162724,1443.34000000,216.76119595,1683.54043129,2.10305175,1516.70200000,164.73537953,0.1248936457,0.1250000000,3,0,37.13749490
2026-07-23T10:15:00-04:00,1897.13987924,1443.34000000,216.83614796,1680.30373129,2.10305175,1513.46530000,164.73537953,0.1251648492,0.1250000000,3,0,37.13749490
2026-07-23T10:30:00-04:00,1887.67821165,1443.34000000,216.31148393,1671.36672772,15.30150991,1491.19550000,164.86971782,0.1255574747,0.1250000000,2,0,37.13749490
2026-07-23T10:45:00-04:00,1887.78635412,1443.34000000,216.01092639,1671.77542772,15.30150991,1491.60420000,164.86971782,0.1253751469,0.1250000000,2,0,37.13749490
2026-07-23T11:00:00-04:00,1887.61258266,1443.34000000,215.22542939,1672.38715327,935.51629773,579.91500000,156.95585554,0.1243605540,0.1250000000,1,0,16.43341719
2026-07-23T11:15:00-04:00,1885.91697712,1443.34000000,214.99982386,1670.91715327,935.51629773,578.44500000,156.95585554,0.1243520292,0.1250000000,1,0,16.43341719
2026-07-23T11:30:00-04:00,1879.54257306,1443.34000000,215.24041979,1664.30215327,935.51629773,571.83000000,156.95585554,0.1249518631,0.1250000000,1,0,16.43341719
2026-07-23T11:45:00-04:00,1880.16392517,1443.34000000,215.86177190,1664.30215327,935.51629773,571.83000000,156.95585554,0.1252673869,0.1250000000,1,0,16.43341719
2026-07-23T12:00:00-04:00,1881.98590919,1443.34000000,216.19905592,1665.78685327,935.51629773,573.31470000,156.95585554,0.1253306025,0.1250000000,1,0,16.43341719
2026-07-23T12:15:00-04:00,1880.25339722,1443.34000000,216.68624395,1663.56715327,935.51629773,571.09500000,156.95585554,0.1257393101,0.1250000000,1,0,16.43341719
2026-07-23T12:30:00-04:00,1879.51839722,1443.34000000,216.68624395,1662.83215327,935.51629773,570.36000000,156.95585554,0.1257929618,0.1250000000,1,0,16.43341719
2026-07-23T12:45:00-04:00,1878.37116119,1443.34000000,216.27400793,1662.09715327,935.51629773,569.62500000,156.95585554,0.1256373213,0.1250000000,1,0,16.43341719
2026-07-23T13:00:00-04:00,1882.04616119,1443.34000000,216.27400793,1665.77215327,935.51629773,573.30000000,156.95585554,0.1253696732,0.1250000000,1,0,16.43341719
2026-07-23T13:15:00-04:00,1881.42358920,1443.34000000,216.38643593,1665.03715327,935.51629773,572.56500000,156.95585554,0.1254801303,0.1250000000,1,0,16.43341719
2026-07-23T13:30:00-04:00,1880.23887718,1443.34000000,215.93672391,1664.30215327,935.51629773,571.83000000,156.95585554,0.1253054322,0.1250000000,1,0,16.43341719
2026-07-23T13:45:00-04:00,1885.19649716,1443.34000000,215.74934390,1669.44715327,935.51629773,576.97500000,156.95585554,0.1248375595,0.1250000000,1,1,16.43341719
2026-07-23T14:00:00-04:00,1869.88255797,1443.34000000,215.77932470,1654.10323327,11.06347773,1486.08390000,156.95585554,0.1259711372,0.1250000000,2,0,48.16984617
2026-07-23T14:15:00-04:00,1857.62875317,1443.34000000,215.78681990,1641.84193327,11.06347773,1473.82260000,156.95585554,0.1268832003,0.1250000000,2,0,48.16984617
2026-07-23T14:30:00-04:00,1858.33624916,1443.34000000,215.63691589,1642.69933327,11.06347773,1474.68000000,156.95585554,0.1267423303,0.1250000000,2,0,48.16984617
2026-07-23T14:45:00-04:00,1858.93634515,1443.34000000,215.48701188,1643.44933327,11.06347773,1475.43000000,156.95585554,0.1266095664,0.1250000000,2,0,48.16984617
2026-07-23T15:00:00-04:00,1848.62396514,1443.34000000,215.29963187,1633.32433327,11.06347773,1465.30500000,156.95585554,0.1272706098,0.1250000000,2,0,48.16984617
2026-07-23T15:15:00-04:00,1847.68300690,1443.34000000,215.78681990,1631.89618700,915.10053898,571.83000000,144.96564802,0.1267308510,0.1250000000,1,0,16.43341719
2026-07-23T15:30:00-04:00,1843.52081887,1443.34000000,215.29963187,1628.22118700,915.10053898,568.15500000,144.96564802,0.1267545709,0.1250000000,1,0,16.43341719
2026-07-23T15:45:00-04:00,1842.11031012,1443.34000000,216.09412312,1626.01618700,915.10053898,565.95000000,144.96564802,0.1273280516,0.1250000000,1,1,16.43341719
2026-07-24T09:30:00-04:00,1842.09699502,1443.34000000,215.11225186,1626.98474316,60.57319587,1429.10000000,137.31154729,0.1261814219,0.1250000000,1,0,54.83449614
2026-07-24T09:45:00-04:00,1831.67271496,1443.34000000,213.98797180,1617.68474316,60.57319587,1419.80000000,137.31154729,0.1262941903,0.1250000000,1,1,54.83449614
2026-07-24T10:00:00-04:00,1834.84996939,1443.34000000,214.88289873,1619.96707066,10.30552337,1472.35000000,137.31154729,0.1265849986,0.1250000000,2,0,57.75465868
2026-07-24T10:15:00-04:00,1831.87708650,1443.34000000,214.70001584,1617.17707066,10.30552337,1469.56000000,137.31154729,0.1266991514,0.1250000000,2,0,57.75465868
2026-07-24T10:30:00-04:00,1810.92504246,1443.34000000,213.98797180,1596.93707066,10.30552337,1449.32000000,137.31154729,0.1278598508,0.1250000000,2,0,57.75465868
2026-07-24T10:45:00-04:00,1823.06437052,1443.34000000,215.03729986,1608.02707066,10.30552337,1460.41000000,137.31154729,0.1275615837,0.1250000000,2,0,57.75465868
2026-07-24T11:00:00-04:00,1845.07913054,1443.34000000,215.41205988,1629.66707066,10.30552337,1482.05000000,137.31154729,0.1261366371,0.1250000000,2,0,57.75465868
2026-07-24T11:15:00-04:00,1848.35733686,1443.34000000,215.48026620,1632.87707066,10.30552337,1485.26000000,137.31154729,0.1259348333,0.1250000000,2,0,57.75465868
2026-07-24T11:30:00-04:00,1867.17618254,1443.34000000,215.48701188,1651.68917066,10.30552337,1504.07210000,137.31154729,0.1245687133,0.1250000000,2,0,57.75465868
2026-07-24T11:45:00-04:00,1872.24136656,1443.34000000,215.82429590,1656.41707066,10.30552337,1508.80000000,137.31154729,0.1243994388,0.1250000000,2,1,57.75465868
2026-07-24T12:00:00-04:00,1903.27884256,1443.34000000,215.86177190,1687.41707066,10.30552337,1539.80000000,137.31154729,0.1222342976,0.1250000000,2,0,2.92016254
2026-07-24T12:15:00-04:00,1885.17459457,1443.34000000,215.93672391,1669.23787066,10.30552337,1521.62080000,137.31154729,0.1235432743,0.1250000000,2,0,2.92016254
2026-07-24T12:30:00-04:00,1862.12011551,1443.34000000,215.48701188,1646.63310362,1446.84299814,49.63000000,150.16010548,0.1258715219,0.1250000000,1,0,2.92016254
2026-07-24T12:45:00-04:00,1861.95769151,1443.34000000,215.52448789,1646.43320362,1446.84299814,49.43010000,150.16010548,0.1259053580,0.1250000000,1,0,2.92016254
2026-07-24T13:00:00-04:00,1862.27525949,1443.34000000,215.26215587,1647.01310362,1446.84299814,50.01000000,150.16010548,0.1257287837,0.1250000000,1,0,2.92016254
2026-07-24T13:15:00-04:00,1861.96506751,1443.34000000,215.56196389,1646.40310362,1446.84299814,49.40000000,150.16010548,0.1259267082,0.1250000000,1,0,2.92016254
2026-07-24T13:30:00-04:00,1862.14273550,1443.34000000,215.29963187,1646.84310362,1446.84299814,49.84000000,150.16010548,0.1257604067,0.1250000000,1,0,2.92016254
2026-07-24T13:45:00-04:00,1862.24273550,1443.34000000,215.29963187,1646.94310362,1446.84299814,49.94000000,150.16010548,0.1257530613,0.1250000000,1,0,2.92016254
2026-07-24T14:00:00-04:00,1862.36292748,1443.34000000,214.99982386,1647.36310362,1446.84299814,50.36000000,150.16010548,0.1255691330,0.1250000000,1,0,2.92016254
2026-07-24T14:15:00-04:00,1862.43335944,1443.34000000,214.32525582,1648.10810362,1446.84299814,51.10500000,150.16010548,0.1251700074,0.1250000000,1,0,2.92016254
2026-07-24T14:30:00-04:00,1862.61112342,1443.34000000,213.91301980,1648.69810362,1446.84299814,51.69500000,150.16010548,0.1249162852,0.1250000000,1,0,2.92016254
2026-07-24T14:45:00-04:00,1862.69102743,1443.34000000,214.06292380,1648.62810362,1446.84299814,51.62500000,150.16010548,0.1249979904,0.1250000000,1,0,2.92016254
2026-07-24T15:00:00-04:00,1863.15388740,1443.34000000,213.50078377,1649.65310362,1446.84299814,52.65000000,150.16010548,0.1246360530,0.1250000000,1,0,2.92016254
2026-07-24T15:15:00-04:00,1862.62874341,1443.34000000,213.72563979,1648.90310362,1446.84299814,51.90000000,150.16010548,0.1248055789,0.1250000000,1,0,2.92016254
2026-07-24T15:30:00-04:00,1862.79107142,1443.34000000,213.83806779,1648.95300362,1446.84299814,51.94990000,150.16010548,0.1248593959,0.1250000000,1,0,2.92016254
2026-07-24T15:45:00-04:00,1862.56409942,1443.34000000,213.95049580,1648.61360362,1446.84299814,51.61050000,150.16010548,0.1249416006,0.1250000000,1,0,2.92016254
2026-07-27T09:30:00-04:00,1864.64506350,1443.34000000,215.41205988,1649.23300362,1446.84299814,52.22990000,150.16010548,0.1256424321,0.1250000000,1,0,2.92016254
2026-07-27T09:45:00-04:00,1864.66331145,1443.34000000,214.40020782,1650.26310362,1446.84299814,53.26000000,150.16010548,0.1250509227,0.1250000000,1,0,2.92016254
2026-07-27T10:00:00-04:00,1866.28166069,1443.34000000,213.69865706,1652.58300362,1446.84299814,55.57990000,150.16010548,0.1245241961,0.1250000000,1,0,0.00000000
2026-07-27T10:15:00-04:00,1866.30747197,1443.34000000,213.23845176,1653.06902021,1500.76356442,0.00000000,152.30545580,0.1244096855,0.1250000000,0,0,0.00000000
2026-07-27T10:30:00-04:00,1865.04303166,1443.34000000,211.97401145,1653.06902021,1500.76356442,0.00000000,152.30545580,0.1237632749,0.1250000000,0,1,0.00000000
2026-07-27T10:45:00-04:00,1835.26549072,1443.34000000,213.67767050,1621.58782021,58.08236442,1411.20000000,152.30545580,0.1269653860,0.1250000000,1,0,55.47142138
2026-07-27T11:00:00-04:00,1826.28935351,1443.34000000,213.50153329,1612.78782021,58.08236442,1402.40000000,152.30545580,0.1275409719,0.1250000000,1,0,55.47142138
2026-07-27T11:15:00-04:00,1835.40141596,1443.34000000,213.01359575,1622.38782021,58.08236442,1412.00000000,152.30545580,0.1265605769,0.1250000000,1,0,55.47142138
2026-07-27T11:30:00-04:00,1839.90160795,1443.34000000,212.71378773,1627.18782021,58.08236442,1416.80000000,152.30545580,0.1260454330,0.1250000000,1,0,55.47142138
2026-07-27T11:45:00-04:00,1833.25151195,1443.34000000,212.86369174,1620.38782021,58.08236442,1410.00000000,152.30545580,0.1266332676,0.1250000000,1,0,55.47142138
2026-07-27T12:00:00-04:00,1834.71384397,1443.34000000,213.12602375,1621.58782021,58.08236442,1411.20000000,152.30545580,0.1266791257,0.1250000000,1,0,55.47142138
2026-07-27T12:15:00-04:00,1829.20103199,1443.34000000,213.61321178,1615.58782021,58.08236442,1405.20000000,152.30545580,0.1273861144,0.1250000000,1,0,55.47142138
2026-07-27T12:30:00-04:00,1838.23356751,1443.34000000,213.55774730,1624.67582021,58.08236442,1414.28800000,152.30545580,0.1266707316,0.1250000000,1,1,55.47142138
2026-07-27T12:45:00-04:00,1843.26883495,1443.34000000,212.78873973,1630.48009521,7.74463942,1470.43000000,152.30545580,0.1258387629,0.1250000000,2,0,56.82362836
2026-07-27T13:00:00-04:00,1847.08804703,1443.34000000,212.84795182,1634.24009521,7.74463942,1474.19000000,152.30545580,0.1255901217,0.1250000000,2,0,56.82362836
2026-07-27T13:15:00-04:00,1845.88397894,1443.34000000,212.56388372,1633.32009521,7.74463942,1473.27000000,152.30545580,0.1255116789,0.1250000000,2,0,56.82362836
2026-07-27T13:30:00-04:00,1838.48337047,1443.34000000,212.73327525,1625.75009521,7.74463942,1465.70000000,152.30545580,0.1261630065,0.1250000000,2,0,56.82362836
2026-07-27T13:45:00-04:00,1837.72854697,1443.34000000,213.23845176,1624.49009521,7.74463942,1464.44000000,152.30545580,0.1265192419,0.1250000000,2,0,56.82362836
2026-07-27T14:00:00-04:00,1848.23845098,1443.34000000,213.38835577,1634.85009521,7.74463942,1474.80000000,152.30545580,0.1258235770,0.1250000000,2,0,56.82362836
2026-07-27T14:15:00-04:00,1853.57864297,1443.34000000,213.08854775,1640.49009521,7.74463942,1480.44000000,152.30545580,0.1252523988,0.1250000000,2,0,56.82362836
2026-07-27T14:30:00-04:00,1855.61023800,1443.34000000,212.94014278,1642.67009521,7.74463942,1482.62000000,152.30545580,0.1250158780,0.1250000000,2,0,56.82362836
2026-07-27T14:45:00-04:00,1845.31816301,1443.34000000,213.83806779,1631.48009521,7.74463942,1471.43000000,152.30545580,0.1263062391,0.1250000000,2,1,56.82362836
2026-07-27T15:00:00-04:00,1841.43946277,1443.34000000,214.06292380,1627.37653896,0.46418317,1474.60690000,152.30545580,0.1267293909,0.1250000000,3,0,57.10774219
2026-07-27T15:15:00-04:00,1839.89246678,1443.34000000,214.21282781,1625.67963896,0.46418317,1472.91000000,152.30545580,0.1269343900,0.1250000000,3,1,57.10774219
2026-07-27T15:30:00-04:00,1835.80765876,1443.34000000,213.91301980,1621.89463896,0.46418317,1469.12500000,152.30545580,0.1270642946,0.1250000000,3,0,57.10774219
2026-07-27T15:45:00-04:00,1833.32013476,1443.34000000,213.95049580,1619.36963896,0.46418317,1466.60000000,152.30545580,0.1272746148,0.1250000000,3,0,57.10774219
2026-07-28T09:30:00-04:00,1868.79132794,1443.34000000,210.61513161,1658.17619633,52.48062656,1452.40420000,153.29136977,0.1227718664,0.1250000000,2,2,55.75553521
2026-07-28T09:45:00-04:00,1881.32502541,1443.34000000,210.05299158,1671.27203383,24.10936406,1493.87130000,153.29136977,0.1215560767,0.1250000000,3,0,56.40252257
2026-07-28T10:00:00-04:00,1903.50879340,1443.34000000,209.79065957,1693.71813383,24.10936406,1516.31740000,153.29136977,0.1198654846,0.1250000000,3,1,56.40252257
2026-07-28T10:15:00-04:00,1891.43600943,1443.34000000,210.39027560,1681.04573383,24.10936406,1503.64500000,153.29136977,0.1210430196,0.1250000000,3,1,56.40252257
2026-07-28T10:30:00-04:00,1891.93869746,1443.34000000,210.87746363,1681.06123383,24.10936406,1503.66050000,153.29136977,0.1212882338,0.1250000000,3,0,56.40252257
2026-07-28T10:45:00-04:00,1879.07975115,1443.34000000,211.18401733,1667.89573383,24.10936406,1490.49500000,153.29136977,0.1223695904,0.1250000000,3,0,56.40252257
2026-07-28T11:00:00-04:00,1871.32358949,1443.34000000,211.51455566,1659.80903383,24.10936406,1482.40830000,153.29136977,0.1231144290,0.1250000000,3,1,56.40252257
2026-07-28T11:15:00-04:00,1858.39746154,1443.34000000,212.33902771,1646.05843383,24.10936406,1468.65770000,153.29136977,0.1245312704,0.1250000000,3,0,56.40252257
2026-07-28T11:30:00-04:00,1851.77180851,1443.34000000,212.65607469,1639.11573383,24.10936406,1461.71500000,153.29136977,0.1252037232,0.1250000000,3,0,56.40252257
2026-07-28T11:45:00-04:00,1827.96664956,1443.34000000,212.82621574,1615.14043383,24.10936406,1437.73970000,153.29136977,0.1270850644,0.1250000000,3,0,56.40252257
2026-07-28T12:00:00-04:00,1849.23965074,1443.34000000,212.63883573,1636.60081501,51.88106733,1431.78050000,152.93924768,0.1253544687,0.1250000000,2,0,55.47142138
2026-07-28T12:15:00-04:00,1855.62167474,1443.34000000,212.60135972,1643.02031501,51.88106733,1438.20000000,152.93924768,0.1248626029,0.1250000000,2,0,55.47142138
2026-07-28T12:30:00-04:00,1847.74935475,1443.34000000,212.78873973,1634.96061501,51.88106733,1430.14030000,152.93924768,0.1255531454,0.1250000000,2,0,55.47142138
2026-07-28T12:45:00-04:00,1846.43391076,1443.34000000,213.01359575,1633.42031501,51.88106733,1428.60000000,152.93924768,0.1257834467,0.1250000000,2,0,55.47142138
2026-07-28T13:00:00-04:00,1853.84924673,1443.34000000,212.48893172,1641.36031501,51.88106733,1436.54000000,152.93924768,0.1249266168,0.1250000000,2,0,55.47142138
2026-07-28T13:15:00-04:00,1850.04415074,1443.34000000,212.63883573,1637.40531501,51.88106733,1432.58500000,152.93924768,0.1252950453,0.1250000000,2,0,55.47142138
2026-07-28T13:30:00-04:00,1856.14210376,1443.34000000,212.32178875,1643.82031501,51.88106733,1439.00000000,152.93924768,0.1246603057,0.1250000000,2,0,55.47142138
2026-07-28T13:45:00-04:00,1850.67709212,1443.34000000,212.41397971,1638.26311241,59.51579850,1425.60000000,153.14731391,0.1251312245,0.1250000000,1,0,55.47142138
2026-07-28T14:00:00-04:00,1859.97728410,1443.34000000,212.11417170,1647.86311241,59.51579850,1435.20000000,153.14731391,0.1242737563,0.1250000000,1,0,55.47142138
2026-07-28T14:15:00-04:00,1852.77728410,1443.34000000,212.11417170,1640.66311241,59.51579850,1428.00000000,153.14731391,0.1248002068,0.1250000000,1,0,55.47142138
2026-07-28T14:30:00-04:00,1857.61476011,1443.34000000,212.15164770,1645.46311241,59.51579850,1432.80000000,153.14731391,0.1244679962,0.1250000000,1,0,55.47142138
2026-07-28T14:45:00-04:00,1854.75129460,1443.34000000,212.48818220,1642.26311241,59.51579850,1429.60000000,153.14731391,0.1248752263,0.1250000000,1,1,55.47142138
2026-07-28T15:00:00-04:00,1861.14450565,1443.34000000,212.56463324,1648.57987241,15.16255850,1480.27000000,153.14731391,0.1244525660,0.1250000000,2,0,55.87450566
2026-07-28T15:15:00-04:00,1855.04608814,1443.34000000,212.82621574,1642.21987241,15.16255850,1473.91000000,153.14731391,0.1250522175,0.1250000000,2,1,55.87450566
2026-07-28T15:30:00-04:00,1864.25090012,1443.34000000,212.33902771,1651.91187241,15.16255850,1483.60200000,153.14731391,0.1240947827,0.1250000000,2,0,55.87450566
2026-07-28T15:45:00-04:00,1848.66909210,1443.34000000,212.03921969,1636.62987241,15.16255850,1468.32000000,153.14731391,0.1250583876,0.1250000000,2,1,55.87450566
2026-07-29T09:30:00-04:00,1865.21543969,1443.34000000,212.18837418,1653.02706551,59.24108895,1440.80000000,152.98597656,0.1239251974,0.1250000000,1,0,55.47142138
2026-07-29T09:45:00-04:00,1863.10452914,1443.34000000,210.87746363,1652.22706551,59.24108895,1440.00000000,152.98597656,0.1233116051,0.1250000000,1,2,55.47142138
2026-07-29T10:00:00-04:00,1872.49211334,1443.34000000,210.23062783,1662.26148551,11.76550895,1497.51000000,152.98597656,0.1222622143,0.1250000000,2,0,56.30588147
2026-07-29T10:15:00-04:00,1885.22076123,1443.34000000,209.60927572,1675.61148551,11.76550895,1510.86000000,152.98597656,0.1210051187,0.1250000000,2,1,56.30588147
2026-07-29T10:30:00-04:00,1887.34243306,1443.34000000,209.34094754,1678.00148551,11.76550895,1513.25000000,152.98597656,0.1207023774,0.1250000000,2,0,56.30588147
2026-07-29T10:45:00-04:00,1885.36709708,1443.34000000,209.86561157,1675.50148551,11.76550895,1510.75000000,152.98597656,0.1211428646,0.1250000000,2,0,56.30588147
2026-07-29T11:00:00-04:00,1893.60476507,1443.34000000,209.60327956,1684.00148551,11.76550895,1519.25000000,152.98597656,0.1204188309,0.1250000000,2,0,56.30588147
2026-07-29T11:15:00-04:00,1888.06886106,1443.34000000,209.45337555,1678.61548551,11.76550895,1513.86400000,152.98597656,0.1207166398,0.1250000000,2,0,56.30588147
2026-07-29T11:30:00-04:00,1890.11248105,1443.34000000,209.26599554,1680.84648551,11.76550895,1516.09500000,152.98597656,0.1204667565,0.1250000000,2,0,56.30588147
2026-07-29T11:45:00-04:00,1900.58757704,1443.34000000,209.11609153,1691.47148551,11.76550895,1526.72000000,152.98597656,0.1196589037,0.1250000000,2,1,56.30588147
2026-07-29T12:00:00-04:00,1912.53000901,1443.34000000,208.44152349,1704.08848551,11.76550895,1539.33700000,152.98597656,0.1184633744,0.1250000000,2,0,56.30588147
2026-07-29T12:15:00-04:00,1904.66486106,1443.34000000,209.45337555,1695.21148551,11.76550895,1530.46000000,152.98597656,0.1195729294,0.1250000000,2,0,56.30588147
2026-07-29T12:30:00-04:00,1904.78262504,1443.34000000,209.04113953,1695.74148551,11.76550895,1530.99000000,152.98597656,0.1193295693,0.1250000000,2,0,56.30588147
2026-07-29T12:45:00-04:00,1892.83214508,1443.34000000,209.79065957,1683.04148551,11.76550895,1518.29000000,152.98597656,0.1205800049,0.1250000000,2,0,56.30588147
2026-07-29T13:00:00-04:00,1880.55156913,1443.34000000,210.69008362,1669.86148551,11.76550895,1505.11000000,152.98597656,0.1219577911,0.1250000000,2,0,56.30588147
2026-07-29T13:15:00-04:00,1892.10185711,1443.34000000,210.24037159,1681.86148551,11.76550895,1517.11000000,152.98597656,0.1208892254,0.1250000000,2,0,56.30588147
2026-07-29T13:30:00-04:00,1891.07176111,1443.34000000,210.39027560,1680.68148551,11.76550895,1515.93000000,152.98597656,0.1210471183,0.1250000000,2,0,56.30588147
2026-07-29T13:45:00-04:00,1888.31652113,1443.34000000,210.76503562,1677.55148551,11.76550895,1512.80000000,152.98597656,0.1214552676,0.1250000000,2,0,56.30588147
2026-07-29T14:00:00-04:00,1880.57370916,1443.34000000,211.25222365,1669.32148551,11.76550895,1504.57000000,152.98597656,0.1222816183,0.1250000000,2,0,56.30588147
2026-07-29T14:15:00-04:00,1890.87632915,1443.34000000,211.06484364,1679.81148551,11.76550895,1515.06000000,152.98597656,0.1214488839,0.1250000000,2,0,56.30588147
2026-07-29T14:30:00-04:00,1879.89779724,1443.34000000,212.67631173,1667.22148551,11.76550895,1502.47000000,152.98597656,0.1231541236,0.1250000000,2,0,56.30588147
2026-07-29T14:45:00-04:00,1853.22550926,1443.34000000,213.12602375,1640.09948551,11.76550895,1475.34800000,152.98597656,0.1253505872,0.1250000000,2,1,56.30588147
2026-07-29T15:00:00-04:00,1873.38232921,1443.34000000,212.18912370,1661.19320551,0.71722895,1507.49000000,152.98597656,0.1233373480,0.1250000000,3,0,56.74345614
2026-07-29T15:15:00-04:00,1894.96581313,1443.34000000,210.65260762,1684.31320551,0.71722895,1530.61000000,152.98597656,0.1209271217,0.1250000000,3,0,56.74345614
2026-07-29T15:30:00-04:00,1931.57944103,1443.34000000,208.89123552,1722.68820551,0.71722895,1568.98500000,152.98597656,0.1174474323,0.1250000000,3,1,1.27203477
2026-07-29T15:45:00-04:00,1926.16996899,1443.34000000,208.06676347,1718.10320551,0.71722895,1564.40000000,152.98597656,0.1173407635,0.1250000000,3,1,1.27203477
2026-07-30T09:30:00-04:00,1880.68215155,1443.34000000,211.66445967,1669.01769188,1510.81122757,0.00000000,158.20646431,0.1228838591,0.1250000000,0,0,0.00000000
2026-07-30T09:45:00-04:00,1881.65652760,1443.34000000,212.63883573,1669.01769188,1510.81122757,0.00000000,158.20646431,0.1233797487,0.1250000000,0,0,0.00000000
2026-07-30T10:00:00-04:00,1881.31924358,1443.34000000,212.30155171,1669.01769188,1510.81122757,0.00000000,158.20646431,0.1232081581,0.1250000000,0,0,0.00000000
2026-07-30T10:15:00-04:00,1882.03128762,1443.34000000,213.01359575,1669.01769188,1510.81122757,0.00000000,158.20646431,0.1235703262,0.1250000000,0,0,0.00000000
2026-07-30T10:30:00-04:00,1881.82217153,1443.34000000,212.80447966,1669.01769188,1510.81122757,0.00000000,158.20646431,0.1234639942,0.1250000000,0,0,0.00000000
2026-07-30T10:45:00-04:00,1881.46914759,1443.34000000,212.45145572,1669.01769188,1510.81122757,0.00000000,158.20646431,0.1232844289,0.1250000000,0,0,0.00000000
2026-07-30T11:00:00-04:00,1881.13186357,1443.34000000,212.11417170,1669.01769188,1510.81122757,0.00000000,158.20646431,0.1231128009,0.1250000000,0,0,0.00000000
2026-07-30T11:15:00-04:00,1881.05691157,1443.34000000,212.03921969,1669.01769188,1510.81122757,0.00000000,158.20646431,0.1230746523,0.1250000000,0,0,0.00000000
2026-07-30T11:30:00-04:00,1881.61905160,1443.34000000,212.60135972,1669.01769188,1510.81122757,0.00000000,158.20646431,0.1233606864,0.1250000000,0,0,0.00000000
2026-07-30T11:45:00-04:00,1881.58157560,1443.34000000,212.56388372,1669.01769188,1510.81122757,0.00000000,158.20646431,0.1233416233,0.1250000000,0,0,0.00000000
2026-07-30T12:00:00-04:00,1882.06876363,1443.34000000,213.05107175,1669.01769188,1510.81122757,0.00000000,158.20646431,0.1235893794,0.1250000000,0,0,0.00000000
2026-07-30T12:15:00-04:00,1881.95633562,1443.34000000,212.93864374,1669.01769188,1510.81122757,0.00000000,158.20646431,0.1235322173,0.1250000000,0,0,0.00000000
2026-07-30T12:30:00-04:00,1881.50662360,1443.34000000,212.48893172,1669.01769188,1510.81122757,0.00000000,158.20646431,0.1233034945,0.1250000000,0,0,0.00000000
2026-07-30T12:45:00-04:00,1881.81242777,1443.34000000,212.79473589,1669.01769188,1510.81122757,0.00000000,158.20646431,0.1234590390,0.1250000000,0,0,0.00000000
2026-07-30T13:00:00-04:00,1882.03128762,1443.34000000,213.01359575,1669.01769188,1510.81122757,0.00000000,158.20646431,0.1235703262,0.1250000000,0,0,0.00000000
2026-07-30T13:15:00-04:00,1882.18119163,1443.34000000,213.16349976,1669.01769188,1510.81122757,0.00000000,158.20646431,0.1236465340,0.1250000000,0,0,0.00000000
2026-07-30T13:30:00-04:00,1882.29361964,1443.34000000,213.27592776,1669.01769188,1510.81122757,0.00000000,158.20646431,0.1237036812,0.1250000000,0,0,0.00000000
2026-07-30T13:45:00-04:00,1882.21866763,1443.34000000,213.20097576,1669.01769188,1510.81122757,0.00000000,158.20646431,0.1236655839,0.1250000000,0,0,0.00000000
2026-07-30T14:00:00-04:00,1882.25614364,1443.34000000,213.23845176,1669.01769188,1510.81122757,0.00000000,158.20646431,0.1236846329,0.1250000000,0,0,0.00000000
2026-07-30T14:15:00-04:00,1882.33109564,1443.34000000,213.31340376,1669.01769188,1510.81122757,0.00000000,158.20646431,0.1237227286,0.1250000000,0,0,0.00000000
2026-07-30T14:30:00-04:00,1882.19318395,1443.34000000,213.17549208,1669.01769188,1510.81122757,0.00000000,158.20646431,0.1236526301,0.1250000000,0,0,0.00000000
2026-07-30T14:45:00-04:00,1882.40604764,1443.34000000,213.38835577,1669.01769188,1510.81122757,0.00000000,158.20646431,0.1237608209,0.1250000000,0,0,0.00000000
2026-07-30T15:00:00-04:00,1882.63090366,1443.34000000,213.61321178,1669.01769188,1510.81122757,0.00000000,158.20646431,0.1238750779,0.1250000000,0,0,0.00000000
2026-07-30T15:15:00-04:00,1882.59342766,1443.34000000,213.57573578,1669.01769188,1510.81122757,0.00000000,158.20646431,0.1238560371,0.1250000000,0,0,0.00000000
2026-07-30T15:30:00-04:00,1882.63090366,1443.34000000,213.61321178,1669.01769188,1510.81122757,0.00000000,158.20646431,0.1238750779,0.1250000000,0,0,0.00000000
2026-07-30T15:45:00-04:00,1882.70585566,1443.34000000,213.68816378,1669.01769188,1510.81122757,0.00000000,158.20646431,0.1239131570,0.1250000000,0,0,0.00000000
2026-07-31T09:30:00-04:00,1885.37904887,1443.34000000,215.33710787,1670.04194099,1511.83547668,0.00000000,158.20646431,0.1246760803,0.1250000000,0,1,0.00000000
2026-07-31T09:45:00-04:00,1863.06780734,1443.34000000,214.81244385,1648.25536349,21.94889918,1468.10000000,158.20646431,0.1259999499,0.1250000000,1,1,36.66709923
2026-07-31T10:00:00-04:00,1858.08895924,1443.34000000,213.01359575,1645.07536349,21.94889918,1464.92000000,158.20646431,0.1253107767,0.1250000000,1,0,36.66709923
2026-07-31T10:15:00-04:00,1846.12299495,1443.34000000,213.83806779,1632.28492716,1488.04855796,0.00000000,144.23636919,0.1256476575,0.1250000000,0,0,0.00000000
2026-07-31T10:30:00-04:00,1846.34785096,1443.34000000,214.06292380,1632.28492716,1488.04855796,0.00000000,144.23636919,0.1257631630,0.1250000000,0,0,0.00000000
2026-07-31T10:45:00-04:00,1846.72261098,1443.34000000,214.43768383,1632.28492716,1488.04855796,0.00000000,144.23636919,0.1259556046,0.1250000000,0,0,0.00000000
2026-07-31T11:00:00-04:00,1845.97309094,1443.34000000,213.68816378,1632.28492716,1488.04855796,0.00000000,144.23636919,0.1255706368,0.1250000000,0,0,0.00000000
2026-07-31T11:15:00-04:00,1845.45442307,1443.34000000,213.16949592,1632.28492716,1488.04855796,0.00000000,144.23636919,0.1253040405,0.1250000000,0,0,0.00000000
2026-07-31T11:30:00-04:00,1845.93561494,1443.34000000,213.65068778,1632.28492716,1488.04855796,0.00000000,144.23636919,0.1255513795,0.1250000000,0,0,0.00000000
2026-07-31T11:45:00-04:00,1846.34785096,1443.34000000,214.06292380,1632.28492716,1488.04855796,0.00000000,144.23636919,0.1257631630,0.1250000000,0,0,0.00000000
2026-07-31T12:00:00-04:00,1846.53523097,1443.34000000,214.25030381,1632.28492716,1488.04855796,0.00000000,144.23636919,0.1258593944,0.1250000000,0,0,0.00000000
2026-07-31T12:15:00-04:00,1846.98494300,1443.34000000,214.70001584,1632.28492716,1488.04855796,0.00000000,144.23636919,0.1260902632,0.1250000000,0,0,0.00000000
2026-07-31T12:30:00-04:00,1846.76008698,1443.34000000,214.47515983,1632.28492716,1488.04855796,0.00000000,144.23636919,0.1259748440,0.1250000000,0,0,0.00000000
2026-07-31T12:45:00-04:00,1847.17232301,1443.34000000,214.88739585,1632.28492716,1488.04855796,0.00000000,144.23636919,0.1261864226,0.1250000000,0,1,0.00000000
2026-07-31T13:00:00-04:00,1845.94486902,1443.34000000,215.11225186,1630.83261716,3.85624796,1482.74000000,144.23636919,0.1264095771,0.1250000000,1,0,12.04389443
2026-07-31T13:15:00-04:00,1846.39458104,1443.34000000,215.56196389,1630.83261716,3.85624796,1482.74000000,144.23636919,0.1266403807,0.1250000000,1,0,12.04389443
2026-07-31T13:30:00-04:00,1843.33458104,1443.34000000,215.56196389,1627.77261716,3.85624796,1479.68000000,144.23636919,0.1268684543,0.1250000000,1,0,12.04389443
2026-07-31T13:45:00-04:00,1844.39477303,1443.34000000,215.26215587,1629.13261716,3.85624796,1481.04000000,144.23636919,0.1266129999,0.1250000000,1,2,12.04389443
2026-07-31T14:00:00-04:00,1843.95525252,1443.34000000,215.14972786,1628.80552466,1.06415546,1483.50500000,144.23636919,0.1265795950,0.1250000000,2,0,12.13110589
2026-07-31T14:15:00-04:00,1844.07015653,1443.34000000,215.29963187,1628.77052466,1.06415546,1483.47000000,144.23636919,0.1266592260,0.1250000000,2,0,12.13110589
2026-07-31T14:30:00-04:00,1840.63615653,1443.34000000,215.29963187,1625.33652466,1.06415546,1480.03600000,144.23636919,0.1269156206,0.1250000000,2,1,12.13110589
2026-07-31T14:45:00-04:00,1841.64990853,1443.34000000,215.37458388,1626.27532466,1.06415546,1480.97480000,144.23636919,0.1268839790,0.1250000000,2,0,12.13110589
2026-07-31T15:00:00-04:00,1841.74010853,1443.34000000,215.37458388,1626.36552466,1.06415546,1481.06500000,144.23636919,0.1268772368,0.1250000000,2,0,12.13110589
2026-07-31T15:15:00-04:00,1842.69244055,1443.34000000,215.63691589,1627.05552466,1.06415546,1481.75500000,144.23636919,0.1269605494,0.1250000000,2,0,12.13110589
2026-07-31T15:30:00-04:00,1843.75744055,1443.34000000,215.63691589,1628.12052466,1.06415546,1482.82000000,144.23636919,0.1268809899,0.1250000000,2,1,12.13110589
2026-07-31T15:45:00-04:00,1840.18277652,1443.34000000,215.11225186,1625.07052466,1.06415546,1479.77000000,144.23636919,0.1268390622,0.1250000000,2,2,12.13110589
2026-08-03T09:30:00-04:00,1738.20103158,1443.34000000,215.56196389,1522.63906769,6.84912013,1406.25350000,109.53644756,0.1323550386,0.1250000000,1,3,19.20690555
2026-08-03T09:45:00-04:00,1734.70365591,1443.34000000,216.46138794,1518.24226798,1416.20168268,0.00000000,102.04058530,0.1325817873,0.1250000000,0,1,0.00000000
2026-08-03T10:00:00-04:00,1722.11922292,1443.34000000,216.61129195,1505.50793098,4.02734568,1399.44000000,102.04058530,0.1337041838,0.1250000000,1,0,44.47797098
2026-08-03T10:15:00-04:00,1741.12388695,1443.34000000,217.13595597,1523.98793098,4.02734568,1417.92000000,102.04058530,0.1324740212,0.1250000000,1,0,44.47797098
2026-08-03T10:30:00-04:00,1747.61903094,1443.34000000,216.91109996,1530.70793098,4.02734568,1424.64000000,102.04058530,0.1318145000,0.1250000000,1,0,44.47797098
2026-08-03T10:45:00-04:00,1772.09145894,1443.34000000,217.02352797,1555.06793098,4.02734568,1449.00000000,102.04058530,0.1299502497,0.1250000000,1,0,44.47797098
2026-08-03T11:00:00-04:00,1765.40893495,1443.34000000,217.06100397,1548.34793098,4.02734568,1442.28000000,102.04058530,0.1304948504,0.1250000000,1,0,44.47797098
2026-08-03T11:15:00-04:00,1759.45398294,1443.34000000,216.98605197,1542.46793098,4.02734568,1436.40000000,102.04058530,0.1309184856,0.1250000000,1,0,44.47797098
2026-08-03T11:30:00-04:00,1760.40641095,1443.34000000,217.09847997,1543.30793098,4.02734568,1437.24000000,102.04058530,0.1309110913,0.1250000000,1,1,44.47797098
2026-08-03T11:45:00-04:00,1770.56136295,1443.34000000,217.17343198,1553.38793098,4.02734568,1447.32000000,102.04058530,0.1301592614,0.1250000000,1,0,44.47797098
2026-08-03T12:00:00-04:00,1762.82561095,1443.34000000,217.09847997,1545.72713098,4.02734568,1439.65920000,102.04058530,0.1307203983,0.1250000000,1,0,44.47797098
2026-08-03T12:15:00-04:00,1791.50708695,1443.34000000,217.13595597,1574.37113098,4.02734568,1468.30320000,102.04058530,0.1285233864,0.1250000000,1,0,0.00000000
2026-08-03T12:30:00-04:00,1769.68388695,1443.34000000,217.13595597,1552.54793098,4.02734568,1446.48000000,102.04058530,0.1302052758,0.1250000000,1,0,0.00000000
2026-08-03T12:45:00-04:00,1774.74456295,1443.34000000,217.17343198,1557.57113098,4.02734568,1451.50320000,102.04058530,0.1298337511,0.1250000000,1,0,0.00000000
2026-08-03T13:00:00-04:00,1776.36641095,1443.34000000,217.09847997,1559.26793098,4.02734568,1453.20000000,102.04058530,0.1296632212,0.1250000000,1,1,0.00000000
2026-08-03T13:15:00-04:00,1781.51883895,1443.34000000,217.21090798,1564.30793098,4.02734568,1458.24000000,102.04058530,0.1293323730,0.1250000000,1,0,0.00000000
2026-08-03T13:30:00-04:00,1787.39808943,1443.34000000,217.21015846,1570.18793098,4.02734568,1464.12000000,102.04058530,0.1288807615,0.1250000000,1,0,0.00000000
2026-08-03T13:45:00-04:00,1787.36136295,1443.34000000,217.17343198,1570.18793098,4.02734568,1464.12000000,102.04058530,0.1288617780,0.1250000000,1,0,0.00000000
2026-08-03T14:00:00-04:00,1787.36136295,1443.34000000,217.17343198,1570.18793098,4.02734568,1464.12000000,102.04058530,0.1288617780,0.1250000000,1,1,0.00000000
2026-08-03T14:15:00-04:00,1780.64136295,1443.34000000,217.17343198,1563.46793098,4.02734568,1457.40000000,102.04058530,0.1293776548,0.1250000000,1,0,0.00000000
2026-08-03T14:30:00-04:00,1778.96136295,1443.34000000,217.17343198,1561.78793098,4.02734568,1455.72000000,102.04058530,0.1295072700,0.1250000000,1,1,0.00000000
2026-08-03T14:45:00-04:00,1779.80136295,1443.34000000,217.17343198,1562.62793098,4.02734568,1456.56000000,102.04058530,0.1294424300,0.1250000000,1,1,0.00000000
2026-08-03T15:00:00-04:00,1777.28136295,1443.34000000,217.17343198,1560.10793098,4.02734568,1454.04000000,102.04058530,0.1296371452,0.1250000000,1,1,0.00000000
2026-08-03T15:15:00-04:00,1782.28388695,1443.34000000,217.13595597,1565.14793098,4.02734568,1459.08000000,102.04058530,0.1292288776,0.1250000000,1,3,0.00000000
2026-08-03T15:30:00-04:00,1785.68136295,1443.34000000,217.17343198,1568.50793098,4.02734568,1462.44000000,102.04058530,0.1289903612,0.1250000000,1,2,0.00000000
2026-08-03T15:45:00-04:00,1791.56136295,1443.34000000,217.17343198,1574.38793098,4.02734568,1468.32000000,102.04058530,0.1285414390,0.1250000000,1,4,0.00000000
2026-08-04T09:30:00-04:00,1881.80528364,1443.34000000,221.01397267,1660.79131098,6.84097797,1516.63610000,137.31423301,0.1266925231,0.1250000000,1,5,0.00000000
2026-08-04T09:45:00-04:00,1901.68879470,1443.34000000,221.63307622,1680.05571848,0.84648547,1541.89500000,137.31423301,0.1256156607,0.1250000000,2,0,0.16574785
2026-08-04T10:00:00-04:00,1913.93661436,1443.34000000,221.92239096,1692.01422340,1519.72730237,5.92500000,166.36192103,0.1269887873,0.1250000000,1,0,0.16574785
2026-08-04T10:15:00-04:00,1914.00695964,1443.34000000,222.00783624,1691.99912340,1519.72730237,5.90990000,166.36192103,0.1270325674,0.1250000000,1,0,0.16574785
2026-08-04T10:30:00-04:00,1913.97710764,1443.34000000,221.93288424,1692.04422340,1519.72730237,5.95500000,166.36192103,0.1269918492,0.1250000000,1,1,0.16574785
2026-08-04T10:45:00-04:00,1909.62394213,1443.34000000,222.08203873,1687.54190340,8.83498237,1512.34500000,166.36192103,0.1273945259,0.1250000000,2,2,39.91220623
2026-08-04T11:00:00-04:00,1912.11334766,1443.34000000,222.30764426,1689.80570340,8.83498237,1514.60880000,166.36192103,0.1273420951,0.1250000000,2,2,39.91220623
2026-08-04T11:15:00-04:00,1909.99572591,1443.34000000,222.38259626,1687.61312965,3.26580862,1517.98540000,166.36192103,0.1275397366,0.1250000000,3,1,40.06325003
2026-08-04T11:30:00-04:00,1912.90230192,1443.34000000,222.42007227,1690.48222965,3.26580862,1520.85450000,166.36192103,0.1273489435,0.1250000000,3,2,40.06325003
2026-08-04T11:45:00-04:00,1911.19032591,1443.34000000,222.38259626,1688.80772965,3.26580862,1519.18000000,166.36192103,0.1274524163,0.1250000000,3,0,40.06325003
2026-08-04T12:00:00-04:00,1914.55854991,1443.34000000,222.34512026,1692.21342965,3.26580862,1522.58570000,166.36192103,0.1271854187,0.1250000000,3,0,40.06325003
2026-08-04T12:15:00-04:00,1917.49527792,1443.34000000,222.45754827,1695.03772965,3.26580862,1525.41000000,166.36192103,0.1270363262,0.1250000000,3,0,40.06325003
2026-08-04T12:30:00-04:00,1916.99245392,1443.34000000,222.49502427,1694.49742965,3.26580862,1524.86970000,166.36192103,0.1270942212,0.1250000000,3,0,40.06325003
2026-08-04T12:45:00-04:00,1919.26275392,1443.34000000,222.49502427,1696.76772965,3.26580862,1527.14000000,166.36192103,0.1269296130,0.1250000000,3,1,40.06325003
2026-08-04T13:00:00-04:00,1921.56578342,1443.34000000,222.56997627,1698.99580715,0.43368612,1532.20020000,166.36192103,0.1268057694,0.1250000000,4,1,40.14606929
2026-08-04T13:15:00-04:00,1920.45058342,1443.34000000,222.56997627,1697.88060715,0.43368612,1531.08500000,166.36192103,0.1268863890,0.1250000000,4,1,40.14606929
2026-08-04T13:30:00-04:00,1921.61053543,1443.34000000,222.64492828,1698.96560715,0.43368612,1532.17000000,166.36192103,0.1268452380,0.1250000000,4,0,40.14606929
2026-08-04T13:45:00-04:00,1912.57310742,1443.34000000,222.53250027,1690.04060715,0.43368612,1523.24500000,166.36192103,0.1274373352,0.1250000000,4,0,40.14606929
2026-08-04T14:00:00-04:00,1904.73070742,1443.34000000,222.53250027,1682.19820715,0.43368612,1515.40260000,166.36192103,0.1280122503,0.1250000000,4,1,40.14606929
2026-08-04T14:15:00-04:00,1913.77065943,1443.34000000,222.60745228,1691.16320715,0.43368612,1524.36760000,166.36192103,0.1273928918,0.1250000000,4,0,40.14606929
2026-08-04T14:30:00-04:00,1912.64540991,1443.34000000,222.60670276,1690.03870715,0.43368612,1523.24310000,166.36192103,0.1274745505,0.1250000000,4,1,40.14606929
2026-08-04T14:45:00-04:00,1912.68053543,1443.34000000,222.64492828,1690.03560715,0.43368612,1523.24000000,166.36192103,0.1274938757,0.1250000000,4,2,40.14606929
2026-08-04T15:00:00-04:00,1915.49053543,1443.34000000,222.64492828,1692.84560715,0.43368612,1526.05000000,166.36192103,0.1272890549,0.1250000000,4,1,40.14606929
2026-08-04T15:15:00-04:00,1913.18380895,1443.34000000,222.60820180,1690.57560715,0.43368612,1523.78000000,166.36192103,0.1274361189,0.1250000000,4,0,40.14606929
2026-08-04T15:30:00-04:00,1920.50163543,1443.34000000,222.64492828,1697.85670715,0.43368612,1531.06110000,166.36192103,0.1269254247,0.1250000000,4,1,40.14606929
2026-08-04T15:45:00-04:00,1917.21301143,1443.34000000,222.68240428,1694.53060715,0.43368612,1527.73500000,166.36192103,0.1271852332,0.1250000000,4,2,40.14606929
2026-08-05T09:30:00-04:00,1921.75024438,1443.34000000,223.90936859,1697.84087579,3.32449069,1528.12000000,166.39638510,0.1275579664,0.1250000000,3,3,40.06325003
2026-08-05T09:45:00-04:00,1931.88222416,1443.34000000,224.33134837,1707.55087579,3.32449069,1537.83000000,166.39638510,0.1270649378,0.1250000000,3,3,39.89750218
2026-08-05T10:00:00-04:00,1928.64022164,1443.34000000,223.95658835,1704.68363329,0.33224819,1537.95500000,166.39638510,0.1270860387,0.1250000000,4,0,39.98909281
2026-08-05T10:15:00-04:00,1932.72293762,1443.34000000,223.61930433,1709.10363329,0.33224819,1542.37500000,166.39638510,0.1266013377,0.1250000000,4,1,39.98909281
2026-08-05T10:30:00-04:00,1917.61130444,1443.34000000,223.24454431,1694.36676013,6.34793033,1521.61000000,166.40882980,0.1274807154,0.1250000000,3,0,39.98909281
2026-08-05T10:45:00-04:00,1924.17991099,1443.34000000,223.07815086,1701.10176013,6.34793033,1528.34500000,166.40882980,0.1269096717,0.1250000000,3,0,39.98909281
2026-08-05T11:00:00-04:00,1921.97387644,1443.34000000,223.13211630,1698.84176013,6.34793033,1526.08500000,166.40882980,0.1270998854,0.1250000000,3,0,39.98909281
2026-08-05T11:15:00-04:00,1921.75392042,1443.34000000,222.90726029,1698.84666013,6.34793033,1526.08990000,166.40882980,0.1269877140,0.1250000000,3,0,39.98909281
2026-08-05T11:30:00-04:00,1931.91397243,1443.34000000,222.98221230,1708.93176013,6.34793033,1536.17500000,166.40882980,0.1262993842,0.1250000000,3,1,39.98909281
2026-08-05T11:45:00-04:00,1930.36403730,1443.34000000,222.53250027,1707.83153703,0.71290723,1540.70980000,166.40882980,0.1261554144,0.1250000000,4,0,40.17678410
2026-08-05T12:00:00-04:00,1921.22772929,1443.34000000,222.23269226,1698.99503703,0.71290723,1531.87330000,166.40882980,0.1266413829,0.1250000000,4,0,40.17678410
2026-08-05T12:15:00-04:00,1929.94010133,1443.34000000,223.05716430,1706.88293703,0.71290723,1539.76120000,166.40882980,0.1264832486,0.1250000000,4,0,40.08519347
2026-08-05T12:30:00-04:00,1920.16029732,1443.34000000,222.90726029,1697.25303703,0.71290723,1530.13130000,166.40882980,0.1271031069,0.1250000000,4,0,40.08519347
2026-08-05T12:45:00-04:00,1918.45669732,1443.34000000,222.90726029,1695.54943703,0.71290723,1528.42770000,166.40882980,0.1272266954,0.1250000000,4,0,40.08519347
2026-08-05T13:00:00-04:00,1919.22728931,1443.34000000,222.60745228,1696.61983703,0.71290723,1529.49810000,166.40882980,0.1269997193,0.1250000000,4,0,40.08519347
2026-08-05T13:15:00-04:00,1912.43623730,1443.34000000,222.53250027,1689.90373703,0.71290723,1522.78200000,166.40882980,0.1274507487,0.1250000000,4,0,40.08519347
2026-08-05T13:30:00-04:00,1920.92238931,1443.34000000,222.60745228,1698.31493703,0.71290723,1531.19320000,166.40882980,0.1268770202,0.1250000000,4,0,40.08519347
2026-08-05T13:45:00-04:00,1920.36848931,1443.34000000,222.60745228,1697.76103703,0.71290723,1530.63930000,166.40882980,0.1269170879,0.1250000000,4,0,40.08519347
2026-08-05T14:00:00-04:00,1915.85238931,1443.34000000,222.60745228,1693.24493703,0.71290723,1526.12320000,166.40882980,0.1272447179,0.1250000000,4,0,40.08519347
2026-08-05T14:15:00-04:00,1918.17354131,1443.34000000,222.68240428,1695.49113703,0.71290723,1528.36940000,166.40882980,0.1271189006,0.1250000000,4,0,40.08519347
2026-08-05T14:30:00-04:00,1915.04260930,1443.34000000,222.42007227,1692.62253703,0.71290723,1525.50080000,166.40882980,0.1271964861,0.1250000000,4,0,40.08519347
2026-08-05T14:45:00-04:00,1916.67065729,1443.34000000,222.34512026,1694.32553703,0.71290723,1527.20380000,166.40882980,0.1270353480,0.1250000000,4,0,40.08519347
2026-08-05T15:00:00-04:00,1914.79533523,1443.34000000,222.68240428,1692.11293095,3.73170512,1521.95680000,166.42442583,0.1273656540,0.1250000000,3,3,40.08519347
2026-08-05T15:15:00-04:00,1919.17278323,1443.34000000,222.60745228,1696.56533095,3.73170512,1526.40920000,166.42442583,0.1270047987,0.1250000000,3,1,40.08519347
2026-08-05T15:30:00-04:00,1915.32473800,1443.34000000,222.13150705,1693.19323095,3.73170512,1523.03710000,166.42442583,0.1270121033,0.1250000000,3,0,40.08519347
2026-08-05T15:45:00-04:00,1915.61459916,1443.34000000,221.33326821,1694.28133095,3.73170512,1524.12520000,166.42442583,0.1265347082,0.1250000000,3,1,40.08519347
2026-08-06T09:30:00-04:00,1870.36550993,1443.34000000,219.30956409,1651.05594584,1499.87429973,0.00000000,151.18164610,0.1275660903,0.1250000000,0,5,0.00000000
2026-08-06T09:45:00-04:00,1855.16810050,1443.34000000,219.60937211,1635.55872839,4.59708228,1479.78000000,151.18164610,0.1288797640,0.1250000000,2,4,57.14302590
2026-08-06T10:00:00-04:00,1899.11537012,1443.34000000,219.96914173,1679.14622839,4.59708228,1523.36750000,151.18164610,0.1258452416,0.1250000000,2,4,57.14302590
2026-08-06T10:15:00-04:00,1912.26790851,1443.34000000,219.90918013,1692.35872839,4.59708228,1536.58000000,151.18164610,0.1248713279,0.1250000000,2,4,57.14302590
2026-08-06T10:30:00-04:00,1907.51713402,1443.34000000,220.02160813,1687.49552589,0.32387978,1535.99000000,151.18164610,0.1252731096,0.1250000000,3,0,57.27656730
2026-08-06T10:45:00-04:00,1910.24431403,1443.34000000,220.20898814,1690.03532589,0.32387978,1538.52980000,151.18164610,0.1251854139,0.1250000000,3,1,57.27656730
2026-08-06T11:00:00-04:00,1900.52946603,1443.34000000,220.28394015,1680.24552589,0.32387978,1528.74000000,151.18164610,0.1259234657,0.1250000000,3,2,57.27656730
2026-08-06T11:15:00-04:00,1905.02881250,1443.34000000,220.13328662,1684.89552589,0.32387978,1533.39000000,151.18164610,0.1255145208,0.1250000000,3,1,57.27656730
2026-08-06T11:30:00-04:00,1901.17970601,1443.34000000,219.90918013,1681.27052589,0.32387978,1529.76500000,151.18164610,0.1256625280,0.1250000000,3,0,57.27656730
2026-08-06T11:45:00-04:00,1895.78480200,1443.34000000,219.75927612,1676.02552589,0.32387978,1524.52000000,151.18164610,0.1259651946,0.1250000000,3,0,57.27656730
2026-08-06T12:00:00-04:00,1887.00489800,1443.34000000,219.60937211,1667.39552589,0.32387978,1515.89000000,151.18164610,0.1265159756,0.1250000000,3,0,57.27656730
2026-08-06T12:15:00-04:00,1887.16650234,1443.34000000,219.53442011,1667.63208224,4.51099521,1511.99000000,151.13108703,0.1264573396,0.1250000000,2,0,57.14302590
2026-08-06T12:30:00-04:00,1890.79205435,1443.34000000,219.60937211,1671.18268224,4.51099521,1515.54060000,151.13108703,0.1262368796,0.1250000000,2,0,57.14302590
2026-08-06T12:45:00-04:00,1899.59196389,1443.34000000,219.98488165,1679.60708224,4.51099521,1523.96500000,151.13108703,0.1258163020,0.1250000000,2,0,57.14302590
2026-08-06T13:00:00-04:00,1889.14626236,1443.34000000,219.90918013,1669.23708224,4.51099521,1513.59500000,151.13108703,0.1265289183,0.1250000000,2,0,57.14302590
2026-08-06T13:15:00-04:00,1900.14621437,1443.34000000,219.98413213,1680.16208224,4.51099521,1524.52000000,151.13108703,0.1257760031,0.1250000000,2,0,57.14302590
2026-08-06T13:30:00-04:00,1897.48631036,1443.34000000,219.83422812,1677.65208224,4.51099521,1522.01000000,151.13108703,0.1258817365,0.1250000000,2,0,57.14302590
2026-08-06T13:45:00-04:00,1897.01021821,1443.34000000,219.97813597,1677.03208224,4.51099521,1521.39000000,151.13108703,0.1259984910,0.1250000000,2,0,57.14302590
2026-08-06T14:00:00-04:00,1892.53922205,1443.34000000,219.97213981,1672.56708224,4.51099521,1516.92500000,151.13108703,0.1263185438,0.1250000000,2,0,57.14302590
2026-08-06T14:15:00-04:00,1896.08507422,1443.34000000,220.20299198,1675.88208224,4.51099521,1520.24000000,151.13108703,0.1261941539,0.1250000000,2,0,57.14302590
2026-08-06T14:30:00-04:00,1892.03621437,1443.34000000,219.98413213,1672.05208224,4.51099521,1516.41000000,151.13108703,0.1263619302,0.1250000000,2,0,57.14302590
2026-08-06T14:45:00-04:00,1891.52621437,1443.34000000,219.98413213,1671.54208224,4.51099521,1515.90000000,151.13108703,0.1263989589,0.1250000000,2,0,57.14302590
2026-08-06T15:00:00-04:00,1896.17227038,1443.34000000,220.20898814,1675.96328224,4.51099521,1520.32120000,151.13108703,0.1261912843,0.1250000000,2,0,57.14302590
2026-08-06T15:15:00-04:00,1892.66378636,1443.34000000,219.87170412,1672.79208224,4.51099521,1517.15000000,151.13108703,0.1262518379,0.1250000000,2,0,57.14302590
2026-08-06T15:30:00-04:00,1882.60631036,1443.34000000,219.83422812,1662.77208224,4.51099521,1507.13000000,151.13108703,0.1269635425,0.1250000000,2,1,57.14302590
2026-08-06T15:45:00-04:00,1889.73480660,1443.34000000,219.70680972,1670.02799688,81.36229502,1435.25000000,153.41570186,0.1265359628,0.1250000000,1,2,54.02601031
2026-08-07T09:30:00-04:00,1911.96491410,1443.34000000,222.04531224,1689.91960186,2.31909999,1534.18480000,153.41570186,0.1262661919,0.1250000000,3,3,54.35534089
2026-08-07T09:45:00-04:00,1887.04560765,1443.34000000,221.25831620,1665.78729144,72.58349400,1439.57590000,153.62789744,0.1276428151,0.1250000000,3,2,54.44223590
2026-08-07T10:00:00-04:00,1866.72055909,1443.34000000,221.03346019,1645.68709890,8.29511459,1483.88810000,153.50388430,0.1290166407,0.1250000000,3,1,56.27662075
2026-08-07T10:15:00-04:00,1904.48738065,1443.34000000,221.85868175,1682.62869890,8.29511459,1520.82970000,153.50388430,0.1267051815,0.1250000000,3,3,56.27662075
2026-08-07T10:30:00-04:00,1892.60445335,1443.34000000,221.33326821,1671.27118515,2.80600084,1514.96130000,153.50388430,0.1272688148,0.1250000000,4,1,56.45359872
2026-08-07T10:45:00-04:00,1891.78591337,1443.34000000,221.70802823,1670.07788515,2.80600084,1513.76800000,153.50388430,0.1275443366,0.1250000000,4,2,56.45359872
2026-08-07T11:00:00-04:00,1912.49352139,1443.34000000,222.00783624,1690.48568515,2.80600084,1534.17580000,153.50388430,0.1262132713,0.1250000000,4,1,56.45359872
2026-08-07T11:15:00-04:00,1922.24468612,1443.34000000,222.51750987,1699.72717625,0.25889194,1545.96440000,153.50388430,0.1258056068,0.1250000000,5,0,56.45882702
2026-08-07T11:30:00-04:00,1928.66844851,1443.34000000,222.42007227,1706.24837625,0.25889194,1552.48560000,153.50388430,0.1252954665,0.1250000000,5,1,56.45882702
2026-08-07T11:45:00-04:00,1947.85684851,1443.34000000,222.42007227,1725.43677625,0.25889194,1571.67400000,153.50388430,0.1239555855,0.1250000000,5,1,2.43281671
2026-08-07T12:00:00-04:00,1954.32671667,1443.34000000,222.31364042,1732.01307625,0.25889194,1578.25030000,153.50388430,0.1234511449,0.1250000000,5,1,2.43281671
2026-08-07T12:15:00-04:00,1945.10910447,1443.34000000,221.70802823,1723.40107625,0.25889194,1569.63830000,153.50388430,0.1237482598,0.1250000000,5,0,2.43281671
2026-08-07T12:30:00-04:00,1939.03851249,1443.34000000,222.00783624,1717.03067625,0.25889194,1563.26790000,153.50388430,0.1243368976,0.1250000000,5,0,2.43281671
2026-08-07T12:45:00-04:00,1940.21166049,1443.34000000,221.93288424,1718.27877625,0.25889194,1564.51600000,153.50388430,0.1242133085,0.1250000000,5,0,2.43281671
2026-08-07T13:00:00-04:00,1940.14833976,1443.34000000,221.88716352,1718.26117625,0.25889194,1564.49840000,153.50388430,0.1241921205,0.1250000000,5,1,2.43281671
2026-08-07T13:15:00-04:00,1941.13333649,1443.34000000,221.97036024,1719.16297625,0.25889194,1565.40020000,153.50388430,0.1241702300,0.1250000000,5,0,2.43281671
2026-08-07T13:30:00-04:00,1942.03283649,1443.34000000,221.97036024,1720.06247625,0.25889194,1566.29970000,153.50388430,0.1241077814,0.1250000000,5,0,2.43281671
2026-08-07T13:45:00-04:00,1946.85798849,1443.34000000,222.04531224,1724.81267625,0.25889194,1571.04990000,153.50388430,0.1238156545,0.1250000000,5,1,2.43281671
2026-08-07T14:00:00-04:00,1949.49595648,1443.34000000,221.78298023,1727.71297625,0.25889194,1573.95020000,153.50388430,0.1234877279,0.1250000000,5,1,2.43281671
2026-08-07T14:15:00-04:00,1967.81579815,1443.34000000,221.63982190,1746.17597625,0.25889194,1592.41320000,153.50388430,0.1221619173,0.1250000000,5,1,2.43281671
2026-08-07T14:30:00-04:00,1965.77301006,1443.34000000,221.54313382,1744.22987625,0.25889194,1590.46710000,153.50388430,0.1222462661,0.1250000000,5,0,2.43281671
2026-08-07T14:45:00-04:00,1967.23015648,1443.34000000,221.78298023,1745.44717625,0.25889194,1591.68440000,153.50388430,0.1222802931,0.1250000000,5,1,2.34069341
2026-08-07T15:00:00-04:00,1973.49833355,1443.34000000,222.36535730,1751.13297625,0.25889194,1597.37020000,153.50388430,0.1221791404,0.1250000000,5,1,2.34069341
2026-08-07T15:15:00-04:00,1977.62027251,1443.34000000,222.38259626,1755.23767625,0.25889194,1601.47490000,153.50388430,0.1219125039,0.1250000000,5,1,2.34069341
2026-08-07T15:30:00-04:00,1974.45640301,1443.34000000,222.27016826,1752.18623476,2.41816548,1596.20050000,153.56756927,0.1220668523,0.1250000000,4,1,2.34069341
2026-08-07T15:45:00-04:00,1977.60438402,1443.34000000,222.60745228,1754.99693174,1565.73704147,0.00000000,189.25989027,0.1244768293,0.1250000000,0,0,0.00000000
