Symbol,EntryTimestampMarket,ExitTimestampMarket,Shares,EntryPrice,ExitPrice,PnL,TaxReserved,ExitReason,ResultR
KTOS,2025-01-15T09:45:00-05:00,2025-01-16T09:45:00-05:00,11,33.57516250,34.13192061,6.12433925,1.56850520,ATR_STOP,0.76185474
TDUP,2025-01-15T09:45:00-05:00,2025-01-16T12:15:00-05:00,13,2.09156750,2.25289856,2.09730382,0.77600241,ATR_STOP,0.63109240
IAUX,2025-01-15T09:30:00-05:00,2025-01-16T15:00:00-05:00,1417,0.61045750,0.61731010,9.71013295,3.59274919,ATR_STOP,0.33228514
WTI,2025-01-16T14:15:00-05:00,2025-01-17T13:45:00-05:00,1,1.85639125,1.81081389,-0.04557736,-0.01686362,ATR_STOP,-1.03073686
CLOV,2025-01-16T13:30:00-05:00,2025-01-21T09:30:00-05:00,11,4.01801125,4.24394260,2.48524483,0.91954059,ATR_TARGET,1.97219455
SOXL,2025-01-21T09:45:00-05:00,2025-01-21T14:00:00-05:00,1,33.03475750,34.48848781,1.45373031,0.53788021,ATR_TARGET,1.96501014
APPS,2025-01-17T09:45:00-05:00,2025-01-21T14:15:00-05:00,432,2.02151500,2.08666062,28.14290950,10.41287652,ATR_STOP,0.86627080
BILL,2025-01-16T13:15:00-05:00,2025-01-22T09:30:00-05:00,4,89.30693000,92.59436168,13.14972674,4.86539889,ATR_TARGET,1.95859437
BE,2025-01-21T14:45:00-05:00,2025-01-22T09:30:00-05:00,34,25.88940250,27.36615100,50.20944902,18.57749614,ATR_TARGET,1.97256371
MVST,2025-01-22T09:30:00-05:00,2025-01-22T09:30:00-05:00,9,2.08156000,2.00165474,-0.71914736,-0.26608452,ATR_STOP,-1.01916215
VISN,2025-01-21T11:45:00-05:00,2025-01-22T09:45:00-05:00,2,5.60420000,5.87676593,0.54513186,0.20169879,ATR_TARGET,1.96814981
TWLO,2025-01-22T09:45:00-05:00,2025-01-22T10:00:00-05:00,8,115.14629500,113.39836523,-13.98343814,-5.17387211,ATR_STOP,-1.05118579
ECHO,2025-01-21T14:15:00-05:00,2025-01-22T10:30:00-05:00,1,28.00098500,27.52067543,-0.48030957,-0.17771454,ATR_STOP,-1.04493819
AMD,2025-01-22T09:45:00-05:00,2025-01-23T09:30:00-05:00,3,124.20308250,121.33393125,-8.60745375,-3.18475789,STOP_GAP,-1.90701427
CLOV,2025-01-22T11:15:00-05:00,2025-01-23T13:15:00-05:00,54,4.29001510,4.51416092,12.10387444,4.47843354,ATR_TARGET,1.97021841
VSAT,2025-01-23T09:30:00-05:00,2025-01-23T15:45:00-05:00,34,10.71803250,11.61090747,30.35774888,11.23236709,ATR_TARGET,1.98066811
SOXL,2025-01-24T09:30:00-05:00,2025-01-24T09:30:00-05:00,11,34.96620500,34.29745566,-7.35624274,-2.72180981,ATR_STOP,-1.04003440
EVLV,2025-01-23T15:00:00-05:00,2025-01-24T11:15:00-05:00,1,3.91293250,4.26373135,0.35079885,0.12979558,ATR_TARGET,1.98191973
APPS,2025-01-23T09:45:00-05:00,2025-01-24T13:15:00-05:00,1,2.26169500,2.49763122,0.23593622,0.08729640,ATR_TARGET,1.98423428
APP,2025-01-22T10:15:00-05:00,2025-01-27T09:30:00-05:00,2,361.61100500,341.56363500,-40.09474000,-14.83505380,STOP_GAP,-1.62097999
SOFI,2025-01-23T13:30:00-05:00,2025-01-27T09:30:00-05:00,13,18.04352250,15.87808250,-28.15072000,-10.41576640,STOP_GAP,-6.58541309
CLOV,2025-01-24T11:00:00-05:00,2025-01-27T09:30:00-05:00,1,4.77187622,4.59829901,-0.17357721,-0.06422357,ATR_STOP,-1.02028682
SLS,2025-01-24T13:45:00-05:00,2025-01-27T09:30:00-05:00,5,1.04578375,1.17484699,0.64531621,0.23876700,ATR_TARGET,1.98642816
NIO,2025-01-24T11:30:00-05:00,2025-01-27T10:00:00-05:00,1,4.27320250,4.32296057,0.04975807,0.01841049,ATR_STOP,0.64623281
MRNA,2025-01-27T09:45:00-05:00,2025-01-27T11:15:00-05:00,21,42.01148500,42.34434173,6.98999130,2.58629678,ATR_STOP,0.23441500
BBBY,2025-01-27T10:15:00-05:00,2025-01-27T11:15:00-05:00,6,7.84588000,7.41382882,-2.59230706,-0.95915361,ATR_STOP,-1.01304741
BEKE,2025-01-24T09:45:00-05:00,2025-01-27T12:30:00-05:00,22,16.97272000,17.52086835,12.05926361,4.46192754,ATR_TARGET,1.95314256
SLS,2025-01-27T12:30:00-05:00,2025-01-27T12:45:00-05:00,284,1.43027190,1.26963505,-45.62086578,-16.87972034,ATR_STOP,-1.00596767
DDD,2025-01-27T13:45:00-05:00,2025-01-28T09:30:00-05:00,209,4.02231448,3.80833367,-44.72198810,-9.99042213,ATR_STOP,-1.01353904
ABCL,2025-01-28T09:30:00-05:00,2025-01-28T10:00:00-05:00,20,3.35251250,3.26201809,-1.80988820,0.00000000,ATR_STOP,-1.02780760
PLTR,2025-01-27T15:45:00-05:00,2025-01-28T12:00:00-05:00,5,75.10628750,79.41634468,21.55028589,0.74723368,ATR_TARGET,1.97271783
SLS,2025-01-28T09:45:00-05:00,2025-01-28T12:00:00-05:00,30,1.54926107,1.36700046,-5.46781849,-0.74723368,ATR_STOP,-1.00566128
TSLZ,2025-01-28T09:45:00-05:00,2025-01-28T14:15:00-05:00,15,50.63795000,48.31021813,-34.91597803,0.00000000,ATR_STOP,-1.01582383
BIDU,2025-01-28T14:45:00-05:00,2025-01-28T15:45:00-05:00,8,89.26690000,91.32071116,16.43048924,0.00000000,ATR_TARGET,1.93540948
CMPX,2025-01-29T09:45:00-05:00,2025-01-29T10:45:00-05:00,161,3.51553468,3.25039189,-42.68798781,0.00000000,ATR_STOP,-1.00928662
APPS,2025-01-28T12:00:00-05:00,2025-01-29T11:45:00-05:00,2,2.48085925,2.36802242,-0.22567365,0.00000000,ATR_STOP,-1.01600359
TSLZ,2025-01-29T11:30:00-05:00,2025-01-30T09:30:00-05:00,10,49.93742500,44.76640000,-51.71025000,0.00000000,STOP_GAP,-2.90017742
BEKE,2025-01-29T09:45:00-05:00,2025-01-30T10:15:00-05:00,9,17.31297500,17.83973346,4.74082614,0.00000000,ATR_TARGET,1.95042161
YINN,2025-01-30T09:45:00-05:00,2025-01-30T11:15:00-05:00,14,31.91391750,33.46059220,21.65344580,0.00000000,ATR_TARGET,1.96804370
NIO,2025-01-28T15:15:00-05:00,2025-01-30T11:30:00-05:00,2,4.26319500,4.42400870,0.32162740,0.00000000,ATR_TARGET,1.95953924
BEKE,2025-01-30T10:30:00-05:00,2025-01-30T11:30:00-05:00,9,18.03351500,18.72020859,6.18024228,0.00000000,ATR_TARGET,1.95989780
SLS,2025-01-29T13:30:00-05:00,2025-01-30T12:15:00-05:00,34,1.18588875,1.27962298,3.18696399,0.00000000,ATR_STOP,0.85464562
BBBY,2025-01-28T10:15:00-05:00,2025-01-30T13:45:00-05:00,8,7.45558750,8.22825556,6.18134449,0.00000000,ATR_TARGET,1.98414105
JMIA,2025-01-28T12:15:00-05:00,2025-01-30T14:15:00-05:00,109,4.02301500,4.15424513,14.30408427,0.00000000,ATR_STOP,1.04647841
BIDU,2025-01-30T11:30:00-05:00,2025-01-30T15:30:00-05:00,5,93.90037250,94.78840845,4.44017976,0.00000000,ATR_STOP,0.52159421
YINN,2025-01-30T14:45:00-05:00,2025-01-30T15:30:00-05:00,13,34.05552250,33.30409774,-9.76852184,0.00000000,ATR_STOP,-1.03441060
SLS,2025-01-30T14:15:00-05:00,2025-01-31T09:30:00-05:00,80,1.39104250,1.29775161,-7.46327127,0.00000000,ATR_STOP,-1.01055110
TSLZ,2025-01-30T15:45:00-05:00,2025-01-31T09:30:00-05:00,14,47.43555000,44.57060280,-40.10926080,0.00000000,ATR_STOP,-1.01181463
TSLQ,2025-01-30T15:45:00-05:00,2025-01-31T09:30:00-05:00,3,76.91764500,72.65891330,-12.77619511,0.00000000,ATR_STOP,-1.01297158
QS,2025-01-31T09:45:00-05:00,2025-01-31T11:00:00-05:00,147,5.38393493,5.39242920,1.24865806,0.00000000,ATR_STOP,0.05641692
JMIA,2025-01-30T15:30:00-05:00,2025-01-31T13:15:00-05:00,2,4.23817625,4.12666421,-0.22302408,0.00000000,ATR_STOP,-1.02856919
AFRM,2025-01-31T09:45:00-05:00,2025-01-31T13:15:00-05:00,2,62.93326458,61.51527232,-2.83598452,0.00000000,ATR_STOP,-1.03365678
NIO,2025-01-30T11:45:00-05:00,2025-01-31T14:45:00-05:00,42,4.43532400,4.32406012,-4.67308304,0.00000000,ATR_STOP,-1.03004561
APPS,2025-01-31T12:30:00-05:00,2025-02-03T09:30:00-05:00,302,2.63197250,2.47814000,-46.45741500,0.00000000,STOP_GAP,-1.58786068
SLS,2025-01-31T15:00:00-05:00,2025-02-03T09:30:00-05:00,226,1.56617375,1.75882251,43.53862036,0.00000000,ATR_TARGET,1.98638847
BBBY,2025-02-03T09:30:00-05:00,2025-02-03T10:30:00-05:00,90,8.27620250,8.35357872,6.96386011,0.00000000,ATR_STOP,0.25712173
DDD,2025-02-03T09:45:00-05:00,2025-02-04T09:45:00-05:00,108,3.71278250,4.02713013,33.94954354,0.00000000,ATR_TARGET,1.98095212
SEDG,2025-02-03T11:30:00-05:00,2025-02-04T12:45:00-05:00,55,13.65023000,13.96696114,17.42021272,0.00000000,ATR_STOP,0.51052106
BBBY,2025-02-04T13:00:00-05:00,2025-02-04T15:30:00-05:00,88,8.67650250,9.60189661,81.43468141,1.70418526,ATR_TARGET,1.98454467
YINN,2025-02-04T10:00:00-05:00,2025-02-05T09:30:00-05:00,13,32.63645900,31.55631500,-14.04187200,-1.70418526,STOP_GAP,-1.12081761
ASTS,2025-02-05T09:30:00-05:00,2025-02-05T11:00:00-05:00,37,23.21740000,24.69937134,54.83293975,16.79688033,ATR_TARGET,1.97529049
IVVD,2025-02-05T13:00:00-05:00,2025-02-05T13:30:00-05:00,2,1.39014182,1.77381992,0.76735619,0.28392179,ATR_TARGET,1.99308400
IAUX,2025-02-05T10:00:00-05:00,2025-02-05T13:45:00-05:00,83,0.58924160,0.57291059,-1.35547386,-0.50152533,ATR_STOP,-1.02704266
APPS,2025-02-05T12:00:00-05:00,2025-02-06T09:30:00-05:00,352,2.54110440,3.19760000,231.08645120,85.50198694,TARGET_GAP,7.51242390
SOXL,2025-02-05T15:30:00-05:00,2025-02-06T09:30:00-05:00,1,27.93093250,27.14962250,-0.78131000,-0.28908470,STOP_GAP,-1.36191885
TSLZ,2025-02-05T09:45:00-05:00,2025-02-06T09:30:00-05:00,7,50.73802500,54.95857897,29.54387777,10.93123477,ATR_TARGET,1.98064206
BBBY,2025-02-05T15:30:00-05:00,2025-02-06T09:30:00-05:00,2,9.16186625,10.02037766,1.71702281,0.63529844,ATR_TARGET,1.98263131
BBBY,2025-02-06T09:45:00-05:00,2025-02-06T10:30:00-05:00,39,9.78733500,9.23181392,-21.66532218,-8.01616921,ATR_STOP,-1.01263062
PLTR,2025-02-06T09:45:00-05:00,2025-02-06T15:30:00-05:00,10,104.12803750,109.83469507,57.06657567,21.11463300,ATR_TARGET,1.97151961
KC,2025-02-06T13:30:00-05:00,2025-02-07T09:30:00-05:00,21,17.53314000,16.79299006,-15.54314883,-5.75096507,ATR_STOP,-1.01732427
SOXL,2025-02-07T09:30:00-05:00,2025-02-07T09:45:00-05:00,3,27.89090250,27.24378447,-1.94135410,-0.71830102,ATR_STOP,-1.03262990
ASTS,2025-02-07T09:45:00-05:00,2025-02-07T10:00:00-05:00,12,28.22615375,27.03787548,-14.25933928,-5.27595553,ATR_STOP,-1.01737491
PLTR,2025-02-06T15:45:00-05:00,2025-02-07T10:15:00-05:00,9,110.01244750,111.34325331,11.97725231,4.43158335,ATR_STOP,0.58989476
CCJ,2025-02-07T10:00:00-05:00,2025-02-07T10:45:00-05:00,2,50.37775500,49.40229910,-1.95091181,-0.72183737,ATR_STOP,-1.03951456
IVVD,2025-02-07T11:30:00-05:00,2025-02-10T09:30:00-05:00,160,2.29171750,1.95959790,-53.13913629,-19.66148043,ATR_STOP,-1.00444823
TSLQ,2025-02-07T14:30:00-05:00,2025-02-10T09:30:00-05:00,11,91.47855750,97.45959143,65.79137327,24.34280811,ATR_TARGET,1.97583504
IAUX,2025-02-07T15:45:00-05:00,2025-02-10T09:30:00-05:00,6,0.58043500,0.59940894,0.11384363,0.04212214,ATR_TARGET,1.95367607
TSLZ,2025-02-07T14:30:00-05:00,2025-02-10T10:00:00-05:00,1,56.35223250,57.86348280,1.51125030,0.55916261,ATR_STOP,0.72461042
ACHR,2025-02-10T10:00:00-05:00,2025-02-10T13:00:00-05:00,1,9.51212875,10.21835892,0.70623017,0.26130516,ATR_TARGET,1.97851373
RIVN,2025-02-10T09:45:00-05:00,2025-02-11T09:30:00-05:00,84,12.74455125,12.78040750,3.01192500,1.11441225,STOP_GAP,0.14741266
BE,2025-02-10T09:45:00-05:00,2025-02-11T09:30:00-05:00,12,24.81359625,24.52159500,-3.50401500,-1.29648555,STOP_GAP,-0.46825069
GDS,2025-02-10T10:30:00-05:00,2025-02-11T09:30:00-05:00,2,28.56140500,30.80687750,4.49094500,1.66164965,TARGET_GAP,2.47827676
APPS,2025-02-07T09:30:00-05:00,2025-02-11T11:00:00-05:00,1,4.64348000,5.26181085,0.61833085,0.22878241,ATR_STOP,1.14528399
PLTR,2025-02-11T09:30:00-05:00,2025-02-11T11:15:00-05:00,9,116.63741250,114.16419264,-22.25897874,-8.23582213,ATR_STOP,-1.03588953
JMIA,2025-02-04T11:45:00-05:00,2025-02-11T11:45:00-05:00,2,4.05303750,3.93066701,-0.24474097,-0.09055416,ATR_STOP,-1.02470446
BEKE,2025-02-11T12:15:00-05:00,2025-02-12T09:30:00-05:00,53,19.54965125,21.02422000,78.15214375,28.91629319,TARGET_GAP,3.95893125
IVVD,2025-02-11T13:15:00-05:00,2025-02-12T09:30:00-05:00,7,1.73109735,1.52036961,-1.47509419,-0.54578485,ATR_STOP,-1.00544468
BTE,2025-02-11T09:45:00-05:00,2025-02-12T11:00:00-05:00,153,2.57693125,2.53042171,-7.11595999,-2.63290520,ATR_STOP,-1.04257404
GDS,2025-02-12T09:30:00-05:00,2025-02-12T11:30:00-05:00,32,33.83535750,34.26535913,13.76005204,5.09121925,ATR_STOP,0.38791860
CCJ,2025-02-12T12:15:00-05:00,2025-02-12T13:30:00-05:00,7,50.91816000,50.08536627,-5.82955608,-2.15693575,ATR_STOP,-1.04727383
IAUX,2025-02-12T09:45:00-05:00,2025-02-12T15:45:00-05:00,24,0.61546125,0.64345810,0.67192429,0.24861199,ATR_TARGET,1.96608433
STX,2025-02-12T14:45:00-05:00,2025-02-12T15:45:00-05:00,3,100.26514250,99.04257010,-3.66771721,-1.35705537,ATR_STOP,-1.06474084
APPS,2025-02-12T12:30:00-05:00,2025-02-13T09:30:00-05:00,2,6.00950375,6.69264778,1.36628806,0.50552658,ATR_TARGET,1.98540107
MVST,2025-02-12T13:15:00-05:00,2025-02-13T09:45:00-05:00,2,1.95966865,2.01217418,0.10501106,0.03885409,ATR_STOP,0.53799636
RIVN,2025-02-13T09:45:00-05:00,2025-02-13T10:30:00-05:00,1,12.72954000,13.25196641,0.52242641,0.19329777,ATR_TARGET,1.96263358
SOXL,2025-02-13T09:30:00-05:00,2025-02-13T13:15:00-05:00,13,27.51061750,27.79646584,3.71602846,1.37493053,ATR_STOP,0.52495464
AMC,2025-02-12T11:45:00-05:00,2025-02-14T10:15:00-05:00,320,3.46119395,3.53169878,22.56154550,8.34777183,ATR_STOP,0.60363724
CLOV,2025-02-14T12:00:00-05:00,2025-02-14T12:30:00-05:00,1,4.57102570,4.48460694,-0.08641876,-0.03197494,ATR_STOP,-1.04052820
BE,2025-02-13T14:45:00-05:00,2025-02-18T09:30:00-05:00,14,24.57842000,25.19661292,8.65470087,3.20223932,ATR_STOP,1.11103842
MVST,2025-02-13T15:30:00-05:00,2025-02-18T09:30:00-05:00,9,2.01651125,2.17770939,1.45078330,0.53678982,ATR_TARGET,1.97992408
TSLZ,2025-02-14T11:15:00-05:00,2025-02-18T09:30:00-05:00,2,59.54462500,56.74626385,-5.59672230,-2.07078725,ATR_STOP,-1.01545544
IAUX,2025-02-18T09:45:00-05:00,2025-02-18T10:00:00-05:00,694,0.70292680,0.75110704,33.43708767,12.37172244,ATR_TARGET,1.97686882
DDD,2025-02-13T13:00:00-05:00,2025-02-18T14:00:00-05:00,3,4.67350250,4.48795583,-0.55664000,-0.20595680,ATR_STOP,-1.01849010
BTE,2025-02-18T10:30:00-05:00,2025-02-19T10:00:00-05:00,5,2.51188250,2.54054788,0.14332690,0.05303095,ATR_STOP,0.48364324
IAUX,2025-02-18T15:45:00-05:00,2025-02-19T10:30:00-05:00,19,0.77027728,0.74956765,-0.39348288,-0.14558867,ATR_STOP,-1.02792460
KC,2025-02-19T10:45:00-05:00,2025-02-19T10:45:00-05:00,1,19.87509515,19.24400120,-0.63109395,-0.23350476,ATR_STOP,-1.02342306
NIO,2025-02-14T15:45:00-05:00,2025-02-19T11:15:00-05:00,1,4.41831125,4.41660047,-0.00171078,-0.00063299,ATR_STOP,-0.02309916
VISN,2025-02-19T11:15:00-05:00,2025-02-19T15:45:00-05:00,5,5.22441538,5.46874262,1.22163622,0.45200540,ATR_TARGET,1.96695565
APP,2025-02-14T10:30:00-05:00,2025-02-20T09:30:00-05:00,2,498.75288433,472.05442039,-53.39692787,-19.75686331,ATR_STOP,-1.01344915
MVST,2025-02-19T11:45:00-05:00,2025-02-20T09:45:00-05:00,2,2.30172500,2.20063645,-0.20217710,-0.07480553,ATR_STOP,-1.01661071
SOXL,2025-02-20T09:45:00-05:00,2025-02-20T09:45:00-05:00,29,32.35424750,31.46116408,-25.89941913,-9.58278508,ATR_STOP,-1.02715860
NIO,2025-02-20T09:45:00-05:00,2025-02-20T09:45:00-05:00,5,4.48566173,4.40260310,-0.41529312,-0.15365845,ATR_STOP,-1.04143269
VISN,2025-02-20T09:30:00-05:00,2025-02-20T10:15:00-05:00,5,5.46409500,5.34135827,-0.61368367,-0.22706296,ATR_STOP,-1.03376655
IAUX,2025-02-20T10:00:00-05:00,2025-02-21T09:30:00-05:00,1223,0.77808312,0.83007697,63.58847855,23.52773706,TARGET_GAP,2.33382828
INTC,2025-02-21T09:30:00-05:00,2025-02-21T11:00:00-05:00,38,25.97947000,25.35171954,-23.85451754,-8.82617149,ATR_STOP,-1.03125901
QS,2025-02-21T09:45:00-05:00,2025-02-21T12:00:00-05:00,1,5.35901625,5.23733117,-0.12168508,-0.04502348,ATR_STOP,-1.03338266
GME,2025-02-20T12:45:00-05:00,2025-02-21T12:15:00-05:00,1,26.71962470,26.90548351,0.18585881,0.06876776,ATR_STOP,0.33028194
MRNA,2025-02-21T13:00:00-05:00,2025-02-21T13:00:00-05:00,2,35.62670000,34.25948513,-2.73442975,-1.01173901,ATR_STOP,-1.01916801
TSLZ,2025-02-21T11:45:00-05:00,2025-02-24T09:30:00-05:00,15,61.28593000,62.18678158,13.51277367,4.99972626,ATR_STOP,0.41459447
ALB,2025-02-18T10:15:00-05:00,2025-02-24T09:45:00-05:00,6,82.53185250,80.59761874,-11.60540254,-4.29399894,ATR_STOP,-1.03228494
IAUX,2025-02-21T15:00:00-05:00,2025-02-24T09:45:00-05:00,102,0.82421770,0.80834501,-1.61901484,-0.59903549,ATR_STOP,-1.03974286
SEDG,2025-02-24T09:45:00-05:00,2025-02-24T14:30:00-05:00,51,17.90341750,18.42230670,26.46334919,9.79143920,ATR_STOP,0.76805691
TSLQ,2025-02-25T09:30:00-05:00,2025-02-25T09:45:00-05:00,10,109.55210250,117.13766529,75.85562789,28.06658232,ATR_TARGET,1.97708493
NIO,2025-02-25T09:45:00-05:00,2025-02-25T10:00:00-05:00,93,4.47835625,4.37707761,-9.41891365,-3.48499805,ATR_STOP,-1.03352545
YINN,2025-02-25T11:00:00-05:00,2025-02-26T09:30:00-05:00,27,42.02149250,45.81561250,102.44124000,37.90325880,TARGET_GAP,3.33509555
SEDG,2025-02-26T09:45:00-05:00,2025-02-26T13:30:00-05:00,62,19.60469250,18.80309843,-49.69883262,-18.38856807,ATR_STOP,-1.01792158
VISN,2025-02-27T09:30:00-05:00,2025-02-27T09:30:00-05:00,185,6.28471000,6.01347481,-50.17850945,-18.56604850,ATR_STOP,-1.01692210
NIO,2025-02-26T12:45:00-05:00,2025-02-27T09:45:00-05:00,2,4.69852125,4.75143375,0.10582500,0.03915525,STOP_GAP,0.41119422
TSLQ,2025-02-26T10:30:00-05:00,2025-02-27T10:15:00-05:00,3,131.37846000,135.33821724,11.87927172,4.39533054,ATR_STOP,0.51033030
SEDG,2025-02-27T11:30:00-05:00,2025-02-27T15:15:00-05:00,19,18.81610150,18.04540732,-14.64318939,-5.41798007,ATR_STOP,-1.01788842
PRCH,2025-02-27T14:00:00-05:00,2025-02-28T09:30:00-05:00,1,7.08531000,6.53509500,-0.55021500,-0.20357955,STOP_GAP,-1.06979665
FLNA,2025-02-27T10:30:00-05:00,2025-02-28T09:30:00-05:00,453,2.60195000,2.47153688,-59.07714486,-21.85854360,ATR_STOP,-1.01442962
VISN,2025-03-03T14:45:00-05:00,2025-03-03T15:15:00-05:00,12,6.36477000,6.18647568,-2.13953184,-0.79162678,ATR_STOP,-1.02673949
BEKE,2025-03-04T09:30:00-05:00,2025-03-04T09:45:00-05:00,3,22.31672500,22.27328250,-0.13032750,-0.04822118,STOP_GAP,-0.17040750
TSLZ,2025-03-03T13:00:00-05:00,2025-03-04T09:45:00-05:00,9,82.86210000,95.07146976,109.88432785,40.65720130,ATR_TARGET,1.98837901
TSLQ,2025-03-03T13:00:00-05:00,2025-03-04T09:45:00-05:00,5,135.07122750,154.51199825,97.20385374,35.96542589,ATR_TARGET,1.98814005
ADMA,2025-03-11T09:45:00-04:00,2025-03-12T09:30:00-04:00,73,16.97272000,18.06422378,79.67977600,29.48151712,ATR_TARGET,1.97546140
BE,2025-03-11T12:00:00-04:00,2025-03-12T09:45:00-04:00,15,24.44331875,24.89327429,6.74933315,2.49725326,ATR_STOP,0.40171179
NVTS,2025-03-11T14:45:00-04:00,2025-03-12T09:45:00-04:00,4,2.50377643,2.51884842,0.06028796,0.02230655,ATR_STOP,0.13999719
VSAT,2025-03-12T09:45:00-04:00,2025-03-12T11:00:00-04:00,1,9.65723750,9.33363852,-0.32359898,-0.11973162,ATR_STOP,-1.02212769
MRNA,2025-03-12T15:00:00-04:00,2025-03-13T09:30:00-04:00,2,35.14634000,36.86964760,3.44661520,1.27524762,ATR_TARGET,1.96839144
AMD,2025-03-12T12:00:00-04:00,2025-03-13T09:45:00-04:00,3,100.50532250,98.25638211,-6.74682117,-2.49632383,ATR_STOP,-1.03390394
LUMN,2025-03-12T09:45:00-04:00,2025-03-13T11:15:00-04:00,1,4.93369750,4.74738890,-0.18630860,-0.06893418,ATR_STOP,-1.01949824
ADMA,2025-03-12T09:45:00-04:00,2025-03-17T12:00:00-04:00,71,17.94344750,19.17442451,87.39936740,32.33776594,ATR_TARGET,1.97688779
CCJ,2025-03-20T09:45:00-04:00,2025-03-20T12:15:00-04:00,30,44.73352500,44.99890968,7.96154035,2.94576993,ATR_STOP,0.33796085
BE,2025-03-20T10:00:00-04:00,2025-03-21T09:30:00-04:00,14,25.71927500,24.71767223,-14.02243875,-5.18830234,ATR_STOP,-1.01887204
CAPR,2025-03-20T14:15:00-04:00,2025-03-21T09:30:00-04:00,93,14.51087500,13.78040597,-67.93361935,-25.13543916,ATR_STOP,-1.01436285
RIVN,2025-03-21T09:45:00-04:00,2025-03-21T12:15:00-04:00,118,11.03827250,11.50322558,54.86446344,20.29985147,ATR_TARGET,1.96353829
TSLT,2025-03-21T09:45:00-04:00,2025-03-24T09:30:00-04:00,30,11.68876000,13.20009250,45.33997500,16.77579075,TARGET_GAP,2.82772379
TSLR,2025-03-21T12:30:00-04:00,2025-03-24T09:30:00-04:00,1,13.83036500,15.29851750,1.46815250,0.54321642,TARGET_GAP,2.34839986
VISN,2025-03-21T11:00:00-04:00,2025-03-24T09:30:00-04:00,1,5.54915875,5.78716685,0.23800810,0.08806300,ATR_TARGET,1.96415431
INTC,2025-03-21T12:30:00-04:00,2025-03-24T09:45:00-04:00,54,24.39508260,24.48770409,5.00156070,1.85057746,ATR_STOP,0.21303914
LUMN,2025-03-24T09:45:00-04:00,2025-03-24T12:15:00-04:00,79,5.04378000,4.92344493,-9.50647086,-3.51739422,ATR_STOP,-1.03168179
APPS,2025-03-21T13:00:00-04:00,2025-03-24T12:45:00-04:00,2,3.59279258,3.64896972,0.11235428,0.04157108,ATR_STOP,0.38076102
TNYA,2025-03-24T12:30:00-04:00,2025-03-25T09:45:00-04:00,567,0.69522103,0.66972703,-14.45509637,-5.34838566,ATR_STOP,-1.02011387
BLNK,2025-03-25T09:45:00-04:00,2025-03-25T10:00:00-04:00,1,1.05078750,1.01548792,-0.03529958,-0.01306084,ATR_STOP,-1.02206848
PRCH,2025-03-25T10:15:00-04:00,2025-03-25T10:30:00-04:00,53,7.20039625,7.70041621,26.50105802,9.80539147,ATR_TARGET,1.97714650
QUBT,2025-03-25T11:00:00-04:00,2025-03-25T11:30:00-04:00,6,8.91167875,8.46930486,-2.65424331,-0.98207003,ATR_STOP,-1.01457912
VISN,2025-03-25T09:30:00-04:00,2025-03-25T14:45:00-04:00,1,5.76432000,5.82865942,0.06433942,0.02380559,ATR_STOP,0.62825059
AMC,2025-03-25T12:45:00-04:00,2025-03-25T14:45:00-04:00,17,3.09782162,3.05407128,-0.74375584,-0.27518966,ATR_STOP,-1.05529135
TSLR,2025-03-25T15:00:00-04:00,2025-03-26T09:30:00-04:00,3,18.09356000,18.08642500,-0.02140500,-0.00791985,STOP_GAP,-0.01154408
APP,2025-03-25T10:45:00-04:00,2025-03-26T09:45:00-04:00,1,347.84068500,336.89436668,-10.94631832,-4.05013778,ATR_STOP,-1.02364627
HIVE,2025-03-26T09:30:00-04:00,2025-03-26T10:15:00-04:00,33,1.79134250,1.74023499,-1.68654775,-0.62402267,ATR_STOP,-1.02622732
VISN,2025-03-26T10:00:00-04:00,2025-03-26T11:15:00-04:00,57,5.91443250,5.77603264,-7.88879215,-2.91885310,ATR_STOP,-1.03233722
CLOV,2025-03-24T10:15:00-04:00,2025-03-26T12:15:00-04:00,345,3.82826905,3.73229072,-33.11252387,-12.25163383,ATR_STOP,-1.03006449
QS,2025-03-26T15:00:00-04:00,2025-03-26T15:15:00-04:00,290,4.62346500,4.53986237,-24.24476412,-8.97056273,ATR_STOP,-1.04248949
SOFI,2025-03-26T15:45:00-04:00,2025-03-27T09:30:00-04:00,100,13.16987000,12.60054250,-56.93275000,-21.06511750,STOP_GAP,-2.46809377
TSLR,2025-03-27T09:45:00-04:00,2025-03-27T10:45:00-04:00,73,17.35300500,19.09904602,127.46099421,46.85974209,ATR_TARGET,1.98371367
TSLT,2025-03-27T09:45:00-04:00,2025-03-27T11:30:00-04:00,25,15.01125000,15.62940995,15.45399871,5.71797952,ATR_STOP,0.78966745
QS,2025-03-27T11:00:00-04:00,2025-03-27T12:45:00-04:00,2,4.66149350,4.55161437,-0.21975826,-0.08131056,ATR_STOP,-1.03208887
RIVN,2025-03-27T11:00:00-04:00,2025-03-28T09:30:00-04:00,104,12.87464875,12.43822178,-45.38840511,-16.79370989,ATR_STOP,-1.02185872
BBBY,2025-03-27T10:30:00-04:00,2025-03-28T10:00:00-04:00,1,5.54415500,5.27552001,-0.26863499,-0.09939495,ATR_STOP,-1.01496025
ADMA,2025-04-15T09:45:00-04:00,2025-04-15T09:45:00-04:00,17,21.56616250,20.77004403,-13.53401407,-5.00758521,ATR_STOP,-1.01997263
IAUX,2025-04-15T09:45:00-04:00,2025-04-15T10:15:00-04:00,27,0.63407520,0.61260226,-0.57976933,-0.21451465,ATR_STOP,-1.02188138
CCJ,2025-04-15T09:45:00-04:00,2025-04-15T12:45:00-04:00,31,41.80633125,41.03948733,-23.77216158,-8.79569978,ATR_STOP,-1.04184918
AFRM,2025-04-15T10:15:00-04:00,2025-04-16T09:30:00-04:00,1,41.77130500,40.10989500,-1.66141000,-0.61472170,STOP_GAP,-1.27986818
NIO,2025-04-15T14:45:00-04:00,2025-04-16T09:30:00-04:00,362,3.63272250,3.44741250,-67.08222000,-24.82042140,STOP_GAP,-2.74098258
AMC,2025-04-15T15:00:00-04:00,2025-04-16T11:15:00-04:00,3,2.91718625,2.86381853,-0.16010316,-0.05923817,ATR_STOP,-1.04196700
NXE,2025-04-16T09:45:00-04:00,2025-04-16T11:15:00-04:00,10,4.59344250,4.75291008,1.59467582,0.59003005,ATR_TARGET,1.95623812
PLTR,2025-04-15T10:00:00-04:00,2025-04-16T12:45:00-04:00,3,95.89186500,92.77973739,-9.33638284,-3.45446165,ATR_STOP,-1.02288817
CLOV,2025-04-16T09:30:00-04:00,2025-04-16T13:45:00-04:00,341,3.71278250,3.64262826,-23.92259457,-8.85135999,ATR_STOP,-1.04055196
ACHR,2025-04-16T13:30:00-04:00,2025-04-16T13:45:00-04:00,40,7.06029125,6.87756299,-7.30913030,-2.70437821,ATR_STOP,-1.02907109
HIVE,2025-04-16T11:30:00-04:00,2025-04-16T15:00:00-04:00,38,1.46109500,1.40951092,-1.96019505,-0.72527217,ATR_STOP,-1.02093820
IAUX,2025-04-16T09:45:00-04:00,2025-04-17T10:00:00-04:00,6,0.62426785,0.60134632,-0.13752917,-0.81822381,ATR_STOP,-1.02008654
STX,2025-04-17T09:30:00-04:00,2025-04-17T14:30:00-04:00,5,73.54511750,76.14663529,13.00758897,4.81280792,ATR_TARGET,1.95700645
AFRM,2025-04-17T09:30:00-04:00,2025-04-21T09:30:00-04:00,30,40.75054000,41.26902500,15.55455000,5.75518350,STOP_GAP,0.48227460
PLTR,2025-04-21T09:45:00-04:00,2025-04-21T10:45:00-04:00,13,94.88110750,92.27245659,-33.91246185,-12.54761088,ATR_STOP,-1.02727275
BIDU,2025-04-21T14:15:00-04:00,2025-04-22T09:30:00-04:00,14,82.57188250,83.88703750,18.41217000,6.81250290,TARGET_GAP,2.05196281
QS,2025-04-21T14:45:00-04:00,2025-04-22T10:15:00-04:00,14,3.80274993,3.84484131,0.58927938,0.21803337,ATR_STOP,0.57715930
MVST,2025-04-22T09:30:00-04:00,2025-04-22T10:30:00-04:00,558,2.09156750,2.13495182,24.20845254,8.95712744,ATR_STOP,0.49207091
IAUX,2025-04-21T09:45:00-04:00,2025-04-22T14:00:00-04:00,609,0.62666965,0.60633104,-12.38621338,-4.58289895,ATR_STOP,-1.02288778
MIST,2025-04-21T15:30:00-04:00,2025-04-23T09:30:00-04:00,2,1.01075750,1.12588927,0.23026354,0.08519751,ATR_TARGET,1.98542725
BTE,2025-04-23T09:45:00-04:00,2025-04-23T10:15:00-04:00,729,1.73129750,1.67787837,-38.94254735,-14.40874252,ATR_STOP,-1.02414415
ABCL,2025-04-23T09:45:00-04:00,2025-04-23T11:15:00-04:00,133,2.64047888,2.55334301,-11.58907024,-4.28795599,ATR_STOP,-1.02248835
EOSE,2025-04-23T10:30:00-04:00,2025-04-23T11:45:00-04:00,2,4.98373500,4.78451008,-0.39844984,-0.14742644,ATR_STOP,-1.01835611
RIVN,2025-04-23T10:30:00-04:00,2025-04-24T09:30:00-04:00,101,12.15020583,11.75423117,-39.99344005,-15.58566629,ATR_STOP,-1.02278764
NXE,2025-04-23T13:15:00-04:00,2025-04-24T15:00:00-04:00,71,4.97372750,5.07801507,7.40441771,2.73963455,ATR_STOP,0.81449420
MRNA,2025-04-24T15:45:00-04:00,2025-04-25T09:30:00-04:00,13,27.27594163,26.80987750,-6.05883363,-2.24176844,STOP_GAP,-1.15033101
EOSE,2025-04-24T09:45:00-04:00,2025-04-25T09:30:00-04:00,244,4.94870875,4.77927734,-41.34126452,-15.29626787,ATR_STOP,-1.02162962
BLNK,2025-04-24T13:00:00-04:00,2025-04-25T10:30:00-04:00,1,0.76707487,0.77215857,0.00508370,0.00188097,ATR_STOP,0.26782652
TSLA,2025-04-25T09:45:00-04:00,2025-04-25T10:30:00-04:00,4,263.67761000,273.76218806,40.33831225,14.92517553,ATR_TARGET,1.96006323
TSLR,2025-04-25T09:45:00-04:00,2025-04-25T10:30:00-04:00,8,14.34074750,15.34457159,8.03059272,2.97131931,ATR_TARGET,1.97731390
ABCL,2025-04-25T09:30:00-04:00,2025-04-25T12:45:00-04:00,139,2.56192000,2.57934616,2.42223614,0.89622737,ATR_STOP,0.31338930
MRNA,2025-04-25T10:45:00-04:00,2025-04-25T15:15:00-04:00,43,27.62070000,27.00143667,-26.62832312,-9.85247955,ATR_STOP,-1.03383368
BIDU,2025-04-25T13:00:00-04:00,2025-04-28T09:30:00-04:00,3,91.10828000,89.70267250,-4.21682250,-1.56022433,STOP_GAP,-1.37438139
CSIQ,2025-04-25T15:30:00-04:00,2025-04-28T09:30:00-04:00,103,11.33349375,10.47713625,-88.20482250,-32.63578432,STOP_GAP,-1.72576235
RIVN,2025-04-25T10:45:00-04:00,2025-04-28T09:30:00-04:00,2,12.33424375,12.88665877,1.10483005,0.40878712,ATR_TARGET,1.96558453
EOSE,2025-04-25T13:15:00-04:00,2025-04-28T09:30:00-04:00,16,5.02876875,5.34504074,5.06035180,1.87233017,ATR_TARGET,1.97494853
NVTS,2025-04-24T09:45:00-04:00,2025-04-28T09:45:00-04:00,2,1.95146250,2.00177187,0.10061874,0.03722893,ATR_STOP,0.63060709
HIVE,2025-04-25T14:15:00-04:00,2025-04-28T09:45:00-04:00,2,1.80485263,1.74818746,-0.11333032,-0.04193222,ATR_STOP,-1.02370466
MRNA,2025-04-29T09:45:00-04:00,2025-04-29T10:15:00-04:00,41,27.97096250,27.37577851,-24.40254365,-9.02894115,ATR_STOP,-1.03575693
HIVE,2025-04-29T10:45:00-04:00,2025-04-29T11:15:00-04:00,642,1.76632375,1.70354609,-40.30325776,-14.91220537,ATR_STOP,-1.02079087
ACHR,2025-04-29T09:45:00-04:00,2025-04-29T13:00:00-04:00,41,8.62646500,8.70417285,3.18602204,1.17882815,ATR_STOP,0.37569565
ABCL,2025-04-29T12:30:00-04:00,2025-04-29T15:30:00-04:00,1,2.63107183,2.55863252,-0.07243930,-0.02680254,ATR_STOP,-1.02723263
BTU,2025-04-29T11:45:00-04:00,2025-04-29T15:45:00-04:00,87,12.71452875,12.79124060,6.67393111,2.46935451,ATR_STOP,0.31497452
SEDG,2025-04-29T14:00:00-04:00,2025-04-30T09:30:00-04:00,27,13.04577700,12.18085750,-23.35282650,-8.64054581,STOP_GAP,-2.46599156
EOSE,2025-04-29T15:45:00-04:00,2025-04-30T09:30:00-04:00,1,5.44908375,5.18610750,-0.26297625,-0.09730121,STOP_GAP,-1.89613778
EOSE,2025-05-13T09:45:00-04:00,2025-05-13T15:45:00-04:00,54,6.71503250,6.81460505,5.37691786,0.51129914,ATR_STOP,0.38145549
BTE,2025-05-13T10:45:00-04:00,2025-05-13T15:45:00-04:00,3,1.83137250,1.94781699,0.34933347,0.12925338,ATR_TARGET,1.97520137
SOFI,2025-05-14T09:45:00-04:00,2025-05-14T09:45:00-04:00,25,14.62095750,14.33384775,-7.17774374,-2.65576518,ATR_STOP,-1.03893036
NIO,2025-05-14T09:45:00-04:00,2025-05-15T09:30:00-04:00,1,4.17392810,4.05695500,-0.11697310,-0.04328005,STOP_GAP,-1.66907659
QS,2025-05-13T09:45:00-04:00,2025-05-15T09:30:00-04:00,257,4.31823625,4.22915229,-22.89457697,-9.07205027,ATR_STOP,-1.03694862
AMC,2025-05-14T10:15:00-04:00,2025-05-15T09:30:00-04:00,130,2.79709625,2.73717368,-7.78993385,-2.88227553,ATR_STOP,-1.03550176
AAOI,2025-05-15T09:45:00-04:00,2025-05-15T10:00:00-04:00,56,19.43456500,18.66469863,-43.11251665,-15.95163116,ATR_STOP,-1.01853396
RIVN,2025-05-15T09:45:00-04:00,2025-05-15T13:30:00-04:00,25,15.09131000,15.18864811,2.43345287,0.90037756,ATR_STOP,0.27960484
QUBT,2025-05-15T13:45:00-04:00,2025-05-16T09:30:00-04:00,41,9.23692250,10.52210250,52.69238000,19.49618060,TARGET_GAP,3.51023450
BBBY,2025-05-15T10:15:00-04:00,2025-05-16T09:30:00-04:00,184,5.75431250,6.21235906,84.28056632,31.18380954,ATR_TARGET,1.97984581
MVST,2025-05-15T10:00:00-04:00,2025-05-16T10:00:00-04:00,2,3.16126918,3.26747127,0.21240420,0.07858955,ATR_STOP,0.51730969
AMC,2025-05-15T14:15:00-04:00,2025-05-16T10:45:00-04:00,1,2.77708125,2.87103056,0.09394931,0.03476124,ATR_TARGET,1.95515515
QS,2025-05-16T10:15:00-04:00,2025-05-16T11:45:00-04:00,1,4.36827375,4.55301936,0.18474561,0.06835588,ATR_TARGET,1.96367693
HIVE,2025-05-16T09:45:00-04:00,2025-05-16T14:00:00-04:00,595,1.91643625,2.05132824,80.26073452,29.69647177,ATR_TARGET,1.97742971
ASPN,2025-05-16T11:15:00-04:00,2025-05-16T15:45:00-04:00,1,6.13109488,6.34251224,0.21141737,0.07822443,ATR_STOP,0.96191664
MU,2025-05-16T09:30:00-04:00,2025-05-19T09:30:00-04:00,4,96.04197750,95.63821750,-1.61504000,-0.59756480,STOP_GAP,-0.36151480
PRCH,2025-05-16T14:15:00-04:00,2025-05-19T09:30:00-04:00,111,10.72303625,10.30226750,-46.70533125,-17.28097256,STOP_GAP,-1.25724699
JMIA,2025-05-16T12:15:00-04:00,2025-05-19T09:30:00-04:00,1,3.16737375,3.07395736,-0.09341639,-0.03456406,ATR_STOP,-1.02532344
BTE,2025-05-16T12:30:00-04:00,2025-05-19T09:30:00-04:00,1,1.70127500,1.65317050,-0.04810450,-0.01779867,ATR_STOP,-1.02647697
TNYA,2025-05-19T13:30:00-04:00,2025-05-19T15:45:00-04:00,4,0.46715010,0.47615294,0.03601137,0.01332421,ATR_STOP,0.38864856
CAPR,2025-05-19T09:45:00-04:00,2025-05-20T09:30:00-04:00,47,9.61220375,10.85185500,58.26360875,21.55753524,TARGET_GAP,2.18616341
APP,2025-05-19T09:45:00-04:00,2025-05-21T09:30:00-04:00,3,367.27525000,359.41024000,-23.59503000,-8.73016110,STOP_GAP,-1.08697633
SLS,2025-05-20T15:15:00-04:00,2025-05-21T09:30:00-04:00,1,1.88641375,2.04846250,0.16204875,0.05995804,TARGET_GAP,2.79456657
MVST,2025-05-20T09:30:00-04:00,2025-05-21T09:30:00-04:00,136,3.59269250,3.67815264,11.62257876,4.30035414,ATR_STOP,0.47725741
IAUX,2025-05-21T09:30:00-04:00,2025-05-21T09:30:00-04:00,2015,0.54040500,0.55140994,22.17495895,8.20473481,ATR_TARGET,1.92751121
MU,2025-05-21T09:45:00-04:00,2025-05-21T13:15:00-04:00,12,98.61390500,97.42721236,-14.24031170,-5.26891533,ATR_STOP,-1.06566756
EVLV,2025-05-21T09:45:00-04:00,2025-05-21T13:15:00-04:00,71,5.82436500,5.89867193,5.27579210,1.95204308,ATR_STOP,0.30791781
ADMA,2025-05-28T10:15:00-04:00,2025-05-28T11:45:00-04:00,18,20.06503750,19.69281385,-6.70002573,-2.47900952,ATR_STOP,-1.04135120
PLUG,2025-05-28T11:45:00-04:00,2025-05-28T12:45:00-04:00,1,0.86825070,0.88634827,0.01809757,0.00669610,ATR_STOP,0.50423739
NXE,2025-05-28T09:45:00-04:00,2025-05-29T09:45:00-04:00,187,6.43982625,6.30413896,-25.37352246,-9.56510663,ATR_STOP,-1.03613173
BBBY,2025-05-29T09:30:00-04:00,2025-05-29T10:00:00-04:00,53,6.80510000,6.82421642,1.01317038,0.37487304,ATR_STOP,0.09371636
VUZI,2025-05-29T10:45:00-04:00,2025-05-29T12:15:00-04:00,312,3.16237000,2.96985507,-60.06465884,-22.22392377,ATR_STOP,-1.01171429
MVST,2025-05-28T11:00:00-04:00,2025-05-29T13:30:00-04:00,2,4.01300750,3.84048514,-0.34504472,-0.12766655,ATR_STOP,-1.01699203
MRNA,2025-05-29T11:00:00-04:00,2025-05-30T09:30:00-04:00,20,26.91557155,26.25648276,-13.18177577,-4.87725704,ATR_STOP,-1.03082219
VISN,2025-05-29T15:45:00-04:00,2025-05-30T09:30:00-04:00,156,6.29461743,6.17032741,-19.38924170,-7.17401943,ATR_STOP,-1.03870354
VUZI,2025-05-30T09:45:00-04:00,2025-05-30T09:45:00-04:00,291,3.22241500,3.02567162,-57.25232405,-21.18335990,ATR_STOP,-1.01167753
AMC,2025-05-30T10:15:00-04:00,2025-05-30T12:00:00-04:00,113,3.52764375,3.39623639,-14.84903186,-5.49414179,ATR_STOP,-1.01978211
STX,2025-05-30T10:15:00-04:00,2025-05-30T12:30:00-04:00,9,118.37871750,116.96620539,-12.71260895,-4.70366531,ATR_STOP,-1.06627090
ABCL,2025-05-28T11:00:00-04:00,2025-06-02T09:45:00-04:00,1,2.02651875,2.05389941,0.02738066,0.01013084,ATR_STOP,0.50826868
AMC,2025-05-30T14:15:00-04:00,2025-06-02T10:00:00-04:00,306,3.53264750,3.40742812,-38.31712911,-14.17733777,ATR_STOP,-1.02084991
JMIA,2025-05-30T15:30:00-04:00,2025-06-02T10:00:00-04:00,112,3.28746375,3.18815357,-11.12274039,-4.11541395,ATR_STOP,-1.02469023
NVTS,2025-06-02T14:30:00-04:00,2025-06-03T10:15:00-04:00,2,5.53344698,6.18901466,1.31113536,0.48512008,ATR_TARGET,1.98592804
ABCL,2025-06-02T11:15:00-04:00,2025-06-03T11:30:00-04:00,499,2.11238310,2.23074260,59.06138864,21.85271380,ATR_TARGET,1.97210265
ABCL,2025-06-03T11:45:00-04:00,2025-06-04T09:30:00-04:00,488,2.23667625,2.27702600,19.69068020,7.28555168,ATR_STOP,0.58424026
SOFI,2025-06-02T12:15:00-04:00,2025-06-04T10:00:00-04:00,26,13.64842865,13.35014174,-7.75545960,-2.86952005,ATR_STOP,-1.03475989
BLNK,2025-06-04T09:45:00-04:00,2025-06-04T10:00:00-04:00,1,0.81941410,0.79430314,-0.02511096,-0.00929106,ATR_STOP,-1.02431897
BTE,2025-06-04T09:45:00-04:00,2025-06-04T10:45:00-04:00,165,1.79634625,1.74194260,-8.97660234,-3.32134286,ATR_STOP,-1.02462393
CAPR,2025-06-04T10:15:00-04:00,2025-06-05T09:30:00-04:00,30,11.58368125,12.49062500,27.20831250,10.06707562,TARGET_GAP,1.98990389
APP,2025-06-04T09:45:00-04:00,2025-06-05T09:30:00-04:00,2,402.96199500,418.26281590,30.60164179,10.93713793,ATR_TARGET,1.95979026
TNYA,2025-06-04T11:15:00-04:00,2025-06-05T09:30:00-04:00,5,0.50657965,0.54000854,0.16714445,0.06184345,ATR_TARGET,1.97604138
JMIA,2025-06-04T11:00:00-04:00,2025-06-05T09:45:00-04:00,87,3.35751625,3.24889645,-9.44992249,-3.49647132,ATR_STOP,-1.02296545
SOFI,2025-06-05T09:30:00-04:00,2025-06-05T09:45:00-04:00,27,13.49011000,13.55612856,1.78250124,0.65952546,ATR_STOP,0.43748675
SOXL,2025-06-05T09:45:00-04:00,2025-06-05T09:45:00-04:00,43,19.49461000,19.02111275,-20.36038181,-7.53334127,ATR_STOP,-1.03108863
SOFI,2025-06-05T10:15:00-04:00,2025-06-05T11:00:00-04:00,26,13.83867123,14.30163331,12.03701429,4.45369529,ATR_TARGET,1.95467867
SGMT,2025-06-05T10:15:00-04:00,2025-06-05T11:00:00-04:00,1,4.44132850,5.18114522,0.73981672,0.27373219,ATR_TARGET,1.98954216
AFRM,2025-06-05T10:15:00-04:00,2025-06-05T12:45:00-04:00,20,55.46656875,56.10488646,12.76635415,4.72355104,ATR_STOP,0.65845626
PLUG,2025-06-03T10:30:00-04:00,2025-06-05T15:15:00-04:00,13,0.90998197,0.86790527,-0.54699716,-0.20238895,ATR_STOP,-1.01572512
SEDG,2025-06-05T13:45:00-04:00,2025-06-05T15:15:00-04:00,62,17.93344000,17.37118769,-34.85964318,-12.89806798,ATR_STOP,-1.02373968
PRME,2025-06-05T15:45:00-04:00,2025-06-06T09:30:00-04:00,53,1.39104250,1.52382257,7.03734349,2.60381709,ATR_TARGET,1.98291977
TNYA,2025-06-06T10:15:00-04:00,2025-06-09T09:30:00-04:00,1,0.58523860,0.69947500,0.11423640,0.04226747,TARGET_GAP,3.30480904
ASTS,2025-06-05T15:45:00-04:00,2025-06-09T09:30:00-04:00,34,30.41279250,33.53667744,106.21208807,39.29847259,ATR_TARGET,1.98401338
PLUG,2025-06-06T10:15:00-04:00,2025-06-09T09:45:00-04:00,1,0.96061993,1.05266069,0.09204077,0.03405508,ATR_TARGET,1.98297790
DDD,2025-06-06T09:45:00-04:00,2025-06-09T14:30:00-04:00,45,1.73129750,1.83576626,4.70109433,1.73940490,ATR_TARGET,1.97396501
IAUX,2025-06-09T10:45:00-04:00,2025-06-09T15:45:00-04:00,3,0.62696988,0.64279729,0.04748223,0.01756843,ATR_STOP,0.98324600
ABCL,2025-06-09T09:45:00-04:00,2025-06-10T09:45:00-04:00,439,2.50687875,2.63148136,54.70054752,20.23920258,ATR_TARGET,1.96879241
MVST,2025-06-10T09:30:00-04:00,2025-06-10T13:30:00-04:00,1,4.10307500,4.14834690,0.04527190,0.01675060,ATR_STOP,0.43295826
MU,2025-06-10T10:00:00-04:00,2025-06-10T14:00:00-04:00,10,112.80303888,113.33622651,5.33187632,1.97279424,ATR_STOP,0.38359321
JMIA,2025-06-09T15:00:00-04:00,2025-06-10T15:30:00-04:00,23,3.41756125,3.57481784,3.61690152,1.33825356,ATR_TARGET,1.96644829
LUMN,2025-06-10T11:45:00-04:00,2025-06-11T09:30:00-04:00,1,4.24818375,4.29929060,0.05110685,0.01890954,ATR_STOP,0.50343258
NIO,2025-06-10T14:30:00-04:00,2025-06-11T09:30:00-04:00,302,3.76282000,3.85854356,28.90851470,10.69615044,ATR_TARGET,1.94126769
NXE,2025-06-11T09:45:00-04:00,2025-06-11T10:15:00-04:00,180,6.41981125,6.64127119,39.86278981,14.74923223,ATR_TARGET,1.95597430
IAUX,2025-06-11T09:30:00-04:00,2025-06-11T10:30:00-04:00,133,0.62496838,0.66049844,4.72549844,1.74843442,ATR_TARGET,1.97247831
IAUX,2025-06-11T10:45:00-04:00,2025-06-11T13:15:00-04:00,22,0.66379747,0.67309539,0.20455414,0.07568503,ATR_STOP,0.38049547
PLUG,2025-06-11T09:45:00-04:00,2025-06-11T13:45:00-04:00,2,1.34220590,1.40738976,0.13036771,0.04823605,ATR_STOP,0.69248366
VSAT,2025-06-11T13:30:00-04:00,2025-06-11T14:00:00-04:00,1,11.11332875,10.79905970,-0.31426905,-0.11627955,ATR_STOP,-1.02647399
DDD,2025-06-11T13:30:00-04:00,2025-06-11T14:45:00-04:00,2,1.92144000,1.86750093,-0.10787813,-0.03991491,ATR_STOP,-1.02667961
ADMA,2025-06-11T10:30:00-04:00,2025-06-12T12:45:00-04:00,54,21.83636500,21.33068710,-27.30660654,-10.10344442,ATR_STOP,-1.03269568
NVTS,2025-06-12T13:45:00-04:00,2025-06-12T14:45:00-04:00,142,8.16612000,7.75768693,-57.99749604,-21.45907354,ATR_STOP,-1.01446220
APPS,2025-06-05T11:15:00-04:00,2025-06-13T09:30:00-04:00,71,5.28896375,4.78640750,-35.68149375,-13.20215269,STOP_GAP,-1.33596963
BTE,2025-06-11T14:15:00-04:00,2025-06-13T09:30:00-04:00,7,2.00650375,2.16837250,1.13308125,0.41924006,TARGET_GAP,2.80012570
ASTS,2025-06-11T10:45:00-04:00,2025-06-13T09:30:00-04:00,2,36.50065498,39.28532142,5.56933289,2.06065317,ATR_TARGET,1.97904442
VSAT,2025-06-12T15:30:00-04:00,2025-06-13T09:30:00-04:00,98,11.48360625,12.04899814,55.40840557,20.50111006,ATR_TARGET,1.96851332
BEKE,2025-06-13T09:45:00-04:00,2025-06-13T11:45:00-04:00,5,19.31447500,19.08697467,-1.13750166,-0.42087561,ATR_STOP,-1.06720309
PLTR,2025-06-13T09:45:00-04:00,2025-06-13T14:15:00-04:00,2,136.94263000,137.53823377,1.19120755,0.44074679,ATR_STOP,0.26285729
BTE,2025-06-13T15:15:00-04:00,2025-06-16T09:30:00-04:00,181,2.09657125,2.03105242,-11.85890819,-4.38779603,ATR_STOP,-1.02382135
IAUX,2025-06-13T09:45:00-04:00,2025-06-17T09:45:00-04:00,1835,0.66760032,0.69461697,49.57555250,18.34295442,ATR_STOP,1.18114573
KTOS,2025-06-17T10:00:00-04:00,2025-06-17T11:00:00-04:00,29,42.21163500,43.62207337,40.90271265,15.13400368,ATR_TARGET,1.95462642
EOSE,2025-06-17T10:00:00-04:00,2025-06-17T13:00:00-04:00,7,4.69852125,4.46681907,-1.62191527,-0.60010865,ATR_STOP,-1.01468200
INTC,2025-06-17T13:30:00-04:00,2025-06-17T14:15:00-04:00,28,21.28595250,20.97511701,-8.70339371,-3.22025567,ATR_STOP,-1.05334989
ABCL,2025-06-17T09:45:00-04:00,2025-06-17T14:30:00-04:00,114,3.25744125,3.14230999,-13.12496369,-4.85623657,ATR_STOP,-1.02091375
IAUX,2025-06-17T15:15:00-04:00,2025-06-18T09:30:00-04:00,2,0.71543618,0.70047525,-0.02992185,-0.01107109,ATR_STOP,-1.03642150
TPET,2025-06-17T13:15:00-04:00,2025-06-18T09:45:00-04:00,447,1.51123257,1.79301762,125.95791681,46.60442922,ATR_TARGET,1.99049363
VSAT,2025-06-17T14:45:00-04:00,2025-06-18T11:30:00-04:00,72,13.25993750,13.35181112,6.61490088,2.44751332,ATR_STOP,0.23802939
TDUP,2025-06-17T15:00:00-04:00,2025-06-18T13:30:00-04:00,1,8.01100375,8.37172699,0.36072324,0.13346760,ATR_TARGET,1.96575808
ABCL,2025-06-24T09:45:00-04:00,2025-06-24T11:30:00-04:00,151,3.40755375,3.62101266,32.23229543,11.92594931,ATR_TARGET,1.97485578
AMD,2025-06-24T09:45:00-04:00,2025-06-25T09:30:00-04:00,9,134.40072500,140.83429500,57.90213000,21.42378810,TARGET_GAP,2.30395111
TNYA,2025-06-24T15:15:00-04:00,2025-06-25T09:30:00-04:00,1,0.62306695,0.62686631,0.00379936,0.00140576,ATR_STOP,0.16067450
BE,2025-06-25T09:30:00-04:00,2025-06-25T09:30:00-04:00,54,23.01725000,22.58979399,-23.08262437,-8.54057102,ATR_STOP,-1.04130334
EVLV,2025-06-25T09:45:00-04:00,2025-06-25T10:45:00-04:00,196,6.28471000,6.11409895,-33.43976529,-12.37271316,ATR_STOP,-1.02764101
AAOI,2025-06-25T11:00:00-04:00,2025-06-25T12:30:00-04:00,50,23.94674660,25.96608002,100.96667113,37.35766832,ATR_TARGET,1.98088193
SLS,2025-06-24T12:30:00-04:00,2025-06-26T09:30:00-04:00,5,1.75631625,1.88954541,0.66614580,0.24647395,ATR_TARGET,1.97893427
SOFI,2025-06-24T11:45:00-04:00,2025-06-26T09:45:00-04:00,33,15.94314840,16.09102519,4.87993404,1.80557560,ATR_STOP,0.45176852
QS,2025-06-26T09:45:00-04:00,2025-06-26T10:30:00-04:00,1,5.93945125,6.89399385,0.95454260,0.35318076,ATR_TARGET,1.98921687
NXE,2025-06-26T11:30:00-04:00,2025-06-26T13:15:00-04:00,1,6.85513750,6.89879023,0.04365273,0.01615151,ATR_STOP,0.35404183
GME,2025-06-25T13:15:00-04:00,2025-06-26T14:00:00-04:00,54,23.39253125,23.98614968,32.05539510,11.86049619,ATR_TARGET,1.94112989
RIVN,2025-06-26T10:00:00-04:00,2025-06-27T09:30:00-04:00,38,13.98137818,13.73881271,-9.21748774,-3.41047046,ATR_STOP,-1.04439906
SOFI,2025-06-26T15:00:00-04:00,2025-06-27T09:30:00-04:00,76,16.71752875,17.16658532,34.12829952,12.62747082,ATR_TARGET,1.94421540
EOSE,2025-06-26T15:30:00-04:00,2025-06-27T09:45:00-04:00,2,4.58343500,4.45616227,-0.25454545,-0.09418182,ATR_STOP,-1.02698847
JMIA,2025-06-26T13:45:00-04:00,2025-06-27T10:45:00-04:00,2,3.28746375,3.29178470,0.00864189,0.00319750,ATR_STOP,0.05666859
SOXL,2025-06-27T10:15:00-04:00,2025-06-27T12:30:00-04:00,1,25.70926750,25.18519951,-0.52406799,-0.19390516,ATR_STOP,-1.03741962
TNYA,2025-06-25T14:15:00-04:00,2025-06-27T13:45:00-04:00,17,0.68040992,0.64940504,-0.52708300,-0.19502071,ATR_STOP,-1.01597182
AFRM,2025-06-27T09:45:00-04:00,2025-06-27T13:45:00-04:00,21,67.64069250,68.25360169,12.87109308,4.76230444,ATR_STOP,0.61102903
JMIA,2025-06-27T11:15:00-04:00,2025-06-27T15:30:00-04:00,2,3.40755375,3.63216665,0.44922579,0.16621354,ATR_TARGET,1.97601671
BLNK,2025-06-26T10:15:00-04:00,2025-06-30T09:30:00-04:00,1,0.99274400,0.92463696,-0.06810704,-0.02519960,ATR_STOP,-1.01029472
VSXY,2025-06-27T09:45:00-04:00,2025-06-30T09:30:00-04:00,20,19.29446000,18.89731235,-7.94295304,-2.93889262,ATR_STOP,-1.03703643
SEDG,2025-06-27T15:15:00-04:00,2025-06-30T09:30:00-04:00,73,19.61470000,20.81423324,87.56592658,32.39939284,ATR_TARGET,1.97428742
LUMN,2025-06-27T12:45:00-04:00,2025-06-30T09:45:00-04:00,5,4.40830375,4.45490270,0.23299474,0.08620805,ATR_STOP,0.45819416
EVLV,2025-06-30T09:30:00-04:00,2025-06-30T13:00:00-04:00,2,6.27470250,6.29891695,0.04842889,0.01791869,ATR_STOP,0.17337234
EOSE,2025-06-30T10:15:00-04:00,2025-07-01T09:30:00-04:00,5,4.84002730,5.02622750,0.93100100,0.34447037,STOP_GAP,0.89650655
ACHR,2025-06-30T09:45:00-04:00,2025-07-01T09:30:00-04:00,141,10.73654638,10.42039367,-44.57753141,-16.49368662,ATR_STOP,-1.02536608
QS,2025-06-30T09:45:00-04:00,2025-07-01T09:30:00-04:00,52,6.87515250,6.46523939,-21.31548156,-7.88672818,ATR_STOP,-1.01197986
PRME,2025-06-30T13:45:00-04:00,2025-07-01T09:30:00-04:00,5,2.55651595,2.42720285,-0.64656548,-0.23922923,ATR_STOP,-1.01428935
NIO,2025-07-01T09:45:00-04:00,2025-07-01T10:45:00-04:00,416,3.55266250,3.48585839,-27.79051104,-10.28248908,ATR_STOP,-1.04076098
LUMN,2025-07-01T09:45:00-04:00,2025-07-01T10:45:00-04:00,1,4.44833375,4.35137262,-0.09696113,-0.03587562,ATR_STOP,-1.03485750
BBBY,2025-07-01T09:45:00-04:00,2025-07-01T11:45:00-04:00,55,6.99524250,7.58521814,32.44866045,12.00600437,ATR_TARGET,1.98088474
VSAT,2025-07-01T12:00:00-04:00,2025-07-01T12:00:00-04:00,26,15.04127250,14.69000949,-9.13283832,-3.37915018,ATR_STOP,-1.03240614
INTC,2025-07-01T11:15:00-04:00,2025-07-01T12:45:00-04:00,64,22.75705500,22.79463048,2.40483048,0.88978728,ATR_STOP,0.11906241
PRCH,2025-07-01T13:45:00-04:00,2025-07-02T09:30:00-04:00,115,12.62946500,12.06094750,-65.37951250,-24.19041963,STOP_GAP,-1.02773038
PRME,2025-07-01T14:15:00-04:00,2025-07-02T09:45:00-04:00,2,2.66699875,2.98094441,0.62789133,0.23231979,ATR_TARGET,1.98584753
NIO,2025-07-02T09:45:00-04:00,2025-07-02T10:00:00-04:00,398,3.54265500,3.48043984,-24.76163514,-9.16180500,ATR_STOP,-1.04382824
PLUG,2025-07-02T09:45:00-04:00,2025-07-02T10:30:00-04:00,1,1.49111750,1.41814304,-0.07297446,-0.02700055,ATR_STOP,-1.01480190
DDD,2025-07-01T12:15:00-04:00,2025-07-02T11:15:00-04:00,254,1.57117750,1.67774278,27.06758078,10.01500489,ATR_TARGET,1.97664258
SLS,2025-07-02T10:30:00-04:00,2025-07-02T15:00:00-04:00,1,2.15081190,2.18017513,0.02936323,0.01086439,ATR_STOP,0.32496918
LUMN,2025-07-01T11:30:00-04:00,2025-07-03T09:45:00-04:00,2,4.47835625,4.54179110,0.12686970,0.04694179,STOP_GAP,0.59758290
GGLL,2025-07-02T10:15:00-04:00,2025-07-03T09:45:00-04:00,40,34.96620500,35.23355500,10.69400000,3.95678000,STOP_GAP,0.40211675
ABCL,2025-07-02T11:45:00-04:00,2025-07-03T09:45:00-04:00,115,3.61771125,3.68995556,8.30809512,3.07399519,ATR_STOP,0.57744728
HIVE,2025-07-02T15:30:00-04:00,2025-07-03T09:45:00-04:00,1,2.26609830,2.32215408,0.05605578,0.02074064,ATR_STOP,0.55699674
PLUG,2025-07-03T10:00:00-04:00,2025-07-03T10:45:00-04:00,278,1.53114750,1.45996948,-19.78749059,-7.32137152,ATR_STOP,-1.01563590
NXE,2025-07-03T11:15:00-04:00,2025-07-03T13:00:00-04:00,1,6.86064163,6.72575283,-0.13488879,-0.04990885,ATR_STOP,-1.03887919
NIO,2025-07-03T09:45:00-04:00,2025-07-07T09:30:00-04:00,404,3.49261750,3.43721471,-22.38272814,-8.28160941,ATR_STOP,-1.04883949
SOFI,2025-07-07T09:45:00-04:00,2025-07-07T10:15:00-04:00,74,18.71902875,18.83409632,8.51500049,3.15055018,ATR_STOP,0.34184638
EOSE,2025-07-07T09:45:00-04:00,2025-07-07T11:30:00-04:00,3,5.30397500,5.11607491,-0.56370027,-0.20856910,ATR_STOP,-1.02086240
LUMN,2025-07-07T10:45:00-04:00,2025-07-07T11:30:00-04:00,2,4.68351000,4.53481435,-0.29739130,-0.11003478,ATR_STOP,-1.02342637
VISN,2025-07-03T11:00:00-04:00,2025-07-07T14:30:00-04:00,2,8.46134125,8.27139983,-0.37988283,-0.14055665,ATR_STOP,-1.03378924
CLOV,2025-07-07T13:15:00-04:00,2025-07-08T09:30:00-04:00,8,2.90717875,3.16726931,2.08072452,0.76986807,ATR_TARGET,1.98188551
CSIQ,2025-07-07T10:30:00-04:00,2025-07-08T09:45:00-04:00,107,12.93289240,13.96668195,110.61548167,40.92772822,ATR_TARGET,1.97992311
FIVN,2025-07-03T11:00:00-04:00,2025-07-08T10:30:00-04:00,14,27.89590625,29.00416918,15.51568108,5.74080200,ATR_TARGET,1.96147110
BTE,2025-07-08T09:45:00-04:00,2025-07-08T10:30:00-04:00,13,1.84168023,1.94590162,1.35487820,0.50130493,ATR_TARGET,1.97236005
MIST,2025-07-07T15:15:00-04:00,2025-07-08T10:45:00-04:00,8,2.19664625,2.23093489,0.27430909,0.10149436,ATR_STOP,0.39460522
CGTX,2025-07-08T09:30:00-04:00,2025-07-08T11:30:00-04:00,1,0.59684730,0.52394620,-0.07290110,-0.02697341,ATR_STOP,-1.00542361
PLUG,2025-07-08T10:00:00-04:00,2025-07-08T13:15:00-04:00,998,1.45609125,1.39131177,-64.64992295,-23.92047149,ATR_STOP,-1.01638446
AAOI,2025-07-08T14:00:00-04:00,2025-07-09T09:45:00-04:00,52,26.99022750,28.66208250,86.93646013,32.16649025,ATR_TARGET,1.97459182
PRME,2025-07-08T14:00:00-04:00,2025-07-09T09:45:00-04:00,2,4.03802625,4.50826234,0.94047219,0.34797471,ATR_TARGET,1.98571118
DDD,2025-07-08T11:00:00-04:00,2025-07-09T10:15:00-04:00,12,1.72629375,1.74641195,0.24141841,0.08932481,ATR_STOP,0.36812717
SOXL,2025-07-08T10:45:00-04:00,2025-07-09T10:30:00-04:00,16,26.43981500,26.67253789,3.72356622,1.37771950,ATR_STOP,0.29743159
CGTX,2025-07-09T09:30:00-04:00,2025-07-09T11:30:00-04:00,2,0.56242150,0.57039891,0.01595481,0.00590328,ATR_STOP,0.15204775
KTOS,2025-07-09T11:00:00-04:00,2025-07-10T09:30:00-04:00,9,44.95369000,46.59292913,14.75315218,5.45866631,ATR_TARGET,1.95822397
PRME,2025-07-09T11:00:00-04:00,2025-07-10T09:30:00-04:00,8,4.73354750,4.37642123,-2.85701014,-1.05709375,ATR_STOP,-1.00928319
ABCL,2025-07-09T12:15:00-04:00,2025-07-10T09:30:00-04:00,1,4.06304500,4.31138487,0.24833987,0.09188575,ATR_TARGET,1.97427443
KTOS,2025-07-10T09:45:00-04:00,2025-07-10T09:45:00-04:00,9,46.33472500,45.59734897,-6.63638429,-2.45546219,ATR_STOP,-1.04867178
SOXL,2025-07-10T09:45:00-04:00,2025-07-10T09:45:00-04:00,1,27.33548625,26.68007054,-0.65541571,-0.24250381,ATR_STOP,-1.03151616
NIO,2025-07-10T09:45:00-04:00,2025-07-10T10:45:00-04:00,2,3.51053092,3.60185250,0.18264315,0.06757796,ATR_TARGET,1.94249578
QS,2025-07-09T10:00:00-04:00,2025-07-10T11:15:00-04:00,173,8.48135625,8.74357169,45.36327083,16.78441021,ATR_STOP,0.64489527
HIVE,2025-07-10T11:30:00-04:00,2025-07-10T15:45:00-04:00,3,2.25699147,2.28939139,0.09719974,0.03596390,ATR_STOP,0.41670607
SOXL,2025-07-10T11:30:00-04:00,2025-07-11T09:30:00-04:00,54,27.70576375,26.83985500,-46.75907250,-17.30085682,STOP_GAP,-1.19513713
DDD,2025-07-10T10:15:00-04:00,2025-07-11T09:30:00-04:00,242,1.82636875,1.76944198,-13.77627894,-5.09722321,ATR_STOP,-1.02388685
CSIQ,2025-07-11T09:30:00-04:00,2025-07-11T09:30:00-04:00,105,13.98047750,13.74731637,-24.48191865,-9.05830990,ATR_STOP,-1.04630269
HIVE,2025-07-11T09:45:00-04:00,2025-07-11T11:45:00-04:00,168,2.43162235,2.32932579,-17.18582145,-6.35875394,ATR_STOP,-1.01738773
SOFI,2025-07-11T09:45:00-04:00,2025-07-14T09:30:00-04:00,69,21.51612500,20.96557573,-37.98789992,-14.05552297,ATR_STOP,-1.02942332
SGML,2025-07-11T14:45:00-04:00,2025-07-14T09:30:00-04:00,1,5.54915875,5.88848410,0.33932535,0.12555038,ATR_TARGET,1.97428514
SEDG,2025-07-14T09:45:00-04:00,2025-07-14T10:00:00-04:00,54,27.15535125,26.30621875,-45.85315515,-16.96566740,ATR_STOP,-1.02380607
BTU,2025-07-11T12:00:00-04:00,2025-07-15T09:30:00-04:00,26,15.05128000,14.67499957,-9.78329119,-3.61981774,ATR_STOP,-1.03015477
TSLT,2025-07-15T09:45:00-04:00,2025-07-15T10:30:00-04:00,24,15.92693625,15.53765918,-9.34264978,-3.45678042,ATR_STOP,-1.03088328
CLOV,2025-07-14T10:15:00-04:00,2025-07-15T10:45:00-04:00,472,3.04728375,2.96394213,-39.33724288,-14.55477986,ATR_STOP,-1.02742490
PLUG,2025-07-15T09:45:00-04:00,2025-07-15T10:45:00-04:00,2,1.60960630,1.54618734,-0.12683793,-0.04693003,ATR_STOP,-1.01864021
GGLL,2025-07-15T11:15:00-04:00,2025-07-15T15:45:00-04:00,37,37.46808000,36.74369533,-26.80223269,-9.91682609,ATR_STOP,-1.03957837
BTE,2025-07-15T12:30:00-04:00,2025-07-16T09:30:00-04:00,3,1.90642875,1.85373477,-0.15808195,-0.05849032,ATR_STOP,-1.02712033
SEDG,2025-07-16T09:30:00-04:00,2025-07-16T09:30:00-04:00,50,27.33048250,26.45628103,-43.71007339,-16.17272715,ATR_STOP,-1.02324251
APP,2025-07-16T09:45:00-04:00,2025-07-16T11:45:00-04:00,3,355.83667750,349.31518314,-19.56448307,-7.23885874,ATR_STOP,-1.04188688
KTOS,2025-07-16T09:45:00-04:00,2025-07-16T12:45:00-04:00,5,51.95894000,53.66976186,8.55410928,3.16502044,ATR_TARGET,1.95399185
ASTS,2025-07-15T12:00:00-04:00,2025-07-17T09:30:00-04:00,8,50.05751500,53.51776656,27.68201247,10.24234462,ATR_TARGET,1.97704935
CLOV,2025-07-16T13:15:00-04:00,2025-07-17T10:30:00-04:00,92,3.00225000,3.11702142,10.55897090,3.90681923,ATR_TARGET,1.96004608
PLUG,2025-07-17T09:45:00-04:00,2025-07-17T12:00:00-04:00,36,1.57618125,1.61752161,1.48825310,0.55065365,ATR_STOP,0.72038506
APP,2025-07-17T09:45:00-04:00,2025-07-17T13:15:00-04:00,1,360.44262938,361.78204449,1.33941511,0.49558359,ATR_STOP,0.19347781
KC,2025-07-17T10:45:00-04:00,2025-07-18T09:30:00-04:00,19,14.84612625,15.78815000,17.89845125,6.62242696,TARGET_GAP,2.93816737
SOFI,2025-07-17T13:00:00-04:00,2025-07-18T09:45:00-04:00,2,22.04151875,22.71824835,1.35345919,0.50077990,ATR_TARGET,1.95084480
PLTR,2025-07-17T13:30:00-04:00,2025-07-18T10:00:00-04:00,2,154.67592000,152.69535609,-3.96112781,-1.46561729,ATR_STOP,-1.06142023
BBBY,2025-07-17T14:00:00-04:00,2025-07-18T10:45:00-04:00,8,7.99098875,8.52413466,4.26516732,1.57811191,ATR_TARGET,1.97628404
ABCL,2025-07-18T10:45:00-04:00,2025-07-18T11:15:00-04:00,74,4.11688535,4.31926725,14.97626035,5.54121633,ATR_TARGET,1.96846783
NIO,2025-07-18T10:00:00-04:00,2025-07-18T11:45:00-04:00,11,4.50837875,4.38846313,-1.31907185,-0.48805658,ATR_STOP,-1.02824358
CGTX,2025-07-16T09:45:00-04:00,2025-07-18T12:30:00-04:00,32,0.63537617,0.67773831,1.35558843,0.50156772,ATR_STOP,0.77697506
TSLR,2025-07-16T12:30:00-04:00,2025-07-18T12:45:00-04:00,55,18.96421250,19.45817165,27.16775346,10.05206878,ATR_STOP,0.76205054
BLNK,2025-07-18T14:30:00-04:00,2025-07-21T09:30:00-04:00,4,1.06069493,1.13708999,0.30558026,0.11306470,ATR_TARGET,1.97790359
TSLL,2025-07-18T14:15:00-04:00,2025-07-21T09:45:00-04:00,91,12.44933000,12.48432973,3.18497498,1.17844074,STOP_GAP,0.09980644
RIVN,2025-07-18T11:30:00-04:00,2025-07-21T09:45:00-04:00,28,13.45008000,13.78689819,9.43090932,3.48943645,ATR_STOP,0.95615092
HIVE,2025-07-21T09:45:00-04:00,2025-07-21T10:30:00-04:00,493,2.30843003,2.46390648,76.64989283,28.36046035,ATR_TARGET,1.97649061
TDUP,2025-07-21T10:45:00-04:00,2025-07-21T15:45:00-04:00,4,7.83517197,8.36922234,2.13620146,0.79039454,ATR_TARGET,1.97674901
SGML,2025-07-18T09:45:00-04:00,2025-07-22T09:45:00-04:00,43,6.79008875,6.93353060,6.16799939,2.28215977,ATR_STOP,0.50983400
NIO,2025-07-21T10:00:00-04:00,2025-07-22T09:45:00-04:00,83,4.61846125,4.70659390,7.31501000,2.70655370,ATR_STOP,0.66575380
YINN,2025-07-21T10:45:00-04:00,2025-07-22T11:45:00-04:00,25,46.07973390,47.29992698,30.50482703,11.28678600,ATR_TARGET,1.94345509
BIDU,2025-07-22T10:30:00-04:00,2025-07-22T11:45:00-04:00,7,91.06825000,93.26868614,15.40305301,5.69912961,ATR_TARGET,1.93833441
HIVE,2025-07-22T12:15:00-04:00,2025-07-23T09:45:00-04:00,630,2.40180000,2.39949902,-1.44961425,-0.53635727,STOP_GAP,-0.02120850
ASPN,2025-07-22T11:30:00-04:00,2025-07-23T10:45:00-04:00,1,7.65573750,8.17365678,0.51791928,0.19163013,ATR_TARGET,1.97658698
RIVN,2025-07-22T10:45:00-04:00,2025-07-23T11:00:00-04:00,3,14.21054993,13.83269488,-1.13356514,-0.41941910,ATR_STOP,-1.02825327
CGTX,2025-07-22T13:00:00-04:00,2025-07-23T11:45:00-04:00,405,0.76302184,0.77596675,5.24268784,1.93979450,ATR_STOP,0.31386098
BTE,2025-07-21T14:45:00-04:00,2025-07-23T12:30:00-04:00,2,1.96147000,2.04067446,0.15840893,0.05861130,ATR_TARGET,1.96205776
MVST,2025-07-23T11:15:00-04:00,2025-07-23T13:00:00-04:00,11,3.58268500,3.45008573,-1.45859201,-0.53967904,ATR_STOP,-1.01991778
BTE,2025-07-23T12:45:00-04:00,2025-07-23T15:00:00-04:00,78,2.04653375,2.13640323,7.00981971,2.59363329,ATR_TARGET,1.96494036
VISN,2025-07-23T11:00:00-04:00,2025-07-23T15:15:00-04:00,2,8.00099625,8.38461209,0.76723168,0.28387572,ATR_TARGET,1.96771976
AMD,2025-07-23T12:00:00-04:00,2025-07-24T10:00:00-04:00,1,158.76398375,159.78800655,1.02402280,0.37888843,ATR_STOP,0.46104336
DDD,2025-07-23T13:30:00-04:00,2025-07-24T10:00:00-04:00,20,1.90142500,2.01284720,2.22844408,0.82452431,ATR_TARGET,1.97324486
CGTX,2025-07-23T15:30:00-04:00,2025-07-24T11:00:00-04:00,80,0.81050742,0.85956860,3.92489375,1.45221069,ATR_TARGET,1.97404112
TDUP,2025-07-22T09:30:00-04:00,2025-07-24T11:15:00-04:00,3,8.36627000,8.07308822,-0.87954534,-0.32543177,ATR_STOP,-1.02110375
QS,2025-07-24T10:30:00-04:00,2025-07-24T12:45:00-04:00,14,13.29996750,12.62924531,-9.39011066,-3.47434095,ATR_STOP,-1.01433519
STX,2025-07-23T10:00:00-04:00,2025-07-24T15:45:00-04:00,10,150.40521938,152.48571749,20.80498116,7.69784303,ATR_STOP,1.00545729
ABCL,2025-07-24T15:30:00-04:00,2025-07-24T15:45:00-04:00,1,5.13144570,5.01929330,-0.11215240,-0.04149639,ATR_STOP,-1.03475842
ASTS,2025-07-23T15:15:00-04:00,2025-07-25T09:30:00-04:00,2,58.28368000,56.20781250,-4.15173500,-1.53614195,STOP_GAP,-1.19108682
EVLV,2025-07-24T13:15:00-04:00,2025-07-25T09:30:00-04:00,41,6.80409925,6.64462451,-6.53846449,-2.41923186,ATR_STOP,-1.03228227
CCJ,2025-07-25T09:30:00-04:00,2025-07-25T09:45:00-04:00,1,79.58964750,78.72909254,-0.86055496,-0.31840534,ATR_STOP,-1.07372901
RIVN,2025-07-25T09:30:00-04:00,2025-07-25T10:45:00-04:00,109,13.90041750,14.28893246,42.34813109,15.66880851,ATR_TARGET,1.94627417
NIO,2025-07-25T10:15:00-04:00,2025-07-25T12:00:00-04:00,47,4.93359743,4.97267455,1.83662508,0.67955128,ATR_STOP,0.37593956
EOSE,2025-07-25T11:00:00-04:00,2025-07-25T13:45:00-04:00,236,6.53489750,6.27959439,-60.25153416,-22.29306764,ATR_STOP,-1.01880854
AMD,2025-07-25T09:45:00-04:00,2025-07-28T09:30:00-04:00,1,163.43248250,168.92321250,5.49073000,2.03157010,TARGET_GAP,2.65467120
APPS,2025-07-25T12:15:00-04:00,2025-07-28T09:45:00-04:00,43,5.43907625,5.43092375,-0.35055750,-0.12970627,STOP_GAP,-0.05470120
EVLV,2025-07-25T14:00:00-04:00,2025-07-28T10:45:00-04:00,225,6.69001375,6.74374476,12.08947650,4.47310631,ATR_STOP,0.40078682
BTE,2025-07-28T09:45:00-04:00,2025-07-28T11:15:00-04:00,2,2.15661625,2.18033243,0.04743235,0.01754997,ATR_STOP,0.44370551
VISN,2025-07-28T09:45:00-04:00,2025-07-29T09:30:00-04:00,49,8.06604500,8.39370000,16.05509500,5.94038515,TARGET_GAP,2.16662363
TSLA,2025-07-28T11:00:00-04:00,2025-07-29T09:30:00-04:00,4,328.29603750,321.36441466,-27.72649135,-10.25880180,ATR_STOP,-1.03605219
TSLL,2025-07-28T11:00:00-04:00,2025-07-29T09:30:00-04:00,16,12.14219983,11.66760819,-7.59346623,-2.80958250,ATR_STOP,-1.01879912
APP,2025-07-29T09:45:00-04:00,2025-07-29T10:00:00-04:00,3,374.13038750,367.53344394,-19.79083069,-7.32260735,ATR_STOP,-1.04364075
NXE,2025-07-29T09:30:00-04:00,2025-07-29T11:15:00-04:00,58,7.09531750,6.98615849,-6.33122260,-2.34255236,ATR_STOP,-1.05045978
BTE,2025-07-29T10:00:00-04:00,2025-07-29T11:15:00-04:00,1,2.19164250,2.13891427,-0.05272823,-0.01950945,ATR_STOP,-1.03140259
CCJ,2025-07-29T10:45:00-04:00,2025-07-29T11:15:00-04:00,13,80.08501875,78.94881918,-14.77059440,-5.46511993,ATR_STOP,-1.05502244
EVLV,2025-07-29T13:30:00-04:00,2025-07-29T15:30:00-04:00,7,6.97993103,6.80561301,-1.22022612,-0.45148366,ATR_STOP,-1.03018759
GGLL,2025-07-29T12:00:00-04:00,2025-07-30T09:45:00-04:00,35,41.76129750,42.12410897,12.69840161,4.69840860,ATR_STOP,0.58183707
VISN,2025-07-30T09:45:00-04:00,2025-07-30T12:45:00-04:00,5,8.52639000,8.31077047,-1.07809765,-0.39889613,ATR_STOP,-1.02979130
BE,2025-07-30T10:15:00-04:00,2025-07-30T13:15:00-04:00,41,35.57666250,37.37996489,73.93539811,27.35609730,ATR_TARGET,1.96936043
LUMN,2025-07-29T09:45:00-04:00,2025-07-30T14:00:00-04:00,80,4.55341250,4.46970988,-6.69620959,-2.47759755,ATR_STOP,-1.04175345
BTE,2025-07-30T13:00:00-04:00,2025-07-30T14:30:00-04:00,20,2.18203530,2.13296494,-0.98140719,-0.36312066,ATR_STOP,-1.03372537
ASPN,2025-07-30T14:15:00-04:00,2025-07-30T14:45:00-04:00,185,8.28621000,8.06909434,-40.16639741,-14.86156704,ATR_STOP,-1.02869508
AMD,2025-07-30T14:45:00-04:00,2025-07-30T14:45:00-04:00,2,180.17513007,177.75119124,-4.84787767,-1.79371474,ATR_STOP,-1.05824579
EOSE,2025-07-30T09:45:00-04:00,2025-07-30T15:30:00-04:00,1,6.14460500,5.95547346,-0.18913154,-0.06997867,ATR_STOP,-1.02420621
TSLZ,2025-07-30T15:00:00-04:00,2025-07-30T15:45:00-04:00,47,31.69375250,30.66062758,-48.55687137,-17.96604241,ATR_STOP,-1.02278235
EOSE,2025-07-31T10:15:00-04:00,2025-07-31T10:45:00-04:00,1,6.52288850,6.09765197,-0.42523653,-0.15733751,ATR_STOP,-1.01087974
VSAT,2025-07-31T09:45:00-04:00,2025-07-31T13:00:00-04:00,92,16.02200750,17.19855478,108.24234938,40.04966927,ATR_TARGET,1.97829495
BE,2025-07-31T09:45:00-04:00,2025-07-31T15:45:00-04:00,9,38.35374375,36.94777053,-12.65375901,-4.68189083,ATR_STOP,-1.02012102
LUMN,2025-07-31T11:45:00-04:00,2025-08-01T09:30:00-04:00,2,4.49817110,4.01698500,-0.96237220,-0.35607771,STOP_GAP,-4.52175313
APPS,2025-07-31T15:30:00-04:00,2025-08-01T09:30:00-04:00,2,5.47410250,5.23607000,-0.47606500,-0.17614405,STOP_GAP,-1.39017523
BTE,2025-08-01T09:45:00-04:00,2025-08-01T10:00:00-04:00,165,2.18163500,2.10483085,-12.67268499,-4.68889345,ATR_STOP,-1.02100129
VSAT,2025-07-31T13:15:00-04:00,2025-08-01T11:15:00-04:00,94,16.25218000,16.32079478,6.44978937,2.38642207,ATR_STOP,0.09457482
CAPR,2025-07-30T12:30:00-04:00,2025-08-04T09:30:00-04:00,1,8.21615750,7.66860615,-0.54755135,-0.20259400,ATR_STOP,-1.01062351
TDUP,2025-08-01T13:15:00-04:00,2025-08-04T09:45:00-04:00,42,8.55641250,8.99827593,18.55826418,6.86655775,ATR_TARGET,1.96989071
ADMA,2025-08-01T12:00:00-04:00,2025-08-04T14:00:00-04:00,79,19.31447500,20.11917871,63.57159294,23.52148939,ATR_TARGET,1.96316021
SOFI,2025-08-05T09:45:00-04:00,2025-08-05T11:30:00-04:00,44,21.87639500,21.43289268,-19.51410216,-7.22021780,ATR_STOP,-1.03763722
EVLV,2025-08-05T13:45:00-04:00,2025-08-06T09:30:00-04:00,137,7.01025375,7.02972082,2.66698855,0.98678576,ATR_STOP,0.14779360
BTE,2025-08-06T09:45:00-04:00,2025-08-06T12:00:00-04:00,41,2.18713913,2.13277409,-2.22896630,-0.82471753,ATR_STOP,-1.03033837
REPL,2025-08-05T09:45:00-04:00,2025-08-06T12:15:00-04:00,162,5.99449250,5.50474983,-79.33831308,-29.35517584,ATR_STOP,-1.00850817
PLTR,2025-08-06T09:45:00-04:00,2025-08-06T13:00:00-04:00,5,174.52579625,176.93090757,12.02555662,4.44945595,ATR_STOP,0.61064712
BE,2025-08-06T12:15:00-04:00,2025-08-07T10:00:00-04:00,2,39.61468875,38.14102241,-2.94733268,-1.09051309,ATR_STOP,-1.01981070
PRCH,2025-08-07T09:30:00-04:00,2025-08-07T10:15:00-04:00,20,16.34224750,15.55855627,-15.67382469,-5.79931514,ATR_STOP,-1.01512626
AFRM,2025-08-06T15:15:00-04:00,2025-08-07T10:30:00-04:00,19,77.27291125,77.89192161,11.76119686,4.35164284,ATR_STOP,0.47924795
EOSE,2025-08-07T10:15:00-04:00,2025-08-07T12:30:00-04:00,11,6.82351380,6.54624118,-3.04999883,-1.12849957,ATR_STOP,-1.01804002
BTU,2025-08-07T15:15:00-04:00,2025-08-08T09:30:00-04:00,2,16.99273500,17.55803332,1.13059663,0.41832075,ATR_TARGET,1.95443755
AFRM,2025-08-07T15:15:00-04:00,2025-08-08T09:45:00-04:00,4,78.55387125,77.03450774,-6.07745405,-2.24865800,ATR_STOP,-1.03956038
MU,2025-08-08T10:15:00-04:00,2025-08-08T11:00:00-04:00,2,113.50506500,116.89115873,6.77218746,2.50570936,ATR_TARGET,1.94948848
ALB,2025-08-08T11:00:00-04:00,2025-08-08T15:45:00-04:00,1,73.86385637,75.41104820,1.54719182,0.57246097,ATR_STOP,0.80306718
VISN,2025-08-07T12:15:00-04:00,2025-08-11T09:30:00-04:00,102,14.91617875,15.79314625,89.45068500,33.09675345,TARGET_GAP,2.01566074
IAUX,2025-08-08T09:45:00-04:00,2025-08-11T09:30:00-04:00,9,0.60885630,0.59564209,-0.11892787,-0.04400331,ATR_STOP,-1.03501699
JMIA,2025-08-11T09:30:00-04:00,2025-08-11T09:30:00-04:00,269,5.88441000,6.30119541,112.11527649,41.48265230,ATR_TARGET,1.97755978
NIO,2025-08-08T11:15:00-04:00,2025-08-11T10:15:00-04:00,49,4.82861875,4.91141578,4.05705449,1.50111016,ATR_STOP,0.86620772
QS,2025-08-11T09:45:00-04:00,2025-08-11T10:15:00-04:00,179,9.21190375,8.91036917,-53.97469069,-19.97063556,ATR_STOP,-1.02268226
QUBT,2025-08-08T09:45:00-04:00,2025-08-11T10:45:00-04:00,2,16.01200000,16.17678190,0.32956381,0.12193861,ATR_STOP,0.32738649
CGTX,2025-08-11T09:45:00-04:00,2025-08-11T14:00:00-04:00,17,0.78548868,0.87692864,1.55447945,0.57515740,ATR_TARGET,1.98570677
HURA,2025-08-11T14:15:00-04:00,2025-08-12T09:30:00-04:00,159,3.09231750,3.57949137,77.46064529,28.66043876,ATR_TARGET,1.98903103
TSLT,2025-08-11T09:45:00-04:00,2025-08-12T10:00:00-04:00,4,17.60319250,16.99717051,-2.42408795,-0.89691254,ATR_STOP,-1.02150381
NXE,2025-08-12T10:15:00-04:00,2025-08-12T14:00:00-04:00,10,7.00525000,6.87118774,-1.34062255,-0.49603035,ATR_STOP,-1.04000821
APP,2025-08-11T10:30:00-04:00,2025-08-13T09:45:00-04:00,3,469.60193750,454.77085564,-44.49324559,-16.46250087,ATR_STOP,-1.02355694
QS,2025-08-12T09:45:00-04:00,2025-08-13T09:45:00-04:00,59,9.14685500,9.42274709,16.27763344,6.02272437,ATR_STOP,0.98123544
GME,2025-08-12T14:45:00-04:00,2025-08-13T09:45:00-04:00,3,22.72202875,22.82482133,0.30837774,0.11409976,ATR_STOP,0.46704151
ABCL,2025-08-13T10:15:00-04:00,2025-08-13T13:30:00-04:00,363,4.52839375,4.61615596,31.85768226,11.78734243,ATR_STOP,0.58168553
CMPX,2025-08-13T12:30:00-04:00,2025-08-13T15:45:00-04:00,1,3.28246000,3.10461269,-0.17784731,-0.06580350,ATR_STOP,-1.01327624
VSAT,2025-08-13T10:45:00-04:00,2025-08-14T09:30:00-04:00,13,27.02025000,27.10965250,1.16223250,0.43002602,STOP_GAP,0.13215618
LUMN,2025-08-13T14:45:00-04:00,2025-08-14T09:45:00-04:00,395,4.21315750,4.27236124,23.38547567,8.65262600,ATR_STOP,0.66850132
ABCL,2025-08-14T10:00:00-04:00,2025-08-14T10:45:00-04:00,356,4.71353250,4.51099572,-72.10309218,-26.67814411,ATR_STOP,-1.01700110
CGTX,2025-08-14T09:45:00-04:00,2025-08-14T11:00:00-04:00,245,1.35401475,1.63142382,67.96522105,25.14713179,ATR_TARGET,1.99121078
OTLK,2025-08-14T13:15:00-04:00,2025-08-14T15:15:00-04:00,3,2.18663875,2.39302171,0.61914887,0.22908508,ATR_TARGET,1.98274453
INTC,2025-08-14T11:45:00-04:00,2025-08-14T15:30:00-04:00,16,22.44692257,23.12580013,10.86204084,4.01895511,ATR_TARGET,1.95013933
TNYA,2025-08-14T14:00:00-04:00,2025-08-15T09:30:00-04:00,1,0.88796548,0.95928000,0.07131452,0.02638637,TARGET_GAP,2.14738704
LUMN,2025-08-14T15:30:00-04:00,2025-08-15T09:30:00-04:00,1,4.28821375,4.43870601,0.15049226,0.05568214,ATR_TARGET,1.95668384
NVTS,2025-08-14T15:45:00-04:00,2025-08-15T09:30:00-04:00,1,7.19539250,7.02826166,-0.16713084,-0.06183841,ATR_STOP,-1.03259170
BE,2025-08-14T15:45:00-04:00,2025-08-15T09:45:00-04:00,8,44.89864875,43.75824769,-9.12320844,-3.37558712,ATR_STOP,-1.02965382
GGLL,2025-08-14T11:15:00-04:00,2025-08-15T11:30:00-04:00,36,45.62419250,45.88529789,9.39979413,3.47792383,ATR_STOP,0.29521774
CGTX,2025-08-15T10:15:00-04:00,2025-08-15T12:45:00-04:00,5,1.92013903,1.64948502,-1.35327002,-0.50070991,ATR_STOP,-1.00459528
PLUG,2025-08-13T15:15:00-04:00,2025-08-18T09:30:00-04:00,1,1.63622625,1.66084140,0.02461515,0.00910761,ATR_STOP,0.34793266
HIVE,2025-08-15T13:30:00-04:00,2025-08-18T09:30:00-04:00,6,2.22796973,2.36632955,0.83015896,0.30715882,ATR_TARGET,1.97465205
VISN,2025-08-15T12:15:00-04:00,2025-08-18T09:45:00-04:00,106,15.50161750,15.71370276,22.48103796,8.31798404,ATR_STOP,0.55801767
AAOI,2025-08-15T10:00:00-04:00,2025-08-18T10:30:00-04:00,16,22.50686750,24.25532914,27.97538617,10.35089288,ATR_TARGET,1.97939040
CLOV,2025-08-18T10:15:00-04:00,2025-08-18T15:30:00-04:00,611,2.71113182,2.63548543,-46.21995012,-17.10138154,ATR_STOP,-1.02685141
BLNK,2025-08-18T13:45:00-04:00,2025-08-19T09:30:00-04:00,4,1.04067993,0.97926500,-0.24565970,-0.09089409,STOP_GAP,-1.40757606
MU,2025-08-19T09:30:00-04:00,2025-08-19T09:30:00-04:00,13,123.03220500,121.84507739,-15.43265898,-5.71008382,ATR_STOP,-1.08346670
NXE,2025-08-19T09:30:00-04:00,2025-08-19T09:30:00-04:00,4,7.01525750,6.91960692,-0.38260231,-0.14156285,ATR_STOP,-1.05741514
VISN,2025-08-19T09:45:00-04:00,2025-08-19T09:45:00-04:00,102,15.79183500,15.47414699,-32.40417723,-11.98954558,ATR_STOP,-1.03794616
TSLA,2025-08-19T10:00:00-04:00,2025-08-19T10:30:00-04:00,4,339.22422750,334.73620759,-17.95207965,-6.64226947,ATR_STOP,-1.05929990
TSLL,2025-08-19T10:00:00-04:00,2025-08-19T10:30:00-04:00,18,12.79959250,12.47243961,-5.88875210,-2.17883828,ATR_STOP,-1.02945752
FIVN,2025-08-18T11:00:00-04:00,2025-08-19T11:30:00-04:00,14,26.72002500,26.15557267,-7.90233261,-2.92386307,ATR_STOP,-1.03603276
OTLK,2025-08-19T09:45:00-04:00,2025-08-19T12:30:00-04:00,3,2.82361613,2.65472750,-0.50666587,-0.18746637,ATR_STOP,-1.01193881
IAUX,2025-08-18T09:45:00-04:00,2025-08-19T14:00:00-04:00,23,0.70322703,0.67359905,-0.68144348,-0.25213409,ATR_STOP,-1.01736047
CGTX,2025-08-19T14:45:00-04:00,2025-08-20T09:30:00-04:00,246,1.61641140,1.81084809,47.83142557,17.69762746,ATR_TARGET,1.98611661
YINN,2025-08-20T09:45:00-04:00,2025-08-20T09:45:00-04:00,9,45.56414750,45.03261087,-4.78382970,-1.77001699,ATR_STOP,-1.06790699
ALKS,2025-08-19T11:15:00-04:00,2025-08-20T10:15:00-04:00,55,28.60143500,28.79362119,10.57024020,3.91098887,ATR_STOP,0.50919461
IAUX,2025-08-20T10:15:00-04:00,2025-08-20T14:15:00-04:00,610,0.69682223,0.67640248,-12.45604152,-4.60873536,ATR_STOP,-1.02549624
NIO,2025-08-20T13:45:00-04:00,2025-08-21T09:30:00-04:00,1,5.11883625,5.34537429,0.22653804,-0.10437108,ATR_TARGET,1.96519594
KC,2025-08-20T12:15:00-04:00,2025-08-21T10:00:00-04:00,113,13.92043250,13.42252287,-56.26378825,-20.81760165,ATR_STOP,-1.02065134
SLS,2025-08-20T15:15:00-04:00,2025-08-21T10:15:00-04:00,224,1.86639875,1.80611095,-13.50446692,-4.99665276,ATR_STOP,-1.02300270
CGTX,2025-08-21T09:45:00-04:00,2025-08-21T10:30:00-04:00,3,2.14160500,2.15507008,0.04039525,0.01494624,ATR_STOP,0.07244655
BE,2025-08-21T11:45:00-04:00,2025-08-21T13:00:00-04:00,7,45.58416250,44.11094108,-10.31254991,-3.81564347,ATR_STOP,-1.02298988
REPL,2025-08-21T12:30:00-04:00,2025-08-22T09:45:00-04:00,3,5.48411000,5.57378255,0.26901764,0.09953653,ATR_STOP,0.57408939
BTE,2025-08-21T14:15:00-04:00,2025-08-22T09:45:00-04:00,2,2.01150750,2.08298230,0.14294960,0.05289135,ATR_TARGET,1.95718928
BBBY,2025-08-21T13:15:00-04:00,2025-08-22T10:00:00-04:00,33,9.33249413,9.92226106,19.46230881,7.20105426,ATR_TARGET,1.97505993
CGTX,2025-08-22T10:00:00-04:00,2025-08-22T12:00:00-04:00,11,2.17162750,2.47912629,3.38248664,1.25152006,ATR_TARGET,1.98797037
TNYA,2025-08-21T09:30:00-04:00,2025-08-22T15:45:00-04:00,5,1.20090000,1.12602888,-0.37435561,-0.13851158,ATR_STOP,-1.01141701
CLOV,2025-08-21T10:30:00-04:00,2025-08-25T09:30:00-04:00,618,2.61696125,2.74569744,79.55896545,29.43681721,ATR_TARGET,1.96848829
MVST,2025-08-22T10:15:00-04:00,2025-08-25T09:30:00-04:00,116,2.74705875,2.65810380,-10.31877448,-3.81794656,ATR_STOP,-1.02294247
IAUX,2025-08-25T09:45:00-04:00,2025-08-25T11:15:00-04:00,6,0.77117795,0.74986178,-0.12789703,-0.04732190,ATR_STOP,-1.02711940
NIO,2025-08-25T09:45:00-04:00,2025-08-25T12:00:00-04:00,256,6.51488250,6.26176770,-64.79738828,-23.97503366,ATR_STOP,-1.01891936
PLUG,2025-08-22T12:45:00-04:00,2025-08-25T12:30:00-04:00,16,1.64283120,1.65984892,0.27228350,0.10074490,ATR_STOP,0.29069614
LUMN,2025-08-25T09:30:00-04:00,2025-08-25T15:30:00-04:00,1,4.61345750,4.67592931,0.06247181,0.02311457,ATR_STOP,0.81626905
EOSE,2025-08-25T14:00:00-04:00,2025-08-26T09:30:00-04:00,8,6.30972875,6.55196481,1.93788851,0.71701875,ATR_TARGET,1.96020564
TDUP,2025-08-25T09:45:00-04:00,2025-08-26T12:45:00-04:00,26,11.90892500,11.53830641,-9.63608340,-3.56535086,ATR_STOP,-1.02392603
BEKE,2025-08-26T09:45:00-04:00,2025-08-26T13:15:00-04:00,2,19.31447500,18.86322503,-0.90249994,-0.33392498,ATR_STOP,-1.03239144
BE,2025-08-26T13:00:00-04:00,2025-08-26T14:15:00-04:00,5,50.96819750,49.86307379,-5.52561857,-2.04447887,ATR_STOP,-1.03505239
HIVE,2025-08-26T09:45:00-04:00,2025-08-27T09:30:00-04:00,6,2.68190992,2.85865642,1.06047900,0.39237723,ATR_TARGET,1.97601234
IAUX,2025-08-26T10:00:00-04:00,2025-08-27T09:30:00-04:00,3,0.77958425,0.75726660,-0.06695294,-0.02477259,ATR_STOP,-1.02613312
LUMN,2025-08-27T09:30:00-04:00,2025-08-27T10:00:00-04:00,1,4.70352500,4.83327894,0.12975394,0.04800896,ATR_TARGET,1.94560450
RIVN,2025-08-26T14:30:00-04:00,2025-08-27T13:45:00-04:00,25,13.18568185,13.25492477,1.73107289,0.64049697,ATR_STOP,0.30829428
TSLL,2025-08-27T09:45:00-04:00,2025-08-28T10:15:00-04:00,1,13.70026750,13.36900621,-0.33126129,-0.12256668,ATR_STOP,-1.03123735
SLS,2025-08-27T13:45:00-04:00,2025-08-28T13:15:00-04:00,2,1.91643625,1.95407325,0.07527400,0.02785138,ATR_STOP,0.70440662
MVST,2025-08-28T13:45:00-04:00,2025-08-28T15:30:00-04:00,1,2.72704375,2.77250045,0.04545670,0.01681898,ATR_STOP,0.77169256
EVLV,2025-08-27T11:00:00-04:00,2025-08-29T09:30:00-04:00,1,8.42631500,8.25644150,-0.16987350,-0.06285319,ATR_STOP,-1.03786114
SEDG,2025-08-25T12:30:00-04:00,2025-08-29T10:00:00-04:00,49,32.79457750,33.70867025,44.79054489,16.57250161,ATR_STOP,0.78200678
BTE,2025-08-27T14:00:00-04:00,2025-08-29T10:30:00-04:00,152,2.18163500,2.19555095,2.11522484,0.78263319,ATR_STOP,0.32681427
IAUX,2025-08-29T10:00:00-04:00,2025-08-29T13:30:00-04:00,17,0.78749018,0.79103325,0.06023230,0.02228595,ATR_STOP,0.16938456
ECHO,2025-08-29T12:15:00-04:00,2025-08-29T14:15:00-04:00,5,57.89338750,60.57999260,13.43302550,4.97021943,ATR_TARGET,1.96671460
BLNK,2025-08-29T14:15:00-04:00,2025-09-02T09:30:00-04:00,12,1.17588125,1.10916750,-0.80056500,-0.29620905,STOP_GAP,-1.07589548
HIVE,2025-08-29T13:00:00-04:00,2025-09-02T09:30:00-04:00,12,2.97723125,2.86921079,-1.29624553,-0.47961084,ATR_STOP,-1.02034179
ASTS,2025-08-29T15:45:00-04:00,2025-09-02T09:30:00-04:00,6,48.91666000,47.95889149,-5.74661104,-2.12624608,ATR_STOP,-1.03905104
BTU,2025-08-29T10:45:00-04:00,2025-09-02T09:45:00-04:00,96,17.10281750,16.80316267,-28.76686354,-10.64373951,ATR_STOP,-1.04393708
ASTS,2025-09-02T10:00:00-04:00,2025-09-02T10:00:00-04:00,32,50.18761250,48.76477911,-45.53066849,-16.84634734,ATR_STOP,-1.02640325
CLOV,2025-09-02T09:45:00-04:00,2025-09-02T11:45:00-04:00,129,2.65198750,2.60151892,-6.51044682,-2.40886532,ATR_STOP,-1.04024661
IAUX,2025-09-02T09:45:00-04:00,2025-09-02T11:45:00-04:00,2,0.81891373,0.82472418,0.01162091,0.00429973,ATR_STOP,0.23697070
BTE,2025-09-02T10:15:00-04:00,2025-09-02T14:30:00-04:00,17,2.28171000,2.37539787,1.59269382,0.58929671,ATR_TARGET,1.96265065
YINN,2025-09-02T10:15:00-04:00,2025-09-03T09:30:00-04:00,33,47.14533250,46.37750082,-25.33844559,-9.37522487,ATR_STOP,-1.04748727
GME,2025-09-02T13:45:00-04:00,2025-09-03T10:00:00-04:00,14,23.15635425,23.32353381,2.34051386,0.86599013,ATR_STOP,0.50992073
PLTR,2025-09-03T10:30:00-04:00,2025-09-03T12:45:00-04:00,2,160.61537125,156.91202253,-7.40669744,-2.74047805,ATR_STOP,-1.03284614
SEDG,2025-09-03T13:00:00-04:00,2025-09-03T14:30:00-04:00,9,33.64521500,32.64235588,-9.02573212,-3.33952089,ATR_STOP,-1.02504208
IAUX,2025-09-03T13:15:00-04:00,2025-09-03T14:45:00-04:00,24,0.82631928,0.80817730,-0.43540738,-0.16110073,ATR_STOP,-1.03459222
NXE,2025-09-03T11:00:00-04:00,2025-09-04T10:00:00-04:00,1,7.83587250,7.68560615,-0.15026635,-0.23891858,ATR_STOP,-1.03992123
ECHO,2025-09-03T15:00:00-04:00,2025-09-04T11:00:00-04:00,4,63.82783500,66.41592679,10.35236717,3.83037585,ATR_TARGET,1.96220588
VSXY,2025-09-04T10:00:00-04:00,2025-09-04T14:45:00-04:00,2,23.92793250,25.09327339,2.33068179,0.86235226,ATR_TARGET,1.96819038
MU,2025-09-04T12:00:00-04:00,2025-09-04T15:45:00-04:00,2,120.73548375,123.70349793,5.93602836,2.19633049,ATR_TARGET,1.93933260
BILL,2025-09-04T12:15:00-04:00,2025-09-05T09:30:00-04:00,1,47.04605810,50.07241750,3.02635940,1.11975298,TARGET_GAP,4.03709874
OLMA,2025-09-05T09:30:00-04:00,2025-09-05T09:30:00-04:00,54,6.35476250,6.76484547,22.14448011,8.19345764,ATR_TARGET,1.97553985
APPS,2025-09-02T15:15:00-04:00,2025-09-05T09:45:00-04:00,13,4.19814625,4.44095879,3.15656299,1.16792831,ATR_TARGET,1.97291671
VISN,2025-09-03T09:45:00-04:00,2025-09-05T10:15:00-04:00,94,16.29221000,15.97316287,-29.99043020,-11.09645917,ATR_STOP,-1.03904426
IVVD,2025-08-28T11:45:00-04:00,2025-09-05T12:30:00-04:00,14,1.00575375,1.11405675,1.51624200,0.56100954,ATR_STOP,0.88940928
REPL,2025-09-05T11:15:00-04:00,2025-09-05T15:45:00-04:00,256,6.13349667,6.27863802,37.15618419,13.74778815,ATR_STOP,0.66520121
BRZE,2025-09-08T09:30:00-04:00,2025-09-08T10:15:00-04:00,49,32.25417250,31.10354779,-56.38061072,-20.86082597,ATR_STOP,-1.02070930
RIVN,2025-09-05T09:45:00-04:00,2025-09-09T09:30:00-04:00,25,14.21054993,13.79104924,-10.48751707,-3.88038132,ATR_STOP,-1.02529894
NXE,2025-09-05T13:00:00-04:00,2025-09-09T09:30:00-04:00,1,7.77082375,8.06416883,0.29334508,0.10853768,ATR_TARGET,1.95956772
INTC,2025-09-09T09:45:00-04:00,2025-09-09T09:45:00-04:00,14,24.62345375,24.33858490,-3.98816394,-1.47562066,ATR_STOP,-1.06852047
CLOV,2025-09-05T13:00:00-04:00,2025-09-10T09:30:00-04:00,2,2.78708875,2.93779500,0.30141250,0.11152262,TARGET_GAP,2.42079403
GME,2025-09-08T10:30:00-04:00,2025-09-10T09:30:00-04:00,67,23.13734000,25.18609625,137.26666875,50.78866744,TARGET_GAP,5.83974881
TNYA,2025-09-05T12:00:00-04:00,2025-09-10T09:30:00-04:00,3,1.35101250,1.27387861,-0.23140166,-0.08561862,ATR_STOP,-1.01255125
SOFI,2025-09-10T09:45:00-04:00,2025-09-10T10:00:00-04:00,4,26.66998750,26.15032268,-2.07865926,-0.76910393,ATR_STOP,-1.03925199
BIDU,2025-09-10T09:45:00-04:00,2025-09-10T10:15:00-04:00,14,109.90236500,108.27993703,-22.71399159,-8.40417689,ATR_STOP,-1.05273369
IVVD,2025-09-05T15:45:00-04:00,2025-09-10T10:30:00-04:00,1,1.15586625,1.28956499,0.13369874,0.04946854,ATR_TARGET,1.98562525
BBBY,2025-09-09T10:15:00-04:00,2025-09-10T12:15:00-04:00,31,11.01825750,10.58900524,-13.30682013,-4.92352345,ATR_STOP,-1.01886454
BTE,2025-09-09T09:45:00-04:00,2025-09-10T12:45:00-04:00,9,2.24168000,2.34751386,0.95250476,0.35242676,ATR_TARGET,1.96724860
BLNK,2025-09-10T10:15:00-04:00,2025-09-10T12:45:00-04:00,89,1.19589625,1.14902616,-4.17143803,-1.54343207,ATR_STOP,-1.01874506
TNYA,2025-09-10T10:30:00-04:00,2025-09-10T13:45:00-04:00,1137,1.34100500,1.28239644,-66.63792926,-24.65603382,ATR_STOP,-1.01669706
IAUX,2025-09-10T13:00:00-04:00,2025-09-10T15:45:00-04:00,514,0.89376983,0.92742658,17.29957247,6.40084181,ATR_TARGET,1.95947399
OTLK,2025-09-10T15:30:00-04:00,2025-09-11T09:30:00-04:00,2,1.00115030,1.09917500,0.19604940,0.07253828,TARGET_GAP,2.24511810
HIVE,2025-09-10T14:00:00-04:00,2025-09-11T09:30:00-04:00,466,3.17738125,3.39181047,99.92401685,36.97188623,ATR_TARGET,1.97653400
INTC,2025-09-11T09:30:00-04:00,2025-09-12T09:30:00-04:00,19,24.76856250,24.48623809,-5.36416378,-1.98474060,ATR_STOP,-1.06962964
APPS,2025-09-11T09:45:00-04:00,2025-09-12T12:30:00-04:00,344,4.49336750,4.75754001,90.87534194,33.62387652,ATR_TARGET,1.97332645
HIVE,2025-09-12T09:45:00-04:00,2025-09-15T09:30:00-04:00,131,3.56256993,4.05695500,64.76444482,23.96284459,TARGET_GAP,3.65922326
BLNK,2025-09-12T11:30:00-04:00,2025-09-15T09:30:00-04:00,1,1.29076735,1.40394625,0.11317890,0.04187619,TARGET_GAP,2.07874572
BE,2025-09-15T09:30:00-04:00,2025-09-15T09:30:00-04:00,7,68.05100000,66.37996715,-11.69722994,-4.32797508,ATR_STOP,-1.03073157
OTLK,2025-09-15T09:45:00-04:00,2025-09-15T15:45:00-04:00,455,1.10162560,1.02714980,-33.88648946,-12.53800110,ATR_STOP,-1.01045983
PLTR,2025-09-12T13:00:00-04:00,2025-09-16T09:30:00-04:00,9,168.75647250,169.73907882,8.84345687,3.27207904,ATR_STOP,0.41218682
STX,2025-09-16T09:45:00-04:00,2025-09-16T10:00:00-04:00,7,214.58081500,210.71271266,-27.07671635,-10.01838505,ATR_STOP,-1.04262947
IVVD,2025-09-12T13:00:00-04:00,2025-09-16T11:00:00-04:00,63,1.34600875,1.23341919,-7.09314239,-2.62446268,ATR_STOP,-1.00829059
SOXL,2025-09-16T09:30:00-04:00,2025-09-16T11:15:00-04:00,15,30.35274750,29.90555663,-6.70786304,-2.48190933,ATR_STOP,-1.05284585
ABCL,2025-09-16T09:45:00-04:00,2025-09-16T12:30:00-04:00,10,4.39329250,4.48858066,0.95288163,0.35256620,ATR_STOP,0.87812610
PRME,2025-09-16T12:00:00-04:00,2025-09-16T12:45:00-04:00,1,4.20315000,4.48260705,0.27945705,0.10339911,ATR_TARGET,1.97620776
APPS,2025-09-16T11:30:00-04:00,2025-09-16T14:45:00-04:00,103,5.11383250,5.37036918,26.42327753,9.77661268,ATR_TARGET,1.96906137
INTC,2025-09-16T10:15:00-04:00,2025-09-17T09:30:00-04:00,59,25.22610540,24.78731411,-25.88868589,-9.57881378,ATR_STOP,-1.04427659
ACHR,2025-09-16T13:00:00-04:00,2025-09-17T09:30:00-04:00,5,9.13184375,8.90929819,-1.11272781,-0.41170929,ATR_STOP,-1.03097857
PLUG,2025-09-16T15:00:00-04:00,2025-09-17T09:45:00-04:00,322,1.69126750,1.80752817,37.43593515,13.85129601,ATR_TARGET,1.97693089
DDD,2025-09-16T13:00:00-04:00,2025-09-17T11:00:00-04:00,1,2.33675125,2.28288632,-0.05386493,-0.01993002,ATR_STOP,-1.03285525
BRZE,2025-09-17T09:45:00-04:00,2025-09-17T11:15:00-04:00,47,31.65372250,32.92609197,59.80136493,22.12650503,ATR_TARGET,1.96189432
NVTS,2025-09-17T10:00:00-04:00,2025-09-17T11:45:00-04:00,1,6.01450750,6.30748726,0.29297976,0.10840251,ATR_TARGET,1.96819654
AAOI,2025-09-17T11:30:00-04:00,2025-09-17T11:45:00-04:00,50,30.00218478,29.04387548,-47.91546482,-17.72872198,ATR_STOP,-1.02327712
ACHR,2025-09-17T12:00:00-04:00,2025-09-17T12:30:00-04:00,163,9.17187375,8.95898304,-34.70118557,-12.83943866,ATR_STOP,-1.03261579
VSXY,2025-09-17T10:00:00-04:00,2025-09-17T14:00:00-04:00,21,26.74004000,27.75709067,21.35806408,7.90248371,ATR_TARGET,1.95985401
BLNK,2025-09-17T11:15:00-04:00,2025-09-17T14:30:00-04:00,5,1.41456012,1.36170425,-0.26427936,-0.09778336,ATR_STOP,-1.01971772
IAUX,2025-09-17T14:00:00-04:00,2025-09-17T14:45:00-04:00,1642,0.90077508,0.88160205,-31.48210160,-11.64837759,ATR_STOP,-1.03574557
GDS,2025-09-17T14:15:00-04:00,2025-09-18T09:30:00-04:00,14,39.23030067,39.02071250,-2.93423445,-1.08566675,STOP_GAP,-0.22504688
BTU,2025-09-17T09:45:00-04:00,2025-09-18T09:30:00-04:00,1,20.60544250,20.85294693,0.24750443,0.09157664,ATR_STOP,0.61539026
PRME,2025-09-17T09:45:00-04:00,2025-09-18T12:15:00-04:00,1,4.75356250,4.90964983,0.15608733,0.05775231,ATR_STOP,0.63023313
BE,2025-09-17T15:00:00-04:00,2025-09-18T14:45:00-04:00,18,79.18934750,81.60055689,43.40176907,16.05865455,ATR_STOP,0.85278237
HIVE,2025-09-18T09:45:00-04:00,2025-09-18T15:15:00-04:00,1,4.01300750,3.80124055,-0.21176695,-0.07835377,ATR_STOP,-1.01365668
GME,2025-09-17T15:45:00-04:00,2025-09-19T09:30:00-04:00,2,26.23966500,25.79895371,-0.88142259,-0.32612636,ATR_STOP,-1.04595669
QUBT,2025-09-18T09:45:00-04:00,2025-09-19T09:30:00-04:00,31,18.18362750,20.27859165,64.94388855,24.02923876,ATR_TARGET,1.98557438
MRNA,2025-09-18T15:00:00-04:00,2025-09-19T09:30:00-04:00,56,25.84937250,25.34533451,-28.22612766,-10.44366723,ATR_STOP,-1.03922204
MVST,2025-09-18T15:30:00-04:00,2025-09-19T10:00:00-04:00,3,3.43757625,3.60795481,0.51113569,0.18912020,ATR_TARGET,1.96870933
BILL,2025-09-19T09:45:00-04:00,2025-09-19T10:45:00-04:00,33,53.32996750,52.41059546,-30.33927744,-11.22553265,ATR_STOP,-1.04469989
ACHR,2025-09-19T09:45:00-04:00,2025-09-19T10:45:00-04:00,34,9.40204625,9.55826502,5.31143822,1.96523214,ATR_STOP,0.72994053
DDD,2025-09-18T12:30:00-04:00,2025-09-19T11:45:00-04:00,2,2.51538513,2.41015940,-0.21045146,-0.07786704,ATR_STOP,-1.01749210
PRME,2025-09-19T11:15:00-04:00,2025-09-19T13:45:00-04:00,66,5.18388500,4.99443055,-12.50399354,-4.62647761,ATR_STOP,-1.02018588
AAOI,2025-09-19T11:00:00-04:00,2025-09-22T09:30:00-04:00,58,29.64721875,28.22881250,-82.26756250,-30.43899812,STOP_GAP,-1.47639354
ACHR,2025-09-19T12:15:00-04:00,2025-09-22T09:30:00-04:00,1,9.85448532,9.56319464,-0.29129069,-0.10777755,ATR_STOP,-1.02526383
QS,2025-09-22T09:30:00-04:00,2025-09-22T09:45:00-04:00,127,13.07980250,14.04319014,122.35023049,45.26958528,ATR_TARGET,1.97835508
MRNA,2025-09-22T10:00:00-04:00,2025-09-22T11:15:00-04:00,8,25.75930500,26.95682964,9.58019709,3.54467292,ATR_TARGET,1.96677040
MVST,2025-09-22T09:45:00-04:00,2025-09-22T12:15:00-04:00,4,3.72279000,3.74177366,0.07593464,0.02809582,ATR_STOP,0.14660703
USAS,2025-09-19T14:00:00-04:00,2025-09-22T13:00:00-04:00,111,3.00225000,3.14858708,16.24341554,6.01006375,ATR_TARGET,1.96821509
NVTS,2025-09-22T13:15:00-04:00,2025-09-23T10:15:00-04:00,1,7.18038125,6.91299479,-0.26738646,-0.09893299,ATR_STOP,-1.01978902
NXE,2025-09-22T12:30:00-04:00,2025-09-23T11:00:00-04:00,4,8.81160375,9.19003593,1.51372874,0.56007963,ATR_TARGET,1.96419847
VISN,2025-09-22T13:15:00-04:00,2025-09-23T11:30:00-04:00,20,17.00274250,16.68347425,-6.38536501,-2.36258505,ATR_STOP,-1.04082201
APPS,2025-09-19T10:15:00-04:00,2025-09-23T13:30:00-04:00,3,5.48821307,5.60752095,0.35792364,0.13243175,ATR_STOP,0.63860613
SEDG,2025-09-22T11:45:00-04:00,2025-09-23T13:30:00-04:00,5,37.90841000,36.46547509,-7.21467456,-2.66942959,ATR_STOP,-1.01933477
BILL,2025-09-23T13:15:00-04:00,2025-09-23T13:30:00-04:00,7,54.41077750,53.71404679,-4.87711499,-1.80453254,ATR_STOP,-1.06141812
EVLV,2025-09-23T14:00:00-04:00,2025-09-24T09:30:00-04:00,67,8.63647250,8.40997952,-15.17502982,-5.61476103,ATR_STOP,-1.02866835
HIVE,2025-09-24T09:45:00-04:00,2025-09-24T09:45:00-04:00,4,4.00300000,3.83445714,-0.67417142,-0.24944343,ATR_STOP,-1.01737243
QS,2025-09-22T10:00:00-04:00,2025-09-24T10:00:00-04:00,112,13.66023750,12.85870149,-89.77203357,-33.21565242,ATR_STOP,-1.01218771
NVTS,2025-09-24T10:00:00-04:00,2025-09-24T11:45:00-04:00,2,7.21540750,6.94509949,-0.54061603,-0.20002793,ATR_STOP,-1.01966363
BIDU,2025-09-24T10:15:00-04:00,2025-09-24T11:45:00-04:00,10,134.24310688,135.72460927,14.81502396,5.48155887,ATR_STOP,0.48976766
BTU,2025-09-24T09:45:00-04:00,2025-09-24T13:15:00-04:00,23,24.06803750,25.18680794,25.73172005,9.52073642,ATR_TARGET,1.96676680
TNYA,2025-09-24T13:45:00-04:00,2025-09-24T15:45:00-04:00,1,1.42606875,1.53677721,0.11070846,0.04096213,ATR_TARGET,1.97937729
HIVE,2025-09-24T13:30:00-04:00,2025-09-25T09:30:00-04:00,7,4.07305250,3.84711250,-1.58158000,-0.58518460,STOP_GAP,-1.21686635
NIO,2025-09-24T10:30:00-04:00,2025-09-25T09:30:00-04:00,18,7.21740900,7.03211605,-3.33527306,-1.23405103,ATR_STOP,-1.02932005
SEDG,2025-09-24T13:15:00-04:00,2025-09-25T09:30:00-04:00,36,37.52812500,36.30555224,-44.01261940,-16.28466918,ATR_STOP,-1.02279685
INTC,2025-09-24T13:30:00-04:00,2025-09-25T09:45:00-04:00,18,31.01324250,31.36146125,6.26793750,2.31913688,STOP_GAP,0.52221696
SGML,2025-09-25T09:30:00-04:00,2025-09-25T10:00:00-04:00,4,6.52989375,6.88785103,1.43182910,0.52977677,ATR_TARGET,1.97152641
NIO,2025-09-25T09:45:00-04:00,2025-09-25T10:00:00-04:00,237,7.16036625,7.44395457,67.21043251,24.86786003,ATR_TARGET,1.96135802
KC,2025-09-25T10:00:00-04:00,2025-09-25T13:15:00-04:00,4,17.07279500,17.39407392,1.28511566,0.47549280,ATR_STOP,0.77924226
ALB,2025-09-25T10:00:00-04:00,2025-09-25T13:30:00-04:00,3,83.81281250,85.14476527,3.99585832,1.47846758,ATR_STOP,0.68108621
NXE,2025-09-25T10:45:00-04:00,2025-09-26T09:30:00-04:00,3,8.84162625,9.30067325,1.37714100,0.50954217,ATR_TARGET,1.97004152
KTOS,2025-09-25T10:15:00-04:00,2025-09-26T10:45:00-04:00,21,82.83207750,84.62339022,37.61756708,13.91849982,ATR_STOP,0.79141817
RIVN,2025-09-26T09:45:00-04:00,2025-09-26T11:00:00-04:00,1,16.02200750,15.62233418,-0.39967332,-0.14787913,ATR_STOP,-1.03022454
BLNK,2025-09-26T09:30:00-04:00,2025-09-26T11:30:00-04:00,2,1.57117750,1.50810381,-0.12614739,-0.04667453,ATR_STOP,-1.01827405
TNYA,2025-09-26T11:30:00-04:00,2025-09-26T15:00:00-04:00,1157,1.53104743,1.63688033,122.44867053,45.30600810,ATR_TARGET,1.97704904
DFLI,2025-09-26T15:45:00-04:00,2025-09-29T09:30:00-04:00,141,5.41405750,6.90181975,209.77447725,77.61655658,TARGET_GAP,2.27378442
DDD,2025-09-26T10:00:00-04:00,2025-09-29T09:30:00-04:00,4,3.01225750,3.24830842,0.94420369,0.34935537,ATR_TARGET,1.97955411
PLUG,2025-09-26T13:00:00-04:00,2025-09-29T09:30:00-04:00,1,2.45183750,2.30897058,-0.14286692,-0.05286076,ATR_STOP,-1.01227932
BILL,2025-09-25T14:15:00-04:00,2025-09-29T10:00:00-04:00,6,53.56014000,54.95224876,8.35265257,3.09048145,ATR_TARGET,1.94244949
AMC,2025-09-29T09:45:00-04:00,2025-09-29T10:00:00-04:00,73,2.94620800,3.05469763,7.91974300,2.93030491,ATR_TARGET,1.95860817
CAPR,2025-09-26T12:15:00-04:00,2025-09-29T11:30:00-04:00,1,7.07029875,7.18847402,0.11817527,0.04372485,ATR_STOP,0.35081548
PRME,2025-09-29T10:15:00-04:00,2025-09-29T13:15:00-04:00,1,5.24393000,5.06910116,-0.17482884,-0.06468667,ATR_STOP,-1.02224644
EOSE,2025-09-29T10:15:00-04:00,2025-09-29T15:30:00-04:00,50,10.85823758,11.08654245,11.41524382,4.22364021,ATR_STOP,0.51655372
TSLA,2025-09-29T09:30:00-04:00,2025-09-30T09:30:00-04:00,4,444.70327750,438.49878032,-24.81798871,-9.18265582,ATR_STOP,-1.05601700
ACHR,2025-09-29T15:45:00-04:00,2025-09-30T09:30:00-04:00,9,9.61720750,9.38174172,-2.11919203,-0.78410105,ATR_STOP,-1.03082680
APPS,2025-09-29T14:30:00-04:00,2025-09-30T09:45:00-04:00,2,5.78933875,5.88468584,0.19069418,0.07055685,ATR_STOP,0.61260690
VUZI,2025-09-30T09:45:00-04:00,2025-09-30T09:45:00-04:00,582,3.18238500,3.06649519,-67.44787134,-24.95571240,ATR_STOP,-1.02026264
BLNK,2025-09-29T15:15:00-04:00,2025-09-30T10:00:00-04:00,1,1.77132750,1.69081829,-0.08050921,-0.02978841,ATR_STOP,-1.01601544
IAUX,2025-09-30T09:45:00-04:00,2025-09-30T11:00:00-04:00,1,0.98573875,0.96103799,-0.02470076,-0.00913928,ATR_STOP,-1.03008074
STX,2025-09-29T15:45:00-04:00,2025-09-30T15:45:00-04:00,2,229.38691125,236.04372460,13.31362671,4.92604188,ATR_TARGET,1.94815153
ERAS,2025-09-30T12:30:00-04:00,2025-10-01T09:30:00-04:00,2,2.27170250,2.15165228,-0.24010045,-0.08883717,ATR_STOP,-1.01363572
LUMN,2025-09-30T10:15:00-04:00,2025-10-01T10:00:00-04:00,301,6.04453000,6.05136543,2.05746363,0.76126154,ATR_STOP,0.04456400
IAUX,2025-10-01T09:30:00-04:00,2025-10-01T10:15:00-04:00,108,0.97042728,0.97457824,0.44830381,0.16587241,ATR_STOP,0.20570130
PLTR,2025-10-01T09:30:00-04:00,2025-10-01T11:00:00-04:00,2,181.39594500,185.95218545,9.11248089,3.37161793,ATR_TARGET,1.94055601
FLNA,2025-10-01T09:45:00-04:00,2025-10-01T11:15:00-04:00,1,3.01726125,3.23010394,0.21284269,0.07875180,ATR_TARGET,1.97747546
AMD,2025-10-01T10:15:00-04:00,2025-10-02T09:30:00-04:00,11,163.78774875,168.53350500,52.20331875,19.31522794,TARGET_GAP,1.98760187
KTOS,2025-10-01T11:15:00-04:00,2025-10-02T09:45:00-04:00,1,93.22987000,94.23736892,1.00749892,0.37277460,STOP_GAP,0.48238258
PLTR,2025-10-01T11:15:00-04:00,2025-10-02T09:45:00-04:00,1,186.10217203,182.83041040,-3.27176163,-1.21055180,ATR_STOP,-1.04377864
HIVE,2025-10-01T13:00:00-04:00,2025-10-02T10:00:00-04:00,1,4.13309750,4.20919674,0.07609924,0.02815672,ATR_STOP,0.53341333
MVST,2025-10-01T10:30:00-04:00,2025-10-02T11:15:00-04:00,31,4.02761845,4.30087994,8.47110627,3.13430932,ATR_TARGET,1.97664953
PRME,2025-10-02T09:45:00-04:00,2025-10-02T12:15:00-04:00,333,5.68426000,6.05662046,123.99603461,45.87853280,ATR_TARGET,1.97587796
REPL,2025-10-02T11:30:00-04:00,2025-10-02T13:00:00-04:00,29,4.50837875,4.52406752,0.45497429,0.16834049,ATR_STOP,0.10469053
QS,2025-10-02T10:00:00-04:00,2025-10-02T14:45:00-04:00,12,14.87114500,14.12562334,-8.94625994,-3.31011618,ATR_STOP,-1.01442630
DFLI,2025-10-02T14:00:00-04:00,2025-10-03T09:30:00-04:00,5,10.00649925,14.58905000,22.91275375,8.47771889,TARGET_GAP,3.87340995
BLNK,2025-10-01T11:15:00-04:00,2025-10-03T09:30:00-04:00,50,1.77132750,1.92449007,7.65812873,2.83350763,ATR_TARGET,1.98131455
BTU,2025-10-02T15:00:00-04:00,2025-10-03T09:30:00-04:00,6,28.86163000,29.87567245,6.08425470,2.25117424,ATR_TARGET,1.95673071
ACHR,2025-10-02T11:00:00-04:00,2025-10-03T09:45:00-04:00,1,10.24768000,10.87400410,0.62632410,0.23173992,ATR_TARGET,1.97427326
KTOS,2025-10-03T09:45:00-04:00,2025-10-03T10:00:00-04:00,2,95.86184250,93.93798989,-3.84770521,-1.42365093,ATR_STOP,-1.03804274
MVST,2025-10-02T14:00:00-04:00,2025-10-03T10:15:00-04:00,470,4.36827375,4.63639252,126.01582163,46.62585400,ATR_TARGET,1.97437466
ERAS,2025-10-03T10:30:00-04:00,2025-10-03T11:15:00-04:00,22,2.44183000,2.48232702,0.89093453,0.32964578,ATR_STOP,0.33497729
EOSE,2025-10-03T10:15:00-04:00,2025-10-06T09:30:00-04:00,14,13.04477625,14.42417375,19.31156500,7.14527905,TARGET_GAP,2.11230972
VUZI,2025-10-03T09:30:00-04:00,2025-10-06T09:30:00-04:00,17,3.83287250,4.12258634,4.92513532,1.82230007,ATR_TARGET,1.97886493
LUMN,2025-10-03T10:00:00-04:00,2025-10-06T09:30:00-04:00,1,6.48986375,6.88136073,0.39149698,0.14485388,ATR_TARGET,1.97395820
BE,2025-10-03T10:30:00-04:00,2025-10-06T09:45:00-04:00,23,90.89812250,92.27030005,31.56008368,11.67723096,ATR_STOP,0.44057032
BIDU,2025-10-06T10:00:00-04:00,2025-10-06T11:15:00-04:00,14,144.19306375,148.39153854,58.77864711,21.74809943,ATR_TARGET,1.94831508
BBBY,2025-10-03T11:45:00-04:00,2025-10-06T11:30:00-04:00,4,12.34925500,11.60577005,-2.97393978,-1.10035772,ATR_STOP,-1.01185516
JMIA,2025-10-06T10:00:00-04:00,2025-10-06T12:30:00-04:00,7,12.41930750,12.02309157,-2.77351148,-1.02619925,ATR_STOP,-1.02330650
AAOI,2025-10-06T12:15:00-04:00,2025-10-06T12:30:00-04:00,68,30.65797625,33.19234318,172.33695120,63.76467194,ATR_TARGET,1.98053129
BLNK,2025-10-06T09:45:00-04:00,2025-10-06T14:15:00-04:00,1,2.17162750,2.47212745,0.30049995,0.11118498,ATR_TARGET,1.98772645
USAS,2025-10-03T09:45:00-04:00,2025-10-06T14:30:00-04:00,20,3.94565703,4.03649136,1.81668665,0.67217406,ATR_STOP,0.79808516
NIO,2025-10-06T09:45:00-04:00,2025-10-06T15:45:00-04:00,35,7.76411873,7.60834803,-5.45197445,-2.01723055,ATR_STOP,-1.03805503
TNYA,2025-10-06T15:15:00-04:00,2025-10-07T09:30:00-04:00,3,1.69627125,1.79865000,0.30713625,0.11364041,TARGET_GAP,2.27722220
DDD,2025-10-07T09:30:00-04:00,2025-10-07T09:30:00-04:00,86,3.17237750,3.33431242,13.92640321,5.15276919,ATR_TARGET,1.96956156
APPS,2025-10-06T14:45:00-04:00,2025-10-07T09:45:00-04:00,12,6.59994625,6.93946908,4.07427395,1.50748136,ATR_TARGET,1.96978222
MVST,2025-10-06T13:00:00-04:00,2025-10-07T10:30:00-04:00,61,4.58343500,4.62713746,2.66585026,0.98636460,ATR_STOP,0.20844085
NVTS,2025-10-07T09:45:00-04:00,2025-10-07T10:30:00-04:00,33,8.36797128,8.38207778,0.46551468,0.17224043,ATR_STOP,0.04704318
QUBT,2025-10-06T13:00:00-04:00,2025-10-07T10:45:00-04:00,88,22.95720500,21.62524589,-117.21240132,-43.36858849,ATR_STOP,-1.01233622
INTC,2025-10-07T10:00:00-04:00,2025-10-07T11:00:00-04:00,2,37.73327875,36.89854439,-1.66946873,-0.61770343,ATR_STOP,-1.03431638
VUZI,2025-10-07T10:45:00-04:00,2025-10-07T11:15:00-04:00,141,4.04303000,4.01198875,-4.37681625,-1.61942201,STOP_GAP,-0.19464794
HIVE,2025-10-07T12:45:00-04:00,2025-10-08T09:45:00-04:00,341,6.06464508,6.23002700,56.39523516,20.86623701,ATR_STOP,0.50122954
NVTS,2025-10-08T10:00:00-04:00,2025-10-08T10:15:00-04:00,2,8.38628500,8.00544373,-0.76168254,-0.28182254,ATR_STOP,-1.01603006
REPL,2025-10-07T13:00:00-04:00,2025-10-08T10:45:00-04:00,110,4.73354750,4.78362837,5.50889599,2.03829152,ATR_STOP,0.38952275
MRNA,2025-10-08T10:00:00-04:00,2025-10-08T11:15:00-04:00,74,28.19613125,29.18781836,73.38484647,27.15239319,ATR_TARGET,1.95677306
PRME,2025-10-08T11:00:00-04:00,2025-10-08T11:45:00-04:00,82,6.38478500,6.52164060,11.22215911,4.15219887,ATR_STOP,0.50903073
DDD,2025-10-08T10:30:00-04:00,2025-10-08T14:15:00-04:00,5,3.36252000,3.20329709,-0.79611456,-0.29456239,ATR_STOP,-1.01533157
SOXL,2025-10-08T11:30:00-04:00,2025-10-09T09:30:00-04:00,51,41.45987160,42.11359276,33.33977900,12.33571823,ATR_STOP,0.55842539
VUZI,2025-10-08T14:30:00-04:00,2025-10-09T09:30:00-04:00,4,4.02501650,3.87945352,-0.58225194,-0.21543322,ATR_STOP,-1.02041184
BTE,2025-10-09T09:45:00-04:00,2025-10-09T09:45:00-04:00,830,2.59194250,2.52898644,-52.25352614,-19.33380467,ATR_STOP,-1.03108793
SGML,2025-10-09T10:00:00-04:00,2025-10-09T13:00:00-04:00,270,7.83587250,7.50455427,-89.45592168,-33.09869102,ATR_STOP,-1.01729472
IVVD,2025-10-09T10:00:00-04:00,2025-10-09T14:00:00-04:00,1,1.74130500,1.83837497,0.09706997,0.03591589,ATR_STOP,0.95218846
GGAL,2025-10-09T14:30:00-04:00,2025-10-09T15:45:00-04:00,64,31.79382750,34.06847477,145.57742556,53.86364746,ATR_TARGET,1.97776686
EOSE,2025-10-08T12:00:00-04:00,2025-10-10T09:30:00-04:00,37,14.86614125,14.21182958,-24.20953181,-8.95752677,ATR_STOP,-1.01657261
NVTS,2025-10-10T09:30:00-04:00,2025-10-10T10:00:00-04:00,265,8.01600750,8.67399837,174.36758067,64.51600485,ATR_TARGET,1.98040521
QS,2025-10-10T09:45:00-04:00,2025-10-10T10:45:00-04:00,1,15.70176750,16.00768776,0.30592026,0.11319050,ATR_STOP,0.44605351
DDD,2025-10-10T10:45:00-04:00,2025-10-10T10:45:00-04:00,20,3.34900987,3.22365348,-2.50712783,-0.92763730,ATR_STOP,-1.01968128
AAOI,2025-10-10T09:45:00-04:00,2025-10-10T11:00:00-04:00,16,32.73453250,31.29439747,-23.04216048,-8.52559938,ATR_STOP,-1.01658029
ACHR,2025-10-09T15:15:00-04:00,2025-10-10T11:15:00-04:00,2,12.40930000,11.99918202,-0.82023597,-0.30348731,ATR_STOP,-1.02245294
BE,2025-10-10T10:30:00-04:00,2025-10-10T11:30:00-04:00,24,90.35401472,86.80908126,-85.07840321,-31.47900919,ATR_STOP,-1.01872409
AMC,2025-10-10T13:45:00-04:00,2025-10-13T09:30:00-04:00,117,2.97573013,2.89903165,-8.97372134,-3.32027689,ATR_STOP,-1.02919794
EVLV,2025-10-10T13:30:00-04:00,2025-10-14T09:30:00-04:00,294,8.09596742,7.88267408,-62.70824449,-23.20205046,ATR_STOP,-1.02852990
TSLZ,2025-10-14T09:45:00-04:00,2025-10-14T11:45:00-04:00,151,15.45158000,14.78897181,-100.05383704,-37.01991970,ATR_STOP,-1.01703748
TSLQ,2025-10-14T09:45:00-04:00,2025-10-14T12:15:00-04:00,5,26.02950750,24.81855499,-6.05476256,-2.24026215,ATR_STOP,-1.01562317
AMD,2025-10-14T09:45:00-04:00,2025-10-14T15:30:00-04:00,1,218.25356750,220.86116893,2.60760143,0.96481253,ATR_STOP,0.59968835
IAUX,2025-10-14T09:45:00-04:00,2025-10-15T09:30:00-04:00,3,1.00675450,1.06919750,0.18732900,0.06931173,TARGET_GAP,2.23076496
SOFI,2025-10-14T12:30:00-04:00,2025-10-15T09:30:00-04:00,4,27.59067750,29.01878492,5.71242969,2.11359898,ATR_TARGET,1.96995571
NXE,2025-10-14T12:15:00-04:00,2025-10-15T12:15:00-04:00,8,9.43206875,9.10856341,-2.58804271,-0.95757580,ATR_STOP,-1.02158896
PLUG,2025-10-14T12:15:00-04:00,2025-10-15T12:15:00-04:00,1,4.00289992,3.74697362,-0.25592630,-0.09469273,ATR_STOP,-1.01111096
ASTS,2025-10-14T12:00:00-04:00,2025-10-16T10:45:00-04:00,23,95.20935350,97.96005639,63.26616639,23.40848156,ATR_STOP,0.65521374
INTC,2025-10-17T10:15:00-04:00,2025-10-17T11:15:00-04:00,60,38.05842242,36.86866160,-71.38564956,-26.41269034,ATR_STOP,-1.02381251
MU,2025-10-17T15:00:00-04:00,2025-10-20T09:30:00-04:00,11,201.98137250,209.57270250,83.50463000,30.89671310,TARGET_GAP,1.99948644
SLS,2025-10-17T15:15:00-04:00,2025-10-20T09:30:00-04:00,55,2.14660875,2.42817750,15.48628125,5.72992406,TARGET_GAP,3.68165215
AMD,2025-10-17T15:15:00-04:00,2025-10-21T09:30:00-04:00,1,234.61583000,239.21045750,4.59462750,1.70001217,STOP_GAP,0.94147458
EOSE,2025-10-21T09:45:00-04:00,2025-10-21T10:45:00-04:00,142,15.95375635,16.27235059,45.24038155,16.73894117,ATR_STOP,0.38659067
AAOI,2025-10-21T11:45:00-04:00,2025-10-21T13:30:00-04:00,65,35.22640000,33.71561652,-98.20092646,-36.33434279,ATR_STOP,-1.01703539
IVVD,2025-10-21T10:00:00-04:00,2025-10-21T14:15:00-04:00,182,2.05153750,2.13492004,15.17562215,5.61498020,ATR_STOP,0.76478747
INTC,2025-10-21T13:45:00-04:00,2025-10-22T09:30:00-04:00,58,38.33372875,37.76206012,-33.15678061,-12.26800882,ATR_STOP,-1.05216539
GGLL,2025-10-22T09:45:00-04:00,2025-10-22T12:00:00-04:00,33,68.90163750,66.83059948,-68.34425469,-25.28737424,ATR_STOP,-1.02482118
ADMA,2025-10-22T09:45:00-04:00,2025-10-22T13:15:00-04:00,21,14.96121250,15.13909189,3.73546719,1.38212286,ATR_STOP,0.71760687
REPL,2025-10-22T15:00:00-04:00,2025-10-23T09:30:00-04:00,282,8.00099625,8.56865518,160.07981872,59.22953293,ATR_TARGET,1.97759476
CLOV,2025-10-23T09:30:00-04:00,2025-10-24T09:30:00-04:00,92,3.08231000,3.38745750,28.07357000,10.38722090,TARGET_GAP,3.57804002
TSLT,2025-10-24T09:30:00-04:00,2025-10-24T10:30:00-04:00,10,28.30121000,27.19190037,-11.09309631,-4.10444564,ATR_STOP,-1.01874297
ADMA,2025-10-24T09:45:00-04:00,2025-10-24T12:15:00-04:00,1,15.48160250,15.89319967,0.41159717,0.15229095,ATR_TARGET,1.94366888
IVVD,2025-10-23T09:45:00-04:00,2025-10-24T12:30:00-04:00,4,1.99149250,2.23286174,0.96547694,0.35722647,ATR_TARGET,1.98620912
MVST,2025-10-24T12:15:00-04:00,2025-10-24T14:45:00-04:00,47,5.90942875,5.69833421,-9.92144348,-3.67093409,ATR_STOP,-1.02067986
AMD,2025-10-24T15:45:00-04:00,2025-10-27T09:45:00-04:00,1,252.51924750,254.06526886,1.54602136,0.57202790,ATR_STOP,0.42384806
VISN,2025-10-23T09:45:00-04:00,2025-10-27T10:15:00-04:00,148,15.88190250,16.06139362,26.56468582,9.82893376,ATR_STOP,0.55911781
IVVD,2025-10-24T13:00:00-04:00,2025-10-27T11:00:00-04:00,11,2.29672125,2.16948922,-1.39955235,-0.51783437,ATR_STOP,-1.01296409
LUMN,2025-10-27T09:45:00-04:00,2025-10-27T15:30:00-04:00,2,8.65648750,9.33808039,1.36318578,0.50437874,ATR_TARGET,1.97964334
INTC,2025-10-27T10:00:00-04:00,2025-10-28T13:45:00-04:00,6,40.28519125,41.48982620,7.22780970,2.67428959,ATR_STOP,1.02903694
TSLR,2025-10-27T11:30:00-04:00,2025-10-28T13:45:00-04:00,68,34.54589000,35.45462958,61.79429176,22.86388795,ATR_STOP,0.71741099
TSLT,2025-10-27T11:30:00-04:00,2025-10-28T13:45:00-04:00,2,29.07168743,29.82888960,1.51440436,0.56032961,ATR_STOP,0.71468105
PLTR,2025-10-28T14:30:00-04:00,2025-10-29T09:45:00-04:00,12,190.27259750,195.26800368,59.94487411,22.17960342,ATR_TARGET,1.94299422
NIO,2025-10-29T09:30:00-04:00,2025-10-29T10:15:00-04:00,1,7.13534750,7.30115874,0.16581124,0.06135016,ATR_TARGET,1.93601565
AAOI,2025-10-29T10:00:00-04:00,2025-10-29T10:45:00-04:00,59,38.72902500,37.22124941,-88.95875978,-32.91474112,ATR_STOP,-1.01887833
RIVN,2025-10-29T09:30:00-04:00,2025-10-29T14:15:00-04:00,30,13.51012500,13.66693874,4.70441223,1.74063253,ATR_STOP,0.67534000
TSLR,2025-10-29T10:00:00-04:00,2025-10-29T14:30:00-04:00,1,36.05702250,34.90357358,-1.15344892,-0.42677610,ATR_STOP,-1.02324000
ABCL,2025-10-29T11:00:00-04:00,2025-10-29T14:30:00-04:00,388,5.73429750,5.58434410,-58.18191757,-21.52730950,ATR_STOP,-1.02875511
CLOV,2025-10-29T13:45:00-04:00,2025-10-29T14:30:00-04:00,1,3.73780125,3.64995913,-0.08784212,-0.03250158,ATR_STOP,-1.03219084
BTE,2025-10-29T10:45:00-04:00,2025-10-30T09:30:00-04:00,3,2.34175500,2.29551349,-0.13872454,-0.15415380,ATR_STOP,-1.03870130
PLTR,2025-10-29T15:15:00-04:00,2025-10-30T09:30:00-04:00,11,198.79898750,194.98562907,-41.94694268,-15.52036879,ATR_STOP,-1.03990963
CAPR,2025-10-29T15:15:00-04:00,2025-10-30T09:30:00-04:00,63,7.07380138,6.72111724,-22.21910048,-8.22106718,ATR_STOP,-1.01451107
NIO,2025-10-30T10:00:00-04:00,2025-10-30T11:15:00-04:00,3,7.23041875,7.06671968,-0.49109722,-0.18170597,ATR_STOP,-1.03348601
ADMA,2025-10-28T09:30:00-04:00,2025-10-30T11:45:00-04:00,1,15.37152000,15.48293531,0.11141531,0.04122366,ATR_STOP,0.34915914
VISN,2025-10-30T09:45:00-04:00,2025-10-31T09:30:00-04:00,139,16.71252500,17.75078141,144.31764165,53.39752741,ATR_TARGET,1.97466083
STX,2025-10-30T09:45:00-04:00,2025-10-31T09:45:00-04:00,1,268.95156250,268.16372625,-0.78783625,-0.29149941,STOP_GAP,-0.08391199
VISN,2025-10-31T09:45:00-04:00,2025-10-31T10:00:00-04:00,139,17.39803875,16.70444822,-96.40908429,-35.67136119,ATR_STOP,-1.01840935
CSIQ,2025-10-30T13:30:00-04:00,2025-10-31T10:15:00-04:00,2,17.85338000,19.43724157,3.16772314,1.17205756,ATR_TARGET,1.98174623
SOXL,2025-10-31T10:45:00-04:00,2025-10-31T12:00:00-04:00,3,49.89739500,48.10910146,-5.36488063,-1.98500583,ATR_STOP,-1.02060794
PLTR,2025-10-31T10:15:00-04:00,2025-10-31T12:15:00-04:00,11,203.03726382,198.26569570,-52.48724938,-19.42028227,ATR_STOP,-1.03219094
BTE,2025-10-31T09:45:00-04:00,2025-11-03T09:30:00-05:00,116,2.34175500,2.36481323,2.67475419,0.98965905,ATR_STOP,0.40421056
NIO,2025-10-31T12:45:00-04:00,2025-11-03T09:30:00-05:00,324,7.20039625,7.45544230,82.63491915,30.57492009,ATR_TARGET,1.95706155
QS,2025-10-31T14:45:00-04:00,2025-11-03T09:30:00-05:00,1,18.54389750,17.70268941,-0.84120809,-0.31124699,ATR_STOP,-1.01604861
SGML,2025-10-31T15:30:00-04:00,2025-11-03T09:30:00-05:00,1,6.48986375,6.30596635,-0.18389740,-0.06804204,ATR_STOP,-1.02641722
TSLT,2025-11-03T09:45:00-05:00,2025-11-03T14:00:00-05:00,11,30.13258250,30.45339896,3.52898106,1.30572299,ATR_STOP,0.31819951
MU,2025-11-03T09:45:00-05:00,2025-11-04T09:30:00-05:00,10,233.24480250,221.99837625,-112.46426250,-41.61177713,STOP_GAP,-1.71820880
LUMN,2025-11-03T10:00:00-05:00,2025-11-04T09:30:00-05:00,1,10.86814500,10.97176500,0.10362000,0.03833940,STOP_GAP,0.14879082
AMD,2025-11-03T15:45:00-05:00,2025-11-04T09:30:00-05:00,1,259.97983875,250.16223750,-9.81760125,-3.63251246,STOP_GAP,-2.89602933
CLOV,2025-11-03T13:00:00-05:00,2025-11-04T09:30:00-05:00,2,3.67275250,3.57456050,-0.19638401,-0.07266208,ATR_STOP,-1.02809087
ALKS,2025-11-04T10:15:00-05:00,2025-11-05T09:30:00-05:00,75,30.50286000,31.98599250,111.23493750,41.15692687,TARGET_GAP,3.08885512
BTU,2025-11-04T14:00:00-05:00,2025-11-06T09:45:00-05:00,10,29.39202750,30.91507189,15.23044390,5.63526424,ATR_TARGET,1.96998708
QS,2025-11-05T10:00:00-05:00,2025-11-06T10:45:00-05:00,1,16.91267500,16.14596079,-0.76671421,-0.28368426,ATR_STOP,-1.01605967
VISN,2025-11-05T09:45:00-05:00,2025-11-06T12:15:00-05:00,142,16.65248000,16.23866880,-58.76118989,-21.74164026,ATR_STOP,-1.03034722
LUMN,2025-11-06T13:30:00-05:00,2025-11-06T15:45:00-05:00,205,11.38022878,10.87922648,-102.70547093,-38.00102424,ATR_STOP,-1.01656846
TSLQ,2025-11-06T11:00:00-05:00,2025-11-07T11:45:00-05:00,14,22.39178125,24.43864080,28.65603373,10.60273248,ATR_TARGET,1.98223638
EOSE,2025-11-07T13:45:00-05:00,2025-11-10T09:30:00-05:00,20,16.36406385,18.48879849,42.49469284,15.72303635,ATR_TARGET,1.98702242
BTE,2025-11-07T10:00:00-05:00,2025-11-10T09:45:00-05:00,923,2.45984350,2.49085161,28.62048785,10.58958051,ATR_STOP,0.44607889
VISN,2025-11-10T09:45:00-05:00,2025-11-10T11:15:00-05:00,1,17.09281000,16.66208533,-0.43072467,-0.15936813,ATR_STOP,-1.02990288
SEDG,2025-11-10T09:45:00-05:00,2025-11-10T13:15:00-05:00,8,42.39177000,46.87984786,35.90462288,13.28471047,ATR_TARGET,1.98444209
RIVN,2025-11-10T11:45:00-05:00,2025-11-11T09:30:00-05:00,144,15.95195500,16.22293625,39.02130050,14.43788118,ATR_STOP,0.46217787
AFRM,2025-11-11T09:45:00-05:00,2025-11-11T10:45:00-05:00,30,76.75252125,74.66335773,-62.67490548,-23.18971503,ATR_STOP,-1.02756327
CMPX,2025-11-10T14:00:00-05:00,2025-11-11T12:00:00-05:00,86,4.32324000,4.55145204,19.62623560,7.26170717,ATR_TARGET,1.97050315
TNDM,2025-11-11T09:45:00-05:00,2025-11-11T14:15:00-05:00,1,17.21290000,17.70949586,0.49659586,0.18374047,ATR_STOP,0.65966629
TSLZ,2025-11-11T11:00:00-05:00,2025-11-12T09:30:00-05:00,165,13.68525625,13.20009250,-80.05201875,-29.61924694,STOP_GAP,-1.06038250
RIVN,2025-11-11T15:15:00-05:00,2025-11-12T09:30:00-05:00,1,17.86338750,17.27991990,-0.58346760,-0.21588301,ATR_STOP,-1.02273394
CMPX,2025-11-11T12:15:00-05:00,2025-11-12T09:45:00-05:00,1,4.55341250,4.84978985,0.29637735,0.10965962,ATR_TARGET,1.97573426
CSIQ,2025-11-12T09:45:00-05:00,2025-11-12T10:30:00-05:00,1,31.35349750,29.59202323,-1.76147427,-0.65174548,ATR_STOP,-1.01277016
TSLQ,2025-11-12T10:00:00-05:00,2025-11-13T09:30:00-05:00,1,23.25242625,24.51310374,1.26067749,0.46645067,ATR_TARGET,1.97123138
TNYA,2025-11-12T15:30:00-05:00,2025-11-13T09:30:00-05:00,2,1.54615875,1.48720945,-0.11789859,-0.04362248,ATR_STOP,-1.01930115
AFRM,2025-11-12T09:45:00-05:00,2025-11-13T09:45:00-05:00,28,77.73225550,75.81394757,-53.71262214,-19.87367019,ATR_STOP,-1.03057000
TSLZ,2025-11-12T10:45:00-05:00,2025-11-13T09:45:00-05:00,2,13.93044000,14.71014446,1.55940892,0.57698130,ATR_TARGET,1.97207473
VISN,2025-11-11T12:15:00-05:00,2025-11-13T10:30:00-05:00,22,17.50311750,17.06328005,-9.67642384,-3.58027682,ATR_STOP,-1.02999099
MU,2025-11-13T10:15:00-05:00,2025-11-13T10:30:00-05:00,8,248.77644250,241.92280624,-54.82909010,-20.28676334,ATR_STOP,-1.02721473
SGML,2025-11-13T09:45:00-05:00,2025-11-13T15:45:00-05:00,4,5.95446250,5.68199779,-1.08985885,-0.40324778,ATR_STOP,-1.01590118
IAUX,2025-11-13T10:30:00-05:00,2025-11-14T09:30:00-05:00,181,1.02076500,0.96507565,-10.07977235,-3.72951577,STOP_GAP,-1.75113492
SGML,2025-11-14T09:45:00-05:00,2025-11-14T09:45:00-05:00,53,6.30472500,5.83174530,-25.06792386,-9.27513183,ATR_STOP,-1.00934073
BEKE,2025-11-14T10:00:00-05:00,2025-11-14T13:00:00-05:00,1,17.13284000,16.85040390,-0.28243610,-0.10450136,ATR_STOP,-1.04687848
MU,2025-11-14T09:45:00-05:00,2025-11-14T15:30:00-05:00,9,244.27807125,248.93067035,41.87339186,15.49315499,ATR_STOP,0.55317078
CSIQ,2025-11-14T10:00:00-05:00,2025-11-17T09:30:00-05:00,10,30.25267250,31.74617250,14.93500000,5.52595000,STOP_GAP,0.65852800
OTLK,2025-11-14T09:45:00-05:00,2025-11-17T09:45:00-05:00,3,1.60670413,1.93540776,0.98611089,0.36486103,ATR_TARGET,1.99120026
MIST,2025-11-17T09:45:00-05:00,2025-11-17T10:30:00-05:00,1097,2.06154500,1.99289811,-75.30564184,-27.86308748,ATR_STOP,-1.02227507
MU,2025-11-17T09:45:00-05:00,2025-11-17T11:15:00-05:00,1,256.69988062,248.42323608,-8.27664454,-3.06235848,ATR_STOP,-1.02304734
IAUX,2025-11-17T09:45:00-05:00,2025-11-17T13:15:00-05:00,33,1.06539845,1.01950842,-1.51437087,-0.56031722,ATR_STOP,-1.01695752
MIST,2025-11-17T15:15:00-05:00,2025-11-17T15:45:00-05:00,137,2.17683140,2.37285407,26.85510639,9.93638936,ATR_TARGET,1.98199248
TSLQ,2025-11-17T13:15:00-05:00,2025-11-18T11:15:00-05:00,87,25.36901250,26.39940616,89.64424817,33.16837182,ATR_STOP,0.85304923
SOXS,2025-11-21T09:45:00-05:00,2025-11-21T12:00:00-05:00,1,967.72525000,907.47967531,-60.24557469,-22.29086264,ATR_STOP,-1.01143502
BEKE,2025-11-21T09:45:00-05:00,2025-11-21T15:45:00-05:00,93,17.33799375,17.48315213,13.49972978,4.99490002,ATR_STOP,0.59088891
MIST,2025-11-21T12:45:00-05:00,2025-11-24T11:15:00-05:00,1,2.42681875,2.32867730,-0.09814145,-0.03631233,ATR_STOP,-1.01813210
OLMA,2025-11-24T09:30:00-05:00,2025-11-25T09:30:00-05:00,69,23.22740750,25.38072134,148.57865513,54.97410240,ATR_TARGET,1.98246166
CMPX,2025-11-26T09:45:00-05:00,2025-11-26T15:00:00-05:00,1,5.04878375,5.30204005,0.25325630,0.09370483,ATR_TARGET,1.96905940
TSLL,2025-11-26T09:45:00-05:00,2025-11-28T10:00:00-05:00,96,17.83336500,18.26438578,41.37799526,15.30985825,ATR_STOP,0.76486528
SOFI,2025-11-28T10:15:00-05:00,2025-12-01T09:30:00-05:00,59,29.07178750,28.80837750,-15.54119000,-5.75024030,STOP_GAP,-0.44956021
TNYA,2025-11-28T10:00:00-05:00,2025-12-01T09:30:00-05:00,5,1.40685435,1.34934259,-0.28755882,-0.10639676,ATR_STOP,-1.01792539
ASPN,2025-12-01T10:45:00-05:00,2025-12-01T12:15:00-05:00,1,3.26544725,3.45472490,0.18927765,0.07003273,ATR_TARGET,1.97297149
RIVN,2025-12-01T09:45:00-05:00,2025-12-01T14:15:00-05:00,100,17.10281750,17.35983850,25.70210041,9.50977715,ATR_STOP,0.56973937
SGML,2025-11-28T10:15:00-05:00,2025-12-02T09:45:00-05:00,2,11.09831750,10.48061954,-1.23539592,-0.45709649,ATR_STOP,-1.01289924
TSLL,2025-12-02T10:15:00-05:00,2025-12-02T11:00:00-05:00,1,18.90336690,18.37909472,-0.52427218,-0.19398070,ATR_STOP,-1.02702307
MIST,2025-12-01T14:30:00-05:00,2025-12-03T09:30:00-05:00,643,2.68701375,2.61151532,-48.54549203,-17.96183205,ATR_STOP,-1.02665422
RIVN,2025-12-02T12:30:00-05:00,2025-12-03T09:30:00-05:00,1,17.58818125,17.10240759,-0.48577366,-0.17973625,ATR_STOP,-1.02714194
ERAS,2025-12-03T11:00:00-05:00,2025-12-03T12:00:00-05:00,1,3.05729125,3.26139931,0.20410806,0.07551998,ATR_TARGET,1.97629809
CLOV,2025-12-01T13:15:00-05:00,2025-12-03T13:00:00-05:00,1,2.48696383,2.59054293,0.10357910,0.03832427,ATR_TARGET,1.96314819
HIVE,2025-12-03T13:15:00-05:00,2025-12-04T09:45:00-05:00,2,3.29747125,3.18858750,-0.21776751,-0.08057398,ATR_STOP,-1.02247370
PLUG,2025-12-02T13:45:00-05:00,2025-12-04T14:15:00-05:00,1,2.10157500,2.17016501,0.06859001,0.02537830,ATR_STOP,0.78717590
ABCL,2025-12-04T10:30:00-05:00,2025-12-04T14:15:00-05:00,1,3.57768125,3.65129717,0.07361592,0.02723789,ATR_STOP,0.75850037
CMPX,2025-12-03T09:45:00-05:00,2025-12-05T09:30:00-05:00,323,5.29897125,5.64594128,112.07131841,41.46638781,ATR_TARGET,1.97586821
BLNK,2025-12-04T10:45:00-05:00,2025-12-05T09:30:00-05:00,2,1.40665420,1.35205451,-0.10919939,-0.04040377,ATR_STOP,-1.01893821
USAS,2025-12-04T15:15:00-05:00,2025-12-05T09:45:00-05:00,1,4.50337500,4.68061005,0.17723505,0.06557697,ATR_TARGET,1.96112721
AAOI,2025-12-05T09:45:00-05:00,2025-12-05T09:45:00-05:00,26,26.57992000,25.85537847,-18.83807989,-6.97008956,ATR_STOP,-1.02752108
BTE,2025-11-21T12:30:00-05:00,2025-12-05T11:15:00-05:00,293,3.16737375,3.26035920,27.24473780,10.08055299,ATR_STOP,0.96218968
MRNA,2025-12-05T09:45:00-05:00,2025-12-05T11:15:00-05:00,1,25.99948500,26.86644961,0.86696461,0.32077690,ATR_TARGET,1.95453886
PLUG,2025-12-05T10:15:00-05:00,2025-12-05T13:45:00-05:00,1,2.30742928,2.20390645,-0.10352282,-0.03830344,ATR_STOP,-1.01623827
INTC,2025-12-05T10:15:00-05:00,2025-12-05T15:30:00-05:00,16,42.60693125,41.56637231,-16.64894300,-6.16010891,ATR_STOP,-1.03090885
SLS,2025-12-05T14:00:00-05:00,2025-12-08T09:30:00-05:00,1,1.78633875,1.92407715,0.13773840,0.05096321,ATR_TARGET,1.97924825
ADMA,2025-12-05T15:45:00-05:00,2025-12-08T09:30:00-05:00,33,20.03001125,19.75243457,-9.16003039,-3.38921124,ATR_STOP,-1.05642388
MIST,2025-12-05T13:15:00-05:00,2025-12-08T09:45:00-05:00,2,2.67700625,2.61399130,-0.12602989,-0.04663106,ATR_STOP,-1.03213545
SLS,2025-12-08T09:45:00-05:00,2025-12-08T10:00:00-05:00,351,1.90142500,1.79255863,-38.21209474,-14.13847505,ATR_STOP,-1.01251317
JMIA,2025-12-08T10:15:00-05:00,2025-12-08T10:45:00-05:00,52,12.40930000,12.06152485,-18.08430778,-6.69119388,ATR_STOP,-1.02672672
CAPR,2025-12-05T09:45:00-05:00,2025-12-08T12:00:00-05:00,39,27.52052493,29.45788111,75.55689127,27.95604977,ATR_STOP,0.63456772
GME,2025-12-08T11:00:00-05:00,2025-12-08T13:45:00-05:00,27,23.38252375,23.03442611,-9.39863618,-3.47749539,ATR_STOP,-1.05226216
IVVD,2025-12-08T11:30:00-05:00,2025-12-08T13:45:00-05:00,2,2.36177000,2.39659948,0.06965895,0.02577381,ATR_STOP,0.38429573
BEKE,2025-12-05T12:00:00-05:00,2025-12-08T15:45:00-05:00,56,17.24792625,17.08472253,-9.13940832,-3.38158108,ATR_STOP,-1.08527139
STX,2025-12-08T13:00:00-05:00,2025-12-09T09:30:00-05:00,3,286.86999125,281.21528985,-16.96410420,-6.27671855,ATR_STOP,-1.03877371
MIST,2025-12-09T09:30:00-05:00,2025-12-09T09:30:00-05:00,362,2.66199500,2.59098183,-25.70676868,-9.51150441,ATR_STOP,-1.02815604
AAOI,2025-12-08T13:00:00-05:00,2025-12-09T11:00:00-05:00,9,27.91091750,29.70029026,16.10435486,5.95861130,ATR_TARGET,1.97539066
ALB,2025-12-08T14:45:00-05:00,2025-12-09T12:30:00-05:00,5,127.55559500,131.32274538,18.83575190,6.96922820,ATR_TARGET,1.94900506
PLUG,2025-12-09T13:45:00-05:00,2025-12-10T09:30:00-05:00,16,2.28671375,2.19835000,-1.41382000,-0.52311340,STOP_GAP,-1.12721316
HIVE,2025-12-09T11:15:00-05:00,2025-12-10T09:30:00-05:00,80,3.27245250,3.15748710,-9.19723190,-3.40297580,ATR_STOP,-1.02104784
FROG,2025-12-09T12:45:00-05:00,2025-12-10T10:15:00-05:00,9,68.00096250,68.39884915,3.58097989,1.32496256,ATR_STOP,0.31743830
RIVN,2025-12-10T10:30:00-05:00,2025-12-10T11:00:00-05:00,33,18.40379250,17.89325355,-16.84778537,-6.23368059,ATR_STOP,-1.02701624
PLTR,2025-12-10T09:45:00-05:00,2025-12-10T14:30:00-05:00,1,185.05929045,189.72593000,4.66663955,1.72665663,ATR_TARGET,1.94077769
SOXL,2025-12-10T09:45:00-05:00,2025-12-10T15:00:00-05:00,2,47.98596250,49.76596147,3.55999795,1.31719924,ATR_TARGET,1.95889349
VISN,2025-12-09T09:45:00-05:00,2025-12-10T15:45:00-05:00,90,19.95995875,20.06412558,9.37501512,3.46875559,ATR_STOP,0.29031012
CLOV,2025-12-10T10:00:00-05:00,2025-12-11T09:30:00-05:00,4,2.61195750,2.70940809,0.38980237,0.14422688,ATR_TARGET,1.95911749
IAUX,2025-12-10T11:30:00-05:00,2025-12-11T09:30:00-05:00,460,1.31598625,1.39399483,35.88394676,13.27706030,ATR_TARGET,1.97353026
TSLL,2025-12-10T15:00:00-05:00,2025-12-11T09:30:00-05:00,9,19.72478250,19.21740293,-4.56641614,-1.68957397,ATR_STOP,-1.02925997
PRME,2025-12-11T09:45:00-05:00,2025-12-11T09:45:00-05:00,1,4.38828875,4.19010815,-0.19818060,-0.07332682,ATR_STOP,-1.01612495
OLMA,2025-12-11T09:30:00-05:00,2025-12-11T11:00:00-05:00,59,30.23766125,32.86874035,155.23366681,57.43645672,ATR_TARGET,1.98142139
BRZE,2025-12-10T15:15:00-05:00,2025-12-11T11:15:00-05:00,2,36.67248375,35.15872400,-3.02751950,-1.12018221,ATR_STOP,-1.01774193
SLS,2025-12-10T15:15:00-05:00,2025-12-11T15:45:00-05:00,18,1.96537293,2.02684140,1.10643263,0.40938007,ATR_STOP,0.86004185
USAS,2025-12-11T11:45:00-05:00,2025-12-12T09:30:00-05:00,358,5.46909875,5.62698780,56.52428143,20.91398413,ATR_STOP,0.74397123
VISN,2025-12-12T09:30:00-05:00,2025-12-12T09:30:00-05:00,1,20.51537500,20.18689527,-0.32847973,-0.12153750,ATR_STOP,-1.04835676
NXE,2025-12-11T09:45:00-05:00,2025-12-12T10:15:00-05:00,85,9.51212875,9.25762849,-21.63252236,-8.00403327,ATR_STOP,-1.02806860
TSLL,2025-12-12T09:45:00-05:00,2025-12-12T10:15:00-05:00,99,20.21525008,19.60280443,-60.63211878,-22.43388395,ATR_STOP,-1.02461492
SLS,2025-12-12T09:45:00-05:00,2025-12-12T10:45:00-05:00,8,2.10657875,2.02175510,-0.67858920,-0.25107800,ATR_STOP,-1.01821538
QS,2025-12-12T09:30:00-05:00,2025-12-12T11:00:00-05:00,1,12.65948750,12.33058250,-0.32890500,-0.12169485,ATR_STOP,-1.02895315
BILL,2025-12-12T12:15:00-05:00,2025-12-12T15:30:00-05:00,45,55.26641875,54.47270655,-35.71704888,-13.21530809,ATR_STOP,-1.05430888
PLUG,2025-12-12T13:00:00-05:00,2025-12-12T15:45:00-05:00,10,2.43592558,2.33207702,-1.03848552,-0.38423964,ATR_STOP,-1.01714399
BEKE,2025-12-12T15:45:00-05:00,2025-12-15T09:30:00-05:00,141,17.36301250,17.01722750,-48.75568500,-18.03960345,STOP_GAP,-3.27112312
FROG,2025-12-12T12:15:00-05:00,2025-12-15T09:30:00-05:00,4,69.24189250,67.81933106,-5.69024574,-2.10539092,ATR_STOP,-1.03711031
ECHO,2025-12-15T09:45:00-05:00,2025-12-15T11:00:00-05:00,1,108.69145750,105.88217732,-2.80928018,-1.03943367,ATR_STOP,-1.02911238
PLTR,2025-12-15T09:45:00-05:00,2025-12-15T15:45:00-05:00,1,186.39969500,182.62232227,-3.77737273,-1.39762791,ATR_STOP,-1.03765333
SLS,2025-12-16T09:45:00-05:00,2025-12-16T10:15:00-05:00,1,2.12159000,2.04396095,-0.07762905,-0.02872275,ATR_STOP,-1.02016063
OTLK,2025-12-15T11:30:00-05:00,2025-12-16T13:45:00-05:00,49,2.17663125,2.38079438,10.00399320,3.70147748,ATR_TARGET,1.98264690
VUZI,2025-12-16T09:45:00-05:00,2025-12-17T09:45:00-05:00,63,2.88716375,2.93823339,3.21738710,1.19043323,ATR_STOP,0.47617422
PLUG,2025-12-16T12:15:00-05:00,2025-12-17T09:45:00-05:00,1,2.31483483,2.32867950,0.01384468,0.00512253,ATR_STOP,0.15413266
OTLK,2025-12-16T14:00:00-05:00,2025-12-17T10:00:00-05:00,16,2.38028387,2.41672634,0.58307941,0.21573938,ATR_STOP,0.35944811
IAUX,2025-12-15T09:45:00-05:00,2025-12-17T13:45:00-05:00,1649,1.47700692,1.50934527,53.32592606,19.73059264,ATR_STOP,0.62877602
TWLO,2025-12-17T10:00:00-05:00,2025-12-17T15:45:00-05:00,1,141.35593750,138.41885255,-2.93708495,-1.08672143,ATR_STOP,-1.03666960
ERAS,2025-12-17T13:00:00-05:00,2025-12-18T10:00:00-05:00,23,3.69276750,3.56946332,-2.83599605,-1.04931854,ATR_STOP,-1.02221020
AFRM,2025-12-16T14:00:00-05:00,2025-12-18T10:45:00-05:00,1,73.14481750,77.87001396,4.72519646,1.74832269,ATR_TARGET,1.97556408
VUZI,2025-12-18T09:45:00-05:00,2025-12-18T14:00:00-05:00,5,3.08231000,3.16271930,0.40204651,0.14875721,ATR_STOP,0.56600489
SLS,2025-12-18T09:45:00-05:00,2025-12-18T14:45:00-05:00,1092,2.25669125,2.30674324,54.65677749,20.22300767,ATR_STOP,0.51003859
RIVN,2025-12-18T14:30:00-05:00,2025-12-19T09:30:00-05:00,1,19.56466250,20.75897000,1.19430750,0.44189378,ATR_TARGET,1.97424405
ALB,2025-12-18T15:15:00-05:00,2025-12-19T09:30:00-05:00,17,140.03494750,144.66551203,78.71959708,29.12625092,ATR_TARGET,1.95417715
SGML,2025-12-18T15:30:00-05:00,2025-12-19T09:45:00-05:00,10,11.67875250,11.95862464,2.79872136,1.03552690,ATR_STOP,0.59721950
TSLR,2025-12-18T11:15:00-05:00,2025-12-19T10:30:00-05:00,2,38.18862000,36.62256554,-3.13210893,-1.15888030,ATR_STOP,-1.01786568
MRNA,2025-12-19T10:15:00-05:00,2025-12-19T13:45:00-05:00,5,32.81459250,33.43811737,3.11762436,1.15352101,ATR_STOP,0.70076188
STX,2025-12-19T09:45:00-05:00,2025-12-22T09:30:00-05:00,8,300.97556250,293.04826458,-63.41838339,-23.46480186,ATR_STOP,-1.02853786
CCJ,2025-12-19T15:45:00-05:00,2025-12-22T09:45:00-05:00,1,90.44778500,92.79127274,2.34348774,0.86709046,ATR_TARGET,1.94227780
TSLL,2025-12-18T09:45:00-05:00,2025-12-22T10:00:00-05:00,5,21.95645500,22.95136108,4.97453041,1.84057625,ATR_STOP,1.02840208
BTE,2025-12-22T09:45:00-05:00,2025-12-22T10:00:00-05:00,770,3.18738875,3.12169393,-50.58501242,-18.71645460,ATR_STOP,-1.03698439
SLS,2025-12-22T11:45:00-05:00,2025-12-23T09:30:00-05:00,60,2.61455945,2.83433035,13.18625401,4.87891398,ATR_TARGET,1.98082596
ABCL,2025-12-23T09:45:00-05:00,2025-12-23T10:00:00-05:00,44,3.80285000,3.70247622,-4.41644620,-1.63408509,ATR_STOP,-1.02847427
JMIA,2025-12-18T10:45:00-05:00,2025-12-24T09:30:00-05:00,6,13.03977250,12.50913989,-3.18379566,-1.17800440,ATR_STOP,-1.01801249
BTU,2025-12-19T11:00:00-05:00,2025-12-26T09:30:00-05:00,2,31.16335500,30.28881885,-1.74907230,-0.64715675,ATR_STOP,-1.02668889
SOXL,2025-12-24T09:45:00-05:00,2025-12-26T09:45:00-05:00,1,44.07303000,44.14725005,0.07422005,0.02746142,ATR_STOP,0.12889074
SOFI,2025-12-24T12:15:00-05:00,2025-12-26T10:15:00-05:00,1,27.45617670,27.09527521,-0.36090149,-0.13353355,ATR_STOP,-1.05971466
BTE,2025-12-23T14:15:00-05:00,2025-12-26T11:45:00-05:00,52,3.16237000,3.11977774,-2.21479748,-0.81947507,ATR_STOP,-1.05817517
ECHO,2025-12-22T11:00:00-05:00,2025-12-29T09:30:00-05:00,23,107.41049750,103.88203000,-81.15475250,-30.02725843,STOP_GAP,-1.39288610
USAS,2025-12-26T14:45:00-05:00,2025-12-29T09:30:00-05:00,51,6.22026170,5.87559000,-17.57825670,-6.50395498,STOP_GAP,-2.18392512
IAUX,2025-12-19T10:15:00-05:00,2025-12-29T09:30:00-05:00,2,1.54115500,1.48161192,-0.11908615,-0.04406188,ATR_STOP,-1.01903172
NXE,2025-12-29T09:45:00-05:00,2025-12-29T09:45:00-05:00,256,9.50212125,9.32903461,-44.31018083,-16.39476691,ATR_STOP,-1.04215940
VUZI,2025-12-29T11:15:00-05:00,2025-12-30T09:30:00-05:00,700,3.43257250,3.75740880,227.38541139,84.13260222,ATR_TARGET,1.98278580
SLS,2025-12-29T12:45:00-05:00,2025-12-30T09:45:00-05:00,1,3.24743375,3.70009742,0.45266367,0.16748556,ATR_TARGET,1.98780454
ASTS,2025-12-30T09:45:00-05:00,2025-12-30T10:00:00-05:00,33,75.03623500,75.01562944,-0.67998355,-0.25159391,ATR_STOP,-0.00768298
AAOI,2025-12-30T10:45:00-05:00,2025-12-30T15:30:00-05:00,67,37.14784000,36.09134149,-70.78540041,-26.19059815,ATR_STOP,-1.02631491
BTE,2025-12-29T09:45:00-05:00,2025-12-30T15:45:00-05:00,94,3.19239250,3.24070256,4.54114593,1.68022399,ATR_STOP,0.94411686
SOXL,2025-12-30T09:45:00-05:00,2025-12-31T09:30:00-05:00,1,44.05301500,43.31768051,-0.73533449,-0.27207376,ATR_STOP,-1.04626015
BIDU,2025-12-30T15:45:00-05:00,2025-12-31T09:30:00-05:00,18,133.39997500,131.98570141,-25.45692453,-9.41906208,ATR_STOP,-1.07532149
NXE,2025-12-31T09:45:00-05:00,2025-12-31T13:45:00-05:00,260,9.33199375,9.16938369,-42.27861559,-15.64308777,ATR_STOP,-1.04419376
TSLZ,2025-12-31T09:30:00-05:00,2025-12-31T15:45:00-05:00,31,11.53864750,11.85110500,9.68618250,3.58388752,END_OF_TEST,1.49100294
TSLQ,2025-12-31T14:45:00-05:00,2025-12-31T15:45:00-05:00,133,17.96336242,18.15637250,25.67033998,9.49802579,END_OF_TEST,0.71317643
