Symbol,EntryTimestampMarket,ExitTimestampMarket,Shares,EntryPrice,ExitPrice,PnL,TaxReserved,ExitReason,ResultR
BTE,2024-03-18T15:15:00-04:00,2024-03-19T09:45:00-04:00,171,3.36752375,3.45008384,14.11777556,4.52607663,ATR_TARGET,1.93917752
BEKE,2024-03-19T09:45:00-04:00,2024-03-20T09:30:00-04:00,40,14.32073250,14.10941000,-8.45290000,-3.12757300,STOP_GAP,-1.09706487
CLOV,2024-03-20T10:30:00-04:00,2024-03-20T15:30:00-04:00,683,0.84573382,0.88755671,28.56503162,10.56906170,ATR_TARGET,1.96864288
BTE,2024-03-20T13:15:00-04:00,2024-03-21T09:30:00-04:00,167,3.47660550,3.57732559,16.82025516,6.22349441,ATR_TARGET,1.94806817
NXE,2024-03-20T14:15:00-04:00,2024-03-21T09:30:00-04:00,14,7.46559500,7.70726342,3.38335781,1.25184239,ATR_TARGET,1.95324541
BTE,2024-03-21T09:45:00-04:00,2024-03-21T11:00:00-04:00,167,3.58268500,3.50838156,-12.40867508,-4.59120978,ATR_STOP,-1.03674138
BEKE,2024-03-21T09:45:00-04:00,2024-03-21T11:45:00-04:00,41,14.34074750,14.13564346,-8.40926549,-3.11142823,ATR_STOP,-1.05455012
CLOV,2024-03-21T14:15:00-04:00,2024-03-22T09:30:00-04:00,1,0.88636428,0.85905522,-0.02730905,-0.01010435,STOP_GAP,-1.26412076
MVST,2024-03-21T09:45:00-04:00,2024-03-22T09:30:00-04:00,146,0.75056250,0.70937575,-6.01326521,-2.22490813,ATR_STOP,-1.01309655
CCJ,2024-03-22T09:45:00-04:00,2024-03-22T10:45:00-04:00,2,43.07228000,42.45433779,-1.23588443,-0.45727724,ATR_STOP,-1.05436934
GDS,2024-03-22T10:00:00-04:00,2024-03-22T15:00:00-04:00,2,8.55841400,8.66339891,0.20996983,0.07768884,ATR_STOP,0.38766470
EOSE,2024-03-21T11:30:00-04:00,2024-03-22T15:30:00-04:00,562,1.05078750,0.99045660,-33.90596580,-9.12566324,STOP_GAP,-1.09594978
APP,2024-03-22T14:30:00-04:00,2024-03-25T09:30:00-04:00,1,71.59365500,70.55704250,-1.03661250,0.00000000,STOP_GAP,-1.05849227
BTE,2024-03-22T15:30:00-04:00,2024-03-25T09:30:00-04:00,164,3.48261000,3.56317313,13.21235389,1.08548021,ATR_TARGET,1.93574086
NXE,2024-03-21T12:45:00-04:00,2024-03-25T09:45:00-04:00,75,7.75080875,7.82889834,5.85671962,2.16698626,ATR_STOP,0.54686693
CCJ,2024-03-25T09:45:00-04:00,2024-03-25T10:45:00-04:00,13,43.78281250,43.17919921,-7.84697277,-2.90337993,ATR_STOP,-1.05673748
SGMT,2024-03-25T12:30:00-04:00,2024-03-25T15:00:00-04:00,11,5.66424500,5.16450423,-5.49714851,-0.34908654,ATR_STOP,-1.00781723
GME,2024-03-25T15:45:00-04:00,2024-03-26T09:45:00-04:00,3,15.02125750,15.02872000,0.02238750,0.00000000,STOP_GAP,0.01829105
MVST,2024-03-25T11:00:00-04:00,2024-03-26T11:15:00-04:00,760,0.76097030,0.82478092,48.49607206,16.26697163,ATR_TARGET,1.98078370
BE,2024-03-26T09:45:00-04:00,2024-03-26T11:45:00-04:00,5,10.44783000,11.00662393,2.79396967,1.03376878,ATR_TARGET,1.97086292
BTE,2024-03-25T09:45:00-04:00,2024-03-26T12:00:00-04:00,32,3.56106880,3.50168140,-1.90039690,-0.70314685,ATR_STOP,-1.04630498
MVST,2024-03-26T11:30:00-04:00,2024-03-26T15:00:00-04:00,721,0.82962175,0.84052239,7.85936209,2.90796397,ATR_STOP,0.30265388
APP,2024-03-25T10:00:00-04:00,2024-03-26T15:15:00-04:00,7,72.54436750,73.65238376,7.75611379,2.86976210,ATR_STOP,0.80718738
AFRM,2024-03-26T12:15:00-04:00,2024-03-27T09:30:00-04:00,4,37.85837250,37.00228647,-3.42434410,-1.26700732,ATR_STOP,-1.03352903
QS,2024-03-27T10:00:00-04:00,2024-03-27T10:30:00-04:00,101,5.92944375,6.19457561,26.77831791,9.90797763,ATR_TARGET,1.96553194
TSLL,2024-03-27T12:45:00-04:00,2024-03-28T09:30:00-04:00,11,8.52639000,8.22382750,-3.32818750,-1.23142937,STOP_GAP,-1.46739355
HIVE,2024-03-27T13:00:00-04:00,2024-03-28T10:15:00-04:00,1,3.23242250,3.42700925,0.19458675,0.07199710,ATR_TARGET,1.97390749
BTE,2024-03-27T11:45:00-04:00,2024-03-28T12:30:00-04:00,175,3.48261000,3.60444397,21.32094553,7.88874985,ATR_TARGET,1.95655410
INTC,2024-03-28T09:30:00-04:00,2024-03-28T12:45:00-04:00,1,43.79282000,44.07721004,0.28439004,0.10522432,ATR_STOP,0.59924876
SOFI,2024-03-28T09:45:00-04:00,2024-03-28T15:30:00-04:00,5,7.42056125,7.29921773,-0.60671762,-0.22448552,ATR_STOP,-1.04728367
QS,2024-04-01T09:30:00-04:00,2024-04-01T09:30:00-04:00,24,6.37477750,6.26710408,-2.58416216,-0.95614000,ATR_STOP,-1.04568200
EOSE,2024-04-01T09:45:00-04:00,2024-04-01T09:45:00-04:00,3,1.08581375,1.03329232,-0.15756429,-0.05829879,ATR_STOP,-1.01498768
PLUG,2024-03-27T11:15:00-04:00,2024-04-01T10:15:00-04:00,177,3.44258000,3.32411944,-20.96751977,-7.75798232,ATR_STOP,-1.02151466
STX,2024-03-28T15:30:00-04:00,2024-04-01T10:15:00-04:00,6,92.94966000,92.96308144,0.08052865,0.02979560,ATR_STOP,0.01303088
BE,2024-04-01T09:45:00-04:00,2024-04-01T10:30:00-04:00,13,11.37852750,11.08380086,-3.83144634,-1.41763514,ATR_STOP,-1.02904634
MVST,2024-04-01T13:30:00-04:00,2024-04-02T09:30:00-04:00,690,0.87975932,0.64241782,-163.76563500,-27.46608566,STOP_GAP,-5.74359219
BLNK,2024-04-01T14:00:00-04:00,2024-04-02T09:30:00-04:00,30,2.98213493,2.86784750,-3.42862275,0.00000000,STOP_GAP,-1.42253937
NVTS,2024-04-01T14:00:00-04:00,2024-04-02T09:30:00-04:00,125,4.85363750,4.71945461,-16.77286183,0.00000000,ATR_STOP,-1.02711444
BEKE,2024-04-02T09:45:00-04:00,2024-04-02T13:15:00-04:00,37,14.44582625,14.25868362,-6.92427729,0.00000000,ATR_STOP,-1.06065520
EVLV,2024-04-02T09:30:00-04:00,2024-04-02T14:45:00-04:00,107,4.95371250,5.08443627,13.98744362,0.00000000,ATR_STOP,0.52531294
BE,2024-04-02T14:30:00-04:00,2024-04-03T09:30:00-04:00,45,11.78803440,11.52135250,-12.00068550,0.00000000,STOP_GAP,-1.17059434
NXE,2024-04-02T13:15:00-04:00,2024-04-03T09:30:00-04:00,9,8.42631500,8.71405183,2.58963144,0.00000000,ATR_TARGET,1.95554910
CCJ,2024-04-02T15:30:00-04:00,2024-04-03T09:30:00-04:00,11,47.34047875,48.60665016,13.92788550,0.00000000,ATR_TARGET,1.94398765
NVTS,2024-04-03T13:45:00-04:00,2024-04-04T09:30:00-04:00,19,4.59844625,4.80028941,3.83501996,0.00000000,ATR_TARGET,1.96492589
CCJ,2024-04-04T09:45:00-04:00,2024-04-04T14:30:00-04:00,2,50.01748500,49.11699743,-1.80097514,0.00000000,ATR_STOP,-1.04268695
BLNK,2024-04-04T09:45:00-04:00,2024-04-04T14:30:00-04:00,2,2.89216750,2.80920788,-0.16591923,0.00000000,ATR_STOP,-1.02607864
IAUX,2024-04-03T09:45:00-04:00,2024-04-04T15:15:00-04:00,368,1.45609125,1.40571525,-18.53836688,0.00000000,ATR_STOP,-1.02139209
BTE,2024-04-03T09:45:00-04:00,2024-04-05T09:30:00-04:00,135,3.95796625,3.99662681,5.21917502,0.00000000,ATR_STOP,0.53199731
BTE,2024-04-05T10:45:00-04:00,2024-04-05T15:00:00-04:00,131,4.06304500,3.99051045,-9.50202659,0.00000000,ATR_STOP,-1.04307095
CCJ,2024-04-05T10:45:00-04:00,2024-04-05T15:00:00-04:00,10,49.95744000,48.83921546,-11.18224541,0.00000000,ATR_STOP,-1.03389238
APP,2024-04-05T15:15:00-04:00,2024-04-08T09:45:00-04:00,6,75.87686500,75.68617289,-1.14415266,0.00000000,ATR_STOP,-0.14406957
BE,2024-04-08T10:45:00-04:00,2024-04-08T15:45:00-04:00,37,12.01900750,11.68459495,-12.37326424,0.00000000,ATR_STOP,-1.02693145
BEKE,2024-04-09T09:30:00-04:00,2024-04-09T09:30:00-04:00,30,14.18062750,14.38635216,6.17173985,0.00000000,ATR_TARGET,1.90026107
QS,2024-04-08T09:45:00-04:00,2024-04-09T10:00:00-04:00,84,6.18583590,6.28220475,8.09498328,0.00000000,ATR_STOP,0.72906147
MU,2024-04-09T09:45:00-04:00,2024-04-09T10:15:00-04:00,3,125.23985950,123.10572520,-6.40240291,0.00000000,ATR_STOP,-1.04525492
BE,2024-04-09T09:45:00-04:00,2024-04-09T11:00:00-04:00,4,12.26919500,11.91331196,-1.42353217,0.00000000,ATR_STOP,-1.02577292
JMIA,2024-04-08T13:30:00-04:00,2024-04-09T12:30:00-04:00,1,5.25894125,5.08645159,-0.17248966,0.00000000,ATR_STOP,-1.02263389
EOSE,2024-04-08T09:45:00-04:00,2024-04-09T13:00:00-04:00,166,1.01105772,0.96921490,-6.94590893,0.00000000,ATR_STOP,-1.01769306
SOFI,2024-04-09T09:30:00-04:00,2024-04-10T09:30:00-04:00,1,7.82586500,7.62427750,-0.20158750,0.00000000,STOP_GAP,-1.93533011
CCJ,2024-04-09T14:15:00-04:00,2024-04-10T09:30:00-04:00,10,48.00597750,47.18514466,-8.20832844,0.00000000,ATR_STOP,-1.04509121
BEKE,2024-04-10T09:30:00-04:00,2024-04-10T09:30:00-04:00,35,14.52088250,14.78070507,9.09379008,0.00000000,ATR_TARGET,1.91810132
ALB,2024-04-10T09:45:00-04:00,2024-04-10T10:00:00-04:00,3,130.24260875,127.74198312,-7.50187689,0.00000000,ATR_STOP,-1.03987047
CCJ,2024-04-10T10:15:00-04:00,2024-04-11T10:15:00-04:00,10,48.26617250,48.61995648,3.53783984,0.00000000,ATR_STOP,0.40306495
BTE,2024-04-10T14:00:00-04:00,2024-04-11T10:45:00-04:00,133,3.89291750,3.81389949,-10.50939527,0.00000000,ATR_STOP,-1.03758854
TSLA,2024-04-11T15:45:00-04:00,2024-04-12T09:30:00-04:00,2,175.77173000,172.19076000,-7.16194000,0.00000000,STOP_GAP,-1.58091759
TSLT,2024-04-11T15:45:00-04:00,2024-04-12T09:30:00-04:00,14,10.99824250,10.56207250,-6.10638000,0.00000000,STOP_GAP,-1.68602397
CCJ,2024-04-11T12:00:00-04:00,2024-04-12T09:30:00-04:00,10,49.56314450,51.29016289,17.27018389,0.00000000,ATR_TARGET,1.95639063
GGAL,2024-04-10T09:30:00-04:00,2024-04-12T09:45:00-04:00,4,28.66148000,30.06145412,5.59989650,0.00000000,ATR_TARGET,1.96827779
SOFI,2024-04-12T09:30:00-04:00,2024-04-12T10:45:00-04:00,65,7.56567000,7.45439411,-7.23293300,0.00000000,ATR_STOP,-1.05294232
BTE,2024-04-12T09:45:00-04:00,2024-04-12T11:15:00-04:00,131,3.92294000,3.84731788,-9.90649773,0.00000000,ATR_STOP,-1.03970132
TPET,2024-04-12T11:00:00-04:00,2024-04-12T11:15:00-04:00,41,6.19664400,8.01937498,74.73197005,0.00000000,ATR_TARGET,1.99341731
PLTR,2024-04-12T10:15:00-04:00,2024-04-12T13:00:00-04:00,5,23.02225375,22.66862547,-1.76814140,0.00000000,ATR_STOP,-1.05054522
TPET,2024-04-15T13:45:00-04:00,2024-04-16T09:30:00-04:00,15,12.82961500,10.24616756,-38.75171153,0.00000000,ATR_STOP,-1.00298568
MVST,2024-04-17T11:15:00-04:00,2024-04-17T14:00:00-04:00,924,0.56522360,0.53498655,-27.93903185,0.00000000,ATR_STOP,-1.01345850
AAOI,2024-04-18T11:00:00-04:00,2024-04-18T12:15:00-04:00,40,12.51938250,12.02371977,-19.82650935,0.00000000,ATR_STOP,-1.01854470
ADMA,2024-04-19T09:45:00-04:00,2024-04-19T12:00:00-04:00,80,6.24508030,6.11766336,-10.19335491,0.00000000,ATR_STOP,-1.03738394
AMC,2024-04-19T12:45:00-04:00,2024-04-22T09:30:00-04:00,152,3.26244500,3.08085889,-27.60108886,0.00000000,ATR_STOP,-1.01289859
ADMA,2024-04-22T09:30:00-04:00,2024-04-22T14:45:00-04:00,78,6.29471750,6.38469348,7.01812646,0.00000000,ATR_STOP,0.83434316
AMC,2024-04-22T10:30:00-04:00,2024-04-23T15:00:00-04:00,147,3.29226735,3.42965177,20.19550918,0.00000000,ATR_STOP,0.65063815
ASTS,2024-04-22T15:15:00-04:00,2024-04-23T15:00:00-04:00,228,2.18163500,2.12361688,-13.22813241,0.00000000,ATR_STOP,-1.02824865
HIVE,2024-04-24T10:15:00-04:00,2024-04-24T10:30:00-04:00,158,3.11233250,3.02179849,-14.30437353,0.00000000,ATR_STOP,-1.02569564
ASTS,2024-04-24T10:15:00-04:00,2024-04-24T14:45:00-04:00,224,2.20175008,2.13227938,-15.56143641,0.00000000,ATR_STOP,-1.02358042
BEKE,2024-04-24T14:45:00-04:00,2024-04-25T09:30:00-04:00,35,13.75530875,13.30001750,-15.93519375,0.00000000,STOP_GAP,-3.29930359
ADMA,2024-04-23T10:45:00-04:00,2024-04-25T09:30:00-04:00,13,6.51988625,6.37199904,-1.92253379,0.00000000,ATR_STOP,-1.03342021
BTE,2024-04-25T09:45:00-04:00,2024-04-25T09:45:00-04:00,34,3.83147145,3.77582739,-1.89189811,0.00000000,ATR_STOP,-1.05366394
STX,2024-04-25T09:30:00-04:00,2024-04-26T09:30:00-04:00,5,85.96442500,86.87814320,4.56859102,0.00000000,ATR_STOP,0.55715582
CLOV,2024-04-25T09:30:00-04:00,2024-04-26T09:30:00-04:00,728,0.64998712,0.66644551,11.98170076,0.00000000,ATR_STOP,0.96978880
BEKE,2024-04-25T10:30:00-04:00,2024-04-26T09:30:00-04:00,9,13.79033500,14.21887653,3.85687375,0.00000000,ATR_TARGET,1.95140333
IAUX,2024-04-25T10:45:00-04:00,2024-04-26T09:30:00-04:00,4,1.24593375,1.26674261,0.08323542,0.00000000,ATR_STOP,0.52965106
AFRM,2024-04-26T09:45:00-04:00,2024-04-26T11:00:00-04:00,14,32.55439750,32.84535010,4.07333635,0.00000000,ATR_STOP,0.34649776
CLOV,2024-04-26T10:15:00-04:00,2024-04-26T11:15:00-04:00,1,0.69702238,0.67547921,-0.02154317,0.00000000,ATR_STOP,-1.02410085
GME,2024-04-26T09:45:00-04:00,2024-04-26T12:00:00-04:00,10,11.28846000,11.92355963,6.35099627,0.00000000,ATR_TARGET,1.97220900
AMC,2024-04-26T09:45:00-04:00,2024-04-26T14:00:00-04:00,145,3.31248250,3.38275410,10.18938149,0.00000000,ATR_STOP,0.69166299
BLNK,2024-04-26T10:00:00-04:00,2024-04-29T09:30:00-04:00,2,2.39679625,2.52272426,0.25185602,0.00000000,ATR_TARGET,1.97037331
RIVN,2024-04-26T13:15:00-04:00,2024-04-29T09:30:00-04:00,9,8.96171625,9.27543489,2.82346775,0.00000000,ATR_TARGET,1.95658109
BTE,2024-04-26T14:15:00-04:00,2024-04-29T09:30:00-04:00,124,3.93735080,3.88510579,-6.47838092,0.00000000,ATR_STOP,-1.05911364
NXE,2024-04-26T15:15:00-04:00,2024-04-29T09:45:00-04:00,1,7.97597750,8.01398500,0.03800750,0.00000000,STOP_GAP,0.27241519
SOXL,2024-04-29T13:45:00-04:00,2024-04-29T15:00:00-04:00,2,40.75054000,39.81890724,-1.86326552,0.00000000,ATR_STOP,-1.03314302
NVTS,2024-04-29T09:45:00-04:00,2024-04-30T09:30:00-04:00,108,4.52208902,4.39670000,-13.54201470,0.00000000,STOP_GAP,-1.04893617
RIVN,2024-04-29T15:00:00-04:00,2024-04-30T09:30:00-04:00,1,9.38703500,9.10316750,-0.28386750,0.00000000,STOP_GAP,-1.41431819
ACHR,2024-04-26T13:15:00-04:00,2024-04-30T09:30:00-04:00,122,4.03802625,3.95501620,-10.12722609,0.00000000,ATR_STOP,-1.03708684
NXE,2024-04-29T15:30:00-04:00,2024-04-30T09:30:00-04:00,9,8.38628500,8.21653272,-1.52777050,0.00000000,ATR_STOP,-1.03769915
PLTR,2024-04-30T09:30:00-04:00,2024-04-30T10:45:00-04:00,21,22.78707750,22.50670450,-5.88783293,0.00000000,ATR_STOP,-1.06411370
SOXL,2024-04-30T09:45:00-04:00,2024-04-30T11:00:00-04:00,11,41.16084750,40.11727398,-11.47930869,0.00000000,ATR_STOP,-1.02971055
MRNA,2024-04-30T11:00:00-04:00,2024-04-30T15:15:00-04:00,4,112.74449500,110.95759846,-7.14758614,0.00000000,ATR_STOP,-1.04888465
NIO,2024-05-01T09:30:00-04:00,2024-05-01T09:45:00-04:00,97,4.76357000,4.94636113,17.73073939,0.00000000,ATR_TARGET,1.96018786
APP,2024-05-01T10:00:00-04:00,2024-05-01T10:15:00-04:00,6,71.99395500,70.59533567,-8.39171598,0.00000000,ATR_STOP,-1.03937644
BLNK,2024-04-30T10:30:00-04:00,2024-05-01T12:00:00-04:00,44,2.54190500,2.56660038,1.08659671,0.00000000,ATR_STOP,0.29656478
ACHR,2024-05-01T14:00:00-04:00,2024-05-01T14:45:00-04:00,34,3.99299250,4.15835450,5.62230790,0.00000000,ATR_TARGET,1.96295051
YINN,2024-05-01T10:30:00-04:00,2024-05-01T15:30:00-04:00,20,22.77707000,22.85024629,1.46352585,0.00000000,ATR_STOP,0.19293810
MU,2024-05-01T15:00:00-04:00,2024-05-01T15:30:00-04:00,1,113.46003125,111.17417790,-2.28585335,0.00000000,ATR_STOP,-1.03788723
BLNK,2024-05-01T15:00:00-04:00,2024-05-01T15:30:00-04:00,10,2.70202500,2.60658384,-0.95441164,0.00000000,ATR_STOP,-1.02092753
NXE,2024-05-01T09:45:00-04:00,2024-05-02T09:30:00-04:00,55,7.97597750,7.71173204,-14.53350007,0.00000000,ATR_STOP,-1.02239496
ALB,2024-05-02T09:45:00-04:00,2024-05-02T09:45:00-04:00,3,125.00368250,120.46983011,-13.60155718,0.00000000,ATR_STOP,-1.02034918
MRNA,2024-05-02T10:30:00-04:00,2024-05-02T15:30:00-04:00,3,120.51031500,125.06943864,13.67737091,0.00000000,ATR_STOP,0.99211215
NXE,2024-05-02T10:45:00-04:00,2024-05-03T09:30:00-04:00,26,8.07605250,8.60354250,13.71474000,0.00000000,TARGET_GAP,2.38338279
BLNK,2024-05-03T09:30:00-04:00,2024-05-03T09:45:00-04:00,161,2.94220500,2.94938116,1.15536249,0.00000000,ATR_STOP,0.08636601
TSLL,2024-05-03T10:00:00-04:00,2024-05-03T10:15:00-04:00,3,8.37627750,8.08306032,-0.87965153,0.00000000,ATR_STOP,-1.02112777
CLOV,2024-05-03T09:45:00-04:00,2024-05-03T15:45:00-04:00,190,0.66309695,0.69918545,6.85681516,0.00000000,ATR_TARGET,1.97133376
NVTS,2024-05-03T11:00:00-04:00,2024-05-06T09:30:00-04:00,6,4.55841625,4.83400330,1.65352230,0.00000000,ATR_TARGET,1.97401128
RIVN,2024-05-06T09:30:00-04:00,2024-05-06T10:00:00-04:00,13,10.20765000,10.20195438,-0.07404308,0.00000000,ATR_STOP,-0.02503199
ACHR,2024-05-06T09:45:00-04:00,2024-05-06T11:00:00-04:00,7,4.01310758,3.92777412,-0.59733421,0.00000000,ATR_STOP,-1.03578354
CCJ,2024-05-02T10:30:00-04:00,2024-05-06T12:00:00-04:00,9,48.27607992,50.66106080,21.46482790,0.00000000,ATR_TARGET,1.96861392
APP,2024-05-03T10:00:00-04:00,2024-05-07T09:30:00-04:00,6,74.52585250,76.34270000,10.90108500,0.00000000,STOP_GAP,1.15798498
JMIA,2024-05-06T10:30:00-04:00,2024-05-07T09:30:00-04:00,4,5.34580635,6.12540250,3.11838460,0.00000000,TARGET_GAP,3.35209292
AFRM,2024-05-06T10:15:00-04:00,2024-05-07T09:30:00-04:00,3,36.15709750,35.30222573,-2.56461530,0.00000000,ATR_STOP,-1.03198616
WTI,2024-05-06T13:30:00-04:00,2024-05-07T09:30:00-04:00,199,2.43682625,2.38242653,-10.82554449,0.00000000,ATR_STOP,-1.03398799
AMD,2024-05-07T09:45:00-04:00,2024-05-07T09:45:00-04:00,3,156.35718000,154.33141868,-6.07728397,0.00000000,ATR_STOP,-1.06064918
AFRM,2024-05-07T10:15:00-04:00,2024-05-07T14:15:00-04:00,12,36.26217625,35.44366983,-9.82207701,0.00000000,ATR_STOP,-1.03359336
CLOV,2024-05-07T09:30:00-04:00,2024-05-07T15:30:00-04:00,670,0.72304188,0.76854025,30.48390905,0.00000000,ATR_TARGET,1.97496103
LUMN,2024-05-07T09:45:00-04:00,2024-05-08T09:30:00-04:00,83,1.34100500,1.28903250,-4.31371750,0.00000000,STOP_GAP,-1.03030462
GME,2024-05-07T14:30:00-04:00,2024-05-08T09:30:00-04:00,25,16.88255243,15.76785838,-27.86735119,0.00000000,ATR_STOP,-1.01073099
VISN,2024-05-07T13:15:00-04:00,2024-05-08T09:45:00-04:00,28,0.98443778,0.99925000,0.41474230,0.00000000,STOP_GAP,0.44585809
AFRM,2024-05-08T09:45:00-04:00,2024-05-08T09:45:00-04:00,13,36.35724750,35.10668055,-16.25737036,0.00000000,ATR_STOP,-1.02152377
GME,2024-05-08T11:45:00-04:00,2024-05-08T14:45:00-04:00,27,17.16276243,15.86843960,-34.94671640,0.00000000,ATR_STOP,-1.00928739
YINN,2024-05-08T15:45:00-04:00,2024-05-09T09:30:00-04:00,6,25.54914750,26.93578300,8.31981300,0.00000000,TARGET_GAP,5.79712313
JMIA,2024-05-08T15:15:00-04:00,2024-05-09T09:30:00-04:00,69,6.65498750,6.38360361,-18.72548840,0.00000000,ATR_STOP,-1.01797235
CCJ,2024-05-09T09:30:00-04:00,2024-05-09T10:00:00-04:00,3,50.89814500,52.05628950,3.47443350,0.00000000,ATR_TARGET,1.93472937
BE,2024-05-09T09:45:00-04:00,2024-05-09T10:15:00-04:00,37,11.83386875,11.61598509,-8.06169548,0.00000000,ATR_STOP,-1.04168251
MRNA,2024-05-08T10:30:00-04:00,2024-05-09T13:45:00-04:00,3,122.13153000,123.95406688,5.46761065,0.00000000,ATR_STOP,0.91411374
BE,2024-05-09T11:30:00-04:00,2024-05-09T15:30:00-04:00,38,11.99899250,11.70489126,-11.17584704,0.00000000,ATR_STOP,-1.03079133
MVST,2024-05-09T13:30:00-04:00,2024-05-10T09:30:00-04:00,302,0.43022243,0.48963250,17.94184265,0.00000000,TARGET_GAP,2.61910721
PLUG,2024-05-09T09:45:00-04:00,2024-05-10T09:30:00-04:00,3,2.60695375,2.69985938,0.27871690,0.00000000,ATR_STOP,0.74782075
MVST,2024-05-10T09:45:00-04:00,2024-05-10T09:45:00-04:00,511,0.46684988,0.43714270,-15.18036791,0.00000000,ATR_STOP,-1.01116792
RIVN,2024-05-09T09:30:00-04:00,2024-05-10T10:15:00-04:00,3,10.25768750,9.94477061,-0.93875066,0.00000000,ATR_STOP,-1.02443644
MU,2024-05-10T09:45:00-04:00,2024-05-10T10:15:00-04:00,3,121.11076500,119.40274410,-5.12406269,0.00000000,ATR_STOP,-1.05537517
AMC,2024-05-10T10:00:00-04:00,2024-05-10T10:15:00-04:00,71,3.13234750,2.99719556,-9.59578760,0.00000000,ATR_STOP,-1.01692659
LUMN,2024-05-09T14:45:00-04:00,2024-05-10T11:15:00-04:00,274,1.35601625,1.31644236,-10.84324490,0.00000000,ATR_STOP,-1.02560715
MU,2024-05-10T14:15:00-04:00,2024-05-13T09:45:00-04:00,3,120.99067500,123.45906415,7.40516744,0.00000000,ATR_TARGET,1.92763617
MRNA,2024-05-13T10:00:00-04:00,2024-05-13T10:30:00-04:00,2,125.11376500,122.06076988,-6.10599023,0.00000000,ATR_STOP,-1.03093634
PLUG,2024-05-13T09:45:00-04:00,2024-05-13T11:15:00-04:00,59,2.65699125,2.85237884,11.52786778,0.00000000,ATR_TARGET,1.97832323
MVST,2024-05-10T13:00:00-04:00,2024-05-13T12:15:00-04:00,1001,0.44233150,0.41045330,-31.91007579,0.00000000,ATR_STOP,-1.00975831
PLUG,2024-05-13T12:45:00-04:00,2024-05-14T09:30:00-04:00,149,2.90717875,4.88633250,294.89390875,0.00000000,TARGET_GAP,14.82141341
CLOV,2024-05-13T13:45:00-04:00,2024-05-14T09:30:00-04:00,26,0.90647935,1.01923500,2.93164690,0.00000000,TARGET_GAP,3.13953755
BLNK,2024-05-13T10:45:00-04:00,2024-05-14T09:30:00-04:00,78,3.10232500,3.37449457,21.22922628,0.00000000,ATR_TARGET,1.98155989
MRNA,2024-05-13T13:00:00-04:00,2024-05-14T10:00:00-04:00,1,124.77351000,129.80977320,5.03626320,0.00000000,ATR_TARGET,1.96204277
BE,2024-05-13T10:00:00-04:00,2024-05-14T10:45:00-04:00,10,11.98898500,12.47425446,4.85269464,0.00000000,ATR_STOP,0.79394861
NIO,2024-05-14T09:45:00-04:00,2024-05-14T12:00:00-04:00,1,5.52414000,5.80682530,0.28268530,0.00000000,ATR_TARGET,1.96963258
EOSE,2024-05-14T11:00:00-04:00,2024-05-14T12:30:00-04:00,190,0.84623420,0.78545707,-11.54765426,0.00000000,ATR_STOP,-1.00979496
ADMA,2024-05-14T09:45:00-04:00,2024-05-14T13:30:00-04:00,3,8.84663000,8.94137547,0.28423640,0.00000000,ATR_STOP,0.39253936
SOXL,2024-05-14T09:45:00-04:00,2024-05-14T15:00:00-04:00,10,41.71126000,43.10654644,13.95286435,0.00000000,ATR_TARGET,1.95467462
MU,2024-05-14T15:00:00-04:00,2024-05-15T09:30:00-04:00,1,123.82279750,126.13532750,2.31253000,0.00000000,TARGET_GAP,1.97850776
QS,2024-05-14T15:45:00-04:00,2024-05-15T09:30:00-04:00,11,6.29471750,6.14387806,-1.65923387,0.00000000,ATR_STOP,-1.03153544
EOSE,2024-05-15T09:30:00-04:00,2024-05-15T09:45:00-04:00,157,0.81561125,0.75773817,-9.08607348,0.00000000,ATR_STOP,-1.00992473
STX,2024-05-14T10:30:00-04:00,2024-05-15T12:45:00-04:00,1,96.06199250,98.49053958,2.42854708,0.00000000,ATR_TARGET,1.94091970
LUMN,2024-05-14T09:45:00-04:00,2024-05-15T13:30:00-04:00,427,1.32599375,1.27120354,-23.39542119,0.00000000,ATR_STOP,-1.01772265
YINN,2024-05-15T09:45:00-04:00,2024-05-16T09:30:00-04:00,2,29.16185500,30.97675000,3.62979000,0.00000000,TARGET_GAP,4.19996781
IAUX,2024-05-15T13:00:00-04:00,2024-05-16T09:30:00-04:00,78,1.26094500,1.21575008,-3.52520399,0.00000000,ATR_STOP,-1.02060630
BEKE,2024-05-15T15:15:00-04:00,2024-05-16T09:30:00-04:00,19,18.26368750,18.65648155,7.46308702,0.00000000,ATR_TARGET,1.93115551
JMIA,2024-05-15T12:00:00-04:00,2024-05-16T09:45:00-04:00,20,6.43322130,6.59105300,3.15663400,0.00000000,STOP_GAP,0.57722329
GME,2024-05-15T14:00:00-04:00,2024-05-16T11:00:00-04:00,5,39.02925000,31.44872858,-37.90260710,0.00000000,ATR_STOP,-1.00312353
JMIA,2024-05-16T10:00:00-04:00,2024-05-16T11:15:00-04:00,9,7.01525750,6.63870392,-3.38898225,0.00000000,ATR_STOP,-1.01341000
MU,2024-05-16T11:15:00-04:00,2024-05-16T14:00:00-04:00,1,129.88734250,128.19887048,-1.68847202,0.00000000,ATR_STOP,-1.06043101
BLNK,2024-05-16T09:45:00-04:00,2024-05-17T09:30:00-04:00,162,3.37753125,3.25104314,-20.49107403,0.00000000,ATR_STOP,-1.01967071
MRNA,2024-05-16T15:00:00-04:00,2024-05-17T09:30:00-04:00,1,132.94963750,131.29540309,-1.65423441,0.00000000,ATR_STOP,-1.06334522
SOFI,2024-05-17T10:00:00-04:00,2024-05-17T11:15:00-04:00,34,7.23041875,7.40961830,6.09278484,0.00000000,ATR_TARGET,1.93979913
AMD,2024-05-17T09:45:00-04:00,2024-05-17T13:30:00-04:00,3,167.32540000,163.86159938,-10.39140186,0.00000000,ATR_STOP,-1.03681393
APP,2024-05-14T15:15:00-04:00,2024-05-17T14:15:00-04:00,5,83.53760625,82.04051586,-7.48545193,0.00000000,ATR_STOP,-1.04289514
EOSE,2024-05-17T15:00:00-04:00,2024-05-17T15:45:00-04:00,712,0.74555875,0.74064410,-3.49923080,0.00000000,STOP_GAP,-0.17438972
BE,2024-05-17T15:30:00-04:00,2024-05-20T09:30:00-04:00,30,12.25418375,12.64196509,11.63344033,0.00000000,ATR_TARGET,1.95223102
MRNA,2024-05-17T12:00:00-04:00,2024-05-20T10:30:00-04:00,1,133.38656495,137.10559183,3.71902688,0.00000000,ATR_TARGET,1.94614957
VISN,2024-05-17T12:00:00-04:00,2024-05-20T10:30:00-04:00,95,1.24093000,1.34623999,10.00444951,0.00000000,ATR_TARGET,1.98099259
ASTS,2024-05-20T09:45:00-04:00,2024-05-20T15:00:00-04:00,1,4.97372750,5.33909666,0.36536916,0.00000000,ATR_STOP,0.86965372
SOXL,2024-05-20T11:00:00-04:00,2024-05-21T09:30:00-04:00,5,48.05601500,46.51508750,-7.70463750,0.00000000,STOP_GAP,-1.28043872
LUMN,2024-05-20T09:30:00-04:00,2024-05-21T09:45:00-04:00,405,1.31098250,1.27440758,-14.81284232,0.00000000,ATR_STOP,-1.02685475
QS,2024-05-21T09:45:00-04:00,2024-05-21T10:45:00-04:00,10,5.76432000,5.64786418,-1.16455820,0.00000000,ATR_STOP,-1.03777580
TSLA,2024-05-21T09:45:00-04:00,2024-05-21T13:30:00-04:00,1,178.77398000,183.22480899,4.45082899,0.00000000,ATR_TARGET,1.94005613
TSLT,2024-05-21T12:00:00-04:00,2024-05-21T14:15:00-04:00,7,10.81620608,11.35187257,3.74966548,0.00000000,ATR_TARGET,1.96868614
CCJ,2024-05-21T10:00:00-04:00,2024-05-21T15:15:00-04:00,9,54.58090500,53.62440568,-8.60849390,0.00000000,ATR_STOP,-1.04392737
NXE,2024-05-20T09:45:00-04:00,2024-05-22T09:30:00-04:00,46,8.10607500,7.95005774,-7.17679406,0.00000000,ATR_STOP,-1.03976680
MRNA,2024-05-21T15:45:00-04:00,2024-05-22T09:30:00-04:00,3,142.98716000,146.34345227,10.06887681,0.00000000,ATR_TARGET,1.93662102
ERAS,2024-05-21T15:15:00-04:00,2024-05-22T09:45:00-04:00,118,2.29672125,2.46466221,19.81703308,0.00000000,ATR_TARGET,1.97820985
BEKE,2024-05-22T09:45:00-04:00,2024-05-22T10:45:00-04:00,27,19.15435500,18.90240275,-6.80271080,0.00000000,ATR_STOP,-1.05967007
ADMA,2024-05-21T15:45:00-04:00,2024-05-22T11:15:00-04:00,5,9.55716250,9.60790290,0.25370200,0.00000000,ATR_STOP,0.36492005
QS,2024-05-22T10:00:00-04:00,2024-05-22T13:15:00-04:00,54,5.83447258,5.89425365,3.22817786,0.00000000,ATR_STOP,0.45330197
AMD,2024-05-22T09:45:00-04:00,2024-05-22T13:45:00-04:00,1,167.07521250,164.69262270,-2.38258980,0.00000000,ATR_STOP,-1.05472041
SOXL,2024-05-22T09:45:00-04:00,2024-05-22T14:15:00-04:00,2,49.32696750,48.29816715,-2.05760070,0.00000000,ATR_STOP,-1.03652293
HIVE,2024-05-22T11:30:00-04:00,2024-05-22T14:15:00-04:00,8,2.67200250,2.58816263,-0.67071896,0.00000000,ATR_STOP,-1.02371970
EOSE,2024-05-22T13:30:00-04:00,2024-05-22T14:30:00-04:00,432,0.74005463,0.71402638,-11.24420246,0.00000000,ATR_STOP,-1.02102287
PLUG,2024-05-23T09:30:00-04:00,2024-05-23T09:30:00-04:00,127,3.40255000,3.28301793,-15.18057237,0.00000000,ATR_STOP,-1.02104856
VISN,2024-05-22T11:30:00-04:00,2024-05-23T10:00:00-04:00,406,1.33099750,1.27089057,-24.40341418,0.00000000,ATR_STOP,-1.01612568
ERAS,2024-05-23T09:45:00-04:00,2024-05-23T11:00:00-04:00,159,2.62196500,2.91214601,46.13878096,0.00000000,ATR_TARGET,1.98504790
MRNA,2024-05-24T09:45:00-04:00,2024-05-24T09:45:00-04:00,3,169.93735750,165.03388023,-14.71043180,0.00000000,ATR_STOP,-1.02591599
CLOV,2024-05-22T14:15:00-04:00,2024-05-24T10:00:00-04:00,166,0.99174325,0.95729898,-5.71774834,0.00000000,ATR_STOP,-1.02130458
CCJ,2024-05-24T10:15:00-04:00,2024-05-24T13:15:00-04:00,2,52.52936750,53.11781391,1.17689283,0.00000000,ATR_STOP,0.80827820
ASTS,2024-05-24T09:45:00-04:00,2024-05-24T15:30:00-04:00,110,4.28821375,4.70941972,46.33265621,0.00000000,ATR_TARGET,1.98335589
ASTS,2024-05-24T15:45:00-04:00,2024-05-28T09:45:00-04:00,115,4.73324728,4.76392438,3.52786650,0.00000000,STOP_GAP,0.18778762
SOXL,2024-05-24T10:15:00-04:00,2024-05-28T09:45:00-04:00,10,50.99822000,52.21881337,12.20593367,0.00000000,ATR_STOP,0.65785665
BE,2024-05-24T11:30:00-04:00,2024-05-28T09:45:00-04:00,2,16.35225500,16.67461433,0.64471866,0.00000000,ATR_STOP,0.47853157
BTE,2024-05-24T12:00:00-04:00,2024-05-28T10:45:00-04:00,1,3.48761375,3.60326209,0.11564834,0.00000000,ATR_TARGET,1.95429809
AMC,2024-05-20T11:00:00-04:00,2024-05-28T12:45:00-04:00,5,4.78858875,5.06460809,1.38009672,0.00000000,ATR_STOP,0.69099370
RIVN,2024-05-24T15:45:00-04:00,2024-05-28T12:45:00-04:00,7,10.40279625,10.46301565,0.42153580,0.00000000,ATR_STOP,0.37282542
ASTS,2024-05-28T12:15:00-04:00,2024-05-29T09:30:00-04:00,109,5.07780550,6.16537250,118.54480300,19.16263142,TARGET_GAP,3.93036035
CLOV,2024-05-28T15:45:00-04:00,2024-05-29T09:30:00-04:00,549,1.02576875,0.99607858,-16.29990378,-6.03096440,ATR_STOP,-1.02583116
CLOV,2024-05-29T10:30:00-04:00,2024-05-30T09:30:00-04:00,573,1.03577625,1.11682385,46.44027667,17.18290237,ATR_TARGET,1.97952646
ASTS,2024-05-29T15:30:00-04:00,2024-05-30T09:30:00-04:00,13,8.63647250,7.79667083,-10.91742175,-4.03944605,ATR_STOP,-1.00701708
BE,2024-05-30T09:45:00-04:00,2024-05-30T10:00:00-04:00,38,15.73179000,15.74980807,0.68468666,0.25333406,ATR_STOP,0.04228304
TSLA,2024-05-30T10:15:00-04:00,2024-05-30T10:30:00-04:00,3,181.47990792,178.41297103,-9.20081068,-3.40429995,ATR_STOP,-1.04565596
QS,2024-05-30T09:45:00-04:00,2024-05-30T13:00:00-04:00,22,5.80435000,6.00479003,4.40968062,1.63158183,ATR_TARGET,1.95601816
BTE,2024-05-30T11:00:00-04:00,2024-05-30T15:30:00-04:00,161,3.68276000,3.61179950,-11.42464001,-4.22711680,ATR_STOP,-1.03972012
EOSE,2024-05-30T12:45:00-04:00,2024-05-31T10:00:00-04:00,2,0.72744518,0.70572342,-0.04344352,-0.01607410,ATR_STOP,-1.02499472
NXE,2024-05-29T15:15:00-04:00,2024-05-31T10:15:00-04:00,75,7.87590250,7.91332482,2.80667375,1.03846929,ATR_STOP,0.29475771
NVTS,2024-05-30T13:15:00-04:00,2024-05-31T10:15:00-04:00,32,3.98798875,3.84838718,-4.46725018,-1.65288257,ATR_STOP,-1.02112787
CCJ,2024-05-31T09:45:00-04:00,2024-05-31T10:15:00-04:00,1,55.96194000,55.09215991,-0.86978009,-0.32181863,ATR_STOP,-1.04991385
ASTS,2024-05-31T09:45:00-04:00,2024-05-31T10:30:00-04:00,57,9.05688758,8.26405411,-45.19150731,-16.72085770,ATR_STOP,-1.00788514
PLUG,2024-05-30T13:30:00-04:00,2024-06-03T09:30:00-04:00,1,3.27745625,3.47275873,0.19530248,0.07226192,ATR_TARGET,1.97365937
VSXY,2024-05-31T12:15:00-04:00,2024-06-03T09:30:00-04:00,25,22.35675500,23.21730830,21.51383243,7.96011800,ATR_TARGET,1.96030419
EOSE,2024-05-31T13:15:00-04:00,2024-06-03T09:30:00-04:00,812,0.71903888,0.76146869,34.45300908,12.74761336,ATR_TARGET,1.97341803
EOSE,2024-06-03T09:45:00-04:00,2024-06-03T09:45:00-04:00,4,0.75796805,0.72282799,-0.14056023,-0.05200729,ATR_STOP,-1.01568112
BLNK,2024-06-03T09:45:00-04:00,2024-06-03T10:15:00-04:00,190,3.19249258,3.10196005,-17.20118062,-6.36443683,ATR_STOP,-1.02639572
CLOV,2024-05-31T13:45:00-04:00,2024-06-03T12:00:00-04:00,118,1.13084750,1.16465138,3.98885726,1.47587719,ATR_STOP,0.71119198
QS,2024-06-03T09:45:00-04:00,2024-06-03T12:00:00-04:00,96,5.95446250,5.81592129,-13.29995614,-4.92098377,ATR_STOP,-1.03253350
GME,2024-06-03T13:45:00-04:00,2024-06-03T15:30:00-04:00,11,31.36350500,27.36117318,-44.02565003,-13.77390133,ATR_STOP,-1.00515754
VSXY,2024-06-03T14:45:00-04:00,2024-06-03T15:45:00-04:00,24,23.94794750,23.40030057,-13.14352627,0.00000000,ATR_STOP,-1.03313326
ASTS,2024-06-03T15:30:00-04:00,2024-06-04T09:30:00-04:00,1,8.59644250,8.16849700,-0.42794550,0.00000000,ATR_STOP,-1.01453476
EOSE,2024-06-03T15:45:00-04:00,2024-06-04T09:30:00-04:00,423,0.74485822,0.72083598,-10.16141141,0.00000000,ATR_STOP,-1.02304109
RIVN,2024-06-03T15:00:00-04:00,2024-06-04T09:45:00-04:00,33,11.19338875,11.23647138,1.42172664,0.00000000,ATR_STOP,0.15663135
MU,2024-06-04T09:30:00-04:00,2024-06-04T10:00:00-04:00,4,127.44551250,125.46434290,-7.92467840,0.00000000,ATR_STOP,-1.04990400
OLMA,2024-06-04T10:30:00-04:00,2024-06-04T12:30:00-04:00,42,13.22491125,14.99826404,74.48081697,13.85505417,ATR_TARGET,1.98738420
ASTS,2024-06-04T13:15:00-04:00,2024-06-05T09:45:00-04:00,68,8.68060557,9.55546725,59.49059394,22.01151976,ATR_TARGET,1.98373763
ADMA,2024-06-04T11:00:00-04:00,2024-06-05T10:00:00-04:00,31,10.02751500,10.08637920,1.82479012,0.67517234,ATR_STOP,0.32355967
HIVE,2024-06-04T15:00:00-04:00,2024-06-05T10:00:00-04:00,11,2.80710375,2.71987070,-0.95956357,-0.35503852,ATR_STOP,-1.02396285
VISN,2024-06-04T09:45:00-04:00,2024-06-05T12:00:00-04:00,1,1.53615125,1.67025526,0.13410401,0.04961848,ATR_TARGET,1.98147675
JMIA,2024-06-04T09:45:00-04:00,2024-06-05T13:45:00-04:00,50,7.26544500,7.79567674,26.51158685,9.80928713,ATR_TARGET,1.97817074
NIO,2024-06-05T14:45:00-04:00,2024-06-06T09:30:00-04:00,72,5.25393750,4.94628750,-22.15080000,-8.19579600,STOP_GAP,-3.66224639
ACHR,2024-06-05T10:45:00-04:00,2024-06-06T09:30:00-04:00,6,3.44758375,3.66631976,1.31241608,0.48559395,ATR_TARGET,1.97515165
APP,2024-06-05T10:00:00-04:00,2024-06-06T09:45:00-04:00,7,83.39249750,84.54948752,8.09893011,2.99660414,ATR_STOP,0.64805281
GME,2024-06-05T10:15:00-04:00,2024-06-06T10:00:00-04:00,11,29.97246250,31.70826835,19.09386438,7.06472982,ATR_STOP,0.67112411
RIVN,2024-06-05T10:00:00-04:00,2024-06-06T10:15:00-04:00,3,11.45358375,11.14384942,-0.92920300,-0.34380511,ATR_STOP,-1.02775378
VISN,2024-06-05T12:15:00-04:00,2024-06-06T12:00:00-04:00,2,1.68206060,1.72931556,0.09450993,0.03496867,ATR_STOP,0.73304710
DDD,2024-06-06T10:00:00-04:00,2024-06-06T13:00:00-04:00,133,4.41831125,4.43185532,1.80136074,0.66650348,ATR_STOP,0.06181237
IAUX,2024-06-06T12:45:00-04:00,2024-06-07T09:30:00-04:00,4,1.12584375,1.09060858,-0.14094068,-0.05214805,ATR_STOP,-1.02378417
HIVE,2024-06-06T10:30:00-04:00,2024-06-07T11:15:00-04:00,128,2.93720125,2.99055527,6.82931401,2.52684618,ATR_STOP,0.53111799
RIVN,2024-06-06T13:15:00-04:00,2024-06-07T12:45:00-04:00,50,11.55365875,11.62142923,3.38852417,1.25375394,ATR_STOP,0.25441138
ASTS,2024-06-06T09:45:00-04:00,2024-06-10T09:30:00-04:00,41,9.07680250,8.53359500,-22.27150750,-8.24045778,STOP_GAP,-1.04994869
CLOV,2024-06-06T13:30:00-04:00,2024-06-10T09:30:00-04:00,10,1.11583625,1.07566541,-0.40170843,-0.14863212,ATR_STOP,-1.02051024
JMIA,2024-06-10T10:15:00-04:00,2024-06-10T11:15:00-04:00,81,7.71738370,8.33388345,49.93648011,18.47649764,ATR_TARGET,1.97991151
EOSE,2024-06-10T11:15:00-04:00,2024-06-10T13:45:00-04:00,41,0.72404263,0.78041065,2.31108896,0.85510292,ATR_TARGET,1.97943078
BE,2024-06-10T12:30:00-04:00,2024-06-10T15:45:00-04:00,7,15.64672625,15.15998697,-3.40717494,-1.26065473,ATR_STOP,-1.02393661
MVST,2024-06-10T13:45:00-04:00,2024-06-10T15:45:00-04:00,15,0.41931425,0.39711479,-0.33299183,-0.12320698,ATR_STOP,-1.01360916
MU,2024-06-10T11:30:00-04:00,2024-06-11T09:45:00-04:00,4,135.33142250,133.06572143,-9.06280427,-3.35323758,ATR_STOP,-1.04611366
BLNK,2024-06-10T14:00:00-04:00,2024-06-11T09:45:00-04:00,9,3.19239250,3.11548047,-0.69220826,-0.25611706,ATR_STOP,-1.03135643
AMC,2024-06-11T10:15:00-04:00,2024-06-11T13:45:00-04:00,1,4.93369750,5.40582813,0.47213063,0.17468833,ATR_TARGET,1.98295877
EOSE,2024-06-11T10:30:00-04:00,2024-06-11T13:45:00-04:00,3,0.82151568,0.89563378,0.22235432,0.08227110,ATR_TARGET,1.98202363
ASTS,2024-06-11T10:00:00-04:00,2024-06-11T14:15:00-04:00,66,8.78658500,9.56417601,51.32100692,18.98877256,ATR_TARGET,1.98170542
SOXL,2024-06-10T10:30:00-04:00,2024-06-12T09:30:00-04:00,1,52.73852425,57.20206625,4.46354200,1.65151054,TARGET_GAP,2.56742240
INTC,2024-06-11T09:30:00-04:00,2024-06-12T09:30:00-04:00,3,30.80308500,31.42641250,1.86998250,0.69189352,TARGET_GAP,2.23738463
ACHR,2024-06-10T09:30:00-04:00,2024-06-12T09:30:00-04:00,189,3.31248250,3.46046828,27.96931245,10.34864561,ATR_TARGET,1.96550344
BLNK,2024-06-11T14:00:00-04:00,2024-06-12T09:30:00-04:00,2,3.32399113,3.50059301,0.35320377,0.13068539,ATR_TARGET,1.97068096
JMIA,2024-06-11T14:45:00-04:00,2024-06-12T09:30:00-04:00,68,9.01685757,9.70900336,47.06591316,17.41438787,ATR_TARGET,1.97916250
DDD,2024-06-12T09:45:00-04:00,2024-06-12T09:45:00-04:00,141,4.21115600,4.09102478,-16.93850167,-6.26724562,ATR_STOP,-1.02623060
EOSE,2024-06-12T09:45:00-04:00,2024-06-12T10:15:00-04:00,742,0.94390740,0.88561186,-43.25529116,-16.00445773,ATR_STOP,-1.01153389
GME,2024-06-12T09:30:00-04:00,2024-06-12T12:00:00-04:00,5,29.19187750,30.10727118,4.57696839,1.69347830,ATR_STOP,0.31065384
RIVN,2024-06-12T14:00:00-04:00,2024-06-12T15:15:00-04:00,6,12.16411625,11.86072610,-1.82034090,-0.67352613,ATR_STOP,-1.03022949
MVST,2024-06-12T10:30:00-04:00,2024-06-13T10:00:00-04:00,1436,0.47035250,0.44238084,-40.16729785,-14.86190021,ATR_STOP,-1.01201300
JMIA,2024-06-12T13:30:00-04:00,2024-06-13T10:15:00-04:00,66,9.98758508,10.03555025,3.16570173,1.17130964,ATR_STOP,0.10922779
SOXL,2024-06-13T09:45:00-04:00,2024-06-13T10:15:00-04:00,1,60.50534500,58.27466358,-2.23068142,-0.82535213,ATR_STOP,-1.01999998
AMC,2024-06-13T10:45:00-04:00,2024-06-13T12:30:00-04:00,122,5.38403500,5.07056040,-38.24390133,-14.15024349,ATR_STOP,-1.01228982
MU,2024-06-13T11:45:00-04:00,2024-06-13T12:30:00-04:00,4,144.16804500,141.47646880,-10.76630479,-3.98353277,ATR_STOP,-1.04107196
EOSE,2024-06-13T14:30:00-04:00,2024-06-14T10:00:00-04:00,688,0.93229870,0.89056234,-28.71461532,-10.62440767,ATR_STOP,-1.01627603
AMC,2024-06-14T09:45:00-04:00,2024-06-14T10:00:00-04:00,12,5.43707475,5.20246392,-2.81532999,-1.04167209,ATR_STOP,-1.01692533
JMIA,2024-06-14T10:15:00-04:00,2024-06-14T11:45:00-04:00,66,9.61720750,9.17843735,-28.95882975,-10.71476701,ATR_STOP,-1.01595114
HIVE,2024-06-13T14:00:00-04:00,2024-06-14T12:15:00-04:00,207,3.08731375,2.96203401,-25.93290578,-9.59517514,ATR_STOP,-1.01806643
ASTS,2024-06-14T15:15:00-04:00,2024-06-17T09:45:00-04:00,9,10.10757500,10.77639176,6.01935082,2.22715980,ATR_TARGET,1.97610194
AMC,2024-06-17T10:00:00-04:00,2024-06-17T10:30:00-04:00,19,5.16887375,4.96422817,-3.88826607,-1.43865845,ATR_STOP,-1.01854456
PLTR,2024-06-14T15:00:00-04:00,2024-06-17T12:15:00-04:00,25,23.72778250,24.27335867,13.63940437,5.04657962,ATR_TARGET,1.93537123
SOXL,2024-06-14T13:15:00-04:00,2024-06-18T09:30:00-04:00,10,60.11505250,63.37243500,32.57382500,12.05231525,TARGET_GAP,2.09479797
HIVE,2024-06-17T12:30:00-04:00,2024-06-18T09:30:00-04:00,195,3.15236250,3.18760750,6.87277500,2.54292675,STOP_GAP,0.27728139
INTC,2024-06-17T15:30:00-04:00,2024-06-18T09:30:00-04:00,2,30.85312250,31.35316055,1.00007611,0.37002816,ATR_TARGET,1.91010755
CLOV,2024-06-17T10:15:00-04:00,2024-06-20T09:30:00-04:00,3,1.13154803,1.07659260,-0.16486627,-0.06100052,ATR_STOP,-1.01492317
MVST,2024-06-18T11:45:00-04:00,2024-06-20T09:30:00-04:00,1283,0.49036750,0.46765849,-29.13566240,-10.78019509,ATR_STOP,-1.01569939
INTC,2024-06-20T10:00:00-04:00,2024-06-20T15:00:00-04:00,19,30.97821625,30.62486238,-6.71372356,-2.48407772,ATR_STOP,-1.06957662
EOSE,2024-06-20T12:30:00-04:00,2024-06-20T15:00:00-04:00,5,0.84063000,0.91260348,0.35986741,0.13315094,ATR_TARGET,1.98114558
ADMA,2024-06-20T09:45:00-04:00,2024-06-20T15:45:00-04:00,56,10.92819000,10.72898048,-11.15573335,-4.12762134,ATR_STOP,-1.04212655
ASTS,2024-06-20T10:00:00-04:00,2024-06-20T15:45:00-04:00,10,11.74880500,11.21492987,-5.33875133,-1.97533799,ATR_STOP,-1.01601939
TSLA,2024-06-21T09:45:00-04:00,2024-06-21T09:45:00-04:00,3,183.26734750,180.66712286,-7.80067392,-2.88624935,ATR_STOP,-1.05501939
EOSE,2024-06-21T14:00:00-04:00,2024-06-21T15:30:00-04:00,15,0.94000448,0.90356251,-0.54662951,-0.20225292,ATR_STOP,-1.01896277
MVST,2024-06-21T09:45:00-04:00,2024-06-21T15:45:00-04:00,1,0.47435550,0.45293742,-0.02141808,-0.00792469,ATR_STOP,-1.01612848
TSLL,2024-06-21T09:45:00-04:00,2024-06-24T09:30:00-04:00,76,7.98598500,8.41194016,32.37259201,11.97785904,ATR_TARGET,1.97078813
TSLT,2024-06-21T09:45:00-04:00,2024-06-24T09:30:00-04:00,14,10.87815250,11.43886485,7.84997290,2.90448997,ATR_TARGET,1.96983798
INTC,2024-06-21T13:00:00-04:00,2024-06-24T09:45:00-04:00,17,31.21339250,30.85403462,-6.10908400,-2.26036108,ATR_STOP,-1.06888131
ADMA,2024-06-24T09:30:00-04:00,2024-06-24T12:45:00-04:00,1,11.04828000,11.09710031,0.04882031,0.01806352,ATR_STOP,0.29531471
YINN,2024-06-24T10:00:00-04:00,2024-06-24T13:00:00-04:00,24,25.12522980,24.65784218,-11.21730286,-4.15040206,ATR_STOP,-1.04122983
BTE,2024-06-24T14:30:00-04:00,2024-06-25T09:30:00-04:00,175,3.45759125,3.39971594,-10.12817973,-3.74742650,ATR_STOP,-1.04612318
EOSE,2024-06-25T11:15:00-04:00,2024-06-25T14:45:00-04:00,1,1.10082500,1.25784281,0.15701781,0.05809659,ATR_TARGET,1.98804661
ACHR,2024-06-24T09:45:00-04:00,2024-06-25T15:15:00-04:00,160,3.85288750,3.64023086,-34.02506250,-12.58927312,ATR_STOP,-1.01301527
RIVN,2024-06-25T15:30:00-04:00,2024-06-26T09:30:00-04:00,49,12.00399625,16.31775250,211.37405625,78.20840081,TARGET_GAP,15.28490070
MVST,2024-06-24T12:45:00-04:00,2024-06-26T09:45:00-04:00,210,0.45524118,0.50265532,9.95697052,3.68407909,ATR_TARGET,1.98421162
AMD,2024-06-26T09:30:00-04:00,2024-06-26T10:15:00-04:00,4,160.72045000,158.68967994,-8.12308022,-3.00553968,ATR_STOP,-1.06230521
ASTS,2024-06-26T09:30:00-04:00,2024-06-26T10:15:00-04:00,7,10.87815250,11.65114212,5.41092732,2.00204311,ATR_TARGET,1.97762689
HIVE,2024-06-26T09:45:00-04:00,2024-06-26T10:15:00-04:00,3,3.14235500,3.36857862,0.67867087,0.25110822,ATR_TARGET,1.97789457
BTE,2024-06-26T13:30:00-04:00,2024-06-27T10:15:00-04:00,2,3.41245742,3.42757889,0.03024293,0.01118989,ATR_STOP,0.27049858
TSLT,2024-06-26T11:45:00-04:00,2024-06-27T10:45:00-04:00,12,12.23917250,12.30795152,0.82534828,0.30537886,ATR_STOP,0.16304714
MVST,2024-06-27T10:30:00-04:00,2024-06-27T13:15:00-04:00,14,0.51608678,0.56620112,0.70160082,0.25959230,ATR_TARGET,1.98318261
TSLL,2024-06-26T11:45:00-04:00,2024-06-28T09:30:00-04:00,76,8.89166375,9.52723405,48.30334254,17.87223674,ATR_TARGET,1.97774839
EOSE,2024-06-27T13:45:00-04:00,2024-06-28T10:00:00-04:00,7,1.26594875,1.30215639,0.25345349,0.09377779,ATR_STOP,0.42614066
CLOV,2024-06-25T09:45:00-04:00,2024-06-28T11:00:00-04:00,459,1.30597875,1.25324918,-24.20287088,-8.95506223,ATR_STOP,-1.01816300
APP,2024-06-28T11:45:00-04:00,2024-06-28T12:15:00-04:00,7,84.34321000,82.79873079,-10.81135448,-4.00020116,ATR_STOP,-1.04192421
SOFI,2024-06-28T11:45:00-04:00,2024-06-28T13:00:00-04:00,1,6.62996875,6.55297513,-0.07699362,-0.02848764,ATR_STOP,-1.06824012
APPS,2024-06-28T12:30:00-04:00,2024-06-28T13:30:00-04:00,352,1.65924350,1.58358132,-26.63308728,-9.85424229,ATR_STOP,-1.01595971
ERAS,2024-06-28T14:00:00-04:00,2024-07-01T09:30:00-04:00,250,2.29672125,2.44342716,36.67647685,13.57029644,ATR_TARGET,1.97530702
ASTS,2024-07-01T09:45:00-04:00,2024-07-01T11:00:00-04:00,49,12.13909750,11.61369447,-25.74474852,-9.52555695,ATR_STOP,-1.01687060
BTE,2024-06-27T13:00:00-04:00,2024-07-02T09:45:00-04:00,42,3.47260250,3.58134527,4.56719620,1.68986260,ATR_TARGET,1.95175436
EOSE,2024-07-01T09:45:00-04:00,2024-07-02T09:45:00-04:00,2,1.41606125,1.43472018,0.03731786,0.01380761,ATR_STOP,0.19875665
IAUX,2024-06-28T09:45:00-04:00,2024-07-02T10:30:00-04:00,666,1.05579125,1.01680003,-25.96815396,-9.60821697,ATR_STOP,-1.01996368
ADMA,2024-07-01T11:15:00-04:00,2024-07-02T10:30:00-04:00,49,11.61870750,11.34749043,-13.28963641,-4.91716547,ATR_STOP,-1.03242103
ACHR,2024-07-02T14:15:00-04:00,2024-07-03T10:00:00-04:00,154,3.76782375,4.04228883,42.26762296,15.63902050,ATR_TARGET,1.97813332
AMC,2024-07-02T10:15:00-04:00,2024-07-03T11:15:00-04:00,30,5.19889625,5.03417968,-4.94149715,-1.82835395,ATR_STOP,-1.02347778
EOSE,2024-07-03T09:45:00-04:00,2024-07-03T12:30:00-04:00,2,1.59619625,1.78329498,0.37419746,0.13845306,ATR_TARGET,1.98579394
RIVN,2024-07-02T14:00:00-04:00,2024-07-05T09:30:00-04:00,45,14.87254605,14.32595961,-24.59638978,-9.10066422,ATR_STOP,-1.02006692
SOFI,2024-07-03T10:15:00-04:00,2024-07-05T09:30:00-04:00,92,6.53990125,6.44174709,-9.03018311,-3.34116775,ATR_STOP,-1.05181072
ASTS,2024-07-03T12:15:00-04:00,2024-07-05T09:30:00-04:00,13,11.49861750,11.05826588,-5.72457107,-2.11809130,ATR_STOP,-1.01921049
EOSE,2024-07-03T12:45:00-04:00,2024-07-05T09:45:00-04:00,5,1.77192795,1.84446788,0.36269966,0.13419887,ATR_STOP,0.65651630
AMD,2024-07-05T09:45:00-04:00,2024-07-05T12:15:00-04:00,4,167.16528000,173.23773503,24.28982012,8.98723345,ATR_TARGET,1.95807296
PLTR,2024-07-05T09:45:00-04:00,2024-07-08T09:30:00-04:00,2,26.60764078,27.90905250,2.60282345,0.96304468,TARGET_GAP,2.90428817
ASTS,2024-07-05T11:30:00-04:00,2024-07-08T09:30:00-04:00,1,11.73889758,12.69397689,0.95507931,0.35337935,ATR_TARGET,1.98024557
HIVE,2024-07-05T14:30:00-04:00,2024-07-08T09:30:00-04:00,1,3.26244500,3.49955230,0.23710730,0.08772970,ATR_TARGET,1.97808709
BLNK,2024-07-03T10:15:00-04:00,2024-07-08T09:45:00-04:00,1,2.78708875,2.93404761,0.14695886,0.05437478,ATR_TARGET,1.97047235
PLUG,2024-07-05T14:00:00-04:00,2024-07-08T11:30:00-04:00,263,2.59194250,2.60425777,3.23891595,1.19839890,ATR_STOP,0.14237203
BLNK,2024-07-08T11:00:00-04:00,2024-07-08T11:30:00-04:00,1,2.98223500,2.89438691,-0.08784809,-0.03250380,ATR_STOP,-1.02535632
CLOV,2024-07-08T09:45:00-04:00,2024-07-08T12:00:00-04:00,56,1.28586367,1.30742434,1.20739731,0.44673701,ATR_STOP,0.60672666
TSLL,2024-07-08T11:45:00-04:00,2024-07-08T13:00:00-04:00,44,15.38152750,14.63127973,-33.01090202,-12.21403375,ATR_STOP,-1.01485486
LUMN,2024-07-08T13:30:00-04:00,2024-07-08T15:15:00-04:00,632,1.07580625,1.03504632,-25.76027436,-9.53130151,ATR_STOP,-1.01942991
ACHR,2024-07-05T09:45:00-04:00,2024-07-09T09:30:00-04:00,154,4.34315493,4.05618357,-44.19358937,-16.35162807,ATR_STOP,-1.01072255
INTC,2024-07-08T15:15:00-04:00,2024-07-09T09:30:00-04:00,1,33.99948050,35.01792678,1.01844628,0.37682512,ATR_TARGET,1.94968428
PLTR,2024-07-08T15:30:00-04:00,2024-07-09T10:15:00-04:00,23,27.93093250,27.48535469,-10.24828970,-3.79186719,ATR_STOP,-1.04854587
BIDU,2024-07-09T10:45:00-04:00,2024-07-09T10:45:00-04:00,7,89.79729750,91.48307261,11.80042580,4.36615755,ATR_TARGET,1.92172563
QS,2024-07-09T12:15:00-04:00,2024-07-10T09:45:00-04:00,1,5.22421523,5.27104375,0.04682853,0.01732655,STOP_GAP,0.44801396
TSLA,2024-07-09T09:45:00-04:00,2024-07-10T10:00:00-04:00,2,255.03123008,259.64547516,9.22849018,3.41454137,ATR_STOP,0.72963098
BTE,2024-07-08T15:45:00-04:00,2024-07-10T15:00:00-04:00,13,3.55266250,3.65048434,1.27168391,0.47052304,ATR_TARGET,1.94550775
SEDG,2024-07-10T15:15:00-04:00,2024-07-11T09:30:00-04:00,1,29.08179500,30.81378380,1.73198880,0.64083586,ATR_TARGET,1.97364541
PLUG,2024-07-10T15:30:00-04:00,2024-07-11T10:00:00-04:00,7,2.70202500,2.88899981,1.30882367,0.48426476,ATR_TARGET,1.97707159
LUMN,2024-07-09T11:00:00-04:00,2024-07-11T10:15:00-04:00,600,1.07580625,1.16499287,53.51197471,19.79943064,ATR_TARGET,1.98058205
HIVE,2024-07-11T10:45:00-04:00,2024-07-11T11:30:00-04:00,197,3.42256500,3.29286909,-25.55009335,-9.45353454,ATR_STOP,-1.01942635
BTE,2024-07-11T10:15:00-04:00,2024-07-11T11:45:00-04:00,5,3.69276750,3.70638813,0.06810313,0.02519816,ATR_STOP,0.22080537
ADMA,2024-07-09T09:45:00-04:00,2024-07-11T12:00:00-04:00,13,11.98097900,12.43813536,5.94303268,2.19892209,ATR_TARGET,1.95997529
ACHR,2024-07-10T10:45:00-04:00,2024-07-12T09:30:00-04:00,119,4.39319242,4.69647500,36.09062643,13.35353178,TARGET_GAP,2.33460727
NXE,2024-07-11T09:45:00-04:00,2024-07-12T09:30:00-04:00,4,7.57067375,7.40879595,-0.64751122,-0.23957915,ATR_STOP,-1.03557365
MRNA,2024-07-11T14:00:00-04:00,2024-07-12T09:30:00-04:00,1,123.57261000,128.26231606,4.68970606,1.73519124,ATR_TARGET,1.95977040
VISN,2024-07-11T14:30:00-04:00,2024-07-12T09:30:00-04:00,41,1.41105750,1.50257269,3.75212263,1.38828537,ATR_TARGET,1.97565330
HIVE,2024-07-12T09:45:00-04:00,2024-07-12T10:15:00-04:00,21,3.53264750,3.39868278,-2.81325905,-1.04090585,ATR_STOP,-1.01941140
BLNK,2024-07-11T13:30:00-04:00,2024-07-12T13:30:00-04:00,202,3.27245250,3.49554451,45.06458641,16.67389697,ATR_TARGET,1.97675282
ERAS,2024-07-12T10:30:00-04:00,2024-07-12T14:00:00-04:00,24,2.94220500,2.99079462,1.16615097,0.43147586,ATR_STOP,0.41792986
SOFI,2024-07-12T14:15:00-04:00,2024-07-15T09:45:00-04:00,10,6.98023125,7.19797859,2.17747342,0.80566516,ATR_TARGET,1.95157931
HIVE,2024-07-12T13:45:00-04:00,2024-07-15T12:30:00-04:00,196,3.52334053,3.78689601,51.65687580,19.11304405,ATR_TARGET,1.97866121
LUMN,2024-07-12T15:15:00-04:00,2024-07-15T15:15:00-04:00,1,1.18088500,1.25361119,0.07272619,0.02690869,ATR_TARGET,1.97445497
CLOV,2024-07-12T13:00:00-04:00,2024-07-16T09:30:00-04:00,1,1.51953880,1.62708808,0.10754928,0.03979323,ATR_TARGET,1.97754480
GME,2024-07-15T10:00:00-04:00,2024-07-16T09:30:00-04:00,2,26.39978500,27.90744185,3.01531371,1.11566607,ATR_TARGET,1.97259421
VISN,2024-07-15T15:30:00-04:00,2024-07-16T09:45:00-04:00,4,1.62121500,1.57063801,-0.20230797,-0.07485395,ATR_STOP,-1.02386452
AMC,2024-07-12T09:45:00-04:00,2024-07-16T10:00:00-04:00,130,5.29897125,5.39417929,12.37704505,4.57950667,ATR_STOP,0.68136799
BE,2024-07-15T12:45:00-04:00,2024-07-16T10:00:00-04:00,52,13.88040250,14.30339763,21.99574701,8.13842639,ATR_STOP,0.82439302
ASTS,2024-07-15T10:15:00-04:00,2024-07-16T10:15:00-04:00,1,13.36981985,13.48632880,0.11650895,0.04310831,ATR_STOP,0.23705738
SOFI,2024-07-16T10:45:00-04:00,2024-07-17T09:30:00-04:00,96,7.50562500,7.58430750,7.55352000,2.79480240,STOP_GAP,0.45978258
CLOV,2024-07-16T09:45:00-04:00,2024-07-17T09:30:00-04:00,35,1.63622625,1.67878381,1.48951474,0.55112045,ATR_STOP,0.68991035
APPS,2024-07-16T10:45:00-04:00,2024-07-17T10:30:00-04:00,313,2.33675125,2.36891837,10.06831004,3.72527471,ATR_STOP,0.25313596
AMC,2024-07-17T09:45:00-04:00,2024-07-17T11:00:00-04:00,8,5.61921125,5.45129920,-1.34329639,-0.49701967,ATR_STOP,-1.02497577
AFRM,2024-07-17T09:45:00-04:00,2024-07-17T11:15:00-04:00,22,33.57516250,32.70740628,-19.09063694,-7.06353567,ATR_STOP,-1.02911380
MVST,2024-07-16T14:00:00-04:00,2024-07-17T12:30:00-04:00,1,0.42381762,0.40432762,-0.01949000,-0.00721130,ATR_STOP,-1.01581700
VISN,2024-07-17T13:30:00-04:00,2024-07-18T09:30:00-04:00,453,1.61521050,2.31826000,318.48142350,117.83812669,TARGET_GAP,10.45555494
PLTR,2024-07-18T09:45:00-04:00,2024-07-18T10:00:00-04:00,30,28.38127000,29.45037751,32.07322529,11.86709336,ATR_TARGET,1.95948658
EVLV,2024-07-17T13:45:00-04:00,2024-07-18T10:30:00-04:00,217,3.36752375,3.42081673,11.56457619,4.27889319,ATR_STOP,0.33520860
ACHR,2024-07-18T09:45:00-04:00,2024-07-18T10:30:00-04:00,4,5.13384750,4.98517114,-0.59470544,-0.22004101,ATR_STOP,-1.02581635
CLOV,2024-07-18T10:15:00-04:00,2024-07-18T10:30:00-04:00,7,1.77633125,1.70446402,-0.50307059,-0.18613612,ATR_STOP,-1.01812360
LUMN,2024-07-17T15:00:00-04:00,2024-07-18T13:45:00-04:00,35,1.33099750,1.37293255,1.46772673,0.54305889,ATR_STOP,0.92655956
INTC,2024-07-18T10:15:00-04:00,2024-07-18T14:00:00-04:00,24,35.89189875,34.98497442,-21.76618396,-8.05348806,ATR_STOP,-1.02981656
PLUG,2024-07-18T11:15:00-04:00,2024-07-18T14:00:00-04:00,240,3.20740375,3.07595321,-31.54812973,-11.67280800,ATR_STOP,-1.01787721
HIVE,2024-07-19T09:45:00-04:00,2024-07-19T12:30:00-04:00,222,3.84798383,4.20341920,78.90665233,29.19546136,ATR_TARGET,1.98240370
JMIA,2024-07-19T09:45:00-04:00,2024-07-22T09:45:00-04:00,63,12.52939000,12.74369839,13.50142878,4.99552865,ATR_STOP,0.37432097
HIVE,2024-07-22T09:45:00-04:00,2024-07-23T09:30:00-04:00,3,4.28821375,4.36672250,0.23552625,0.08714471,STOP_GAP,0.38455797
RIVN,2024-07-22T10:15:00-04:00,2024-07-23T09:45:00-04:00,46,17.32298250,16.82852097,-22.74523039,-8.41573524,ATR_STOP,-1.02621432
ASTS,2024-07-23T10:00:00-04:00,2024-07-23T10:15:00-04:00,59,13.19949220,13.94222011,43.82094653,16.21375021,ATR_TARGET,1.97221291
LUMN,2024-07-19T11:15:00-04:00,2024-07-23T13:45:00-04:00,3,1.38603875,1.49468622,0.32594242,0.12059869,ATR_TARGET,1.97955975
ADMA,2024-07-22T09:45:00-04:00,2024-07-23T15:45:00-04:00,65,13.66023750,13.86393674,13.24045084,4.89896681,ATR_STOP,0.67238993
SOFI,2024-07-23T09:30:00-04:00,2024-07-24T09:30:00-04:00,1,7.50562500,7.32450250,-0.18112250,-0.06701532,STOP_GAP,-1.35242627
LUMN,2024-07-24T13:30:00-04:00,2024-07-24T14:00:00-04:00,10,1.61120750,1.54067798,-0.70529519,-0.26095922,ATR_STOP,-1.01666893
VISN,2024-07-23T10:30:00-04:00,2024-07-24T14:30:00-04:00,461,1.77132750,1.68400777,-40.25439456,-14.89412599,ATR_STOP,-1.01468761
HIVE,2024-07-24T13:15:00-04:00,2024-07-24T14:30:00-04:00,204,4.37327750,4.17719837,-40.00014189,-14.80005250,ATR_STOP,-1.01624955
CLOV,2024-07-22T15:00:00-04:00,2024-07-24T15:15:00-04:00,2,1.65624125,1.60480670,-0.10286910,-0.03806157,ATR_STOP,-1.02397984
ASTS,2024-07-25T09:45:00-04:00,2024-07-25T10:15:00-04:00,62,14.01050000,15.16714457,71.71196319,26.53342638,ATR_TARGET,1.98050750
VISN,2024-07-25T11:00:00-04:00,2024-07-26T10:30:00-04:00,501,1.79134250,1.81589857,12.30258897,4.55195792,ATR_STOP,0.31842658
VISN,2024-07-26T12:15:00-04:00,2024-07-29T09:30:00-04:00,476,1.90142500,2.05117013,71.27868082,26.37311190,ATR_TARGET,1.97964721
CLOV,2024-07-26T09:45:00-04:00,2024-07-29T09:45:00-04:00,482,1.69637133,1.71371375,8.35904885,3.09284807,STOP_GAP,0.31004292
LUMN,2024-07-29T09:45:00-04:00,2024-07-29T12:15:00-04:00,528,1.77633125,1.89081664,60.44828773,22.36586646,ATR_TARGET,1.97551129
LUMN,2024-07-29T12:30:00-04:00,2024-07-30T09:30:00-04:00,510,1.89141750,2.04435692,77.99910394,28.85966846,ATR_TARGET,1.98013361
ASTS,2024-07-30T09:45:00-04:00,2024-07-30T10:00:00-04:00,50,19.82485750,18.82130794,-50.17747801,-18.56566686,ATR_STOP,-1.01427759
CLOV,2024-07-29T11:15:00-04:00,2024-07-30T11:15:00-04:00,466,1.79064197,1.93154919,65.66276001,24.29522121,ATR_TARGET,1.97963220
VISN,2024-07-30T09:45:00-04:00,2024-07-31T09:30:00-04:00,14,2.49186750,2.84319879,4.91863811,1.81989610,ATR_TARGET,1.98792527
ASTS,2024-07-31T09:45:00-04:00,2024-07-31T13:00:00-04:00,12,18.13359000,19.71262330,18.94839964,7.01090787,ATR_TARGET,1.98143394
BLNK,2024-07-31T09:45:00-04:00,2024-07-31T14:45:00-04:00,4,3.24212977,3.44376312,0.80653338,0.29841735,ATR_TARGET,1.97468627
BLNK,2024-07-31T15:00:00-04:00,2024-07-31T15:15:00-04:00,4,3.44758375,3.34066773,-0.42766406,-0.15823570,ATR_STOP,-1.02401508
NXE,2024-07-31T14:00:00-04:00,2024-07-31T15:45:00-04:00,34,6.69501750,6.75767349,2.13030355,0.78821231,ATR_STOP,0.45834525
LUMN,2024-07-31T09:30:00-04:00,2024-08-01T09:30:00-04:00,249,2.59194250,3.26754750,168.22564500,62.24348865,TARGET_GAP,2.24425447
EOSE,2024-07-31T15:00:00-04:00,2024-08-01T10:15:00-04:00,1,1.98648875,1.90764112,-0.07884763,-0.02917362,ATR_STOP,-1.01849499
CLOV,2024-07-30T11:30:00-04:00,2024-08-01T13:00:00-04:00,520,1.91643625,1.82616799,-46.93949780,-17.36761419,ATR_STOP,-1.01541834
FLNA,2024-08-01T15:45:00-04:00,2024-08-02T09:45:00-04:00,46,22.84211875,21.44446870,-64.29190253,-23.78800394,ATR_STOP,-1.01165023
FLNA,2024-08-02T11:45:00-04:00,2024-08-02T13:00:00-04:00,39,23.96806258,27.86365614,151.92814912,56.21341517,ATR_TARGET,1.98932037
TWLO,2024-08-02T12:30:00-04:00,2024-08-05T09:30:00-04:00,15,61.51610250,57.95650000,-53.39403750,-19.75579387,STOP_GAP,-2.24332802
FLNA,2024-08-02T15:15:00-04:00,2024-08-05T09:30:00-04:00,30,28.82059925,25.98050000,-85.20297750,-31.52510168,STOP_GAP,-1.04513737
VISN,2024-08-02T15:45:00-04:00,2024-08-05T09:30:00-04:00,87,2.24668375,2.01848500,-19.85329125,-7.34571776,STOP_GAP,-1.91083565
ASTS,2024-08-07T09:45:00-04:00,2024-08-07T12:45:00-04:00,50,20.47534500,20.73115095,12.79029744,4.73241005,ATR_STOP,0.25554289
TWLO,2024-08-07T10:00:00-04:00,2024-08-07T13:45:00-04:00,14,60.99571250,59.81568763,-16.52034812,-6.11252880,ATR_STOP,-1.03955094
FLNA,2024-08-07T15:15:00-04:00,2024-08-08T09:45:00-04:00,28,28.43160772,25.67331643,-77.23215635,-28.57589785,ATR_STOP,-1.00703515
ASTS,2024-08-08T11:15:00-04:00,2024-08-09T09:30:00-04:00,1,20.63546500,22.81287750,2.17741250,0.80564262,TARGET_GAP,1.99292187
PLTR,2024-08-08T10:30:00-04:00,2024-08-09T11:00:00-04:00,29,27.91592125,29.89047232,57.26198097,21.18693296,ATR_TARGET,1.97753146
VSXY,2024-08-08T10:00:00-04:00,2024-08-09T15:45:00-04:00,52,19.00424250,19.70565635,36.47352041,13.49520255,ATR_STOP,1.19761353
LUMN,2024-08-14T09:45:00-04:00,2024-08-14T11:30:00-04:00,204,5.07380250,5.64600184,116.72866585,43.18960636,ATR_TARGET,1.98529699
ADMA,2024-08-14T11:45:00-04:00,2024-08-14T12:30:00-04:00,61,17.81335000,17.39330504,-25.62274278,-9.48041483,ATR_STOP,-1.03207637
VSXY,2024-08-14T15:15:00-04:00,2024-08-15T09:30:00-04:00,1,22.22665750,23.88409124,1.65743374,0.61325048,ATR_TARGET,1.97859981
APPS,2024-08-15T09:45:00-04:00,2024-08-15T10:00:00-04:00,7,3.46259500,3.29781398,-1.15346717,-0.42678285,ATR_STOP,-1.01525033
CCJ,2024-08-14T09:45:00-04:00,2024-08-15T11:00:00-04:00,21,39.77480875,41.04064221,26.58250256,9.83552595,ATR_TARGET,1.95248696
BTE,2024-08-14T09:45:00-04:00,2024-08-15T11:00:00-04:00,4,3.53274758,3.65184262,0.47638018,0.17626067,ATR_TARGET,1.95500611
LUMN,2024-08-14T15:15:00-04:00,2024-08-16T09:30:00-04:00,186,5.74940882,5.39595000,-65.74334145,-24.32503634,STOP_GAP,-1.10800133
BTE,2024-08-15T11:15:00-04:00,2024-08-16T09:30:00-04:00,237,3.65273750,3.55733000,-22.61157750,-8.36628368,STOP_GAP,-1.52186598
EOSE,2024-08-15T10:15:00-04:00,2024-08-16T09:30:00-04:00,1,1.82136500,1.95023237,0.12886737,0.04768093,ATR_TARGET,1.97753765
IAUX,2024-08-16T09:45:00-04:00,2024-08-16T10:00:00-04:00,6,0.99924888,1.00518659,0.03562631,0.01318174,ATR_STOP,0.21769802
CLOV,2024-08-16T12:30:00-04:00,2024-08-19T09:30:00-04:00,1,2.88216000,3.18525789,0.30309789,0.11214622,ATR_TARGET,1.98434811
VISN,2024-08-16T10:30:00-04:00,2024-08-19T09:45:00-04:00,1,3.81786125,3.95146402,0.13360277,0.04943303,ATR_STOP,0.79558114
GME,2024-08-15T10:15:00-04:00,2024-08-19T11:45:00-04:00,1,22.46143345,22.67653166,0.21509821,0.07958634,ATR_STOP,0.49520828
TSLL,2024-08-16T09:45:00-04:00,2024-08-20T09:30:00-04:00,84,9.98848575,10.76192250,64.96868700,24.03841419,TARGET_GAP,2.40676594
KC,2024-08-19T10:15:00-04:00,2024-08-20T09:30:00-04:00,2,2.52689375,2.46091815,-0.13195119,-0.04882194,ATR_STOP,-1.02880269
EOSE,2024-08-19T13:00:00-04:00,2024-08-20T10:00:00-04:00,12,2.01150750,1.93990728,-0.85920267,-0.31790499,ATR_STOP,-1.02075756
AMD,2024-08-20T09:30:00-04:00,2024-08-20T10:00:00-04:00,5,156.62738250,160.55006712,19.61342309,7.25696654,ATR_TARGET,1.94039212
PLTR,2024-08-20T09:30:00-04:00,2024-08-20T10:00:00-04:00,2,32.52437500,32.06927528,-0.91019943,-0.33677379,ATR_STOP,-1.05584304
SEDG,2024-08-20T09:45:00-04:00,2024-08-20T10:00:00-04:00,1,28.25957880,27.38087972,-0.87869908,-0.32511866,ATR_STOP,-1.02394817
VSXY,2024-08-16T09:30:00-04:00,2024-08-20T10:45:00-04:00,43,24.19813500,24.43166250,10.04168250,3.71542252,STOP_GAP,0.35703596
VISN,2024-08-20T12:00:00-04:00,2024-08-21T09:30:00-04:00,213,4.13810125,4.44666250,65.72354625,24.31771211,TARGET_GAP,2.24724316
TSLA,2024-08-21T09:45:00-04:00,2024-08-21T10:15:00-04:00,4,222.68689000,219.42486125,-13.04811499,-4.82780255,ATR_STOP,-1.05317219
ACHR,2024-08-21T10:00:00-04:00,2024-08-21T14:30:00-04:00,1,3.69777125,3.84386146,0.14609021,0.05405338,ATR_TARGET,1.96126794
BIDU,2024-08-21T10:30:00-04:00,2024-08-22T09:30:00-04:00,9,89.59714750,87.38441250,-19.91461500,-7.36840755,STOP_GAP,-2.50032963
CLOV,2024-08-21T10:45:00-04:00,2024-08-22T09:30:00-04:00,23,3.34250500,3.68723250,7.92873250,2.93363102,TARGET_GAP,2.01497191
MU,2024-08-22T09:30:00-04:00,2024-08-22T09:45:00-04:00,8,109.03171250,108.54852750,-3.86548000,-1.43022760,STOP_GAP,-0.37163078
NXE,2024-08-21T09:45:00-04:00,2024-08-22T10:15:00-04:00,5,6.02451500,5.93413032,-0.45192338,-0.16721165,ATR_STOP,-1.05183172
PLUG,2024-08-21T15:30:00-04:00,2024-08-22T10:15:00-04:00,1,2.19664625,2.13034425,-0.06630200,-0.02453174,ATR_STOP,-1.02471224
BEKE,2024-08-22T09:45:00-04:00,2024-08-22T11:30:00-04:00,58,14.95120500,14.76650683,-10.71249375,-3.96362269,ATR_STOP,-1.06383777
AFRM,2024-08-22T11:15:00-04:00,2024-08-22T13:30:00-04:00,1,31.20838875,30.24547815,-0.96291060,-0.35627692,ATR_STOP,-1.02414476
LUMN,2024-08-20T11:15:00-04:00,2024-08-23T09:30:00-04:00,182,5.94945875,6.56331535,111.72190059,41.33710322,ATR_TARGET,1.98407783
LUMN,2024-08-23T09:45:00-04:00,2024-08-23T10:45:00-04:00,2,6.63997625,6.31769335,-0.64456580,-0.23848935,ATR_STOP,-1.01493295
NIO,2024-08-22T11:45:00-04:00,2024-08-26T09:30:00-04:00,216,4.01841155,4.05695500,8.32538520,3.08039252,STOP_GAP,0.50307926
ACHR,2024-08-23T09:30:00-04:00,2024-08-26T09:30:00-04:00,9,3.72279000,3.88388034,1.44981304,0.53643083,ATR_TARGET,1.96445122
QS,2024-08-26T09:30:00-04:00,2024-08-26T09:30:00-04:00,142,6.13459750,6.02781077,-15.16371597,-5.61057491,ATR_STOP,-1.04424156
SOFI,2024-08-23T11:00:00-04:00,2024-08-26T09:45:00-04:00,2,7.44057625,7.71712158,0.55309065,0.20464354,ATR_TARGET,1.95896978
TSLL,2024-08-23T09:45:00-04:00,2024-08-26T10:30:00-04:00,115,9.90742500,9.52081503,-44.46014646,-16.45025419,ATR_STOP,-1.01883175
CCJ,2024-08-26T09:45:00-04:00,2024-08-26T10:45:00-04:00,20,44.06302250,43.10153758,-19.22969833,-7.11498838,ATR_STOP,-1.03481780
BE,2024-08-26T09:45:00-04:00,2024-08-27T09:30:00-04:00,1,11.96396625,11.69134712,-0.27261913,-0.10086908,ATR_STOP,-1.03325863
ACHR,2024-08-26T10:00:00-04:00,2024-08-27T09:30:00-04:00,5,3.93514915,3.83385674,-0.50646207,-0.18739097,ATR_STOP,-1.02923898
CLOV,2024-08-26T15:45:00-04:00,2024-08-27T12:30:00-04:00,265,3.30167440,3.15107222,-39.90957858,-14.76654407,ATR_STOP,-1.01595470
GDS,2024-08-26T14:45:00-04:00,2024-08-27T15:45:00-04:00,65,16.99773875,16.59841528,-25.95602568,-9.60372950,ATR_STOP,-1.03220282
SOFI,2024-08-27T14:00:00-04:00,2024-08-27T15:45:00-04:00,109,7.75601265,7.76719590,1.21897411,0.45102042,ATR_STOP,0.11263717
HIVE,2024-08-27T14:45:00-04:00,2024-08-28T09:30:00-04:00,1,3.38253500,3.27754000,-0.10499500,-0.03884815,STOP_GAP,-1.05340148
AFRM,2024-08-27T10:30:00-04:00,2024-08-28T10:30:00-04:00,1,32.18412000,31.41467157,-0.76944843,-0.28469592,ATR_STOP,-1.03161234
VSXY,2024-08-28T09:30:00-04:00,2024-08-28T10:30:00-04:00,44,24.56841250,24.16956919,-17.54910548,-6.49316903,ATR_STOP,-1.04765081
CLOV,2024-08-28T10:00:00-04:00,2024-08-28T10:30:00-04:00,2,3.30327560,3.18342918,-0.23969285,-0.08868635,ATR_STOP,-1.02034245
AFRM,2024-08-28T15:30:00-04:00,2024-08-29T09:30:00-04:00,1,31.33348250,39.04069750,7.70721500,2.85166955,TARGET_GAP,11.64474185
VSXY,2024-08-28T15:00:00-04:00,2024-08-29T09:30:00-04:00,43,25.02875750,24.48910451,-23.20507856,-8.58587907,ATR_STOP,-1.03526105
BILL,2024-08-28T09:30:00-04:00,2024-08-29T09:45:00-04:00,16,53.04975750,55.25396605,35.26733673,13.04891459,ATR_TARGET,1.96306546
SOFI,2024-08-29T09:45:00-04:00,2024-08-29T11:15:00-04:00,12,7.77082375,8.11487589,4.12862564,1.52759149,ATR_TARGET,1.96521006
BTE,2024-08-29T13:15:00-04:00,2024-08-30T09:30:00-04:00,26,3.70277500,3.58730750,-3.00215500,-1.11079735,STOP_GAP,-2.20214904
RIVN,2024-08-29T10:00:00-04:00,2024-08-30T10:00:00-04:00,61,14.28070250,13.94779254,-20.30750764,-7.51377783,ATR_STOP,-1.03246699
AAOI,2024-08-30T09:45:00-04:00,2024-09-03T09:30:00-04:00,9,10.77087210,12.01098500,11.16101610,4.12957596,TARGET_GAP,2.57463017
GME,2024-08-30T13:45:00-04:00,2024-09-03T09:30:00-04:00,37,22.90716750,24.28289656,50.90197520,18.83373082,ATR_TARGET,1.97385017
EOSE,2024-09-03T09:30:00-04:00,2024-09-03T10:15:00-04:00,43,2.64198000,2.50594731,-5.84940588,-2.16428017,ATR_STOP,-1.01402047
APP,2024-08-29T09:45:00-04:00,2024-09-03T14:30:00-04:00,11,91.50357625,89.42652373,-22.84757773,-8.45360376,ATR_STOP,-1.03339428
NIO,2024-09-03T09:45:00-04:00,2024-09-04T15:00:00-04:00,213,4.12309000,4.21236199,19.01493416,7.03552564,ATR_STOP,0.83935653
GME,2024-09-06T09:45:00-04:00,2024-09-06T10:30:00-04:00,48,22.46783825,21.94805341,-24.94967229,-9.23137875,ATR_STOP,-1.03273002
LUMN,2024-09-06T15:15:00-04:00,2024-09-09T09:30:00-04:00,185,5.85939125,5.67485443,-34.13931251,-12.63154563,ATR_STOP,-1.02362655
TSLT,2024-09-10T09:45:00-04:00,2024-09-10T10:30:00-04:00,76,13.83036500,13.84096285,0.80543677,0.29801161,ATR_STOP,0.02185120
TSLL,2024-09-10T09:45:00-04:00,2024-09-11T10:30:00-04:00,1,10.13759750,9.75366543,-0.38393207,-0.14205486,ATR_STOP,-1.01943845
TSLA,2024-09-10T09:45:00-04:00,2024-09-11T10:45:00-04:00,4,221.51100875,217.10146098,-17.63819107,-6.52613069,ATR_STOP,-1.03837148
VISN,2024-09-10T14:15:00-04:00,2024-09-11T13:45:00-04:00,215,4.89867125,5.00771733,23.44490815,8.67461602,ATR_STOP,0.57390610
ABCL,2024-09-11T15:45:00-04:00,2024-09-12T09:45:00-04:00,1,2.72204000,2.63525293,-0.08678707,-0.03211122,ATR_STOP,-1.02332205
CLOV,2024-09-12T10:00:00-04:00,2024-09-12T13:00:00-04:00,1,2.74205500,2.77953802,0.03748302,0.01386872,ATR_STOP,0.39321632
VISN,2024-09-11T14:45:00-04:00,2024-09-13T11:30:00-04:00,209,5.14885875,5.22726959,16.38786549,6.06351023,ATR_STOP,0.41921645
DDD,2024-09-12T15:15:00-04:00,2024-09-13T14:15:00-04:00,1,2.35176250,2.40247743,0.05071493,0.01876453,ATR_STOP,0.60748028
BLNK,2024-09-13T14:45:00-04:00,2024-09-16T10:00:00-04:00,1,1.82636875,1.77506343,-0.05130532,-0.01898297,ATR_STOP,-1.02666032
IAUX,2024-09-13T12:30:00-04:00,2024-09-16T11:00:00-04:00,2,1.11583625,1.08051820,-0.07063610,-0.02613536,ATR_STOP,-1.02350235
CLOV,2024-09-13T11:45:00-04:00,2024-09-17T09:30:00-04:00,371,2.93219750,3.14578830,79.24218803,29.31960957,ATR_TARGET,1.97813298
BLNK,2024-09-16T13:45:00-04:00,2024-09-17T10:15:00-04:00,2,1.78413710,1.88155022,0.19482624,0.07208571,ATR_TARGET,1.97141984
PLUG,2024-09-17T09:45:00-04:00,2024-09-17T11:15:00-04:00,10,2.03332385,2.17196596,1.38642108,0.51297580,ATR_TARGET,1.97675668
HIVE,2024-09-17T10:30:00-04:00,2024-09-17T12:45:00-04:00,1,3.07230250,2.98589645,-0.08640605,-0.03197024,ATR_STOP,-1.02662751
BLNK,2024-09-17T12:00:00-04:00,2024-09-17T12:45:00-04:00,1,1.91643625,1.86160207,-0.05483418,-0.02028865,ATR_STOP,-1.02614764
DDD,2024-09-17T09:45:00-04:00,2024-09-17T13:45:00-04:00,448,2.49687125,2.53346702,16.39490681,6.06611552,ATR_STOP,0.39839187
ABCL,2024-09-17T11:30:00-04:00,2024-09-17T14:15:00-04:00,7,2.82711875,2.73939572,-0.61406120,-0.22720264,ATR_STOP,-1.02400096
AMC,2024-09-11T14:45:00-04:00,2024-09-17T15:45:00-04:00,178,4.90867875,4.81448737,-16.76606516,-6.20344411,ATR_STOP,-1.03989472
BLNK,2024-09-17T15:45:00-04:00,2024-09-18T10:30:00-04:00,18,1.90132492,1.84888276,-0.94395893,-0.34926480,ATR_STOP,-1.02718084
APP,2024-09-17T15:30:00-04:00,2024-09-18T11:15:00-04:00,9,124.39322500,121.67481097,-24.46572624,-9.05231871,ATR_STOP,-1.03476265
MVST,2024-09-18T09:45:00-04:00,2024-09-18T13:00:00-04:00,7,0.34275688,0.31614355,-0.18629330,-0.06892852,ATR_STOP,-1.00899626
HIVE,2024-09-18T09:30:00-04:00,2024-09-18T14:30:00-04:00,282,3.05228750,3.21298950,45.31796537,16.76764719,ATR_TARGET,1.97043102
BLNK,2024-09-18T14:15:00-04:00,2024-09-18T14:45:00-04:00,2,1.88651382,1.88733808,0.00164851,0.00060995,ATR_STOP,0.01378094
IAUX,2024-09-18T12:15:00-04:00,2024-09-19T09:45:00-04:00,930,1.19079242,1.14252252,-44.89100886,-16.60967328,ATR_STOP,-1.01808674
ASTS,2024-09-18T10:45:00-04:00,2024-09-19T13:45:00-04:00,1,28.68029410,29.15455986,0.47426576,0.17547833,ATR_STOP,0.38560681
APPS,2024-09-19T14:00:00-04:00,2024-09-19T15:15:00-04:00,10,3.02726875,2.92707434,-1.00194407,-0.37071931,ATR_STOP,-1.02241848
TSLT,2024-09-19T09:45:00-04:00,2024-09-20T09:30:00-04:00,2,15.59168500,16.18025940,1.17714879,0.43554505,ATR_STOP,0.72684380
ADMA,2024-09-20T09:30:00-04:00,2024-09-20T09:30:00-04:00,1,19.90491750,19.47305281,-0.43186469,-0.15978993,ATR_STOP,-1.03502885
VISN,2024-09-20T09:45:00-04:00,2024-09-20T11:00:00-04:00,10,6.11958625,6.20573323,0.86146976,0.31874381,ATR_STOP,0.51105051
SOXL,2024-09-19T09:45:00-04:00,2024-09-20T11:15:00-04:00,25,34.36575500,32.02575602,-58.49997462,-21.64499061,ATR_STOP,-1.01037899
BE,2024-09-20T11:45:00-04:00,2024-09-23T09:30:00-04:00,85,10.40780000,11.00174250,50.48511250,18.67949162,TARGET_GAP,2.01897019
MVST,2024-09-20T13:15:00-04:00,2024-09-23T09:30:00-04:00,3,0.30222650,0.28478625,-0.05232075,-0.01935868,STOP_GAP,-1.02406297
BTE,2024-09-23T10:00:00-04:00,2024-09-23T11:15:00-04:00,3,3.22241500,3.15828466,-0.19239103,-0.07118468,ATR_STOP,-1.03838240
TSLL,2024-09-19T10:15:00-04:00,2024-09-24T09:30:00-04:00,13,11.73879750,13.08018250,17.43800500,6.45206185,TARGET_GAP,2.22944882
GME,2024-09-23T09:30:00-04:00,2024-09-24T10:00:00-04:00,42,21.55615500,21.99589003,18.46887144,6.83348243,ATR_STOP,0.60202294
AMD,2024-09-19T10:00:00-04:00,2024-09-24T14:30:00-04:00,6,154.68092375,157.80931941,18.77037398,6.94503837,ATR_STOP,0.79997118
BTE,2024-09-24T09:45:00-04:00,2024-09-25T09:30:00-04:00,5,3.18238500,3.11707325,-0.32655873,-0.12082673,ATR_STOP,-1.03715227
CLOV,2024-09-25T11:00:00-04:00,2024-09-25T11:45:00-04:00,6,3.03727625,2.92516479,-0.67266878,-0.24888745,ATR_STOP,-1.01997454
PLUG,2024-09-23T11:30:00-04:00,2024-09-25T15:45:00-04:00,5,2.02942092,1.94826944,-0.40575745,-0.15013026,ATR_STOP,-1.01835003
BTU,2024-09-24T09:45:00-04:00,2024-09-26T09:30:00-04:00,6,24.42330375,25.40093500,5.86578750,2.17034137,TARGET_GAP,1.99024696
APP,2024-09-24T11:15:00-04:00,2024-09-26T09:45:00-04:00,7,129.73723000,128.23375250,-10.52434250,-3.89400672,STOP_GAP,-0.64395132
IAUX,2024-09-24T11:15:00-04:00,2024-09-26T09:45:00-04:00,10,1.11083250,1.14456435,0.33731849,0.12480784,ATR_STOP,0.82716453
TSLL,2024-09-26T09:45:00-04:00,2024-09-26T10:15:00-04:00,79,13.65023000,13.30017732,-27.65416155,-10.23203977,ATR_STOP,-1.02935460
NXE,2024-09-25T09:30:00-04:00,2024-09-26T10:45:00-04:00,142,6.60495000,6.68411536,11.24148132,4.15934809,ATR_STOP,0.69900984
PLUG,2024-09-26T10:00:00-04:00,2024-09-26T10:45:00-04:00,6,2.08366158,2.00404578,-0.47769475,-0.17674706,ATR_STOP,-1.01925658
PLTR,2024-09-26T11:30:00-04:00,2024-09-26T13:15:00-04:00,23,37.31826773,36.74368819,-13.21532938,-4.88967187,ATR_STOP,-1.05041754
JMIA,2024-09-26T11:15:00-04:00,2024-09-26T14:30:00-04:00,231,4.86364500,5.16729880,70.14402851,25.95329055,ATR_TARGET,1.97477739
JMIA,2024-09-26T14:45:00-04:00,2024-09-27T09:30:00-04:00,221,5.18388500,5.51981694,74.24095833,27.46915458,ATR_TARGET,1.97563496
ALB,2024-09-26T15:15:00-04:00,2024-09-27T09:45:00-04:00,9,94.91613375,95.18855500,2.45179125,0.90716276,STOP_GAP,0.14891549
DDD,2024-09-26T13:15:00-04:00,2024-09-27T09:45:00-04:00,14,2.59194250,2.75733529,2.31549899,0.85673463,ATR_TARGET,1.97528335
NIO,2024-09-27T09:45:00-04:00,2024-09-27T10:15:00-04:00,194,6.06954875,6.50004309,83.51590210,30.90088378,ATR_TARGET,1.97758845
PLTR,2024-09-27T10:00:00-04:00,2024-09-27T10:15:00-04:00,1,37.44306125,36.95445615,-0.48860510,-0.18078389,ATR_STOP,-1.06018343
LUMN,2024-09-27T09:45:00-04:00,2024-09-27T15:30:00-04:00,17,7.12534000,7.25727277,2.24285717,0.82985715,ATR_STOP,0.71237355
BEKE,2024-09-27T10:30:00-04:00,2024-09-30T09:30:00-04:00,2,20.06003375,22.17335750,4.22664750,1.56385957,TARGET_GAP,3.39403390
TSLA,2024-09-27T09:45:00-04:00,2024-09-30T09:30:00-04:00,3,256.13195500,263.28703888,21.46525163,7.94214310,ATR_TARGET,1.94624735
GDS,2024-09-27T10:30:00-04:00,2024-09-30T09:30:00-04:00,57,21.24592250,22.62021901,78.33490105,28.98391339,ATR_TARGET,1.97559375
KC,2024-09-27T11:15:00-04:00,2024-09-30T09:30:00-04:00,5,3.00225000,3.25778853,1.27769266,0.47274628,ATR_TARGET,1.98104396
BE,2024-09-27T15:45:00-04:00,2024-09-30T09:45:00-04:00,11,10.71302875,10.51027567,-2.23028391,-0.82520505,ATR_STOP,-1.04048262
DDD,2024-09-30T09:30:00-04:00,2024-09-30T10:15:00-04:00,17,2.90217500,2.80042410,-1.72976524,-0.64001314,ATR_STOP,-1.02109298
YINN,2024-09-30T09:45:00-04:00,2024-09-30T11:15:00-04:00,20,39.96995500,38.74777633,-24.44357332,-9.04412213,ATR_STOP,-1.02437578
KC,2024-09-30T09:45:00-04:00,2024-09-30T11:30:00-04:00,404,3.10232500,2.95212966,-60.67891649,-22.45119910,ATR_STOP,-1.01497341
VISN,2024-09-30T10:00:00-04:00,2024-09-30T14:00:00-04:00,19,6.31973625,6.10383307,-4.10216033,-1.51779932,ATR_STOP,-1.02167930
EOSE,2024-09-30T10:45:00-04:00,2024-09-30T15:00:00-04:00,1,2.69211758,2.90683758,0.21472000,0.07944640,ATR_TARGET,1.97988246
JMIA,2024-09-30T14:00:00-04:00,2024-09-30T15:30:00-04:00,223,5.43907625,5.24867018,-42.46055331,-15.71040472,ATR_STOP,-1.02112688
TSLA,2024-10-01T09:30:00-04:00,2024-10-01T09:30:00-04:00,4,262.86700250,258.68621092,-16.72316634,-6.18757154,ATR_STOP,-1.04870284
SOXL,2024-10-01T09:30:00-04:00,2024-10-01T09:30:00-04:00,7,36.61744250,35.37890512,-8.66976165,-3.20781181,ATR_STOP,-1.02190962
PLTR,2024-09-30T11:30:00-04:00,2024-10-01T10:15:00-04:00,21,37.04956635,36.56249495,-10.22849948,-3.78454481,ATR_STOP,-1.05970567
IAUX,2024-10-01T09:45:00-04:00,2024-10-01T10:15:00-04:00,1012,1.17588125,1.18120459,5.38721825,1.99327075,ATR_STOP,0.16783988
GME,2024-09-30T10:30:00-04:00,2024-10-01T11:00:00-04:00,2,22.96721250,22.32624950,-1.28192600,-0.47431262,ATR_STOP,-1.02684572
BEKE,2024-10-01T09:45:00-04:00,2024-10-01T11:45:00-04:00,5,20.61545000,22.10749955,7.46024776,2.76029167,ATR_TARGET,1.97800265
KC,2024-10-01T09:45:00-04:00,2024-10-02T09:30:00-04:00,2,3.03727625,3.75718000,1.43980750,0.53272877,TARGET_GAP,6.29470226
YINN,2024-10-01T11:45:00-04:00,2024-10-02T09:30:00-04:00,30,39.53953243,49.04319000,285.10972725,105.49059908,TARGET_GAP,5.85341298
BIDU,2024-10-01T11:45:00-04:00,2024-10-02T09:30:00-04:00,7,107.67069250,115.90300750,57.62620500,21.32169585,TARGET_GAP,3.66695787
BEKE,2024-10-01T12:00:00-04:00,2024-10-02T09:30:00-04:00,8,22.17161625,25.72069500,28.39263000,10.50527310,TARGET_GAP,4.25910379
BTE,2024-10-02T09:45:00-04:00,2024-10-04T09:30:00-04:00,324,3.15236250,3.30751750,50.27022000,18.59998140,TARGET_GAP,2.00895539
BEKE,2024-10-04T09:30:00-04:00,2024-10-07T09:30:00-04:00,41,25.21890000,24.43347335,-32.20249273,-11.91492231,ATR_STOP,-1.02390712
IAUX,2024-10-02T09:30:00-04:00,2024-10-07T12:00:00-04:00,1173,1.14085500,1.09543734,-53.27491510,-19.71171859,ATR_STOP,-1.01843673
MU,2024-10-07T12:30:00-04:00,2024-10-07T14:45:00-04:00,12,103.67770000,102.19184591,-17.83024908,-6.59719216,ATR_STOP,-1.05443087
PLUG,2024-10-08T09:30:00-04:00,2024-10-08T09:45:00-04:00,1,2.22166500,2.14750193,-0.07416307,-0.02744034,ATR_STOP,-1.02221651
BLNK,2024-10-07T12:45:00-04:00,2024-10-08T13:00:00-04:00,32,1.93144750,1.86390050,-2.16150409,-0.79975651,ATR_STOP,-1.02114915
ACHR,2024-10-07T15:00:00-04:00,2024-10-08T13:00:00-04:00,397,3.10222492,3.02514497,-30.60074315,-11.32227497,ATR_STOP,-1.03035129
DDD,2024-10-07T09:45:00-04:00,2024-10-10T09:30:00-04:00,341,3.02726875,2.92244727,-35.74412397,-13.22532587,ATR_STOP,-1.02137312
ACHR,2024-10-15T09:45:00-04:00,2024-10-15T10:30:00-04:00,416,3.10732875,3.04816676,-24.61138932,-9.10621405,ATR_STOP,-1.04022637
APP,2024-10-15T09:45:00-04:00,2024-10-15T10:30:00-04:00,6,146.60987500,144.12962016,-14.88152907,-5.50616575,ATR_STOP,-1.04560492
BLNK,2024-10-15T10:15:00-04:00,2024-10-15T10:30:00-04:00,1,2.01160758,1.94009305,-0.07151452,-0.02646037,ATR_STOP,-1.02078498
PLUG,2024-10-15T11:15:00-04:00,2024-10-15T15:00:00-04:00,602,2.12159000,2.05422177,-40.55567347,-15.00559919,ATR_STOP,-1.02342256
EOSE,2024-10-15T09:45:00-04:00,2024-10-15T15:45:00-04:00,27,3.16737375,3.32954006,4.37849034,1.62004143,ATR_TARGET,1.96964717
CCJ,2024-10-15T14:45:00-04:00,2024-10-16T09:30:00-04:00,16,51.47357625,53.33996500,29.86222000,11.04902140,TARGET_GAP,2.55084531
NXE,2024-10-15T15:00:00-04:00,2024-10-16T09:30:00-04:00,6,7.26044125,7.56432250,1.82328750,0.67461637,TARGET_GAP,2.99322513
PLTR,2024-10-17T09:45:00-04:00,2024-10-17T09:45:00-04:00,24,42.62124198,42.00204069,-14.86083080,-5.49850739,ATR_STOP,-1.05364379
APP,2024-10-17T09:45:00-04:00,2024-10-17T10:00:00-04:00,8,146.23959750,144.21598754,-16.18887969,-5.98988549,ATR_STOP,-1.05651303
AMC,2024-10-17T12:30:00-04:00,2024-10-17T14:30:00-04:00,298,4.22716800,4.16151071,-19.56587362,-7.23937324,ATR_STOP,-1.04994858
GME,2024-10-17T12:45:00-04:00,2024-10-18T10:00:00-04:00,44,21.57186678,21.27869054,-12.89975432,-4.77290910,ATR_STOP,-1.05761434
BLNK,2024-10-17T14:45:00-04:00,2024-10-18T10:00:00-04:00,613,2.03332385,2.11719556,51.41336050,19.02294338,ATR_TARGET,1.96281129
ACHR,2024-10-17T13:00:00-04:00,2024-10-18T11:00:00-04:00,1,3.17237750,3.21516927,0.04279177,0.01583296,ATR_STOP,0.76906038
QUBT,2024-10-18T11:30:00-04:00,2024-10-18T13:45:00-04:00,1064,0.99694715,0.91425184,-87.98780469,-32.55548774,ATR_STOP,-1.00836741
IAUX,2024-10-17T13:45:00-04:00,2024-10-18T14:00:00-04:00,1,1.12084000,1.19281316,0.07197316,0.02663007,ATR_TARGET,1.97542746
APP,2024-10-18T10:15:00-04:00,2024-10-21T09:30:00-04:00,8,145.65916250,149.80719090,33.18422718,12.27816406,ATR_TARGET,1.94721720
HIVE,2024-10-18T14:00:00-04:00,2024-10-21T09:30:00-04:00,269,3.73780125,3.61009610,-34.35268521,-12.71049353,ATR_STOP,-1.02167761
CLOV,2024-10-21T10:00:00-04:00,2024-10-21T10:00:00-04:00,7,4.26269462,4.09027999,-1.20690246,-0.44655391,ATR_STOP,-1.01812879
QUBT,2024-10-21T09:45:00-04:00,2024-10-21T10:30:00-04:00,1221,0.97312930,1.12409443,184.32842880,68.20151865,ATR_TARGET,1.98888466
PLTR,2024-10-21T09:45:00-04:00,2024-10-21T10:30:00-04:00,22,43.23240000,42.71897085,-11.29544126,-4.17931327,ATR_STOP,-1.06660895
CAPR,2024-10-21T10:30:00-04:00,2024-10-22T09:30:00-04:00,1,19.42585848,20.17807379,0.75221532,0.27831967,ATR_STOP,0.82894538
PLUG,2024-10-21T15:15:00-04:00,2024-10-22T10:00:00-04:00,558,2.33675125,2.26389400,-40.65434470,-15.04210754,ATR_STOP,-1.02387916
EOSE,2024-10-21T15:45:00-04:00,2024-10-22T10:00:00-04:00,295,3.23742625,3.14011723,-28.70616011,-10.62127924,ATR_STOP,-1.02482151
IAUX,2024-10-18T14:15:00-04:00,2024-10-22T12:00:00-04:00,1,1.20130030,1.15742007,-0.04388023,-0.01623568,ATR_STOP,-1.02019731
ASTS,2024-10-22T10:15:00-04:00,2024-10-22T13:15:00-04:00,44,28.69150250,27.54744268,-50.33863198,-18.62529383,ATR_STOP,-1.01840519
PLUG,2024-10-22T13:00:00-04:00,2024-10-22T15:30:00-04:00,414,2.32314105,2.23574363,-36.18253393,-13.38753755,ATR_STOP,-1.01957628
ACHR,2024-10-22T15:45:00-04:00,2024-10-23T09:30:00-04:00,378,3.28706345,3.48270191,73.95133804,27.36199508,ATR_TARGET,1.97362971
VISN,2024-10-23T10:00:00-04:00,2024-10-23T10:45:00-04:00,173,6.21465750,6.25628635,7.20179041,2.66466245,ATR_STOP,0.21246576
QUBT,2024-10-23T10:45:00-04:00,2024-10-23T11:45:00-04:00,4,1.13585125,1.05312707,-0.33089671,-0.12243178,ATR_STOP,-1.00964728
SOFI,2024-10-22T09:45:00-04:00,2024-10-23T13:00:00-04:00,1,10.54330155,10.34681039,-0.19649116,-0.07270173,ATR_STOP,-1.04114941
APP,2024-10-23T09:45:00-04:00,2024-10-23T13:00:00-04:00,7,162.61186750,159.85176810,-19.32069581,-7.14865745,ATR_STOP,-1.04544444
CGTX,2024-10-23T15:45:00-04:00,2024-10-24T11:45:00-04:00,1573,0.61035743,0.55356740,-89.33070985,-33.05236265,ATR_STOP,-1.00737012
VISN,2024-10-23T15:30:00-04:00,2024-10-24T14:30:00-04:00,203,6.20965375,6.30069592,18.48156090,6.83817753,ATR_STOP,0.48436259
LUMN,2024-10-24T13:45:00-04:00,2024-10-24T15:30:00-04:00,140,6.42981875,6.26958044,-22.43336407,-8.30034471,ATR_STOP,-1.03025549
PLTR,2024-10-24T15:45:00-04:00,2024-10-25T09:30:00-04:00,21,43.54953768,44.45077238,18.92592875,7.00259364,ATR_TARGET,1.92860437
BLNK,2024-10-24T13:45:00-04:00,2024-10-25T09:45:00-04:00,1,2.09416945,2.19680053,0.10263108,0.03797350,ATR_TARGET,1.96837671
AMC,2024-10-25T09:30:00-04:00,2024-10-25T10:45:00-04:00,3,4.35326250,4.48236807,0.38731670,0.14330718,ATR_TARGET,1.94920657
HIVE,2024-10-24T15:30:00-04:00,2024-10-25T11:45:00-04:00,331,3.72178925,3.75357514,10.52112871,3.89281762,ATR_STOP,0.30046298
MU,2024-10-25T09:45:00-04:00,2024-10-25T13:15:00-04:00,1,108.28115000,108.63406297,0.35291297,0.13057780,ATR_STOP,0.27604878
PLUG,2024-10-25T11:00:00-04:00,2024-10-25T13:15:00-04:00,7,2.26169500,2.17438942,-0.61113904,-0.22612145,ATR_STOP,-1.01904924
APP,2024-10-25T09:45:00-04:00,2024-10-25T14:00:00-04:00,5,162.62187500,159.91782868,-13.52023161,-5.00248569,ATR_STOP,-1.04645029
ASTS,2024-10-25T13:15:00-04:00,2024-10-25T14:30:00-04:00,45,27.37051250,25.99348617,-61.96618503,-22.92748846,ATR_STOP,-1.01437165
TSLT,2024-10-28T09:30:00-04:00,2024-10-28T14:45:00-04:00,63,18.95420500,18.32069596,-39.91106962,-14.76709576,ATR_STOP,-1.02218742
TSLA,2024-10-28T09:30:00-04:00,2024-10-28T14:45:00-04:00,3,270.15246250,265.11989551,-15.09770096,-5.58614936,ATR_STOP,-1.04116809
TSLL,2024-10-28T09:30:00-04:00,2024-10-28T14:45:00-04:00,8,13.90041750,13.42211011,-3.82645910,-1.41578987,ATR_STOP,-1.02151521
LUMN,2024-10-25T10:15:00-04:00,2024-10-29T09:30:00-04:00,1,6.45313622,6.26478595,-0.18835028,-0.06968960,ATR_STOP,-1.02560394
EOSE,2024-10-29T09:45:00-04:00,2024-10-29T10:15:00-04:00,264,3.48261000,3.37883360,-27.39696846,-10.13687833,ATR_STOP,-1.02504957
APP,2024-10-29T09:45:00-04:00,2024-10-29T13:30:00-04:00,7,167.96588000,171.83955204,27.11570431,10.03281059,ATR_TARGET,1.93555447
EOSE,2024-10-29T12:00:00-04:00,2024-10-29T14:30:00-04:00,2,3.56267000,3.43075475,-0.26383051,-0.09761729,ATR_STOP,-1.01990871
LUMN,2024-10-29T15:00:00-04:00,2024-10-30T09:30:00-04:00,181,6.52478993,6.72969788,37.08834042,13.72268595,ATR_TARGET,1.95188526
BLNK,2024-10-30T09:30:00-04:00,2024-10-30T09:30:00-04:00,1,2.12159000,2.07058284,-0.05100716,-0.01887265,ATR_STOP,-1.03142582
ACHR,2024-10-29T15:30:00-04:00,2024-10-30T09:45:00-04:00,5,3.34250500,3.31751000,-0.12497500,-0.04624075,STOP_GAP,-0.33007069
GME,2024-10-29T11:45:00-04:00,2024-10-30T09:45:00-04:00,39,22.92718250,24.40300220,57.55696841,21.29607831,ATR_TARGET,1.97548283
WTI,2024-10-29T13:15:00-04:00,2024-10-30T12:30:00-04:00,1,2.12659375,2.13837017,0.01177642,0.00435728,ATR_STOP,0.27970792
SOFI,2024-10-30T09:45:00-04:00,2024-10-30T15:30:00-04:00,111,10.93819750,11.24051923,33.55771151,12.41635326,ATR_STOP,0.73312187
VISN,2024-10-30T10:00:00-04:00,2024-10-31T09:30:00-04:00,134,7.00024625,6.77677508,-29.94513742,-11.23713559,ATR_STOP,-1.02329098
PRCH,2024-10-30T10:15:00-04:00,2024-10-31T09:30:00-04:00,1,2.24668375,2.34133855,0.09465480,0.03502228,ATR_STOP,0.48798256
TNYA,2024-11-07T09:45:00-05:00,2024-11-07T11:00:00-05:00,3,2.35676625,2.69275980,1.00798066,0.27011548,ATR_TARGET,1.98804143
INTC,2024-11-07T09:45:00-05:00,2024-11-08T09:30:00-05:00,37,25.45407625,25.94026507,17.98898618,6.65592489,ATR_STOP,0.85808973
TSLL,2024-11-08T09:45:00-05:00,2024-11-08T10:30:00-05:00,56,17.18257727,18.45204225,71.09003846,26.30331423,ATR_TARGET,1.97841617
QUBT,2024-11-08T10:00:00-05:00,2024-11-08T10:30:00-05:00,1,1.45108750,1.29714255,-0.15394495,-0.05695963,ATR_STOP,-1.00636451
SOFI,2024-11-07T09:45:00-05:00,2024-11-08T12:15:00-05:00,102,12.01900750,12.48151254,47.17551406,17.45494020,ATR_TARGET,1.96029374
SOFI,2024-11-08T12:30:00-05:00,2024-11-11T09:30:00-05:00,100,12.52438625,13.59979250,107.54062500,39.79003125,TARGET_GAP,3.81002767
QUBT,2024-11-11T09:30:00-05:00,2024-11-11T09:45:00-05:00,882,1.50112500,1.39521365,-93.41380826,-34.56310906,ATR_STOP,-1.00998621
AFRM,2024-11-11T10:00:00-05:00,2024-11-11T12:00:00-05:00,25,50.09824552,55.33199674,130.84378028,48.41219870,ATR_TARGET,1.98425481
LUMN,2024-11-08T11:30:00-05:00,2024-11-11T12:45:00-05:00,105,9.60019475,10.31955707,75.53304315,27.94722597,ATR_TARGET,1.97869511
GME,2024-11-11T14:45:00-05:00,2024-11-12T09:30:00-05:00,50,27.38052000,26.04045500,-67.00325000,-24.79120250,STOP_GAP,-1.16004046
ERAS,2024-11-11T15:00:00-05:00,2024-11-12T09:30:00-05:00,323,3.16737375,3.06769750,-32.19542875,-11.91230864,STOP_GAP,-1.22976304
ACHR,2024-11-12T09:30:00-05:00,2024-11-12T12:00:00-05:00,302,4.41330750,4.51220467,29.86694441,11.05076943,ATR_STOP,0.56534514
TSLA,2024-11-12T09:30:00-05:00,2024-11-12T12:15:00-05:00,2,342.99705500,331.13450615,-23.72509769,-8.77828615,ATR_STOP,-1.02139978
RIVN,2024-11-11T10:45:00-05:00,2024-11-13T09:30:00-05:00,1,10.89816750,11.77116500,0.87299750,0.32300907,TARGET_GAP,1.99070868
ACHR,2024-11-12T14:45:00-05:00,2024-11-13T09:30:00-05:00,166,4.81861125,4.63225574,-30.93501435,-11.44595531,ATR_STOP,-1.01901150
QUBT,2024-11-13T10:30:00-05:00,2024-11-13T11:15:00-05:00,1,1.57177795,1.79288291,0.22110496,0.08180884,ATR_TARGET,1.98790139
ABCL,2024-11-13T09:45:00-05:00,2024-11-13T14:30:00-05:00,7,3.06229500,2.95334349,-0.76266059,-0.28218442,ATR_STOP,-1.02076801
AAOI,2024-11-12T09:45:00-05:00,2024-11-13T14:45:00-05:00,10,28.53148258,27.08968070,-14.41801878,-5.33466695,ATR_STOP,-1.01430387
BILL,2024-11-12T13:45:00-05:00,2024-11-14T09:30:00-05:00,14,89.13680250,87.14523272,-27.88197698,-10.31633148,ATR_STOP,-1.03395768
APP,2024-11-13T15:45:00-05:00,2024-11-14T10:00:00-05:00,1,288.25102625,301.29025558,13.03922933,4.82451485,ATR_TARGET,1.96590561
AMC,2024-11-14T14:45:00-05:00,2024-11-14T15:30:00-05:00,62,4.70852875,4.58366076,-7.74181550,-2.86447174,ATR_STOP,-1.02833231
PLTR,2024-11-15T09:45:00-05:00,2024-11-15T12:15:00-05:00,4,63.18735500,63.28233049,0.37990195,0.14056372,ATR_STOP,0.05370529
KC,2024-11-14T09:45:00-05:00,2024-11-15T14:45:00-05:00,261,4.71353250,5.00706903,76.61303329,28.34682232,ATR_STOP,1.23284234
TSLL,2024-11-15T10:00:00-05:00,2024-11-18T09:30:00-05:00,2,18.40739520,20.98425000,5.15370960,1.90687255,TARGET_GAP,2.37849966
PLTR,2024-11-15T15:45:00-05:00,2024-11-18T09:30:00-05:00,3,64.84860000,63.10310048,-5.23649857,-1.93750447,ATR_STOP,-1.02789107
GME,2024-11-13T09:45:00-05:00,2024-11-18T09:45:00-05:00,28,27.48059500,26.15720639,-37.05488094,-13.71030595,ATR_STOP,-1.01505852
SOFI,2024-11-15T15:30:00-05:00,2024-11-18T09:45:00-05:00,97,13.63021500,13.75917756,12.50936805,4.62846618,ATR_STOP,0.51334157
AFRM,2024-11-18T09:30:00-05:00,2024-11-18T10:30:00-05:00,1,57.45305750,60.77980690,3.32674940,1.23089728,ATR_TARGET,1.97294538
SOFI,2024-11-18T10:15:00-05:00,2024-11-18T13:45:00-05:00,94,14.08055250,13.72409758,-33.50676265,-12.39750218,ATR_STOP,-1.02975784
ACHR,2024-11-18T09:45:00-05:00,2024-11-18T14:00:00-05:00,20,4.23817625,4.34538835,2.14424193,0.79336951,ATR_STOP,0.80373977
ALB,2024-11-18T09:45:00-05:00,2024-11-19T09:30:00-05:00,1,103.87785000,107.40700361,3.52915361,1.30578684,ATR_TARGET,1.95533470
EVLV,2024-11-18T15:45:00-05:00,2024-11-19T09:30:00-05:00,500,2.64698375,2.56008033,-43.45170825,-16.07713205,ATR_STOP,-1.02261071
ACHR,2024-11-19T09:45:00-05:00,2024-11-19T13:15:00-05:00,281,4.59334243,4.90585148,87.81504394,32.49156626,ATR_TARGET,1.97670934
KC,2024-11-19T09:45:00-05:00,2024-11-20T09:30:00-05:00,39,4.54340500,5.67574000,44.16106500,16.33959405,TARGET_GAP,6.54992378
BE,2024-11-19T14:15:00-05:00,2024-11-20T09:30:00-05:00,55,24.19813500,23.00273500,-65.74700000,-24.32639000,STOP_GAP,-1.12422793
PLUG,2024-11-18T11:15:00-05:00,2024-11-20T09:30:00-05:00,12,1.97648125,1.89808773,-0.94072228,-0.34806724,ATR_STOP,-1.01850922
CCJ,2024-11-18T10:45:00-05:00,2024-11-20T09:45:00-05:00,1,56.30219500,58.04957695,1.74738195,0.64653132,ATR_STOP,1.09794931
MVST,2024-11-19T14:30:00-05:00,2024-11-20T09:45:00-05:00,27,0.59144325,0.52662637,-1.75005580,-0.64752065,ATR_STOP,-1.00613561
AFRM,2024-11-20T09:45:00-05:00,2024-11-20T10:00:00-05:00,20,64.04800000,62.48169027,-31.32619464,-11.59069202,ATR_STOP,-1.03086483
GME,2024-11-20T09:45:00-05:00,2024-11-20T12:45:00-05:00,8,27.75079750,29.04183266,10.32828126,3.82146407,ATR_TARGET,1.96679284
ASTS,2024-11-18T10:30:00-05:00,2024-11-20T13:30:00-05:00,29,25.32397875,23.86667342,-42.26185465,-15.63688622,ATR_STOP,-1.01244514
AMC,2024-11-20T13:15:00-05:00,2024-11-20T13:45:00-05:00,1,4.55341250,4.42391787,-0.12949463,-0.04791301,ATR_STOP,-1.02631623
BE,2024-11-20T13:00:00-05:00,2024-11-21T09:30:00-05:00,12,24.98872750,23.97309572,-12.18758132,-4.50940509,ATR_STOP,-1.01803591
TWLO,2024-11-20T10:45:00-05:00,2024-11-21T10:00:00-05:00,13,97.76827125,100.95443734,41.42015919,15.32545890,ATR_TARGET,1.95354134
SOFI,2024-11-20T15:30:00-05:00,2024-11-21T10:30:00-05:00,2,14.64597625,14.71231259,0.13267268,0.04908889,ATR_STOP,0.27608975
PLTR,2024-11-20T15:30:00-05:00,2024-11-21T13:15:00-05:00,11,62.18650493,61.11312101,-11.80722305,-4.36867253,ATR_STOP,-1.04464096
ACHR,2024-11-21T11:15:00-05:00,2024-11-21T13:15:00-05:00,3,5.33399750,5.79612734,1.38638951,0.51296412,ATR_TARGET,1.98134815
BTE,2024-11-21T09:45:00-05:00,2024-11-21T14:00:00-05:00,95,3.07230250,3.01604158,-5.34478767,-1.97757144,ATR_STOP,-1.04192309
SOFI,2024-11-21T11:00:00-05:00,2024-11-21T15:30:00-05:00,87,15.06629125,15.25671781,16.56711065,6.12983094,ATR_STOP,0.54616191
MVST,2024-11-21T13:45:00-05:00,2024-11-22T09:45:00-05:00,3,0.61736267,0.62962743,0.03679425,0.01361387,STOP_GAP,0.24789744
CCJ,2024-11-21T13:30:00-05:00,2024-11-22T12:15:00-05:00,11,59.90489500,58.93434654,-10.67603310,-3.95013225,ATR_STOP,-1.04775261
EVLV,2024-11-21T13:45:00-05:00,2024-11-22T13:00:00-05:00,11,2.96792428,3.06075189,1.02110373,0.37780838,ATR_STOP,0.75528902
KC,2024-11-22T09:45:00-05:00,2024-11-22T14:00:00-05:00,13,6.24668150,6.89749574,8.46058512,3.13041650,ATR_TARGET,1.98421624
NIO,2024-11-22T10:00:00-05:00,2024-11-22T14:45:00-05:00,1,4.76206887,4.81322635,0.05115747,0.01892826,ATR_STOP,0.42263898
TWLO,2024-11-22T09:45:00-05:00,2024-11-25T09:30:00-05:00,12,103.25738500,106.11217309,34.25745705,12.67525911,ATR_TARGET,1.94571770
NXE,2024-11-22T13:15:00-05:00,2024-11-25T09:30:00-05:00,3,8.86164125,8.69760158,-0.49211900,-0.18208403,ATR_STOP,-1.04144519
APPS,2024-11-21T14:15:00-05:00,2024-11-25T09:45:00-05:00,190,1.51683678,1.44175413,-14.26570345,-5.27831028,ATR_STOP,-1.01462324
EOSE,2024-11-22T15:15:00-05:00,2024-11-25T09:45:00-05:00,36,2.71203250,2.60766847,-3.75710494,-1.39012883,ATR_STOP,-1.01911220
TSLT,2024-11-25T09:45:00-05:00,2024-11-25T09:45:00-05:00,40,31.65372250,30.55208593,-44.06546286,-16.30422126,ATR_STOP,-1.02125813
CLOV,2024-11-22T12:45:00-05:00,2024-11-26T09:30:00-05:00,192,3.39254250,3.45456927,11.90913964,4.40638167,ATR_STOP,0.85008647
AFRM,2024-11-25T10:30:00-05:00,2024-11-26T09:30:00-05:00,18,69.97744375,67.83885016,-38.49468470,-14.24303334,ATR_STOP,-1.02438947
AAOI,2024-11-25T10:45:00-05:00,2024-11-26T09:45:00-05:00,9,39.00923500,36.93564315,-18.66232669,-6.90506088,ATR_STOP,-1.01355049
JMIA,2024-11-25T10:45:00-05:00,2024-11-26T10:00:00-05:00,6,4.08275978,4.19640509,0.68187190,0.25229260,ATR_STOP,0.77258633
IAUX,2024-11-26T10:45:00-05:00,2024-11-26T12:45:00-05:00,67,0.71463557,0.74047845,1.73147261,0.64064487,ATR_STOP,0.76692616
GME,2024-11-26T10:00:00-05:00,2024-11-26T14:15:00-05:00,40,30.31471900,30.87408566,22.37466631,8.27862653,ATR_STOP,0.51611039
AMC,2024-11-26T13:30:00-05:00,2024-11-26T14:15:00-05:00,9,4.96361993,4.79349453,-1.53112853,-0.56651756,ATR_STOP,-1.02160495
APP,2024-11-26T09:45:00-05:00,2024-11-27T09:30:00-05:00,3,332.59926250,322.30032881,-30.89680108,-11.43181640,ATR_STOP,-1.02405350
CLOV,2024-11-26T15:45:00-05:00,2024-11-27T11:15:00-05:00,372,3.42256500,3.34900539,-27.36417358,-10.12474423,ATR_STOP,-1.03538046
SEDG,2024-11-27T11:30:00-05:00,2024-11-27T14:00:00-05:00,82,15.28145250,14.45008028,-68.17252201,-25.22383314,ATR_STOP,-1.01321797
PLUG,2024-11-27T09:45:00-05:00,2024-11-27T15:45:00-05:00,1,2.22166500,2.12630199,-0.09536301,-0.03528431,ATR_STOP,-1.01702008
MVST,2024-11-27T15:15:00-05:00,2024-11-29T09:45:00-05:00,3,0.87055243,0.81851188,-0.15612163,-0.05776500,ATR_STOP,-1.01194614
EVLV,2024-11-27T14:30:00-05:00,2024-11-29T10:00:00-05:00,317,3.81786125,4.07860525,82.65584667,30.58266327,ATR_TARGET,1.97679159
CLOV,2024-11-29T10:15:00-05:00,2024-11-29T11:15:00-05:00,1,3.53504930,3.45198338,-0.08306592,-0.03073439,ATR_STOP,-1.03219548
JMIA,2024-11-27T09:45:00-05:00,2024-11-29T12:00:00-05:00,243,4.02281485,3.89787819,-30.35960762,-11.23305482,ATR_STOP,-1.02397818
BLNK,2024-11-29T11:00:00-05:00,2024-11-29T12:00:00-05:00,1,1.63622625,1.58682943,-0.04939682,-0.01827682,ATR_STOP,-1.02470689
PLUG,2024-11-29T09:45:00-05:00,2024-11-29T12:15:00-05:00,1,2.17663125,2.18620995,0.00957870,0.00354412,ATR_STOP,0.11786436
RIVN,2024-11-29T10:15:00-05:00,2024-12-02T09:30:00-05:00,102,12.33924750,11.94930229,-39.77441173,-14.71653234,ATR_STOP,-1.02354135
TSLL,2024-11-29T13:00:00-05:00,2024-12-02T09:30:00-05:00,45,21.37602000,22.58387092,54.35329122,20.11071775,ATR_TARGET,1.97232104
VUZI,2024-11-29T09:45:00-05:00,2024-12-02T09:45:00-05:00,1,2.36187008,2.72130544,0.35943536,0.13299108,ATR_TARGET,1.98869911
NVTS,2024-12-02T09:45:00-05:00,2024-12-02T10:00:00-05:00,1,2.93219750,2.77473781,-0.15745969,-0.05826009,ATR_STOP,-1.01340362
AFRM,2024-12-02T09:45:00-05:00,2024-12-02T10:30:00-05:00,13,71.03323500,69.10139478,-25.11392289,-9.29215147,ATR_STOP,-1.02758810
BBBY,2024-12-02T10:45:00-05:00,2024-12-02T12:00:00-05:00,141,6.41480750,6.46698760,7.35739411,2.72223582,ATR_STOP,0.27758132
MVST,2024-12-02T10:30:00-05:00,2024-12-02T12:45:00-05:00,3,0.87065250,1.02319259,0.45762028,0.16931950,ATR_TARGET,1.98998134
SOXL,2024-12-02T09:45:00-05:00,2024-12-02T14:00:00-05:00,43,29.17686625,30.01656679,36.10712326,13.35963561,ATR_STOP,0.94101636
VUZI,2024-12-02T10:00:00-05:00,2024-12-02T15:15:00-05:00,1,2.72804450,2.45518351,-0.27286099,-0.10095856,ATR_STOP,-1.00679943
MRNA,2024-12-02T15:30:00-05:00,2024-12-03T09:30:00-05:00,20,44.42829625,43.58671666,-16.83159179,-6.22768896,ATR_STOP,-1.04044503
CLOV,2024-12-02T15:30:00-05:00,2024-12-03T09:30:00-05:00,8,3.45989298,3.37702108,-0.66297515,-0.24530080,ATR_STOP,-1.03155034
MNSO,2024-12-02T15:15:00-05:00,2024-12-03T09:45:00-05:00,56,22.74204375,23.90826177,65.30820897,24.16403732,ATR_TARGET,1.96969225
MVST,2024-12-03T11:45:00-05:00,2024-12-03T12:15:00-05:00,3,1.16587375,1.43473903,0.80659584,0.29844046,ATR_TARGET,1.99202154
NVTS,2024-12-02T11:00:00-05:00,2024-12-03T13:30:00-05:00,1,3.04228000,3.11310411,0.07082411,0.02620492,ATR_STOP,0.37051701
AAOI,2024-12-03T09:45:00-05:00,2024-12-03T14:30:00-05:00,21,42.97220500,41.17051949,-37.83539564,-13.99909639,ATR_STOP,-1.01745050
KC,2024-12-02T09:45:00-05:00,2024-12-04T13:15:00-05:00,7,7.56567000,8.08381934,3.62704535,1.34200678,ATR_STOP,1.21128622
VISN,2024-12-03T11:15:00-05:00,2024-12-04T15:45:00-05:00,8,4.96872375,5.36035418,3.13304343,1.15922607,ATR_TARGET,1.97966260
EVLV,2024-12-03T15:00:00-05:00,2024-12-05T09:30:00-05:00,207,4.27320250,4.24681250,-5.46273000,-2.02121010,STOP_GAP,-0.20949247
APPS,2024-12-04T10:00:00-05:00,2024-12-05T09:30:00-05:00,1,1.51113250,1.45443974,-0.05669276,-0.02097632,ATR_STOP,-1.01963357
QUBT,2024-12-04T14:00:00-05:00,2024-12-05T09:45:00-05:00,7,7.20540000,6.68824092,-3.62011359,-1.33944203,ATR_STOP,-1.00980192
VISN,2024-12-05T09:30:00-05:00,2024-12-05T10:30:00-05:00,172,5.36402000,5.20502083,-27.34785701,-10.11870709,ATR_STOP,-1.02518946
AMC,2024-12-04T14:30:00-05:00,2024-12-05T12:00:00-05:00,1,4.91368250,5.07759087,0.16390837,0.06064610,ATR_TARGET,1.95455444
PLUG,2024-12-05T11:00:00-05:00,2024-12-05T12:00:00-05:00,409,2.21195773,2.43475444,91.12385718,33.71582716,ATR_TARGET,1.98372894
AFRM,2024-12-03T10:00:00-05:00,2024-12-05T13:15:00-05:00,18,70.89813375,68.79183530,-37.91337207,-14.02794767,ATR_STOP,-1.02512944
MRNA,2024-12-05T12:15:00-05:00,2024-12-05T13:30:00-05:00,21,44.33222425,43.09689219,-25.94197330,-9.59853012,ATR_STOP,-1.02688889
AMC,2024-12-05T12:15:00-05:00,2024-12-05T13:45:00-05:00,7,5.07880625,5.31865478,1.67893971,0.62120769,ATR_TARGET,1.96725741
AMC,2024-12-05T14:00:00-05:00,2024-12-05T14:30:00-05:00,189,5.16887375,5.49950483,62.48927505,23.12103177,ATR_TARGET,1.97533911
CCJ,2024-12-05T13:45:00-05:00,2024-12-06T10:00:00-05:00,20,61.18585500,61.46101000,5.50309992,2.03614697,ATR_STOP,0.31519375
RIVN,2024-12-05T10:00:00-05:00,2024-12-06T10:45:00-05:00,4,12.56942000,13.26747935,2.79223740,1.03312784,ATR_TARGET,1.97187053
PLUG,2024-12-06T10:15:00-05:00,2024-12-06T12:00:00-05:00,1,2.57693125,2.39783054,-0.17910071,-0.06626726,ATR_STOP,-1.01015066
QUBT,2024-12-05T14:45:00-05:00,2024-12-06T13:00:00-05:00,132,7.69576750,8.02418173,43.35067829,16.03975097,ATR_STOP,0.56340972
RIVN,2024-12-06T11:00:00-05:00,2024-12-06T13:15:00-05:00,4,13.27855145,12.81317645,-1.86149999,-0.68875500,ATR_STOP,-1.02110132
TSLA,2024-12-06T15:00:00-05:00,2024-12-06T15:45:00-05:00,2,379.07409250,388.48593090,18.82367679,6.96476041,ATR_TARGET,1.93990096
TSLL,2024-12-06T15:00:00-05:00,2024-12-06T15:45:00-05:00,13,25.61920000,26.85912192,16.11898494,5.96402443,ATR_TARGET,1.96800292
ACHR,2024-12-06T10:15:00-05:00,2024-12-09T09:30:00-05:00,150,8.17612750,7.65776517,-77.75434878,-28.76910905,ATR_STOP,-1.01121239
VSXY,2024-12-09T09:30:00-05:00,2024-12-09T09:30:00-05:00,23,48.03600000,46.47731878,-35.84966811,-13.26437720,ATR_STOP,-1.02289291
TNYA,2024-12-09T09:30:00-05:00,2024-12-09T10:00:00-05:00,4,3.67275250,3.94085838,1.07242351,0.39679670,ATR_TARGET,1.97817589
PRCH,2024-12-09T09:45:00-05:00,2024-12-09T10:15:00-05:00,229,5.67725475,5.30083224,-86.20075386,-31.89427893,ATR_STOP,-1.01068244
EOSE,2024-12-05T14:15:00-05:00,2024-12-09T10:30:00-05:00,1,3.12734375,3.37582174,0.24847799,0.09193686,ATR_TARGET,1.97981157
NVTS,2024-12-09T09:45:00-05:00,2024-12-09T10:30:00-05:00,245,3.91743587,4.40127757,118.54121415,43.86024924,ATR_TARGET,1.98643757
VUZI,2024-12-09T10:15:00-05:00,2024-12-09T11:00:00-05:00,5,2.95721625,2.75118921,-1.03013522,-0.38115003,ATR_STOP,-1.01012414
APPS,2024-12-09T10:45:00-05:00,2024-12-09T14:30:00-05:00,613,1.58618875,1.51910861,-41.12012307,-15.21444554,ATR_STOP,-1.01729129
EOSE,2024-12-09T10:45:00-05:00,2024-12-10T09:30:00-05:00,387,3.38753875,3.24712025,-54.34195964,-20.10652507,ATR_STOP,-1.01766303
MRNA,2024-12-09T15:15:00-05:00,2024-12-10T09:30:00-05:00,20,45.97535568,44.90893859,-21.32834162,-7.89148640,ATR_STOP,-1.03263935
TNYA,2024-12-10T09:45:00-05:00,2024-12-10T09:45:00-05:00,1,3.97297750,3.78984319,-0.18313431,-0.06775969,ATR_STOP,-1.01577746
JMIA,2024-12-09T11:30:00-05:00,2024-12-10T11:00:00-05:00,3,5.07380250,4.77993097,-0.88161459,-0.32619740,ATR_STOP,-1.01235907
TWLO,2024-12-10T09:45:00-05:00,2024-12-10T11:00:00-05:00,9,111.57862125,109.88938757,-15.20310315,-5.62514816,ATR_STOP,-1.05133260
ACHR,2024-12-10T09:45:00-05:00,2024-12-10T11:30:00-05:00,1,7.97597750,7.61578041,-0.36019709,-0.13327292,ATR_STOP,-1.01612533
PLTR,2024-12-10T09:45:00-05:00,2024-12-10T13:00:00-05:00,16,74.52585250,72.10901313,-38.66942993,-14.30768907,ATR_STOP,-1.02290683
VUZI,2024-12-10T12:15:00-05:00,2024-12-10T15:15:00-05:00,338,3.02226500,3.07020581,16.20399273,5.99547731,ATR_STOP,0.22373647
ABCL,2024-12-10T14:00:00-05:00,2024-12-11T09:30:00-05:00,382,3.05338832,2.98737833,-25.21581940,-9.32985318,ATR_STOP,-1.03516220
BEKE,2024-12-11T09:45:00-05:00,2024-12-11T10:30:00-05:00,55,20.66548750,20.25370774,-22.64788662,-8.37971805,ATR_STOP,-1.03833213
MVST,2024-12-11T10:15:00-05:00,2024-12-11T12:45:00-05:00,13,1.38103500,1.25811148,-1.59800576,-0.59126213,ATR_STOP,-1.00774142
VISN,2024-12-11T09:30:00-05:00,2024-12-11T13:15:00-05:00,184,5.59419250,5.88885387,54.21769154,20.06054587,ATR_TARGET,1.97044312
JMIA,2024-12-11T12:00:00-05:00,2024-12-12T09:30:00-05:00,228,4.90477582,4.70646750,-45.21429810,-16.72929030,STOP_GAP,-1.01893347
DDD,2024-12-11T13:30:00-05:00,2024-12-12T09:30:00-05:00,314,3.45158675,3.71428022,82.48574836,30.39461586,ATR_TARGET,1.97899813
YINN,2024-12-12T09:45:00-05:00,2024-12-12T10:00:00-05:00,1,30.75304750,30.20314657,-0.54990093,-0.20346335,ATR_STOP,-1.04299697
DDD,2024-12-12T09:45:00-05:00,2024-12-12T11:00:00-05:00,357,3.54265500,3.89986843,127.52519298,47.18432140,ATR_TARGET,1.98374470
KC,2024-12-12T14:45:00-05:00,2024-12-13T09:30:00-05:00,3,9.62721500,9.28303250,-1.03254750,-0.38204257,STOP_GAP,-1.61512160
CGTX,2024-12-12T10:45:00-05:00,2024-12-13T09:30:00-05:00,2,0.51628693,0.47639732,-0.07977921,-0.02951831,ATR_STOP,-1.00904497
VISN,2024-12-12T14:30:00-05:00,2024-12-13T09:30:00-05:00,226,5.81435750,5.68223901,-29.85877766,-11.04774774,ATR_STOP,-1.03335751
TWLO,2024-12-12T09:45:00-05:00,2024-12-13T09:45:00-05:00,8,114.19558250,113.77550432,-3.36062540,-1.24343140,STOP_GAP,-0.24957051
SOFI,2024-12-13T09:45:00-05:00,2024-12-13T11:00:00-05:00,60,16.14710125,15.77849282,-22.11650605,-8.18310724,ATR_STOP,-1.03319476
RIVN,2024-12-12T10:00:00-05:00,2024-12-16T09:30:00-05:00,2,13.90752283,14.09941750,0.38378935,0.14200206,STOP_GAP,0.52430986
EOSE,2024-12-12T10:30:00-05:00,2024-12-16T09:30:00-05:00,9,3.30247500,3.54938233,2.22216598,0.82220141,ATR_TARGET,1.97865112
PLTR,2024-12-13T09:45:00-05:00,2024-12-16T09:30:00-05:00,17,74.13556000,77.53835270,57.84747589,21.40356608,ATR_TARGET,1.96636950
SOFI,2024-12-13T12:15:00-05:00,2024-12-16T09:45:00-05:00,59,16.33254022,16.36771500,2.07531172,0.76786534,STOP_GAP,0.09358074
MRNA,2024-12-16T09:45:00-05:00,2024-12-16T10:00:00-05:00,30,43.82284250,42.68738674,-34.06367276,-12.60355892,ATR_STOP,-1.02903670
QUBT,2024-12-16T09:45:00-05:00,2024-12-16T10:30:00-05:00,135,7.43897505,8.47786412,140.25002490,51.89250921,ATR_TARGET,1.98782462
TSLA,2024-12-16T10:45:00-05:00,2024-12-17T09:30:00-05:00,3,449.36677250,475.54307500,78.52890750,29.05569578,TARGET_GAP,2.51451378
TSLL,2024-12-16T10:45:00-05:00,2024-12-17T09:30:00-05:00,29,35.26643000,39.43040500,120.75527500,44.67945175,TARGET_GAP,2.69314684
VUZI,2024-12-16T14:30:00-05:00,2024-12-17T10:00:00-05:00,4,3.46759875,3.82200908,1.41764131,0.52452728,ATR_TARGET,1.98394163
PLUG,2024-12-16T10:00:00-05:00,2024-12-17T10:15:00-05:00,1,2.46684875,2.36181037,-0.10503838,-0.03886420,ATR_STOP,-1.01716628
GGLL,2024-12-17T10:00:00-05:00,2024-12-17T10:15:00-05:00,20,51.64370375,50.26650976,-27.54387974,-10.19123550,ATR_STOP,-1.02816659
ASTS,2024-12-17T11:45:00-05:00,2024-12-17T14:30:00-05:00,16,24.73353625,24.93649306,3.24730894,1.20150431,ATR_STOP,0.28876126
QUBT,2024-12-17T10:45:00-05:00,2024-12-18T09:30:00-05:00,38,15.85548270,21.48426655,213.89378644,79.14070098,ATR_TARGET,1.99428678
VUZI,2024-12-17T10:15:00-05:00,2024-12-18T09:45:00-05:00,13,3.73780125,4.23818369,6.50497173,2.40683954,ATR_TARGET,1.98736595
ACHR,2024-12-17T13:15:00-05:00,2024-12-18T10:00:00-05:00,2,9.37702750,9.75180292,0.74955085,0.27733381,ATR_STOP,0.74442933
SOFI,2024-12-17T15:45:00-05:00,2024-12-18T10:00:00-05:00,24,16.64247250,16.80380845,3.87206273,1.43266321,ATR_STOP,0.53205114
SGMT,2024-12-17T09:45:00-05:00,2024-12-18T10:15:00-05:00,235,6.08456000,5.61965114,-109.25358204,-40.42382536,ATR_STOP,-1.00915560
TSLL,2024-12-18T11:45:00-05:00,2024-12-18T12:30:00-05:00,9,41.28093750,39.12401344,-19.41231656,-7.18255713,ATR_STOP,-1.01380222
QS,2024-12-18T11:15:00-05:00,2024-12-18T13:00:00-05:00,270,5.47670445,5.84535335,99.53520391,36.82802545,ATR_TARGET,1.97647786
SOXL,2024-12-18T09:45:00-05:00,2024-12-18T14:00:00-05:00,22,32.47433750,31.51423107,-21.12234136,-7.81526630,ATR_STOP,-1.02525852
BLNK,2024-12-18T13:15:00-05:00,2024-12-18T14:00:00-05:00,19,1.66574838,1.61081860,-1.04366567,-0.38615630,ATR_STOP,-1.02250566
ASTS,2024-12-18T13:15:00-05:00,2024-12-18T14:15:00-05:00,59,25.59918500,24.81548801,-46.23812268,-17.10810539,ATR_STOP,-1.02434490
ACHR,2024-12-18T13:00:00-05:00,2024-12-18T14:45:00-05:00,36,10.19764250,9.60965476,-21.16755868,-7.83199671,ATR_STOP,-1.01241901
MVST,2024-12-19T10:00:00-05:00,2024-12-20T09:45:00-05:00,772,1.42236597,1.70681650,219.59580637,81.25044836,ATR_TARGET,1.99103303
APPS,2024-12-19T12:15:00-05:00,2024-12-24T09:30:00-05:00,827,1.70627875,1.80779752,83.95601927,31.06372713,ATR_STOP,0.81714652
CGTX,2024-12-24T12:45:00-05:00,2024-12-24T13:00:00-05:00,2,0.65999462,0.62625125,-0.06748674,-0.02497009,ATR_STOP,-1.01412666
GME,2024-12-23T09:45:00-05:00,2024-12-26T09:30:00-05:00,40,30.61624498,32.59553500,79.17160100,29.29349237,TARGET_GAP,2.19040460
QUBT,2024-12-23T09:45:00-05:00,2024-12-26T09:30:00-05:00,1,18.58392750,16.27190988,-2.31201762,-0.85544652,ATR_STOP,-1.00531049
MVST,2024-12-26T09:45:00-05:00,2024-12-26T11:00:00-05:00,1,1.95036168,2.28651859,0.33615691,0.12437806,ATR_TARGET,1.98984130
CGTX,2024-12-26T10:30:00-05:00,2024-12-26T14:15:00-05:00,2,0.68401263,0.77290157,0.17777788,0.06577782,ATR_TARGET,1.98703214
SOXL,2024-12-24T09:45:00-05:00,2024-12-26T15:45:00-05:00,49,29.86238000,30.54932075,33.66009689,12.45423585,ATR_STOP,0.83778375
QUBT,2024-12-26T09:45:00-05:00,2024-12-27T09:30:00-05:00,68,18.42380750,21.46787605,206.99666142,76.58876473,ATR_TARGET,1.98946926
CGTX,2024-12-26T14:30:00-05:00,2024-12-27T09:30:00-05:00,5,0.78668958,0.73469721,-0.25996181,-0.09618587,ATR_STOP,-1.01071980
NVTS,2024-12-27T09:30:00-05:00,2024-12-27T09:30:00-05:00,359,4.14310500,3.99636742,-52.67878964,-19.49115217,ATR_STOP,-1.02086800
APPS,2024-12-27T09:30:00-05:00,2024-12-27T10:00:00-05:00,2,2.00150000,1.91553820,-0.17192359,-0.06361173,ATR_STOP,-1.01700974
QS,2024-12-27T09:45:00-05:00,2024-12-27T10:00:00-05:00,271,6.26969875,6.02145061,-67.27524610,-24.89184106,ATR_STOP,-1.01854307
QUBT,2024-12-27T09:45:00-05:00,2024-12-27T10:00:00-05:00,54,21.13614023,19.58724884,-83.64013456,-30.94684979,ATR_STOP,-1.00958256
ACHR,2024-12-27T15:00:00-05:00,2024-12-30T09:30:00-05:00,102,11.24843000,10.61203500,-64.91229000,-24.01754730,STOP_GAP,-1.53539567
CGTX,2024-12-27T10:45:00-05:00,2024-12-30T09:30:00-05:00,1930,0.82561875,0.76135983,-124.01972266,-45.88729738,ATR_STOP,-1.00897270
CLOV,2024-12-27T15:00:00-05:00,2024-12-30T09:30:00-05:00,2,3.27745625,3.20549463,-0.14392324,-0.05325160,ATR_STOP,-1.03458991
GME,2024-12-30T09:30:00-05:00,2024-12-30T10:00:00-05:00,34,31.82385000,31.92336156,3.38339319,1.25185548,ATR_STOP,0.13090326
MVST,2024-12-30T09:45:00-05:00,2024-12-30T11:00:00-05:00,14,2.54190500,2.58443317,0.59539438,0.22029592,ATR_STOP,0.21707861
WTI,2024-12-30T10:45:00-05:00,2024-12-30T13:15:00-05:00,661,1.64123000,1.66346733,14.69887792,5.43858483,ATR_STOP,0.44676385
APPS,2024-12-30T12:45:00-05:00,2024-12-31T10:45:00-05:00,1,1.76132000,1.82444053,0.06312053,0.02335459,ATR_STOP,0.63394834
BTE,2024-12-30T11:15:00-05:00,2024-12-31T12:15:00-05:00,14,2.45183750,2.55397528,1.42992894,0.52907371,ATR_TARGET,1.96315555
TNYA,2024-12-31T09:45:00-05:00,2024-12-31T12:15:00-05:00,729,1.50112500,1.43093749,-51.16669793,-18.93167824,ATR_STOP,-1.01553978
TPET,2024-12-31T12:45:00-05:00,2024-12-31T13:30:00-05:00,1,1.25083743,1.13455785,-0.11627957,-0.04302344,ATR_STOP,-1.00737739
TSLZ,2024-12-30T09:45:00-05:00,2024-12-31T14:30:00-05:00,33,45.82434250,49.50323751,121.40353536,44.91930808,ATR_TARGET,1.98000280
TSLQ,2024-12-31T12:45:00-05:00,2024-12-31T15:45:00-05:00,14,78.35872500,80.27974500,26.89428000,9.95088360,END_OF_TEST,0.56892215
MRNA,2024-12-31T15:30:00-05:00,2024-12-31T15:45:00-05:00,38,41.31596375,41.53882250,8.46863250,3.13339402,END_OF_TEST,0.24375720
