Symbol,EntryTimestampMarket,ExitTimestampMarket,Shares,EntryPrice,ExitPrice,PnL,TaxReserved,ExitReason,ResultR
BTE,2024-03-18T15:15:00-04:00,2024-03-19T09:45:00-04:00,374,3.36752375,3.45008384,30.87747404,10.72716507,ATR_TARGET,1.93917752
CLOV,2024-03-20T10:30:00-04:00,2024-03-20T15:30:00-04:00,1515,0.84573382,0.88755671,63.36167337,23.44381915,ATR_TARGET,1.96864288
BTE,2024-03-21T09:45:00-04:00,2024-03-21T11:00:00-04:00,3,3.58268500,3.50838156,-0.22291033,-0.08247682,ATR_STOP,-1.03674138
BEKE,2024-03-21T09:45:00-04:00,2024-03-21T11:45:00-04:00,91,14.34074750,14.13564346,-18.66446731,-6.90585290,ATR_STOP,-1.05455012
CLOV,2024-03-21T14:15:00-04:00,2024-03-22T09:30:00-04:00,8,0.88636428,0.85905522,-0.21847240,-0.08083479,STOP_GAP,-1.26412076
EOSE,2024-03-21T11:30:00-04:00,2024-03-22T15:30:00-04:00,10,1.05078750,0.99045660,-0.60330900,-0.22322433,STOP_GAP,-1.09594978
BTE,2024-03-22T15:30:00-04:00,2024-03-25T09:30:00-04:00,4,3.48261000,3.56317313,0.32225253,0.11923344,ATR_TARGET,1.93574086
NXE,2024-03-21T12:45:00-04:00,2024-03-25T09:45:00-04:00,166,7.75080875,7.82889834,12.96287276,4.79626292,ATR_STOP,0.54686693
SGMT,2024-03-25T12:30:00-04:00,2024-03-25T15:00:00-04:00,10,5.66424500,5.16450423,-4.99740773,-1.84904086,ATR_STOP,-1.00781723
MVST,2024-03-25T09:45:00-04:00,2024-03-25T15:30:00-04:00,4,0.74836085,0.76896189,0.08240417,0.03048954,ATR_STOP,0.67463811
GME,2024-03-25T15:45:00-04:00,2024-03-26T09:45:00-04:00,4,15.02125750,15.02872000,0.02985000,0.01104450,STOP_GAP,0.01829105
BE,2024-03-26T09:45:00-04:00,2024-03-26T11:45:00-04:00,5,10.44783000,11.00662393,2.79396967,1.03376878,ATR_TARGET,1.97086292
BTE,2024-03-25T09:45:00-04:00,2024-03-26T12:00:00-04:00,4,3.56106880,3.50168140,-0.23754961,-0.08789336,ATR_STOP,-1.04630498
MVST,2024-03-26T10:15:00-04:00,2024-03-26T14:00:00-04:00,11,0.80820570,0.87492461,0.73390799,0.27154596,ATR_TARGET,1.98050671
APP,2024-03-25T10:00:00-04:00,2024-03-26T15:15:00-04:00,17,72.54436750,73.65238376,18.83627635,6.96942225,ATR_STOP,0.80718738
AFRM,2024-03-26T12:15:00-04:00,2024-03-27T09:30:00-04:00,1,37.85837250,37.00228647,-0.85608603,-0.31675183,ATR_STOP,-1.03352903
QS,2024-03-27T10:00:00-04:00,2024-03-27T10:30:00-04:00,223,5.92944375,6.19457561,59.12440490,21.87602981,ATR_TARGET,1.96553194
HIVE,2024-03-27T13:00:00-04:00,2024-03-28T10:15:00-04:00,1,3.23242250,3.42700925,0.19458675,0.07199710,ATR_TARGET,1.97390749
EOSE,2024-04-01T09:45:00-04:00,2024-04-01T09:45:00-04:00,3,1.08581375,1.03329232,-0.15756429,-0.05829879,ATR_STOP,-1.01498768
PLUG,2024-03-27T11:15:00-04:00,2024-04-01T10:15:00-04:00,394,3.44258000,3.32411944,-46.67346209,-17.26918097,ATR_STOP,-1.02151466
MVST,2024-04-01T13:30:00-04:00,2024-04-02T09:30:00-04:00,1131,0.87975932,0.64241782,-268.43323650,-42.47722386,STOP_GAP,-5.74359219
NVTS,2024-04-01T14:00:00-04:00,2024-04-02T09:30:00-04:00,69,4.85363750,4.71945461,-9.25861973,0.00000000,ATR_STOP,-1.02711444
BEKE,2024-04-02T09:45:00-04:00,2024-04-02T13:15:00-04:00,22,14.44582625,14.25868362,-4.11713785,0.00000000,ATR_STOP,-1.06065520
EVLV,2024-04-02T09:30:00-04:00,2024-04-02T14:45:00-04:00,154,4.95371250,5.08443627,20.13146091,0.00000000,ATR_STOP,0.52531294
BE,2024-04-02T14:30:00-04:00,2024-04-03T09:30:00-04:00,27,11.78803440,11.52135250,-7.20041130,0.00000000,STOP_GAP,-1.17059434
NXE,2024-04-02T13:15:00-04:00,2024-04-03T09:30:00-04:00,1,8.42631500,8.71405183,0.28773683,0.00000000,ATR_TARGET,1.95554910
CCJ,2024-04-02T15:30:00-04:00,2024-04-03T09:30:00-04:00,16,47.34047875,48.60665016,20.25874255,0.00000000,ATR_TARGET,1.94398765
NXE,2024-04-04T09:45:00-04:00,2024-04-04T10:15:00-04:00,2,8.82661500,8.63859028,-0.37604943,0.00000000,ATR_STOP,-1.03571540
BLNK,2024-04-04T11:45:00-04:00,2024-04-04T14:00:00-04:00,1,2.96222000,2.87172946,-0.09049054,0.00000000,ATR_STOP,-1.02440041
EVLV,2024-04-04T10:45:00-04:00,2024-04-04T15:00:00-04:00,3,5.04378000,4.86629379,-0.53245862,0.00000000,ATR_STOP,-1.02101122
BTE,2024-04-03T09:45:00-04:00,2024-04-05T09:30:00-04:00,284,3.95796625,3.99662681,10.97959783,0.00000000,ATR_STOP,0.53199731
BTE,2024-04-05T10:45:00-04:00,2024-04-05T15:00:00-04:00,284,4.06304500,3.99051045,-20.59981337,0.00000000,ATR_STOP,-1.04307095
APP,2024-04-05T15:15:00-04:00,2024-04-08T09:45:00-04:00,14,75.87686500,75.68617289,-2.66968954,0.00000000,ATR_STOP,-0.14406957
BE,2024-04-08T10:45:00-04:00,2024-04-08T15:45:00-04:00,88,12.01900750,11.68459495,-29.42830413,0.00000000,ATR_STOP,-1.02693145
BEKE,2024-04-09T09:30:00-04:00,2024-04-09T09:30:00-04:00,72,14.18062750,14.38635216,14.81217565,0.00000000,ATR_TARGET,1.90026107
QS,2024-04-08T09:45:00-04:00,2024-04-09T10:00:00-04:00,11,6.18583590,6.28220475,1.06005733,0.00000000,ATR_STOP,0.72906147
MU,2024-04-09T09:45:00-04:00,2024-04-09T10:15:00-04:00,8,125.23985950,123.10572520,-17.07307442,0.00000000,ATR_STOP,-1.04525492
BE,2024-04-09T09:45:00-04:00,2024-04-09T11:00:00-04:00,2,12.26919500,11.91331196,-0.71176608,0.00000000,ATR_STOP,-1.02577292
EOSE,2024-04-08T09:45:00-04:00,2024-04-09T13:00:00-04:00,4,1.01105772,0.96921490,-0.16737130,0.00000000,ATR_STOP,-1.01769306
SOFI,2024-04-09T09:30:00-04:00,2024-04-10T09:30:00-04:00,1,7.82586500,7.62427750,-0.20158750,0.00000000,STOP_GAP,-1.93533011
CCJ,2024-04-09T14:15:00-04:00,2024-04-10T09:30:00-04:00,22,48.00597750,47.18514466,-18.05832257,0.00000000,ATR_STOP,-1.04509121
BEKE,2024-04-10T09:30:00-04:00,2024-04-10T09:30:00-04:00,3,14.52088250,14.78070507,0.77946772,0.00000000,ATR_TARGET,1.91810132
ALB,2024-04-10T09:45:00-04:00,2024-04-10T10:00:00-04:00,8,130.24260875,127.74198312,-20.00500504,0.00000000,ATR_STOP,-1.03987047
CCJ,2024-04-10T10:15:00-04:00,2024-04-11T10:15:00-04:00,22,48.26617250,48.61995648,7.78324766,0.00000000,ATR_STOP,0.40306495
TSLT,2024-04-11T15:45:00-04:00,2024-04-12T09:30:00-04:00,3,10.99824250,10.56207250,-1.30851000,0.00000000,STOP_GAP,-1.68602397
CCJ,2024-04-11T12:00:00-04:00,2024-04-12T09:30:00-04:00,21,49.56314450,51.29016289,36.26738616,0.00000000,ATR_TARGET,1.95639063
QS,2024-04-12T09:30:00-04:00,2024-04-12T10:00:00-04:00,1,5.98448500,5.87252502,-0.11195998,0.00000000,ATR_STOP,-1.04098193
SOFI,2024-04-12T09:30:00-04:00,2024-04-12T10:45:00-04:00,4,7.56567000,7.45439411,-0.44510357,0.00000000,ATR_STOP,-1.05294232
BTE,2024-04-12T09:45:00-04:00,2024-04-12T11:15:00-04:00,274,3.92294000,3.84731788,-20.72046090,0.00000000,ATR_STOP,-1.03970132
TPET,2024-04-12T11:00:00-04:00,2024-04-12T11:15:00-04:00,6,6.19664400,8.01937498,10.93638586,0.00000000,ATR_TARGET,1.99341731
TPET,2024-04-15T13:45:00-04:00,2024-04-16T09:30:00-04:00,14,12.82961500,10.24616756,-36.16826409,0.00000000,ATR_STOP,-1.00298568
MVST,2024-04-17T11:15:00-04:00,2024-04-17T14:00:00-04:00,1225,0.56522360,0.53498655,-37.04038313,0.00000000,ATR_STOP,-1.01345850
AAOI,2024-04-18T11:00:00-04:00,2024-04-18T12:15:00-04:00,72,12.51938250,12.02371977,-35.68771683,0.00000000,ATR_STOP,-1.01854470
ADMA,2024-04-19T09:45:00-04:00,2024-04-19T12:00:00-04:00,159,6.24508030,6.11766336,-20.25929289,0.00000000,ATR_STOP,-1.03738394
AMC,2024-04-19T12:45:00-04:00,2024-04-22T09:30:00-04:00,187,3.26244500,3.08085889,-33.95660274,0.00000000,ATR_STOP,-1.01289859
ADMA,2024-04-22T09:30:00-04:00,2024-04-22T14:45:00-04:00,57,6.29471750,6.38469348,5.12863087,0.00000000,ATR_STOP,0.83434316
AMC,2024-04-22T10:30:00-04:00,2024-04-23T15:00:00-04:00,154,3.29226735,3.42965177,21.15720010,0.00000000,ATR_STOP,0.65063815
ASTS,2024-04-22T15:15:00-04:00,2024-04-23T15:00:00-04:00,201,2.18163500,2.12361688,-11.66164304,0.00000000,ATR_STOP,-1.02824865
ASTS,2024-04-24T10:15:00-04:00,2024-04-24T14:45:00-04:00,434,2.20175008,2.13227938,-30.15028304,0.00000000,ATR_STOP,-1.02358042
STX,2024-04-25T09:30:00-04:00,2024-04-26T09:30:00-04:00,10,85.96442500,86.87814320,9.13718203,0.00000000,ATR_STOP,0.55715582
CLOV,2024-04-25T09:30:00-04:00,2024-04-26T09:30:00-04:00,120,0.64998712,0.66644551,1.97500562,0.00000000,ATR_STOP,0.96978880
AFRM,2024-04-26T09:45:00-04:00,2024-04-26T11:00:00-04:00,29,32.55439750,32.84535010,8.43762530,0.00000000,ATR_STOP,0.34649776
CLOV,2024-04-26T10:15:00-04:00,2024-04-26T11:15:00-04:00,1,0.69702238,0.67547921,-0.02154317,0.00000000,ATR_STOP,-1.02410085
AMC,2024-04-26T09:45:00-04:00,2024-04-26T14:00:00-04:00,1,3.31248250,3.38275410,0.07027160,0.00000000,ATR_STOP,0.69166299
BLNK,2024-04-26T10:00:00-04:00,2024-04-29T09:30:00-04:00,1,2.39679625,2.52272426,0.12592801,0.00000000,ATR_TARGET,1.97037331
IAUX,2024-04-26T15:45:00-04:00,2024-04-29T11:15:00-04:00,2,1.32599375,1.28741703,-0.07715344,0.00000000,ATR_STOP,-1.02569201
ACHR,2024-04-26T13:15:00-04:00,2024-04-30T09:30:00-04:00,236,4.03802625,3.95501620,-19.59037179,0.00000000,ATR_STOP,-1.03708684
CLOV,2024-04-30T09:30:00-04:00,2024-04-30T10:15:00-04:00,9,0.67050250,0.65089200,-0.17649450,0.00000000,ATR_STOP,-1.02554839
SOXL,2024-04-30T09:45:00-04:00,2024-04-30T11:00:00-04:00,22,41.16084750,40.11727398,-22.95861737,0.00000000,ATR_STOP,-1.02971055
NIO,2024-05-01T09:30:00-04:00,2024-05-01T09:45:00-04:00,185,4.76357000,4.94636113,33.81635864,0.00000000,ATR_TARGET,1.96018786
APP,2024-05-01T10:00:00-04:00,2024-05-01T10:15:00-04:00,12,71.99395500,70.59533567,-16.78343195,0.00000000,ATR_STOP,-1.03937644
BLNK,2024-04-30T10:30:00-04:00,2024-05-01T12:00:00-04:00,13,2.54190500,2.56660038,0.32103994,0.00000000,ATR_STOP,0.29656478
ACHR,2024-05-01T14:00:00-04:00,2024-05-01T14:45:00-04:00,11,3.99299250,4.15835450,1.81898197,0.00000000,ATR_TARGET,1.96295051
YINN,2024-05-01T10:30:00-04:00,2024-05-01T15:30:00-04:00,39,22.77707000,22.85024629,2.85387541,0.00000000,ATR_STOP,0.19293810
BLNK,2024-05-01T15:00:00-04:00,2024-05-01T15:30:00-04:00,2,2.70202500,2.60658384,-0.19088233,0.00000000,ATR_STOP,-1.02092753
NXE,2024-05-01T15:00:00-04:00,2024-05-02T09:30:00-04:00,5,7.95095875,7.75395708,-0.98500834,0.00000000,ATR_STOP,-1.03044135
ALB,2024-05-02T09:45:00-04:00,2024-05-02T09:45:00-04:00,7,125.00368250,120.46983011,-31.73696676,0.00000000,ATR_STOP,-1.02034918
NXE,2024-05-02T10:45:00-04:00,2024-05-03T09:30:00-04:00,4,8.07605250,8.60354250,2.10996000,0.00000000,TARGET_GAP,2.38338279
BLNK,2024-05-02T12:30:00-04:00,2024-05-03T09:30:00-04:00,1,2.75206250,2.94129362,0.18923112,0.00000000,ATR_TARGET,1.97693648
CLOV,2024-05-03T09:45:00-04:00,2024-05-03T15:45:00-04:00,59,0.66309695,0.69918545,2.12922155,0.00000000,ATR_TARGET,1.97133376
RIVN,2024-05-06T09:30:00-04:00,2024-05-06T10:00:00-04:00,4,10.20765000,10.20195438,-0.02278249,0.00000000,ATR_STOP,-0.02503199
CCJ,2024-05-02T10:30:00-04:00,2024-05-06T12:00:00-04:00,18,48.27607992,50.66106080,42.92965579,0.00000000,ATR_TARGET,1.96861392
JMIA,2024-05-06T10:30:00-04:00,2024-05-07T09:30:00-04:00,1,5.34580635,6.12540250,0.77959615,0.00000000,TARGET_GAP,3.35209292
AFRM,2024-05-06T10:15:00-04:00,2024-05-07T09:30:00-04:00,1,36.15709750,35.30222573,-0.85487177,0.00000000,ATR_STOP,-1.03198616
WTI,2024-05-06T13:30:00-04:00,2024-05-07T09:30:00-04:00,374,2.43682625,2.38242653,-20.34549567,0.00000000,ATR_STOP,-1.03398799
AMD,2024-05-07T09:45:00-04:00,2024-05-07T09:45:00-04:00,5,156.35718000,154.33141868,-10.12880661,0.00000000,ATR_STOP,-1.06064918
MRNA,2024-05-07T09:45:00-04:00,2024-05-07T09:45:00-04:00,1,122.64191250,120.52585131,-2.11606119,0.00000000,ATR_STOP,-1.04465950
AFRM,2024-05-07T10:15:00-04:00,2024-05-07T14:15:00-04:00,24,36.26217625,35.44366983,-19.64415401,0.00000000,ATR_STOP,-1.03359336
CLOV,2024-05-07T09:30:00-04:00,2024-05-07T15:30:00-04:00,9,0.72304188,0.76854025,0.40948535,0.00000000,ATR_TARGET,1.97496103
LUMN,2024-05-07T09:45:00-04:00,2024-05-08T09:30:00-04:00,16,1.34100500,1.28903250,-0.83156000,0.00000000,STOP_GAP,-1.03030462
GME,2024-05-07T14:30:00-04:00,2024-05-08T09:30:00-04:00,28,16.88255243,15.76785838,-31.21143333,0.00000000,ATR_STOP,-1.01073099
VISN,2024-05-07T13:15:00-04:00,2024-05-08T09:45:00-04:00,23,0.98443778,0.99925000,0.34068117,0.00000000,STOP_GAP,0.44585809
AFRM,2024-05-08T09:45:00-04:00,2024-05-08T09:45:00-04:00,23,36.35724750,35.10668055,-28.76303986,0.00000000,ATR_STOP,-1.02152377
GME,2024-05-08T11:45:00-04:00,2024-05-08T14:45:00-04:00,6,17.16276243,15.86843960,-7.76593698,0.00000000,ATR_STOP,-1.00928739
JMIA,2024-05-08T15:15:00-04:00,2024-05-09T09:30:00-04:00,15,6.65498750,6.38360361,-4.07075835,0.00000000,ATR_STOP,-1.01797235
BE,2024-05-09T09:45:00-04:00,2024-05-09T10:15:00-04:00,8,11.83386875,11.61598509,-1.74306929,0.00000000,ATR_STOP,-1.04168251
MRNA,2024-05-08T10:30:00-04:00,2024-05-09T13:45:00-04:00,6,122.13153000,123.95406688,10.93522129,0.00000000,ATR_STOP,0.91411374
BE,2024-05-09T11:30:00-04:00,2024-05-09T15:30:00-04:00,7,11.99899250,11.70489126,-2.05870866,0.00000000,ATR_STOP,-1.03079133
MVST,2024-05-09T13:30:00-04:00,2024-05-10T09:30:00-04:00,22,0.43022243,0.48963250,1.30702165,0.00000000,TARGET_GAP,2.61910721
PLUG,2024-05-09T09:45:00-04:00,2024-05-10T09:30:00-04:00,3,2.60695375,2.69985938,0.27871690,0.00000000,ATR_STOP,0.74782075
MVST,2024-05-10T09:45:00-04:00,2024-05-10T09:45:00-04:00,219,0.46684988,0.43714270,-6.50587196,0.00000000,ATR_STOP,-1.01116792
RIVN,2024-05-09T09:30:00-04:00,2024-05-10T10:15:00-04:00,1,10.25768750,9.94477061,-0.31291689,0.00000000,ATR_STOP,-1.02443644
AMC,2024-05-10T10:00:00-04:00,2024-05-10T10:15:00-04:00,30,3.13234750,2.99719556,-4.05455814,0.00000000,ATR_STOP,-1.01692659
LUMN,2024-05-09T14:45:00-04:00,2024-05-10T11:15:00-04:00,548,1.35601625,1.31644236,-21.68648980,0.00000000,ATR_STOP,-1.02560715
MU,2024-05-10T14:15:00-04:00,2024-05-13T09:45:00-04:00,3,120.99067500,123.45906415,7.40516744,0.00000000,ATR_TARGET,1.92763617
MRNA,2024-05-13T10:00:00-04:00,2024-05-13T10:30:00-04:00,2,125.11376500,122.06076988,-6.10599023,0.00000000,ATR_STOP,-1.03093634
PLUG,2024-05-13T09:45:00-04:00,2024-05-13T11:15:00-04:00,23,2.65699125,2.85237884,4.49391456,0.00000000,ATR_TARGET,1.97832323
MVST,2024-05-10T13:00:00-04:00,2024-05-13T12:15:00-04:00,898,0.44233150,0.41045330,-28.62662144,0.00000000,ATR_STOP,-1.00975831
CLOV,2024-05-13T10:15:00-04:00,2024-05-14T09:30:00-04:00,2,0.90017463,1.01923500,0.23812075,0.00000000,TARGET_GAP,2.98990422
PLUG,2024-05-13T12:45:00-04:00,2024-05-14T09:30:00-04:00,150,2.90717875,4.88633250,296.87306250,0.00000000,TARGET_GAP,14.82141341
BLNK,2024-05-13T10:45:00-04:00,2024-05-14T09:30:00-04:00,78,3.10232500,3.37449457,21.22922628,0.00000000,ATR_TARGET,1.98155989
EOSE,2024-05-13T14:00:00-04:00,2024-05-14T09:45:00-04:00,1,0.74255650,0.82236038,0.07980388,0.00000000,ATR_TARGET,1.98464997
BE,2024-05-13T10:00:00-04:00,2024-05-14T10:45:00-04:00,10,11.98898500,12.47425446,4.85269464,0.00000000,ATR_STOP,0.79394861
MVST,2024-05-14T11:00:00-04:00,2024-05-14T11:00:00-04:00,1,0.45924417,0.43047856,-0.02876561,0.00000000,ATR_STOP,-1.01135980
NIO,2024-05-14T09:45:00-04:00,2024-05-14T12:00:00-04:00,1,5.52414000,5.80682530,0.28268530,0.00000000,ATR_TARGET,1.96963258
EOSE,2024-05-14T11:00:00-04:00,2024-05-14T12:30:00-04:00,151,0.84623420,0.78545707,-9.17734628,0.00000000,ATR_STOP,-1.00979496
ADMA,2024-05-14T09:45:00-04:00,2024-05-14T13:30:00-04:00,3,8.84663000,8.94137547,0.28423640,0.00000000,ATR_STOP,0.39253936
SOXL,2024-05-14T09:45:00-04:00,2024-05-14T15:00:00-04:00,1,41.71126000,43.10654644,1.39528644,0.00000000,ATR_TARGET,1.95467462
MU,2024-05-14T15:00:00-04:00,2024-05-15T09:30:00-04:00,1,123.82279750,126.13532750,2.31253000,0.00000000,TARGET_GAP,1.97850776
QS,2024-05-14T15:45:00-04:00,2024-05-15T09:30:00-04:00,11,6.29471750,6.14387806,-1.65923387,0.00000000,ATR_STOP,-1.03153544
EOSE,2024-05-15T09:30:00-04:00,2024-05-15T09:45:00-04:00,156,0.81561125,0.75773817,-9.02820040,0.00000000,ATR_STOP,-1.00992473
LUMN,2024-05-14T09:45:00-04:00,2024-05-15T13:30:00-04:00,695,1.32599375,1.27120354,-38.07919842,0.00000000,ATR_STOP,-1.01772265
JMIA,2024-05-15T09:45:00-04:00,2024-05-15T14:45:00-04:00,1,6.11958625,6.58548416,0.46589791,0.00000000,ATR_TARGET,1.97900428
YINN,2024-05-15T09:45:00-04:00,2024-05-16T09:30:00-04:00,2,29.16185500,30.97675000,3.62979000,0.00000000,TARGET_GAP,4.19996781
IAUX,2024-05-15T13:00:00-04:00,2024-05-16T09:30:00-04:00,30,1.26094500,1.21575008,-1.35584769,0.00000000,ATR_STOP,-1.02060630
BEKE,2024-05-15T15:15:00-04:00,2024-05-16T09:30:00-04:00,40,18.26368750,18.65648155,15.71176214,0.00000000,ATR_TARGET,1.93115551
GME,2024-05-15T14:00:00-04:00,2024-05-16T11:00:00-04:00,4,39.02925000,31.44872858,-30.32208568,0.00000000,ATR_STOP,-1.00312353
HIVE,2024-05-15T15:30:00-04:00,2024-05-16T12:30:00-04:00,1,2.51188250,2.44191674,-0.06996576,0.00000000,ATR_STOP,-1.02690052
BLNK,2024-05-16T09:45:00-04:00,2024-05-17T09:30:00-04:00,243,3.37753125,3.25104314,-30.73661104,0.00000000,ATR_STOP,-1.01967071
SOFI,2024-05-17T10:00:00-04:00,2024-05-17T11:15:00-04:00,11,7.23041875,7.40961830,1.97119510,0.00000000,ATR_TARGET,1.93979913
IAUX,2024-05-17T10:15:00-04:00,2024-05-17T12:30:00-04:00,2,1.27085243,1.22680572,-0.08809341,0.00000000,ATR_STOP,-1.02135132
APP,2024-05-15T12:45:00-04:00,2024-05-17T13:15:00-04:00,1,84.10303000,82.58021038,-1.52281962,0.00000000,ATR_STOP,-1.04242883
AMD,2024-05-17T09:45:00-04:00,2024-05-17T13:30:00-04:00,5,167.32540000,163.86159938,-17.31900311,0.00000000,ATR_STOP,-1.03681393
EOSE,2024-05-17T15:00:00-04:00,2024-05-17T15:45:00-04:00,1209,0.74555875,0.74064410,-5.94181185,0.00000000,STOP_GAP,-0.17438972
VISN,2024-05-17T12:00:00-04:00,2024-05-20T10:30:00-04:00,66,1.24093000,1.34623999,6.95045966,0.00000000,ATR_TARGET,1.98099259
SOXL,2024-05-20T11:00:00-04:00,2024-05-21T09:30:00-04:00,1,48.05601500,46.51508750,-1.54092750,0.00000000,STOP_GAP,-1.28043872
LUMN,2024-05-20T09:30:00-04:00,2024-05-21T09:45:00-04:00,685,1.31098250,1.27440758,-25.05381972,0.00000000,ATR_STOP,-1.02685475
MVST,2024-05-20T09:30:00-04:00,2024-05-21T10:00:00-04:00,1,0.41621192,0.39608286,-0.02012907,0.00000000,ATR_STOP,-1.01499034
QS,2024-05-21T09:45:00-04:00,2024-05-21T10:45:00-04:00,8,5.76432000,5.64786418,-0.93164656,0.00000000,ATR_STOP,-1.03777580
TSLT,2024-05-21T12:00:00-04:00,2024-05-21T14:15:00-04:00,4,10.81620608,11.35187257,2.14266599,0.00000000,ATR_TARGET,1.96868614
CCJ,2024-05-21T10:00:00-04:00,2024-05-21T15:15:00-04:00,16,54.58090500,53.62440568,-15.30398916,0.00000000,ATR_STOP,-1.04392737
MRNA,2024-05-21T15:45:00-04:00,2024-05-22T09:30:00-04:00,6,142.98716000,146.34345227,20.13775362,0.00000000,ATR_TARGET,1.93662102
ERAS,2024-05-21T15:15:00-04:00,2024-05-22T09:45:00-04:00,22,2.29672125,2.46466221,3.69470108,0.00000000,ATR_TARGET,1.97820985
BEKE,2024-05-22T09:45:00-04:00,2024-05-22T10:45:00-04:00,45,19.15435500,18.90240275,-11.33785134,0.00000000,ATR_STOP,-1.05967007
QS,2024-05-22T10:00:00-04:00,2024-05-22T13:15:00-04:00,12,5.83447258,5.89425365,0.71737286,0.00000000,ATR_STOP,0.45330197
SOXL,2024-05-22T11:15:00-04:00,2024-05-22T14:00:00-04:00,17,49.80732750,48.67623736,-19.22853234,0.00000000,ATR_STOP,-1.03337846
EOSE,2024-05-22T13:30:00-04:00,2024-05-22T14:30:00-04:00,96,0.74005463,0.71402638,-2.49871166,0.00000000,ATR_STOP,-1.02102287
PLUG,2024-05-23T09:30:00-04:00,2024-05-23T09:30:00-04:00,23,3.40255000,3.28301793,-2.74923752,0.00000000,ATR_STOP,-1.02104856
VISN,2024-05-22T11:30:00-04:00,2024-05-23T10:00:00-04:00,3,1.33099750,1.27089057,-0.18032079,0.00000000,ATR_STOP,-1.01612568
ERAS,2024-05-23T09:45:00-04:00,2024-05-23T11:00:00-04:00,29,2.62196500,2.91214601,8.41524936,0.00000000,ATR_TARGET,1.98504790
CLOV,2024-05-22T14:15:00-04:00,2024-05-24T10:00:00-04:00,834,0.99174325,0.95729898,-28.72651875,0.00000000,ATR_STOP,-1.02130458
ASTS,2024-05-24T09:45:00-04:00,2024-05-24T15:30:00-04:00,21,4.28821375,4.70941972,8.84532528,0.00000000,ATR_TARGET,1.98335589
ASTS,2024-05-24T15:45:00-04:00,2024-05-28T09:45:00-04:00,21,4.73324728,4.76392438,0.64421910,0.00000000,STOP_GAP,0.18778762
SOXL,2024-05-24T10:15:00-04:00,2024-05-28T09:45:00-04:00,15,50.99822000,52.21881337,18.30890050,0.00000000,ATR_STOP,0.65785665
BE,2024-05-24T11:30:00-04:00,2024-05-28T09:45:00-04:00,2,16.35225500,16.67461433,0.64471866,0.00000000,ATR_STOP,0.47853157
CLOV,2024-05-28T09:30:00-04:00,2024-05-28T09:45:00-04:00,1,0.99544603,0.99711586,0.00166983,0.00000000,ATR_STOP,0.06048434
AMC,2024-05-20T11:00:00-04:00,2024-05-28T12:45:00-04:00,8,4.78858875,5.06460809,2.20815475,0.00000000,ATR_STOP,0.69099370
BTE,2024-05-28T09:45:00-04:00,2024-05-28T15:15:00-04:00,28,3.54765875,3.67724486,3.62841119,0.00000000,ATR_TARGET,1.95829113
ASTS,2024-05-28T12:15:00-04:00,2024-05-29T09:30:00-04:00,119,5.07780550,6.16537250,129.42047300,0.00000000,TARGET_GAP,3.93036035
CLOV,2024-05-28T15:45:00-04:00,2024-05-29T09:30:00-04:00,349,1.02576875,0.99607858,-10.36186962,0.00000000,ATR_STOP,-1.02583116
CLOV,2024-05-29T10:30:00-04:00,2024-05-30T09:30:00-04:00,892,1.03577625,1.11682385,72.29446211,0.00000000,ATR_TARGET,1.97952646
BE,2024-05-30T09:45:00-04:00,2024-05-30T10:00:00-04:00,63,15.73179000,15.74980807,1.13513840,0.00000000,ATR_STOP,0.04228304
TSLA,2024-05-30T10:15:00-04:00,2024-05-30T10:30:00-04:00,5,181.47990792,178.41297103,-15.33468447,0.00000000,ATR_STOP,-1.04565596
QS,2024-05-30T12:00:00-04:00,2024-05-30T15:15:00-04:00,1,5.92444000,5.99527173,0.07083173,0.00000000,ATR_STOP,0.64151622
BE,2024-05-30T11:15:00-04:00,2024-05-31T09:30:00-04:00,59,16.47734875,17.65152858,69.27661024,0.00000000,ATR_TARGET,1.97768525
NXE,2024-05-29T15:15:00-04:00,2024-05-31T10:15:00-04:00,20,7.87590250,7.91332482,0.74844633,0.00000000,ATR_STOP,0.29475771
CCJ,2024-05-31T09:45:00-04:00,2024-05-31T10:15:00-04:00,10,55.96194000,55.09215991,-8.69780089,0.00000000,ATR_STOP,-1.04991385
ASTS,2024-05-31T09:45:00-04:00,2024-05-31T10:30:00-04:00,51,9.05688758,8.26405411,-40.43450654,0.00000000,ATR_STOP,-1.00788514
PLUG,2024-05-31T09:30:00-04:00,2024-05-31T12:45:00-04:00,2,3.31248250,3.21931227,-0.18634045,0.00000000,ATR_STOP,-1.02662470
VSXY,2024-05-31T12:15:00-04:00,2024-06-03T09:30:00-04:00,51,22.35675500,23.21730830,43.88821815,0.00000000,ATR_TARGET,1.96030419
EOSE,2024-05-31T13:15:00-04:00,2024-06-03T09:30:00-04:00,24,0.71903888,0.76146869,1.01831554,0.00000000,ATR_TARGET,1.97341803
BTE,2024-05-30T09:45:00-04:00,2024-06-03T09:45:00-04:00,1,3.65774125,3.59307266,-0.06466859,0.00000000,ATR_STOP,-1.04351703
EOSE,2024-06-03T09:45:00-04:00,2024-06-03T09:45:00-04:00,2,0.75796805,0.72282799,-0.07028012,0.00000000,ATR_STOP,-1.01568112
BLNK,2024-06-03T09:45:00-04:00,2024-06-03T10:15:00-04:00,376,3.19249258,3.10196005,-34.04023113,0.00000000,ATR_STOP,-1.02639572
GME,2024-06-03T13:45:00-04:00,2024-06-03T15:30:00-04:00,9,31.36350500,27.36117318,-36.02098639,0.00000000,ATR_STOP,-1.00515754
VSXY,2024-06-03T14:45:00-04:00,2024-06-03T15:45:00-04:00,37,23.94794750,23.40030057,-20.26293633,0.00000000,ATR_STOP,-1.03313326
EOSE,2024-06-03T15:45:00-04:00,2024-06-04T09:30:00-04:00,335,0.74485822,0.72083598,-8.04745348,0.00000000,ATR_STOP,-1.02304109
MU,2024-06-04T09:30:00-04:00,2024-06-04T10:00:00-04:00,6,127.44551250,125.46434290,-11.88701760,0.00000000,ATR_STOP,-1.04990400
VISN,2024-06-04T10:30:00-04:00,2024-06-04T15:30:00-04:00,478,1.57618125,1.50926898,-31.98406624,0.00000000,ATR_STOP,-1.01722120
NVTS,2024-06-05T09:45:00-04:00,2024-06-05T11:30:00-04:00,2,4.19304242,4.39705201,0.40801917,0.00000000,ATR_TARGET,1.96816105
ADMA,2024-06-05T09:30:00-04:00,2024-06-05T13:30:00-04:00,70,10.18763500,10.46022615,19.08138062,0.00000000,ATR_TARGET,1.94400944
JMIA,2024-06-04T09:45:00-04:00,2024-06-05T13:45:00-04:00,47,7.26544500,7.79567674,24.92089163,0.00000000,ATR_TARGET,1.97817074
LUMN,2024-06-05T11:45:00-04:00,2024-06-06T09:30:00-04:00,7,1.30107507,1.30901750,0.05559697,0.00000000,STOP_GAP,0.21792465
NIO,2024-06-05T14:45:00-04:00,2024-06-06T09:30:00-04:00,69,5.25393750,4.94628750,-21.22785000,0.00000000,STOP_GAP,-3.66224639
RIVN,2024-06-06T09:30:00-04:00,2024-06-06T13:15:00-04:00,30,11.27845250,11.72562165,13.41507440,0.00000000,ATR_TARGET,1.96139738
SOFI,2024-06-05T13:45:00-04:00,2024-06-06T15:45:00-04:00,106,6.90597560,7.07079188,17.47052581,0.00000000,ATR_TARGET,1.93760910
IAUX,2024-06-06T12:45:00-04:00,2024-06-07T09:30:00-04:00,1,1.12584375,1.09060858,-0.03523517,0.00000000,ATR_STOP,-1.02378417
JMIA,2024-06-07T09:30:00-04:00,2024-06-07T14:00:00-04:00,96,7.80585000,7.54448719,-25.09082971,0.00000000,ATR_STOP,-1.02214551
CLOV,2024-06-06T13:30:00-04:00,2024-06-10T09:30:00-04:00,315,1.11583625,1.07566541,-12.65381541,0.00000000,ATR_STOP,-1.02051024
JMIA,2024-06-10T10:15:00-04:00,2024-06-10T11:15:00-04:00,44,7.71738370,8.33388345,27.12598920,0.00000000,ATR_TARGET,1.97991151
EOSE,2024-06-10T11:30:00-04:00,2024-06-10T13:45:00-04:00,502,0.72954675,0.78541432,28.04552013,0.00000000,ATR_TARGET,1.97911678
MVST,2024-06-10T13:45:00-04:00,2024-06-10T15:45:00-04:00,1,0.41931425,0.39711479,-0.02219946,0.00000000,ATR_STOP,-1.01360916
BLNK,2024-06-10T14:00:00-04:00,2024-06-11T09:45:00-04:00,123,3.19239250,3.11548047,-9.46017961,0.00000000,ATR_STOP,-1.03135643
AMC,2024-06-11T10:15:00-04:00,2024-06-11T13:45:00-04:00,1,4.93369750,5.40582813,0.47213063,0.00000000,ATR_TARGET,1.98295877
EOSE,2024-06-11T10:30:00-04:00,2024-06-11T13:45:00-04:00,3,0.82151568,0.89563378,0.22235432,0.00000000,ATR_TARGET,1.98202363
ASTS,2024-06-11T10:00:00-04:00,2024-06-11T14:15:00-04:00,43,8.78658500,9.56417601,33.43641360,0.00000000,ATR_TARGET,1.98170542
ACHR,2024-06-10T09:30:00-04:00,2024-06-12T09:30:00-04:00,219,3.31248250,3.46046828,32.40888586,0.00000000,ATR_TARGET,1.96550344
BLNK,2024-06-11T14:00:00-04:00,2024-06-12T09:30:00-04:00,2,3.32399113,3.50059301,0.35320377,0.00000000,ATR_TARGET,1.97068096
JMIA,2024-06-11T14:45:00-04:00,2024-06-12T09:30:00-04:00,45,9.01685757,9.70900336,31.14656018,0.00000000,ATR_TARGET,1.97916250
DDD,2024-06-12T09:45:00-04:00,2024-06-12T09:45:00-04:00,127,4.21115600,4.09102478,-15.25666462,0.00000000,ATR_STOP,-1.02623060
EOSE,2024-06-12T09:45:00-04:00,2024-06-12T10:15:00-04:00,710,0.94390740,0.88561186,-41.38983386,0.00000000,ATR_STOP,-1.01153389
GME,2024-06-12T11:00:00-04:00,2024-06-12T14:00:00-04:00,11,32.16410500,28.65920592,-38.55388984,0.00000000,ATR_STOP,-1.00617518
EOSE,2024-06-12T14:15:00-04:00,2024-06-13T09:30:00-04:00,334,0.94500823,0.88963219,-18.49559552,0.00000000,ATR_STOP,-1.01220518
MVST,2024-06-12T10:30:00-04:00,2024-06-13T10:00:00-04:00,1419,0.47035250,0.44238084,-39.69177970,0.00000000,ATR_STOP,-1.01201300
JMIA,2024-06-12T13:30:00-04:00,2024-06-13T10:15:00-04:00,13,9.98758508,10.03555025,0.62354731,0.00000000,ATR_STOP,0.10922779
MU,2024-06-13T09:45:00-04:00,2024-06-13T12:15:00-04:00,2,141.19081375,141.59405243,0.80647736,0.00000000,ATR_STOP,0.16126566
AMC,2024-06-13T10:45:00-04:00,2024-06-13T12:30:00-04:00,117,5.38403500,5.07056040,-36.67652832,0.00000000,ATR_STOP,-1.01228982
ASTS,2024-06-13T10:00:00-04:00,2024-06-14T09:30:00-04:00,1,10.23767250,9.70482556,-0.53284694,0.00000000,ATR_STOP,-1.01385958
EOSE,2024-06-13T14:30:00-04:00,2024-06-14T10:00:00-04:00,136,0.93229870,0.89056234,-5.67614489,0.00000000,ATR_STOP,-1.01627603
AMC,2024-06-14T09:45:00-04:00,2024-06-14T10:00:00-04:00,1,5.43707475,5.20246392,-0.23461083,0.00000000,ATR_STOP,-1.01692533
JMIA,2024-06-14T10:15:00-04:00,2024-06-14T11:45:00-04:00,13,9.61720750,9.17843735,-5.70401192,0.00000000,ATR_STOP,-1.01595114
HIVE,2024-06-13T14:00:00-04:00,2024-06-14T12:15:00-04:00,286,3.08731375,2.96203401,-35.83000509,0.00000000,ATR_STOP,-1.01806643
ASTS,2024-06-14T15:15:00-04:00,2024-06-17T09:45:00-04:00,1,10.10757500,10.77639176,0.66881676,0.00000000,ATR_TARGET,1.97610194
AMC,2024-06-17T10:00:00-04:00,2024-06-17T10:30:00-04:00,2,5.16887375,4.96422817,-0.40929117,0.00000000,ATR_STOP,-1.01854456
SOXL,2024-06-14T13:15:00-04:00,2024-06-18T09:30:00-04:00,16,60.11505250,63.37243500,52.11812000,0.00000000,TARGET_GAP,2.09479797
HIVE,2024-06-17T12:30:00-04:00,2024-06-18T09:30:00-04:00,3,3.15236250,3.18760750,0.10573500,0.00000000,STOP_GAP,0.27728139
INTC,2024-06-18T09:30:00-04:00,2024-06-18T10:00:00-04:00,33,31.01324250,31.10462662,3.01567601,0.00000000,ATR_STOP,0.34367646
CLOV,2024-06-17T10:15:00-04:00,2024-06-20T09:30:00-04:00,1,1.13154803,1.07659260,-0.05495542,-0.03657770,ATR_STOP,-1.01492317
MVST,2024-06-18T11:45:00-04:00,2024-06-20T09:30:00-04:00,1591,0.49036750,0.46765849,-36.13003809,0.00000000,ATR_STOP,-1.01569939
EOSE,2024-06-20T12:30:00-04:00,2024-06-20T15:00:00-04:00,11,0.84063000,0.91260348,0.79170830,0.00000000,ATR_TARGET,1.98114558
ADMA,2024-06-20T09:45:00-04:00,2024-06-20T15:45:00-04:00,91,10.92819000,10.72898048,-18.12806670,0.00000000,ATR_STOP,-1.04212655
TSLA,2024-06-21T09:45:00-04:00,2024-06-21T09:45:00-04:00,5,183.26734750,180.66712286,-13.00112320,0.00000000,ATR_STOP,-1.05501939
EOSE,2024-06-21T14:00:00-04:00,2024-06-21T15:30:00-04:00,31,0.94000448,0.90356251,-1.12970098,0.00000000,ATR_STOP,-1.01896277
MVST,2024-06-21T09:45:00-04:00,2024-06-21T15:45:00-04:00,3,0.47435550,0.45293742,-0.06425425,0.00000000,ATR_STOP,-1.01612848
TSLL,2024-06-21T09:45:00-04:00,2024-06-24T09:30:00-04:00,8,7.98598500,8.41194016,3.40764126,0.00000000,ATR_TARGET,1.97078813
INTC,2024-06-21T13:00:00-04:00,2024-06-24T09:45:00-04:00,28,31.21339250,30.85403462,-10.06202071,0.00000000,ATR_STOP,-1.06888131
ADMA,2024-06-24T09:30:00-04:00,2024-06-24T12:45:00-04:00,2,11.04828000,11.09710031,0.09764062,0.00000000,ATR_STOP,0.29531471
YINN,2024-06-24T10:00:00-04:00,2024-06-24T13:00:00-04:00,34,25.12522980,24.65784218,-15.89117906,0.00000000,ATR_STOP,-1.04122983
WTI,2024-06-21T09:45:00-04:00,2024-06-25T09:30:00-04:00,3,2.14160500,2.16108132,0.05842896,0.00000000,ATR_STOP,0.40284364
BTE,2024-06-24T14:30:00-04:00,2024-06-25T09:30:00-04:00,249,3.45759125,3.39971594,-14.41095287,0.00000000,ATR_STOP,-1.04612318
EOSE,2024-06-25T11:15:00-04:00,2024-06-25T14:45:00-04:00,1,1.10082500,1.25784281,0.15701781,0.00000000,ATR_TARGET,1.98804661
ACHR,2024-06-24T09:45:00-04:00,2024-06-25T15:15:00-04:00,19,3.85288750,3.64023086,-4.04047617,0.00000000,ATR_STOP,-1.01301527
RIVN,2024-06-25T15:30:00-04:00,2024-06-26T09:30:00-04:00,5,12.00399625,16.31775250,21.56878125,0.00000000,TARGET_GAP,15.28490070
TSLT,2024-06-25T10:15:00-04:00,2024-06-26T09:30:00-04:00,3,11.33849750,11.99236087,1.96159010,0.00000000,ATR_TARGET,1.97284204
BTE,2024-06-25T10:45:00-04:00,2024-06-26T09:30:00-04:00,1,3.46759875,3.40703536,-0.06056339,0.00000000,ATR_STOP,-1.04408485
MVST,2024-06-24T12:45:00-04:00,2024-06-26T09:45:00-04:00,24,0.45524118,0.50265532,1.13793949,0.00000000,ATR_TARGET,1.98421162
HIVE,2024-06-26T09:45:00-04:00,2024-06-26T10:15:00-04:00,42,3.14235500,3.36857862,9.50139222,0.00000000,ATR_TARGET,1.97789457
ACHR,2024-06-27T09:30:00-04:00,2024-06-27T10:45:00-04:00,1,3.66274500,3.56455722,-0.09818778,0.00000000,ATR_STOP,-1.02801129
TSLL,2024-06-26T11:45:00-04:00,2024-06-28T09:30:00-04:00,17,8.89166375,9.52723405,10.80469504,0.00000000,ATR_TARGET,1.97774839
MVST,2024-06-27T12:45:00-04:00,2024-06-28T09:30:00-04:00,6,0.54260665,0.59700997,0.32641990,0.00000000,ATR_TARGET,1.98366155
CLOV,2024-06-25T09:45:00-04:00,2024-06-28T11:00:00-04:00,623,1.30597875,1.25324918,-32.85051974,0.00000000,ATR_STOP,-1.01816300
APP,2024-06-28T11:45:00-04:00,2024-06-28T12:15:00-04:00,9,84.34321000,82.79873079,-13.90031290,0.00000000,ATR_STOP,-1.04192421
SOFI,2024-06-28T11:45:00-04:00,2024-06-28T13:00:00-04:00,3,6.62996875,6.55297513,-0.23098087,0.00000000,ATR_STOP,-1.06824012
APPS,2024-06-28T12:30:00-04:00,2024-06-28T13:30:00-04:00,432,1.65924350,1.58358132,-32.68606166,0.00000000,ATR_STOP,-1.01595971
ERAS,2024-06-28T14:00:00-04:00,2024-07-01T09:30:00-04:00,319,2.29672125,2.44342716,46.79918447,0.00000000,ATR_TARGET,1.97530702
VISN,2024-06-28T14:30:00-04:00,2024-07-01T09:45:00-04:00,1,1.21591125,1.21908500,0.00317375,0.00000000,STOP_GAP,0.06801954
ASTS,2024-07-01T09:45:00-04:00,2024-07-01T11:00:00-04:00,63,12.13909750,11.61369447,-33.10039096,0.00000000,ATR_STOP,-1.01687060
RIVN,2024-07-01T09:45:00-04:00,2024-07-01T15:45:00-04:00,1,13.78032750,14.00091114,0.22058364,0.00000000,ATR_STOP,0.41152138
BTE,2024-06-27T09:45:00-04:00,2024-07-02T09:45:00-04:00,1,3.47260250,3.57961277,0.10701027,0.00000000,ATR_TARGET,1.95101553
EOSE,2024-07-01T09:45:00-04:00,2024-07-02T09:45:00-04:00,1,1.41606125,1.43472018,0.01865893,0.00000000,ATR_STOP,0.19875665
IAUX,2024-06-28T09:45:00-04:00,2024-07-02T10:30:00-04:00,158,1.05579125,1.01680003,-6.16061310,0.00000000,ATR_STOP,-1.01996368
ADMA,2024-07-01T11:15:00-04:00,2024-07-02T10:30:00-04:00,63,11.61870750,11.34749043,-17.08667538,0.00000000,ATR_STOP,-1.03242103
ACHR,2024-07-02T14:15:00-04:00,2024-07-03T10:00:00-04:00,223,3.76782375,4.04228883,61.20571377,0.00000000,ATR_TARGET,1.97813332
AMC,2024-07-02T10:15:00-04:00,2024-07-03T11:15:00-04:00,1,5.19889625,5.03417968,-0.16471657,0.00000000,ATR_STOP,-1.02347778
RIVN,2024-07-02T09:45:00-04:00,2024-07-03T11:30:00-04:00,1,14.54089750,14.74351813,0.20262063,0.00000000,ATR_STOP,0.34060439
EOSE,2024-07-03T09:45:00-04:00,2024-07-03T12:30:00-04:00,1,1.59619625,1.78329498,0.18709873,0.00000000,ATR_TARGET,1.98579394
SOFI,2024-07-02T15:15:00-04:00,2024-07-05T09:30:00-04:00,5,6.46984875,6.37957693,-0.45135910,0.00000000,ATR_STOP,-1.05601398
ASTS,2024-07-03T12:15:00-04:00,2024-07-05T09:30:00-04:00,1,11.49861750,11.05826588,-0.44035162,0.00000000,ATR_STOP,-1.01921049
EOSE,2024-07-03T12:45:00-04:00,2024-07-05T09:45:00-04:00,6,1.77192795,1.84446788,0.43523959,0.00000000,ATR_STOP,0.65651630
ALB,2024-07-03T10:15:00-04:00,2024-07-05T10:30:00-04:00,9,99.47455000,97.44995780,-18.22132981,0.00000000,ATR_STOP,-1.03748102
ASTS,2024-07-05T11:30:00-04:00,2024-07-08T09:30:00-04:00,66,11.73889758,12.69397689,63.03523463,0.00000000,ATR_TARGET,1.98024557
BLNK,2024-07-03T10:15:00-04:00,2024-07-08T09:45:00-04:00,2,2.78708875,2.93404761,0.29391772,0.00000000,ATR_TARGET,1.97047235
PLUG,2024-07-05T14:00:00-04:00,2024-07-08T11:30:00-04:00,44,2.59194250,2.60425777,0.54187187,0.00000000,ATR_STOP,0.14237203
CLOV,2024-07-08T09:45:00-04:00,2024-07-08T12:00:00-04:00,652,1.28586367,1.30742434,14.05755443,0.00000000,ATR_STOP,0.60672666
TSLL,2024-07-08T11:45:00-04:00,2024-07-08T13:00:00-04:00,7,15.38152750,14.63127973,-5.25173441,0.00000000,ATR_STOP,-1.01485486
LUMN,2024-07-08T13:30:00-04:00,2024-07-08T15:15:00-04:00,864,1.07580625,1.03504632,-35.21657760,0.00000000,ATR_STOP,-1.01942991
ACHR,2024-07-05T09:45:00-04:00,2024-07-09T09:30:00-04:00,10,4.34315493,4.05618357,-2.86971360,0.00000000,ATR_STOP,-1.01072255
PLTR,2024-07-08T15:30:00-04:00,2024-07-09T10:15:00-04:00,33,27.93093250,27.48535469,-14.70406783,0.00000000,ATR_STOP,-1.04854587
BIDU,2024-07-09T10:45:00-04:00,2024-07-09T10:45:00-04:00,10,89.79729750,91.48307261,16.85775115,0.00000000,ATR_TARGET,1.92172563
QS,2024-07-08T10:15:00-04:00,2024-07-09T13:00:00-04:00,1,5.07390257,5.28112541,0.20722284,0.00000000,ATR_TARGET,1.96246148
AMC,2024-07-09T13:45:00-04:00,2024-07-10T13:15:00-04:00,1,5.47420258,5.30104287,-0.17315970,0.00000000,ATR_STOP,-1.02351782
BTE,2024-07-08T15:45:00-04:00,2024-07-10T15:00:00-04:00,1,3.55266250,3.65048434,0.09782184,0.00000000,ATR_TARGET,1.94550775
VISN,2024-07-09T12:30:00-04:00,2024-07-11T09:30:00-04:00,4,1.26084493,1.36522426,0.41751736,0.00000000,ATR_TARGET,1.98055697
EOSE,2024-07-10T13:30:00-04:00,2024-07-11T09:30:00-04:00,2,2.00650375,2.18498014,0.35695278,0.00000000,ATR_TARGET,1.98178994
NVTS,2024-07-10T15:45:00-04:00,2024-07-11T09:30:00-04:00,1,4.46834875,4.63539102,0.16704227,0.00000000,ATR_TARGET,1.95919395
LUMN,2024-07-09T11:00:00-04:00,2024-07-11T10:15:00-04:00,743,1.07580625,1.16499287,66.26566201,0.00000000,ATR_TARGET,1.98058205
TSLL,2024-07-09T12:00:00-04:00,2024-07-11T10:15:00-04:00,8,15.71677875,16.22049309,4.02971470,0.00000000,ATR_STOP,0.67160004
ACHR,2024-07-11T09:45:00-04:00,2024-07-11T11:15:00-04:00,3,4.50337500,4.38492693,-0.35534421,0.00000000,ATR_STOP,-1.02857982
ASTS,2024-07-11T10:45:00-04:00,2024-07-11T11:15:00-04:00,3,12.08906000,11.72111794,-1.10382617,0.00000000,ATR_STOP,-1.02449553
HIVE,2024-07-11T10:45:00-04:00,2024-07-11T11:30:00-04:00,279,3.42256500,3.29286909,-36.18515758,0.00000000,ATR_STOP,-1.01942635
ADMA,2024-07-09T09:45:00-04:00,2024-07-11T12:00:00-04:00,3,11.98097900,12.43813536,1.37146908,0.00000000,ATR_TARGET,1.95997529
VISN,2024-07-11T14:30:00-04:00,2024-07-12T09:30:00-04:00,8,1.41105750,1.50257269,0.73212149,0.00000000,ATR_TARGET,1.97565330
HIVE,2024-07-12T09:45:00-04:00,2024-07-12T10:15:00-04:00,1,3.53264750,3.39868278,-0.13396472,0.00000000,ATR_STOP,-1.01941140
BLNK,2024-07-11T13:30:00-04:00,2024-07-12T13:30:00-04:00,305,3.27245250,3.49554451,68.04306365,0.00000000,ATR_TARGET,1.97675282
ERAS,2024-07-12T10:30:00-04:00,2024-07-12T14:00:00-04:00,1,2.94220500,2.99079462,0.04858962,0.00000000,ATR_STOP,0.41792986
HIVE,2024-07-12T13:45:00-04:00,2024-07-15T12:30:00-04:00,274,3.52334053,3.78689601,72.21420393,0.00000000,ATR_TARGET,1.97866121
LUMN,2024-07-12T15:15:00-04:00,2024-07-15T15:15:00-04:00,3,1.18088500,1.25361119,0.21817856,0.00000000,ATR_TARGET,1.97445497
NVTS,2024-07-12T14:00:00-04:00,2024-07-16T09:45:00-04:00,21,4.76857375,4.80533449,0.77197544,0.00000000,ATR_STOP,0.38270076
VISN,2024-07-15T15:30:00-04:00,2024-07-16T09:45:00-04:00,2,1.62121500,1.57063801,-0.10115399,0.00000000,ATR_STOP,-1.02386452
AMC,2024-07-12T09:45:00-04:00,2024-07-16T10:00:00-04:00,2,5.29897125,5.39417929,0.19041608,0.00000000,ATR_STOP,0.68136799
BE,2024-07-15T12:45:00-04:00,2024-07-16T10:00:00-04:00,74,13.88040250,14.30339763,31.30163997,0.00000000,ATR_STOP,0.82439302
SEDG,2024-07-16T10:00:00-04:00,2024-07-16T13:30:00-04:00,3,28.36625875,30.56946606,6.60962194,0.00000000,ATR_TARGET,1.97938657
BLNK,2024-07-15T15:15:00-04:00,2024-07-16T14:45:00-04:00,3,3.44258000,3.65024895,0.62300684,0.00000000,ATR_TARGET,1.97395791
SOFI,2024-07-16T10:45:00-04:00,2024-07-17T09:30:00-04:00,45,7.50562500,7.58430750,3.54071250,0.00000000,STOP_GAP,0.45978258
SEDG,2024-07-16T13:45:00-04:00,2024-07-17T09:30:00-04:00,3,30.51286750,28.93828000,-4.72376250,0.00000000,STOP_GAP,-1.35611014
NVTS,2024-07-16T15:15:00-04:00,2024-07-17T09:30:00-04:00,2,4.86864875,4.75643000,-0.22443750,0.00000000,STOP_GAP,-1.30192758
CLOV,2024-07-16T10:00:00-04:00,2024-07-17T09:30:00-04:00,12,1.65203810,1.67878381,0.32094857,0.00000000,ATR_STOP,0.41516182
APPS,2024-07-16T10:45:00-04:00,2024-07-17T10:30:00-04:00,311,2.33675125,2.36891837,10.00397579,0.00000000,ATR_STOP,0.25313596
NIO,2024-07-16T11:00:00-04:00,2024-07-17T10:30:00-04:00,1,4.79079040,4.65927955,-0.13151085,0.00000000,ATR_STOP,-1.02731802
AMC,2024-07-17T09:45:00-04:00,2024-07-17T11:00:00-04:00,4,5.61921125,5.45129920,-0.67164820,0.00000000,ATR_STOP,-1.02497577
AFRM,2024-07-17T09:45:00-04:00,2024-07-17T11:15:00-04:00,13,33.57516250,32.70740628,-11.28083092,0.00000000,ATR_STOP,-1.02911380
VISN,2024-07-17T13:30:00-04:00,2024-07-18T09:30:00-04:00,590,1.61521050,2.31826000,414.79920500,105.34745826,TARGET_GAP,10.45555494
PLTR,2024-07-18T09:45:00-04:00,2024-07-18T10:00:00-04:00,42,28.38127000,29.45037751,44.90251541,16.61393070,ATR_TARGET,1.95948658
EVLV,2024-07-17T13:45:00-04:00,2024-07-18T10:30:00-04:00,70,3.36752375,3.42081673,3.73050845,1.38028813,ATR_STOP,0.33520860
INTC,2024-07-18T10:15:00-04:00,2024-07-18T14:00:00-04:00,34,35.89189875,34.98497442,-30.83542727,-11.40910809,ATR_STOP,-1.02981656
PLUG,2024-07-18T11:15:00-04:00,2024-07-18T14:00:00-04:00,74,3.20740375,3.07595321,-9.72734000,-3.59911580,ATR_STOP,-1.01787721
HIVE,2024-07-19T09:45:00-04:00,2024-07-19T12:30:00-04:00,292,3.84798383,4.20341920,103.78712829,38.40123747,ATR_TARGET,1.98240370
JMIA,2024-07-19T09:45:00-04:00,2024-07-22T09:45:00-04:00,24,12.52939000,12.74369839,5.14340144,1.90305853,ATR_STOP,0.37432097
RIVN,2024-07-22T10:15:00-04:00,2024-07-23T09:45:00-04:00,17,17.32298250,16.82852097,-8.40584601,-3.11016303,ATR_STOP,-1.02621432
ASTS,2024-07-23T10:00:00-04:00,2024-07-23T10:15:00-04:00,21,13.19949220,13.94222011,15.59728605,5.77099584,ATR_TARGET,1.97221291
LUMN,2024-07-19T11:15:00-04:00,2024-07-23T13:45:00-04:00,7,1.38603875,1.49468622,0.76053231,0.28139695,ATR_TARGET,1.97955975
ADMA,2024-07-22T09:45:00-04:00,2024-07-23T15:45:00-04:00,87,13.66023750,13.86393674,17.72183420,6.55707865,ATR_STOP,0.67238993
HIVE,2024-07-22T12:15:00-04:00,2024-07-24T11:15:00-04:00,2,4.42301477,4.19694993,-0.45212970,-0.16728799,STOP_GAP,-1.01951195
LUMN,2024-07-24T13:30:00-04:00,2024-07-24T14:00:00-04:00,2,1.61120750,1.54067798,-0.14105904,-0.05219184,ATR_STOP,-1.01666893
VISN,2024-07-23T10:30:00-04:00,2024-07-24T14:30:00-04:00,168,1.77132750,1.68400777,-14.66971429,-5.42779429,ATR_STOP,-1.01468761
HIVE,2024-07-24T13:15:00-04:00,2024-07-24T14:30:00-04:00,278,4.37327750,4.17719837,-54.50999728,-20.16869899,ATR_STOP,-1.01624955
CLOV,2024-07-22T15:00:00-04:00,2024-07-24T15:15:00-04:00,1,1.65624125,1.60480670,-0.05143455,-0.01903078,ATR_STOP,-1.02397984
ASTS,2024-07-25T09:45:00-04:00,2024-07-25T10:15:00-04:00,92,14.01050000,15.16714457,106.41130022,39.37218108,ATR_TARGET,1.98050750
VISN,2024-07-25T11:00:00-04:00,2024-07-26T10:30:00-04:00,743,1.79134250,1.81589857,18.24515689,6.75070805,ATR_STOP,0.31842658
VISN,2024-07-26T12:15:00-04:00,2024-07-29T09:30:00-04:00,706,1.90142500,2.05117013,105.72006021,39.11642228,ATR_TARGET,1.97964721
CLOV,2024-07-26T09:45:00-04:00,2024-07-29T09:45:00-04:00,118,1.69637133,1.71371375,2.04640615,0.75717028,STOP_GAP,0.31004292
LUMN,2024-07-29T09:45:00-04:00,2024-07-29T12:15:00-04:00,907,1.77633125,1.89081664,103.83825184,38.42015318,ATR_TARGET,1.97551129
LUMN,2024-07-29T12:30:00-04:00,2024-07-30T09:30:00-04:00,832,1.89141750,2.04435692,127.24559702,47.08087090,ATR_TARGET,1.98013361
ASTS,2024-07-30T09:30:00-04:00,2024-07-30T09:45:00-04:00,5,18.99423500,19.36604158,1.85903291,0.68784218,ATR_STOP,0.47618569
VISN,2024-07-30T09:45:00-04:00,2024-07-31T09:30:00-04:00,386,2.49186750,2.84319879,135.61387936,50.17713536,ATR_TARGET,1.98792527
CLOV,2024-07-30T09:45:00-04:00,2024-07-31T09:30:00-04:00,380,1.84138000,1.87251972,11.83309281,4.37824434,ATR_STOP,0.48798017
ASTS,2024-07-31T09:45:00-04:00,2024-07-31T13:00:00-04:00,91,18.13359000,19.71262330,143.69203062,53.16605133,ATR_TARGET,1.98143394
FLNA,2024-07-31T09:45:00-04:00,2024-07-31T14:00:00-04:00,5,19.10932125,21.85019929,13.70439018,5.07062437,ATR_TARGET,1.98810425
BLNK,2024-07-31T09:45:00-04:00,2024-07-31T14:45:00-04:00,2,3.24212977,3.44376312,0.40326669,0.14920868,ATR_TARGET,1.97468627
BLNK,2024-07-31T15:00:00-04:00,2024-07-31T15:15:00-04:00,3,3.44758375,3.34066773,-0.32074805,-0.11867678,ATR_STOP,-1.02401508
NXE,2024-07-31T14:15:00-04:00,2024-07-31T15:45:00-04:00,15,6.72003625,6.75767349,0.56455855,0.20888666,ATR_STOP,0.27166418
LUMN,2024-07-31T09:30:00-04:00,2024-08-01T09:30:00-04:00,37,2.59194250,3.26754750,24.99738500,9.24903245,TARGET_GAP,2.24425447
CLOV,2024-07-31T14:00:00-04:00,2024-08-01T10:45:00-04:00,912,1.91143250,1.83150926,-72.88999411,-26.96929782,ATR_STOP,-1.01750080
FLNA,2024-08-01T15:45:00-04:00,2024-08-02T09:45:00-04:00,54,22.84211875,21.44446870,-75.47310297,-27.92504810,ATR_STOP,-1.01165023
FLNA,2024-08-02T11:45:00-04:00,2024-08-02T13:00:00-04:00,37,23.96806258,27.86365614,144.13696198,53.33067593,ATR_TARGET,1.98932037
TWLO,2024-08-02T12:30:00-04:00,2024-08-05T09:30:00-04:00,15,61.51610250,57.95650000,-53.39403750,-19.75579387,STOP_GAP,-2.24332802
FLNA,2024-08-02T15:15:00-04:00,2024-08-05T09:30:00-04:00,28,28.82059925,25.98050000,-79.52277900,-29.42342823,STOP_GAP,-1.04513737
VISN,2024-08-02T15:45:00-04:00,2024-08-05T09:30:00-04:00,78,2.24668375,2.01848500,-17.79950250,-6.58581593,STOP_GAP,-1.91083565
ASTS,2024-08-07T09:45:00-04:00,2024-08-07T12:45:00-04:00,73,20.47534500,20.73115095,18.67383427,6.90931868,ATR_STOP,0.25554289
TWLO,2024-08-07T10:00:00-04:00,2024-08-07T13:45:00-04:00,5,60.99571250,59.81568763,-5.90012433,-2.18304600,ATR_STOP,-1.03955094
FLNA,2024-08-07T15:15:00-04:00,2024-08-08T09:45:00-04:00,26,28.43160772,25.67331643,-71.71557376,-26.53476229,ATR_STOP,-1.00703515
BEKE,2024-08-08T15:15:00-04:00,2024-08-09T09:45:00-04:00,1,13.97547375,13.79380120,-0.18167255,-0.06721884,ATR_STOP,-1.06043165
VSXY,2024-08-08T10:00:00-04:00,2024-08-09T15:45:00-04:00,92,19.00424250,19.70565635,64.53007457,23.87612759,ATR_STOP,1.19761353
LUMN,2024-08-14T09:45:00-04:00,2024-08-14T11:30:00-04:00,255,5.07380250,5.64600184,145.91083231,53.98700795,ATR_TARGET,1.98529699
ADMA,2024-08-14T11:45:00-04:00,2024-08-14T12:30:00-04:00,77,17.81335000,17.39330504,-32.34346220,-11.96708101,ATR_STOP,-1.03207637
CCJ,2024-08-14T09:45:00-04:00,2024-08-15T11:00:00-04:00,12,39.77480875,41.04064221,15.19000146,5.62030054,ATR_TARGET,1.95248696
BTE,2024-08-14T09:45:00-04:00,2024-08-15T11:00:00-04:00,10,3.53274758,3.65184262,1.19095045,0.44065167,ATR_TARGET,1.95500611
LUMN,2024-08-14T15:15:00-04:00,2024-08-16T09:30:00-04:00,238,5.74940882,5.39595000,-84.12320035,-31.12558413,STOP_GAP,-1.10800133
BTE,2024-08-15T11:15:00-04:00,2024-08-16T09:30:00-04:00,143,3.65273750,3.55733000,-13.64327250,-5.04801083,STOP_GAP,-1.52186598
IAUX,2024-08-16T09:45:00-04:00,2024-08-16T10:00:00-04:00,7,0.99924888,1.00518659,0.04156403,0.01537869,ATR_STOP,0.21769802
VISN,2024-08-16T10:30:00-04:00,2024-08-19T09:45:00-04:00,2,3.81786125,3.95146402,0.26720554,0.09886605,ATR_STOP,0.79558114
TSLL,2024-08-16T09:45:00-04:00,2024-08-20T09:30:00-04:00,1,9.98848575,10.76192250,0.77343675,0.28617160,TARGET_GAP,2.40676594
KC,2024-08-19T10:15:00-04:00,2024-08-20T09:30:00-04:00,3,2.52689375,2.46091815,-0.19792679,-0.07323291,ATR_STOP,-1.02880269
IAUX,2024-08-20T09:45:00-04:00,2024-08-20T10:00:00-04:00,6,1.12584375,1.08804354,-0.22680126,-0.08391646,ATR_STOP,-1.02208130
VSXY,2024-08-16T09:30:00-04:00,2024-08-20T10:45:00-04:00,75,24.19813500,24.43166250,17.51456250,6.48038812,STOP_GAP,0.35703596
VISN,2024-08-20T12:00:00-04:00,2024-08-21T09:30:00-04:00,93,4.13810125,4.44666250,28.69619625,10.61759261,TARGET_GAP,2.24724316
MRNA,2024-08-21T09:45:00-04:00,2024-08-21T10:00:00-04:00,2,88.28616500,87.03376154,-2.50480692,-0.92677856,ATR_STOP,-1.05502945
TSLA,2024-08-21T09:45:00-04:00,2024-08-21T10:15:00-04:00,1,222.68689000,219.42486125,-3.26202875,-1.20695064,ATR_STOP,-1.05317219
ERAS,2024-08-20T09:30:00-04:00,2024-08-21T15:15:00-04:00,4,2.73204750,2.83608777,0.41616108,0.15397960,ATR_STOP,1.14004649
CLOV,2024-08-21T10:15:00-04:00,2024-08-22T09:30:00-04:00,53,3.30737867,3.68723250,20.13225273,7.44893351,TARGET_GAP,2.36479219
BIDU,2024-08-21T10:30:00-04:00,2024-08-22T09:30:00-04:00,2,89.59714750,87.38441250,-4.42547000,-1.63742390,STOP_GAP,-2.50032963
ACHR,2024-08-21T10:45:00-04:00,2024-08-22T09:30:00-04:00,11,3.71778625,3.87527327,1.73235719,0.64097216,ATR_TARGET,1.96373173
NXE,2024-08-21T09:45:00-04:00,2024-08-22T10:15:00-04:00,1,6.02451500,5.93413032,-0.09038468,-0.03344233,ATR_STOP,-1.05183172
PLUG,2024-08-21T15:30:00-04:00,2024-08-22T10:15:00-04:00,5,2.19664625,2.13034425,-0.33151001,-0.12265870,ATR_STOP,-1.02471224
BEKE,2024-08-22T09:45:00-04:00,2024-08-22T11:30:00-04:00,27,14.95120500,14.76650683,-4.98685054,-1.84513470,ATR_STOP,-1.06383777
GDS,2024-08-22T11:30:00-04:00,2024-08-23T09:30:00-04:00,1,15.30396938,16.88732500,1.58335562,0.58584158,TARGET_GAP,2.44185782
LUMN,2024-08-20T11:15:00-04:00,2024-08-23T09:30:00-04:00,243,5.94945875,6.56331535,149.16715298,55.19184660,ATR_TARGET,1.98407783
APPS,2024-08-23T09:45:00-04:00,2024-08-23T10:00:00-04:00,1,3.79404340,4.08756632,0.29352292,0.10860348,ATR_TARGET,1.97931173
EOSE,2024-08-23T10:15:00-04:00,2024-08-23T10:45:00-04:00,1,2.48686375,2.35112830,-0.13573545,-0.05022212,ATR_STOP,-1.01317205
DDD,2024-08-23T12:30:00-04:00,2024-08-23T14:00:00-04:00,1,2.76196993,2.66170297,-0.10026696,-0.03709878,ATR_STOP,-1.02032962
NIO,2024-08-22T11:45:00-04:00,2024-08-26T09:30:00-04:00,100,4.01841155,4.05695500,3.85434500,1.42610765,STOP_GAP,0.50307926
ACHR,2024-08-23T09:30:00-04:00,2024-08-26T09:30:00-04:00,6,3.72279000,3.88388034,0.96654203,0.35762055,ATR_TARGET,1.96445122
QS,2024-08-26T09:30:00-04:00,2024-08-26T09:30:00-04:00,66,6.13459750,6.02781077,-7.04792432,-2.60773200,ATR_STOP,-1.04424156
EVLV,2024-08-23T15:30:00-04:00,2024-08-26T09:45:00-04:00,1,4.01901200,4.10509203,0.08608003,0.03184961,ATR_STOP,0.56748118
TSLL,2024-08-23T09:45:00-04:00,2024-08-26T10:30:00-04:00,155,9.90742500,9.52081503,-59.92454522,-22.17208173,ATR_STOP,-1.01883175
PLUG,2024-08-26T10:00:00-04:00,2024-08-26T10:30:00-04:00,1,2.25178758,2.18218076,-0.06960681,-0.02575452,ATR_STOP,-1.02409724
CCJ,2024-08-26T09:45:00-04:00,2024-08-26T10:45:00-04:00,9,44.06302250,43.10153758,-8.65336425,-3.20174477,ATR_STOP,-1.03481780
BE,2024-08-26T09:45:00-04:00,2024-08-27T09:30:00-04:00,2,11.96396625,11.69134712,-0.54523827,-0.20173816,ATR_STOP,-1.03325863
ACHR,2024-08-26T10:00:00-04:00,2024-08-27T09:30:00-04:00,1,3.93514915,3.83385674,-0.10129241,-0.03747819,ATR_STOP,-1.02923898
QS,2024-08-27T10:45:00-04:00,2024-08-27T11:15:00-04:00,4,6.07955625,5.95778663,-0.48707849,-0.18021904,ATR_STOP,-1.03812253
CLOV,2024-08-26T15:45:00-04:00,2024-08-27T12:30:00-04:00,1,3.30167440,3.15107222,-0.15060218,-0.05572281,ATR_STOP,-1.01595470
GDS,2024-08-26T14:45:00-04:00,2024-08-27T15:45:00-04:00,111,16.99773875,16.59841528,-44.32490540,-16.40021500,ATR_STOP,-1.03220282
SOFI,2024-08-27T14:00:00-04:00,2024-08-27T15:45:00-04:00,1,7.75601265,7.76719590,0.01118325,0.00413780,ATR_STOP,0.11263717
CLOV,2024-08-28T10:00:00-04:00,2024-08-28T10:30:00-04:00,3,3.30327560,3.18342918,-0.35953927,-0.13302953,ATR_STOP,-1.02034245
VSXY,2024-08-27T12:00:00-04:00,2024-08-29T09:30:00-04:00,1,24.42830750,25.48087500,1.05256750,0.38944997,TARGET_GAP,2.13679702
BILL,2024-08-28T09:30:00-04:00,2024-08-29T09:45:00-04:00,35,53.04975750,55.25396605,77.14729910,28.54450067,ATR_TARGET,1.96306546
SOFI,2024-08-29T09:45:00-04:00,2024-08-29T11:15:00-04:00,4,7.77082375,8.11487589,1.37620855,0.50919716,ATR_TARGET,1.96521006
BTE,2024-08-29T13:15:00-04:00,2024-08-30T09:30:00-04:00,8,3.70277500,3.58730750,-0.92374000,-0.34178380,STOP_GAP,-2.20214904
HIVE,2024-08-29T10:15:00-04:00,2024-08-30T09:30:00-04:00,3,3.27745625,3.16728828,-0.33050391,-0.12228645,ATR_STOP,-1.02205430
RIVN,2024-08-29T10:00:00-04:00,2024-08-30T10:00:00-04:00,133,14.28070250,13.94779254,-44.27702487,-16.38249920,ATR_STOP,-1.03246699
BEKE,2024-08-30T15:15:00-04:00,2024-08-30T15:45:00-04:00,1,14.95120500,14.80228997,-0.14891503,-0.05509856,ATR_STOP,-1.08062154
AAOI,2024-08-30T09:45:00-04:00,2024-09-03T09:30:00-04:00,4,10.77087210,12.01098500,4.96045160,1.83536709,TARGET_GAP,2.57463017
GME,2024-08-30T13:45:00-04:00,2024-09-03T09:30:00-04:00,81,22.90716750,24.28289656,111.43405382,41.23059991,ATR_TARGET,1.97385017
EOSE,2024-09-03T09:30:00-04:00,2024-09-03T10:15:00-04:00,23,2.64198000,2.50594731,-3.12875198,-1.15763823,ATR_STOP,-1.01402047
NIO,2024-09-03T09:45:00-04:00,2024-09-04T15:00:00-04:00,467,4.12309000,4.21236199,41.69001996,15.42530739,ATR_STOP,0.83935653
GME,2024-09-06T09:45:00-04:00,2024-09-06T10:30:00-04:00,88,22.46783825,21.94805341,-45.74106587,-16.92419437,ATR_STOP,-1.03273002
LUMN,2024-09-06T15:15:00-04:00,2024-09-09T09:30:00-04:00,335,5.85939125,5.67485443,-61.81983618,-22.87333938,ATR_STOP,-1.02362655
TSLT,2024-09-10T09:45:00-04:00,2024-09-10T10:30:00-04:00,11,13.83036500,13.84096285,0.11657637,0.04313326,ATR_STOP,0.02185120
TSLA,2024-09-10T09:45:00-04:00,2024-09-11T10:45:00-04:00,8,221.51100875,217.10146098,-35.27638213,-13.05226139,ATR_STOP,-1.03837148
VISN,2024-09-10T14:15:00-04:00,2024-09-11T13:45:00-04:00,31,4.89867125,5.00771733,3.38042862,1.25075859,ATR_STOP,0.57390610
VISN,2024-09-11T14:45:00-04:00,2024-09-13T11:30:00-04:00,370,5.14885875,5.22726959,29.01201068,10.35072482,ATR_STOP,0.41921645
TSLL,2024-09-12T09:45:00-04:00,2024-09-16T09:30:00-04:00,1,10.94019900,10.47404374,-0.46615526,-0.17247744,ATR_STOP,-1.01715369
DDD,2024-09-13T09:45:00-04:00,2024-09-16T09:45:00-04:00,2,2.37578050,2.37821500,0.00486900,0.00180153,STOP_GAP,0.02509145
IAUX,2024-09-16T09:45:00-04:00,2024-09-16T11:00:00-04:00,14,1.12084000,1.08476079,-0.50510896,-0.18689032,ATR_STOP,-1.02308750
CLOV,2024-09-13T11:45:00-04:00,2024-09-17T09:30:00-04:00,656,2.93219750,3.14578830,140.11556698,51.84275978,ATR_TARGET,1.97813298
VISN,2024-09-16T11:15:00-04:00,2024-09-17T09:30:00-04:00,2,5.45598893,5.78519734,0.65841684,0.24361423,ATR_TARGET,1.97396404
BLNK,2024-09-16T13:45:00-04:00,2024-09-17T10:15:00-04:00,2,1.78413710,1.88155022,0.19482624,0.07208571,ATR_TARGET,1.97141984
HIVE,2024-09-17T10:30:00-04:00,2024-09-17T12:45:00-04:00,1,3.07230250,2.98589645,-0.08640605,-0.03197024,ATR_STOP,-1.02662751
BLNK,2024-09-17T12:00:00-04:00,2024-09-17T12:45:00-04:00,1,1.91643625,1.86160207,-0.05483418,-0.02028865,ATR_STOP,-1.02614764
DDD,2024-09-17T09:45:00-04:00,2024-09-17T13:45:00-04:00,810,2.49687125,2.53346702,29.64257704,10.96775350,ATR_STOP,0.39839187
BLNK,2024-09-17T15:45:00-04:00,2024-09-18T10:30:00-04:00,29,1.90132492,1.84888276,-1.52082272,-0.56270441,ATR_STOP,-1.02718084
APP,2024-09-17T15:30:00-04:00,2024-09-18T11:15:00-04:00,16,124.39322500,121.67481097,-43.49462443,-16.09301104,ATR_STOP,-1.03476265
MVST,2024-09-18T09:45:00-04:00,2024-09-18T13:00:00-04:00,3,0.34275688,0.31614355,-0.07983999,-0.02954080,ATR_STOP,-1.00899626
HIVE,2024-09-18T10:45:00-04:00,2024-09-18T14:45:00-04:00,8,3.06229500,3.11815907,0.44691255,0.16535764,ATR_STOP,0.65014779
IAUX,2024-09-18T12:15:00-04:00,2024-09-19T09:45:00-04:00,1649,1.19079242,1.14252252,-79.59706839,-29.45091531,ATR_STOP,-1.01808674
ASTS,2024-09-18T10:45:00-04:00,2024-09-19T13:45:00-04:00,1,28.68029410,29.15455986,0.47426576,0.17547833,ATR_STOP,0.38560681
APPS,2024-09-19T14:00:00-04:00,2024-09-19T15:15:00-04:00,10,3.02726875,2.92707434,-1.00194407,-0.37071931,ATR_STOP,-1.02241848
ADMA,2024-09-20T09:30:00-04:00,2024-09-20T09:30:00-04:00,1,19.90491750,19.47305281,-0.43186469,-0.15978993,ATR_STOP,-1.03502885
VISN,2024-09-20T09:45:00-04:00,2024-09-20T11:00:00-04:00,5,6.11958625,6.20573323,0.43073488,0.15937191,ATR_STOP,0.51105051
BE,2024-09-20T11:45:00-04:00,2024-09-23T09:30:00-04:00,3,10.40780000,11.00174250,1.78182750,0.65927617,TARGET_GAP,2.01897019
MVST,2024-09-20T13:15:00-04:00,2024-09-23T09:30:00-04:00,7,0.30222650,0.28478625,-0.12208175,-0.04517025,STOP_GAP,-1.02406297
TSLT,2024-09-19T10:15:00-04:00,2024-09-24T09:30:00-04:00,4,15.97197000,17.86659000,7.57848000,2.80403760,TARGET_GAP,2.38614543
TSLL,2024-09-23T09:45:00-04:00,2024-09-24T09:45:00-04:00,1,12.48936000,13.37044293,0.88108293,0.32600068,ATR_TARGET,1.97747693
ADMA,2024-09-24T09:30:00-04:00,2024-09-24T09:45:00-04:00,3,19.94494750,19.63537727,-0.92871068,-0.34362295,ATR_STOP,-1.04998628
GME,2024-09-23T09:30:00-04:00,2024-09-24T10:00:00-04:00,1,21.55615500,21.99589003,0.43973503,0.16270196,ATR_STOP,0.60202294
QS,2024-09-24T10:00:00-04:00,2024-09-24T10:15:00-04:00,12,5.89942125,5.77566500,-1.48507500,-0.54947775,STOP_GAP,-1.06633919
AMD,2024-09-19T10:00:00-04:00,2024-09-24T14:30:00-04:00,12,154.68092375,157.80931941,37.54074796,13.89007675,ATR_STOP,0.79997118
CLOV,2024-09-25T11:00:00-04:00,2024-09-25T11:45:00-04:00,1,3.03727625,2.92516479,-0.11211146,-0.04148124,ATR_STOP,-1.01997454
PLUG,2024-09-24T09:45:00-04:00,2024-09-25T13:00:00-04:00,4,2.03652625,1.96482627,-0.28679993,-0.10611598,ATR_STOP,-1.02099993
IAUX,2024-09-24T11:15:00-04:00,2024-09-26T09:45:00-04:00,85,1.11083250,1.14456435,2.86720715,0.91068959,ATR_STOP,0.82716453
TSLL,2024-09-26T09:45:00-04:00,2024-09-26T10:15:00-04:00,1,13.65023000,13.30017732,-0.35005268,-0.12951949,ATR_STOP,-1.02935460
NXE,2024-09-25T09:30:00-04:00,2024-09-26T10:45:00-04:00,284,6.60495000,6.68411536,22.48296263,8.31869617,ATR_STOP,0.69900984
PLUG,2024-09-26T10:00:00-04:00,2024-09-26T10:45:00-04:00,46,2.08366158,2.00404578,-3.66232641,-1.35506077,ATR_STOP,-1.01925658
JMIA,2024-09-26T11:15:00-04:00,2024-09-26T14:30:00-04:00,410,4.86364500,5.16729880,124.49805926,46.06428193,ATR_TARGET,1.97477739
HIVE,2024-09-26T09:45:00-04:00,2024-09-26T15:30:00-04:00,3,3.39754625,3.42159563,0.07214815,0.02669481,ATR_STOP,0.25936798
JMIA,2024-09-26T14:45:00-04:00,2024-09-27T09:30:00-04:00,400,5.18388500,5.51981694,134.37277526,49.71792685,ATR_TARGET,1.97563496
DDD,2024-09-26T13:15:00-04:00,2024-09-27T09:45:00-04:00,1,2.59194250,2.75733529,0.16539279,0.06119533,ATR_TARGET,1.97528335
NIO,2024-09-27T09:45:00-04:00,2024-09-27T10:15:00-04:00,357,6.06954875,6.50004309,153.68647964,56.86399747,ATR_TARGET,1.97758845
KC,2024-09-27T09:45:00-04:00,2024-09-30T09:30:00-04:00,1,2.91218250,3.24756250,0.33538000,0.12409060,TARGET_GAP,2.99259331
GDS,2024-09-27T10:30:00-04:00,2024-09-30T09:30:00-04:00,106,21.24592250,22.62021901,145.67543002,53.89990911,ATR_TARGET,1.97559375
DDD,2024-09-30T09:30:00-04:00,2024-09-30T10:15:00-04:00,1,2.90217500,2.80042410,-0.10175090,-0.03764783,ATR_STOP,-1.02109298
YINN,2024-09-30T09:45:00-04:00,2024-09-30T11:15:00-04:00,6,39.96995500,38.74777633,-7.33307199,-2.71323664,ATR_STOP,-1.02437578
KC,2024-09-30T09:45:00-04:00,2024-09-30T11:30:00-04:00,677,3.10232500,2.95212966,-101.68224372,-37.62243018,ATR_STOP,-1.01497341
EOSE,2024-09-30T10:45:00-04:00,2024-09-30T15:00:00-04:00,2,2.69211758,2.90683758,0.42944001,0.15889280,ATR_TARGET,1.97988246
JMIA,2024-09-30T14:00:00-04:00,2024-09-30T15:30:00-04:00,377,5.43907625,5.24867018,-71.78308788,-26.55974252,ATR_STOP,-1.02112688
LUMN,2024-09-27T10:30:00-04:00,2024-10-01T09:30:00-04:00,2,7.19539250,6.99199558,-0.40679385,-0.15051372,ATR_STOP,-1.02648478
TSLA,2024-10-01T09:30:00-04:00,2024-10-01T09:30:00-04:00,7,262.86700250,258.68621092,-29.26554109,-10.82825020,ATR_STOP,-1.04870284
SOXL,2024-10-01T09:30:00-04:00,2024-10-01T09:30:00-04:00,4,36.61744250,35.37890512,-4.95414952,-1.83303532,ATR_STOP,-1.02190962
TSLL,2024-10-01T09:30:00-04:00,2024-10-01T09:30:00-04:00,1,13.95045500,13.52807237,-0.42238263,-0.15628157,ATR_STOP,-1.02463114
PLTR,2024-09-30T11:30:00-04:00,2024-10-01T10:15:00-04:00,6,37.04956635,36.56249495,-2.92242842,-1.08129852,ATR_STOP,-1.05970567
IAUX,2024-10-01T09:45:00-04:00,2024-10-01T10:15:00-04:00,1704,1.17588125,1.18120459,9.07096827,3.35625826,ATR_STOP,0.16783988
YINN,2024-10-01T11:45:00-04:00,2024-10-02T09:30:00-04:00,56,39.53953243,49.04319000,532.20482420,196.91578495,TARGET_GAP,5.85341298
WTI,2024-10-01T12:30:00-04:00,2024-10-02T09:30:00-04:00,7,2.23047160,2.39820000,1.17409880,0.43441656,TARGET_GAP,2.62728427
IAUX,2024-10-02T09:30:00-04:00,2024-10-07T12:00:00-04:00,2249,1.14085500,1.09543734,-102.14431718,-37.79339736,ATR_STOP,-1.01843673
MU,2024-10-07T12:30:00-04:00,2024-10-07T14:45:00-04:00,24,103.67770000,102.19184591,-35.66049816,-13.19438432,ATR_STOP,-1.05443087
BLNK,2024-10-07T12:45:00-04:00,2024-10-08T13:00:00-04:00,7,1.93144750,1.86390050,-0.47282902,-0.17494674,ATR_STOP,-1.02114915
ACHR,2024-10-07T15:00:00-04:00,2024-10-08T13:00:00-04:00,795,3.10222492,3.02514497,-61.27856625,-22.67306951,ATR_STOP,-1.03035129
ACHR,2024-10-15T09:45:00-04:00,2024-10-15T10:30:00-04:00,769,3.10732875,3.04816676,-45.49557304,-16.83336203,ATR_STOP,-1.04022637
PLUG,2024-10-15T11:15:00-04:00,2024-10-15T15:00:00-04:00,1112,2.12159000,2.05422177,-74.91346994,-27.71798388,ATR_STOP,-1.02342256
PLTR,2024-10-17T09:45:00-04:00,2024-10-17T09:45:00-04:00,3,42.62124198,42.00204069,-1.85760385,-0.81241900,ATR_STOP,-1.05364379
APP,2024-10-17T09:45:00-04:00,2024-10-17T10:00:00-04:00,15,146.23959750,144.21598754,-30.35414942,-11.23103528,ATR_STOP,-1.05651303
AMC,2024-10-17T12:30:00-04:00,2024-10-17T14:30:00-04:00,545,4.22716800,4.16151071,-35.78322525,-13.23979334,ATR_STOP,-1.04994858
BLNK,2024-10-17T14:45:00-04:00,2024-10-18T10:00:00-04:00,1122,2.03332385,2.11719556,94.10406277,34.81850322,ATR_TARGET,1.96281129
QUBT,2024-10-18T11:30:00-04:00,2024-10-18T13:45:00-04:00,10,0.99694715,0.91425184,-0.82695305,-0.30597263,ATR_STOP,-1.00836741
IAUX,2024-10-18T09:45:00-04:00,2024-10-21T09:30:00-04:00,2,1.15586625,1.24906250,0.18639250,0.06896522,TARGET_GAP,2.30595924
APP,2024-10-18T10:15:00-04:00,2024-10-21T09:30:00-04:00,16,145.65916250,149.80719090,66.36845437,24.55632812,ATR_TARGET,1.94721720
HIVE,2024-10-18T14:00:00-04:00,2024-10-21T09:30:00-04:00,2,3.73780125,3.61009610,-0.25541030,-0.09450181,ATR_STOP,-1.02167761
PRME,2024-10-21T09:30:00-04:00,2024-10-21T10:30:00-04:00,1,4.30322500,4.15887625,-0.14434875,-0.05340904,ATR_STOP,-1.02210266
QUBT,2024-10-21T09:45:00-04:00,2024-10-21T10:30:00-04:00,1361,0.97312930,1.12409443,205.46354758,76.02151260,ATR_TARGET,1.98888466
IAUX,2024-10-21T09:45:00-04:00,2024-10-21T14:45:00-04:00,865,1.22091500,1.17139064,-42.83857040,-15.85027105,ATR_STOP,-1.01807379
CAPR,2024-10-21T10:45:00-04:00,2024-10-22T09:30:00-04:00,74,19.59468500,20.17807379,43.17077074,15.97318517,ATR_STOP,0.62105466
BLNK,2024-10-21T15:45:00-04:00,2024-10-22T09:45:00-04:00,1,2.10157500,2.05684399,-0.04473101,-0.01655047,ATR_STOP,-1.03574648
PLUG,2024-10-21T15:15:00-04:00,2024-10-22T10:00:00-04:00,443,2.33675125,2.26389400,-32.27576112,-11.94203161,ATR_STOP,-1.02387916
ASTS,2024-10-22T10:15:00-04:00,2024-10-22T13:15:00-04:00,35,28.69150250,27.54744268,-40.04209362,-14.81557464,ATR_STOP,-1.01840519
PLUG,2024-10-22T13:00:00-04:00,2024-10-22T15:30:00-04:00,6,2.32314105,2.23574363,-0.52438455,-0.19402228,ATR_STOP,-1.01957628
ACHR,2024-10-22T15:45:00-04:00,2024-10-23T09:30:00-04:00,301,3.28706345,3.48270191,58.88717659,21.78825534,ATR_TARGET,1.97362971
VISN,2024-10-23T10:00:00-04:00,2024-10-23T10:45:00-04:00,8,6.21465750,6.25628635,0.33303077,0.12322138,ATR_STOP,0.21246576
QUBT,2024-10-23T10:45:00-04:00,2024-10-23T11:45:00-04:00,3,1.13585125,1.05312707,-0.24817253,-0.09182384,ATR_STOP,-1.00964728
SOFI,2024-10-22T09:45:00-04:00,2024-10-23T13:00:00-04:00,140,10.54330155,10.34681039,-27.50876261,-10.17824217,ATR_STOP,-1.04114941
APP,2024-10-23T09:45:00-04:00,2024-10-23T13:00:00-04:00,6,162.61186750,159.85176810,-16.56059641,-6.12742067,ATR_STOP,-1.04544444
VISN,2024-10-23T15:30:00-04:00,2024-10-24T14:30:00-04:00,399,6.20965375,6.30069592,36.32582660,13.44055584,ATR_STOP,0.48436259
AMC,2024-10-25T09:30:00-04:00,2024-10-25T10:45:00-04:00,1,4.35326250,4.48236807,0.12910557,0.04776906,ATR_TARGET,1.94920657
HIVE,2024-10-24T15:30:00-04:00,2024-10-25T11:45:00-04:00,671,3.72178925,3.75357514,21.32833040,7.89148225,ATR_STOP,0.30046298
PLUG,2024-10-25T11:00:00-04:00,2024-10-25T13:15:00-04:00,2,2.26169500,2.17438942,-0.17461115,-0.06460613,ATR_STOP,-1.01904924
LUMN,2024-10-25T12:45:00-04:00,2024-10-29T09:30:00-04:00,387,6.48986375,6.31026375,-69.50520000,-25.71692400,STOP_GAP,-1.06561506
EOSE,2024-10-29T09:45:00-04:00,2024-10-29T10:15:00-04:00,34,3.48261000,3.37883360,-3.52839745,-1.30550706,ATR_STOP,-1.02504957
APP,2024-10-29T09:45:00-04:00,2024-10-29T13:30:00-04:00,14,167.96588000,171.83955204,54.23140862,20.06562119,ATR_TARGET,1.93555447
EOSE,2024-10-29T12:00:00-04:00,2024-10-29T14:30:00-04:00,1,3.56267000,3.43075475,-0.13191525,-0.04880864,ATR_STOP,-1.01990871
LUMN,2024-10-29T15:00:00-04:00,2024-10-30T09:30:00-04:00,366,6.52478993,6.72969788,74.99631267,27.74863569,ATR_TARGET,1.95188526
GME,2024-10-29T11:45:00-04:00,2024-10-30T09:45:00-04:00,5,22.92718250,24.40300220,7.37909851,2.73026645,ATR_TARGET,1.97548283
QUBT,2024-10-30T10:45:00-04:00,2024-10-30T12:15:00-04:00,1,1.29096750,1.17703418,-0.11393332,-0.04215533,ATR_STOP,-1.00781459
SOFI,2024-10-30T09:45:00-04:00,2024-10-30T15:30:00-04:00,222,10.93819750,11.24051923,67.11542301,24.83270651,ATR_STOP,0.73312187
VISN,2024-10-30T10:00:00-04:00,2024-10-31T09:30:00-04:00,18,7.00024625,6.77677508,-4.02248115,-1.48831802,ATR_STOP,-1.02329098
TNYA,2024-11-07T09:45:00-05:00,2024-11-07T11:00:00-05:00,3,2.35676625,2.69275980,1.00798066,0.32437095,ATR_TARGET,1.98804143
QUBT,2024-11-08T10:00:00-05:00,2024-11-08T10:30:00-05:00,1,1.45108750,1.29714255,-0.15394495,-0.05695963,ATR_STOP,-1.00636451
ACHR,2024-11-08T09:45:00-05:00,2024-11-08T11:00:00-05:00,2,3.83787625,3.88313663,0.09052075,0.03349268,ATR_STOP,0.26491776
SOFI,2024-11-07T09:45:00-05:00,2024-11-08T12:15:00-05:00,213,12.01900750,12.48151254,98.51357347,36.45002218,ATR_TARGET,1.96029374
SOFI,2024-11-08T12:30:00-05:00,2024-11-11T09:30:00-05:00,209,12.52438625,13.59979250,224.75990625,83.16116531,TARGET_GAP,3.81002767
HIVE,2024-11-08T13:00:00-05:00,2024-11-11T09:30:00-05:00,1,4.66349500,5.09617500,0.43268000,0.16009160,TARGET_GAP,2.49442010
QUBT,2024-11-11T09:30:00-05:00,2024-11-11T09:45:00-05:00,1177,1.50112500,1.39521365,-124.65765569,-46.12333261,ATR_STOP,-1.00998621
PLTR,2024-11-11T09:45:00-05:00,2024-11-11T10:30:00-05:00,16,58.98420500,61.46795136,39.73994180,14.70377847,ATR_TARGET,1.96352750
AFRM,2024-11-11T09:45:00-05:00,2024-11-11T10:30:00-05:00,1,48.82649243,53.50970994,4.68321752,1.73279048,ATR_TARGET,1.98299421
LUMN,2024-11-08T11:30:00-05:00,2024-11-11T12:45:00-05:00,1,9.60019475,10.31955707,0.71936232,0.26616406,ATR_TARGET,1.97869511
ERAS,2024-11-11T15:00:00-05:00,2024-11-12T09:30:00-05:00,3,3.16737375,3.06769750,-0.29902875,-0.11064064,STOP_GAP,-1.22976304
ACHR,2024-11-12T09:30:00-05:00,2024-11-12T12:00:00-05:00,2,4.41330750,4.51220467,0.19779433,0.07318390,ATR_STOP,0.56534514
RIVN,2024-11-11T10:45:00-05:00,2024-11-13T09:30:00-05:00,249,10.89816750,11.77116500,217.37637750,80.42925967,TARGET_GAP,1.99070868
ACHR,2024-11-12T14:45:00-05:00,2024-11-13T09:30:00-05:00,2,4.81861125,4.63225574,-0.37271102,-0.13790308,ATR_STOP,-1.01901150
QUBT,2024-11-13T10:30:00-05:00,2024-11-13T11:15:00-05:00,1,1.57177795,1.79288291,0.22110496,0.08180884,ATR_TARGET,1.98790139
QUBT,2024-11-13T12:45:00-05:00,2024-11-13T13:00:00-05:00,1,1.87140250,2.24832042,0.37691792,0.13945963,ATR_TARGET,1.99108567
ABCL,2024-11-13T09:45:00-05:00,2024-11-13T14:30:00-05:00,63,3.06229500,2.95334349,-6.86394532,-2.53965977,ATR_STOP,-1.02076801
INTC,2024-11-13T15:45:00-05:00,2024-11-14T12:15:00-05:00,7,25.11382125,25.15791112,0.30862912,0.11419278,ATR_STOP,0.12943211
AMC,2024-11-14T14:45:00-05:00,2024-11-14T15:30:00-05:00,37,4.70852875,4.58366076,-4.62011570,-1.70944281,ATR_STOP,-1.02833231
NXE,2024-11-15T10:15:00-05:00,2024-11-15T11:30:00-05:00,1,7.69576750,7.46769281,-0.22807469,-0.08438763,ATR_STOP,-1.02519432
PLTR,2024-11-15T09:45:00-05:00,2024-11-15T12:15:00-05:00,2,63.18735500,63.28233049,0.18995098,0.07028186,ATR_STOP,0.05370529
TSLL,2024-11-15T10:00:00-05:00,2024-11-18T09:30:00-05:00,2,18.40739520,20.98425000,5.15370960,1.90687255,TARGET_GAP,2.37849966
GME,2024-11-13T09:45:00-05:00,2024-11-18T09:45:00-05:00,97,27.48059500,26.15720639,-128.36869470,-47.49641704,ATR_STOP,-1.01505852
SOFI,2024-11-15T15:30:00-05:00,2024-11-18T09:45:00-05:00,10,13.63021500,13.75917756,1.28962557,0.47716146,ATR_STOP,0.51334157
SOFI,2024-11-18T10:15:00-05:00,2024-11-18T13:45:00-05:00,193,14.08055250,13.72409758,-68.79579991,-25.45444597,ATR_STOP,-1.02975784
ACHR,2024-11-18T09:45:00-05:00,2024-11-18T14:00:00-05:00,9,4.23817625,4.34538835,0.96490887,0.35701628,ATR_STOP,0.80373977
EVLV,2024-11-18T15:45:00-05:00,2024-11-19T09:30:00-05:00,1025,2.64698375,2.56008033,-89.07600190,-32.95812070,ATR_STOP,-1.02261071
ACHR,2024-11-19T09:45:00-05:00,2024-11-19T13:15:00-05:00,578,4.59334243,4.90585148,180.63023273,66.83318611,ATR_TARGET,1.97670934
BE,2024-11-19T14:15:00-05:00,2024-11-20T09:30:00-05:00,114,24.19813500,23.00273500,-136.27560000,-50.42197200,STOP_GAP,-1.12422793
PLUG,2024-11-18T11:15:00-05:00,2024-11-20T09:30:00-05:00,4,1.97648125,1.89808773,-0.31357409,-0.11602241,ATR_STOP,-1.01850922
MVST,2024-11-19T14:30:00-05:00,2024-11-20T09:45:00-05:00,21,0.59144325,0.52662637,-1.36115451,-0.50362717,ATR_STOP,-1.00613561
PLTR,2024-11-20T09:30:00-05:00,2024-11-20T09:45:00-05:00,42,62.63694250,61.50467910,-47.55506266,-17.59537318,ATR_STOP,-1.04250356
GME,2024-11-20T09:30:00-05:00,2024-11-20T10:45:00-05:00,1,27.28044500,28.46905106,1.18860606,0.43978424,ATR_TARGET,1.96468054
AMC,2024-11-20T13:15:00-05:00,2024-11-20T13:45:00-05:00,4,4.55341250,4.42391787,-0.51797850,-0.19165205,ATR_STOP,-1.02631623
BE,2024-11-20T13:00:00-05:00,2024-11-21T09:30:00-05:00,4,24.98872750,23.97309572,-4.06252711,-1.50313503,ATR_STOP,-1.01803591
TWLO,2024-11-20T10:45:00-05:00,2024-11-21T10:00:00-05:00,26,97.76827125,100.95443734,82.84031839,30.65091780,ATR_TARGET,1.95354134
SOFI,2024-11-20T15:30:00-05:00,2024-11-21T10:30:00-05:00,1,14.64597625,14.71231259,0.06633634,0.02454445,ATR_STOP,0.27608975
BTE,2024-11-21T09:30:00-05:00,2024-11-21T11:30:00-05:00,1,3.02226500,3.03312566,0.01086066,0.00401844,ATR_STOP,0.24826083
AFRM,2024-11-21T09:45:00-05:00,2024-11-21T12:00:00-05:00,1,63.72776000,66.29601996,2.56825996,0.95025619,ATR_TARGET,1.96198704
ACHR,2024-11-21T11:15:00-05:00,2024-11-21T13:15:00-05:00,1,5.33399750,5.79612734,0.46212984,0.17098804,ATR_TARGET,1.98134815
SOFI,2024-11-21T11:00:00-05:00,2024-11-21T15:30:00-05:00,175,15.06629125,15.25671781,33.32464786,12.33011971,ATR_STOP,0.54616191
CCJ,2024-11-21T12:30:00-05:00,2024-11-22T09:30:00-05:00,1,59.46456500,60.11488000,0.65031500,0.24061655,STOP_GAP,0.65782542
CLOV,2024-11-21T12:00:00-05:00,2024-11-22T09:45:00-05:00,1,3.40255000,3.32416559,-0.07838441,-0.02900223,ATR_STOP,-1.03287673
NXE,2024-11-21T12:30:00-05:00,2024-11-22T09:45:00-05:00,1,8.64147625,8.69028272,0.04880647,0.01805840,ATR_STOP,0.26534597
EVLV,2024-11-21T13:45:00-05:00,2024-11-22T13:00:00-05:00,2,2.96792428,3.06075189,0.18565522,0.06869243,ATR_STOP,0.75528902
KC,2024-11-22T09:45:00-05:00,2024-11-22T14:00:00-05:00,5,6.24668150,6.89749574,3.25407120,1.20400634,ATR_TARGET,1.98421624
QUBT,2024-11-22T13:30:00-05:00,2024-11-22T14:15:00-05:00,1,5.10282425,6.11748567,1.01466142,0.37542472,ATR_TARGET,1.99099035
NIO,2024-11-22T10:00:00-05:00,2024-11-22T14:45:00-05:00,2,4.76206887,4.81322635,0.10231494,0.03785653,ATR_STOP,0.42263898
IAUX,2024-11-22T15:30:00-05:00,2024-11-22T15:45:00-05:00,36,0.66890130,0.63726228,-1.13900464,-0.42143172,ATR_STOP,-1.01534963
TWLO,2024-11-22T09:45:00-05:00,2024-11-25T09:30:00-05:00,26,103.25738500,106.11217309,74.22449027,27.46306140,ATR_TARGET,1.94571770
APPS,2024-11-22T09:45:00-05:00,2024-11-25T09:30:00-05:00,2,1.56117000,1.48319761,-0.15594478,-0.05769957,ATR_STOP,-1.01448407
EOSE,2024-11-22T11:15:00-05:00,2024-11-25T09:30:00-05:00,1,2.57693125,2.63935553,0.06242428,0.02309699,ATR_STOP,0.53493424
BE,2024-11-22T15:30:00-05:00,2024-11-25T09:45:00-05:00,1,25.90941750,26.04161536,0.13219786,0.04891321,ATR_STOP,0.19902214
TNYA,2024-11-25T09:30:00-05:00,2024-11-25T09:45:00-05:00,9,2.42181500,2.44944481,0.24866831,0.09200727,ATR_STOP,0.33505234
TSLT,2024-11-25T09:45:00-05:00,2024-11-25T09:45:00-05:00,86,31.65372250,30.55208593,-94.74074514,-35.05407570,ATR_STOP,-1.02125813
IAUX,2024-11-25T15:00:00-05:00,2024-11-25T15:45:00-05:00,2,0.69852350,0.67139882,-0.05424936,-0.02007226,ATR_STOP,-1.01892986
AFRM,2024-11-25T10:30:00-05:00,2024-11-26T09:30:00-05:00,38,69.97744375,67.83885016,-81.26655658,-30.06862593,ATR_STOP,-1.02438947
JMIA,2024-11-26T09:45:00-05:00,2024-11-26T10:15:00-05:00,65,4.28441090,4.12093454,-10.62596327,-3.93160641,ATR_STOP,-1.01928517
CLOV,2024-11-25T10:30:00-05:00,2024-11-26T10:45:00-05:00,19,3.50262500,3.40205971,-1.91074048,-0.70697398,ATR_STOP,-1.02605257
IAUX,2024-11-26T10:45:00-05:00,2024-11-26T12:45:00-05:00,384,0.71463557,0.74047845,9.92366391,3.67175565,ATR_STOP,0.76692616
AMC,2024-11-26T13:30:00-05:00,2024-11-26T14:15:00-05:00,5,4.96361993,4.79349453,-0.85062696,-0.31473198,ATR_STOP,-1.02160495
GME,2024-11-26T13:30:00-05:00,2024-11-26T14:45:00-05:00,10,32.00398500,30.70234738,-13.01637618,-4.81605919,ATR_STOP,-1.01802296
APP,2024-11-26T09:45:00-05:00,2024-11-27T09:30:00-05:00,7,332.59926250,322.30032881,-72.09253585,-26.67423827,ATR_STOP,-1.02405350
MVST,2024-11-27T10:00:00-05:00,2024-11-27T10:45:00-05:00,1,0.82671957,0.77247620,-0.05424337,-0.02007005,ATR_STOP,-1.01080420
CLOV,2024-11-26T15:45:00-05:00,2024-11-27T11:15:00-05:00,98,3.42256500,3.34900539,-7.20884143,-2.66727133,ATR_STOP,-1.03538046
SEDG,2024-11-27T11:30:00-05:00,2024-11-27T14:00:00-05:00,21,15.28145250,14.45008028,-17.45881661,-6.45976215,ATR_STOP,-1.01321797
PLUG,2024-11-27T09:45:00-05:00,2024-11-27T15:45:00-05:00,1,2.22166500,2.12630199,-0.09536301,-0.03528431,ATR_STOP,-1.01702008
GME,2024-11-27T14:45:00-05:00,2024-11-29T09:30:00-05:00,9,31.50671233,30.51987516,-8.88153444,-3.28616774,ATR_STOP,-1.02376426
EVLV,2024-11-27T12:00:00-05:00,2024-11-29T10:00:00-05:00,3,3.75361310,4.09765775,1.03213394,0.38188956,ATR_TARGET,1.98227963
JMIA,2024-11-27T09:45:00-05:00,2024-11-29T12:00:00-05:00,567,4.02281485,3.89787819,-70.83908445,-26.21046125,ATR_STOP,-1.02397818
QS,2024-11-27T15:00:00-05:00,2024-12-02T09:30:00-05:00,5,5.21390750,5.37846501,0.82278755,0.30443140,ATR_TARGET,1.95211138
RIVN,2024-11-29T10:15:00-05:00,2024-12-02T09:30:00-05:00,1,12.33924750,11.94930229,-0.38994521,-0.14427973,ATR_STOP,-1.02354135
TSLL,2024-11-29T13:00:00-05:00,2024-12-02T09:30:00-05:00,104,21.37602000,22.58387092,125.61649527,46.47810325,ATR_TARGET,1.97232104
VUZI,2024-11-29T09:45:00-05:00,2024-12-02T09:45:00-05:00,119,2.36187008,2.72130544,42.77280830,15.82593907,ATR_TARGET,1.98869911
AMC,2024-12-02T09:45:00-05:00,2024-12-02T12:15:00-05:00,1,5.14885875,4.99205790,-0.15680085,-0.05801631,ATR_STOP,-1.02448060
STX,2024-12-02T10:00:00-05:00,2024-12-02T12:45:00-05:00,2,103.01720500,103.58993850,1.14546700,0.42382279,ATR_STOP,0.42924813
MVST,2024-12-02T10:30:00-05:00,2024-12-02T12:45:00-05:00,2,0.87065250,1.02319259,0.30508019,0.11287967,ATR_TARGET,1.98998134
SOXL,2024-12-02T09:45:00-05:00,2024-12-02T14:00:00-05:00,80,29.17686625,30.01656679,67.17604327,24.85513601,ATR_STOP,0.94101636
VUZI,2024-12-02T10:00:00-05:00,2024-12-02T15:15:00-05:00,37,2.72804450,2.45518351,-10.09585650,-3.73546690,ATR_STOP,-1.00679943
MRNA,2024-12-02T15:30:00-05:00,2024-12-03T09:30:00-05:00,2,44.42829625,43.58671666,-1.68315918,-0.62276890,ATR_STOP,-1.04044503
CLOV,2024-12-02T15:30:00-05:00,2024-12-03T09:30:00-05:00,7,3.45989298,3.37702108,-0.58010325,-0.21463820,ATR_STOP,-1.03155034
MNSO,2024-12-02T15:15:00-05:00,2024-12-03T09:45:00-05:00,113,22.74204375,23.90826177,131.78263596,48.75957530,ATR_TARGET,1.96969225
NVTS,2024-12-03T09:45:00-05:00,2024-12-03T10:00:00-05:00,35,3.19739625,3.01707333,-6.31130237,-2.33518188,ATR_STOP,-1.01271775
KC,2024-12-02T09:45:00-05:00,2024-12-04T13:15:00-05:00,2,7.56567000,8.08381934,1.03629867,0.38343051,ATR_STOP,1.21128622
VISN,2024-12-03T11:15:00-05:00,2024-12-04T15:45:00-05:00,28,4.96872375,5.36035418,10.96565201,4.05729124,ATR_TARGET,1.97966260
CLOV,2024-12-05T09:30:00-05:00,2024-12-05T09:45:00-05:00,1,3.44258000,3.46240125,0.01982125,0.00733386,STOP_GAP,0.37470031
QUBT,2024-12-04T14:00:00-05:00,2024-12-05T09:45:00-05:00,2,7.20540000,6.68824092,-1.03431817,-0.38269772,ATR_STOP,-1.00980192
VISN,2024-12-05T09:30:00-05:00,2024-12-05T10:30:00-05:00,23,5.36402000,5.20502083,-3.65698088,-1.35308293,ATR_STOP,-1.02518946
PLUG,2024-12-05T11:00:00-05:00,2024-12-05T12:00:00-05:00,55,2.21195773,2.43475444,12.25381943,4.53391319,ATR_TARGET,1.98372894
AFRM,2024-12-03T10:00:00-05:00,2024-12-05T13:15:00-05:00,37,70.89813375,68.79183530,-77.93304259,-28.83522576,ATR_STOP,-1.02512944
MRNA,2024-12-05T12:15:00-05:00,2024-12-05T13:30:00-05:00,2,44.33222425,43.09689219,-2.47066412,-0.91414573,ATR_STOP,-1.02688889
AMC,2024-12-05T12:15:00-05:00,2024-12-05T13:45:00-05:00,8,5.07880625,5.31865478,1.91878824,0.70995165,ATR_TARGET,1.96725741
AMC,2024-12-05T14:00:00-05:00,2024-12-05T14:30:00-05:00,14,5.16887375,5.49950483,4.62883519,1.71266902,ATR_TARGET,1.97533911
EOSE,2024-12-05T10:15:00-05:00,2024-12-05T15:30:00-05:00,1,3.01726125,3.08198113,0.06471988,0.02394635,ATR_STOP,0.55958617
CCJ,2024-12-05T13:45:00-05:00,2024-12-06T10:00:00-05:00,43,61.18585500,61.46101000,11.83166484,4.37771599,ATR_STOP,0.31519375
RIVN,2024-12-05T10:00:00-05:00,2024-12-06T10:45:00-05:00,1,12.56942000,13.26747935,0.69805935,0.25828196,ATR_TARGET,1.97187053
PLUG,2024-12-06T10:15:00-05:00,2024-12-06T12:00:00-05:00,266,2.57693125,2.39783054,-47.64078774,-17.62709147,ATR_STOP,-1.01015066
QUBT,2024-12-05T14:45:00-05:00,2024-12-06T13:00:00-05:00,9,7.69576750,8.02418173,2.95572807,1.09361938,ATR_STOP,0.56340972
RIVN,2024-12-06T11:00:00-05:00,2024-12-06T13:15:00-05:00,1,13.27855145,12.81317645,-0.46537500,-0.17218875,ATR_STOP,-1.02110132
TSLL,2024-12-06T15:00:00-05:00,2024-12-06T15:45:00-05:00,3,25.61920000,26.85912192,3.71976575,1.37631333,ATR_TARGET,1.96800292
APP,2024-12-06T12:15:00-05:00,2024-12-09T09:30:00-05:00,1,410.41758250,369.72250000,-40.69508250,-15.05718053,STOP_GAP,-3.02000415
ACHR,2024-12-06T10:15:00-05:00,2024-12-09T09:30:00-05:00,239,8.17612750,7.65776517,-123.88859573,-45.83878042,ATR_STOP,-1.01121239
VSXY,2024-12-09T09:30:00-05:00,2024-12-09T09:30:00-05:00,9,48.03600000,46.47731878,-14.02813100,-5.19040847,ATR_STOP,-1.02289291
TNYA,2024-12-09T09:30:00-05:00,2024-12-09T10:00:00-05:00,11,3.67275250,3.94085838,2.94916465,1.09119092,ATR_TARGET,1.97817589
NVTS,2024-12-09T09:45:00-05:00,2024-12-09T10:30:00-05:00,477,3.91743587,4.40127757,230.79248633,85.39321994,ATR_TARGET,1.98643757
KC,2024-12-06T12:30:00-05:00,2024-12-09T10:45:00-05:00,26,9.31778310,8.92682653,-10.16487075,-3.76100218,ATR_STOP,-1.01743665
VUZI,2024-12-09T10:15:00-05:00,2024-12-09T11:00:00-05:00,14,2.95721625,2.75118921,-2.88437860,-1.06722008,ATR_STOP,-1.01012414
EOSE,2024-12-09T09:45:00-05:00,2024-12-09T13:45:00-05:00,132,3.27225235,3.30829186,4.75721518,1.76016962,ATR_STOP,0.29674651
APPS,2024-12-09T10:45:00-05:00,2024-12-09T14:30:00-05:00,1270,1.58618875,1.51910861,-85.19177211,-31.52095568,ATR_STOP,-1.01729129
VSXY,2024-12-09T14:15:00-05:00,2024-12-10T09:30:00-05:00,9,48.19612000,46.83519620,-12.24831422,-4.53187626,ATR_STOP,-1.02651496
MRNA,2024-12-09T15:15:00-05:00,2024-12-10T09:30:00-05:00,42,45.97535568,44.90893859,-44.78951739,-16.57212144,ATR_STOP,-1.03263935
TSLL,2024-12-10T09:30:00-05:00,2024-12-10T10:00:00-05:00,1,27.46058000,29.49249190,2.03191190,0.75180740,ATR_TARGET,1.97844649
JMIA,2024-12-09T11:30:00-05:00,2024-12-10T11:00:00-05:00,54,5.07380250,4.77993097,-15.86906256,-5.87155315,ATR_STOP,-1.01235907
ACHR,2024-12-10T09:45:00-05:00,2024-12-10T11:30:00-05:00,3,7.97597750,7.61578041,-1.08059127,-0.39981877,ATR_STOP,-1.01612533
PLTR,2024-12-10T09:45:00-05:00,2024-12-10T13:00:00-05:00,31,74.52585250,72.10901313,-74.92202049,-27.72114758,ATR_STOP,-1.02290683
VUZI,2024-12-10T12:15:00-05:00,2024-12-10T15:15:00-05:00,95,3.02226500,3.07020581,4.55437665,1.68511936,ATR_STOP,0.22373647
MVST,2024-12-10T13:00:00-05:00,2024-12-11T09:30:00-05:00,1,1.31088243,1.20909250,-0.10178993,-0.03766227,STOP_GAP,-1.00921976
ABCL,2024-12-10T14:00:00-05:00,2024-12-11T09:30:00-05:00,741,3.05338832,2.98737833,-48.91340884,-18.09796127,ATR_STOP,-1.03516220
BEKE,2024-12-11T09:45:00-05:00,2024-12-11T10:30:00-05:00,122,20.66548750,20.25370774,-50.23713031,-18.58773822,ATR_STOP,-1.03833213
VISN,2024-12-10T11:00:00-05:00,2024-12-11T11:45:00-05:00,5,5.49912125,5.82740681,1.64142781,0.60732829,ATR_TARGET,1.97370382
MVST,2024-12-11T10:15:00-05:00,2024-12-11T12:45:00-05:00,2,1.38103500,1.25811148,-0.24584704,-0.09096340,ATR_STOP,-1.00774142
JMIA,2024-12-11T12:00:00-05:00,2024-12-12T09:30:00-05:00,513,4.90477582,4.70646750,-101.73217073,-37.64090317,STOP_GAP,-1.01893347
DDD,2024-12-11T13:30:00-05:00,2024-12-12T09:30:00-05:00,1,3.45158675,3.71428022,0.26269347,-0.14136430,ATR_TARGET,1.97899813
AFRM,2024-12-12T09:45:00-05:00,2024-12-12T10:00:00-05:00,1,70.88812625,69.15602465,-1.73210160,-0.64087759,ATR_STOP,-1.03089280
YINN,2024-12-12T09:45:00-05:00,2024-12-12T10:00:00-05:00,1,30.75304750,30.20314657,-0.54990093,-0.20346335,ATR_STOP,-1.04299697
DDD,2024-12-12T09:45:00-05:00,2024-12-12T11:00:00-05:00,612,3.54265500,3.89986843,218.61461654,80.88740812,ATR_TARGET,1.98374470
CGTX,2024-12-12T10:45:00-05:00,2024-12-13T09:30:00-05:00,3,0.51628693,0.47639732,-0.11966881,-0.04427746,ATR_STOP,-1.00904497
VISN,2024-12-12T14:30:00-05:00,2024-12-13T09:30:00-05:00,396,5.81435750,5.68223901,-52.31892015,-19.35800046,ATR_STOP,-1.03335751
TWLO,2024-12-12T09:45:00-05:00,2024-12-13T09:45:00-05:00,2,114.19558250,113.77550432,-0.84015635,-0.31085785,STOP_GAP,-0.24957051
SOFI,2024-12-13T09:45:00-05:00,2024-12-13T11:00:00-05:00,3,16.14710125,15.77849282,-1.10582530,-0.40915536,ATR_STOP,-1.03319476
RIVN,2024-12-12T10:15:00-05:00,2024-12-16T09:30:00-05:00,7,13.98548125,14.72913071,5.20554625,1.92605211,ATR_TARGET,1.97070340
EOSE,2024-12-12T10:30:00-05:00,2024-12-16T09:30:00-05:00,1,3.30247500,3.54938233,0.24690733,0.09135571,ATR_TARGET,1.97865112
PLTR,2024-12-13T09:45:00-05:00,2024-12-16T09:30:00-05:00,33,74.13556000,77.53835270,112.29215908,41.54809886,ATR_TARGET,1.96636950
VISN,2024-12-13T15:45:00-05:00,2024-12-16T09:30:00-05:00,1,5.82936875,5.69871828,-0.13065047,-0.04834067,ATR_STOP,-1.03384615
SOFI,2024-12-13T12:15:00-05:00,2024-12-16T09:45:00-05:00,3,16.33254022,16.36771500,0.10552432,0.03904400,STOP_GAP,0.09358074
MRNA,2024-12-16T09:45:00-05:00,2024-12-16T10:00:00-05:00,61,43.82284250,42.68738674,-69.26280128,-25.62723647,ATR_STOP,-1.02903670
PRCH,2024-12-06T09:45:00-05:00,2024-12-16T15:30:00-05:00,2,5.30397500,5.79213552,0.97632104,0.36123878,ATR_STOP,1.14573393
TSLA,2024-12-16T10:45:00-05:00,2024-12-17T09:30:00-05:00,5,449.36677250,475.54307500,130.88151250,48.42615963,TARGET_GAP,2.51451378
TSLL,2024-12-16T10:45:00-05:00,2024-12-17T09:30:00-05:00,10,35.26643000,39.43040500,41.63975000,15.40670750,TARGET_GAP,2.69314684
SOFI,2024-12-16T13:30:00-05:00,2024-12-17T09:30:00-05:00,1,16.99773875,16.61864779,-0.37909096,-0.14026366,ATR_STOP,-1.03402275
VUZI,2024-12-16T14:30:00-05:00,2024-12-17T10:00:00-05:00,3,3.46759875,3.82200908,1.06323098,0.39339546,ATR_TARGET,1.98394163
PLUG,2024-12-16T10:00:00-05:00,2024-12-17T10:15:00-05:00,2,2.46684875,2.36181037,-0.21007675,-0.07772840,ATR_STOP,-1.01716628
GGLL,2024-12-17T10:00:00-05:00,2024-12-17T10:15:00-05:00,21,51.64370375,50.26650976,-28.92107373,-10.70079728,ATR_STOP,-1.02816659
ASTS,2024-12-17T11:45:00-05:00,2024-12-17T14:30:00-05:00,16,24.73353625,24.93649306,3.24730894,1.20150431,ATR_STOP,0.28876126
QUBT,2024-12-17T10:45:00-05:00,2024-12-18T09:30:00-05:00,42,15.85548270,21.48426655,236.40892186,87.47130109,ATR_TARGET,1.99428678
VUZI,2024-12-17T10:15:00-05:00,2024-12-18T09:45:00-05:00,15,3.73780125,4.23818369,7.50573661,2.77712255,ATR_TARGET,1.98736595
ACHR,2024-12-17T13:15:00-05:00,2024-12-18T10:00:00-05:00,1,9.37702750,9.75180292,0.37477542,0.13866691,ATR_STOP,0.74442933
SOFI,2024-12-17T15:45:00-05:00,2024-12-18T10:00:00-05:00,24,16.64247250,16.80380845,3.87206273,1.43266321,ATR_STOP,0.53205114
SGMT,2024-12-17T09:45:00-05:00,2024-12-18T10:15:00-05:00,264,6.08456000,5.61965114,-122.73593898,-45.41229742,ATR_STOP,-1.00915560
QS,2024-12-18T11:15:00-05:00,2024-12-18T13:00:00-05:00,366,5.47670445,5.84535335,134.92549863,49.92243449,ATR_TARGET,1.97647786
SOXL,2024-12-18T09:45:00-05:00,2024-12-18T14:00:00-05:00,25,32.47433750,31.51423107,-24.00266064,-8.88098444,ATR_STOP,-1.02525852
BLNK,2024-12-18T13:15:00-05:00,2024-12-18T14:00:00-05:00,10,1.66574838,1.61081860,-0.54929772,-0.20324016,ATR_STOP,-1.02250566
ASTS,2024-12-18T13:15:00-05:00,2024-12-18T14:15:00-05:00,81,25.59918500,24.81548801,-63.47945656,-23.48739893,ATR_STOP,-1.02434490
MVST,2024-12-19T10:00:00-05:00,2024-12-20T09:45:00-05:00,880,1.42236597,1.70681650,250.31646323,92.61709139,ATR_TARGET,1.99103303
APPS,2024-12-19T12:15:00-05:00,2024-12-24T09:30:00-05:00,904,1.70627875,1.80779752,91.77296424,33.95599677,ATR_STOP,0.81714652
CGTX,2024-12-24T12:45:00-05:00,2024-12-24T13:00:00-05:00,3,0.65999462,0.62625125,-0.10123011,-0.03745514,ATR_STOP,-1.01412666
GME,2024-12-23T09:45:00-05:00,2024-12-26T09:30:00-05:00,46,30.61624498,32.59553500,91.04734115,33.68751623,TARGET_GAP,2.19040460
MVST,2024-12-23T10:30:00-05:00,2024-12-26T10:45:00-05:00,5,1.88641375,2.27302676,1.93306505,0.71523407,ATR_TARGET,1.99121316
CGTX,2024-12-26T10:30:00-05:00,2024-12-26T14:15:00-05:00,4,0.68401263,0.77290157,0.35555576,0.13155563,ATR_TARGET,1.98703214
SOXL,2024-12-24T09:45:00-05:00,2024-12-26T15:45:00-05:00,53,29.86238000,30.54932075,36.40785990,13.47090816,ATR_STOP,0.83778375
QUBT,2024-12-26T09:45:00-05:00,2024-12-27T09:30:00-05:00,77,18.42380750,21.46787605,234.39327838,86.72551300,ATR_TARGET,1.98946926
VUZI,2024-12-26T09:45:00-05:00,2024-12-27T09:30:00-05:00,1,4.74355500,5.37906284,0.63550784,0.23513790,ATR_TARGET,1.98737439
CGTX,2024-12-26T14:30:00-05:00,2024-12-27T09:30:00-05:00,5,0.78668958,0.73469721,-0.25996181,-0.09618587,ATR_STOP,-1.01071980
EOSE,2024-12-26T11:00:00-05:00,2024-12-27T10:00:00-05:00,2,5.00385007,5.17640507,0.34511000,0.12769070,ATR_STOP,0.74224228
APPS,2024-12-27T09:30:00-05:00,2024-12-27T10:00:00-05:00,806,2.00150000,1.91553820,-69.28520766,-25.63552683,ATR_STOP,-1.01700974
QS,2024-12-27T09:45:00-05:00,2024-12-27T10:00:00-05:00,251,6.26969875,6.02145061,-62.31028329,-23.05480482,ATR_STOP,-1.01854307
ACHR,2024-12-27T15:00:00-05:00,2024-12-30T09:30:00-05:00,112,11.24843000,10.61203500,-71.27624000,-26.37220880,STOP_GAP,-1.53539567
CGTX,2024-12-27T10:45:00-05:00,2024-12-30T09:30:00-05:00,2248,0.82561875,0.76135983,-144.45406039,-53.44800234,ATR_STOP,-1.00897270
NVTS,2024-12-24T09:45:00-05:00,2024-12-30T09:45:00-05:00,4,3.93144638,3.69997148,-0.92589957,-0.34258284,ATR_STOP,-1.01214293
GME,2024-12-30T09:30:00-05:00,2024-12-30T10:00:00-05:00,38,31.82385000,31.92336156,3.78143945,1.39913260,ATR_STOP,0.13090326
MVST,2024-12-30T09:45:00-05:00,2024-12-30T11:00:00-05:00,11,2.54190500,2.58443317,0.46780987,0.17308965,ATR_STOP,0.21707861
WTI,2024-12-30T10:45:00-05:00,2024-12-30T13:15:00-05:00,748,1.64123000,1.66346733,16.63352600,6.15440462,ATR_STOP,0.44676385
APPS,2024-12-30T12:45:00-05:00,2024-12-31T10:45:00-05:00,1,1.76132000,1.82444053,0.06312053,0.02335459,ATR_STOP,0.63394834
BTE,2024-12-30T11:15:00-05:00,2024-12-31T12:15:00-05:00,11,2.45183750,2.55397528,1.12351559,0.41570077,ATR_TARGET,1.96315555
TNYA,2024-12-31T09:45:00-05:00,2024-12-31T12:15:00-05:00,824,1.50112500,1.43093749,-57.83451179,-21.39876936,ATR_STOP,-1.01553978
TPET,2024-12-31T12:45:00-05:00,2024-12-31T13:30:00-05:00,44,1.25083743,1.13455785,-5.11630119,-1.89303144,ATR_STOP,-1.00737739
TSLZ,2024-12-30T09:45:00-05:00,2024-12-31T14:30:00-05:00,38,45.82434250,49.50323751,139.79801042,51.72526385,ATR_TARGET,1.98000280
TSLQ,2024-12-31T12:45:00-05:00,2025-01-02T09:30:00-05:00,15,78.35872500,85.58576250,108.40556250,40.11005813,TARGET_GAP,2.14033258
MRNA,2024-12-31T15:30:00-05:00,2025-01-02T10:45:00-05:00,45,41.31596375,43.11213596,80.82774932,29.90626725,ATR_TARGET,1.96460724
MVST,2025-01-02T09:45:00-05:00,2025-01-02T12:45:00-05:00,541,2.28901548,2.35633148,36.41796047,13.47464537,ATR_STOP,0.28225958
PLUG,2025-01-02T11:00:00-05:00,2025-01-02T13:30:00-05:00,801,2.38678875,2.27103620,-92.71779010,-34.30558234,ATR_STOP,-1.01494595
FLNA,2025-01-03T09:30:00-05:00,2025-01-03T09:30:00-05:00,1,2.75206250,2.99358534,0.24152284,0.08936345,ATR_TARGET,1.98156560
QUBT,2025-01-02T15:00:00-05:00,2025-01-03T10:30:00-05:00,126,18.12358250,16.97704068,-144.46426951,-53.45177972,ATR_STOP,-1.01123862
IAUX,2025-01-02T15:15:00-05:00,2025-01-03T12:30:00-05:00,1430,0.58143575,0.58710016,8.10010445,2.99703865,ATR_STOP,0.22069703
MVST,2025-01-03T12:15:00-05:00,2025-01-03T14:00:00-05:00,1,2.53129705,2.34975745,-0.18153960,-0.06716965,ATR_STOP,-1.00981021
AMD,2025-01-03T10:45:00-05:00,2025-01-06T09:30:00-05:00,17,123.56260250,128.97319750,91.98011500,34.03264255,TARGET_GAP,2.56503661
BLNK,2025-01-03T10:15:00-05:00,2025-01-06T09:30:00-05:00,2,1.54615875,1.66582691,0.23933632,0.08855444,ATR_TARGET,1.97931982
APPS,2025-01-03T13:30:00-05:00,2025-01-06T14:15:00-05:00,433,1.93214803,2.11649210,79.82098292,29.53376368,ATR_TARGET,1.98291252
APP,2025-01-06T15:30:00-05:00,2025-01-07T09:30:00-05:00,2,354.10538000,345.42074000,-17.36928000,-6.42663360,STOP_GAP,-1.13790493
BLNK,2025-01-06T09:45:00-05:00,2025-01-07T09:30:00-05:00,1335,1.62121500,1.74515543,165.46047651,61.22037631,ATR_TARGET,1.97908430
CLOV,2025-01-03T10:45:00-05:00,2025-01-07T10:00:00-05:00,27,3.31248250,3.39644868,2.26708673,0.83882209,ATR_STOP,0.90683285
ABCL,2025-01-07T09:45:00-05:00,2025-01-07T10:30:00-05:00,1,3.43757625,3.33201930,-0.10555695,-0.03905607,ATR_STOP,-1.02426728
CLOV,2025-01-07T12:30:00-05:00,2025-01-07T15:15:00-05:00,2,3.52043835,3.57502961,0.10918252,0.04039753,ATR_STOP,0.51420095
BBBY,2025-01-07T10:30:00-05:00,2025-01-08T09:30:00-05:00,6,6.48486000,6.18708262,-1.78666426,-0.66106578,ATR_STOP,-1.01584191
MNSO,2025-01-07T09:45:00-05:00,2025-01-10T09:30:00-05:00,124,25.31897500,23.98200000,-165.78490000,-61.34041300,STOP_GAP,-1.70021100
BE,2025-01-10T09:30:00-05:00,2025-01-10T09:30:00-05:00,127,23.91792500,23.23090951,-87.25096700,-32.28285779,ATR_STOP,-1.02604062
TSLZ,2025-01-07T10:15:00-05:00,2025-01-10T10:45:00-05:00,1,49.10680250,50.11647995,1.00967745,0.37358066,ATR_STOP,0.34657711
WTI,2025-01-08T09:45:00-05:00,2025-01-10T10:45:00-05:00,26,1.70127500,1.72224818,0.54530268,0.20176199,ATR_STOP,0.33874996
CLOV,2025-01-10T11:45:00-05:00,2025-01-13T09:45:00-05:00,25,3.70277500,3.79663791,2.34657285,0.86823195,ATR_STOP,0.72024074
TPET,2025-01-13T10:15:00-05:00,2025-01-13T11:15:00-05:00,40,2.38158485,2.37840900,-0.12703413,-0.04700263,ATR_STOP,-0.00808367
BTE,2025-01-10T09:45:00-05:00,2025-01-13T12:00:00-05:00,1100,2.71193243,2.75085718,42.81723373,15.84237648,ATR_STOP,0.64656546
IAUX,2025-01-13T14:45:00-05:00,2025-01-14T13:00:00-05:00,5523,0.56242150,0.57377267,62.69248720,23.19622026,ATR_STOP,0.60434864
CLOV,2025-01-14T14:00:00-05:00,2025-01-15T15:45:00-05:00,820,3.83287250,3.93189279,81.19663644,30.04275548,ATR_STOP,0.67564365
WTI,2025-01-14T14:00:00-05:00,2025-01-16T09:45:00-05:00,1,1.79634625,1.83214775,0.03580150,0.01324655,ATR_STOP,0.67155525
IAUX,2025-01-15T09:30:00-05:00,2025-01-16T15:00:00-05:00,1,0.61045750,0.61731010,0.00685260,0.00253546,ATR_STOP,0.33228521
STX,2025-01-16T09:45:00-05:00,2025-01-17T10:45:00-05:00,33,95.19634375,97.28222181,68.83397596,25.46857110,ATR_TARGET,1.93235758
SOXL,2025-01-16T09:45:00-05:00,2025-01-17T15:30:00-05:00,1,30.78307000,32.51659927,1.73352927,0.64140583,ATR_TARGET,1.97223361
CLOV,2025-01-16T13:30:00-05:00,2025-01-21T09:30:00-05:00,6,4.01801125,4.24394260,1.35558809,0.50156759,ATR_TARGET,1.97219455
SOFI,2025-01-17T11:00:00-05:00,2025-01-21T10:00:00-05:00,190,16.72573490,17.03360636,58.49557788,21.64336382,ATR_STOP,0.78146992
SOXL,2025-01-17T15:45:00-05:00,2025-01-21T10:00:00-05:00,1,32.60443500,32.65568181,0.05124681,0.01896132,ATR_STOP,0.08220435
APPS,2025-01-17T09:45:00-05:00,2025-01-21T14:15:00-05:00,2,2.02151500,2.08666062,0.13029125,0.04820776,ATR_STOP,0.86627080
YINN,2025-01-21T09:45:00-05:00,2025-01-22T09:30:00-05:00,1,27.92092500,27.33492013,-0.58600487,-0.21682180,ATR_STOP,-1.03628117
MVST,2025-01-22T09:30:00-05:00,2025-01-22T09:30:00-05:00,2,2.08156000,2.00165474,-0.15981053,-0.05912989,ATR_STOP,-1.01916215
VISN,2025-01-22T09:45:00-05:00,2025-01-24T10:00:00-05:00,5,5.80435000,5.66128292,-0.71533540,-0.26467410,ATR_STOP,-1.03060951
SOFI,2025-01-21T10:45:00-05:00,2025-01-24T10:15:00-05:00,184,17.66824125,18.03689732,67.83271666,25.09810517,ATR_STOP,0.70121740
APPS,2025-01-23T09:45:00-05:00,2025-01-24T13:15:00-05:00,1,2.26169500,2.49763122,0.23593622,0.08729640,ATR_TARGET,1.98423428
ACHR,2025-01-24T10:30:00-05:00,2025-01-24T15:15:00-05:00,283,10.47785250,9.92895601,-155.33770550,-57.47495104,ATR_STOP,-1.01376376
STX,2025-01-24T10:30:00-05:00,2025-01-27T09:30:00-05:00,3,109.30191500,105.23101750,-12.21269250,-4.51869622,STOP_GAP,-2.88086295
SLS,2025-01-24T13:45:00-05:00,2025-01-27T09:30:00-05:00,3,1.04578375,1.17484699,0.38718973,0.14326020,ATR_TARGET,1.98642816
BBBY,2025-01-24T10:30:00-05:00,2025-01-27T11:15:00-05:00,4,7.86069110,7.32630459,-2.13754606,-0.79089204,ATR_STOP,-1.01039701
SLS,2025-01-27T12:30:00-05:00,2025-01-27T12:45:00-05:00,22,1.43027190,1.26963505,-3.53401073,-1.30758397,ATR_STOP,-1.00596767
NIO,2025-01-27T09:45:00-05:00,2025-01-27T13:15:00-05:00,730,4.36827375,4.27078927,-71.16367282,-26.33055894,ATR_STOP,-1.03400011
DDD,2025-01-27T13:45:00-05:00,2025-01-28T09:30:00-05:00,691,4.02231448,3.80833367,-147.86073577,-54.70847223,ATR_STOP,-1.01353904
ABCL,2025-01-28T09:30:00-05:00,2025-01-28T10:00:00-05:00,5,3.35251250,3.26201809,-0.45247205,-0.16741466,ATR_STOP,-1.02780760
PLTR,2025-01-27T15:45:00-05:00,2025-01-28T12:00:00-05:00,5,75.10628750,79.41634468,21.55028589,7.97360578,ATR_TARGET,1.97271783
SLS,2025-01-28T09:45:00-05:00,2025-01-28T12:00:00-05:00,3,1.54926107,1.36700046,-0.54678185,-0.20230928,ATR_STOP,-1.00566128
TSLZ,2025-01-28T09:45:00-05:00,2025-01-28T14:15:00-05:00,53,50.63795000,48.31021813,-123.36978904,-45.64682194,ATR_STOP,-1.01582383
BIDU,2025-01-28T14:45:00-05:00,2025-01-28T15:45:00-05:00,29,89.26690000,91.32071116,59.56052350,22.03739369,ATR_TARGET,1.93540948
DDD,2025-01-28T15:00:00-05:00,2025-01-29T09:30:00-05:00,4,4.02801875,3.86709750,-0.64368500,-0.23816345,STOP_GAP,-1.04434004
NIO,2025-01-29T09:30:00-05:00,2025-01-29T09:30:00-05:00,608,4.34325500,4.25594934,-53.08184183,-19.64028148,ATR_STOP,-1.03797775
CMPX,2025-01-29T09:45:00-05:00,2025-01-29T10:45:00-05:00,527,3.51553468,3.25039189,-139.73024580,-51.70019095,ATR_STOP,-1.00928662
KC,2025-01-29T10:45:00-05:00,2025-01-29T11:30:00-05:00,1,12.15911250,12.22213733,0.06302483,0.02331919,ATR_STOP,0.15077249
TSLZ,2025-01-29T11:30:00-05:00,2025-01-30T09:30:00-05:00,35,49.93742500,44.76640000,-180.98587500,-66.96477375,STOP_GAP,-2.90017742
BEKE,2025-01-29T09:45:00-05:00,2025-01-30T10:15:00-05:00,43,17.31297500,17.83973346,22.65061380,7.24391398,ATR_TARGET,1.95042161
YINN,2025-01-30T09:45:00-05:00,2025-01-30T11:15:00-05:00,52,31.91391750,33.46059220,80.42708439,29.75802123,ATR_TARGET,1.96804370
BEKE,2025-01-30T10:30:00-05:00,2025-01-30T11:30:00-05:00,42,18.03351500,18.72020859,28.84113064,10.67121834,ATR_TARGET,1.95989780
SLS,2025-01-29T13:30:00-05:00,2025-01-30T12:15:00-05:00,25,1.18588875,1.27962298,2.34335587,0.86704167,ATR_STOP,0.85464562
BBBY,2025-01-28T10:15:00-05:00,2025-01-30T13:45:00-05:00,2,7.45558750,8.22825556,1.54533612,0.57177436,ATR_TARGET,1.98414105
JMIA,2025-01-28T12:15:00-05:00,2025-01-30T14:15:00-05:00,98,4.02301500,4.15424513,12.86055283,4.75840455,ATR_STOP,1.04647841
YINN,2025-01-30T14:45:00-05:00,2025-01-30T15:30:00-05:00,11,34.05552250,33.30409774,-8.26567233,-3.05829876,ATR_STOP,-1.03441060
SLS,2025-01-30T14:15:00-05:00,2025-01-31T09:30:00-05:00,57,1.39104250,1.29775161,-5.31758078,-1.96750489,ATR_STOP,-1.01055110
TSLZ,2025-01-30T15:45:00-05:00,2025-01-31T09:30:00-05:00,7,47.43555000,44.57060280,-20.05463040,-7.42021325,ATR_STOP,-1.01181463
TWLO,2025-01-30T14:15:00-05:00,2025-01-31T09:45:00-05:00,5,148.93161500,149.20722251,1.37803756,0.50987390,ATR_STOP,0.11220120
QS,2025-01-31T09:45:00-05:00,2025-01-31T11:00:00-05:00,81,5.38393493,5.39242920,0.68803607,0.25457335,ATR_STOP,0.05641692
JMIA,2025-01-30T15:30:00-05:00,2025-01-31T13:15:00-05:00,6,4.23817625,4.12666421,-0.66907223,-0.24755673,ATR_STOP,-1.02856919
APP,2025-01-31T10:30:00-05:00,2025-01-31T15:00:00-05:00,1,378.14339500,367.24640878,-10.89698622,-4.03188490,ATR_STOP,-1.02595166
NIO,2025-01-30T11:30:00-05:00,2025-02-03T09:30:00-05:00,392,4.39339258,4.16687250,-88.79586940,-32.85447168,STOP_GAP,-2.16167698
APPS,2025-01-31T12:30:00-05:00,2025-02-03T09:30:00-05:00,306,2.63197250,2.47814000,-47.07274500,-17.41691565,STOP_GAP,-1.58786068
SLS,2025-01-31T15:00:00-05:00,2025-02-03T09:30:00-05:00,16,1.56617375,1.75882251,3.08238020,1.14048067,ATR_TARGET,1.98638847
TSLZ,2025-01-31T15:15:00-05:00,2025-02-03T09:45:00-05:00,7,46.78506250,51.38812414,32.22143148,11.92192965,ATR_TARGET,1.98338084
BBBY,2025-02-03T09:30:00-05:00,2025-02-03T10:30:00-05:00,300,8.27620250,8.35357872,23.21286704,8.58876080,ATR_STOP,0.25712173
VUZI,2025-02-03T10:00:00-05:00,2025-02-03T12:30:00-05:00,77,4.49336750,4.12684878,-28.22194149,-10.44211835,ATR_STOP,-1.00852306
PLTR,2025-02-03T14:15:00-05:00,2025-02-04T09:30:00-05:00,3,84.12034297,102.72290000,55.80767107,20.64883830,TARGET_GAP,9.17229777
DDD,2025-02-03T09:45:00-05:00,2025-02-04T09:45:00-05:00,8,3.71278250,4.02713013,2.51478100,0.93046897,ATR_TARGET,1.98095212
BIDU,2025-02-04T09:45:00-05:00,2025-02-04T10:45:00-05:00,3,90.41776250,93.67468718,9.77077404,3.61518640,ATR_TARGET,1.95773741
APPS,2025-02-03T14:45:00-05:00,2025-02-04T11:15:00-05:00,29,2.58693875,2.47189362,-3.33630877,-1.23443425,ATR_STOP,-1.01639115
SEDG,2025-02-03T11:30:00-05:00,2025-02-04T12:45:00-05:00,183,13.65023000,13.96696114,57.96179869,21.44586552,ATR_STOP,0.51052106
BBBY,2025-02-04T13:00:00-05:00,2025-02-04T15:30:00-05:00,284,8.67650250,9.60189661,262.81192638,97.24041276,ATR_TARGET,1.98454467
YINN,2025-02-04T10:00:00-05:00,2025-02-05T09:30:00-05:00,1,32.63645900,31.55631500,-1.08014400,-0.39965328,STOP_GAP,-1.12081761
BEKE,2025-02-04T10:15:00-05:00,2025-02-05T10:15:00-05:00,1,17.40294243,17.00524404,-0.39769839,-0.14714840,ATR_STOP,-1.03315757
ASTS,2025-02-05T09:30:00-05:00,2025-02-05T11:00:00-05:00,117,23.21740000,24.69937134,173.39064730,64.15453950,ATR_TARGET,1.97529049
IVVD,2025-02-05T13:00:00-05:00,2025-02-05T13:30:00-05:00,1,1.39014182,1.77381992,0.38367810,0.14196090,ATR_TARGET,1.99308400
IAUX,2025-02-05T10:00:00-05:00,2025-02-05T13:45:00-05:00,29,0.58924160,0.57291059,-0.47359930,-0.17523174,ATR_STOP,-1.02704266
APPS,2025-02-05T12:00:00-05:00,2025-02-06T09:30:00-05:00,1118,2.54110440,3.19760000,733.96208080,271.56596990,TARGET_GAP,7.51242390
BBBY,2025-02-05T15:30:00-05:00,2025-02-06T09:30:00-05:00,2,9.16186625,10.02037766,1.71702281,0.63529844,ATR_TARGET,1.98263131
DDD,2025-02-06T09:30:00-05:00,2025-02-06T10:30:00-05:00,672,4.76357000,4.57756892,-124.99272758,-46.24730921,ATR_STOP,-1.01881931
BBBY,2025-02-06T09:45:00-05:00,2025-02-06T10:30:00-05:00,2,9.78733500,9.23181392,-1.11104216,-0.41108560,ATR_STOP,-1.01263062
KC,2025-02-06T13:30:00-05:00,2025-02-07T09:30:00-05:00,179,17.53314000,16.79299006,-132.48683999,-49.02013080,ATR_STOP,-1.01732427
ASTS,2025-02-07T09:45:00-05:00,2025-02-07T10:00:00-05:00,12,28.22615375,27.03787548,-14.25933928,-5.27595553,ATR_STOP,-1.01737491
APP,2025-02-07T09:45:00-05:00,2025-02-07T10:15:00-05:00,7,385.19868250,375.88280890,-65.21111519,-24.12811262,ATR_STOP,-1.03122997
NXE,2025-02-07T09:45:00-05:00,2025-02-07T11:15:00-05:00,3,6.60495000,6.48835053,-0.34979842,-0.12942542,ATR_STOP,-1.04358663
IVVD,2025-02-07T11:30:00-05:00,2025-02-10T09:30:00-05:00,477,2.29171750,1.95959790,-158.42105006,-58.61578852,ATR_STOP,-1.00444823
TSLQ,2025-02-07T14:30:00-05:00,2025-02-10T09:30:00-05:00,20,91.47855750,97.45959143,119.62067867,44.25965111,ATR_TARGET,1.97583504
TSLZ,2025-02-07T14:30:00-05:00,2025-02-10T10:00:00-05:00,1,56.35223250,57.86348280,1.51125030,0.55916261,ATR_STOP,0.72461042
BBBY,2025-02-07T15:15:00-05:00,2025-02-10T10:00:00-05:00,3,9.13184375,8.71742260,-1.24326345,-0.46000748,ATR_STOP,-1.01604149
RIVN,2025-02-10T09:45:00-05:00,2025-02-11T09:30:00-05:00,227,12.74455125,12.78040750,8.13936875,3.01156644,STOP_GAP,0.14741266
MVST,2025-02-11T09:30:00-05:00,2025-02-11T10:00:00-05:00,67,1.67125250,1.77108284,6.68863273,2.47479411,ATR_TARGET,1.97371859
APPS,2025-02-07T09:30:00-05:00,2025-02-11T11:00:00-05:00,1,4.64348000,5.26181085,0.61833085,0.22878241,ATR_STOP,1.14528399
PLTR,2025-02-11T09:30:00-05:00,2025-02-11T11:15:00-05:00,24,116.63741250,114.16419264,-59.35727664,-21.96219236,ATR_STOP,-1.03588953
JMIA,2025-02-04T11:45:00-05:00,2025-02-11T11:45:00-05:00,86,4.05303750,3.93066701,-10.52386172,-3.89382884,ATR_STOP,-1.02470446
BEKE,2025-02-11T12:15:00-05:00,2025-02-12T09:30:00-05:00,165,19.54965125,21.02422000,243.30384375,90.02242219,TARGET_GAP,3.95893125
GDS,2025-02-12T09:30:00-05:00,2025-02-12T11:30:00-05:00,99,33.83535750,34.26535913,42.57016099,15.75095957,ATR_STOP,0.38791860
IAUX,2025-02-12T09:45:00-05:00,2025-02-12T15:45:00-05:00,13,0.61546125,0.64345810,0.36395899,0.13466483,ATR_TARGET,1.96608433
INTC,2025-02-12T09:45:00-05:00,2025-02-13T09:30:00-05:00,1,21.56616250,22.82287000,1.25670750,0.46498177,TARGET_GAP,2.18198418
MVST,2025-02-12T13:15:00-05:00,2025-02-13T09:45:00-05:00,1,1.95966865,2.01217418,0.05250553,0.01942705,ATR_STOP,0.53799636
SOXL,2025-02-13T09:30:00-05:00,2025-02-13T13:15:00-05:00,1,27.51061750,27.79646584,0.28584834,0.10576389,ATR_STOP,0.52495464
AMC,2025-02-12T11:45:00-05:00,2025-02-14T10:15:00-05:00,975,3.46119395,3.53169878,68.74220894,25.43461731,ATR_STOP,0.60363724
BE,2025-02-13T14:45:00-05:00,2025-02-18T09:30:00-05:00,1,24.57842000,25.19661292,0.61819292,0.22873138,ATR_STOP,1.11103842
MVST,2025-02-13T15:30:00-05:00,2025-02-18T09:30:00-05:00,1,2.01651125,2.17770939,0.16119814,0.05964331,ATR_TARGET,1.97992408
TSLZ,2025-02-14T11:15:00-05:00,2025-02-18T09:30:00-05:00,7,59.54462500,56.74626385,-19.58852804,-7.24775537,ATR_STOP,-1.01545544
IAUX,2025-02-18T09:45:00-05:00,2025-02-18T10:00:00-05:00,633,0.70292680,0.75110704,30.49809294,11.28429439,ATR_TARGET,1.97686882
AFRM,2025-02-10T10:15:00-05:00,2025-02-18T12:45:00-05:00,1,77.24549070,80.70462404,3.45913334,1.27987934,ATR_STOP,0.92257629
DDD,2025-02-13T13:00:00-05:00,2025-02-18T14:00:00-05:00,1,4.67350250,4.48795583,-0.18554667,-0.06865227,ATR_STOP,-1.01849010
SEDG,2025-02-18T15:15:00-05:00,2025-02-19T09:30:00-05:00,1,16.82260750,22.74792625,5.92531875,2.19236794,TARGET_GAP,11.21819496
AMC,2025-02-19T09:30:00-05:00,2025-02-19T09:30:00-05:00,7,3.70277500,3.62627071,-0.53553003,-0.19814611,ATR_STOP,-1.03688873
BTE,2025-02-18T10:30:00-05:00,2025-02-19T10:00:00-05:00,20,2.51188250,2.54054788,0.57330761,0.21212382,ATR_STOP,0.48364324
SOXL,2025-02-18T15:00:00-05:00,2025-02-19T13:30:00-05:00,2,30.15359825,31.38512562,2.46305474,0.91133025,ATR_TARGET,1.96246225
KC,2025-02-19T10:30:00-05:00,2025-02-20T09:30:00-05:00,1,19.53964375,21.38395000,1.84430625,0.68239331,TARGET_GAP,3.27513810
APP,2025-02-14T10:30:00-05:00,2025-02-20T09:30:00-05:00,6,498.75288433,472.05442039,-160.19078361,-59.54729919,ATR_STOP,-1.01344915
BEKE,2025-02-19T09:45:00-05:00,2025-02-20T09:30:00-05:00,1,20.01500000,20.96802339,0.95302339,0.35261866,ATR_TARGET,1.96750939
MRNA,2025-02-19T10:30:00-05:00,2025-02-20T09:30:00-05:00,1,36.58742000,35.01498399,-1.57243601,-0.58180132,ATR_STOP,-1.01699762
ABCL,2025-02-19T14:15:00-05:00,2025-02-20T09:30:00-05:00,18,3.46759875,3.36898859,-1.77498294,-0.65674369,ATR_STOP,-1.02631763
SOXL,2025-02-20T09:45:00-05:00,2025-02-20T09:45:00-05:00,94,32.35424750,31.46116408,-83.94984131,-31.06144128,ATR_STOP,-1.02715860
NIO,2025-02-20T09:45:00-05:00,2025-02-20T09:45:00-05:00,1,4.48566173,4.40260310,-0.08305862,-0.03073169,ATR_STOP,-1.04143269
IAUX,2025-02-20T10:00:00-05:00,2025-02-21T09:30:00-05:00,3847,0.77808312,0.83007697,200.02034095,74.00752615,TARGET_GAP,2.33382828
INTC,2025-02-21T09:30:00-05:00,2025-02-21T11:00:00-05:00,120,25.97947000,25.35171954,-75.33005540,-27.87212050,ATR_STOP,-1.03125901
TSLZ,2025-02-21T11:45:00-05:00,2025-02-24T09:30:00-05:00,50,61.28593000,62.18678158,45.04257889,16.66575419,ATR_STOP,0.41459447
ALB,2025-02-18T10:15:00-05:00,2025-02-24T09:45:00-05:00,5,82.53185250,80.59761874,-9.67116878,-3.57833245,ATR_STOP,-1.03228494
IAUX,2025-02-21T15:00:00-05:00,2025-02-24T09:45:00-05:00,13,0.82421770,0.80834501,-0.20634503,-0.07634766,ATR_STOP,-1.03974286
SEDG,2025-02-24T09:45:00-05:00,2025-02-24T14:30:00-05:00,172,17.90341750,18.42230670,89.24894236,33.02210867,ATR_STOP,0.76805691
TSLQ,2025-02-25T09:30:00-05:00,2025-02-25T09:45:00-05:00,32,109.55210250,117.13766529,242.73800926,89.81306343,ATR_TARGET,1.97708493
NIO,2025-02-25T09:45:00-05:00,2025-02-25T10:00:00-05:00,13,4.47835625,4.37707761,-1.31662234,-0.48715026,ATR_STOP,-1.03352545
YINN,2025-02-25T11:00:00-05:00,2025-02-26T09:30:00-05:00,88,42.02149250,45.81561250,333.88256000,123.53654720,TARGET_GAP,3.33509555
SEDG,2025-02-26T09:45:00-05:00,2025-02-26T13:30:00-05:00,200,19.60469250,18.80309843,-160.31881491,-59.31796152,ATR_STOP,-1.01792158
VISN,2025-02-27T09:30:00-05:00,2025-02-27T09:30:00-05:00,19,6.28471000,6.01347481,-5.15346854,-1.90678336,ATR_STOP,-1.01692210
NIO,2025-02-26T12:45:00-05:00,2025-02-27T09:45:00-05:00,1,4.69852125,4.75143375,0.05291250,0.01957762,STOP_GAP,0.41119422
TSLQ,2025-02-26T14:15:00-05:00,2025-02-27T10:15:00-05:00,27,134.87107750,135.33821724,12.61277296,4.66672600,ATR_STOP,0.07083909
SEDG,2025-02-27T11:30:00-05:00,2025-02-27T15:15:00-05:00,8,18.81610150,18.04540732,-6.16555343,-2.28125477,ATR_STOP,-1.01788842
FLNA,2025-02-27T10:30:00-05:00,2025-02-28T09:30:00-05:00,1391,2.60195000,2.47153688,-181.40465453,-67.11972218,ATR_STOP,-1.01442962
VISN,2025-03-03T14:45:00-05:00,2025-03-03T15:15:00-05:00,19,6.36477000,6.18647568,-3.38759207,-1.25340907,ATR_STOP,-1.02673949
BEKE,2025-03-04T09:30:00-05:00,2025-03-04T09:45:00-05:00,5,22.31672500,22.27328250,-0.21721250,-0.08036862,STOP_GAP,-0.17040750
TSLZ,2025-03-03T13:00:00-05:00,2025-03-04T09:45:00-05:00,28,82.86210000,95.07146976,341.86235331,126.48907073,ATR_TARGET,1.98837901
TSLQ,2025-03-03T13:00:00-05:00,2025-03-04T09:45:00-05:00,9,135.07122750,154.51199825,174.96693674,64.73776659,ATR_TARGET,1.98814005
ADMA,2025-03-11T09:45:00-04:00,2025-03-12T09:30:00-04:00,231,16.97272000,18.06422378,252.13737338,93.29082815,ATR_TARGET,1.97546140
NVTS,2025-03-11T14:45:00-04:00,2025-03-12T09:45:00-04:00,5,2.50377643,2.51884842,0.07535995,0.02788318,ATR_STOP,0.13999719
BLNK,2025-03-12T09:45:00-04:00,2025-03-12T10:00:00-04:00,3,1.02456785,0.98630809,-0.11477927,-0.04246833,ATR_STOP,-1.01973072
LUMN,2025-03-12T09:45:00-04:00,2025-03-13T11:15:00-04:00,1,4.93369750,4.74738890,-0.18630860,-0.06893418,ATR_STOP,-1.01949824
ADMA,2025-03-12T09:45:00-04:00,2025-03-17T12:00:00-04:00,227,17.94344750,19.17442451,279.43178027,103.38975870,ATR_TARGET,1.97688779
CCJ,2025-03-20T09:45:00-04:00,2025-03-20T12:15:00-04:00,94,44.73352500,44.99890968,24.94615976,9.23007911,ATR_STOP,0.33796085
CAPR,2025-03-20T14:15:00-04:00,2025-03-21T09:30:00-04:00,283,14.51087500,13.78040597,-206.72273416,-76.48741164,ATR_STOP,-1.01436285
NXE,2025-03-20T10:15:00-04:00,2025-03-21T10:00:00-04:00,1,5.00375000,4.89691345,-0.10683655,-0.03952952,ATR_STOP,-1.03562817
RIVN,2025-03-21T09:45:00-04:00,2025-03-21T12:15:00-04:00,371,11.03827250,11.50322558,172.49759268,63.82410929,ATR_TARGET,1.96353829
VISN,2025-03-21T11:00:00-04:00,2025-03-24T09:30:00-04:00,1,5.54915875,5.78716685,0.23800810,0.08806300,ATR_TARGET,1.96415431
INTC,2025-03-21T12:30:00-04:00,2025-03-24T09:45:00-04:00,172,24.39508260,24.48770409,15.93089704,5.89443191,ATR_STOP,0.21303914
LUMN,2025-03-24T09:45:00-04:00,2025-03-24T12:15:00-04:00,1,5.04378000,4.92344493,-0.12033507,-0.04452398,ATR_STOP,-1.03168179
APPS,2025-03-21T13:00:00-04:00,2025-03-24T12:45:00-04:00,2,3.59279258,3.64896972,0.11235428,0.04157108,ATR_STOP,0.38076102
TNYA,2025-03-24T12:30:00-04:00,2025-03-25T09:45:00-04:00,8,0.69522103,0.66972703,-0.20395198,-0.07546223,ATR_STOP,-1.02011387
BLNK,2025-03-25T09:45:00-04:00,2025-03-25T10:00:00-04:00,1,1.05078750,1.01548792,-0.03529958,-0.01306084,ATR_STOP,-1.02206848
VISN,2025-03-25T09:30:00-04:00,2025-03-25T14:45:00-04:00,1,5.76432000,5.82865942,0.06433942,0.02380559,ATR_STOP,0.62825059
AMC,2025-03-25T12:45:00-04:00,2025-03-25T14:45:00-04:00,2,3.09782162,3.05407128,-0.08750069,-0.03237525,ATR_STOP,-1.05529135
PRCH,2025-03-25T15:30:00-04:00,2025-03-26T09:45:00-04:00,1,8.00600000,8.06216830,0.05616830,0.02078227,ATR_STOP,0.16181527
HIVE,2025-03-26T09:30:00-04:00,2025-03-26T10:15:00-04:00,2,1.79134250,1.74023499,-0.10221502,-0.03781956,ATR_STOP,-1.02622732
VISN,2025-03-26T10:00:00-04:00,2025-03-26T11:15:00-04:00,1,5.91443250,5.77603264,-0.13839986,-0.05120795,ATR_STOP,-1.03233722
CLOV,2025-03-24T10:15:00-04:00,2025-03-26T12:15:00-04:00,1099,3.82826905,3.73229072,-105.48018473,-39.02766835,ATR_STOP,-1.03006449
QS,2025-03-26T15:00:00-04:00,2025-03-26T15:15:00-04:00,898,4.62346500,4.53986237,-75.07516615,-27.77781147,ATR_STOP,-1.04248949
SOFI,2025-03-26T15:45:00-04:00,2025-03-27T09:30:00-04:00,311,13.16987000,12.60054250,-177.06085250,-65.51251543,STOP_GAP,-2.46809377
TSLR,2025-03-27T09:45:00-04:00,2025-03-27T10:45:00-04:00,219,17.35300500,19.09904602,382.38298262,139.66644314,ATR_TARGET,1.98371367
TSLT,2025-03-27T09:45:00-04:00,2025-03-27T11:30:00-04:00,15,15.01125000,15.62940995,9.27239922,3.43078771,ATR_STOP,0.78966745
RIVN,2025-03-27T11:00:00-04:00,2025-03-28T09:30:00-04:00,314,12.87464875,12.43822178,-137.03806927,-50.70408563,ATR_STOP,-1.02185872
BBBY,2025-03-27T14:45:00-04:00,2025-03-28T09:30:00-04:00,40,5.73429750,5.52125304,-8.52177841,-3.15305801,ATR_STOP,-1.01983743
IAUX,2025-04-15T09:45:00-04:00,2025-04-15T10:15:00-04:00,11,0.63407520,0.61260226,-0.23620232,-0.08739486,ATR_STOP,-1.02188138
CCJ,2025-04-15T09:45:00-04:00,2025-04-15T12:45:00-04:00,98,41.80633125,41.03948733,-75.15070435,-27.80576061,ATR_STOP,-1.04184918
NIO,2025-04-15T14:45:00-04:00,2025-04-16T09:30:00-04:00,1116,3.63272250,3.44741250,-206.80596000,-76.51820520,STOP_GAP,-2.74098258
CLOV,2025-04-16T09:30:00-04:00,2025-04-16T13:45:00-04:00,1057,3.71278250,3.64262826,-74.15302776,-27.43662027,ATR_STOP,-1.04055196
AFRM,2025-04-17T09:30:00-04:00,2025-04-21T09:30:00-04:00,95,40.75054000,41.26902500,49.25607500,16.07042878,STOP_GAP,0.48227460
HIVE,2025-04-15T15:45:00-04:00,2025-04-21T10:15:00-04:00,1,1.45108750,1.53957915,0.08849165,0.03274191,ATR_TARGET,1.97422003
PLTR,2025-04-21T09:45:00-04:00,2025-04-21T10:45:00-04:00,41,94.88110750,92.27245659,-106.95468737,-39.57323433,ATR_STOP,-1.02727275
HIVE,2025-04-21T10:30:00-04:00,2025-04-21T12:45:00-04:00,1,1.55116250,1.48521596,-0.06594654,-0.02440022,ATR_STOP,-1.01719447
BIDU,2025-04-21T14:15:00-04:00,2025-04-22T09:30:00-04:00,46,82.57188250,83.88703750,60.49713000,22.38393810,TARGET_GAP,2.05196281
QS,2025-04-21T14:45:00-04:00,2025-04-22T10:15:00-04:00,6,3.80274993,3.84484131,0.25254831,0.09344287,ATR_STOP,0.57715930
MVST,2025-04-22T09:30:00-04:00,2025-04-22T10:30:00-04:00,1834,2.09156750,2.13495182,79.56684939,29.43973428,ATR_STOP,0.49207091
IAUX,2025-04-21T09:45:00-04:00,2025-04-22T14:00:00-04:00,70,0.62666965,0.60633104,-1.42370269,-0.52676999,ATR_STOP,-1.02288778
MIST,2025-04-21T15:30:00-04:00,2025-04-23T09:30:00-04:00,3,1.01075750,1.12588927,0.34539531,0.12779627,ATR_TARGET,1.98542725
BTE,2025-04-23T09:45:00-04:00,2025-04-23T10:15:00-04:00,2285,1.73129750,1.67787837,-122.06271699,-45.16320529,ATR_STOP,-1.02414415
BLNK,2025-04-23T10:30:00-04:00,2025-04-23T11:15:00-04:00,4,0.74826078,0.71961984,-0.11456374,-0.04238858,ATR_STOP,-1.01922079
RIVN,2025-04-23T10:30:00-04:00,2025-04-24T09:30:00-04:00,319,12.15020583,11.75423117,-126.31591463,-49.10831184,ATR_STOP,-1.02278764
PRME,2025-04-23T14:15:00-04:00,2025-04-25T09:30:00-04:00,1,1.79634625,1.70736593,-0.08898032,-0.03292272,ATR_STOP,-1.01461234
EOSE,2025-04-24T09:45:00-04:00,2025-04-25T09:30:00-04:00,772,4.94870875,4.77927734,-130.80105004,-48.39638851,ATR_STOP,-1.02162962
BLNK,2025-04-24T13:00:00-04:00,2025-04-25T10:30:00-04:00,1,0.76707487,0.77215857,0.00508370,0.00188097,ATR_STOP,0.26782652
TSLA,2025-04-25T09:45:00-04:00,2025-04-25T10:30:00-04:00,14,263.67761000,273.76218806,141.18409286,52.23811436,ATR_TARGET,1.96006323
TSLR,2025-04-25T09:45:00-04:00,2025-04-25T10:30:00-04:00,3,14.34074750,15.34457159,3.01147227,1.11424474,ATR_TARGET,1.97731390
ABCL,2025-04-25T09:30:00-04:00,2025-04-25T12:45:00-04:00,1,2.56192000,2.57934616,0.01742616,0.00644768,ATR_STOP,0.31338930
MRNA,2025-04-25T10:45:00-04:00,2025-04-25T15:15:00-04:00,138,27.62070000,27.00143667,-85.45833931,-31.61958555,ATR_STOP,-1.03383368
RIVN,2025-04-25T10:45:00-04:00,2025-04-28T09:30:00-04:00,1,12.33424375,12.88665877,0.55241502,0.20439356,ATR_TARGET,1.96558453
EOSE,2025-04-25T15:30:00-04:00,2025-04-28T09:30:00-04:00,731,5.14365485,5.44670963,221.53304182,81.96722547,ATR_TARGET,1.97337983
NVTS,2025-04-24T09:45:00-04:00,2025-04-28T09:45:00-04:00,1,1.95146250,2.00177187,0.05030937,0.01861447,ATR_STOP,0.63060709
HIVE,2025-04-25T11:15:00-04:00,2025-04-28T09:45:00-04:00,5,1.78133500,1.71991493,-0.30710037,-0.11362714,ATR_STOP,-1.02146885
MRNA,2025-04-29T09:45:00-04:00,2025-04-29T10:15:00-04:00,140,27.97096250,27.37577851,-83.32575880,-30.83053076,ATR_STOP,-1.03575693
HIVE,2025-04-29T10:45:00-04:00,2025-04-29T11:15:00-04:00,2189,1.76632375,1.70354609,-137.42029786,-50.84551021,ATR_STOP,-1.02079087
VISN,2025-04-29T09:45:00-04:00,2025-04-30T09:30:00-04:00,1,3.98298500,3.69722500,-0.28576000,-0.10573120,STOP_GAP,-2.66320840
ACHR,2025-04-29T11:30:00-04:00,2025-04-30T09:30:00-04:00,431,8.76657000,8.54144588,-97.02849374,-35.90054268,ATR_STOP,-1.02931187
QS,2025-05-13T09:45:00-04:00,2025-05-15T09:30:00-04:00,871,4.31823625,4.22915229,-77.59212662,-33.19688142,ATR_STOP,-1.03694862
AAOI,2025-05-15T09:45:00-04:00,2025-05-15T10:00:00-04:00,192,19.43456500,18.66469863,-147.81434281,-54.69130684,ATR_STOP,-1.01853396
RIVN,2025-05-15T09:45:00-04:00,2025-05-15T13:30:00-04:00,1,15.09131000,15.18864811,0.09733811,0.03601510,ATR_STOP,0.27960484
QUBT,2025-05-15T13:45:00-04:00,2025-05-16T09:30:00-04:00,1,9.23692250,10.52210250,1.28518000,0.47551660,TARGET_GAP,3.51023450
BBBY,2025-05-15T10:15:00-04:00,2025-05-16T09:30:00-04:00,632,5.75431250,6.21235906,289.48542345,107.10960668,ATR_TARGET,1.97984581
MVST,2025-05-15T10:00:00-04:00,2025-05-16T10:00:00-04:00,1,3.16126918,3.26747127,0.10620210,0.03929478,ATR_STOP,0.51730969
AMC,2025-05-15T14:15:00-04:00,2025-05-16T10:45:00-04:00,2,2.77708125,2.87103056,0.18789862,0.06952249,ATR_TARGET,1.95515515
QS,2025-05-16T10:15:00-04:00,2025-05-16T11:45:00-04:00,1,4.36827375,4.55301936,0.18474561,0.06835588,ATR_TARGET,1.96367693
HIVE,2025-05-16T09:45:00-04:00,2025-05-16T14:00:00-04:00,2000,1.91643625,2.05132824,269.78398159,99.82007319,ATR_TARGET,1.97742971
PRCH,2025-05-16T14:15:00-04:00,2025-05-19T09:30:00-04:00,373,10.72303625,10.30226750,-156.94674375,-58.07029519,STOP_GAP,-1.25724699
JMIA,2025-05-16T12:15:00-04:00,2025-05-19T09:30:00-04:00,3,3.16737375,3.07395736,-0.28024916,-0.10369219,ATR_STOP,-1.02532344
MVST,2025-05-16T15:00:00-04:00,2025-05-19T09:30:00-04:00,1,3.30747875,3.18942163,-0.11805712,-0.04368113,ATR_STOP,-1.02069682
TNYA,2025-05-19T13:30:00-04:00,2025-05-19T15:45:00-04:00,2,0.46715010,0.47615294,0.01800569,0.00666210,ATR_STOP,0.38864856
CAPR,2025-05-19T09:45:00-04:00,2025-05-20T09:30:00-04:00,25,9.61220375,10.85185500,30.99128125,11.46677406,TARGET_GAP,2.18616341
ABCL,2025-05-20T13:30:00-04:00,2025-05-20T14:30:00-04:00,1,2.07655625,2.08380132,0.00724507,0.00268068,ATR_STOP,0.15252460
APP,2025-05-19T09:45:00-04:00,2025-05-21T09:30:00-04:00,10,367.27525000,359.41024000,-78.65010000,-29.10053700,STOP_GAP,-1.08697633
SLS,2025-05-20T15:15:00-04:00,2025-05-21T09:30:00-04:00,1,1.88641375,2.04846250,0.16204875,0.05995804,TARGET_GAP,2.79456657
MVST,2025-05-20T09:30:00-04:00,2025-05-21T09:30:00-04:00,72,3.59269250,3.67815264,6.15312993,2.27665808,ATR_STOP,0.47725741
IAUX,2025-05-21T09:30:00-04:00,2025-05-21T09:30:00-04:00,6709,0.54040500,0.55140994,73.83215860,27.31789868,ATR_TARGET,1.92751121
MU,2025-05-21T09:45:00-04:00,2025-05-21T13:15:00-04:00,39,98.61390500,97.42721236,-46.28101304,-17.12397482,ATR_STOP,-1.06566756
EVLV,2025-05-21T09:45:00-04:00,2025-05-21T13:15:00-04:00,15,5.82436500,5.89867193,1.11460397,0.41240347,ATR_STOP,0.30791781
NXE,2025-05-28T09:45:00-04:00,2025-05-29T09:45:00-04:00,603,6.43982625,6.30413896,-81.81943339,-30.27319035,ATR_STOP,-1.03613173
VUZI,2025-05-29T10:45:00-04:00,2025-05-29T12:15:00-04:00,960,3.16237000,2.96985507,-184.81433490,-68.38130391,ATR_STOP,-1.01171429
MRNA,2025-05-29T11:00:00-04:00,2025-05-30T09:30:00-04:00,29,26.91557155,26.25648276,-19.11357487,-7.07202270,ATR_STOP,-1.03082219
VISN,2025-05-29T15:45:00-04:00,2025-05-30T09:30:00-04:00,466,6.29461743,6.17032741,-57.91914507,-21.43008368,ATR_STOP,-1.03870354
VUZI,2025-05-30T09:45:00-04:00,2025-05-30T09:45:00-04:00,898,3.22241500,3.02567162,-176.67555668,-65.36995597,ATR_STOP,-1.01167753
AMC,2025-05-30T10:15:00-04:00,2025-05-30T12:00:00-04:00,2,3.52764375,3.39623639,-0.26281472,-0.09724145,ATR_STOP,-1.01978211
STX,2025-05-30T10:15:00-04:00,2025-05-30T12:30:00-04:00,30,118.37871750,116.96620539,-42.37536315,-15.67888437,ATR_STOP,-1.06627090
AMC,2025-05-30T14:15:00-04:00,2025-06-02T10:00:00-04:00,999,3.53264750,3.40742812,-125.09415679,-46.28483801,ATR_STOP,-1.02084991
ABCL,2025-06-02T11:15:00-04:00,2025-06-03T11:30:00-04:00,1634,2.11238310,2.23074260,193.39941693,71.55778426,ATR_TARGET,1.97210265
IAUX,2025-06-03T09:30:00-04:00,2025-06-03T15:45:00-04:00,3,0.54540875,0.55141955,0.01803240,0.00667199,ATR_STOP,0.40523612
ABCL,2025-06-03T11:45:00-04:00,2025-06-04T09:30:00-04:00,1597,2.23667625,2.27702600,64.43855796,23.84226644,ATR_STOP,0.58424026
BLNK,2025-06-04T09:45:00-04:00,2025-06-04T10:00:00-04:00,1,0.81941410,0.79430314,-0.02511096,-0.00929106,ATR_STOP,-1.02431897
BTE,2025-06-04T09:45:00-04:00,2025-06-04T10:45:00-04:00,217,1.79634625,1.74194260,-11.80559216,-4.36806910,ATR_STOP,-1.02462393
TNYA,2025-06-03T12:15:00-04:00,2025-06-04T15:30:00-04:00,3,0.49226893,0.52856442,0.10888647,0.04028799,ATR_TARGET,1.97837575
APP,2025-06-04T09:45:00-04:00,2025-06-05T09:30:00-04:00,8,402.96199500,418.26281590,122.40656718,43.46952082,ATR_TARGET,1.95979026
TNYA,2025-06-04T15:45:00-04:00,2025-06-05T09:45:00-04:00,3,0.52299195,0.52560550,0.00784065,0.00290104,STOP_GAP,0.14878748
JMIA,2025-06-04T11:00:00-04:00,2025-06-05T09:45:00-04:00,114,3.35751625,3.24889645,-12.38265705,-4.58158311,ATR_STOP,-1.02296545
SOFI,2025-06-05T09:30:00-04:00,2025-06-05T09:45:00-04:00,2,13.49011000,13.55612856,0.13203713,0.04885374,ATR_STOP,0.43748675
PLUG,2025-06-05T09:30:00-04:00,2025-06-05T09:45:00-04:00,8,0.92069000,0.89213886,-0.22840914,-0.08451138,ATR_STOP,-1.02401612
SOXL,2025-06-05T09:45:00-04:00,2025-06-05T09:45:00-04:00,169,19.49461000,19.02111275,-80.02103550,-29.60778313,ATR_STOP,-1.03108863
AFRM,2025-06-05T10:15:00-04:00,2025-06-05T12:45:00-04:00,66,55.46656875,56.10488646,42.12896870,15.58771842,ATR_STOP,0.65845626
SEDG,2025-06-05T13:45:00-04:00,2025-06-05T15:15:00-04:00,205,17.93344000,17.37118769,-115.26172341,-42.64683766,ATR_STOP,-1.02373968
PRME,2025-06-05T15:45:00-04:00,2025-06-06T09:30:00-04:00,239,1.39104250,1.52382257,31.73443575,11.74174123,ATR_TARGET,1.98291977
PLUG,2025-06-06T09:45:00-04:00,2025-06-06T10:45:00-04:00,1,0.92519337,1.00106537,0.07587200,0.02807264,ATR_TARGET,1.98038816
ASTS,2025-06-05T15:45:00-04:00,2025-06-09T09:30:00-04:00,108,30.41279250,33.53667744,337.37957387,124.83044233,ATR_TARGET,1.98401338
BLNK,2025-06-06T11:00:00-04:00,2025-06-09T10:45:00-04:00,1,0.87075258,0.88997115,0.01921858,0.00711087,ATR_STOP,0.63816336
DDD,2025-06-06T09:45:00-04:00,2025-06-09T14:30:00-04:00,205,1.73129750,1.83576626,21.41609639,7.92395566,ATR_TARGET,1.97396501
IAUX,2025-06-09T11:30:00-04:00,2025-06-09T15:45:00-04:00,2,0.63097287,0.64279729,0.02364882,0.00875006,ATR_STOP,0.70816396
ABCL,2025-06-09T09:45:00-04:00,2025-06-10T09:45:00-04:00,1395,2.50687875,2.63148136,173.82064646,64.31363919,ATR_TARGET,1.96879241
MU,2025-06-10T10:00:00-04:00,2025-06-10T14:00:00-04:00,32,112.80303888,113.33622651,17.06200423,6.31294156,ATR_STOP,0.38359321
TNYA,2025-06-10T12:15:00-04:00,2025-06-10T14:15:00-04:00,1,0.71803813,0.68083543,-0.03720269,-0.01376500,ATR_STOP,-1.01392713
JMIA,2025-06-09T15:00:00-04:00,2025-06-10T15:30:00-04:00,107,3.41756125,3.57481784,16.82645492,6.22578832,ATR_TARGET,1.96644829
NIO,2025-06-10T14:30:00-04:00,2025-06-11T09:30:00-04:00,962,3.76282000,3.85854356,92.08606338,34.07184345,ATR_TARGET,1.94126769
NXE,2025-06-11T09:45:00-04:00,2025-06-11T10:15:00-04:00,572,6.41981125,6.64127119,126.67508762,46.86978242,ATR_TARGET,1.95597430
IAUX,2025-06-11T09:30:00-04:00,2025-06-11T10:30:00-04:00,604,0.62496838,0.66049844,21.46015831,7.94025857,ATR_TARGET,1.97247831
IAUX,2025-06-11T10:45:00-04:00,2025-06-11T13:15:00-04:00,4,0.66379747,0.67309539,0.03719166,0.01376092,ATR_STOP,0.38049547
PLUG,2025-06-11T09:45:00-04:00,2025-06-11T13:45:00-04:00,4,1.34220590,1.40738976,0.26073543,0.09647211,ATR_STOP,0.69248366
DDD,2025-06-11T13:30:00-04:00,2025-06-11T14:45:00-04:00,1,1.92144000,1.86750093,-0.05393907,-0.01995745,ATR_STOP,-1.02667961
APPS,2025-06-11T10:45:00-04:00,2025-06-11T15:15:00-04:00,76,5.34900875,5.16309693,-14.12929797,-5.22784025,ATR_STOP,-1.02128819
BTU,2025-06-11T15:30:00-04:00,2025-06-12T09:30:00-04:00,29,13.66023750,13.38898008,-7.86646526,-2.91059215,ATR_STOP,-1.03847228
ADMA,2025-06-11T10:30:00-04:00,2025-06-12T12:45:00-04:00,171,21.83636500,21.33068710,-86.47092071,-31.99424066,ATR_STOP,-1.03269568
PLUG,2025-06-12T10:00:00-04:00,2025-06-12T13:30:00-04:00,4,1.45819283,1.34902804,-0.43665913,-0.16156388,ATR_STOP,-1.00936208
NVTS,2025-06-12T13:45:00-04:00,2025-06-12T14:45:00-04:00,451,8.16612000,7.75768693,-184.20331489,-68.15522651,ATR_STOP,-1.01446220
BTE,2025-06-11T14:15:00-04:00,2025-06-13T09:30:00-04:00,3,2.00650375,2.16837250,0.48560625,0.17967431,TARGET_GAP,2.80012570
ASTS,2025-06-12T09:45:00-04:00,2025-06-13T09:30:00-04:00,10,37.13783250,39.84062841,27.02795909,10.00034486,ATR_TARGET,1.97811475
NXE,2025-06-12T09:45:00-04:00,2025-06-13T09:30:00-04:00,2,6.67500250,6.53267856,-0.28464787,-0.10531971,ATR_STOP,-1.03568010
VSAT,2025-06-12T15:30:00-04:00,2025-06-13T09:30:00-04:00,310,11.48360625,12.04899814,175.27148702,64.85045020,ATR_TARGET,1.96851332
IAUX,2025-06-13T09:45:00-04:00,2025-06-17T09:45:00-04:00,6126,0.66760032,0.69461697,165.50399706,61.23647891,ATR_STOP,1.18114573
KTOS,2025-06-17T10:00:00-04:00,2025-06-17T11:00:00-04:00,99,42.21163500,43.62207337,139.63339837,51.66435740,ATR_TARGET,1.95462642
EOSE,2025-06-17T10:00:00-04:00,2025-06-17T13:00:00-04:00,3,4.69852125,4.46681907,-0.69510655,-0.25718942,ATR_STOP,-1.01468200
INTC,2025-06-17T13:30:00-04:00,2025-06-17T14:15:00-04:00,99,21.28595250,20.97511701,-30.77271347,-11.38590399,ATR_STOP,-1.05334989
IAUX,2025-06-17T15:15:00-04:00,2025-06-18T09:30:00-04:00,7,0.71543618,0.70047525,-0.10472648,-0.03874880,ATR_STOP,-1.03642150
TPET,2025-06-17T13:15:00-04:00,2025-06-18T09:45:00-04:00,1431,1.51123257,1.79301762,403.23440482,149.19672978,ATR_TARGET,1.99049363
VSAT,2025-06-17T14:45:00-04:00,2025-06-18T11:30:00-04:00,158,13.25993750,13.35181112,14.51603248,5.37093202,ATR_STOP,0.23802939
ABCL,2025-06-24T09:45:00-04:00,2025-06-24T11:30:00-04:00,27,3.40755375,3.62101266,5.76339057,2.13245451,ATR_TARGET,1.97485578
AMD,2025-06-24T09:45:00-04:00,2025-06-25T09:30:00-04:00,33,134.40072500,140.83429500,212.30781000,78.55388970,TARGET_GAP,2.30395111
TNYA,2025-06-24T15:15:00-04:00,2025-06-25T09:30:00-04:00,2,0.62306695,0.62686631,0.00759871,0.00281152,ATR_STOP,0.16067450
BE,2025-06-25T09:30:00-04:00,2025-06-25T09:30:00-04:00,198,23.01725000,22.58979399,-84.63628935,-31.31542706,ATR_STOP,-1.04130334
BILL,2025-06-25T09:45:00-04:00,2025-06-25T10:15:00-04:00,99,45.55414000,45.00592065,-54.27371608,-20.08127495,ATR_STOP,-1.06566325
EVLV,2025-06-25T09:30:00-04:00,2025-06-25T10:45:00-04:00,1,6.26469500,6.11592704,-0.14876796,-0.05504415,ATR_STOP,-1.03183843
AAOI,2025-06-25T11:00:00-04:00,2025-06-25T12:30:00-04:00,187,23.94674660,25.96608002,377.61535002,139.71767951,ATR_TARGET,1.98088193
VSAT,2025-06-25T14:15:00-04:00,2025-06-26T09:30:00-04:00,1,14.51087500,14.04759461,-0.46328039,-0.17141374,ATR_STOP,-1.02328859
SOFI,2025-06-24T11:45:00-04:00,2025-06-26T09:45:00-04:00,6,15.94314840,16.09102519,0.88726073,0.32828647,ATR_STOP,0.45176852
QS,2025-06-26T09:45:00-04:00,2025-06-26T10:30:00-04:00,2,5.93945125,6.89399385,1.90908521,0.70636153,ATR_TARGET,1.98921687
NXE,2025-06-26T11:30:00-04:00,2025-06-26T13:15:00-04:00,1,6.85513750,6.89879023,0.04365273,0.01615151,ATR_STOP,0.35404183
GME,2025-06-25T13:15:00-04:00,2025-06-26T14:00:00-04:00,201,23.39253125,23.98614968,119.31730399,44.14740248,ATR_TARGET,1.94112989
RIVN,2025-06-26T10:00:00-04:00,2025-06-27T09:30:00-04:00,7,13.98137818,13.73881271,-1.69795827,-0.62824456,ATR_STOP,-1.04439906
SOFI,2025-06-26T15:00:00-04:00,2025-06-27T09:30:00-04:00,285,16.71752875,17.16658532,127.98112319,47.35301558,ATR_TARGET,1.94421540
PRME,2025-06-26T11:45:00-04:00,2025-06-27T10:00:00-04:00,2,2.56192000,2.64226182,0.16068364,0.05945295,ATR_STOP,0.57850178
JMIA,2025-06-26T13:45:00-04:00,2025-06-27T10:45:00-04:00,2,3.28746375,3.29178470,0.00864189,0.00319750,ATR_STOP,0.05666859
EVLV,2025-06-27T10:45:00-04:00,2025-06-27T13:00:00-04:00,1,6.27970625,6.13872879,-0.14097746,-0.05216166,ATR_STOP,-1.03378678
TNYA,2025-06-25T14:15:00-04:00,2025-06-27T13:45:00-04:00,6,0.68040992,0.64940504,-0.18602929,-0.06883084,ATR_STOP,-1.01597182
AFRM,2025-06-27T09:45:00-04:00,2025-06-27T13:45:00-04:00,73,67.64069250,68.25360169,44.74237120,16.55467734,ATR_STOP,0.61102903
JMIA,2025-06-27T11:15:00-04:00,2025-06-27T15:30:00-04:00,2,3.40755375,3.63216665,0.44922579,0.16621354,ATR_TARGET,1.97601671
BLNK,2025-06-26T10:15:00-04:00,2025-06-30T09:30:00-04:00,1,0.99274400,0.92463696,-0.06810704,-0.02519960,ATR_STOP,-1.01029472
VSXY,2025-06-27T09:45:00-04:00,2025-06-30T09:30:00-04:00,1,19.29446000,18.89731235,-0.39714765,-0.14694463,ATR_STOP,-1.03703643
SEDG,2025-06-27T15:15:00-04:00,2025-06-30T09:30:00-04:00,253,19.61470000,20.81423324,303.48190993,112.28830667,ATR_TARGET,1.97428742
LUMN,2025-06-27T13:30:00-04:00,2025-06-30T09:45:00-04:00,1,4.43332250,4.45490270,0.02158020,0.00798467,ATR_STOP,0.22878778
EVLV,2025-06-30T09:30:00-04:00,2025-06-30T13:00:00-04:00,2,6.27470250,6.29891695,0.04842889,0.01791869,ATR_STOP,0.17337234
EOSE,2025-06-30T10:15:00-04:00,2025-07-01T09:30:00-04:00,1,4.84002730,5.02622750,0.18620020,0.06889407,STOP_GAP,0.89650655
ACHR,2025-06-30T09:45:00-04:00,2025-07-01T09:30:00-04:00,482,10.73654638,10.42039367,-152.38560383,-56.38267342,ATR_STOP,-1.02536608
PRME,2025-06-30T13:45:00-04:00,2025-07-01T09:30:00-04:00,5,2.55651595,2.42720285,-0.64656548,-0.23922923,ATR_STOP,-1.01428935
HIVE,2025-07-01T10:00:00-04:00,2025-07-01T10:30:00-04:00,1,1.88141000,1.89064469,0.00923469,0.00341684,ATR_STOP,0.14338522
NIO,2025-07-01T09:45:00-04:00,2025-07-01T10:45:00-04:00,1434,3.55266250,3.48585839,-95.79709815,-35.44492631,ATR_STOP,-1.04076098
INTC,2025-07-01T11:15:00-04:00,2025-07-01T12:45:00-04:00,221,22.75705500,22.79463048,8.30418024,3.07254669,ATR_STOP,0.11906241
PRCH,2025-07-01T13:45:00-04:00,2025-07-02T09:30:00-04:00,398,12.62946500,12.06094750,-226.26996500,-83.71988705,STOP_GAP,-1.02773038
SLS,2025-06-30T11:00:00-04:00,2025-07-02T09:30:00-04:00,1,2.11158250,2.00297530,-0.10860720,-0.04018466,ATR_STOP,-1.01403646
PRME,2025-07-01T14:15:00-04:00,2025-07-02T09:45:00-04:00,3,2.66699875,2.98094441,0.94183699,0.34847969,ATR_TARGET,1.98584753
NIO,2025-07-02T09:45:00-04:00,2025-07-02T10:00:00-04:00,1379,3.54265500,3.48043984,-85.79471072,-31.74404296,ATR_STOP,-1.04382824
DDD,2025-07-01T12:15:00-04:00,2025-07-02T11:15:00-04:00,2,1.57117750,1.67774278,0.21313056,0.07885831,ATR_TARGET,1.97664258
SLS,2025-07-02T10:30:00-04:00,2025-07-02T15:00:00-04:00,7,2.15081190,2.18017513,0.20554261,0.07605076,ATR_STOP,0.32496918
LUMN,2025-07-01T11:30:00-04:00,2025-07-03T09:45:00-04:00,1,4.47835625,4.54179110,0.06343485,0.02347089,STOP_GAP,0.59758290
GGLL,2025-07-02T10:15:00-04:00,2025-07-03T09:45:00-04:00,138,34.96620500,35.23355500,36.89430000,13.65089100,STOP_GAP,0.40211675
ABCL,2025-07-02T11:45:00-04:00,2025-07-03T09:45:00-04:00,1,3.61771125,3.68995556,0.07224431,0.02673039,ATR_STOP,0.57744728
PLUG,2025-07-03T10:00:00-04:00,2025-07-03T10:45:00-04:00,3,1.53114750,1.45996948,-0.21353407,-0.07900761,ATR_STOP,-1.01563590
NIO,2025-07-03T09:45:00-04:00,2025-07-07T09:30:00-04:00,1389,3.49261750,3.43721471,-76.95447867,-28.47315711,ATR_STOP,-1.04883949
DDD,2025-07-03T11:15:00-04:00,2025-07-07T09:30:00-04:00,3,1.71768730,1.66050622,-0.17154324,-0.06347100,ATR_STOP,-1.02228157
SOFI,2025-07-07T09:45:00-04:00,2025-07-07T10:15:00-04:00,256,18.71902875,18.83409632,29.45729898,10.89920062,ATR_STOP,0.34184638
EOSE,2025-07-07T09:45:00-04:00,2025-07-07T11:30:00-04:00,3,5.30397500,5.11607491,-0.56370027,-0.20856910,ATR_STOP,-1.02086240
LUMN,2025-07-07T10:45:00-04:00,2025-07-07T11:30:00-04:00,2,4.68351000,4.53481435,-0.29739130,-0.11003478,ATR_STOP,-1.02342637
QS,2025-07-02T15:15:00-04:00,2025-07-08T09:30:00-04:00,2,6.85013375,7.30816960,0.91607171,0.33894653,ATR_TARGET,1.97633229
CLOV,2025-07-07T13:15:00-04:00,2025-07-08T09:30:00-04:00,9,2.90717875,3.16726931,2.34081508,0.86610158,ATR_TARGET,1.98188551
CSIQ,2025-07-07T10:30:00-04:00,2025-07-08T09:45:00-04:00,371,12.93289240,13.96668195,383.53592244,141.90829130,ATR_TARGET,1.97992311
BTE,2025-07-08T09:45:00-04:00,2025-07-08T10:30:00-04:00,23,1.84168023,1.94590162,2.39709219,0.88692411,ATR_TARGET,1.97236005
CGTX,2025-07-08T09:30:00-04:00,2025-07-08T11:30:00-04:00,2,0.59684730,0.52394620,-0.14580221,-0.05394682,ATR_STOP,-1.00542361
PLUG,2025-07-08T10:00:00-04:00,2025-07-08T13:15:00-04:00,3461,1.45609125,1.39131177,-224.20178691,-82.95466116,ATR_STOP,-1.01638446
AAOI,2025-07-08T14:00:00-04:00,2025-07-09T09:45:00-04:00,181,26.99022750,28.66208250,302.60575546,111.96412952,ATR_TARGET,1.97459182
PRME,2025-07-08T14:00:00-04:00,2025-07-09T09:45:00-04:00,3,4.03802625,4.50826234,1.41070828,0.52196207,ATR_TARGET,1.98571118
DDD,2025-07-08T11:00:00-04:00,2025-07-09T10:15:00-04:00,10,1.72629375,1.74641195,0.20118201,0.07443734,ATR_STOP,0.36812717
SOXL,2025-07-08T10:45:00-04:00,2025-07-09T10:30:00-04:00,1,26.43981500,26.67253789,0.23272289,0.08610747,ATR_STOP,0.29743159
BLNK,2025-07-09T10:15:00-04:00,2025-07-09T10:30:00-04:00,9,0.98073500,0.95004785,-0.27618438,-0.10218822,ATR_STOP,-1.02378957
CGTX,2025-07-09T09:30:00-04:00,2025-07-09T11:30:00-04:00,4,0.56242150,0.57039891,0.03190963,0.01180656,ATR_STOP,0.15204775
KTOS,2025-07-09T11:00:00-04:00,2025-07-10T09:30:00-04:00,1,44.95369000,46.59292913,1.63923913,0.60651848,ATR_TARGET,1.95822397
PRME,2025-07-09T11:00:00-04:00,2025-07-10T09:30:00-04:00,1,4.73354750,4.37642123,-0.35712627,-0.13213672,ATR_STOP,-1.00928319
ABCL,2025-07-09T12:15:00-04:00,2025-07-10T09:30:00-04:00,1,4.06304500,4.31138487,0.24833987,0.09188575,ATR_TARGET,1.97427443
KTOS,2025-07-10T09:45:00-04:00,2025-07-10T09:45:00-04:00,1,46.33472500,45.59734897,-0.73737603,-0.27282913,ATR_STOP,-1.04867178
NIO,2025-07-10T09:45:00-04:00,2025-07-10T10:45:00-04:00,2,3.51053092,3.60185250,0.18264315,0.06757796,ATR_TARGET,1.94249578
QS,2025-07-09T10:00:00-04:00,2025-07-10T11:15:00-04:00,599,8.48135625,8.74357169,157.06704756,58.11480760,ATR_STOP,0.64489527
HIVE,2025-07-10T11:30:00-04:00,2025-07-10T15:45:00-04:00,3,2.25699147,2.28939139,0.09719974,0.03596390,ATR_STOP,0.41670607
SOXL,2025-07-10T11:30:00-04:00,2025-07-11T09:30:00-04:00,187,27.70576375,26.83985500,-161.92493625,-59.91222641,STOP_GAP,-1.19513713
DDD,2025-07-10T10:15:00-04:00,2025-07-11T09:30:00-04:00,25,1.82636875,1.76944198,-1.42316931,-0.52657265,ATR_STOP,-1.02388685
CSIQ,2025-07-11T09:30:00-04:00,2025-07-11T09:30:00-04:00,364,13.98047750,13.74731637,-84.87065133,-31.40214099,ATR_STOP,-1.04630269
HIVE,2025-07-11T09:45:00-04:00,2025-07-11T11:45:00-04:00,1,2.43162235,2.32932579,-0.10229656,-0.03784973,ATR_STOP,-1.01738773
TNYA,2025-07-11T10:00:00-04:00,2025-07-11T13:30:00-04:00,1,0.70883123,0.68140243,-0.02742880,-0.01014865,ATR_STOP,-1.01900021
SOFI,2025-07-11T09:45:00-04:00,2025-07-14T09:30:00-04:00,236,21.51612500,20.96557573,-129.92962870,-48.07396262,ATR_STOP,-1.02942332
SEDG,2025-07-14T09:45:00-04:00,2025-07-14T10:00:00-04:00,184,27.15535125,26.30621875,-156.24038051,-57.80894079,ATR_STOP,-1.02380607
CLOV,2025-07-14T10:15:00-04:00,2025-07-15T10:45:00-04:00,1608,3.04728375,2.96394213,-134.01331895,-49.58492801,ATR_STOP,-1.02742490
GGLL,2025-07-15T11:15:00-04:00,2025-07-15T15:45:00-04:00,128,37.46808000,36.74369533,-92.72123741,-34.30685784,ATR_STOP,-1.03957837
REPL,2025-07-15T12:00:00-04:00,2025-07-16T09:30:00-04:00,1,11.75881250,13.18010750,1.42129500,0.52587915,TARGET_GAP,3.22917123
BTE,2025-07-15T12:30:00-04:00,2025-07-16T09:30:00-04:00,4,1.90642875,1.85373477,-0.21077594,-0.07798710,ATR_STOP,-1.02712033
SEDG,2025-07-16T09:30:00-04:00,2025-07-16T09:30:00-04:00,173,27.33048250,26.45628103,-151.23685394,-55.95763596,ATR_STOP,-1.02324251
APP,2025-07-16T09:45:00-04:00,2025-07-16T11:45:00-04:00,13,355.83667750,349.31518314,-84.77942665,-31.36838786,ATR_STOP,-1.04188688
PLUG,2025-07-18T09:45:00-04:00,2025-07-18T12:15:00-04:00,2,1.69126750,1.74168578,0.10083655,0.03730952,ATR_STOP,0.71531217
CGTX,2025-07-16T09:45:00-04:00,2025-07-18T12:30:00-04:00,58,0.63537617,0.67773831,2.45700402,0.90909149,ATR_STOP,0.77697506
TSLR,2025-07-16T12:30:00-04:00,2025-07-18T12:45:00-04:00,241,18.96421250,19.45817165,119.04415607,44.04633775,ATR_STOP,0.76205054
BLNK,2025-07-18T14:30:00-04:00,2025-07-21T09:30:00-04:00,6,1.06069493,1.13708999,0.45837039,0.16959705,ATR_TARGET,1.97790359
TSLL,2025-07-18T14:15:00-04:00,2025-07-21T09:45:00-04:00,376,12.44933000,12.48432973,13.15989660,4.86916174,STOP_GAP,0.09980644
HIVE,2025-07-21T09:45:00-04:00,2025-07-21T10:30:00-04:00,2034,2.30843003,2.46390648,316.23911160,117.00847129,ATR_TARGET,1.97649061
NIO,2025-07-21T10:45:00-04:00,2025-07-21T15:00:00-04:00,2,4.65358758,4.51419578,-0.27878359,-0.10314993,ATR_STOP,-1.02491249
EVLV,2025-07-21T15:15:00-04:00,2025-07-22T09:30:00-04:00,1,6.00450000,6.22738749,0.22288749,0.08246837,ATR_TARGET,1.95892060
SGML,2025-07-22T09:45:00-04:00,2025-07-22T10:00:00-04:00,1,7.15536250,6.87893407,-0.27642843,-0.10227852,ATR_STOP,-1.01903329
YINN,2025-07-21T10:45:00-04:00,2025-07-22T11:45:00-04:00,106,46.07973390,47.29992698,129.34046663,47.85597265,ATR_TARGET,1.94345509
HIVE,2025-07-22T12:15:00-04:00,2025-07-23T09:45:00-04:00,2070,2.40180000,2.39949902,-4.76301825,-1.76231675,STOP_GAP,-0.02120850
CLOV,2025-07-22T09:45:00-04:00,2025-07-23T11:00:00-04:00,1,3.24232992,3.48089235,0.23856243,0.08826810,ATR_TARGET,1.97833417
CGTX,2025-07-22T13:00:00-04:00,2025-07-23T11:45:00-04:00,2,0.76302184,0.77596675,0.02588982,0.00957923,ATR_STOP,0.31386098
IAUX,2025-07-23T09:45:00-04:00,2025-07-23T12:30:00-04:00,7415,0.67010220,0.64788217,-164.76151734,-60.96176142,ATR_STOP,-1.02237425
BTE,2025-07-23T12:45:00-04:00,2025-07-23T15:00:00-04:00,2379,2.04653375,2.13640323,213.79950115,79.10581542,ATR_TARGET,1.96494036
LUMN,2025-07-23T15:45:00-04:00,2025-07-24T09:30:00-04:00,1,4.55341250,4.48225271,-0.07115979,-0.02632912,ATR_STOP,-1.04962290
CGTX,2025-07-23T14:45:00-04:00,2025-07-24T10:45:00-04:00,1,0.79854846,0.84901736,0.05046889,0.01867349,ATR_TARGET,1.97506206
ABCL,2025-07-24T15:30:00-04:00,2025-07-24T15:45:00-04:00,1,5.13144570,5.01929330,-0.11215240,-0.04149639,ATR_STOP,-1.03475842
ASTS,2025-07-23T15:15:00-04:00,2025-07-25T09:30:00-04:00,85,58.28368000,56.20781250,-176.44873750,-65.28603288,STOP_GAP,-1.19108682
RIVN,2025-07-25T09:30:00-04:00,2025-07-25T10:45:00-04:00,349,13.90041750,14.28893246,135.59172250,50.16893732,ATR_TARGET,1.94627417
EOSE,2025-07-23T15:15:00-04:00,2025-07-25T12:45:00-04:00,7,6.26969875,6.41494956,1.01675566,0.37619959,ATR_STOP,0.60981275
APPS,2025-07-25T12:15:00-04:00,2025-07-28T09:45:00-04:00,907,5.43907625,5.43092375,-7.39431750,-2.73589748,STOP_GAP,-0.05470120
PLUG,2025-07-25T12:30:00-04:00,2025-07-28T09:45:00-04:00,2,1.82636875,1.80784310,-0.03705130,-0.01370898,STOP_GAP,-0.26017016
ABCL,2025-07-25T13:00:00-04:00,2025-07-28T09:45:00-04:00,9,4.98373500,4.97126875,-0.11219625,-0.04151261,STOP_GAP,-0.07445259
VISN,2025-07-28T09:45:00-04:00,2025-07-29T09:30:00-04:00,617,8.06604500,8.39370000,202.16313500,74.80035995,TARGET_GAP,2.16662363
NXE,2025-07-29T09:30:00-04:00,2025-07-29T11:15:00-04:00,719,7.09531750,6.98615849,-78.48532842,-29.03957151,ATR_STOP,-1.05045978
BTE,2025-07-29T10:00:00-04:00,2025-07-29T11:15:00-04:00,1,2.19164250,2.13891427,-0.05272823,-0.01950945,ATR_STOP,-1.03140259
GGLL,2025-07-29T12:00:00-04:00,2025-07-30T09:45:00-04:00,121,41.76129750,42.12410897,43.90018843,16.24306972,ATR_STOP,0.58183707
BE,2025-07-30T10:15:00-04:00,2025-07-30T13:15:00-04:00,142,35.57666250,37.37996489,256.06893981,94.74550773,ATR_TARGET,1.96936043
BTE,2025-07-30T13:00:00-04:00,2025-07-30T14:30:00-04:00,2,2.18203530,2.13296494,-0.09814072,-0.03631207,ATR_STOP,-1.03372537
EOSE,2025-07-30T10:45:00-04:00,2025-07-30T14:45:00-04:00,4,6.25969125,6.06184909,-0.79136864,-0.29280640,ATR_STOP,-1.02353843
ASPN,2025-07-30T14:15:00-04:00,2025-07-30T14:45:00-04:00,629,8.28621000,8.06909434,-136.56575119,-50.52932794,ATR_STOP,-1.02869508
TSLZ,2025-07-30T15:00:00-04:00,2025-07-30T15:45:00-04:00,162,31.69375250,30.66062758,-167.36623750,-61.92550788,ATR_STOP,-1.02278235
EOSE,2025-07-31T10:15:00-04:00,2025-07-31T10:45:00-04:00,2,6.52288850,6.09765197,-0.85047305,-0.31467503,ATR_STOP,-1.01087974
VSAT,2025-07-31T09:45:00-04:00,2025-07-31T13:00:00-04:00,306,16.02200750,17.19855478,360.02346641,133.20868257,ATR_TARGET,1.97829495
LUMN,2025-07-31T11:45:00-04:00,2025-08-01T09:30:00-04:00,3,4.49817110,4.01698500,-1.44355830,-0.53411657,STOP_GAP,-4.52175313
APPS,2025-07-31T15:30:00-04:00,2025-08-01T09:30:00-04:00,2,5.47410250,5.23607000,-0.47606500,-0.17614405,STOP_GAP,-1.39017523
BTE,2025-08-01T09:45:00-04:00,2025-08-01T10:00:00-04:00,12,2.18163500,2.10483085,-0.92164982,-0.34101043,ATR_STOP,-1.02100129
VSAT,2025-07-31T13:15:00-04:00,2025-08-01T11:15:00-04:00,315,16.25218000,16.32079478,21.61365587,7.99705267,ATR_STOP,0.09457482
ADMA,2025-08-01T12:00:00-04:00,2025-08-04T14:00:00-04:00,267,19.31447500,20.11917871,214.85589007,79.49667933,ATR_TARGET,1.96316021
SOFI,2025-08-05T09:45:00-04:00,2025-08-05T11:30:00-04:00,96,21.87639500,21.43289268,-42.57622289,-15.75320247,ATR_STOP,-1.03763722
EVLV,2025-08-05T13:45:00-04:00,2025-08-06T09:30:00-04:00,298,7.01025375,7.02972082,5.80118677,2.14643911,ATR_STOP,0.14779360
BTE,2025-08-05T15:30:00-04:00,2025-08-06T11:45:00-04:00,1,2.12659375,2.14758778,0.02099403,0.00776779,ATR_STOP,0.46304413
REPL,2025-08-05T09:45:00-04:00,2025-08-06T12:15:00-04:00,530,5.99449250,5.50474983,-259.56361686,-96.03853824,ATR_STOP,-1.00850817
PLTR,2025-08-06T09:45:00-04:00,2025-08-06T13:00:00-04:00,11,174.52579625,176.93090757,26.45622456,9.78880309,ATR_STOP,0.61064712
ASPN,2025-08-06T11:45:00-04:00,2025-08-07T09:30:00-04:00,20,8.40299752,8.97201708,11.38039106,4.21074469,ATR_TARGET,1.97660783
AFRM,2025-08-06T15:15:00-04:00,2025-08-07T10:30:00-04:00,64,77.27291125,77.89192161,39.61666310,14.65816535,ATR_STOP,0.47924795
EOSE,2025-08-07T09:45:00-04:00,2025-08-08T10:15:00-04:00,26,6.69491742,6.43678790,-6.71136757,-2.48320600,ATR_STOP,-1.01907322
MU,2025-08-08T10:30:00-04:00,2025-08-08T11:15:00-04:00,1,114.41574750,117.94756063,3.53181313,1.30677086,ATR_TARGET,1.95109461
VISN,2025-08-07T12:15:00-04:00,2025-08-11T09:30:00-04:00,333,14.91617875,15.79314625,292.03017750,108.05116567,TARGET_GAP,2.01566074
IAUX,2025-08-08T09:45:00-04:00,2025-08-11T09:30:00-04:00,15,0.60885630,0.59564209,-0.19821312,-0.07333885,ATR_STOP,-1.03501699
JMIA,2025-08-11T09:30:00-04:00,2025-08-11T09:30:00-04:00,875,5.88441000,6.30119541,364.68723765,134.93427793,ATR_TARGET,1.97755978
EVLV,2025-08-08T14:45:00-04:00,2025-08-11T09:45:00-04:00,16,7.28045625,7.30193277,0.34362429,0.12714099,ATR_STOP,0.16562907
NIO,2025-08-08T11:15:00-04:00,2025-08-11T10:15:00-04:00,11,4.82861875,4.91141578,0.91076733,0.33698391,ATR_STOP,0.86620772
QS,2025-08-11T09:45:00-04:00,2025-08-11T10:15:00-04:00,585,9.21190375,8.91036917,-176.39773215,-65.26716090,ATR_STOP,-1.02268226
CGTX,2025-08-11T09:45:00-04:00,2025-08-11T14:00:00-04:00,4,0.78548868,0.87692864,0.36575987,0.13533115,ATR_TARGET,1.98570677
HURA,2025-08-11T14:15:00-04:00,2025-08-12T09:30:00-04:00,55,3.09231750,3.57949137,26.79456283,9.91398825,ATR_TARGET,1.98903103
SOFI,2025-08-11T10:00:00-04:00,2025-08-12T09:45:00-04:00,5,22.83641447,22.94755853,0.55572029,0.20561651,ATR_STOP,0.21119231
CGTX,2025-08-12T10:15:00-04:00,2025-08-12T12:15:00-04:00,1,0.88086015,0.97948184,0.09862169,0.03649002,ATR_TARGET,1.98520157
NXE,2025-08-12T10:15:00-04:00,2025-08-12T14:00:00-04:00,17,7.00525000,6.87118774,-2.27905834,-0.84325159,ATR_STOP,-1.04000821
APP,2025-08-11T10:30:00-04:00,2025-08-13T09:45:00-04:00,11,469.60193750,454.77085564,-163.14190051,-60.36250319,ATR_STOP,-1.02355694
QS,2025-08-12T09:45:00-04:00,2025-08-13T09:45:00-04:00,20,9.14685500,9.42274709,5.51784185,2.04160148,ATR_STOP,0.98123544
GME,2025-08-12T14:45:00-04:00,2025-08-13T09:45:00-04:00,5,22.72202875,22.82482133,0.51396290,0.19016627,ATR_STOP,0.46704151
PLUG,2025-08-12T15:00:00-04:00,2025-08-13T09:45:00-04:00,3,1.55116250,1.67235553,0.36357910,0.13452427,ATR_TARGET,1.97949814
ABCL,2025-08-13T10:15:00-04:00,2025-08-13T13:30:00-04:00,1185,4.52839375,4.61615596,103.99821893,38.47934101,ATR_STOP,0.58168553
LUMN,2025-08-13T14:45:00-04:00,2025-08-14T09:45:00-04:00,1289,4.21315750,4.27236124,76.31361553,28.23603775,ATR_STOP,0.66850132
ABCL,2025-08-14T10:00:00-04:00,2025-08-14T10:45:00-04:00,1162,4.71353250,4.51099572,-235.34773347,-87.07866138,ATR_STOP,-1.01700110
OTLK,2025-08-14T13:15:00-04:00,2025-08-14T15:15:00-04:00,7,2.18663875,2.39302171,1.44468070,0.53453186,ATR_TARGET,1.98274453
INTC,2025-08-14T11:45:00-04:00,2025-08-14T15:30:00-04:00,1,22.44692257,23.12580013,0.67887755,0.25118469,ATR_TARGET,1.95013933
LUMN,2025-08-14T15:30:00-04:00,2025-08-15T09:30:00-04:00,3,4.28821375,4.43870601,0.45147677,0.16704641,ATR_TARGET,1.95668384
NVTS,2025-08-14T15:45:00-04:00,2025-08-15T09:30:00-04:00,3,7.19539250,7.02826166,-0.50139252,-0.18551523,ATR_STOP,-1.03259170
GME,2025-08-15T09:45:00-04:00,2025-08-15T10:00:00-04:00,1,22.97922150,22.77316547,-0.20605603,-0.07624073,ATR_STOP,-1.09045508
GGLL,2025-08-14T11:15:00-04:00,2025-08-15T11:30:00-04:00,116,45.62419250,45.88529789,30.28822553,11.20664345,ATR_STOP,0.29521774
CGTX,2025-08-15T10:15:00-04:00,2025-08-15T12:45:00-04:00,21,1.92013903,1.64948502,-5.68373410,-2.10298162,ATR_STOP,-1.00459528
PLUG,2025-08-13T15:15:00-04:00,2025-08-18T09:30:00-04:00,2,1.63622625,1.66084140,0.04923031,0.01821521,ATR_STOP,0.34793266
AMC,2025-08-14T15:30:00-04:00,2025-08-18T09:30:00-04:00,1,3.05258772,2.99230774,-0.06027998,-0.02230359,ATR_STOP,-1.03869995
HIVE,2025-08-15T13:30:00-04:00,2025-08-18T09:30:00-04:00,21,2.22796973,2.36632955,2.90555636,1.07505585,ATR_TARGET,1.97465205
VISN,2025-08-15T12:15:00-04:00,2025-08-18T09:45:00-04:00,342,15.50161750,15.71370276,72.53316021,26.83726928,ATR_STOP,0.55801767
CLOV,2025-08-18T10:15:00-04:00,2025-08-18T15:30:00-04:00,1972,2.71113182,2.63548543,-149.17469989,-55.19463896,ATR_STOP,-1.02685141
BLNK,2025-08-18T13:45:00-04:00,2025-08-19T09:30:00-04:00,1,1.04067993,0.97926500,-0.06141493,-0.02272352,STOP_GAP,-1.40757606
MU,2025-08-19T09:30:00-04:00,2025-08-19T09:30:00-04:00,42,123.03220500,121.84507739,-49.85935977,-18.44796311,ATR_STOP,-1.08346670
NXE,2025-08-19T09:30:00-04:00,2025-08-19T09:30:00-04:00,12,7.01525750,6.91960692,-1.14780692,-0.42468856,ATR_STOP,-1.05741514
VISN,2025-08-19T09:45:00-04:00,2025-08-19T09:45:00-04:00,330,15.79183500,15.47414699,-104.83704398,-38.78970627,ATR_STOP,-1.03794616
TSLA,2025-08-19T10:00:00-04:00,2025-08-19T10:30:00-04:00,15,339.22422750,334.73620759,-67.32029868,-24.90851051,ATR_STOP,-1.05929990
TSLL,2025-08-19T10:00:00-04:00,2025-08-19T10:30:00-04:00,4,12.79959250,12.47243961,-1.30861158,-0.48418628,ATR_STOP,-1.02945752
OTLK,2025-08-19T09:45:00-04:00,2025-08-19T12:30:00-04:00,3,2.82361613,2.65472750,-0.50666587,-0.18746637,ATR_STOP,-1.01193881
HIVE,2025-08-19T10:15:00-04:00,2025-08-19T12:30:00-04:00,2,2.44683375,2.35251347,-0.18864056,-0.06979701,ATR_STOP,-1.01907750
IAUX,2025-08-18T09:45:00-04:00,2025-08-19T14:00:00-04:00,79,0.70322703,0.67359905,-2.34061021,-0.86602578,ATR_STOP,-1.01736047
CGTX,2025-08-19T14:45:00-04:00,2025-08-20T09:30:00-04:00,46,1.61641140,1.81084809,8.94408771,3.30931245,ATR_TARGET,1.98611661
YINN,2025-08-20T09:45:00-04:00,2025-08-20T09:45:00-04:00,1,45.56414750,45.03261087,-0.53153663,-0.19666855,ATR_STOP,-1.06790699
SEDG,2025-08-20T09:45:00-04:00,2025-08-20T09:45:00-04:00,1,32.75694930,31.47992684,-1.27702246,-0.47249831,ATR_STOP,-1.01885094
ALKS,2025-08-19T11:15:00-04:00,2025-08-20T10:15:00-04:00,178,28.60143500,28.79362119,34.20914101,12.65738217,ATR_STOP,0.50919461
IAUX,2025-08-20T10:15:00-04:00,2025-08-20T14:15:00-04:00,113,0.69682223,0.67640248,-2.30743064,-0.85374934,ATR_STOP,-1.02549624
KC,2025-08-20T12:15:00-04:00,2025-08-21T10:00:00-04:00,367,13.92043250,13.42252287,-182.73283440,-67.61114873,ATR_STOP,-1.02065134
SLS,2025-08-20T15:15:00-04:00,2025-08-21T10:15:00-04:00,43,1.86639875,1.80611095,-2.59237535,-0.95917888,ATR_STOP,-1.02300270
OTLK,2025-08-22T09:30:00-04:00,2025-08-25T09:30:00-04:00,2,2.46184500,2.71796000,0.51223000,0.18952510,TARGET_GAP,2.01704161
CLOV,2025-08-21T10:30:00-04:00,2025-08-25T09:30:00-04:00,1938,2.61696125,2.74569744,249.49073630,92.31157243,ATR_TARGET,1.96848829
IAUX,2025-08-25T09:45:00-04:00,2025-08-25T11:15:00-04:00,6,0.77117795,0.74986178,-0.12789703,-0.04732190,ATR_STOP,-1.02711940
NIO,2025-08-25T09:45:00-04:00,2025-08-25T12:00:00-04:00,802,6.51488250,6.26176770,-202.99806798,-75.10928515,ATR_STOP,-1.01891936
LUMN,2025-08-25T09:30:00-04:00,2025-08-25T15:30:00-04:00,1,4.61345750,4.67592931,0.06247181,0.02311457,ATR_STOP,0.81626905
EOSE,2025-08-25T14:00:00-04:00,2025-08-26T09:30:00-04:00,2,6.30972875,6.55196481,0.48447213,0.17925469,ATR_TARGET,1.96020564
BTE,2025-08-25T14:15:00-04:00,2025-08-26T09:30:00-04:00,2,2.16162000,2.11861803,-0.08600394,-0.03182146,ATR_STOP,-1.03839861
BEKE,2025-08-26T09:45:00-04:00,2025-08-26T13:15:00-04:00,1,19.31447500,18.86322503,-0.45124997,-0.16696249,ATR_STOP,-1.03239144
HIVE,2025-08-26T09:45:00-04:00,2025-08-27T09:30:00-04:00,1,2.68190992,2.85865642,0.17674650,0.06539620,ATR_TARGET,1.97601234
IAUX,2025-08-26T10:00:00-04:00,2025-08-27T09:30:00-04:00,2,0.77958425,0.75726660,-0.04463529,-0.01651506,ATR_STOP,-1.02613312
LUMN,2025-08-27T09:30:00-04:00,2025-08-27T10:00:00-04:00,1,4.70352500,4.83327894,0.12975394,0.04800896,ATR_TARGET,1.94560450
RIVN,2025-08-26T14:30:00-04:00,2025-08-27T13:45:00-04:00,1,13.18568185,13.25492477,0.06924292,0.02561988,ATR_STOP,0.30829428
SLS,2025-08-27T13:45:00-04:00,2025-08-28T13:15:00-04:00,1,1.91643625,1.95407325,0.03763700,0.01392569,ATR_STOP,0.70440662
EVLV,2025-08-27T11:00:00-04:00,2025-08-29T09:30:00-04:00,1,8.42631500,8.25644150,-0.16987350,-0.06285319,ATR_STOP,-1.03786114
SEDG,2025-08-25T12:30:00-04:00,2025-08-29T10:00:00-04:00,155,32.79457750,33.70867025,141.68437670,52.42321938,ATR_STOP,0.78200678
BTE,2025-08-27T14:00:00-04:00,2025-08-29T10:30:00-04:00,6,2.18163500,2.19555095,0.08349572,0.03089342,ATR_STOP,0.32681427
IAUX,2025-08-29T10:00:00-04:00,2025-08-29T13:30:00-04:00,18,0.78749018,0.79103325,0.06377538,0.02359689,ATR_STOP,0.16938456
BLNK,2025-08-29T14:15:00-04:00,2025-09-02T09:30:00-04:00,12,1.17588125,1.10916750,-0.80056500,-0.29620905,STOP_GAP,-1.07589548
HIVE,2025-08-29T13:00:00-04:00,2025-09-02T09:30:00-04:00,1,2.97723125,2.86921079,-0.10802046,-0.03996757,ATR_STOP,-1.02034179
BTU,2025-08-29T10:45:00-04:00,2025-09-02T09:45:00-04:00,303,17.10281750,16.80316267,-90.79541306,-33.59430283,ATR_STOP,-1.04393708
ASTS,2025-09-02T10:00:00-04:00,2025-09-02T10:00:00-04:00,102,50.18761250,48.76477911,-145.12900582,-53.69773215,ATR_STOP,-1.02640325
CLOV,2025-09-02T09:45:00-04:00,2025-09-02T11:45:00-04:00,6,2.65198750,2.60151892,-0.30281148,-0.11204025,ATR_STOP,-1.04024661
IAUX,2025-09-02T09:45:00-04:00,2025-09-02T11:45:00-04:00,1,0.81891373,0.82472418,0.00581045,0.00214987,ATR_STOP,0.23697070
BTE,2025-09-02T10:15:00-04:00,2025-09-02T14:30:00-04:00,13,2.28171000,2.37539787,1.21794233,0.45063866,ATR_TARGET,1.96265065
YINN,2025-09-02T10:15:00-04:00,2025-09-03T09:30:00-04:00,106,47.14533250,46.37750082,-81.39015857,-30.11435867,ATR_STOP,-1.04748727
IAUX,2025-09-03T13:15:00-04:00,2025-09-03T14:45:00-04:00,4,0.82631928,0.80817730,-0.07256790,-0.02685012,ATR_STOP,-1.03459222
NXE,2025-09-03T11:00:00-04:00,2025-09-04T10:00:00-04:00,1,7.83587250,7.68560615,-0.15026635,-0.05559855,ATR_STOP,-1.03992123
TNYA,2025-09-04T14:00:00-04:00,2025-09-05T09:30:00-04:00,6,1.21100758,1.31378177,0.61664519,0.22815872,ATR_TARGET,1.98099319
APPS,2025-09-02T15:15:00-04:00,2025-09-05T09:45:00-04:00,11,4.19814625,4.44095879,2.67093791,0.98824703,ATR_TARGET,1.97291671
NXE,2025-09-05T09:45:00-04:00,2025-09-05T09:45:00-04:00,1,7.65073375,7.51982888,-0.13090487,-0.04843480,ATR_STOP,-1.04505884
VISN,2025-09-03T09:45:00-04:00,2025-09-05T10:15:00-04:00,303,16.29221000,15.97316287,-96.67128033,-35.76837372,ATR_STOP,-1.03904426
IVVD,2025-09-02T10:00:00-04:00,2025-09-05T11:45:00-04:00,6,1.01005698,1.14441280,0.80613493,0.29826992,ATR_TARGET,1.98729497
REPL,2025-09-05T11:15:00-04:00,2025-09-05T15:45:00-04:00,795,6.13349667,6.27863802,115.38736887,42.69332648,ATR_STOP,0.66520121
RIVN,2025-09-05T10:00:00-04:00,2025-09-08T09:30:00-04:00,4,14.40579625,13.96003656,-1.78303875,-0.65972434,ATR_STOP,-1.02407150
ERAS,2025-09-08T09:30:00-04:00,2025-09-08T09:45:00-04:00,8,1.62121500,1.56832980,-0.42308157,-0.15654018,ATR_STOP,-1.02276492
BRZE,2025-09-08T09:30:00-04:00,2025-09-08T10:15:00-04:00,153,32.25417250,31.10354779,-176.04558041,-65.13686475,ATR_STOP,-1.02070930
VUZI,2025-09-08T09:45:00-04:00,2025-09-08T12:45:00-04:00,23,2.50277568,2.39490690,-2.48098175,-0.91796325,ATR_STOP,-1.01694642
CLOV,2025-09-08T14:30:00-04:00,2025-09-08T15:15:00-04:00,2,2.82211500,2.76137623,-0.12147754,-0.04494669,ATR_STOP,-1.03532847
BRZE,2025-09-08T13:00:00-04:00,2025-09-09T10:15:00-04:00,1,32.35374713,31.44225502,-0.91149210,-0.33725208,ATR_STOP,-1.02657910
LUMN,2025-09-09T09:30:00-04:00,2025-09-09T12:45:00-04:00,1,5.11383250,5.35507519,0.24124269,0.08925980,ATR_TARGET,1.96722427
GME,2025-09-08T10:30:00-04:00,2025-09-10T09:30:00-04:00,209,23.13734000,25.18609625,428.19005625,158.43032081,TARGET_GAP,5.83974881
TNYA,2025-09-05T12:00:00-04:00,2025-09-10T09:30:00-04:00,7,1.35101250,1.27387861,-0.53993721,-0.19977677,ATR_STOP,-1.01255125
BBBY,2025-09-09T11:00:00-04:00,2025-09-10T09:30:00-04:00,2,11.30847500,10.81761296,-0.98172409,-0.36323791,ATR_STOP,-1.01681910
LUMN,2025-09-09T13:00:00-04:00,2025-09-10T09:30:00-04:00,2,5.40905375,5.75139843,0.68468936,0.25333506,ATR_TARGET,1.97509509
PRME,2025-09-09T13:00:00-04:00,2025-09-10T09:45:00-04:00,1,3.96797375,3.99200375,0.02403000,0.00889110,STOP_GAP,0.16768346
SOFI,2025-09-10T09:45:00-04:00,2025-09-10T10:00:00-04:00,3,26.66998750,26.15032268,-1.55899445,-0.57682795,ATR_STOP,-1.03925199
BIDU,2025-09-10T09:45:00-04:00,2025-09-10T10:15:00-04:00,46,109.90236500,108.27993703,-74.63168667,-27.61372407,ATR_STOP,-1.05273369
BLNK,2025-09-10T10:15:00-04:00,2025-09-10T12:45:00-04:00,1,1.19589625,1.14902616,-0.04687009,-0.01734193,ATR_STOP,-1.01874506
PRCH,2025-09-08T13:15:00-04:00,2025-09-10T13:15:00-04:00,1,18.78407750,18.36843772,-0.41563978,-0.15378672,ATR_STOP,-1.03430773
BTE,2025-09-10T10:15:00-04:00,2025-09-10T13:45:00-04:00,34,2.28361142,2.38726116,3.52409107,1.30391370,ATR_TARGET,1.96601359
TNYA,2025-09-10T10:30:00-04:00,2025-09-10T13:45:00-04:00,3735,1.34100500,1.28239644,-218.90296022,-80.99409528,ATR_STOP,-1.01669706
IAUX,2025-09-10T13:00:00-04:00,2025-09-10T15:45:00-04:00,1,0.89376983,0.92742658,0.03365676,0.01245300,ATR_TARGET,1.95947399
OTLK,2025-09-10T15:30:00-04:00,2025-09-11T09:30:00-04:00,2,1.00115030,1.09917500,0.19604940,0.07253828,TARGET_GAP,2.24511810
RIVN,2025-09-10T13:30:00-04:00,2025-09-11T09:30:00-04:00,1,14.03551875,14.52709163,0.49157288,0.18188197,ATR_TARGET,1.95660096
HIVE,2025-09-10T14:00:00-04:00,2025-09-11T09:30:00-04:00,1559,3.17738125,3.39181047,334.29515507,123.68920738,ATR_TARGET,1.97653400
USAS,2025-09-10T09:45:00-04:00,2025-09-12T11:15:00-04:00,6,2.75206250,2.77708358,0.15012650,0.05554680,ATR_STOP,0.26457942
APPS,2025-09-11T09:45:00-04:00,2025-09-12T12:30:00-04:00,1153,4.49336750,4.75754001,304.59089900,112.69863263,ATR_TARGET,1.97332645
HIVE,2025-09-12T09:45:00-04:00,2025-09-15T09:30:00-04:00,1,3.56256993,4.05695500,0.49438507,0.18292248,TARGET_GAP,3.65922326
BLNK,2025-09-12T11:30:00-04:00,2025-09-15T09:30:00-04:00,13,1.29076735,1.40394625,1.47132570,0.54439051,TARGET_GAP,2.07874572
IAUX,2025-09-11T12:30:00-04:00,2025-09-15T10:30:00-04:00,1,0.92109030,0.92406184,0.00297154,0.00109947,ATR_STOP,0.13764503
OTLK,2025-09-15T09:45:00-04:00,2025-09-15T15:45:00-04:00,19,1.10162560,1.02714980,-1.41504022,-0.52356488,ATR_STOP,-1.01045983
PLTR,2025-09-12T13:00:00-04:00,2025-09-16T09:30:00-04:00,31,168.75647250,169.73907882,30.46079587,11.27049447,ATR_STOP,0.41218682
STX,2025-09-16T09:45:00-04:00,2025-09-16T10:00:00-04:00,24,214.58081500,210.71271266,-92.83445605,-34.34874874,ATR_STOP,-1.04262947
IVVD,2025-09-12T13:00:00-04:00,2025-09-16T11:00:00-04:00,105,1.34600875,1.23341919,-11.82190398,-4.37410447,ATR_STOP,-1.00829059
BTE,2025-09-16T10:15:00-04:00,2025-09-16T11:15:00-04:00,9,2.46184500,2.57792296,1.04470162,0.38653960,ATR_TARGET,1.96720877
PLUG,2025-09-15T13:15:00-04:00,2025-09-16T11:30:00-04:00,1,1.56117000,1.65226870,0.09109870,0.03370652,ATR_TARGET,1.97313954
ABCL,2025-09-16T09:45:00-04:00,2025-09-16T12:30:00-04:00,27,4.39329250,4.48858066,2.57278041,0.95192875,ATR_STOP,0.87812610
PRME,2025-09-16T12:00:00-04:00,2025-09-16T12:45:00-04:00,1,4.20315000,4.48260705,0.27945705,0.10339911,ATR_TARGET,1.97620776
APPS,2025-09-16T11:30:00-04:00,2025-09-16T14:45:00-04:00,30,5.11383250,5.37036918,7.69610025,2.84755709,ATR_TARGET,1.96906137
YINN,2025-09-16T13:00:00-04:00,2025-09-17T09:30:00-04:00,2,54.02048500,56.58752750,5.13408500,1.89961145,TARGET_GAP,3.69259174
INTC,2025-09-16T10:15:00-04:00,2025-09-17T09:30:00-04:00,201,25.22610540,24.78731411,-88.19704853,-32.63290796,ATR_STOP,-1.04427659
ACHR,2025-09-16T13:00:00-04:00,2025-09-17T09:30:00-04:00,2,9.13184375,8.90929819,-0.44509112,-0.16468372,ATR_STOP,-1.03097857
PLUG,2025-09-16T15:00:00-04:00,2025-09-17T09:45:00-04:00,93,1.69126750,1.80752817,10.81224214,4.00052959,ATR_TARGET,1.97693089
QUBT,2025-09-17T09:30:00-04:00,2025-09-17T10:00:00-04:00,6,16.74254750,17.64856450,5.43610200,2.01135774,ATR_TARGET,1.97118049
LUMN,2025-09-17T10:45:00-04:00,2025-09-17T11:00:00-04:00,18,5.74930875,5.78068117,0.56470356,0.20894032,ATR_STOP,0.18646560
BRZE,2025-09-17T09:45:00-04:00,2025-09-17T11:15:00-04:00,159,31.65372250,32.92609197,202.30674520,74.85349572,ATR_TARGET,1.96189432
NVTS,2025-09-17T10:00:00-04:00,2025-09-17T11:45:00-04:00,1,6.01450750,6.30748726,0.29297976,0.10840251,ATR_TARGET,1.96819654
AAOI,2025-09-17T11:30:00-04:00,2025-09-17T11:45:00-04:00,172,30.00218478,29.04387548,-164.82919899,-60.98680363,ATR_STOP,-1.02327712
ACHR,2025-09-17T12:00:00-04:00,2025-09-17T12:30:00-04:00,552,9.17187375,8.95898304,-117.51567138,-43.48079841,ATR_STOP,-1.03261579
VSXY,2025-09-17T10:00:00-04:00,2025-09-17T14:00:00-04:00,6,26.74004000,27.75709067,6.10230402,2.25785249,ATR_TARGET,1.95985401
BLNK,2025-09-17T11:15:00-04:00,2025-09-17T14:30:00-04:00,73,1.41456012,1.36170425,-3.85847864,-1.42763710,ATR_STOP,-1.01971772
IAUX,2025-09-17T14:00:00-04:00,2025-09-17T14:45:00-04:00,5539,0.90077508,0.88160205,-106.19936710,-39.29376583,ATR_STOP,-1.03574557
GDS,2025-09-17T14:15:00-04:00,2025-09-18T09:30:00-04:00,4,39.23030067,39.02071250,-0.83835270,-0.31019050,STOP_GAP,-0.22504688
BTU,2025-09-18T09:30:00-04:00,2025-09-18T09:30:00-04:00,6,21.21590000,20.75392125,-2.77187249,-1.02559282,ATR_STOP,-1.03489486
PRME,2025-09-17T09:45:00-04:00,2025-09-18T12:15:00-04:00,2,4.75356250,4.90964983,0.31217467,0.11550463,ATR_STOP,0.63023313
BE,2025-09-17T15:00:00-04:00,2025-09-18T14:45:00-04:00,63,79.18934750,81.60055689,151.90619174,56.20529094,ATR_STOP,0.85278237
HIVE,2025-09-18T09:45:00-04:00,2025-09-18T15:15:00-04:00,2,4.01300750,3.80124055,-0.42353391,-0.15670755,ATR_STOP,-1.01365668
GME,2025-09-17T15:45:00-04:00,2025-09-19T09:30:00-04:00,1,26.23966500,25.79895371,-0.44071129,-0.16306318,ATR_STOP,-1.04595669
QUBT,2025-09-18T09:45:00-04:00,2025-09-19T09:30:00-04:00,7,18.18362750,20.27859165,14.66474903,5.42595714,ATR_TARGET,1.98557438
MRNA,2025-09-18T15:00:00-04:00,2025-09-19T09:30:00-04:00,196,25.84937250,25.34533451,-98.79144680,-36.55283532,ATR_STOP,-1.03922204
RIVN,2025-09-18T15:15:00-04:00,2025-09-19T09:30:00-04:00,1,14.94620125,14.59787936,-0.34832189,-0.12887910,ATR_STOP,-1.03247705
MVST,2025-09-18T15:30:00-04:00,2025-09-19T10:00:00-04:00,3,3.43757625,3.60795481,0.51113569,0.18912020,ATR_TARGET,1.96870933
BILL,2025-09-19T09:45:00-04:00,2025-09-19T10:45:00-04:00,97,53.32996750,52.41059546,-89.17908824,-32.99626265,ATR_STOP,-1.04469989
ACHR,2025-09-19T09:45:00-04:00,2025-09-19T10:45:00-04:00,1,9.40204625,9.55826502,0.15621877,0.05780095,ATR_STOP,0.72994053
DDD,2025-09-18T12:30:00-04:00,2025-09-19T11:45:00-04:00,4,2.51538513,2.41015940,-0.42090291,-0.15573408,ATR_STOP,-1.01749210
AAOI,2025-09-19T11:00:00-04:00,2025-09-22T09:30:00-04:00,173,29.64721875,28.22881250,-245.38428125,-90.79218406,STOP_GAP,-1.47639354
ACHR,2025-09-19T12:15:00-04:00,2025-09-22T09:30:00-04:00,1,9.85448532,9.56319464,-0.29129069,-0.10777755,ATR_STOP,-1.02526383
QS,2025-09-22T09:30:00-04:00,2025-09-22T09:45:00-04:00,380,13.07980250,14.04319014,366.08730383,135.45230242,ATR_TARGET,1.97835508
MRNA,2025-09-22T10:00:00-04:00,2025-09-22T11:15:00-04:00,30,25.75930500,26.95682964,35.92573910,13.29252347,ATR_TARGET,1.96677040
MVST,2025-09-22T09:45:00-04:00,2025-09-22T12:15:00-04:00,3,3.72279000,3.74177366,0.05695098,0.02107186,ATR_STOP,0.14660703
ABCL,2025-09-22T10:15:00-04:00,2025-09-22T15:30:00-04:00,1,4.77357750,4.82399282,0.05041532,0.01865367,ATR_STOP,0.35742399
PLUG,2025-09-22T14:15:00-04:00,2025-09-23T09:30:00-04:00,1,2.53690125,2.92780250,0.39090125,0.14463346,TARGET_GAP,2.58655488
NXE,2025-09-22T12:30:00-04:00,2025-09-23T11:00:00-04:00,1,8.81160375,9.19003593,0.37843218,0.14001991,ATR_TARGET,1.96419847
APPS,2025-09-19T10:15:00-04:00,2025-09-23T13:30:00-04:00,2,5.48821307,5.60752095,0.23861576,0.08828783,ATR_STOP,0.63860613
SEDG,2025-09-22T11:45:00-04:00,2025-09-23T13:30:00-04:00,21,37.90841000,36.46547509,-30.30163314,-11.21160426,ATR_STOP,-1.01933477
EVLV,2025-09-23T14:00:00-04:00,2025-09-24T09:30:00-04:00,92,8.63647250,8.40997952,-20.83735438,-7.70982112,ATR_STOP,-1.02866835
HIVE,2025-09-24T09:45:00-04:00,2025-09-24T09:45:00-04:00,3,4.00300000,3.83445714,-0.50562857,-0.18708257,ATR_STOP,-1.01737243
QS,2025-09-22T10:00:00-04:00,2025-09-24T10:00:00-04:00,324,13.66023750,12.85870149,-259.69766853,-96.08813736,ATR_STOP,-1.01218771
AMC,2025-09-23T09:30:00-04:00,2025-09-24T10:45:00-04:00,2,2.98223500,2.91495882,-0.13455236,-0.04978437,ATR_STOP,-1.03361371
NVTS,2025-09-24T10:00:00-04:00,2025-09-24T11:45:00-04:00,2,7.21540750,6.94509949,-0.54061603,-0.20002793,ATR_STOP,-1.01966363
BIDU,2025-09-24T10:15:00-04:00,2025-09-24T11:45:00-04:00,31,134.24310688,135.72460927,45.92657428,16.99283248,ATR_STOP,0.48976766
BTU,2025-09-24T09:45:00-04:00,2025-09-24T13:15:00-04:00,32,24.06803750,25.18680794,35.80065398,13.24624197,ATR_TARGET,1.96676680
HIVE,2025-09-24T13:30:00-04:00,2025-09-25T09:30:00-04:00,6,4.07305250,3.84711250,-1.35564000,-0.50158680,STOP_GAP,-1.21686635
NIO,2025-09-24T10:30:00-04:00,2025-09-25T09:30:00-04:00,14,7.21740900,7.03211605,-2.59410127,-1.75435768,ATR_STOP,-1.02932005
SEDG,2025-09-24T13:15:00-04:00,2025-09-25T09:30:00-04:00,112,37.52812500,36.30555224,-136.92814924,-50.66341522,ATR_STOP,-1.02279685
INTC,2025-09-24T13:30:00-04:00,2025-09-25T09:45:00-04:00,25,31.01324250,31.36146125,8.70546875,3.22102344,STOP_GAP,0.52221696
SGML,2025-09-25T09:30:00-04:00,2025-09-25T10:00:00-04:00,7,6.52989375,6.88785103,2.50570093,0.92710934,ATR_TARGET,1.97152641
NIO,2025-09-25T09:45:00-04:00,2025-09-25T10:00:00-04:00,698,7.16036625,7.44395457,197.94464933,73.23952025,ATR_TARGET,1.96135802
NXE,2025-09-25T10:45:00-04:00,2025-09-26T09:30:00-04:00,4,8.84162625,9.30067325,1.83618800,0.67938956,ATR_TARGET,1.97004152
KTOS,2025-09-25T10:15:00-04:00,2025-09-26T10:45:00-04:00,62,82.83207750,84.62339022,111.06138853,41.09271375,ATR_STOP,0.79141817
RIVN,2025-09-26T09:45:00-04:00,2025-09-26T11:00:00-04:00,2,16.02200750,15.62233418,-0.79934664,-0.29575826,ATR_STOP,-1.03022454
BLNK,2025-09-26T09:30:00-04:00,2025-09-26T11:30:00-04:00,3,1.57117750,1.50810381,-0.18922108,-0.07001180,ATR_STOP,-1.01827405
TNYA,2025-09-26T11:30:00-04:00,2025-09-26T15:00:00-04:00,3422,1.53104743,1.63688033,362.16019927,133.99927373,ATR_TARGET,1.97704904
DFLI,2025-09-26T15:45:00-04:00,2025-09-29T09:30:00-04:00,407,5.41405750,6.90181975,605.51923575,224.04211723,TARGET_GAP,2.27378442
DDD,2025-09-26T10:00:00-04:00,2025-09-29T09:30:00-04:00,1,3.01225750,3.24830842,0.23605092,0.08733884,ATR_TARGET,1.97955411
PLUG,2025-09-26T13:00:00-04:00,2025-09-29T09:30:00-04:00,1,2.45183750,2.30897058,-0.14286692,-0.05286076,ATR_STOP,-1.01227932
ABCL,2025-09-29T09:30:00-04:00,2025-09-29T09:30:00-04:00,1,4.79859625,4.69511653,-0.10347972,-0.03828750,ATR_STOP,-1.03525541
AMC,2025-09-29T09:45:00-04:00,2025-09-29T10:00:00-04:00,4,2.94620800,3.05469763,0.43395852,0.16056465,ATR_TARGET,1.95860817
EOSE,2025-09-29T10:15:00-04:00,2025-09-29T15:30:00-04:00,1,10.85823758,11.08654245,0.22830488,0.08447280,ATR_STOP,0.51655372
TSLA,2025-09-29T09:30:00-04:00,2025-09-30T09:30:00-04:00,13,444.70327750,438.49878032,-80.65846331,-29.84363142,ATR_STOP,-1.05601700
TSLL,2025-09-29T09:30:00-04:00,2025-09-30T09:30:00-04:00,3,21.11582500,20.57453869,-1.62385893,-0.60082780,ATR_STOP,-1.02936706
ACHR,2025-09-29T15:45:00-04:00,2025-09-30T09:30:00-04:00,1,9.61720750,9.38174172,-0.23546578,-0.08712234,ATR_STOP,-1.03082680
VUZI,2025-09-30T09:45:00-04:00,2025-09-30T09:45:00-04:00,1824,3.18238500,3.06649519,-211.38301947,-78.21171720,ATR_STOP,-1.02026264
IAUX,2025-09-30T10:00:00-04:00,2025-09-30T11:00:00-04:00,5717,0.99204348,0.96776476,-138.80138714,-51.35651324,ATR_STOP,-1.03084060
LUMN,2025-09-30T11:30:00-04:00,2025-10-01T10:15:00-04:00,914,6.10897830,5.93987346,-154.56182817,-57.18787642,ATR_STOP,-1.02707769
MVST,2025-10-01T10:30:00-04:00,2025-10-02T11:15:00-04:00,1362,4.02761845,4.30087994,372.18215276,137.70739652,ATR_TARGET,1.97664953
REPL,2025-10-02T11:30:00-04:00,2025-10-02T13:00:00-04:00,1268,4.50837875,4.52406752,19.89335874,7.36054273,ATR_STOP,0.10469053
MVST,2025-10-02T14:00:00-04:00,2025-10-03T10:15:00-04:00,1312,4.36827375,4.63639252,351.77182549,130.15557543,ATR_TARGET,1.97437466
ERAS,2025-10-03T10:30:00-04:00,2025-10-03T11:15:00-04:00,18,2.44183000,2.48232702,0.72894643,0.26971018,ATR_STOP,0.33497729
SLS,2025-10-03T10:45:00-04:00,2025-10-06T09:30:00-04:00,1,1.77943358,1.90856750,0.12913392,0.04777955,TARGET_GAP,2.21197352
VUZI,2025-10-03T09:30:00-04:00,2025-10-06T09:30:00-04:00,1,3.83287250,4.12258634,0.28971384,0.10719412,ATR_TARGET,1.97886493
LUMN,2025-10-03T12:15:00-04:00,2025-10-06T09:30:00-04:00,1,6.55991625,6.93901615,0.37909990,0.14026696,ATR_TARGET,1.97289587
BE,2025-10-03T10:30:00-04:00,2025-10-06T09:45:00-04:00,65,90.89812250,92.27030005,89.19154083,33.00087011,ATR_STOP,0.44057032
BIDU,2025-10-06T10:00:00-04:00,2025-10-06T11:15:00-04:00,41,144.19306375,148.39153854,172.13746653,63.69086262,ATR_TARGET,1.94831508
BBBY,2025-10-03T11:45:00-04:00,2025-10-06T11:30:00-04:00,3,12.34925500,11.60577005,-2.23045484,-0.82526829,ATR_STOP,-1.01185516
JMIA,2025-10-06T10:00:00-04:00,2025-10-06T12:30:00-04:00,4,12.41930750,12.02309157,-1.58486370,-0.58639957,ATR_STOP,-1.02330650
AAOI,2025-10-06T12:15:00-04:00,2025-10-06T12:30:00-04:00,197,30.65797625,33.19234318,499.27028510,184.73000549,ATR_TARGET,1.98053129
BLNK,2025-10-06T09:45:00-04:00,2025-10-06T14:15:00-04:00,1,2.17162750,2.47212745,0.30049995,0.11118498,ATR_TARGET,1.98772645
NIO,2025-10-06T09:45:00-04:00,2025-10-06T15:45:00-04:00,1,7.76411873,7.60834803,-0.15577070,-0.05763516,ATR_STOP,-1.03805503
TNYA,2025-10-06T15:15:00-04:00,2025-10-07T09:30:00-04:00,1,1.69627125,1.79865000,0.10237875,0.03788014,TARGET_GAP,2.27722220
DDD,2025-10-07T09:30:00-04:00,2025-10-07T09:30:00-04:00,3,3.17237750,3.33431242,0.48580476,0.17974776,ATR_TARGET,1.96956156
MVST,2025-10-06T13:00:00-04:00,2025-10-07T10:30:00-04:00,214,4.58343500,4.62713746,9.35232716,3.46036105,ATR_STOP,0.20844085
NVTS,2025-10-07T09:45:00-04:00,2025-10-07T10:30:00-04:00,1,8.36797128,8.38207778,0.01410651,0.00521941,ATR_STOP,0.04704318
QUBT,2025-10-06T13:00:00-04:00,2025-10-07T10:45:00-04:00,237,22.95720500,21.62524589,-315.67430811,-116.79949400,ATR_STOP,-1.01233622
VUZI,2025-10-07T10:45:00-04:00,2025-10-07T11:15:00-04:00,246,4.04303000,4.01198875,-7.63614750,-2.82537457,STOP_GAP,-0.19464794
PLUG,2025-10-06T09:45:00-04:00,2025-10-08T09:30:00-04:00,1,4.05303750,3.61728500,-0.43575250,-0.16122842,STOP_GAP,-1.02995823
ERAS,2025-10-07T13:00:00-04:00,2025-10-08T09:30:00-04:00,1,2.35676625,2.60003580,0.24326955,0.09000973,ATR_TARGET,1.98408383
HIVE,2025-10-07T12:45:00-04:00,2025-10-08T09:45:00-04:00,919,6.06464508,6.23002700,151.98598566,56.23481470,ATR_STOP,0.50122954
REPL,2025-10-07T13:00:00-04:00,2025-10-08T10:45:00-04:00,139,4.73354750,4.78362837,6.96124130,2.57565928,ATR_STOP,0.38952275
MRNA,2025-10-08T10:00:00-04:00,2025-10-08T11:15:00-04:00,201,28.19613125,29.18781836,199.32911001,73.75177071,ATR_TARGET,1.95677306
PRME,2025-10-08T11:00:00-04:00,2025-10-08T11:45:00-04:00,103,6.38478500,6.52164060,14.09612668,5.21556687,ATR_STOP,0.50903073
USAS,2025-10-08T09:45:00-04:00,2025-10-08T13:00:00-04:00,1,4.08306000,4.27230082,0.18924082,0.07001910,ATR_TARGET,1.96667526
VUZI,2025-10-08T13:15:00-04:00,2025-10-09T09:30:00-04:00,1,3.92794375,3.96702250,0.03907875,0.01445914,STOP_GAP,0.26641530
WTI,2025-10-08T09:45:00-04:00,2025-10-09T09:30:00-04:00,1,2.22166500,2.34976119,0.12809619,0.04739559,ATR_TARGET,1.97283773
SOXL,2025-10-08T11:30:00-04:00,2025-10-09T09:30:00-04:00,139,41.45987160,42.11359276,90.86724079,33.62087909,ATR_STOP,0.55842539
TNYA,2025-10-08T10:45:00-04:00,2025-10-09T09:45:00-04:00,1,1.84047932,2.00341743,0.16293810,0.06028710,ATR_TARGET,1.98171157
BTE,2025-10-09T09:45:00-04:00,2025-10-09T09:45:00-04:00,2246,2.59194250,2.52898644,-141.39930086,-52.31774132,ATR_STOP,-1.03108793
SGML,2025-10-09T10:00:00-04:00,2025-10-09T13:00:00-04:00,731,7.83587250,7.50455427,-242.19362500,-89.61164125,ATR_STOP,-1.01729472
IVVD,2025-10-09T10:00:00-04:00,2025-10-09T14:00:00-04:00,1,1.74130500,1.83837497,0.09706997,0.03591589,ATR_STOP,0.95218846
GGAL,2025-10-09T14:30:00-04:00,2025-10-09T15:45:00-04:00,175,31.79382750,34.06847477,398.06327302,147.28341102,ATR_TARGET,1.97776686
EOSE,2025-10-08T12:00:00-04:00,2025-10-10T09:30:00-04:00,47,14.86614125,14.21182958,-30.75264852,-11.37847995,ATR_STOP,-1.01657261
MVST,2025-10-10T09:45:00-04:00,2025-10-10T09:45:00-04:00,2,4.70352500,5.03027810,0.65350621,0.24179730,ATR_TARGET,1.97715454
NVTS,2025-10-10T09:30:00-04:00,2025-10-10T10:00:00-04:00,726,8.01600750,8.67399837,477.70137196,176.74950763,ATR_TARGET,1.98040521
QS,2025-10-10T09:45:00-04:00,2025-10-10T10:45:00-04:00,1,15.70176750,16.00768776,0.30592026,0.11319050,ATR_STOP,0.44605351
DDD,2025-10-10T10:45:00-04:00,2025-10-10T10:45:00-04:00,23,3.34900987,3.22365348,-2.88319700,-1.06678289,ATR_STOP,-1.01968128
AAOI,2025-10-10T09:45:00-04:00,2025-10-10T11:00:00-04:00,20,32.73453250,31.29439747,-28.80270060,-10.65699922,ATR_STOP,-1.01658029
ACHR,2025-10-09T15:15:00-04:00,2025-10-10T11:15:00-04:00,1,12.40930000,11.99918202,-0.41011798,-0.15174365,ATR_STOP,-1.02245294
BE,2025-10-10T10:30:00-04:00,2025-10-10T11:30:00-04:00,67,90.35401472,86.80908126,-237.51054229,-87.87890065,ATR_STOP,-1.01872409
CMPX,2025-10-09T10:00:00-04:00,2025-10-10T15:00:00-04:00,1,4.00800375,4.29088687,0.28288312,0.10466675,ATR_TARGET,1.97748662
AMC,2025-10-10T13:45:00-04:00,2025-10-13T09:30:00-04:00,2,2.97573013,2.89903165,-0.15339695,-0.05675687,ATR_STOP,-1.02919794
EVLV,2025-10-10T13:30:00-04:00,2025-10-14T09:30:00-04:00,820,8.09596742,7.88267408,-174.90054585,-64.71320196,ATR_STOP,-1.02852990
TSLZ,2025-10-14T09:45:00-04:00,2025-10-14T11:45:00-04:00,423,15.45158000,14.78897181,-280.28326535,-103.70480818,ATR_STOP,-1.01703748
IAUX,2025-10-14T09:45:00-04:00,2025-10-15T09:30:00-04:00,2,1.00675450,1.06919750,0.12488600,0.04620782,TARGET_GAP,2.23076496
NXE,2025-10-14T12:15:00-04:00,2025-10-15T12:15:00-04:00,8,9.43206875,9.10856341,-2.58804271,-0.95757580,ATR_STOP,-1.02158896
ASTS,2025-10-14T12:00:00-04:00,2025-10-16T10:45:00-04:00,66,95.20935350,97.96005639,181.54639051,67.17216449,ATR_STOP,0.65521374
INTC,2025-10-17T10:15:00-04:00,2025-10-17T11:15:00-04:00,168,38.05842242,36.86866160,-199.87981878,-73.95553295,ATR_STOP,-1.02381251
MU,2025-10-17T15:00:00-04:00,2025-10-20T09:30:00-04:00,31,201.98137250,209.57270250,235.33123000,87.07255510,TARGET_GAP,1.99948644
SLS,2025-10-17T15:15:00-04:00,2025-10-20T09:30:00-04:00,7,2.14660875,2.42817750,1.97098125,0.72926306,TARGET_GAP,3.68165215
EOSE,2025-10-21T09:45:00-04:00,2025-10-21T10:45:00-04:00,383,15.95375635,16.27235059,122.02159248,45.14798922,ATR_STOP,0.38659067
LUMN,2025-10-21T12:15:00-04:00,2025-10-21T13:00:00-04:00,3,7.29046375,7.13398690,-0.46943056,-0.17368931,ATR_STOP,-1.03543160
AAOI,2025-10-21T11:45:00-04:00,2025-10-21T13:30:00-04:00,175,35.22640000,33.71561652,-264.38710969,-97.82323059,ATR_STOP,-1.01703539
IVVD,2025-10-21T10:00:00-04:00,2025-10-21T14:15:00-04:00,153,2.05153750,2.13492004,12.75752851,4.72028555,ATR_STOP,0.76478747
INTC,2025-10-21T13:45:00-04:00,2025-10-22T09:30:00-04:00,157,38.33372875,37.76206012,-89.75197509,-33.20823078,ATR_STOP,-1.05216539
GGLL,2025-10-22T09:45:00-04:00,2025-10-22T12:00:00-04:00,91,68.90163750,66.83059948,-188.46445990,-69.73185016,ATR_STOP,-1.02482118
ADMA,2025-10-22T09:45:00-04:00,2025-10-22T13:15:00-04:00,1,14.96121250,15.13909189,0.17787939,0.06581537,ATR_STOP,0.71760687
REPL,2025-10-22T15:00:00-04:00,2025-10-23T09:30:00-04:00,771,8.00099625,8.56865518,437.66503628,161.93606342,ATR_TARGET,1.97759476
CLOV,2025-10-23T09:45:00-04:00,2025-10-24T09:30:00-04:00,2060,3.12734375,3.38745750,535.83432500,198.25870025,TARGET_GAP,2.73047524
TSLT,2025-10-24T09:30:00-04:00,2025-10-24T10:30:00-04:00,2,28.30121000,27.19190037,-2.21861926,-0.82088913,ATR_STOP,-1.01874297
TSLA,2025-10-24T09:30:00-04:00,2025-10-24T10:45:00-04:00,15,447.33525000,437.88020789,-141.82563158,-52.47548369,ATR_STOP,-1.03601170
ADMA,2025-10-24T09:45:00-04:00,2025-10-24T12:15:00-04:00,1,15.48160250,15.89319967,0.41159717,0.15229095,ATR_TARGET,1.94366888
IVVD,2025-10-23T09:45:00-04:00,2025-10-24T12:30:00-04:00,1,1.99149250,2.23286174,0.24136924,0.08930662,ATR_TARGET,1.98620912
MVST,2025-10-24T12:15:00-04:00,2025-10-24T14:45:00-04:00,1130,5.90942875,5.69833421,-238.53683268,-88.25862809,ATR_STOP,-1.02067986
AMD,2025-10-24T15:45:00-04:00,2025-10-27T09:45:00-04:00,25,252.51924750,254.06526886,38.65053410,14.30069762,ATR_STOP,0.42384806
IVVD,2025-10-24T13:00:00-04:00,2025-10-27T11:00:00-04:00,8,2.29672125,2.16948922,-1.01785625,-0.37660681,ATR_STOP,-1.01296409
LUMN,2025-10-27T09:45:00-04:00,2025-10-27T15:30:00-04:00,24,8.65648750,9.33808039,16.35822940,6.05254488,ATR_TARGET,1.97964334
AAOI,2025-10-27T15:45:00-04:00,2025-10-28T09:30:00-04:00,5,37.56835515,36.48691416,-5.40720495,-2.00066583,ATR_STOP,-1.02598130
VISN,2025-10-28T09:45:00-04:00,2025-10-28T10:45:00-04:00,11,16.04202250,15.81005573,-2.55163447,-0.94410475,ATR_STOP,-1.05391378
INTC,2025-10-27T10:00:00-04:00,2025-10-28T13:45:00-04:00,157,40.28519125,41.48982620,189.12768703,69.97724420,ATR_STOP,1.02903694
TSLR,2025-10-27T11:30:00-04:00,2025-10-28T13:45:00-04:00,1,34.54589000,35.45462958,0.90873958,0.33623365,ATR_STOP,0.71741099
SOXL,2025-10-28T12:15:00-04:00,2025-10-29T09:30:00-04:00,3,47.06026875,49.33297250,6.81811125,2.52270116,TARGET_GAP,2.59269937
PLTR,2025-10-28T14:30:00-04:00,2025-10-29T09:45:00-04:00,34,190.27259750,195.26800368,169.84380997,62.84220969,ATR_TARGET,1.94299422
RIVN,2025-10-29T09:30:00-04:00,2025-10-29T14:15:00-04:00,11,13.51012500,13.66693874,1.72495115,0.63823193,ATR_STOP,0.67534000
AAOI,2025-10-28T12:15:00-04:00,2025-10-29T14:30:00-04:00,1,37.34298625,35.78105898,-1.56192727,-0.57791309,ATR_STOP,-1.01749491
TSLR,2025-10-29T10:00:00-04:00,2025-10-29T14:30:00-04:00,182,36.05702250,34.90357358,-209.92770314,-77.67325016,ATR_STOP,-1.02324000
ABCL,2025-10-29T11:00:00-04:00,2025-10-29T14:30:00-04:00,2,5.73429750,5.58434410,-0.29990679,-0.11096551,ATR_STOP,-1.02875511
BTE,2025-10-29T09:45:00-04:00,2025-10-30T09:30:00-04:00,5,2.32594315,2.28080182,-0.22570667,-0.08351147,ATR_STOP,-1.03941761
PLTR,2025-10-29T15:15:00-04:00,2025-10-30T09:30:00-04:00,33,198.79898750,194.98562907,-125.84082803,-46.56110637,ATR_STOP,-1.03990963
CAPR,2025-10-29T15:15:00-04:00,2025-10-30T09:30:00-04:00,10,7.07380138,6.72111724,-3.52684135,-1.30493130,ATR_STOP,-1.01451107
NIO,2025-10-30T10:00:00-04:00,2025-10-30T11:15:00-04:00,1,7.23041875,7.06671968,-0.16369907,-0.06056866,ATR_STOP,-1.03348601
ADMA,2025-10-28T09:30:00-04:00,2025-10-30T11:45:00-04:00,2,15.37152000,15.48293531,0.22283061,0.08244733,ATR_STOP,0.34915914
VISN,2025-10-30T09:45:00-04:00,2025-10-31T09:30:00-04:00,392,16.71252500,17.75078141,406.99651458,150.58871040,ATR_TARGET,1.97466083
VISN,2025-10-31T09:45:00-04:00,2025-10-31T10:00:00-04:00,391,17.39803875,16.70444822,-271.19389897,-100.34174262,ATR_STOP,-1.01840935
CSIQ,2025-10-30T13:30:00-04:00,2025-10-31T10:15:00-04:00,2,17.85338000,19.43724157,3.16772314,1.17205756,ATR_TARGET,1.98174623
SOXL,2025-10-31T10:45:00-04:00,2025-10-31T12:00:00-04:00,3,49.89739500,48.10910146,-5.36488063,-1.98500583,ATR_STOP,-1.02060794
PLTR,2025-10-31T10:15:00-04:00,2025-10-31T12:15:00-04:00,32,203.03726382,198.26569570,-152.69018000,-56.49536660,ATR_STOP,-1.03219094
TSLL,2025-10-31T11:00:00-04:00,2025-10-31T13:00:00-04:00,1,21.57617000,20.80997401,-0.76619599,-0.28349252,ATR_STOP,-1.02080959
BTE,2025-10-31T09:45:00-04:00,2025-11-03T09:30:00-05:00,6,2.34175500,2.36481323,0.13834935,0.05118926,ATR_STOP,0.40421056
NIO,2025-10-31T12:45:00-04:00,2025-11-03T09:30:00-05:00,909,7.20039625,7.45544230,231.83685652,85.77963691,ATR_TARGET,1.95706155
QS,2025-10-31T14:45:00-04:00,2025-11-03T09:30:00-05:00,1,18.54389750,17.70268941,-0.84120809,-0.31124699,ATR_STOP,-1.01604861
SGML,2025-10-31T15:30:00-04:00,2025-11-03T09:30:00-05:00,1,6.48986375,6.30596635,-0.18389740,-0.06804204,ATR_STOP,-1.02641722
TSLT,2025-11-03T09:45:00-05:00,2025-11-03T14:00:00-05:00,6,30.13258250,30.45339896,1.92489876,0.71221254,ATR_STOP,0.31819951
MU,2025-11-03T09:45:00-05:00,2025-11-04T09:30:00-05:00,28,233.24480250,221.99837625,-314.89993500,-116.51297595,STOP_GAP,-1.71820880
LUMN,2025-11-03T10:00:00-05:00,2025-11-04T09:30:00-05:00,1,10.86814500,10.97176500,0.10362000,0.03833940,STOP_GAP,0.14879082
CLOV,2025-11-03T13:00:00-05:00,2025-11-04T09:30:00-05:00,2,3.67275250,3.57456050,-0.19638401,-0.07266208,ATR_STOP,-1.02809087
ALKS,2025-11-04T10:15:00-05:00,2025-11-05T09:30:00-05:00,214,30.50286000,31.98599250,317.39035500,117.43443135,TARGET_GAP,3.08885512
VISN,2025-11-05T09:45:00-05:00,2025-11-06T12:15:00-05:00,404,16.65248000,16.23866880,-167.17972335,-61.85649764,ATR_STOP,-1.03034722
LUMN,2025-11-06T13:30:00-05:00,2025-11-06T15:45:00-05:00,581,11.38022878,10.87922648,-291.08233467,-107.70046383,ATR_STOP,-1.01656846
BTE,2025-11-06T15:30:00-05:00,2025-11-07T14:30:00-05:00,4,2.39179250,2.49803576,0.42497304,0.15724002,ATR_TARGET,1.96531697
EOSE,2025-11-07T13:45:00-05:00,2025-11-10T09:30:00-05:00,295,16.36406385,18.48879849,626.79671944,231.91478619,ATR_TARGET,1.98702242
RIVN,2025-11-07T14:00:00-05:00,2025-11-10T09:45:00-05:00,108,14.83611875,15.07868250,26.19688500,9.69284745,STOP_GAP,0.47964804
VISN,2025-11-10T09:45:00-05:00,2025-11-10T11:15:00-05:00,33,17.09281000,16.66208533,-14.21391395,-5.25914816,ATR_STOP,-1.02990288
SEDG,2025-11-10T09:45:00-05:00,2025-11-10T13:15:00-05:00,148,42.39177000,46.87984786,664.23552332,245.76714363,ATR_TARGET,1.98444209
BTE,2025-11-07T14:45:00-05:00,2025-11-11T09:30:00-05:00,5,2.50307590,2.61531658,0.56120338,0.20764525,ATR_TARGET,1.96562352
RIVN,2025-11-10T11:45:00-05:00,2025-11-11T09:30:00-05:00,35,15.95195500,16.22293625,9.48434387,3.50920723,ATR_STOP,0.46217787
AFRM,2025-11-11T09:45:00-05:00,2025-11-11T10:45:00-05:00,7,76.75252125,74.66335773,-14.62414461,-5.41093351,ATR_STOP,-1.02756327
CMPX,2025-11-10T14:00:00-05:00,2025-11-11T12:00:00-05:00,1548,4.32324000,4.55145204,353.27224087,130.71072912,ATR_TARGET,1.97050315
TNDM,2025-11-11T09:45:00-05:00,2025-11-11T14:15:00-05:00,2,17.21290000,17.70949586,0.99319171,0.36748093,ATR_STOP,0.65966629
TSLZ,2025-11-11T11:00:00-05:00,2025-11-12T09:30:00-05:00,39,13.68525625,13.20009250,-18.92138625,-7.00091291,STOP_GAP,-1.06038250
RIVN,2025-11-11T15:15:00-05:00,2025-11-12T09:30:00-05:00,2,17.86338750,17.27991990,-1.16693520,-0.43176603,ATR_STOP,-1.02273394
TSLZ,2025-11-12T10:00:00-05:00,2025-11-12T15:30:00-05:00,1,13.69526375,13.83961250,0.14434875,0.05340904,STOP_GAP,0.39803346
TNYA,2025-11-12T15:30:00-05:00,2025-11-13T09:30:00-05:00,9,1.54615875,1.48720945,-0.53054366,-0.19630115,ATR_STOP,-1.01930115
AFRM,2025-11-12T09:45:00-05:00,2025-11-13T09:45:00-05:00,7,77.73225550,75.81394757,-13.42815554,-4.96841755,ATR_STOP,-1.03057000
VISN,2025-11-11T12:15:00-05:00,2025-11-13T10:30:00-05:00,395,17.50311750,17.06328005,-173.73579173,-64.28224294,ATR_STOP,-1.02999099
MU,2025-11-13T10:15:00-05:00,2025-11-13T10:30:00-05:00,2,248.77644250,241.92280624,-13.70727253,-5.07169083,ATR_STOP,-1.02721473
SGML,2025-11-13T09:45:00-05:00,2025-11-13T15:45:00-05:00,2,5.95446250,5.68199779,-0.54492943,-0.20162389,ATR_STOP,-1.01590118
IAUX,2025-11-13T10:30:00-05:00,2025-11-14T09:30:00-05:00,39,1.02076500,0.96507565,-2.17188465,-0.80359732,STOP_GAP,-1.75113492
SGML,2025-11-14T09:45:00-05:00,2025-11-14T09:45:00-05:00,3,6.30472500,5.83174530,-1.41893909,-0.52500746,ATR_STOP,-1.00934073
BEKE,2025-11-14T10:00:00-05:00,2025-11-14T13:00:00-05:00,1,17.13284000,16.85040390,-0.28243610,-0.10450136,ATR_STOP,-1.04687848
MU,2025-11-14T09:45:00-05:00,2025-11-14T15:30:00-05:00,30,244.27807125,248.93067035,139.57797286,51.64384996,ATR_STOP,0.55317078
TNDM,2025-11-14T13:30:00-05:00,2025-11-14T15:45:00-05:00,1,17.81335000,18.66825493,0.85490493,0.31631483,ATR_TARGET,1.96774903
OTLK,2025-11-14T09:45:00-05:00,2025-11-17T09:45:00-05:00,1,1.60670413,1.93540776,0.32870363,0.12162034,ATR_TARGET,1.99120026
MIST,2025-11-17T09:45:00-05:00,2025-11-17T10:30:00-05:00,3606,2.06154500,1.99289811,-247.54069689,-91.59005785,ATR_STOP,-1.02227507
MIST,2025-11-17T15:15:00-05:00,2025-11-17T15:45:00-05:00,11,2.17683140,2.37285407,2.15624942,0.79781228,ATR_TARGET,1.98199248
TSLQ,2025-11-17T13:15:00-05:00,2025-11-18T11:15:00-05:00,286,25.36901250,26.39940616,294.69258595,109.03625680,ATR_STOP,0.85304923
SOXS,2025-11-21T09:45:00-05:00,2025-11-21T12:00:00-05:00,6,967.72525000,907.47967531,-361.47344815,-133.74517581,ATR_STOP,-1.01143502
BEKE,2025-11-21T09:45:00-05:00,2025-11-21T15:45:00-05:00,82,17.33799375,17.48315213,11.90298755,4.40410539,ATR_STOP,0.59088891
IVVD,2025-11-21T11:30:00-05:00,2025-11-24T11:30:00-05:00,4,2.53189750,2.42378880,-0.43243478,-0.16000087,ATR_STOP,-1.01711558
OLMA,2025-11-24T09:30:00-05:00,2025-11-25T09:30:00-05:00,61,23.22740750,25.38072134,131.35214439,48.60029342,ATR_TARGET,1.98246166
IAUX,2025-11-26T09:45:00-05:00,2025-11-26T14:45:00-05:00,2,1.05579125,1.06199201,0.01240151,0.00458856,ATR_STOP,0.18916553
CMPX,2025-11-26T09:45:00-05:00,2025-11-26T15:00:00-05:00,1,5.04878375,5.30204005,0.25325630,0.09370483,ATR_TARGET,1.96905940
TSLL,2025-11-26T09:45:00-05:00,2025-11-28T10:00:00-05:00,85,17.83336500,18.26438578,36.63676664,13.55560366,ATR_STOP,0.76486528
EOSE,2025-11-28T09:45:00-05:00,2025-11-28T12:00:00-05:00,1,14.39078500,15.19832805,0.80754305,0.29879093,ATR_TARGET,1.97214165
SOFI,2025-11-28T10:15:00-05:00,2025-12-01T09:30:00-05:00,52,29.07178750,28.80837750,-13.69732000,-5.06800840,STOP_GAP,-0.44956021
PRME,2025-11-28T10:30:00-05:00,2025-12-01T09:30:00-05:00,1,3.82786875,3.69722500,-0.13064375,-0.04833819,STOP_GAP,-1.05151440
RIVN,2025-12-01T09:45:00-05:00,2025-12-01T14:15:00-05:00,89,17.10281750,17.35983850,22.87486936,8.46370166,ATR_STOP,0.56973937
SGML,2025-11-28T10:15:00-05:00,2025-12-02T09:45:00-05:00,2,11.09831750,10.48061954,-1.23539592,-0.45709649,ATR_STOP,-1.01289924
TSLL,2025-12-02T10:15:00-05:00,2025-12-02T11:00:00-05:00,1,18.90336690,18.37909472,-0.52427218,-0.19398070,ATR_STOP,-1.02702307
MIST,2025-12-01T14:30:00-05:00,2025-12-03T09:30:00-05:00,572,2.68701375,2.61151532,-43.18510333,-15.97848823,ATR_STOP,-1.02665422
RIVN,2025-12-02T12:30:00-05:00,2025-12-03T09:30:00-05:00,1,17.58818125,17.10240759,-0.48577366,-0.17973625,ATR_STOP,-1.02714194
PLUG,2025-12-02T13:45:00-05:00,2025-12-04T14:15:00-05:00,2,2.10157500,2.17016501,0.13718002,0.05075661,ATR_STOP,0.78717590
CMPX,2025-12-03T09:45:00-05:00,2025-12-05T09:30:00-05:00,288,5.29897125,5.64594128,99.92736749,36.97312597,ATR_TARGET,1.97586821
IAUX,2025-12-04T13:15:00-05:00,2025-12-05T10:30:00-05:00,1,1.24093000,1.31439094,0.07346094,0.02718055,ATR_TARGET,1.97349720
BTE,2025-11-21T12:30:00-05:00,2025-12-05T11:15:00-05:00,1761,3.16737375,3.26035920,163.74738315,60.58653177,ATR_STOP,0.96218968
PLUG,2025-12-05T10:15:00-05:00,2025-12-05T13:45:00-05:00,3,2.30742928,2.20390645,-0.31056846,-0.11491033,ATR_STOP,-1.01623827
SLS,2025-12-05T14:00:00-05:00,2025-12-08T09:30:00-05:00,4,1.78633875,1.92407715,0.55095361,0.20385284,ATR_TARGET,1.97924825
MIST,2025-12-05T13:15:00-05:00,2025-12-08T09:45:00-05:00,3,2.67700625,2.61399130,-0.18904484,-0.06994659,ATR_STOP,-1.03213545
SLS,2025-12-08T09:45:00-05:00,2025-12-08T10:00:00-05:00,4,1.90142500,1.79255863,-0.43546547,-0.16112222,ATR_STOP,-1.01251317
JMIA,2025-12-08T10:15:00-05:00,2025-12-08T10:45:00-05:00,1,12.40930000,12.06152485,-0.34777515,-0.12867681,ATR_STOP,-1.02672672
CAPR,2025-12-05T09:45:00-05:00,2025-12-08T12:00:00-05:00,58,27.52052493,29.45788111,112.36665881,41.57566376,ATR_STOP,0.63456772
IVVD,2025-12-08T11:30:00-05:00,2025-12-08T13:45:00-05:00,6,2.36177000,2.39659948,0.20897686,0.07732144,ATR_STOP,0.38429573
BEKE,2025-12-05T12:00:00-05:00,2025-12-08T15:45:00-05:00,329,17.24792625,17.08472253,-53.69402387,-19.86678883,ATR_STOP,-1.08527139
STX,2025-12-08T13:00:00-05:00,2025-12-09T09:30:00-05:00,5,286.86999125,281.21528985,-28.27350700,-10.46119759,ATR_STOP,-1.03877371
MIST,2025-12-09T09:30:00-05:00,2025-12-09T09:30:00-05:00,2122,2.66199500,2.59098183,-150.68995344,-55.75528277,ATR_STOP,-1.02815604
AAOI,2025-12-08T13:00:00-05:00,2025-12-09T11:00:00-05:00,8,27.91091750,29.70029026,14.31498210,5.29654338,ATR_TARGET,1.97539066
EOSE,2025-12-08T15:30:00-05:00,2025-12-09T11:45:00-05:00,1,15.14635125,15.10980575,-0.03654550,-0.01352184,ATR_STOP,-0.07479446
PLUG,2025-12-09T13:45:00-05:00,2025-12-10T09:30:00-05:00,6,2.28671375,2.19835000,-0.53018250,-0.19616753,STOP_GAP,-1.12721316
HIVE,2025-12-09T11:15:00-05:00,2025-12-10T09:30:00-05:00,71,3.27245250,3.15748710,-8.16254331,-3.02014103,ATR_STOP,-1.02104784
USAS,2025-12-09T10:30:00-05:00,2025-12-10T10:15:00-05:00,1,4.99874625,4.81886019,-0.17988606,-0.06655784,ATR_STOP,-1.02051894
PLTR,2025-12-10T09:45:00-05:00,2025-12-10T14:30:00-05:00,1,185.05929045,189.72593000,4.66663955,1.72665663,ATR_TARGET,1.94077769
SOXL,2025-12-10T09:45:00-05:00,2025-12-10T15:00:00-05:00,1,47.98596250,49.76596147,1.77999897,0.65859962,ATR_TARGET,1.95889349
VISN,2025-12-09T09:45:00-05:00,2025-12-10T15:45:00-05:00,349,19.95995875,20.06412558,36.35422529,13.45106336,ATR_STOP,0.29031012
IAUX,2025-12-09T10:45:00-05:00,2025-12-11T09:30:00-05:00,1,1.30597875,1.39874931,0.09277056,0.03432511,ATR_TARGET,1.97762002
CLOV,2025-12-10T10:00:00-05:00,2025-12-11T09:30:00-05:00,3,2.61195750,2.70940809,0.29235178,0.10817016,ATR_TARGET,1.95911749
TSLL,2025-12-10T15:00:00-05:00,2025-12-11T09:30:00-05:00,9,19.72478250,19.21740293,-4.56641614,-1.68957397,ATR_STOP,-1.02925997
PRME,2025-12-11T09:45:00-05:00,2025-12-11T09:45:00-05:00,2,4.38828875,4.19010815,-0.39636119,-0.14665364,ATR_STOP,-1.01612495
OLMA,2025-12-11T09:30:00-05:00,2025-12-11T11:00:00-05:00,231,30.23766125,32.86874035,607.77927174,224.87833054,ATR_TARGET,1.98142139
BRZE,2025-12-10T15:15:00-05:00,2025-12-11T11:15:00-05:00,1,36.67248375,35.15872400,-1.51375975,-0.56009111,ATR_STOP,-1.01774193
SLS,2025-12-10T15:15:00-05:00,2025-12-11T15:45:00-05:00,14,1.96537293,2.02684140,0.86055871,0.31840672,ATR_STOP,0.86004185
USAS,2025-12-11T11:45:00-05:00,2025-12-12T09:30:00-05:00,1355,5.46909875,5.62698780,213.93966853,79.15767736,ATR_STOP,0.74397123
VISN,2025-12-12T09:30:00-05:00,2025-12-12T09:30:00-05:00,1,20.51537500,20.18689527,-0.32847973,-0.12153750,ATR_STOP,-1.04835676
NXE,2025-12-11T09:45:00-05:00,2025-12-12T10:15:00-05:00,19,9.51212875,9.25762849,-4.83550500,-1.78913685,ATR_STOP,-1.02806860
TSLL,2025-12-12T09:45:00-05:00,2025-12-12T10:15:00-05:00,374,20.21525008,19.60280443,-229.05467095,-84.75022825,ATR_STOP,-1.02461492
SLS,2025-12-12T09:45:00-05:00,2025-12-12T10:45:00-05:00,3,2.10657875,2.02175510,-0.25447095,-0.09415425,ATR_STOP,-1.01821538
QS,2025-12-12T09:30:00-05:00,2025-12-12T11:00:00-05:00,1,12.65948750,12.33058250,-0.32890500,-0.12169485,ATR_STOP,-1.02895315
BILL,2025-12-12T12:15:00-05:00,2025-12-12T15:30:00-05:00,137,55.26641875,54.47270655,-108.73857105,-40.23327129,ATR_STOP,-1.05430888
PLUG,2025-12-12T13:00:00-05:00,2025-12-12T15:45:00-05:00,17,2.43592558,2.33207702,-1.76542539,-0.65320739,ATR_STOP,-1.01714399
BEKE,2025-12-12T15:45:00-05:00,2025-12-15T09:30:00-05:00,432,17.36301250,17.01722750,-149.37912000,-55.27027440,STOP_GAP,-3.27112312
IAUX,2025-12-15T09:45:00-05:00,2025-12-17T13:45:00-05:00,5044,1.47700692,1.50934527,163.11459736,60.35240102,ATR_STOP,0.62877602
SLS,2025-12-18T09:45:00-05:00,2025-12-18T14:45:00-05:00,3318,2.25669125,2.30674324,166.07251621,61.44683100,ATR_STOP,0.51003859
ALB,2025-12-18T15:15:00-05:00,2025-12-19T09:30:00-05:00,54,140.03494750,144.66551203,250.05048483,92.51867939,ATR_TARGET,1.95417715
RIVN,2025-12-18T15:15:00-05:00,2025-12-19T09:45:00-05:00,1,19.95495500,21.25758434,1.30262934,0.48197285,ATR_TARGET,1.97579957
SGML,2025-12-18T15:30:00-05:00,2025-12-19T09:45:00-05:00,1,11.67875250,11.95862464,0.27987214,0.10355269,ATR_STOP,0.59721950
JMIA,2025-12-19T09:45:00-05:00,2025-12-19T10:45:00-05:00,584,13.20990000,12.81841819,-228.62537412,-84.59138842,ATR_STOP,-1.02519512
MRNA,2025-12-19T10:15:00-05:00,2025-12-19T13:45:00-05:00,1,32.81459250,33.43811737,0.62352487,0.23070420,ATR_STOP,0.70076188
BTE,2025-12-22T09:45:00-05:00,2025-12-22T10:00:00-05:00,10,3.18738875,3.12169393,-0.65694821,-0.24307084,ATR_STOP,-1.03698439
SLS,2025-12-19T12:00:00-05:00,2025-12-22T11:30:00-05:00,12,2.41080675,2.60407497,2.31921858,0.85811088,ATR_TARGET,1.97997649
SLS,2025-12-22T11:45:00-05:00,2025-12-23T09:30:00-05:00,24,2.61455945,2.83433035,5.27450160,1.95156559,ATR_TARGET,1.98082596
ABCL,2025-12-23T09:45:00-05:00,2025-12-23T10:00:00-05:00,17,3.80285000,3.70247622,-1.70635421,-0.63135106,ATR_STOP,-1.02847427
JMIA,2025-12-23T11:45:00-05:00,2025-12-24T09:30:00-05:00,4,13.26994500,12.88033250,-1.55845000,-0.57662650,STOP_GAP,-1.06146238
BTU,2025-12-19T11:00:00-05:00,2025-12-26T09:30:00-05:00,242,31.16335500,30.28881885,-211.63774835,-78.30596689,ATR_STOP,-1.02668889
SOXL,2025-12-26T09:45:00-05:00,2025-12-26T10:00:00-05:00,1,44.64345750,44.00081746,-0.64264004,-0.23777682,ATR_STOP,-1.05417419
BTE,2025-12-23T14:15:00-05:00,2025-12-26T11:45:00-05:00,4,3.16237000,3.11977774,-0.17036904,-0.06303654,ATR_STOP,-1.05817517
RIVN,2025-12-24T09:30:00-05:00,2025-12-29T09:30:00-05:00,2,21.12583250,20.62452000,-1.00262500,-0.37097125,STOP_GAP,-1.28249975
ALB,2025-12-26T09:45:00-05:00,2025-12-29T09:30:00-05:00,50,148.61137500,144.61146000,-199.99575000,-73.99842750,STOP_GAP,-1.50348794
USAS,2025-12-26T14:45:00-05:00,2025-12-29T09:30:00-05:00,9,6.22026170,5.87559000,-3.10204530,-1.14775676,STOP_GAP,-2.18392512
IAUX,2025-12-19T10:15:00-05:00,2025-12-29T09:30:00-05:00,7,1.54115500,1.48161192,-0.41680154,-0.15421657,ATR_STOP,-1.01903172
NXE,2025-12-29T09:45:00-05:00,2025-12-29T09:45:00-05:00,780,9.50212125,9.32903461,-135.00758221,-49.95280542,ATR_STOP,-1.04215940
VUZI,2025-12-29T11:15:00-05:00,2025-12-30T09:30:00-05:00,2134,3.43257250,3.75740880,693.20066845,256.48424733,ATR_TARGET,1.98278580
ASTS,2025-12-30T09:45:00-05:00,2025-12-30T10:00:00-05:00,103,75.03623500,75.01562944,-2.12237289,-0.78527797,ATR_STOP,-0.00768298
AAOI,2025-12-30T10:45:00-05:00,2025-12-30T15:30:00-05:00,208,37.14784000,36.09134149,-219.75169083,-81.30812561,ATR_STOP,-1.02631491
BTE,2025-12-29T09:45:00-05:00,2025-12-30T15:45:00-05:00,1,3.19239250,3.24070256,0.04831006,0.01787472,ATR_STOP,0.94411686
BIDU,2025-12-30T15:45:00-05:00,2025-12-31T09:30:00-05:00,57,133.39997500,131.98570141,-80.61359435,-29.82702991,ATR_STOP,-1.07532149
NXE,2025-12-31T09:45:00-05:00,2025-12-31T13:45:00-05:00,809,9.33199375,9.16938369,-131.55153850,-48.67406924,ATR_STOP,-1.04419376
TSLZ,2025-12-31T09:30:00-05:00,2025-12-31T15:45:00-05:00,2,11.53864750,11.85110500,0.62491500,0.23121855,END_OF_TEST,1.49100294
TSLQ,2025-12-31T14:45:00-05:00,2025-12-31T15:45:00-05:00,415,17.96336242,18.15637250,80.09918113,29.63669702,END_OF_TEST,0.71317643
